207116
160861
156241
112867
111363
68853
68851
68850
68849
68848
68848
68847
68847
68846
68846
68839
68838
68838
68837
68837
68836
68836
68836
68835
68835
68835
68833
68832
68832
68832
68831
68831
68831
68831
68830
68830
68828
68828
68828
68827
68827
68827
68827
68826
68826
68826
68824
68823
68823
68818
68817
68817
68817
68814
68814
68814
68813
68812
68812
68811
68811
68811
68810
68810
68810
68809
68809
68808
68806
68806
68805
68805
68750
68749
68749
68749
68748
68748
68747
68747
68747
68745
68744
68744
68743
68743
68742
68742
68741
68741
68740
68740
68740
68739
68739
68738
68738
68737
68737
68696
68696
68695
68695
68695
68694
68694
68694
68694
68693
68693
68693
68693
68692
68692
68692
68692
68691
68691
68691
68690
68690
68690
68690
68689
68689
68689
68689
68688
68688
68688
68688
68687
68687
68687
68687
68686
68686
68686
68685
68684
68684
68684
68683
68683
68683
68683
68682
68682
68682
68682
68681
68681
68681
68680
68679
68678
68678
68678
68678
68677
68677
68677
68676
68676
68676
68676
68675
68675
68675
68674
68674
68674
68674
68673
68673
68672
68672
68672
68672
68671
68671
68671
68670
68670
68670
68670
68669
68669
68669
68668
68668
68668
68666
68664
68662
68661
68659
68658
68658
68657
68657
68657
68656
68656
68656
68655
68654
68653
68653
68652
68651
68651
68651
68650
68650
68650
68650
68649
68649
68649
68649
68648
68648
68648
68648
68647
68647
68645
68645
68643
68643
68643
68643
68642
68642
68642
68642
68641
68641
68641
68640
68640
68640
68640
68638
68638
68636
68636
68636
68636
68635
68635
68635
68635
68634
68634
68632
68632
68631
68631
68631
68631
68630
68630
68630
68629
68629
68628
68627
68627
68627
68627
68626
68626
68626
68625
68625
68625
68625
68624
68624
68624
68624
68623
68623
68623
68623
68622
68622
68622
68620
68620
68620
68619
68619
68619
68618
68618
68618
68618
68617
68617
68617
68617
68616
68616
68616
68616
68615
68615
68615
68615
68614
68614
68614
68614
68613
68613
68613
68613
68612
68612
68612
68612
68611
68611
68611
68611
68610
68610
68610
68610
68609
68609
68609
68609
68608
68607
68606
68606
68606
68606
68605
68605
68605
68605
68604
68604
68604
68604
68603
68603
68603
68603
68581
68581
68580
68580
68579
68579
68579
68578
68578
68577
68577
68577
68576
68576
68576
68575
68575
68575
68574
68574
68574
68573
68573
68573
68572
68572
68572
68572
68571
68571
68569
68567
68562
68561
68557
68556
68556
68555
68544
68544
68544
68543
68543
68543
68543
68542
68542
68542
68541
68541
68541
68541
68540
68540
68540
68540
68539
68539
68539
68537
68537
68536
68535
68535
68535
68535
68534
68534
68534
68533
68533
68533
68533
68532
68532
68532
68530
68530
68529
68528
68528
68528
68527
68527
68527
68527
68526
68526
68526
68526
68525
68525
68525
68525
68524
68524
68524
68524
68523
68522
68522
68521
68521
68521
68521
68520
68520
68520
68520
68519
68519
68519
68518
68518
68518
68518
68517
68517
68517
68517
68516
68516
68514
68514
68514
68514
68513
68513
68513
68513
68512
68512
68512
68512
68511
68511
68511
68510
68510
68510
68510
68509
68509
68509
68509
68508
68508
68508
68508
68507
68507
68507
68507
68506
68506
68506
68505
68505
68503
68503
68503
68503
68502
68502
68502
68502
68500
68500
68499
68499
68499
68499
68498
68498
68498
68498
68497
68497
68497
68497
68496
68496
68496
68496
68495
68495
68495
68495
68494
68494
68494
68494
68493
68493
68493
68493
68492
68492
68492
68492
68491
68491
68491
68491
68490
68490
68490
68489
68489
68489
68489
68488
68488
68488
68488
68487
68487
68487
68487
68486
68486
68486
68484
68483
68480
68478
68476
68475
68475
68474
68474
68474
68474
68473
68473
68473
68473
68472
68472
68472
68472
68471
68471
68471
68471
68469
68469
68467
68467
68467
68467
68466
68466
68466
68466
68465
68465
68465
68465
68464
68464
68464
68462
68462
68460
68460
68460
68460
68459
68459
68459
68459
68458
68458
68458
68458
68457
68457
68457
68457
68456
68456
68456
68456
68455
68454
68453
68453
68453
68453
68452
68452
68452
68452
68451
68451
68451
68451
68450
68450
68450
68450
68449
68449
68449
68449
68448
68448
68446
68446
68446
68445
68445
68445
68445
68444
68444
68444
68444
68443
68443
68443
68443
68442
68442
68442
68442
68441
68441
68440
68439
68439
68439
68439
68438
68438
68438
68437
68437
68437
68437
68437
68436
68436
68436
68435
68435
68435
68435
68433
68433
68433
68432
68432
68432
68432
68431
68431
68431
68431
68430
68430
68430
68430
68429
68429
68429
68428
68428
68428
68428
68427
68427
68427
68427
68426
68426
68426
68426
68425
68425
68425
68425
68424
68424
68424
68424
68423
68423
68423
68423
68422
68422
68422
68422
68421
68421
68421
68421
68420
68420
68420
68420
68419
68419
68419
68419
68418
68418
68418
68418
68417
68417
68417
68414
68411
68409
68408
68406
68405
68404
68404
68404
68404
68403
68403
68403
68402
68402
68402
68402
68400
68400
68398
68398
68398
68397
68397
68397
68397
68396
68396
68396
68396
68395
68395
68395
68395
68393
68393
68391
68391
68391
68390
68389
68389
68389
68389
68388
68388
68388
68388
68387
68387
68387
68387
68386
68386
68386
68386
68385
68384
68384
68383
68383
68383
68383
68382
68382
68382
68382
68381
68381
68381
68380
68380
68380
68380
68379
68379
68379
68379
68378
68378
68377
68376
68376
68376
68376
68375
68375
68375
68375
68374
68374
68374
68373
68373
68373
68373
68372
68372
68372
68372
68371
68370
68370
68368
68368
68368
68367
68367
68367
68366
68366
68366
68366
68365
68365
68365
68365
68364
68363
68363
68362
68362
68362
68361
68361
68361
68361
68360
68360
68360
68360
68359
68359
68359
68359
68358
68358
68358
68358
68357
68357
68357
68357
68356
68356
68356
68356
68355
68355
68355
68355
68354
68354
68354
68353
68353
68353
68353
68352
68352
68352
68352
68351
68351
68351
68351
68350
68350
68350
68350
68349
68349
68349
68349
68348
68348
68348
68348
68347
68347
68347
68347
68346
68346
68346
68345
68345
68345
68345
68344
68344
68344
68342
68340
68338
68337
68335
68334
68333
68333
68333
68332
68332
68331
68331
68329
68329
68329
68328
68328
68327
68327
68327
68326
68326
68326
68326
68325
68325
68325
68323
68323
68322
68321
68321
68321
68321
68320
68320
68320
68320
68319
68319
68319
68319
68318
68318
68318
68318
68317
68317
68317
68317
68315
68315
68314
68314
68314
68314
68313
68313
68313
68313
68312
68312
68312
68310
68310
68310
68310
68309
68309
68309
68309
68308
68308
68307
68306
68306
68306
68305
68305
68305
68305
68304
68304
68304
68304
68303
68303
68303
68302
68302
68302
68301
68301
68301
68299
68299
68297
68297
68297
68297
68296
68296
68296
68295
68295
68295
68295
68294
68293
68292
68292
68292
68292
68291
68291
68291
68291
68290
68290
68290
68290
68289
68289
68289
68289
68288
68288
68288
68288
68287
68287
68287
68286
68286
68286
68286
68285
68285
68285
68285
68284
68284
68284
68284
68283
68283
68283
68283
68282
68282
68282
68281
68281
68281
68281
68280
68280
68280
68280
68279
68279
68279
68278
68278
68278
68278
68277
68277
68277
68277
68276
68276
68276
68276
68275
68275
68275
68275
68274
68274
68274
68274
68273
68273
68273
68273
68272
68272
68272
68272
68271
68270
68267
68265
68264
68263
68260
68259
68258
68257
68257
68257
68257
68256
68256
68256
68256
68255
68255
68255
68255
68254
68254
68253
68252
68251
68250
68250
68250
68249
68249
68249
68249
68248
68248
68248
68248
68247
68247
68247
68247
68246
68246
68246
68246
68245
68244
68244
68243
68243
68243
68243
68242
68242
68242
68242
68241
68241
68241
68241
68240
68240
68240
68240
68239
68239
68239
68238
68238
68237
68236
68236
68236
68236
68235
68235
68235
68235
68234
68234
68234
68234
68233
68233
68233
68233
68232
68232
68232
68232
68230
68230
68228
68228
68228
68227
68227
68227
68227
68226
68226
68225
68225
68224
68224
68224
68224
68223
68223
68223
68222
68222
68222
68222
68221
68221
68221
68221
68220
68220
68220
68220
68219
68219
68219
68219
68218
68218
68218
68216
68216
68216
68215
68215
68215
68215
68214
68214
68214
68214
68213
68213
68213
68213
68212
68212
68212
68212
68211
68211
68211
68211
68210
68210
68210
68210
68209
68209
68209
68209
68208
68208
68208
68208
68207
68207
68207
68206
68206
68206
68206
68205
68205
68205
68205
68204
68204
68204
68204
68203
68203
68203
68203
68202
68202
68202
68202
68201
68201
68201
68201
68200
68200
68199
68195
68194
68192
68191
68189
68189
68189
68189
68188
68188
68188
68188
68187
68187
68187
68185
68185
68184
68183
68183
68183
68183
68182
68182
68182
68181
68181
68181
68181
68180
68180
68180
68180
68179
68179
68179
68179
68178
68177
68177
68176
68176
68176
68176
68175
68175
68175
68175
68174
68174
68174
68173
68173
68173
68173
68172
68172
68172
68172
68171
68171
68170
68169
68169
68169
68169
68168
68168
68168
68168
68167
68167
68167
68167
68166
68166
68166
68166
68165
68165
68165
68165
68163
68163
68161
68161
68161
68160
68160
68160
68158
68158
68158
68157
68157
68157
68157
68156
68156
68156
68156
68155
68155
68155
68155
68153
68153
68152
68152
68152
68152
68151
68151
68151
68151
68150
68150
68150
68150
68149
68149
68149
68149
68148
68148
68148
68148
68147
68147
68147
68147
68146
68146
68146
68146
68145
68145
68145
68145
68144
68144
68144
68144
68143
68143
68143
68142
68142
68142
68142
68141
68141
68141
68141
68140
68140
68140
68140
68139
68139
68139
68139
68138
68138
68138
68138
68137
68137
68137
68137
68136
68136
68136
68136
68135
68135
68135
68135
68134
68134
68134
68134
68133
68133
68133
68133
68132
68132
68132
68131
68131
68127
68126
68124
68123
68121
68120
68119
68119
68119
68118
68117
68116
68115
68114
68114
68114
68114
68113
68113
68113
68113
68112
68112
68112
68111
68111
68111
68111
68110
68110
68110
68110
68109
68108
68108
68107
68107
68107
68107
68106
68106
68106
68105
68105
68105
68105
68104
68104
68104
68104
68103
68103
68103
68103
68102
68102
68101
68100
68100
68100
68100
68099
68099
68099
68098
68098
68098
68098
68097
68097
68097
68097
68096
68096
68096
68096
68095
68094
68093
68092
68091
68091
68090
68090
68089
68089
68089
68089
68088
68088
68088
68087
68087
68087
68087
68087
68086
68086
68086
68086
68084
68084
68082
68082
68082
68081
68081
68081
68081
68080
68080
68080
68080
68079
68079
68079
68079
68078
68078
68078
68078
68077
68077
68077
68077
68076
68076
68076
68076
68075
68075
68075
68075
68074
68074
68074
68073
68073
68073
68073
68072
68072
68072
68072
68071
68071
68071
68071
68070
68070
68070
68070
68069
68069
68069
68069
68068
68068
68068
68068
68067
68067
68067
68067
68066
68066
68066
68066
68065
68065
68065
68065
68064
68064
68064
68064
68063
68063
68063
68063
68062
68062
68062
68061
68061
68061
68061
68060
68060
68060
68060
68059
68058
68056
68055
68052
68050
68048
68047
68046
68046
68046
68046
68045
68045
68045
68045
68044
68044
68044
68044
68043
68043
68043
68042
68042
68042
68042
68041
68040
68040
68039
68039
68039
68039
68038
68038
68038
68038
68037
68037
68037
68037
68036
68036
68036
68035
68035
68035
68035
68034
68034
68033
68032
68032
68032
68032
68031
68031
68031
68030
68030
68030
68030
68029
68029
68028
68027
68027
68027
68026
68026
68026
68025
68024
68022
68021
68021
68021
68021
68020
68020
68020
68020
68019
68019
68019
68018
68018
68018
68018
68017
68017
68017
68017
68016
68015
68015
68013
68013
68012
68012
68012
68012
68011
68011
68011
68011
68010
68010
68010
68010
68009
68009
68009
68009
68008
68008
68008
68008
68007
68007
68007
68007
68006
68006
68006
68006
68005
68005
68005
68005
68004
68004
68004
68004
68003
68003
68003
68002
68002
68002
68002
68001
68001
68001
68001
68000
68000
68000
68000
67999
67999
67999
67999
67998
67998
67998
67998
67997
67997
67997
67997
67996
67996
67996
67996
67995
67995
67995
67995
67994
67994
67994
67993
67993
67993
67993
67992
67992
67992
67992
67991
67991
67991
67991
67990
67990
67990
67990
67989
67989
67989
67989
67985
67983
67982
67979
67978
67976
67976
67976
67975
67975
67975
67975
67974
67974
67974
67974
67973
67973
67973
67973
67972
67971
67970
67970
67970
67970
67969
67969
67969
67969
67968
67968
67968
67968
67967
67967
67967
67967
67966
67966
67966
67966
67965
67965
67964
67963
67963
67963
67962
67962
67962
67962
67961
67961
67961
67961
67960
67960
67960
67960
67959
67959
67959
67959
67957
67955
67955
67953
67953
67953
67953
67952
67952
67952
67952
67951
67951
67951
67951
67950
67950
67950
67950
67949
67949
67949
67949
67948
67947
67947
67945
67945
67944
67944
67944
67944
67943
67943
67943
67943
67942
67942
67942
67942
67941
67941
67941
67941
67940
67940
67940
67940
67939
67939
67939
67939
67938
67938
67938
67938
67937
67937
67937
67937
67936
67936
67936
67936
67934
67934
67934
67933
67933
67933
67933
67932
67932
67932
67932
67931
67931
67931
67931
67930
67930
67930
67929
67929
67929
67929
67928
67928
67928
67928
67927
67927
67927
67927
67926
67926
67926
67926
67925
67925
67925
67925
67924
67924
67924
67924
67923
67923
67923
67922
67922
67922
67922
67921
67921
67921
67921
67920
67920
67920
67920
67919
67919
67919
67919
67918
67918
67918
67915
67914
67912
67911
67909
67907
67907
67906
67906
67906
67905
67905
67905
67905
67904
67903
67903
67902
67902
67902
67902
67901
67901
67901
67901
67900
67900
67900
67900
67899
67899
67899
67898
67898
67898
67898
67897
67897
67896
67895
67895
67895
67895
67894
67894
67894
67893
67893
67893
67893
67892
67892
67892
67892
67891
67890
67889
67889
67889
67887
67887
67886
67885
67885
67885
67885
67884
67884
67884
67884
67883
67883
67883
67883
67882
67882
67882
67882
67881
67881
67881
67881
67879
67879
67877
67877
67877
67877
67876
67876
67876
67875
67875
67875
67875
67874
67874
67874
67874
67872
67872
67872
67871
67871
67871
67871
67870
67870
67870
67870
67869
67869
67869
67869
67868
67868
67868
67868
67867
67867
67867
67867
67866
67866
67866
67866
67865
67865
67865
67865
67864
67864
67864
67864
67863
67863
67863
67863
67862
67862
67862
67862
67861
67861
67861
67860
67860
67860
67860
67859
67859
67859
67859
67858
67858
67858
67858
67857
67857
67857
67857
67856
67856
67856
67855
67855
67855
67855
67854
67854
67854
67854
67853
67853
67853
67853
67852
67852
67852
67852
67851
67851
67851
67848
67848
67848
67847
67847
67847
67847
67846
67846
67843
67842
67840
67839
67837
67836
67835
67835
67835
67833
67833
67833
67832
67832
67832
67831
67831
67831
67831
67830
67830
67830
67830
67830
67829
67829
67829
67828
67828
67828
67828
67827
67826
67825
67825
67825
67825
67824
67824
67824
67824
67823
67823
67823
67823
67822
67821
67821
67820
67820
67820
67820
67819
67818
67818
67816
67816
67816
67815
67815
67815
67814
67814
67814
67814
67813
67813
67813
67813
67812
67812
67812
67812
67811
67811
67811
67810
67809
67808
67808
67807
67807
67807
67807
67806
67806
67806
67806
67805
67805
67805
67805
67804
67803
67802
67802
67802
67802
67801
67801
67801
67801
67800
67800
67800
67800
67799
67799
67799
67799
67798
67798
67798
67798
67797
67797
67797
67797
67796
67796
67796
67796
67795
67795
67795
67795
67794
67794
67794
67793
67793
67793
67793
67792
67792
67792
67792
67791
67791
67791
67791
67790
67790
67790
67790
67789
67789
67789
67789
67788
67788
67788
67788
67787
67787
67787
67787
67786
67786
67786
67786
67785
67785
67785
67785
67784
67784
67784
67784
67783
67783
67783
67783
67782
67781
67780
67780
67780
67780
67779
67779
67779
67778
67778
67778
67778
67777
67777
67777
67777
67776
67776
67775
67773
67772
67769
67767
67766
67765
67765
67765
67764
67764
67764
67764
67763
67763
67763
67763
67762
67762
67762
67762
67761
67761
67761
67761
67760
67759
67759
67758
67758
67758
67758
67757
67757
67757
67757
67756
67754
67754
67754
67754
67753
67753
67753
67752
67752
67752
67751
67750
67749
67748
67748
67748
67748
67747
67747
67747
67747
67746
67746
67746
67746
67745
67745
67744
67744
67743
67743
67743
67742
67741
67741
67739
67739
67739
67738
67738
67738
67737
67737
67737
67737
67736
67736
67736
67736
67735
67733
67733
67732
67732
67732
67732
67731
67731
67731
67731
67730
67730
67730
67730
67729
67729
67729
67729
67728
67728
67728
67728
67727
67727
67727
67727
67726
67726
67726
67725
67725
67725
67725
67724
67724
67724
67724
67723
67723
67723
67723
67722
67722
67722
67722
67721
67721
67721
67721
67720
67720
67720
67720
67719
67719
67719
67719
67718
67718
67718
67718
67717
67717
67717
67717
67716
67716
67716
67715
67715
67715
67715
67714
67714
67714
67714
67713
67713
67712
67711
67711
67711
67711
67710
67710
67710
67710
67709
67709
67709
67708
67708
67708
67708
67707
67707
67707
67707
67706
67706
67706
67706
67705
67705
67705
67703
67702
67700
67699
67697
67695
67695
67695
67695
67694
67694
67694
67694
67693
67693
67693
67693
67692
67692
67692
67690
67690
67690
67689
67689
67689
67689
67688
67687
67687
67686
67686
67686
67686
67685
67685
67685
67685
67684
67684
67684
67682
67682
67681
67680
67680
67680
67680
67679
67679
67679
67679
67678
67678
67678
67678
67677
67677
67677
67677
67676
67676
67676
67676
67674
67674
67672
67672
67672
67671
67671
67671
67671
67670
67670
67670
67670
67669
67669
67669
67669
67667
67667
67667
67666
67666
67666
67666
67665
67665
67665
67665
67664
67664
67664
67663
67663
67663
67663
67662
67662
67662
67662
67661
67660
67660
67659
67659
67659
67659
67658
67658
67658
67657
67657
67657
67657
67656
67656
67656
67656
67655
67655
67655
67654
67654
67654
67654
67652
67652
67652
67651
67651
67651
67651
67650
67650
67650
67650
67649
67649
67649
67648
67648
67648
67648
67647
67647
67647
67647
67646
67646
67646
67646
67645
67645
67644
67643
67643
67643
67643
67642
67642
67642
67642
67641
67641
67640
67640
67639
67639
67639
67639
67638
67638
67638
67638
67637
67637
67637
67637
67636
67636
67636
67636
67635
67635
67635
67635
67634
67634
67634
67632
67630
67629
67627
67626
67624
67624
67623
67623
67623
67623
67622
67622
67622
67620
67620
67620
67620
67619
67618
67618
67618
67617
67617
67617
67617
67616
67616
67616
67616
67615
67615
67615
67614
67614
67613
67612
67611
67611
67611
67610
67610
67610
67609
67609
67609
67609
67608
67608
67608
67608
67607
67607
67607
67607
67606
67606
67606
67604
67604
67603
67602
67602
67602
67602
67601
67601
67601
67601
67600
67600
67600
67600
67599
67599
67598
67562
67561
67561
67561
67561
67560
67560
67560
67560
67559
67559
67559
67559
67558
67558
67558
67557
67557
67557
67557
67556
67556
67553
67553
67553
67552
67552
67552
67552
67551
67551
67551
67551
67550
67550
67550
67550
67549
67549
67549
67549
67548
67548
67548
67548
67547
67547
67547
67547
67546
67546
67546
67546
67545
67545
67545
67545
67544
67544
67544
67543
67543
67543
67543
67542
67542
67542
67542
67541
67541
67541
67539
67539
67539
67538
67538
67538
67538
67537
67537
67537
67537
67536
67536
67536
67536
67535
67535
67535
67534
67534
67534
67534
67533
67533
67533
67533
67532
67532
67532
67532
67531
67531
67531
67531
67530
67530
67530
67530
67529
67529
67529
67529
67528
67528
67528
67524
67522
67521
67519
67517
67516
67516
67515
67514
67513
67512
67511
67511
67511
67510
67510
67510
67510
67509
67509
67509
67509
67508
67508
67508
67507
67507
67507
67507
67505
67505
67504
67503
67503
67503
67503
67502
67502
67502
67502
67501
67501
67501
67500
67500
67500
67500
67499
67499
67499
67499
67498
67497
67497
67496
67495
67495
67495
67494
67494
67494
67494
67493
67493
67493
67493
67492
67492
67492
67490
67490
67490
67490
67489
67489
67489
67489
67488
67488
67488
67488
67487
67487
67487
67487
67486
67486
67486
67486
67485
67485
67485
67483
67483
67483
67483
67482
67482
67481
67481
67481
67481
67480
67480
67480
67480
67479
67479
67479
67479
67478
67478
67478
67478
67477
67477
67477
67477
67476
67476
67476
67476
67475
67475
67475
67475
67474
67474
67474
67474
67473
67473
67473
67473
67472
67472
67472
67471
67470
67470
67469
67469
67469
67468
67468
67468
67468
67468
67467
67467
67467
67466
67466
67466
67466
67465
67465
67465
67465
67464
67464
67464
67464
67463
67463
67463
67463
67462
67462
67462
67462
67461
67461
67461
67461
67460
67460
67460
67460
67459
67459
67459
67459
67458
67458
67458
67458
67457
67457
67457
67457
67456
67455
67453
67450
67449
67447
67446
67446
67445
67445
67445
67445
67444
67444
67444
67443
67443
67443
67443
67442
67442
67442
67442
67441
67440
67439
67438
67438
67437
67437
67437
67437
67436
67436
67436
67436
67435
67435
67435
67435
67434
67434
67434
67434
67433
67433
67433
67431
67431
67430
67429
67429
67429
67429
67428
67428
67428
67428
67427
67427
67427
67427
67426
67426
67424
67423
67423
67422
67422
67422
67422
67421
67421
67421
67421
67420
67420
67420
67420
67419
67419
67419
67419
67418
67418
67418
67418
67415
67415
67415
67414
67414
67414
67413
67413
67413
67413
67412
67412
67412
67412
67411
67411
67411
67411
67410
67410
67410
67408
67408
67408
67407
67407
67407
67407
67406
67406
67406
67406
67405
67405
67405
67405
67404
67404
67404
67404
67403
67403
67403
67401
67401
67400
67400
67400
67399
67399
67399
67399
67398
67398
67398
67398
67397
67397
67397
67397
67396
67396
67396
67396
67395
67395
67395
67395
67394
67394
67394
67394
67393
67393
67393
67393
67392
67392
67392
67392
67391
67391
67391
67391
67390
67390
67390
67390
67389
67389
67389
67389
67388
67388
67388
67388
67387
67387
67387
67386
67386
67386
67386
67385
67385
67385
67383
67381
67379
67378
67376
67375
67375
67374
67374
67374
67373
67373
67373
67373
67372
67372
67372
67370
67370
67368
67368
67368
67368
67367
67367
67367
67366
67366
67366
67366
67365
67365
67365
67365
67364
67364
67364
67364
67363
67363
67362
67361
67360
67360
67359
67359
67359
67359
67358
67358
67358
67358
67357
67357
67357
67357
67356
67355
67355
67354
67354
67354
67354
67353
67353
67353
67353
67352
67352
67352
67352
67351
67351
67351
67351
67350
67350
67350
67350
67349
67348
67347
67347
67346
67346
67346
67346
67345
67345
67345
67345
67344
67344
67344
67344
67343
67343
67343
67343
67342
67342
67340
67340
67339
67338
67338
67338
67338
67337
67337
67337
67337
67336
67336
67336
67336
67335
67335
67335
67335
67333
67333
67333
67332
67332
67332
67331
67331
67330
67329
67329
67329
67329
67328
67328
67328
67327
67327
67327
67327
67326
67326
67326
67326
67325
67325
67325
67325
67324
67324
67324
67323
67323
67323
67323
67322
67322
67322
67322
67321
67321
67321
67321
67320
67320
67320
67320
67319
67319
67319
67319
67318
67318
67318
67318
67317
67317
67317
67317
67316
67316
67316
67316
67315
67315
67315
67315
67314
67314
67314
67314
67313
67312
67310
67309
67307
67306
67304
67304
67304
67303
67303
67303
67301
67301
67300
67299
67299
67299
67299
67298
67298
67298
67298
67297
67297
67297
67297
67296
67296
67296
67296
67295
67295
67295
67294
67293
67293
67291
67291
67291
67290
67290
67290
67290
67289
67289
67289
67289
67288
67288
67288
67288
67286
67286
67285
67285
67285
67285
67284
67284
67284
67284
67283
67283
67283
67282
67282
67282
67282
67281
67281
67281
67281
67280
67280
67278
67278
67278
67278
67277
67277
67277
67277
67276
67276
67276
67276
67275
67275
67275
67275
67274
67274
67274
67274
67273
67270
67270
67269
67268
67268
67268
67268
67267
67267
67267
67267
67266
67266
67266
67266
67265
67264
67263
67263
67263
67263
67262
67262
67262
67261
67261
67261
67261
67260
67260
67260
67260
67259
67259
67259
67259
67258
67258
67258
67258
67257
67257
67257
67257
67256
67256
67256
67256
67255
67255
67255
67254
67254
67254
67254
67253
67253
67253
67253
67252
67252
67252
67252
67251
67251
67251
67251
67250
67250
67250
67250
67249
67249
67249
67249
67248
67248
67248
67248
67247
67247
67247
67247
67246
67246
67246
67246
67245
67245
67245
67245
67244
67244
67244
67244
67243
67243
67240
67238
67237
67235
67233
67231
67231
67229
67229
67229
67229
67228
67228
67228
67227
67227
67227
67227
67226
67226
67226
67226
67225
67225
67225
67225
67224
67224
67223
67222
67221
67221
67220
67220
67220
67220
67219
67219
67219
67218
67218
67218
67218
67217
67217
67216
67215
67215
67215
67215
67214
67214
67214
67214
67213
67213
67213
67213
67212
67212
67212
67211
67211
67211
67211
67210
67210
67210
67208
67208
67208
67207
67207
67207
67207
67206
67206
67206
67206
67205
67205
67205
67204
67204
67204
67204
67203
67203
67203
67201
67201
67199
67199
67199
67199
67198
67198
67198
67198
67197
67197
67197
67195
67195
67195
67194
67194
67194
67194
67193
67193
67193
67193
67192
67192
67192
67191
67191
67191
67191
67190
67190
67190
67190
67189
67189
67189
67189
67188
67188
67188
67188
67187
67187
67187
67187
67186
67186
67186
67186
67185
67185
67185
67185
67184
67184
67184
67184
67183
67183
67183
67183
67182
67182
67182
67182
67181
67181
67181
67180
67180
67180
67180
67180
67179
67179
67179
67179
67178
67178
67178
67178
67177
67177
67177
67176
67176
67176
67176
67176
67175
67175
67175
67174
67174
67174
67174
67173
67173
67173
67173
67172
67171
67168
67167
67165
67163
67162
67161
67161
67161
67161
67160
67160
67160
67160
67159
67159
67159
67159
67158
67158
67158
67158
67156
67156
67154
67154
67154
67153
67153
67153
67153
67152
67152
67152
67152
67151
67151
67151
67151
67149
67149
67149
67148
67148
67148
67148
67147
67147
67147
67147
67146
67146
67146
67146
67145
67145
67145
67145
67144
67144
67144
67144
67142
67142
67140
67140
67140
67139
67139
67139
67139
67138
67138
67138
67137
67137
67137
67137
67136
67136
67136
67136
67135
67133
67132
67131
67131
67130
67130
67130
67130
67129
67129
67128
67128
67127
67127
67127
67127
67126
67126
67126
67126
67125
67125
67125
67123
67123
67122
67122
67122
67122
67121
67121
67121
67121
67120
67120
67120
67120
67119
67119
67119
67119
67118
67118
67118
67118
67117
67117
67117
67117
67116
67116
67116
67116
67115
67115
67115
67115
67114
67114
67114
67114
67113
67113
67113
67113
67112
67112
67112
67111
67111
67111
67111
67111
67110
67110
67110
67109
67109
67109
67109
67108
67108
67108
67108
67107
67107
67107
67107
67106
67106
67106
67106
67105
67105
67105
67104
67104
67104
67104
67103
67103
67103
67103
67102
67102
67102
67102
67101
67101
67099
67098
67097
67095
67093
67092
67091
67091
67091
67091
67090
67090
67090
67090
67089
67089
67088
67087
67086
67086
67085
67085
67085
67085
67084
67084
67084
67084
67083
67083
67083
67083
67082
67081
67080
67080
67080
67080
67079
67079
67079
67079
67078
67078
67078
67078
67077
67077
67077
67077
67076
67076
67076
67076
67075
67075
67073
67073
67073
67073
67072
67072
67072
67072
67071
67071
67071
67071
67070
67070
67070
67070
67069
67069
67069
67069
67068
67067
67066
67065
67065
67065
67064
67064
67063
67062
67062
67062
67062
67061
67061
67061
67060
67060
67060
67060
67059
67059
67059
67059
67057
67057
67055
67055
67055
67055
67054
67054
67054
67054
67053
67053
67053
67053
67052
67052
67052
67051
67051
67051
67051
67050
67050
67050
67050
67049
67049
67049
67047
67047
67047
67046
67046
67046
67046
67045
67045
67045
67045
67044
67044
67044
67044
67043
67043
67043
67043
67042
67042
67042
67042
67041
67041
67041
67040
67040
67040
67040
67039
67039
67039
67039
67038
67038
67038
67038
67037
67037
67037
67037
67036
67036
67036
67036
67035
67035
67035
67035
67034
67034
67034
67034
67033
67033
67033
67033
67032
67032
67032
67032
67031
67031
67029
67028
67026
67025
67023
67022
67022
67021
67021
67021
67019
67019
67018
67017
67017
67017
67017
67016
67016
67016
67016
67015
67015
67015
67015
67014
67014
67013
67012
67012
67012
67011
67011
67011
67011
67010
67010
67010
67010
67009
67009
67009
67009
67008
67008
67008
67008
67007
67007
67007
67005
67005
67005
67005
67004
67004
67004
67003
67003
67003
67003
67002
67002
67002
67002
67001
67001
67001
67001
67000
67000
66999
66998
66996
66995
66994
66994
66994
66993
66993
66993
66993
66992
66992
66992
66992
66991
66991
66991
66991
66990
66990
66990
66990
66988
66988
66986
66986
66986
66986
66985
66985
66985
66985
66984
66984
66984
66984
66983
66983
66983
66982
66982
66982
66982
66981
66981
66981
66981
66980
66980
66980
66980
66979
66979
66979
66979
66978
66978
66978
66978
66977
66977
66977
66977
66976
66976
66976
66975
66975
66975
66975
66974
66974
66974
66974
66973
66973
66973
66973
66972
66972
66972
66972
66971
66971
66971
66970
66970
66970
66970
66969
66969
66969
66969
66969
66968
66968
66968
66967
66967
66967
66967
66966
66966
66966
66966
66965
66965
66965
66965
66964
66964
66964
66964
66963
66963
66963
66963
66962
66962
66962
66959
66958
66954
66952
66950
66949
66947
66947
66947
66946
66946
66946
66946
66945
66945
66945
66945
66944
66944
66944
66944
66942
66942
66942
66941
66941
66941
66941
66940
66940
66940
66940
66939
66939
66939
66939
66938
66938
66938
66937
66937
66937
66937
66936
66935
66935
66934
66934
66934
66934
66933
66933
66933
66933
66932
66932
66932
66932
66931
66931
66931
66931
66930
66930
66930
66928
66926
66925
66925
66924
66924
66924
66923
66923
66923
66923
66922
66922
66922
66922
66921
66921
66921
66921
66920
66920
66920
66920
66918
66918
66916
66916
66916
66916
66915
66915
66915
66915
66914
66914
66914
66913
66913
66913
66913
66912
66912
66912
66912
66911
66911
66911
66911
66910
66910
66910
66910
66909
66909
66909
66909
66908
66908
66908
66908
66907
66907
66907
66907
66906
66906
66906
66906
66905
66905
66905
66905
66904
66904
66904
66904
66903
66903
66903
66903
66902
66902
66902
66902
66901
66901
66901
66901
66900
66900
66900
66899
66899
66899
66899
66898
66898
66898
66898
66897
66897
66897
66897
66896
66896
66896
66896
66895
66895
66895
66895
66894
66894
66894
66894
66893
66893
66893
66892
66892
66892
66892
66891
66891
66891
66891
66890
66888
66887
66885
66884
66882
66881
66881
66880
66880
66880
66880
66879
66879
66879
66879
66877
66877
66877
66876
66876
66876
66876
66875
66875
66875
66875
66874
66874
66874
66874
66873
66873
66873
66873
66872
66872
66872
66872
66870
66870
66870
66869
66869
66869
66868
66868
66868
66868
66867
66867
66867
66867
66866
66866
66866
66866
66865
66864
66864
66862
66862
66860
66859
66859
66858
66857
66857
66857
66857
66856
66856
66856
66855
66855
66855
66855
66854
66854
66854
66854
66853
66853
66852
66851
66850
66850
66849
66849
66849
66848
66848
66848
66847
66847
66847
66847
66846
66846
66846
66846
66845
66845
66845
66845
66844
66843
66843
66842
66842
66842
66842
66841
66841
66841
66841
66840
66840
66840
66840
66839
66839
66839
66839
66838
66838
66838
66838
66837
66837
66837
66837
66836
66836
66836
66836
66835
66835
66835
66835
66834
66834
66834
66834
66833
66833
66833
66833
66832
66832
66832
66831
66831
66831
66831
66830
66830
66830
66830
66829
66829
66829
66828
66828
66828
66828
66827
66827
66827
66827
66826
66826
66826
66826
66825
66825
66825
66825
66824
66824
66824
66824
66823
66823
66823
66823
66821
66821
66820
66820
66820
66820
66819
66818
66816
66815
66813
66812
66811
66810
66810
66810
66808
66808
66808
66807
66807
66807
66807
66806
66806
66806
66806
66805
66805
66805
66805
66804
66804
66804
66804
66803
66803
66803
66802
66801
66801
66800
66800
66800
66800
66799
66799
66799
66799
66798
66798
66798
66798
66797
66797
66795
66795
66795
66795
66794
66793
66792
66791
66790
66790
66790
66790
66789
66789
66789
66789
66788
66788
66788
66788
66787
66787
66787
66787
66786
66786
66786
66786
66784
66784
66782
66782
66782
66781
66781
66781
66781
66780
66780
66780
66780
66779
66779
66779
66779
66778
66778
66778
66778
66777
66777
66776
66775
66775
66775
66774
66774
66774
66774
66773
66773
66773
66773
66772
66772
66772
66772
66771
66771
66771
66771
66770
66770
66770
66770
66769
66769
66769
66769
66768
66767
66766
66766
66766
66766
66765
66765
66765
66765
66764
66764
66764
66764
66763
66763
66763
66763
66762
66762
66762
66762
66761
66761
66761
66761
66760
66760
66760
66760
66759
66759
66759
66759
66758
66758
66758
66757
66757
66757
66757
66756
66756
66756
66756
66755
66755
66755
66755
66753
66753
66752
66752
66752
66752
66751
66751
66751
66750
66750
66750
66750
66749
66749
66749
66747
66745
66744
66728
66726
66725
66724
66724
66724
66723
66723
66722
66722
66722
66722
66721
66721
66721
66721
66720
66720
66720
66720
66719
66719
66719
66717
66717
66717
66716
66716
66716
66716
66715
66715
66715
66715
66714
66714
66712
66712
66712
66712
66711
66711
66711
66711
66708
66708
66706
66706
66706
66705
66705
66705
66705
66704
66704
66704
66704
66703
66703
66703
66703
66702
66702
66702
66702
66701
66701
66700
66699
66698
66698
66697
66697
66697
66697
66696
66696
66696
66696
66695
66695
66695
66695
66694
66694
66694
66693
66693
66693
66693
66691
66691
66690
66690
66690
66690
66689
66689
66689
66689
66688
66688
66688
66688
66687
66687
66687
66687
66686
66686
66686
66686
66685
66685
66685
66685
66684
66684
66684
66683
66683
66683
66683
66682
66682
66682
66681
66681
66681
66681
66680
66680
66680
66680
66679
66679
66679
66679
66678
66678
66678
66677
66677
66677
66677
66676
66676
66676
66676
66675
66675
66675
66675
66674
66674
66674
66674
66673
66673
66673
66673
66672
66672
66672
66670
66670
66670
66670
66669
66669
66669
66669
66668
66668
66668
66667
66667
66667
66667
66666
66666
66666
66666
66665
66665
66665
66665
66664
66664
66661
66660
66659
66656
66654
66653
66653
66652
66652
66652
66652
66651
66651
66651
66651
66650
66650
66650
66650
66649
66648
66648
66647
66644
66644
66644
66644
66643
66643
66643
66641
66641
66641
66641
66640
66640
66640
66639
66639
66639
66639
66637
66637
66635
66635
66635
66634
66634
66634
66634
66633
66633
66633
66633
66632
66632
66632
66632
66631
66631
66631
66631
66630
66630
66629
66628
66627
66627
66626
66626
66626
66625
66625
66625
66625
66624
66624
66624
66624
66623
66623
66623
66623
66622
66622
66622
66622
66620
66620
66620
66619
66619
66619
66618
66618
66618
66618
66617
66617
66617
66617
66616
66616
66616
66616
66615
66615
66615
66615
66614
66614
66614
66614
66613
66613
66613
66613
66612
66612
66612
66612
66611
66611
66611
66611
66610
66610
66610
66610
66609
66609
66609
66609
66608
66608
66608
66607
66607
66607
66607
66606
66606
66606
66606
66605
66605
66605
66605
66604
66604
66604
66604
66603
66603
66603
66603
66602
66602
66601
66600
66600
66600
66600
66599
66599
66599
66599
66598
66598
66598
66584
66584
66584
66583
66583
66583
66583
66582
66582
66582
66582
66581
66581
66580
66580
66580
66580
66579
66579
66579
66579
66578
66577
66575
66573
66572
66570
66569
66568
66568
66568
66568
66567
66567
66567
66567
66565
66565
66565
66564
66564
66564
66564
66562
66562
66562
66561
66561
66561
66560
66560
66560
66560
66559
66559
66559
66559
66557
66557
66554
66554
66554
66554
66553
66553
66553
66553
66552
66552
66552
66552
66551
66551
66551
66551
66550
66550
66550
66550
66549
66548
66547
66546
66546
66546
66545
66544
66543
66543
66543
66543
66542
66542
66542
66542
66541
66541
66541
66541
66540
66540
66540
66540
66538
66538
66538
66537
66537
66537
66536
66536
66536
66536
66535
66535
66535
66535
66534
66534
66534
66532
66532
66532
66532
66531
66531
66531
66531
66530
66530
66530
66530
66529
66529
66529
66529
66528
66528
66528
66527
66527
66527
66527
66526
66526
66526
66526
66525
66525
66525
66525
66524
66524
66524
66524
66523
66523
66523
66523
66522
66522
66522
66522
66521
66521
66521
66521
66520
66520
66520
66520
66518
66518
66517
66517
66517
66517
66516
66516
66516
66516
66515
66515
66515
66515
66514
66514
66514
66514
66513
66513
66513
66513
66512
66512
66512
66512
66511
66511
66511
66511
66510
66510
66510
66510
66509
66509
66509
66509
66508
66508
66508
66507
66507
66505
66504
66502
66501
66500
66498
66498
66498
66496
66496
66496
66495
66494
66493
66493
66493
66493
66492
66492
66492
66492
66491
66491
66491
66490
66490
66490
66489
66489
66487
66487
66486
66485
66485
66485
66485
66484
66484
66484
66484
66483
66483
66483
66483
66482
66482
66482
66481
66481
66481
66481
66480
66479
66479
66477
66477
66477
66476
66476
66476
66476
66475
66475
66475
66475
66474
66474
66474
66474
66473
66473
66473
66473
66472
66472
66471
66470
66470
66470
66470
66469
66469
66469
66468
66468
66468
66467
66467
66467
66467
66466
66466
66465
66464
66464
66464
66464
66463
66463
66463
66463
66462
66462
66462
66462
66461
66461
66461
66461
66460
66460
66460
66460
66459
66459
66459
66459
66458
66458
66458
66458
66457
66457
66457
66457
66456
66456
66456
66454
66454
66454
66453
66453
66453
66452
66452
66452
66452
66451
66451
66450
66449
66449
66449
66449
66448
66448
66448
66448
66447
66447
66447
66447
66446
66446
66446
66446
66445
66445
66445
66444
66444
66444
66444
66443
66443
66443
66443
66442
66442
66442
66442
66441
66441
66441
66441
66440
66440
66440
66440
66439
66439
66439
66439
66438
66438
66438
66438
66437
66437
66437
66437
66435
66433
66431
66430
66427
66426
66426
66425
66425
66425
66425
66424
66424
66424
66424
66423
66423
66423
66423
66422
66422
66422
66421
66420
66420
66417
66417
66417
66416
66416
66416
66416
66415
66415
66415
66414
66414
66414
66414
66413
66413
66413
66413
66412
66412
66412
66410
66410
66409
66408
66408
66408
66408
66407
66407
66407
66407
66406
66406
66406
66406
66405
66405
66405
66404
66404
66404
66404
66403
66402
66402
66401
66401
66401
66401
66400
66400
66400
66400
66399
66399
66399
66399
66398
66398
66398
66396
66396
66396
66396
66395
66395
66395
66395
66394
66394
66394
66394
66393
66393
66393
66393
66392
66392
66392
66392
66391
66390
66389
66389
66389
66389
66388
66388
66388
66388
66387
66387
66387
66387
66386
66386
66386
66386
66385
66385
66385
66385
66384
66384
66384
66382
66382
66382
66381
66381
66381
66381
66380
66380
66380
66380
66379
66379
66379
66379
66378
66378
66378
66378
66377
66377
66377
66377
66376
66376
66376
66376
66375
66375
66375
66375
66374
66374
66374
66374
66373
66373
66373
66373
66372
66372
66372
66372
66371
66371
66371
66371
66370
66370
66370
66370
66369
66369
66369
66368
66368
66368
66368
66367
66367
66367
66364
66363
66361
66360
66359
66357
66357
66356
66356
66356
66355
66355
66355
66355
66354
66354
66354
66352
66352
66351
66350
66350
66350
66350
66349
66349
66349
66349
66348
66348
66348
66348
66347
66347
66347
66347
66346
66346
66346
66346
66344
66344
66342
66342
66342
66341
66341
66341
66341
66340
66340
66340
66340
66339
66339
66339
66339
66338
66338
66338
66338
66337
66337
66336
66335
66335
66335
66334
66334
66334
66334
66333
66333
66333
66333
66332
66332
66332
66332
66331
66330
66330
66329
66329
66329
66329
66328
66328
66328
66328
66327
66327
66327
66327
66326
66326
66326
66325
66325
66325
66325
66323
66323
66321
66321
66321
66321
66320
66320
66320
66320
66319
66319
66319
66318
66318
66318
66318
66317
66317
66317
66317
66315
66315
66314
66314
66314
66314
66313
66313
66313
66313
66312
66312
66312
66312
66311
66311
66311
66311
66310
66310
66310
66310
66309
66309
66309
66308
66308
66308
66308
66307
66307
66307
66307
66306
66306
66306
66306
66305
66305
66305
66305
66304
66304
66304
66304
66303
66303
66303
66303
66302
66302
66302
66302
66301
66301
66301
66301
66300
66300
66300
66300
66299
66299
66299
66299
66298
66298
66298
66297
66297
66296
66294
66293
66291
66290
66287
66287
66287
66287
66286
66286
66285
66284
66283
66283
66282
66282
66282
66282
66281
66281
66281
66280
66280
66280
66280
66279
66279
66279
66279
66279
66278
66278
66278
66275
66275
66273
66273
66273
66273
66272
66272
66272
66271
66271
66271
66271
66270
66270
66270
66270
66269
66269
66269
66269
66268
66268
66267
66266
66266
66266
66266
66265
66265
66263
66263
66263
66263
66262
66262
66262
66262
66261
66261
66260
66259
66259
66259
66258
66258
66258
66258
66257
66257
66257
66257
66256
66256
66256
66256
66255
66255
66255
66255
66254
66253
66252
66251
66251
66250
66250
66250
66250
66249
66249
66248
66248
66248
66248
66247
66247
66247
66247
66245
66245
66244
66244
66244
66244
66243
66243
66243
66243
66242
66242
66242
66242
66241
66241
66241
66241
66240
66240
66240
66239
66239
66239
66239
66238
66238
66238
66238
66237
66237
66237
66237
66236
66236
66236
66236
66235
66235
66235
66234
66234
66234
66234
66233
66233
66233
66233
66232
66232
66232
66232
66231
66231
66231
66231
66230
66230
66230
66230
66229
66229
66229
66229
66228
66228
66228
66228
66227
66227
66227
66227
66226
66226
66226
66226
66225
66225
66225
66223
66222
66220
66219
66217
66215
66215
66213
66213
66213
66213
66212
66212
66212
66211
66211
66211
66211
66210
66210
66210
66210
66209
66209
66209
66209
66208
66208
66207
66206
66205
66204
66204
66204
66204
66203
66203
66203
66203
66202
66202
66202
66201
66201
66201
66201
66200
66200
66200
66200
66199
66198
66198
66197
66197
66197
66197
66196
66196
66196
66196
66195
66195
66195
66195
66194
66194
66194
66192
66192
66192
66192
66191
66191
66191
66191
66190
66190
66190
66189
66189
66189
66189
66188
66188
66188
66188
66187
66187
66186
66185
66184
66184
66183
66183
66183
66183
66182
66182
66182
66182
66181
66181
66181
66179
66179
66179
66178
66178
66178
66178
66177
66177
66177
66177
66176
66176
66176
66176
66175
66175
66175
66175
66174
66174
66174
66174
66173
66172
66171
66171
66171
66171
66170
66170
66170
66170
66169
66169
66169
66169
66168
66168
66168
66168
66167
66167
66167
66167
66166
66166
66166
66166
66165
66165
66165
66165
66164
66164
66164
66163
66163
66163
66163
66162
66162
66162
66162
66161
66161
66161
66161
66160
66160
66160
66160
66159
66159
66159
66159
66158
66158
66158
66158
66157
66157
66157
66157
66156
66156
66156
66156
66154
66151
66150
66148
66147
66145
66145
66145
66145
66144
66144
66144
66143
66143
66143
66143
66142
66142
66142
66142
66141
66141
66138
66138
66137
66136
66136
66136
66136
66135
66135
66135
66135
66134
66134
66133
66133
66133
66132
66132
66132
66132
66131
66131
66131
66129
66129
66129
66129
66128
66128
66128
66128
66127
66127
66127
66127
66126
66126
66126
66126
66125
66124
66124
66123
66123
66123
66123
66122
66122
66122
66122
66121
66121
66121
66120
66120
66120
66120
66119
66119
66119
66119
66117
66117
66116
66115
66115
66115
66114
66114
66113
66113
66113
66113
66111
66111
66111
66110
66110
66110
66110
66109
66109
66109
66109
66107
66107
66107
66106
66106
66106
66106
66105
66105
66105
66105
66104
66104
66104
66104
66103
66103
66103
66103
66102
66102
66102
66102
66101
66101
66101
66101
66100
66100
66100
66100
66099
66099
66099
66099
66098
66098
66098
66098
66097
66097
66097
66096
66096
66096
66096
66095
66095
66095
66095
66094
66094
66094
66094
66093
66093
66093
66093
66092
66092
66092
66092
66091
66091
66091
66091
66090
66090
66090
66090
66089
66089
66089
66089
66088
66088
66088
66087
66087
66087
66087
66086
66086
66086
66086
66085
66082
66080
66079
66077
66076
66074
66074
66074
66073
66073
66073
66073
66072
66072
66072
66072
66070
66070
66068
66068
66068
66068
66067
66067
66067
66067
66066
66066
66066
66066
66065
66065
66065
66064
66064
66064
66064
66063
66063
66062
66061
66061
66061
66060
66060
66060
66060
66059
66059
66059
66059
66058
66058
66058
66058
66057
66056
66056
66055
66055
66055
66054
66054
66054
66054
66053
66053
66053
66053
66052
66052
66052
66052
66051
66051
66051
66050
66049
66049
66047
66047
66047
66046
66046
66046
66046
66044
66044
66043
66043
66043
66043
66042
66042
66042
66042
66041
66041
66041
66040
66039
66039
66037
66037
66037
66036
66036
66036
66035
66035
66035
66035
66034
66034
66034
66034
66033
66033
66033
66033
66032
66032
66032
66032
66031
66031
66031
66030
66030
66030
66030
66029
66029
66029
66029
66028
66028
66028
66028
66027
66027
66027
66027
66026
66026
66026
66026
66025
66025
66025
66025
66024
66024
66023
66023
66023
66022
66022
66022
66022
66021
66021
66021
66021
66020
66020
66020
66020
66019
66019
66019
66019
66018
66018
66018
66018
66017
66017
66017
66017
66016
66016
66016
66015
66015
66015
66015
66014
66014
66014
66014
66013
66012
66010
66009
66007
66006
66005
66004
66004
66004
66003
66002
66002
65999
65999
65999
65998
65998
65998
65998
65997
65997
65997
65997
65996
65996
65996
65996
65995
65995
65995
65995
65994
65994
65992
65992
65992
65992
65991
65991
65991
65991
65990
65990
65990
65990
65989
65989
65989
65989
65988
65987
65986
65986
65986
65986
65985
65985
65985
65985
65984
65984
65984
65983
65983
65982
65981
65981
65981
65981
65980
65980
65979
65979
65977
65977
65977
65976
65975
65975
65974
65974
65974
65974
65973
65973
65973
65973
65972
65972
65972
65972
65971
65971
65971
65969
65969
65967
65967
65967
65967
65966
65966
65966
65966
65965
65965
65965
65965
65964
65964
65964
65964
65963
65963
65963
65962
65962
65962
65962
65961
65961
65961
65961
65960
65960
65960
65960
65959
65959
65959
65959
65958
65958
65958
65958
65957
65957
65957
65957
65956
65956
65956
65956
65955
65955
65955
65954
65954
65954
65954
65953
65953
65953
65953
65952
65952
65952
65952
65951
65951
65951
65951
65950
65950
65950
65950
65949
65949
65949
65949
65948
65948
65948
65948
65947
65947
65947
65947
65946
65946
65946
65945
65945
65945
65945
65944
65944
65944
65944
65943
65943
65943
65941
65940
65937
65936
65933
65932
65931
65930
65930
65930
65929
65929
65929
65929
65928
65928
65928
65928
65927
65927
65927
65927
65926
65926
65926
65926
65925
65924
65924
65923
65923
65923
65923
65922
65922
65922
65922
65921
65921
65921
65921
65920
65920
65920
65918
65918
65918
65917
65917
65917
65917
65916
65916
65916
65916
65915
65915
65915
65915
65914
65914
65914
65914
65913
65913
65911
65911
65910
65908
65908
65908
65908
65907
65907
65907
65906
65906
65906
65906
65905
65905
65905
65905
65904
65904
65904
65904
65903
65902
65902
65900
65900
65899
65899
65899
65899
65898
65898
65898
65898
65897
65897
65897
65897
65896
65896
65896
65896
65895
65895
65895
65895
65894
65894
65894
65894
65893
65893
65893
65893
65892
65892
65892
65892
65891
65891
65891
65891
65889
65889
65889
65888
65888
65888
65887
65887
65887
65887
65887
65886
65886
65886
65885
65885
65885
65885
65884
65884
65884
65884
65883
65883
65883
65883
65882
65882
65882
65881
65881
65881
65881
65880
65880
65880
65880
65879
65879
65879
65879
65878
65878
65878
65878
65877
65877
65877
65877
65876
65876
65876
65876
65875
65875
65875
65875
65874
65874
65874
65874
65873
65873
65873
65870
65869
65867
65866
65864
65862
65861
65861
65861
65860
65860
65860
65860
65859
65859
65859
65859
65858
65858
65858
65858
65856
65856
65856
65855
65855
65855
65855
65854
65854
65854
65853
65853
65853
65853
65852
65852
65852
65850
65850
65850
65850
65849
65849
65849
65849
65848
65848
65848
65848
65847
65847
65847
65847
65846
65846
65846
65846
65845
65843
65843
65841
65841
65841
65840
65840
65840
65840
65839
65839
65839
65839
65838
65838
65838
65838
65837
65837
65837
65837
65836
65836
65835
65834
65833
65833
65833
65832
65832
65832
65831
65831
65831
65830
65830
65830
65829
65829
65829
65829
65828
65828
65828
65828
65827
65826
65826
65825
65825
65825
65825
65824
65824
65824
65824
65823
65823
65823
65823
65822
65822
65822
65822
65821
65821
65821
65821
65820
65820
65820
65819
65819
65819
65819
65818
65818
65818
65818
65817
65817
65817
65817
65816
65816
65816
65816
65815
65815
65815
65815
65814
65814
65814
65814
65813
65813
65813
65812
65812
65812
65812
65811
65811
65811
65811
65810
65810
65810
65810
65809
65809
65809
65809
65808
65808
65808
65808
65807
65807
65807
65807
65806
65806
65806
65806
65805
65805
65804
65803
65803
65803
65803
65799
65798
65797
65795
65793
65792
65791
65791
65791
65791
65790
65790
65790
65790
65789
65788
65788
65787
65787
65787
65787
65786
65786
65786
65786
65785
65785
65785
65785
65784
65784
65784
65782
65782
65782
65781
65781
65781
65781
65780
65780
65780
65780
65779
65779
65779
65779
65778
65778
65778
65776
65776
65776
65774
65774
65772
65772
65772
65772
65771
65771
65771
65771
65770
65770
65770
65770
65769
65769
65769
65768
65768
65768
65768
65767
65767
65766
65765
65764
65764
65764
65763
65763
65763
65763
65762
65762
65762
65762
65761
65761
65761
65760
65760
65760
65760
65759
65759
65759
65757
65757
65757
65757
65756
65756
65756
65756
65755
65755
65755
65755
65754
65754
65754
65754
65753
65753
65753
65752
65752
65752
65752
65751
65751
65751
65751
65750
65750
65750
65750
65749
65749
65749
65749
65748
65748
65748
65748
65747
65747
65747
65747
65746
65746
65746
65746
65745
65745
65745
65745
65744
65744
65744
65744
65743
65743
65743
65743
65742
65742
65742
65742
65741
65741
65741
65741
65740
65740
65740
65739
65739
65739
65739
65739
65738
65738
65738
65737
65736
65736
65735
65735
65735
65735
65734
65734
65734
65733
65733
65733
65733
65732
65731
65729
65728
65727
65725
65723
65723
65722
65722
65720
65720
65720
65720
65719
65719
65719
65719
65718
65718
65718
65717
65717
65717
65717
65716
65716
65715
65715
65714
65714
65714
65713
65713
65713
65712
65712
65712
65712
65711
65711
65711
65710
65709
65709
65709
65708
65708
65707
65706
65705
65705
65705
65704
65704
65704
65703
65703
65703
65703
65702
65702
65702
65702
65701
65700
65700
65700
65699
65699
65699
65697
65697
65695
65695
65695
65695
65694
65694
65694
65694
65693
65693
65693
65692
65692
65692
65692
65691
65691
65691
65691
65690
65690
65688
65688
65688
65687
65687
65687
65687
65686
65686
65686
65686
65685
65685
65685
65685
65684
65684
65684
65684
65683
65683
65683
65683
65682
65682
65682
65682
65681
65681
65681
65681
65680
65680
65680
65680
65679
65679
65679
65678
65678
65678
65678
65677
65677
65677
65677
65676
65676
65676
65676
65675
65675
65675
65675
65674
65674
65674
65674
65673
65673
65673
65673
65672
65672
65672
65672
65671
65671
65671
65670
65670
65670
65670
65669
65669
65669
65667
65667
65667
65667
65666
65666
65666
65666
65665
65665
65665
65665
65664
65664
65664
65664
65663
65663
65663
65663
65662
65662
65662
65660
65659
65658
65655
65653
65651
65651
65651
65650
65650
65650
65650
65649
65649
65649
65649
65648
65648
65648
65648
65646
65646
65646
65645
65645
65644
65644
65644
65644
65643
65643
65643
65641
65641
65641
65641
65640
65640
65640
65640
65639
65638
65637
65636
65636
65635
65635
65635
65634
65634
65634
65634
65633
65633
65633
65633
65632
65632
65632
65632
65631
65631
65631
65631
65629
65629
65627
65627
65627
65626
65626
65626
65626
65625
65625
65625
65625
65624
65624
65624
65624
65623
65623
65623
65623
65622
65622
65621
65620
65620
65620
65620
65619
65619
65619
65619
65618
65618
65618
65617
65617
65617
65617
65616
65616
65616
65616
65615
65615
65615
65615
65614
65614
65614
65614
65613
65613
65613
65613
65612
65612
65612
65612
65611
65611
65611
65611
65610
65609
65609
65608
65608
65608
65608
65607
65607
65607
65607
65606
65606
65606
65605
65605
65605
65605
65604
65604
65604
65604
65603
65603
65603
65603
65602
65602
65602
65602
65601
65601
65601
65599
65599
65599
65599
65598
65598
65579
65578
65578
65577
65577
65576
65576
65576
65575
65575
65574
65574
65574
65573
65573
65573
65572
65572
65572
65571
65571
65570
65570
65528
65527
65527
65525
65523
65522
65520
65517
65516
65515
65515
65515
65514
65514
65514
65514
65513
65512
65512
65511
65511
65511
65511
65510
65510
65510
65508
65508
65508
65508
65507
65507
65507
65507
65506
65506
65506
65506
65504
65504
65502
65502
65502
65501
65501
65501
65501
65500
65500
65500
65500
65499
65499
65499
65499
65498
65498
65498
65498
65497
65497
65495
65495
65493
65493
65493
65493
65492
65492
65492
65492
65491
65491
65491
65491
65490
65490
65490
65490
65489
65489
65489
65489
65488
65487
65486
65486
65486
65486
65485
65485
65485
65485
65484
65484
65484
65484
65483
65483
65483
65482
65482
65482
65482
65482
65481
65481
65479
65479
65479
65479
65478
65478
65478
65478
65477
65477
65477
65477
65476
65476
65476
65476
65475
65475
65475
65475
65474
65474
65474
65473
65473
65473
65473
65472
65472
65472
65472
65471
65471
65471
65471
65470
65470
65470
65470
65469
65469
65469
65469
65468
65468
65468
65468
65466
65466
65466
65465
65465
65465
65465
65464
65464
65464
65464
65463
65463
65463
65463
65462
65462
65462
65462
65461
65461
65461
65461
65460
65460
65460
65460
65459
65459
65459
65458
65458
65458
65458
65457
65457
65457
65457
65456
65456
65456
65453
65451
65450
65448
65447
65445
65445
65445
65443
65443
65443
65442
65442
65442
65440
65440
65440
65439
65439
65439
65439
65438
65438
65438
65438
65437
65437
65437
65437
65435
65435
65433
65433
65433
65433
65432
65432
65432
65432
65431
65431
65430
65430
65430
65430
65429
65429
65429
65429
65428
65428
65428
65426
65426
65425
65424
65424
65424
65424
65423
65423
65423
65423
65422
65422
65422
65421
65421
65421
65421
65420
65420
65420
65420
65419
65418
65418
65417
65417
65417
65417
65416
65416
65416
65416
65415
65415
65415
65415
65414
65414
65414
65414
65413
65413
65413
65412
65412
65411
65411
65410
65410
65410
65409
65409
65409
65409
65408
65408
65408
65408
65407
65407
65407
65407
65406
65406
65406
65406
65405
65405
65405
65405
65404
65404
65393
65393
65393
65392
65392
65392
65391
65391
65391
65391
65390
65390
65390
65390
65389
65389
65389
65387
65387
65387
65386
65386
65386
65385
65385
65385
65385
65384
65384
65384
65384
65383
65383
65383
65383
65382
65382
65382
65382
65381
65381
65381
65381
65380
65380
65380
65380
65379
65379
65379
65379
65378
65378
65378
65378
65377
65377
65377
65376
65376
65376
65376
65375
65375
65375
65375
65374
65372
65370
65368
65365
65364
65361
65361
65361
65360
65360
65360
65360
65359
65359
65359
65359
65358
65358
65358
65357
65357
65357
65357
65355
65355
65354
65353
65353
65353
65352
65352
65352
65352
65351
65351
65351
65351
65350
65350
65350
65350
65349
65349
65349
65349
65348
65347
65347
65345
65345
65345
65344
65344
65344
65344
65343
65343
65343
65343
65342
65342
65342
65342
65341
65340
65340
65339
65339
65339
65337
65337
65337
65337
65336
65336
65336
65335
65335
65335
65335
65334
65334
65334
65334
65333
65333
65333
65332
65332
65332
65332
65331
65330
65330
65329
65329
65329
65328
65328
65328
65328
65327
65327
65327
65326
65326
65326
65326
65325
65325
65325
65325
65324
65324
65324
65324
65323
65323
65323
65323
65322
65322
65322
65322
65321
65321
65321
65320
65320
65320
65320
65319
65319
65317
65317
65317
65317
65316
65316
65316
65316
65315
65315
65315
65314
65314
65314
65314
65313
65313
65313
65313
65312
65312
65312
65312
65311
65311
65311
65311
65310
65310
65310
65309
65309
65308
65308
65308
65308
65307
65307
65307
65307
65306
65306
65306
65306
65305
65305
65305
65305
65304
65304
65304
65303
65303
65303
65303
65302
65302
65302
65302
65300
65299
65296
65294
65293
65291
65291
65291
65290
65290
65290
65290
65289
65289
65289
65289
65288
65287
65287
65285
65285
65285
65284
65284
65284
65284
65283
65283
65283
65283
65282
65282
65282
65282
65281
65281
65281
65281
65280
65280
65278
65278
65277
65276
65276
65276
65276
65275
65275
65275
65275
65274
65274
65274
65274
65273
65273
65273
65272
65272
65272
65272
65271
65270
65269
65269
65269
65269
65268
65268
65268
65268
65267
65267
65267
65267
65266
65266
65266
65266
65265
65265
65265
65265
65264
65264
65263
65262
65262
65262
65262
65261
65261
65261
65261
65260
65260
65260
65259
65259
65259
65258
65257
65257
65257
65256
65256
65256
65256
65255
65255
65255
65255
65254
65254
65254
65254
65253
65253
65253
65253
65252
65252
65252
65250
65250
65250
65249
65248
65247
65247
65247
65247
65246
65246
65246
65246
65245
65245
65245
65245
65244
65244
65244
65244
65243
65243
65243
65243
65242
65242
65242
65242
65241
65241
65241
65241
65240
65240
65240
65240
65239
65239
65239
65239
65238
65238
65238
65238
65237
65237
65237
65237
65236
65236
65236
65235
65235
65235
65235
65234
65234
65234
65234
65233
65233
65233
65232
65232
65232
65232
65231
65230
65228
65226
65224
65222
65221
65220
65220
65220
65220
65219
65218
65218
65216
65216
65216
65216
65215
65215
65215
65214
65214
65214
65214
65213
65213
65213
65213
65212
65212
65212
65212
65211
65211
65209
65209
65208
65207
65207
65207
65207
65206
65206
65206
65206
65205
65205
65205
65204
65204
65204
65203
65203
65203
65202
65202
65202
65201
65200
65200
65200
65199
65199
65199
65199
65198
65198
65198
65198
65197
65197
65197
65197
65196
65196
65196
65196
65195
65195
65195
65193
65193
65193
65192
65192
65192
65192
65191
65191
65191
65191
65190
65190
65190
65190
65188
65188
65188
65187
65187
65187
65187
65186
65185
65185
65184
65184
65184
65184
65183
65183
65183
65183
65182
65182
65181
65181
65180
65180
65180
65179
65179
65179
65179
65178
65178
65178
65178
65177
65177
65177
65177
65176
65176
65176
65176
65175
65175
65175
65175
65174
65174
65174
65174
65173
65173
65173
65172
65172
65172
65172
65171
65171
65171
65171
65170
65170
65170
65170
65169
65169
65169
65169
65168
65168
65168
65168
65167
65167
65167
65167
65166
65166
65166
65166
65165
65165
65165
65165
65164
65164
65164
65163
65163
65163
65163
65162
65162
65162
65162
65161
65161
65158
65157
65156
65154
65153
65150
65150
65148
65148
65148
65148
65147
65147
65147
65146
65146
65146
65146
65145
65145
65145
65145
65144
65144
65143
65143
65142
65142
65138
65137
65136
65135
65135
65134
65134
65133
65133
65132
65132
65131
65131
65131
65130
65130
65129
65129
65129
65128
65128
65128
65127
64954
64953
64952
64952
64952
64951
64951
64951
64951
64950
64950
64950
64950
64949
64949
64949
64948
64948
64948
64948
64947
64947
64947
64944
64944
64944
64943
64943
64943
64943
64942
64942
64941
64941
64941
64940
64940
64940
64938
64938
64938
64937
64937
64937
64937
64936
64935
64935
64934
64934
64934
64934
64933
64933
64933
64931
64931
64931
64930
64930
64930
64930
64929
64929
64929
64929
64928
64928
64928
64927
64927
64927
64927
64926
64926
64926
64926
64925
64925
64925
64925
64924
64924
64924
64924
64923
64923
64923
64923
64922
64922
64922
64922
64921
64921
64921
64921
64920
64920
64920
64919
64919
64919
64919
64918
64918
64918
64918
64917
64917
64917
64917
64916
64916
64916
64916
64915
64915
64915
64915
64914
64914
64914
64914
64913
64913
64913
64913
64912
64912
64912
64912
64911
64911
64911
64911
64910
64910
64910
64910
64909
64908
64905
64901
64897
64896
64895
64894
64894
64894
64893
64893
64893
64893
64892
64892
64892
64892
64891
64891
64891
64891
64890
64889
64889
64887
64887
64887
64886
64886
64886
64886
64885
64885
64885
64885
64884
64884
64884
64884
64883
64883
64883
64882
64882
64882
64881
64880
64880
64880
64879
64879
64879
64879
64878
64878
64878
64878
64877
64877
64877
64877
64876
64876
64876
64874
64874
64874
64873
64872
64872
64872
64871
64871
64871
64870
64870
64870
64870
64869
64869
64869
64869
64868
64867
64867
64866
64866
64866
64866
64865
64865
64864
64863
64863
64863
64863
64862
64861
64861
64860
64860
64860
64860
64859
64859
64858
64857
64857
64856
64856
64856
64856
64855
64855
64855
64855
64854
64854
64854
64854
64853
64853
64853
64853
64852
64852
64852
64852
64851
64851
64851
64851
64850
64850
64850
64850
64849
64849
64849
64848
64848
64848
64848
64847
64847
64847
64847
64846
64846
64846
64846
64845
64845
64845
64845
64844
64844
64844
64844
64843
64843
64843
64843
64842
64842
64842
64842
64841
64841
64841
64841
64840
64840
64840
64840
64839
64839
64839
64839
64838
64838
64838
64838
64837
64837
64837
64836
64836
64836
64836
64835
64835
64832
64831
64828
64824
64822
64820
64819
64819
64818
64818
64818
64817
64817
64816
64816
64762
64759
64759
64758
64757
64757
64757
64756
64756
64756
64756
64755
64755
64755
64755
64754
64754
64754
64753
64753
64753
64753
64752
64752
64751
64750
64750
64750
64750
64749
64749
64749
64749
64748
64748
64748
64748
64747
64747
64747
64747
64746
64746
64746
64746
64745
64745
64744
64743
64743
64743
64743
64742
64742
64742
64742
64741
64741
64741
64741
64740
64740
64739
64738
64738
64738
64738
64737
64737
64737
64735
64735
64722
64720
64720
64720
64719
64719
64719
64719
64718
64718
64718
64717
64717
64716
64715
64715
64715
64715
64714
64714
64714
64713
64713
64713
64713
64712
64712
64712
64712
64711
64711
64711
64711
64710
64710
64710
64710
64709
64709
64709
64709
64707
64707
64707
64706
64706
64706
64705
64705
64705
64705
64704
64704
64704
64704
64703
64703
64703
64703
64702
64702
64702
64702
64701
64701
64701
64701
64700
64700
64700
64700
64699
64699
64699
64699
64698
64698
64698
64698
64697
64697
64697
64697
64696
64696
64696
64696
64695
64695
64695
64694
64694
64694
64694
64693
64693
64693
64693
64692
64692
64692
64692
64691
64691
64691
64689
64688
64685
64683
64680
64679
64678
64678
64678
64677
64676
64676
64674
64674
64673
64673
64673
64672
64672
64672
64672
64671
64671
64671
64671
64670
64670
64670
64670
64669
64669
64669
64669
64667
64666
64666
64666
64666
64665
64665
64665
64665
64664
64664
64664
64664
64663
64663
64663
64663
64662
64662
64662
64662
64661
64661
64659
64659
64659
64659
64658
64658
64658
64658
64657
64657
64657
64656
64656
64656
64656
64654
64654
64654
64653
64653
64653
64653
64652
64649
64649
64649
64649
64648
64648
64648
64648
64647
64647
64647
64647
64646
64646
64646
64644
64644
64643
64642
64642
64642
64642
64641
64641
64641
64641
64640
64640
64640
64640
64639
64639
64638
64638
64638
64638
64637
64637
64637
64637
64636
64636
64636
64636
64635
64635
64635
64635
64634
64634
64634
64634
64633
64633
64633
64632
64632
64632
64632
64631
64631
64631
64631
64630
64630
64630
64630
64629
64629
64629
64629
64628
64628
64628
64628
64627
64627
64627
64627
64626
64626
64626
64625
64625
64625
64625
64624
64624
64624
64624
64623
64623
64623
64623
64622
64622
64622
64622
64621
64621
64621
64621
64620
64620
64620
64620
64619
64619
64619
64618
64618
64618
64618
64615
64613
64611
64610
64607
64606
64604
64604
64604
64603
64603
64603
64603
64602
64602
64602
64602
64601
64601
64601
64601
64600
64600
64600
64600
64599
64599
64579
64579
64578
64578
64577
64577
64577
64576
64576
64576
64575
64575
64575
64574
64574
64574
64573
64573
64573
64572
64572
64572
64572
64569
64569
64569
64568
64568
64568
64568
64567
64567
64567
64566
64566
64566
64565
64565
64563
64563
64563
64562
64562
64560
64560
64560
64558
64558
64557
64557
64557
64556
64556
64556
64555
64555
64555
64555
64554
64554
64554
64552
64552
64551
64550
64550
64550
64549
64549
64549
64548
64548
64548
64548
64547
64547
64547
64547
64546
64546
64546
64546
64545
64545
64545
64545
64544
64544
64544
64543
64543
64543
64543
64542
64542
64542
64542
64541
64541
64541
64541
64540
64540
64540
64540
64539
64539
64539
64539
64538
64538
64538
64538
64537
64537
64537
64537
64536
64536
64536
64535
64535
64535
64534
64534
64534
64534
64533
64533
64533
64533
64532
64532
64532
64532
64531
64531
64531
64530
64530
64530
64530
64529
64529
64529
64529
64528
64528
64528
64528
64527
64527
64527
64527
64526
64526
64526
64526
64525
64525
64525
64525
64524
64524
64524
64521
64518
64517
64515
64514
64512
64512
64512
64512
64511
64511
64511
64510
64510
64510
64510
64509
64509
64509
64508
64508
64507
64506
64506
64506
64505
64505
64505
64505
64504
64504
64504
64504
64503
64503
64503
64503
64502
64502
64502
64502
64501
64501
64501
64499
64499
64499
64498
64498
64498
64497
64497
64497
64496
64496
64496
64496
64495
64495
64494
64493
64491
64490
64490
64488
64488
64488
64486
64486
64486
64485
64485
64485
64485
64484
64484
64484
64484
64483
64483
64483
64483
64481
64481
64480
64479
64479
64479
64478
64478
64478
64478
64477
64477
64477
64477
64476
64476
64476
64476
64475
64475
64475
64475
64474
64473
64473
64472
64472
64472
64472
64471
64471
64471
64471
64470
64470
64470
64470
64469
64469
64469
64469
64468
64468
64468
64468
64467
64467
64467
64467
64466
64466
64466
64466
64465
64465
64465
64465
64464
64464
64464
64463
64463
64463
64463
64462
64462
64462
64462
64461
64461
64461
64460
64460
64460
64460
64459
64459
64459
64459
64458
64458
64458
64458
64457
64457
64457
64457
64456
64456
64456
64456
64455
64455
64455
64454
64454
64454
64454
64453
64453
64453
64453
64452
64452
64452
64452
64451
64450
64450
64449
64448
64446
64445
64443
64442
64440
64440
64440
64439
64439
64439
64439
64438
64438
64438
64436
64436
64436
64436
64435
64435
64435
64434
64434
64434
64434
64433
64433
64433
64433
64432
64432
64432
64432
64431
64431
64431
64431
64429
64429
64429
64428
64428
64428
64428
64427
64427
64427
64427
64426
64426
64426
64424
64423
64422
64422
64422
64422
64421
64421
64421
64419
64419
64419
64419
64418
64418
64418
64418
64417
64417
64417
64417
64416
64416
64416
64414
64414
64412
64412
64412
64412
64411
64411
64410
64410
64410
64410
64409
64409
64409
64408
64408
64408
64408
64407
64407
64407
64407
64405
64405
64405
64405
64404
64404
64404
64403
64403
64403
64403
64402
64402
64402
64402
64401
64401
64401
64401
64400
64400
64400
64400
64399
64399
64399
64399
64398
64398
64397
64396
64396
64396
64396
64395
64395
64395
64394
64394
64394
64394
64393
64393
64393
64393
64392
64392
64392
64392
64391
64391
64391
64391
64390
64390
64390
64390
64389
64389
64389
64388
64388
64388
64388
64387
64387
64387
64387
64386
64386
64386
64386
64385
64385
64385
64385
64384
64384
64384
64384
64383
64382
64382
64381
64381
64381
64380
64380
64380
64380
64379
64379
64379
64376
64375
64373
64372
64370
64369
64369
64368
64368
64367
64366
64366
64366
64366
64365
64365
64365
64365
64364
64364
64364
64364
64363
64363
64363
64363
64362
64362
64362
64362
64361
64361
64359
64359
64359
64358
64358
64358
64358
64357
64357
64357
64357
64355
64355
64355
64354
64353
64353
64352
64352
64352
64352
64351
64351
64350
64349
64349
64349
64349
64348
64348
64348
64347
64347
64347
64347
64346
64346
64346
64345
64344
64343
64343
64342
64342
64342
64342
64341
64341
64341
64341
64340
64340
64340
64340
64339
64339
64339
64339
64338
64338
64338
64336
64336
64336
64335
64335
64335
64335
64334
64334
64334
64334
64333
64333
64333
64333
64332
64332
64332
64332
64331
64331
64331
64331
64330
64330
64330
64330
64329
64329
64329
64329
64328
64328
64328
64328
64327
64327
64327
64327
64326
64326
64326
64326
64325
64325
64325
64325
64324
64324
64324
64324
64323
64323
64323
64322
64322
64322
64322
64321
64321
64321
64321
64320
64320
64320
64320
64319
64319
64319
64319
64318
64318
64318
64318
64317
64317
64317
64317
64315
64315
64314
64314
64314
64314
64313
64313
64313
64313
64312
64312
64312
64312
64311
64311
64311
64311
64310
64310
64310
64307
64305
64304
64301
64300
64298
64298
64297
64297
64297
64296
64296
64296
64295
64295
64295
64295
64294
64294
64294
64294
64293
64293
64293
64293
64292
64291
64290
64290
64290
64290
64289
64289
64289
64287
64287
64287
64286
64286
64286
64286
64284
64284
64284
64284
64283
64283
64283
64283
64281
64281
64281
64280
64280
64280
64280
64279
64279
64279
64279
64278
64278
64278
64278
64276
64276
64274
64274
64274
64274
64273
64273
64273
64272
64272
64272
64272
64271
64271
64271
64271
64270
64270
64270
64270
64269
64269
64268
64267
64267
64267
64267
64266
64266
64266
64266
64265
64265
64265
64265
64264
64264
64264
64263
64263
64263
64263
64262
64262
64262
64262
64261
64261
64261
64261
64260
64260
64260
64260
64259
64259
64259
64259
64258
64258
64258
64258
64257
64257
64257
64257
64256
64256
64256
64256
64255
64255
64255
64255
64254
64254
64254
64254
64253
64253
64253
64253
64252
64252
64252
64251
64251
64251
64251
64250
64250
64250
64250
64249
64249
64249
64249
64247
64247
64247
64246
64246
64246
64246
64245
64245
64245
64245
64244
64244
64244
64244
64243
64243
64243
64243
64242
64242
64242
64241
64241
64241
64241
64240
64240
64240
64240
64237
64236
64234
64232
64231
64229
64229
64229
64228
64228
64228
64227
64227
64227
64227
64226
64226
64226
64225
64225
64223
64223
64223
64222
64222
64221
64220
64220
64220
64220
64219
64219
64219
64219
64218
64217
64217
64216
64216
64216
64216
64215
64215
64214
64213
64213
64213
64213
64212
64212
64212
64212
64211
64211
64211
64211
64210
64210
64208
64208
64207
64206
64206
64206
64205
64204
64204
64204
64204
64203
64203
64203
64203
64202
64202
64202
64202
64201
64201
64201
64201
64199
64199
64198
64198
64198
64198
64197
64197
64197
64197
64196
64196
64196
64196
64195
64195
64195
64195
64194
64194
64194
64194
64193
64192
64191
64191
64191
64191
64190
64190
64190
64190
64189
64189
64189
64189
64188
64188
64188
64188
64187
64187
64187
64187
64186
64186
64186
64186
64185
64185
64185
64185
64184
64184
64184
64183
64183
64183
64183
64182
64182
64182
64182
64181
64181
64181
64181
64180
64180
64180
64180
64179
64178
64178
64177
64177
64177
64177
64176
64176
64176
64175
64175
64175
64175
64174
64174
64174
64174
64173
64173
64173
64173
64172
64172
64172
64172
64171
64171
64171
64171
64170
64170
64170
64170
64169
64169
64169
64168
64168
64168
64166
64165
64162
64160
64159
64157
64157
64156
64156
64156
64156
64155
64155
64155
64153
64153
64152
64151
64151
64151
64151
64150
64150
64150
64150
64149
64149
64149
64149
64147
64147
64146
64146
64146
64146
64145
64145
64144
64144
64143
64143
64143
64142
64142
64142
64142
64141
64141
64141
64141
64140
64140
64139
64138
64137
64137
64137
64136
64136
64136
64135
64135
64135
64135
64134
64134
64134
64134
64133
64133
64133
64133
64132
64132
64132
64130
64130
64130
64130
64129
64129
64129
64128
64128
64128
64128
64127
64127
64127
64127
64126
64126
64126
64126
64125
64125
64125
64125
64123
64123
64123
64122
64122
64122
64122
64121
64121
64121
64121
64120
64120
64120
64119
64119
64119
64119
64118
64118
64118
64118
64117
64117
64117
64117
64116
64116
64116
64116
64114
64114
64113
64113
64113
64113
64112
64112
64112
64112
64111
64111
64111
64111
64110
64110
64107
64107
64107
64106
64106
64106
64106
64105
64105
64105
64105
64105
64104
64104
64104
64104
64103
64103
64103
64102
64102
64102
64102
64101
64101
64101
64101
64100
64100
64100
64100
64099
64099
64099
64099
64098
64098
64098
64098
64097
64097
64097
64097
64096
64096
64096
64096
64095
64094
64093
64091
64089
64088
64086
64086
64085
64083
64083
64083
64082
64082
64082
64082
64081
64081
64081
64081
64080
64080
64080
64080
64078
64078
64077
64077
64077
64077
64076
64076
64075
64074
64074
64074
64073
64073
64073
64073
64072
64072
64072
64072
64071
64071
64071
64069
64069
64068
64068
64067
64067
64067
64067
64066
64066
64066
64066
64065
64065
64065
64065
64064
64064
64064
64064
64063
64063
64063
64061
64061
64061
64061
64060
64060
64060
64060
64059
64059
64059
64058
64058
64058
64058
64057
64057
64057
64057
64056
64056
64056
64056
64054
64054
64054
64054
64053
64053
64053
64053
64052
64052
64052
64051
64051
64051
64051
64050
64050
64050
64050
64049
64049
64049
64049
64048
64048
64048
64048
64047
64047
64047
64047
64046
64046
64045
64045
64045
64044
64044
64044
64041
64040
64040
64040
64038
64037
64037
64036
64036
64036
64035
64035
64035
64034
64034
64034
64033
64033
64032
64032
64031
64031
64031
64030
64030
64030
64029
64029
64028
64028
64028
64027
64027
64027
64026
64026
64025
64025
63979
63978
63978
63978
63977
63977
63977
63976
63976
63976
63976
63975
63975
63975
63975
63974
63974
63974
63974
63973
63973
63973
63973
63969
63968
63965
63964
63961
63960
63959
63959
63959
63958
63958
63958
63958
63957
63957
63957
63957
63955
63955
63954
63954
63954
63954
63953
63953
63952
63951
63951
63951
63951
63950
63950
63950
63950
63949
63949
63949
63949
63948
63948
63947
63946
63945
63945
63945
63944
63944
63944
63944
63943
63943
63943
63943
63942
63942
63942
63942
63941
63941
63941
63941
63940
63940
63939
63938
63938
63938
63937
63937
63937
63937
63936
63936
63936
63936
63935
63935
63935
63935
63934
63934
63934
63934
63933
63933
63933
63931
63931
63931
63931
63930
63930
63930
63930
63929
63929
63929
63928
63928
63928
63928
63927
63927
63927
63927
63926
63926
63925
63924
63924
63924
63924
63923
63923
63923
63923
63922
63922
63922
63921
63921
63921
63921
63920
63920
63920
63917
63917
63916
63916
63916
63916
63915
63915
63915
63915
63914
63914
63914
63914
63913
63913
63913
63913
63912
63912
63912
63912
63911
63911
63911
63911
63910
63910
63910
63910
63909
63909
63909
63909
63908
63908
63908
63908
63907
63907
63907
63906
63906
63906
63906
63905
63905
63905
63905
63904
63904
63904
63904
63903
63903
63903
63903
63902
63902
63902
63902
63901
63901
63901
63901
63900
63899
63897
63896
63894
63893
63891
63891
63891
63890
63890
63890
63888
63888
63888
63888
63887
63887
63887
63886
63885
63885
63884
63884
63884
63884
63883
63883
63883
63883
63882
63882
63882
63882
63881
63880
63879
63878
63878
63878
63877
63877
63877
63876
63876
63876
63876
63875
63875
63875
63875
63874
63874
63874
63874
63873
63873
63873
63871
63871
63871
63870
63870
63870
63870
63868
63868
63867
63867
63867
63867
63866
63866
63866
63866
63865
63865
63865
63865
63864
63864
63863
63862
63862
63862
63862
63861
63861
63861
63861
63860
63860
63860
63860
63859
63859
63859
63859
63858
63858
63858
63858
63856
63856
63854
63854
63854
63854
63853
63853
63853
63852
63852
63852
63852
63851
63851
63851
63849
63849
63849
63849
63848
63848
63848
63848
63847
63847
63847
63847
63846
63846
63846
63846
63845
63845
63845
63845
63844
63844
63844
63843
63843
63843
63843
63842
63842
63842
63842
63841
63841
63841
63841
63840
63840
63840
63840
63839
63839
63839
63839
63838
63838
63838
63838
63837
63837
63837
63836
63836
63836
63836
63835
63835
63835
63835
63834
63834
63834
63834
63833
63833
63833
63833
63832
63832
63832
63832
63831
63831
63831
63831
63830
63829
63827
63826
63824
63823
63820
63820
63820
63819
63819
63819
63818
63818
63817
63816
63816
63816
63816
63815
63815
63815
63814
63814
63814
63814
63813
63813
63813
63812
63811
63810
63809
63809
63809
63809
63808
63808
63808
63808
63807
63807
63807
63807
63806
63806
63806
63806
63805
63805
63805
63805
63803
63803
63802
63802
63802
63802
63801
63801
63801
63800
63800
63800
63800
63799
63799
63799
63799
63798
63798
63798
63798
63797
63797
63795
63795
63795
63795
63794
63794
63794
63794
63793
63793
63792
63792
63792
63792
63791
63791
63791
63791
63790
63790
63790
63788
63788
63786
63786
63786
63785
63785
63785
63785
63784
63784
63784
63784
63781
63781
63780
63780
63780
63780
63779
63779
63779
63779
63778
63778
63778
63777
63777
63777
63777
63776
63776
63776
63774
63774
63774
63774
63773
63773
63773
63773
63772
63772
63772
63772
63771
63771
63771
63771
63770
63770
63770
63770
63769
63769
63769
63769
63768
63768
63768
63767
63767
63767
63767
63766
63766
63766
63766
63765
63765
63765
63765
63764
63764
63764
63764
63763
63763
63763
63763
63762
63762
63762
63761
63761
63761
63761
63760
63760
63760
63760
63759
63759
63759
63759
63758
63758
63756
63755
63753
63752
63750
63748
63748
63746
63746
63746
63745
63745
63745
63744
63744
63744
63744
63743
63743
63743
63743
63742
63741
63741
63739
63739
63739
63738
63738
63738
63738
63737
63737
63737
63737
63736
63736
63736
63736
63735
63735
63735
63735
63734
63734
63733
63732
63732
63732
63731
63731
63731
63731
63730
63730
63730
63730
63729
63729
63729
63729
63728
63728
63728
63728
63727
63727
63727
63725
63725
63725
63725
63724
63724
63724
63724
63723
63723
63723
63723
63722
63722
63722
63722
63721
63721
63721
63721
63720
63719
63719
63717
63717
63716
63716
63716
63715
63715
63715
63713
63713
63713
63712
63712
63712
63712
63711
63711
63711
63711
63710
63710
63710
63710
63709
63709
63709
63709
63708
63708
63708
63708
63707
63707
63707
63706
63706
63706
63705
63705
63705
63705
63704
63704
63704
63704
63703
63703
63703
63703
63702
63702
63702
63702
63701
63701
63701
63701
63700
63700
63700
63699
63699
63699
63699
63698
63698
63698
63698
63697
63697
63697
63697
63696
63696
63696
63696
63695
63695
63695
63695
63694
63694
63694
63694
63693
63693
63693
63693
63692
63692
63692
63692
63691
63691
63691
63691
63690
63690
63690
63690
63689
63686
63684
63682
63681
63680
63678
63678
63677
63677
63677
63677
63676
63676
63676
63676
63675
63674
63674
63672
63672
63672
63672
63671
63671
63671
63671
63670
63670
63670
63670
63669
63669
63669
63669
63668
63668
63668
63667
63667
63666
63666
63665
63665
63665
63665
63664
63664
63664
63663
63663
63663
63663
63662
63662
63662
63662
63661
63661
63661
63661
63660
63660
63659
63658
63658
63658
63658
63657
63657
63657
63656
63656
63656
63656
63655
63655
63655
63655
63654
63654
63654
63654
63653
63652
63652
63650
63650
63650
63649
63649
63647
63646
63646
63646
63646
63645
63645
63645
63644
63644
63642
63642
63642
63642
63641
63641
63641
63641
63640
63640
63640
63640
63639
63639
63639
63639
63638
63638
63638
63638
63637
63637
63637
63636
63636
63636
63636
63635
63635
63635
63635
63634
63634
63634
63634
63633
63633
63633
63633
63632
63632
63632
63632
63631
63631
63631
63631
63630
63630
63630
63630
63629
63629
63629
63629
63628
63628
63628
63627
63627
63627
63627
63626
63626
63626
63626
63625
63625
63625
63625
63624
63624
63624
63624
63623
63623
63623
63623
63622
63622
63622
63622
63621
63621
63621
63621
63620
63620
63620
63620
63619
63619
63616
63615
63614
63612
63611
63610
63609
63609
63609
63609
63607
63607
63605
63605
63605
63605
63604
63604
63604
63604
63603
63603
63603
63603
63602
63602
63602
63602
63601
63601
63601
63601
63600
63599
63599
63598
63598
63577
63577
63576
63576
63575
63575
63575
63574
63574
63574
63573
63573
63572
63572
63572
63571
63571
63571
63570
63568
63568
63567
63567
63567
63566
63566
63566
63564
63563
63563
63562
63562
63561
63561
63561
63560
63560
63560
63559
63559
63557
63557
63555
63555
63553
63553
63552
63552
63552
63551
63551
63551
63550
63550
63550
63549
63549
63547
63547
63547
63546
63546
63546
63545
63545
63543
63543
63543
63542
63542
63542
63541
63541
63541
63540
63540
63540
63540
63539
63539
63539
63538
63538
63538
63537
63537
63537
63537
63536
63536
63536
63535
63535
63535
63534
63534
63534
63533
63533
63533
63533
63532
63532
63532
63531
63531
63531
63530
63530
63530
63529
63529
63529
63529
63528
63528
63528
63527
63527
63527
63527
63526
63526
63526
63526
63525
63525
63525
63525
63524
63524
63524
63524
63523
63523
63523
63523
63522
63522
63522
63522
63521
63521
63521
63521
63520
63520
63520
63519
63519
63519
63519
63518
63518
63518
63516
63515
63513
63512
63509
63508
63506
63506
63506
63505
63505
63505
63504
63504
63504
63503
63503
63503
63503
63502
63502
63502
63502
63501
63501
63501
63501
63499
63498
63498
63498
63498
63497
63497
63497
63496
63496
63496
63495
63495
63495
63495
63494
63494
63494
63494
63493
63493
63493
63493
63491
63491
63490
63490
63490
63489
63489
63489
63489
63488
63488
63488
63487
63487
63487
63487
63486
63486
63486
63485
63485
63484
63482
63481
63480
63480
63480
63480
63479
63479
63479
63479
63478
63478
63478
63477
63477
63477
63474
63474
63473
63473
63473
63473
63472
63472
63470
63470
63469
63469
63469
63469
63468
63468
63468
63468
63467
63467
63467
63466
63466
63466
63465
63465
63465
63465
63464
63464
63464
63464
63463
63463
63463
63462
63462
63462
63462
63461
63460
63459
63459
63459
63459
63458
63458
63458
63458
63457
63457
63457
63456
63456
63456
63456
63455
63455
63455
63455
63454
63454
63454
63454
63453
63453
63453
63452
63452
63452
63452
63451
63451
63451
63451
63450
63450
63450
63450
63449
63449
63449
63448
63448
63448
63448
63447
63447
63447
63447
63446
63446
63446
63446
63445
63445
63445
63444
63444
63444
63444
63444
63443
63443
63441
63439
63436
63435
63433
63432
63431
63431
63431
63431
63430
63430
63430
63430
63429
63429
63429
63428
63428
63428
63428
63426
63426
63426
63425
63425
63425
63425
63424
63424
63424
63424
63423
63423
63423
63423
63422
63422
63422
63422
63421
63421
63421
63421
63419
63419
63419
63419
63418
63418
63418
63417
63417
63417
63417
63416
63416
63416
63416
63415
63415
63415
63415
63413
63413
63412
63411
63410
63409
63409
63409
63409
63408
63408
63408
63408
63407
63407
63407
63407
63406
63406
63405
63404
63404
63404
63404
63403
63403
63403
63401
63401
63401
63400
63400
63400
63400
63399
63399
63399
63399
63398
63398
63398
63398
63396
63396
63396
63395
63395
63395
63394
63394
63394
63394
63394
63393
63393
63393
63392
63392
63392
63392
63391
63391
63391
63391
63390
63390
63390
63390
63389
63389
63389
63389
63388
63388
63388
63388
63387
63387
63387
63387
63386
63386
63386
63386
63385
63385
63385
63385
63384
63384
63384
63384
63383
63383
63383
63383
63382
63382
63381
63381
63381
63381
63380
63380
63380
63380
63379
63379
63379
63379
63378
63378
63378
63378
63377
63377
63377
63377
63376
63376
63376
63376
63375
63375
63375
63375
63374
63374
63373
63369
63368
63366
63365
63364
63362
63362
63361
63361
63361
63361
63360
63360
63360
63359
63358
63358
63357
63357
63357
63357
63356
63356
63356
63356
63355
63355
63355
63355
63354
63354
63354
63354
63353
63353
63353
63353
63352
63351
63350
63350
63349
63349
63349
63349
63348
63348
63348
63348
63347
63347
63347
63347
63346
63345
63345
63344
63344
63344
63342
63342
63340
63340
63340
63339
63339
63339
63339
63338
63338
63338
63338
63337
63337
63337
63337
63334
63334
63333
63333
63333
63333
63332
63332
63331
63330
63330
63330
63330
63329
63329
63329
63329
63328
63328
63328
63328
63327
63327
63325
63325
63325
63325
63324
63324
63324
63324
63323
63323
63323
63323
63322
63322
63322
63322
63321
63321
63321
63321
63320
63320
63320
63319
63319
63319
63319
63318
63318
63318
63318
63317
63317
63317
63317
63316
63316
63316
63316
63315
63315
63315
63315
63314
63314
63314
63313
63313
63313
63313
63312
63312
63312
63312
63311
63311
63311
63311
63310
63310
63310
63310
63309
63309
63309
63309
63308
63308
63308
63308
63307
63307
63307
63307
63306
63306
63306
63306
63305
63305
63305
63305
63304
63303
63303
63302
63302
63302
63301
63301
63301
63301
63300
63299
63297
63296
63294
63292
63291
63291
63290
63290
63289
63288
63288
63288
63288
63287
63287
63287
63287
63286
63286
63286
63285
63285
63285
63285
63284
63284
63284
63284
63283
63283
63283
63281
63281
63281
63281
63280
63280
63280
63280
63279
63279
63279
63279
63278
63277
63277
63276
63276
63276
63276
63275
63275
63274
63273
63272
63272
63272
63271
63271
63271
63270
63270
63270
63268
63268
63268
63267
63267
63267
63265
63265
63265
63264
63264
63264
63264
63263
63262
63262
63262
63261
63261
63261
63261
63260
63260
63260
63259
63259
63259
63259
63258
63257
63257
63256
63256
63256
63256
63255
63255
63255
63255
63254
63254
63254
63254
63253
63253
63253
63253
63252
63252
63252
63252
63251
63251
63251
63250
63250
63250
63250
63249
63249
63249
63249
63248
63248
63248
63248
63247
63247
63247
63247
63246
63246
63246
63246
63245
63245
63245
63245
63244
63244
63244
63244
63243
63243
63243
63243
63242
63242
63242
63242
63241
63241
63241
63241
63240
63240
63240
63240
63239
63239
63239
63238
63238
63238
63238
63237
63237
63237
63237
63235
63235
63235
63234
63234
63234
63234
63233
63233
63233
63233
63232
63232
63232
63231
63231
63231
63231
63230
63229
63227
63226
63223
63222
63221
63220
63220
63220
63220
63219
63219
63219
63218
63218
63218
63218
63217
63217
63217
63217
63216
63216
63216
63216
63215
63214
63213
63213
63213
63212
63212
63212
63212
63211
63211
63210
63209
63209
63209
63209
63208
63208
63208
63208
63207
63207
63206
63205
63204
63204
63204
63203
63203
63202
63202
63201
63201
63201
63201
63201
63200
63200
63200
63197
63197
63197
63196
63196
63196
63196
63195
63194
63194
63193
63193
63193
63193
63192
63192
63192
63192
63191
63191
63191
63190
63190
63189
63188
63188
63188
63187
63187
63187
63187
63186
63186
63186
63186
63185
63185
63185
63185
63184
63184
63184
63184
63183
63183
63183
63183
63182
63182
63182
63182
63181
63181
63181
63181
63180
63180
63180
63180
63179
63179
63179
63178
63178
63176
63176
63176
63176
63175
63175
63175
63175
63174
63174
63174
63174
63173
63173
63173
63173
63172
63172
63172
63172
63171
63171
63171
63171
63170
63170
63170
63170
63169
63169
63169
63169
63168
63168
63168
63168
63166
63166
63165
63165
63165
63164
63164
63164
63164
63163
63163
63163
63163
63162
63162
63162
63162
63161
63161
63161
63161
63160
63160
63160
63160
63159
63159
63159
63157
63156
63154
63153
63151
63149
63149
63149
63149
63148
63148
63148
63148
63147
63147
63147
63147
63146
63146
63146
63144
63144
63144
63143
63143
63143
63143
63141
63141
63141
63140
63140
63140
63140
63139
63139
63139
63139
63138
63138
63138
63136
63136
63135
63134
63134
63134
63134
63133
63133
63133
63133
63132
63132
63132
63132
63131
63131
63130
63129
63129
63129
63128
63128
63128
63128
63126
63126
63126
63125
63125
63125
63124
63124
63124
63124
63123
63123
63123
63123
63122
63121
63121
63120
63120
63120
63120
63119
63119
63119
63119
63118
63118
63118
63118
63117
63117
63117
63117
63116
63116
63116
63116
63115
63114
63114
63113
63113
63113
63113
63112
63112
63112
63112
63111
63111
63111
63111
63110
63110
63110
63110
63109
63109
63109
63109
63108
63108
63108
63108
63107
63107
63107
63107
63106
63106
63106
63106
63105
63105
63105
63104
63104
63104
63104
63103
63103
63103
63103
63102
63102
63102
63102
63101
63101
63099
63099
63099
63099
63098
63098
63098
63098
63097
63097
63097
63097
63096
63096
63096
63096
63095
63095
63095
63095
63094
63094
63094
63093
63093
63093
63093
63092
63092
63092
63092
63091
63091
63091
63090
63090
63090
63087
63085
63084
63083
63081
63080
63080
63079
63079
63079
63079
63078
63078
63078
63076
63076
63076
63075
63074
63074
63073
63073
63073
63073
63072
63072
63072
63072
63071
63071
63071
63071
63070
63070
63070
63068
63068
63067
63067
63066
63066
63066
63065
63065
63065
63065
63064
63064
63064
63063
63063
63063
63060
63060
63060
63059
63059
63059
63059
63058
63057
63057
63056
63056
63056
63056
63055
63055
63055
63055
63054
63054
63054
63054
63053
63052
63052
63051
63051
63051
63051
63050
63050
63050
63050
63049
63049
63049
63048
63048
63048
63048
63047
63047
63047
63047
63046
63046
63045
63044
63044
63044
63044
63043
63043
63043
63043
63042
63042
63042
63042
63041
63041
63041
63041
63040
63040
63040
63040
63039
63039
63039
63038
63038
63038
63038
63037
63037
63037
63037
63036
63036
63036
63036
63035
63035
63035
63035
63034
63034
63034
63034
63033
63033
63033
63033
63031
63031
63031
63030
63030
63030
63029
63029
63029
63029
63028
63028
63028
63028
63027
63027
63027
63027
63026
63026
63026
63026
63025
63025
63025
63025
63024
63024
63024
63024
63023
63023
63023
63023
63022
63022
63022
63022
63021
63021
63021
63021
63020
63020
63020
63020
63018
63016
63015
63013
63012
63010
63010
63010
63008
63007
63007
63007
63006
63006
63006
63006
63005
63005
63005
63005
63004
63004
63004
63003
63003
63003
63003
63002
63002
63001
63000
62999
62999
62998
62998
62998
62998
62997
62997
62997
62997
62996
62996
62996
62996
62995
62994
62994
62993
62993
62993
62993
62992
62992
62990
62990
62990
62990
62989
62989
62989
62989
62988
62988
62987
62987
62986
62986
62986
62984
62984
62984
62983
62983
62983
62983
62982
62982
62982
62982
62981
62981
62981
62981
62980
62980
62980
62980
62979
62979
62979
62979
62977
62977
62977
62976
62976
62976
62976
62975
62975
62975
62975
62974
62974
62974
62974
62973
62973
62973
62973
62972
62972
62972
62971
62971
62971
62971
62970
62970
62970
62970
62969
62969
62969
62969
62968
62968
62968
62968
62967
62967
62967
62967
62966
62966
62966
62964
62964
62964
62964
62963
62963
62963
62962
62962
62962
62962
62961
62961
62961
62961
62960
62960
62960
62960
62959
62959
62959
62959
62958
62958
62958
62958
62957
62957
62957
62957
62956
62956
62956
62956
62955
62955
62955
62955
62954
62954
62954
62954
62953
62953
62953
62953
62952
62952
62952
62951
62951
62951
62951
62950
62948
62947
62945
62943
62942
62940
62940
62940
62940
62939
62939
62939
62938
62938
62938
62938
62937
62937
62937
62937
62936
62936
62936
62934
62934
62933
62932
62932
62932
62932
62931
62931
62931
62931
62930
62930
62930
62930
62929
62929
62928
62927
62927
62927
62927
62926
62926
62926
62923
62923
62923
62922
62922
62922
62922
62921
62921
62921
62921
62920
62920
62920
62920
62918
62918
62918
62917
62917
62917
62917
62916
62916
62916
62915
62915
62915
62915
62914
62914
62914
62914
62913
62913
62912
62912
62912
62910
62910
62910
62909
62909
62909
62909
62908
62908
62908
62908
62907
62907
62907
62907
62906
62906
62906
62906
62905
62905
62904
62903
62903
62903
62903
62902
62902
62902
62902
62901
62901
62901
62901
62900
62900
62900
62899
62899
62899
62899
62898
62896
62896
62895
62895
62895
62895
62894
62894
62894
62893
62893
62893
62893
62892
62892
62892
62892
62891
62891
62891
62891
62890
62890
62890
62890
62889
62889
62889
62888
62888
62888
62888
62887
62887
62887
62887
62886
62886
62886
62886
62885
62885
62885
62885
62884
62884
62884
62884
62883
62883
62883
62883
62882
62882
62882
62882
62881
62881
62881
62881
62880
62880
62880
62880
62878
62877
62875
62874
62872
62871
62871
62870
62870
62870
62869
62869
62869
62869
62868
62868
62868
62866
62866
62864
62864
62864
62864
62863
62863
62863
62863
62862
62862
62862
62862
62861
62861
62861
62859
62859
62859
62859
62858
62858
62858
62858
62856
62856
62856
62855
62855
62855
62855
62854
62854
62854
62854
62853
62853
62853
62853
62851
62851
62850
62850
62850
62850
62849
62849
62849
62848
62848
62848
62848
62847
62847
62847
62847
62846
62846
62846
62846
62845
62845
62844
62843
62843
62843
62843
62842
62842
62842
62842
62841
62841
62841
62841
62840
62840
62840
62840
62839
62839
62839
62839
62837
62837
62836
62835
62835
62835
62835
62834
62834
62834
62834
62833
62833
62833
62833
62832
62832
62832
62830
62830
62830
62830
62829
62829
62829
62829
62828
62828
62828
62828
62827
62827
62827
62827
62826
62826
62826
62825
62825
62825
62825
62824
62824
62824
62824
62823
62823
62823
62823
62822
62822
62822
62822
62821
62821
62821
62821
62820
62820
62820
62820
62819
62819
62819
62819
62818
62818
62818
62818
62817
62817
62817
62817
62816
62816
62816
62816
62815
62815
62815
62815
62814
62814
62814
62814
62813
62813
62813
62812
62812
62812
62809
62807
62805
62804
62802
62801
62801
62800
62800
62800
62799
62798
62798
62796
62796
62796
62796
62795
62795
62795
62795
62794
62794
62794
62793
62793
62793
62793
62791
62791
62791
62790
62790
62790
62790
62789
62787
62787
62786
62786
62786
62785
62785
62785
62785
62784
62784
62784
62784
62783
62783
62782
62781
62781
62781
62781
62780
62780
62780
62780
62779
62779
62779
62778
62778
62778
62778
62778
62777
62777
62777
62777
62776
62776
62775
62774
62774
62774
62774
62773
62773
62773
62772
62772
62772
62772
62771
62771
62771
62771
62770
62770
62770
62770
62769
62768
62768
62766
62766
62766
62765
62765
62765
62765
62764
62764
62764
62764
62763
62763
62762
62762
62761
62761
62761
62760
62760
62760
62760
62759
62759
62759
62759
62758
62758
62758
62758
62757
62757
62757
62757
62756
62756
62756
62756
62755
62755
62755
62755
62754
62754
62754
62754
62753
62753
62753
62753
62752
62752
62752
62751
62751
62751
62751
62750
62750
62750
62750
62749
62749
62749
62749
62748
62748
62748
62748
62747
62747
62747
62747
62746
62746
62746
62746
62745
62745
62745
62745
62744
62744
62744
62744
62743
62743
62743
62743
62742
62742
62742
62742
62741
62741
62740
62738
62737
62735
62733
62730
62730
62728
62728
62728
62727
62727
62727
62726
62726
62726
62726
62725
62725
62725
62725
62724
62723
62723
62722
62722
62722
62722
62721
62721
62720
62719
62719
62719
62719
62718
62718
62718
62718
62717
62717
62717
62717
62716
62716
62715
62714
62714
62714
62714
62713
62713
62713
62713
62712
62712
62712
62712
62711
62711
62711
62711
62710
62710
62709
62708
62708
62708
62706
62706
62706
62705
62705
62705
62705
62704
62704
62704
62704
62703
62703
62703
62703
62702
62702
62702
62702
62701
62701
62700
62699
62698
62697
62697
62697
62697
62696
62696
62696
62696
62695
62694
62694
62693
62693
62693
62692
62692
62692
62692
62691
62691
62691
62691
62690
62690
62690
62690
62689
62689
62689
62689
62688
62688
62688
62688
62687
62687
62687
62687
62686
62686
62686
62685
62685
62685
62685
62684
62684
62684
62684
62683
62683
62683
62683
62682
62682
62682
62682
62681
62681
62681
62681
62680
62680
62680
62679
62679
62679
62679
62678
62678
62678
62678
62677
62677
62677
62676
62676
62676
62676
62675
62675
62675
62675
62674
62674
62674
62674
62673
62673
62673
62673
62672
62672
62672
62672
62671
62671
62671
62671
62670
62669
62666
62665
62663
62661
62660
62660
62659
62659
62659
62658
62658
62658
62658
62657
62657
62656
62655
62655
62655
62655
62654
62654
62654
62652
62652
62652
62652
62651
62651
62651
62651
62650
62650
62650
62650
62649
62649
62649
62646
62646
62646
62645
62645
62645
62644
62644
62644
62644
62643
62643
62643
62643
62642
62642
62642
62642
62641
62641
62641
62640
62640
62639
62639
62638
62638
62638
62637
62637
62637
62637
62636
62636
62636
62636
62635
62635
62635
62635
62634
62634
62634
62634
62632
62632
62630
62630
62630
62630
62629
62629
62629
62627
62627
62627
62626
62626
62626
62626
62625
62625
62625
62625
62624
62624
62624
62622
62622
62622
62622
62621
62621
62621
62620
62620
62620
62620
62619
62619
62619
62619
62618
62618
62618
62618
62617
62617
62617
62615
62615
62615
62614
62614
62614
62614
62613
62613
62613
62613
62612
62612
62612
62612
62611
62611
62611
62611
62610
62610
62610
62610
62609
62609
62609
62609
62608
62608
62608
62608
62607
62607
62607
62606
62606
62606
62606
62605
62605
62605
62605
62604
62604
62604
62604
62603
62603
62603
62603
62602
62602
62602
62602
62601
62601
62601
62601
62600
62600
62600
62599
62599
62599
62582
62581
62579
62578
62576
62575
62574
62574
62574
62574
62572
62572
62572
62571
62571
62571
62571
62570
62569
62569
62568
62568
62568
62568
62567
62567
62567
62567
62566
62566
62566
62566
62565
62564
62563
62563
62563
62563
62562
62562
62562
62562
62561
62561
62561
62561
62560
62560
62560
62560
62559
62559
62559
62559
62558
62558
62557
62556
62556
62556
62556
62555
62555
62555
62554
62554
62554
62554
62553
62553
62553
62553
62552
62552
62552
62552
62551
62550
62550
62548
62548
62548
62547
62546
62546
62545
62545
62545
62545
62544
62544
62543
62543
62543
62543
62542
62542
62542
62542
62541
62540
62540
62538
62538
62538
62537
62537
62537
62537
62536
62536
62536
62536
62535
62535
62535
62535
62534
62534
62534
62533
62533
62533
62533
62532
62532
62532
62532
62531
62531
62531
62531
62530
62530
62530
62530
62529
62529
62529
62529
62528
62528
62528
62528
62527
62527
62527
62526
62526
62526
62526
62525
62525
62525
62525
62524
62524
62524
62524
62523
62523
62523
62523
62522
62522
62522
62522
62521
62521
62521
62521
62520
62520
62520
62520
62519
62519
62519
62519
62518
62518
62518
62518
62517
62517
62517
62516
62516
62516
62516
62515
62515
62512
62511
62509
62508
62504
62503
62502
62502
62502
62501
62501
62500
62499
62498
62498
62498
62497
62497
62497
62497
62496
62496
62496
62496
62495
62495
62495
62492
62492
62492
62491
62491
62491
62491
62490
62490
62490
62489
62489
62489
62489
62488
62488
62488
62488
62487
62487
62487
62487
62486
62485
62485
62484
62484
62484
62483
62483
62483
62483
62482
62482
62482
62482
62481
62481
62481
62481
62480
62480
62480
62480
62478
62478
62476
62475
62475
62474
62474
62473
62473
62473
62473
62472
62472
62472
62472
62471
62471
62471
62470
62470
62470
62470
62469
62468
62468
62466
62466
62466
62465
62465
62465
62465
62464
62464
62464
62464
62463
62463
62463
62463
62462
62462
62462
62461
62461
62461
62461
62460
62460
62460
62460
62459
62459
62459
62459
62458
62458
62458
62458
62457
62457
62457
62457
62456
62456
62456
62456
62455
62455
62455
62455
62454
62454
62454
62453
62453
62453
62453
62452
62452
62452
62452
62451
62451
62451
62451
62450
62450
62450
62450
62449
62449
62449
62449
62448
62448
62448
62448
62447
62447
62447
62447
62446
62446
62446
62446
62445
62445
62445
62445
62444
62444
62444
62443
62443
62443
62443
62442
62442
62442
62442
62440
62439
62437
62436
62433
62432
62430
62430
62430
62429
62429
62429
62429
62428
62428
62428
62428
62427
62427
62427
62426
62425
62425
62424
62424
62424
62424
62423
62423
62423
62423
62422
62422
62422
62422
62421
62421
62421
62421
62420
62420
62420
62420
62419
62418
62417
62417
62417
62416
62416
62416
62415
62415
62415
62414
62414
62413
62413
62413
62410
62409
62409
62408
62408
62406
62403
62402
62400
62400
62399
62399
62398
62398
62398
62397
62396
62396
62396
62395
62395
62395
62394
62394
62394
62393
62393
62299
62298
62295
62295
62293
62293
62293
62293
62292
62292
62291
62291
62291
62288
62288
62287
62287
62286
62286
62286
62285
62285
62285
62284
62284
62284
62283
62283
62283
62282
62282
62282
62281
62281
62233
62232
62232
62231
62231
62231
62230
62230
62230
62230
62229
62229
62229
62229
62228
62228
62228
62228
62227
62227
62227
62227
62226
62226
62226
62226
62225
62225
62225
62224
62224
62224
62224
62223
62223
62223
62223
62222
62222
62222
62222
62221
62221
62221
62221
62220
62220
62220
62219
62219
62219
62219
62218
62218
62218
62218
62217
62217
62217
62217
62216
62216
62216
62216
62215
62215
62215
62215
62214
62214
62214
62213
62210
62209
62207
62206
62204
62203
62203
62203
62202
62202
62202
62201
62201
62201
62201
62199
62199
62199
62198
62198
62198
62198
62197
62197
62197
62197
62196
62196
62196
62196
62195
62195
62194
62194
62194
62194
62193
62193
62190
62190
62189
62189
62189
62189
62188
62188
62188
62188
62187
62187
62187
62186
62186
62186
62186
62185
62182
62182
62182
62180
62180
62178
62178
62178
62178
62177
62177
62177
62177
62176
62176
62176
62176
62175
62175
62175
62175
62174
62174
62174
62174
62173
62172
62171
62170
62170
62170
62169
62169
62169
62169
62168
62168
62168
62167
62167
62167
62167
62166
62166
62166
62166
62165
62165
62165
62163
62163
62163
62163
62162
62162
62162
62162
62161
62161
62161
62161
62160
62160
62160
62160
62159
62159
62159
62159
62158
62158
62158
62156
62156
62155
62155
62155
62155
62154
62154
62154
62154
62153
62153
62153
62153
62152
62152
62152
62152
62151
62151
62151
62151
62150
62150
62150
62149
62149
62149
62149
62148
62148
62148
62148
62147
62147
62147
62147
62146
62146
62146
62146
62145
62145
62145
62145
62144
62144
62143
62143
62143
62143
62142
62142
62142
62142
62141
62140
62139
62139
62139
62139
62138
62138
62138
62136
62134
62133
62131
62130
62128
62128
62128
62127
62126
62126
62126
62125
62125
62125
62125
62124
62124
62124
62124
62123
62123
62123
62123
62122
62122
62122
62122
62121
62121
62121
62120
62119
62119
62119
62118
62118
62118
62117
62117
62117
62117
62116
62116
62116
62116
62115
62114
62114
62113
62113
62113
62113
62111
62111
62109
62109
62109
62109
62108
62108
62108
62108
62107
62107
62107
62107
62106
62106
62106
62106
62105
62105
62105
62105
62104
62103
62103
62101
62101
62101
62100
62100
62100
62100
62099
62099
62099
62099
62098
62098
62098
62098
62097
62097
62097
62097
62096
62096
62095
62094
62094
62094
62094
62093
62093
62093
62092
62092
62092
62092
62091
62091
62091
62091
62090
62090
62090
62090
62089
62089
62089
62089
62088
62088
62088
62088
62087
62087
62087
62087
62086
62086
62086
62086
62085
62085
62085
62085
62084
62084
62084
62084
62083
62083
62083
62083
62082
62082
62082
62081
62081
62081
62081
62080
62080
62080
62080
62079
62079
62079
62079
62078
62078
62078
62078
62077
62077
62077
62077
62076
62076
62076
62076
62075
62074
62073
62073
62073
62073
62072
62072
62072
62071
62071
62071
62071
62070
62070
62070
62070
62069
62067
62065
62064
62062
62060
62058
62057
62057
62057
62057
62056
62056
62056
62056
62055
62055
62055
62055
62054
62054
62054
62054
62053
62053
62053
62053
62051
62051
62050
62050
62050
62050
62049
62049
62049
62048
62048
62048
62046
62046
62046
62046
62045
62045
62045
62045
62044
62043
62043
62041
62041
62041
62040
62040
62040
62040
62039
62039
62039
62039
62038
62038
62038
62037
62037
62037
62037
62036
62036
62035
62034
62034
62032
62032
62032
62031
62031
62031
62031
62030
62030
62030
62030
62029
62029
62029
62028
62028
62028
62028
62027
62027
62027
62025
62025
62025
62025
62024
62024
62024
62023
62023
62023
62023
62022
62022
62022
62022
62021
62021
62021
62021
62020
62020
62020
62020
62019
62019
62019
62019
62018
62018
62018
62017
62017
62017
62017
62016
62016
62016
62016
62015
62015
62015
62015
62014
62014
62014
62014
62013
62013
62013
62013
62012
62012
62012
62012
62011
62011
62011
62011
62010
62010
62010
62009
62009
62009
62008
62008
62008
62008
62007
62007
62007
62007
62006
62005
62005
62004
62004
62004
62003
62003
62003
62003
62002
62002
62002
62002
62001
62001
62001
62001
62000
62000
62000
62000
61999
61999
61999
61999
61998
61996
61994
61992
61990
61989
61987
61987
61987
61986
61986
61986
61986
61985
61985
61985
61985
61984
61984
61984
61984
61982
61982
61981
61981
61981
61981
61980
61980
61980
61978
61978
61978
61978
61977
61977
61977
61976
61976
61976
61976
61975
61974
61974
61972
61972
61972
61972
61971
61971
61971
61970
61970
61970
61970
61969
61969
61969
61969
61968
61968
61968
61968
61967
61967
61964
61964
61963
61962
61962
61962
61962
61961
61961
61961
61961
61960
61960
61960
61960
61959
61959
61959
61959
61958
61958
61958
61957
61956
61956
61956
61955
61955
61955
61955
61954
61954
61954
61954
61953
61953
61953
61952
61952
61952
61952
61951
61951
61951
61951
61950
61950
61950
61950
61949
61949
61949
61949
61948
61948
61948
61948
61947
61947
61947
61947
61946
61946
61946
61946
61945
61945
61945
61944
61944
61944
61944
61943
61943
61943
61943
61942
61942
61942
61942
61941
61941
61941
61941
61940
61940
61940
61940
61939
61939
61939
61939
61938
61937
61937
61936
61936
61936
61935
61935
61935
61935
61934
61934
61934
61934
61933
61933
61933
61933
61932
61932
61932
61932
61931
61931
61931
61930
61930
61930
61930
61929
61929
61929
61929
61928
61928
61928
61926
61925
61923
61922
61921
61919
61919
61919
61918
61918
61918
61918
61917
61917
61914
61914
61914
61914
61913
61913
61912
61911
61911
61911
61910
61910
61910
61910
61909
61909
61909
61909
61908
61908
61908
61906
61906
61904
61904
61904
61904
61903
61903
61903
61903
61902
61902
61902
61902
61901
61901
61901
61901
61900
61900
61900
61900
61899
61898
61897
61896
61895
61895
61895
61895
61894
61894
61894
61894
61893
61893
61893
61893
61892
61892
61892
61892
61891
61891
61891
61891
61889
61889
61888
61888
61888
61888
61887
61887
61887
61887
61886
61886
61886
61886
61885
61885
61885
61883
61883
61883
61883
61882
61882
61882
61882
61881
61881
61881
61881
61880
61880
61880
61879
61879
61879
61879
61878
61878
61878
61878
61877
61877
61877
61877
61876
61876
61876
61874
61874
61874
61874
61873
61873
61873
61873
61872
61872
61872
61872
61871
61871
61871
61871
61870
61870
61870
61870
61868
61867
61867
61867
61867
61866
61866
61866
61866
61865
61865
61865
61865
61864
61864
61864
61864
61863
61863
61863
61863
61862
61862
61862
61862
61861
61861
61861
61861
61860
61860
61860
61860
61859
61859
61859
61859
61858
61858
61858
61858
61857
61857
61857
61855
61854
61852
61850
61848
61847
61847
61846
61845
61845
61844
61843
61843
61842
61842
61842
61842
61841
61841
61841
61841
61840
61840
61840
61839
61839
61839
61839
61838
61837
61837
61835
61835
61835
61834
61834
61834
61834
61833
61833
61833
61832
61832
61832
61832
61831
61831
61831
61831
61830
61830
61830
61828
61828
61827
61826
61826
61826
61826
61825
61825
61825
61825
61824
61824
61824
61823
61823
61823
61823
61822
61822
61822
61822
61821
61820
61820
61819
61819
61819
61819
61818
61818
61818
61817
61817
61817
61817
61816
61816
61816
61816
61814
61814
61814
61813
61813
61813
61813
61812
61812
61812
61811
61811
61811
61811
61810
61810
61810
61810
61809
61809
61809
61809
61808
61808
61808
61808
61807
61807
61807
61807
61806
61806
61806
61806
61805
61805
61805
61805
61804
61804
61804
61804
61803
61803
61803
61803
61802
61801
61801
61800
61800
61800
61800
61799
61799
61799
61799
61798
61798
61798
61798
61797
61797
61797
61796
61796
61796
61796
61795
61795
61795
61795
61794
61794
61794
61794
61793
61793
61793
61793
61792
61792
61792
61792
61791
61791
61791
61791
61790
61790
61790
61790
61789
61789
61789
61789
61788
61788
61788
61788
61785
61783
61780
61779
61777
61775
61775
61774
61774
61774
61774
61773
61773
61773
61772
61772
61772
61772
61771
61771
61771
61771
61770
61769
61768
61767
61767
61766
61766
61766
61766
61765
61765
61765
61765
61764
61764
61764
61764
61763
61763
61763
61762
61762
61762
61762
61760
61760
61758
61758
61758
61758
61757
61757
61757
61757
61756
61756
61756
61756
61755
61755
61755
61755
61754
61754
61754
61753
61753
61752
61751
61751
61751
61751
61750
61750
61750
61750
61749
61749
61749
61749
61748
61748
61748
61748
61746
61746
61746
61745
61745
61745
61745
61744
61744
61744
61744
61743
61743
61743
61743
61742
61742
61742
61742
61741
61741
61740
61739
61739
61739
61739
61738
61738
61738
61737
61737
61737
61737
61736
61736
61736
61736
61735
61735
61735
61735
61734
61734
61734
61732
61732
61732
61732
61731
61731
61731
61731
61730
61730
61730
61730
61729
61729
61729
61729
61728
61728
61728
61728
61727
61727
61727
61727
61726
61726
61726
61726
61725
61725
61725
61725
61724
61724
61724
61724
61723
61723
61723
61723
61722
61722
61722
61721
61721
61721
61721
61720
61720
61720
61720
61719
61719
61719
61719
61718
61718
61718
61718
61717
61717
61717
61715
61714
61712
61711
61708
61707
61707
61706
61706
61706
61705
61705
61705
61705
61704
61704
61704
61702
61702
61701
61700
61700
61700
61700
61699
61699
61699
61699
61698
61698
61698
61697
61697
61697
61697
61696
61696
61696
61696
61695
61694
61694
61692
61692
61692
61692
61691
61691
61691
61691
61690
61690
61690
61690
61689
61689
61689
61689
61688
61688
61688
61687
61687
61686
61685
61684
61684
61684
61683
61683
61683
61683
61682
61682
61682
61681
61681
61681
61681
61680
61679
61679
61678
61678
61678
61678
61677
61677
61677
61677
61676
61676
61676
61676
61675
61675
61675
61674
61674
61674
61674
61672
61672
61671
61670
61670
61670
61670
61669
61669
61669
61669
61668
61668
61668
61668
61667
61667
61667
61667
61666
61665
61664
61664
61664
61664
61663
61663
61663
61663
61662
61662
61662
61662
61661
61661
61661
61661
61660
61660
61660
61660
61659
61659
61659
61659
61658
61658
61658
61658
61657
61657
61657
61656
61656
61656
61656
61655
61655
61655
61655
61654
61654
61654
61654
61653
61653
61653
61653
61652
61652
61652
61652
61651
61651
61651
61651
61650
61650
61650
61650
61649
61649
61649
61649
61648
61648
61648
61648
61647
61647
61647
61645
61644
61642
61641
61639
61637
61636
61636
61636
61635
61635
61634
61633
61632
61631
61631
61631
61630
61630
61630
61630
61629
61629
61629
61629
61628
61628
61628
61628
61627
61627
61627
61627
61626
61625
61625
61623
61623
61623
61623
61622
61622
61622
61621
61621
61621
61621
61620
61620
61620
61620
61619
61619
61619
61618
61618
61618
61617
61616
61616
61616
61616
61615
61615
61615
61614
61614
61614
61614
61613
61613
61613
61613
61612
61611
61611
61610
61610
61610
61610
61609
61609
61609
61608
61608
61608
61608
61607
61607
61607
61607
61606
61606
61606
61606
61604
61604
61602
61602
61602
61602
61601
61601
61601
61601
61600
61600
61600
61600
61599
61599
61599
61576
61576
61575
61575
61575
61574
61574
61574
61573
61573
61573
61572
61572
61572
61571
61571
61569
61569
61568
61568
61568
61567
61567
61567
61566
61566
61566
61565
61564
61564
61564
61564
61563
61563
61563
61562
61562
61562
61561
61561
61561
61560
61560
61560
61559
61559
61559
61558
61558
61558
61558
61557
61557
61557
61556
61556
61556
61555
61555
61555
61554
61554
61554
61553
61553
61553
61553
61552
61552
61552
61551
61551
61551
61550
61550
61550
61549
61549
61549
61548
61546
61545
61543
61542
61540
61537
61537
61536
61535
61535
61535
61535
61534
61534
61534
61534
61533
61533
61533
61533
61532
61532
61532
61532
61531
61531
61531
61530
61529
61529
61527
61527
61526
61526
61526
61525
61525
61525
61525
61524
61524
61524
61524
61523
61523
61523
61523
61522
61522
61522
61522
61520
61520
61520
61519
61519
61519
61519
61518
61518
61518
61518
61517
61517
61517
61517
61516
61516
61515
61514
61514
61514
61513
61513
61513
61513
61512
61512
61512
61512
61511
61511
61511
61511
61510
61510
61510
61510
61509
61508
61507
61506
61506
61505
61505
61505
61505
61504
61504
61504
61504
61503
61503
61502
61502
61501
61501
61501
61501
61500
61500
61500
61499
61499
61499
61499
61498
61498
61498
61498
61497
61497
61497
61497
61496
61496
61496
61496
61495
61495
61495
61495
61494
61494
61494
61494
61493
61493
61493
61493
61492
61492
61492
61491
61491
61491
61491
61490
61490
61490
61490
61489
61489
61489
61489
61488
61488
61488
61488
61487
61487
61487
61487
61486
61486
61486
61486
61485
61485
61485
61485
61484
61484
61484
61483
61483
61483
61483
61482
61482
61482
61482
61481
61481
61481
61481
61480
61480
61480
61480
61479
61479
61476
61473
61470
61468
61466
61465
61465
61464
61464
61463
61463
61463
61462
61462
61462
61462
61461
61461
61461
61461
61460
61460
61458
61458
61457
61457
61456
61456
61456
61456
61455
61455
61455
61455
61454
61454
61454
61453
61453
61453
61453
61452
61452
61452
61451
61450
61450
61449
61449
61449
61449
61448
61448
61448
61448
61447
61447
61447
61446
61446
61446
61446
61444
61444
61444
61443
61443
61443
61442
61442
61442
61442
61441
61441
61441
61441
61440
61440
61440
61440
61439
61439
61439
61437
61437
61436
61435
61435
61435
61435
61434
61434
61434
61434
61432
61432
61432
61431
61431
61431
61431
61430
61430
61430
61430
61429
61428
61428
61427
61427
61427
61426
61426
61426
61426
61425
61425
61425
61425
61424
61424
61424
61424
61423
61423
61423
61423
61422
61422
61422
61422
61421
61421
61421
61421
61420
61420
61420
61420
61419
61419
61419
61419
61418
61418
61418
61418
61417
61417
61417
61416
61416
61416
61416
61415
61415
61415
61415
61414
61414
61414
61414
61413
61413
61413
61413
61412
61412
61412
61412
61411
61411
61411
61411
61410
61410
61410
61410
61409
61409
61409
61409
61408
61408
61408
61408
61407
61407
61407
61407
61406
61406
61404
61403
61401
61400
61399
61397
61397
61397
61396
61396
61396
61396
61395
61395
61395
61395
61393
61393
61391
61391
61391
61390
61390
61390
61390
61389
61389
61389
61389
61388
61388
61388
61388
61387
61387
61387
61387
61386
61386
61385
61384
61384
61384
61384
61383
61383
61383
61383
61382
61382
61382
61381
61381
61381
61381
61380
61379
61379
61379
61378
61378
61378
61377
61377
61376
61375
61375
61375
61375
61374
61374
61374
61374
61373
61373
61373
61373
61371
61371
61369
61369
61369
61369
61368
61368
61367
61366
61366
61366
61366
61365
61365
61365
61365
61364
61364
61364
61364
61363
61363
61362
61361
61360
61360
61359
61359
61359
61359
61358
61358
61358
61358
61357
61357
61357
61357
61356
61356
61356
61356
61355
61355
61355
61354
61354
61354
61354
61353
61353
61353
61353
61352
61352
61352
61352
61351
61351
61351
61351
61350
61350
61350
61350
61349
61349
61349
61349
61348
61348
61348
61348
61347
61347
61347
61347
61346
61346
61346
61345
61345
61345
61345
61344
61344
61344
61344
61343
61343
61343
61343
61342
61342
61342
61342
61341
61341
61341
61341
61340
61340
61340
61340
61339
61339
61339
61339
61338
61338
61338
61338
61337
61337
61335
61334
61332
61331
61328
61326
61326
61326
61326
61325
61324
61324
61322
61322
61322
61322
61321
61321
61321
61321
61320
61320
61320
61319
61319
61319
61319
61318
61318
61318
61318
61317
61317
61316
61315
61315
61315
61315
61314
61314
61314
61314
61313
61313
61313
61313
61312
61312
61312
61312
61310
61310
61310
61309
61309
61309
61309
61308
61308
61308
61308
61307
61307
61307
61307
61306
61306
61306
61306
61305
61305
61303
61303
61302
61302
61301
61300
61299
61299
61299
61299
61298
61298
61298
61298
61297
61297
61297
61297
61296
61296
61296
61296
61295
61294
61293
61292
61292
61291
61291
61291
61291
61290
61290
61290
61290
61289
61289
61289
61289
61288
61288
61288
61288
61287
61287
61287
61286
61286
61286
61286
61285
61285
61285
61285
61284
61284
61284
61283
61282
61282
61282
61282
61281
61281
61281
61281
61280
61280
61280
61279
61279
61279
61279
61278
61278
61278
61278
61277
61277
61277
61277
61276
61276
61276
61276
61275
61275
61275
61274
61274
61274
61273
61273
61273
61273
61272
61272
61272
61272
61271
61271
61271
61271
61270
61270
61270
61270
61269
61269
61269
61268
61268
61268
61268
61267
61267
61267
61267
61266
61266
61266
61264
61263
61261
61260
61257
61255
61254
61254
61253
61253
61253
61252
61252
61252
61252
61251
61251
61251
61251
61250
61250
61250
61249
61249
61249
61249
61248
61247
61247
61246
61246
61246
61246
61245
61245
61245
61245
61244
61244
61244
61244
61243
61243
61243
61241
61241
61241
61240
61240
61240
61240
61239
61239
61239
61239
61238
61238
61238
61238
61237
61237
61237
61237
61236
61236
61235
61234
61232
61231
61231
61231
61231
61230
61230
61230
61230
61229
61229
61229
61229
61228
61228
61228
61228
61227
61227
61227
61227
61225
61225
61223
61223
61223
61223
61222
61222
61222
61222
61221
61221
61221
61221
61220
61220
61220
61220
61219
61219
61219
61219
61218
61218
61218
61218
61217
61217
61217
61217
61216
61216
61216
61216
61215
61215
61215
61215
61214
61214
61214
61214
61213
61213
61213
61213
61212
61212
61212
61212
61211
61211
61211
61211
61210
61210
61210
61210
61209
61209
61209
61208
61208
61208
61208
61207
61207
61207
61207
61206
61206
61206
61206
61205
61205
61205
61205
61204
61204
61204
61204
61203
61203
61203
61203
61202
61202
61202
61201
61201
61201
61201
61200
61200
61200
61200
61199
61199
61199
61199
61198
61198
61198
61198
61194
61192
61189
61188
61186
61185
61184
61184
61184
61184
61183
61183
61183
61182
61182
61182
61182
61181
61181
61181
61181
61179
61179
61178
61178
61178
61178
61177
61177
61177
61177
61176
61176
61176
61176
61175
61175
61175
61173
61173
61173
61172
61172
61172
61172
61171
61171
61171
61171
61170
61170
61170
61170
61169
61169
61169
61168
61168
61167
61165
61165
61164
61163
61163
61163
61163
61162
61162
61162
61161
61161
61161
61161
61160
61160
61160
61160
61159
61159
61159
61159
61158
61157
61157
61155
61155
61155
61154
61154
61154
61154
61153
61153
61153
61153
61152
61152
61152
61152
61151
61151
61151
61151
61150
61150
61149
61148
61148
61148
61148
61147
61147
61147
61147
61146
61146
61146
61146
61145
61145
61145
61144
61144
61144
61144
61143
61143
61143
61143
61142
61142
61142
61142
61141
61141
61141
61141
61140
61140
61140
61140
61139
61139
61139
61139
61138
61138
61138
61138
61137
61137
61137
61137
61136
61136
61136
61136
61135
61135
61135
61135
61134
61134
61134
61134
61133
61133
61133
61132
61132
61132
61132
61131
61131
61131
61130
61130
61130
61130
61129
61129
61129
61128
61128
61128
61128
61126
61126
61125
61125
61125
61125
61123
61122
61120
61119
61118
61116
61116
61115
61115
61115
61115
61114
61114
61114
61114
61112
61112
61111
61111
61111
61111
61110
61110
61110
61110
61109
61109
61109
61109
61108
61108
61108
61106
61106
61106
61106
61105
61105
61105
61105
61104
61104
61104
61104
61103
61103
61103
61103
61102
61101
61100
61100
61100
61098
61098
61097
61096
61096
61096
61096
61095
61095
61095
61095
61093
61093
61093
61092
61092
61092
61091
61091
61091
61091
61090
61090
61089
61089
61087
61087
61087
61086
61086
61086
61086
61085
61085
61085
61085
61084
61084
61084
61084
61083
61083
61083
61083
61082
61082
61081
61080
61080
61080
61079
61079
61079
61079
61078
61078
61078
61078
61077
61077
61077
61077
61076
61076
61076
61076
61075
61075
61075
61075
61074
61074
61074
61074
61073
61073
61073
61073
61072
61072
61072
61072
61071
61071
61071
61071
61070
61070
61070
61070
61069
61069
61069
61069
61068
61068
61068
61068
61067
61067
61067
61066
61066
61066
61066
61065
61065
61065
61065
61064
61064
61064
61064
61063
61063
61063
61063
61062
61062
61062
61062
61061
61061
61061
61059
61059
61059
61059
61058
61058
61058
61058
61057
61057
61057
61057
61056
61056
61056
61054
61053
61050
61048
61047
61045
61045
61045
61044
61043
61043
61043
61042
61042
61042
61042
61041
61041
61041
61041
61040
61040
61040
61039
61039
61039
61038
61037
61037
61037
61037
61036
61036
61036
61036
61035
61035
61035
61034
61034
61033
61032
61032
61032
61032
61031
61031
61030
61029
61028
61027
61027
61027
61027
61026
61026
61026
61025
61025
61025
61025
61024
61024
61024
61024
61023
61023
61023
61023
61022
61021
61021
61019
61019
61019
61018
61018
61018
61018
61017
61017
61017
61017
61016
61016
61016
61015
61015
61015
61015
61014
61014
61014
61012
61012
61012
61011
61011
61011
61011
61010
61010
61010
61010
61009
61009
61009
61009
61008
61008
61008
61008
61007
61007
61007
61007
61006
61006
61006
61005
61005
61005
61005
61004
61004
61004
61004
61003
60976
60975
60975
60975
60975
60974
60974
60974
60973
60973
60973
60972
60972
60972
60972
60971
60971
60971
60971
60970
60970
60970
60970
60969
60969
60969
60969
60968
60968
60968
60967
60967
60967
60967
60966
60966
60966
60966
60965
60965
60963
60963
60963
60962
60962
60962
60962
60961
60961
60961
60960
60960
60960
60960
60959
60959
60959
60959
60958
60958
60958
60958
60957
60957
60956
60954
60953
60950
60948
60947
60946
60946
60946
60945
60945
60945
60945
60944
60944
60944
60944
60943
60943
60943
60941
60941
60941
60940
60940
60940
60940
60939
60939
60939
60939
60937
60937
60937
60937
60936
60936
60936
60935
60935
60935
60933
60933
60932
60932
60931
60931
60931
60931
60930
60930
60930
60930
60929
60929
60929
60928
60928
60928
60928
60927
60927
60927
60927
60925
60925
60923
60923
60923
60923
60922
60922
60922
60922
60921
60921
60921
60921
60920
60920
60920
60919
60919
60919
60919
60918
60918
60917
60916
60916
60916
60916
60915
60915
60915
60915
60914
60914
60914
60914
60913
60913
60913
60913
60912
60912
60912
60912
60911
60911
60911
60911
60910
60910
60910
60910
60909
60909
60909
60909
60908
60908
60908
60908
60907
60907
60907
60907
60906
60906
60906
60906
60905
60905
60905
60905
60904
60904
60904
60904
60903
60903
60903
60903
60902
60902
60902
60902
60901
60901
60901
60900
60900
60900
60900
60899
60899
60899
60899
60897
60897
60896
60896
60896
60896
60895
60895
60895
60895
60894
60894
60894
60894
60893
60893
60893
60893
60892
60892
60892
60892
60891
60891
60891
60891
60890
60890
60890
60890
60889
60889
60889
60886
60884
60882
60881
60879
60877
60876
60876
60876
60876
60875
60875
60875
60875
60873
60872
60872
60871
60871
60869
60868
60868
60866
60865
60865
60864
60864
60864
60863
60863
60862
60862
60862
60861
60861
60858
60858
60856
60856
60855
60854
60811
60810
60810
60809
60809
60809
60809
60808
60808
60808
60807
60807
60807
60807
60806
60806
60806
60804
60804
60802
60802
60802
60801
60801
60801
60801
60800
60800
60800
60800
60799
60799
60799
60799
60798
60798
60798
60798
60797
60797
60796
60795
60795
60795
60795
60794
60794
60794
60793
60793
60793
60793
60792
60792
60792
60792
60791
60791
60791
60790
60790
60790
60790
60788
60788
60788
60787
60787
60787
60787
60786
60786
60786
60786
60785
60785
60785
60785
60784
60784
60784
60784
60783
60783
60783
60783
60782
60782
60782
60781
60781
60781
60781
60780
60780
60780
60780
60779
60779
60779
60779
60778
60778
60778
60777
60777
60777
60777
60776
60775
60775
60774
60774
60774
60774
60773
60773
60773
60773
60772
60772
60772
60772
60771
60771
60771
60770
60770
60770
60770
60769
60769
60769
60769
60768
60768
60768
60768
60767
60767
60767
60767
60766
60766
60766
60766
60765
60765
60765
60765
60764
60763
60761
60760
60758
60757
60756
60755
60755
60754
60753
60753
60753
60753
60751
60751
60751
60750
60750
60750
60749
60749
60749
60749
60748
60748
60748
60748
60747
60747
60745
60745
60744
60743
60743
60743
60743
60742
60742
60742
60742
60741
60741
60741
60741
60740
60740
60740
60740
60739
60739
60739
60739
60737
60737
60735
60735
60735
60735
60734
60734
60734
60734
60733
60733
60731
60731
60731
60730
60730
60730
60729
60729
60729
60728
60728
60726
60726
60725
60725
60725
60724
60724
60724
60724
60723
60723
60723
60722
60722
60722
60722
60721
60721
60721
60721
60720
60720
60720
60718
60718
60718
60717
60717
60717
60716
60716
60716
60715
60715
60715
60715
60714
60714
60714
60714
60713
60713
60713
60713
60712
60712
60712
60711
60711
60711
60711
60710
60710
60710
60710
60709
60709
60709
60709
60708
60708
60708
60707
60707
60707
60707
60705
60705
60705
60705
60704
60704
60704
60703
60703
60703
60703
60702
60702
60702
60702
60701
60701
60701
60701
60700
60700
60700
60700
60699
60699
60699
60699
60698
60698
60698
60698
60697
60697
60697
60697
60696
60696
60696
60696
60695
60695
60695
60695
60694
60694
60694
60693
60693
60693
60693
60692
60691
60688
60685
60684
60683
60681
60681
60681
60681
60680
60680
60680
60679
60679
60679
60679
60678
60678
60678
60678
60677
60677
60677
60675
60675
60674
60673
60673
60673
60673
60672
60672
60672
60671
60671
60671
60671
60670
60670
60670
60670
60669
60669
60669
60669
60668
60667
60667
60665
60665
60665
60664
60664
60664
60663
60663
60663
60663
60662
60662
60661
60661
60661
60660
60658
60657
60657
60657
60656
60654
60654
60653
60653
60653
60652
60652
60652
60651
60651
60650
60650
60649
60649
60648
60612
60611
60610
60610
60610
60610
60609
60609
60607
60607
60607
60606
60606
60606
60606
60605
60605
60605
60604
60604
60604
60604
60603
60602
60601
60601
60601
60600
60600
60600
60600
60599
60599
60599
60599
60598
60598
60598
60574
60574
60574
60573
60573
60573
60571
60570
60570
60570
60568
60568
60567
60567
60567
60566
60566
60566
60565
60565
60565
60564
60564
60564
60563
60563
60563
60562
60562
60562
60562
60561
60561
60561
60560
60560
60560
60560
60559
60559
60559
60558
60558
60558
60558
60557
60557
60557
60557
60556
60556
60556
60556
60555
60555
60555
60555
60554
60554
60554
60554
60553
60553
60553
60553
60552
60552
60552
60552
60551
60548
60546
60544
60543
60541
60540
60540
60539
60539
60539
60539
60538
60538
60538
60537
60537
60537
60536
60535
60534
60534
60533
60533
60533
60533
60532
60532
60532
60532
60531
60531
60531
60530
60530
60530
60530
60529
60529
60529
60529
60527
60527
60525
60525
60525
60525
60524
60524
60524
60524
60523
60523
60523
60522
60522
60522
60522
60521
60521
60521
60521
60520
60520
60519
60518
60518
60518
60518
60517
60517
60517
60517
60516
60516
60516
60516
60515
60515
60515
60515
60514
60514
60514
60514
60513
60513
60511
60511
60511
60511
60510
60510
60509
60509
60509
60509
60508
60508
60508
60508
60507
60506
60506
60505
60505
60505
60505
60504
60504
60504
60504
60503
60503
60503
60503
60502
60502
60502
60501
60501
60501
60501
60500
60499
60498
60498
60498
60498
60497
60497
60497
60497
60496
60496
60496
60496
60495
60495
60495
60495
60494
60494
60494
60494
60493
60493
60493
60493
60492
60492
60492
60491
60491
60491
60491
60490
60490
60490
60490
60489
60489
60489
60489
60488
60488
60488
60488
60487
60487
60487
60487
60486
60486
60486
60486
60485
60485
60485
60485
60484
60484
60484
60483
60483
60483
60483
60482
60482
60482
60482
60481
60481
60477
60476
60474
60473
60471
60470
60470
60469
60469
60469
60469
60467
60466
60465
60465
60464
60464
60464
60464
60463
60463
60463
60463
60462
60462
60462
60462
60461
60461
60461
60461
60460
