2026-10-03T22:54:45.4541120Z Current runner version: '2.337.0'
2026-10-03T22:54:45.4565677Z ##[group]Runner Image Provisioner
2026-10-03T22:54:45.4567019Z Hosted Compute Agent
2026-10-03T22:54:45.4567625Z Version: 20260901.588
2026-10-03T22:54:45.4568239Z Commit: f88ec8081b781fac6c440065ac7ff9e710ce3d0b
2026-10-03T22:54:45.4569038Z Build Date: 2026-09-01T19:56:44Z
2026-10-03T22:54:45.4569754Z Worker ID: {264ce505-39cb-4c10-b5d8-1bf5f8f584f3}
2026-10-03T22:54:45.4570536Z Azure Region: eastus2
2026-10-03T22:54:45.4571106Z ##[endgroup]
2026-10-03T22:54:45.4572649Z ##[group]Operating System
2026-10-03T22:54:45.4573384Z Ubuntu
2026-10-03T22:54:45.4573940Z 24.04.5
2026-10-03T22:54:45.4574553Z LTS
2026-10-03T22:54:45.4575262Z ##[endgroup]
2026-10-03T22:54:45.4575833Z ##[group]Runner Image
2026-10-03T22:54:45.4576480Z Image: ubuntu-24.04
2026-10-03T22:54:45.4577074Z Version: 20260927.320.1
2026-10-03T22:54:45.4578383Z Included Software: https://github.com/actions/runner-images/blob/ubuntu24/20260927.320/images/ubuntu/Ubuntu2404-Readme.md
2026-10-03T22:54:45.4579926Z Image Release: https://github.com/actions/runner-images/releases/tag/ubuntu24%2F20260927.320
2026-10-03T22:54:45.4580931Z ##[endgroup]
2026-10-03T22:54:45.4586268Z ##[group]GITHUB_TOKEN Permissions
2026-10-03T22:54:45.4588888Z Actions: write
2026-10-03T22:54:45.4589534Z ArtifactMetadata: write
2026-10-03T22:54:45.4590511Z Attestations: write
2026-10-03T22:54:45.4591163Z Checks: write
2026-10-03T22:54:45.4591707Z CodeQuality: write
2026-10-03T22:54:45.4592355Z Contents: write
2026-10-03T22:54:45.4592914Z CopilotRequests: write
2026-10-03T22:54:45.4593547Z Deployments: write
2026-10-03T22:54:45.4594128Z Discussions: write
2026-10-03T22:54:45.4594668Z Drives: write
2026-10-03T22:54:45.4595587Z Issues: write
2026-10-03T22:54:45.4596181Z Metadata: read
2026-10-03T22:54:45.4596799Z Models: read
2026-10-03T22:54:45.4597450Z Packages: write
2026-10-03T22:54:45.4598034Z Pages: write
2026-10-03T22:54:45.4598614Z PullRequests: write
2026-10-03T22:54:45.4599220Z RepositoryProjects: write
2026-10-03T22:54:45.4599852Z SecurityEvents: write
2026-10-03T22:54:45.4600493Z Statuses: write
2026-10-03T22:54:45.4601045Z VulnerabilityAlerts: read
2026-10-03T22:54:45.4601659Z ##[endgroup]
2026-10-03T22:54:45.4604228Z Secret source: Actions
2026-10-03T22:54:45.4605642Z Cache mode: write
2026-10-03T22:54:45.4606623Z Prepare workflow directory
2026-10-03T22:54:45.4933228Z Prepare all required actions
2026-10-03T22:54:45.4980782Z Getting action download info
2026-10-03T22:54:45.7205484Z Download action repository 'actions/checkout@v7' (SHA:3d3c42e5aac5ba805825da76410c181273ba90b1)
2026-10-03T22:54:45.8220176Z Download action repository 'dtolnay/rust-toolchain@stable' (SHA:89b12181fb390509a0842a86cc55eeb8eb928c1d)
2026-10-03T22:54:46.0561189Z Complete job name: features
2026-10-03T22:54:46.1301515Z ##[group]Run actions/checkout@v7
2026-10-03T22:54:46.1302393Z with:
2026-10-03T22:54:46.1302845Z   repository: mingley/partitionline
2026-10-03T22:54:46.1306707Z   token: ***
2026-10-03T22:54:46.1307138Z   ssh-strict: true
2026-10-03T22:54:46.1307590Z   ssh-user: git
2026-10-03T22:54:46.1308028Z   persist-credentials: true
2026-10-03T22:54:46.1308517Z   clean: true
2026-10-03T22:54:46.1308959Z   sparse-checkout-cone-mode: true
2026-10-03T22:54:46.1309463Z   fetch-depth: 1
2026-10-03T22:54:46.1309884Z   fetch-tags: false
2026-10-03T22:54:46.1310320Z   show-progress: true
2026-10-03T22:54:46.1310761Z   lfs: false
2026-10-03T22:54:46.1311164Z   submodules: false
2026-10-03T22:54:46.1311605Z   set-safe-directory: true
2026-10-03T22:54:46.1312100Z   allow-unsafe-pr-checkout: false
2026-10-03T22:54:46.1312865Z ##[endgroup]
2026-10-03T22:54:46.2268161Z Syncing repository: mingley/partitionline
2026-10-03T22:54:46.2269935Z ##[group]Getting Git version info
2026-10-03T22:54:46.2270783Z Working directory is '/home/runner/work/partitionline/partitionline'
2026-10-03T22:54:46.2271839Z [command]/usr/bin/git version
2026-10-03T22:54:46.2354556Z git version 2.55.0
2026-10-03T22:54:46.2377709Z ##[endgroup]
2026-10-03T22:54:46.2389197Z Temporarily overriding HOME='/home/runner/work/_temp/7decca56-bb19-4d3e-944b-fad0c7ab2717' before making global git config changes
2026-10-03T22:54:46.2392257Z Adding repository directory to the temporary git global config as a safe directory
2026-10-03T22:54:46.2394824Z [command]/usr/bin/git config --global --add safe.directory /home/runner/work/partitionline/partitionline
2026-10-03T22:54:46.2452143Z Deleting the contents of '/home/runner/work/partitionline/partitionline'
2026-10-03T22:54:46.2454106Z ##[group]Determining repository object format
2026-10-03T22:54:46.2455712Z ##[endgroup]
2026-10-03T22:54:46.2456847Z ##[group]Initializing the repository
2026-10-03T22:54:46.2459709Z [command]/usr/bin/git init /home/runner/work/partitionline/partitionline
2026-10-03T22:54:46.2562883Z hint: Using 'master' as the name for the initial branch. This default branch name
2026-10-03T22:54:46.2564603Z hint: will change to "main" in Git 3.0. To configure the initial branch name
2026-10-03T22:54:46.2566297Z hint: to use in all of your new repositories, which will suppress this warning,
2026-10-03T22:54:46.2567580Z hint: call:
2026-10-03T22:54:46.2568252Z hint:
2026-10-03T22:54:46.2569110Z hint: 	git config --global init.defaultBranch <name>
2026-10-03T22:54:46.2570108Z hint:
2026-10-03T22:54:46.2571024Z hint: Names commonly chosen instead of 'master' are 'main', 'trunk' and
2026-10-03T22:54:46.2572523Z hint: 'development'. The just-created branch can be renamed via this command:
2026-10-03T22:54:46.2573768Z hint:
2026-10-03T22:54:46.2574471Z hint: 	git branch -m <name>
2026-10-03T22:54:46.2575547Z hint:
2026-10-03T22:54:46.2576567Z hint: Disable this message with "git config set advice.defaultBranchName false"
2026-10-03T22:54:46.2578285Z Initialized empty Git repository in /home/runner/work/partitionline/partitionline/.git/
2026-10-03T22:54:46.2581091Z [command]/usr/bin/git remote add origin https://github.com/mingley/partitionline
2026-10-03T22:54:46.2626641Z ##[endgroup]
2026-10-03T22:54:46.2627878Z ##[group]Disabling automatic garbage collection
2026-10-03T22:54:46.2629841Z [command]/usr/bin/git config --local gc.auto 0
2026-10-03T22:54:46.2661996Z ##[endgroup]
2026-10-03T22:54:46.2663228Z ##[group]Setting up auth
2026-10-03T22:54:46.2664075Z Removing SSH command configuration
2026-10-03T22:54:46.2668833Z [command]/usr/bin/git config --local --name-only --get-regexp core\.sshCommand
2026-10-03T22:54:46.2701490Z [command]/usr/bin/git submodule foreach --recursive sh -c "git config --local --name-only --get-regexp 'core\.sshCommand' && git config --local --unset-all 'core.sshCommand' || :"
2026-10-03T22:54:46.3053895Z Removing HTTP extra header
2026-10-03T22:54:46.3060570Z [command]/usr/bin/git config --local --name-only --get-regexp http\.https\:\/\/github\.com\/\.extraheader
2026-10-03T22:54:46.3098586Z [command]/usr/bin/git submodule foreach --recursive sh -c "git config --local --name-only --get-regexp 'http\.https\:\/\/github\.com\/\.extraheader' && git config --local --unset-all 'http.https://github.com/.extraheader' || :"
2026-10-03T22:54:46.3328168Z Removing includeIf entries pointing to credentials config files
2026-10-03T22:54:46.3330024Z [command]/usr/bin/git config --local --name-only --get-regexp ^includeIf\.gitdir:
2026-10-03T22:54:46.3365554Z [command]/usr/bin/git submodule foreach --recursive git config --local --show-origin --name-only --get-regexp remote.origin.url
2026-10-03T22:54:46.3596136Z [command]/usr/bin/git config --file /home/runner/work/_temp/git-credentials-125fdfa7-2300-4554-a135-5486e3f62131.config http.https://github.com/.extraheader AUTHORIZATION: basic ***
2026-10-03T22:54:46.3634707Z [command]/usr/bin/git config --local includeIf.gitdir:/home/runner/work/partitionline/partitionline/.git.path /home/runner/work/_temp/git-credentials-125fdfa7-2300-4554-a135-5486e3f62131.config
2026-10-03T22:54:46.3667898Z [command]/usr/bin/git config --local includeIf.gitdir:/home/runner/work/partitionline/partitionline/.git/worktrees/*.path /home/runner/work/_temp/git-credentials-125fdfa7-2300-4554-a135-5486e3f62131.config
2026-10-03T22:54:46.3704857Z [command]/usr/bin/git config --local includeIf.gitdir:/github/workspace/.git.path /github/runner_temp/git-credentials-125fdfa7-2300-4554-a135-5486e3f62131.config
2026-10-03T22:54:46.3741455Z [command]/usr/bin/git config --local includeIf.gitdir:/github/workspace/.git/worktrees/*.path /github/runner_temp/git-credentials-125fdfa7-2300-4554-a135-5486e3f62131.config
2026-10-03T22:54:46.3773606Z ##[endgroup]
2026-10-03T22:54:46.3774977Z ##[group]Fetching the repository
2026-10-03T22:54:46.3781628Z [command]/usr/bin/git -c protocol.version=2 fetch --no-tags --prune --no-recurse-submodules --depth=1 origin +34a2e672408d64309b0c6cb3dca428f59bd30e0b:refs/remotes/origin/main
2026-10-03T22:54:55.2092395Z From https://github.com/mingley/partitionline
2026-10-03T22:54:55.2094238Z  * [new ref]           34a2e672408d64309b0c6cb3dca428f59bd30e0b -> origin/main
2026-10-03T22:54:55.2103711Z [command]/usr/bin/git branch --list --remote origin/main
2026-10-03T22:54:55.2133995Z   origin/main
2026-10-03T22:54:55.2145821Z [command]/usr/bin/git rev-parse refs/remotes/origin/main
2026-10-03T22:54:55.2174873Z 34a2e672408d64309b0c6cb3dca428f59bd30e0b
2026-10-03T22:54:55.2180546Z ##[endgroup]
2026-10-03T22:54:55.2181990Z ##[group]Determining the checkout info
2026-10-03T22:54:55.2183617Z ##[endgroup]
2026-10-03T22:54:55.2185867Z [command]/usr/bin/git sparse-checkout disable
2026-10-03T22:54:55.2246031Z [command]/usr/bin/git config --local --unset-all extensions.worktreeConfig
2026-10-03T22:54:55.2283317Z ##[group]Checking out the ref
2026-10-03T22:54:55.2288642Z [command]/usr/bin/git checkout --progress --force -B main refs/remotes/origin/main
2026-10-03T22:54:56.3059150Z Updating files:  29% (22574/76220)
2026-10-03T22:54:56.3344659Z Updating files:  30% (22866/76220)
2026-10-03T22:54:56.3609743Z Updating files:  31% (23629/76220)
2026-10-03T22:54:56.3986096Z Updating files:  32% (24391/76220)
2026-10-03T22:54:56.4372148Z Updating files:  33% (25153/76220)
2026-10-03T22:54:56.4714562Z Updating files:  34% (25915/76220)
2026-10-03T22:54:56.5199825Z Updating files:  35% (26677/76220)
2026-10-03T22:54:56.5727726Z Updating files:  36% (27440/76220)
2026-10-03T22:54:56.6127367Z Updating files:  37% (28202/76220)
2026-10-03T22:54:56.6450807Z Updating files:  38% (28964/76220)
2026-10-03T22:54:56.6793321Z Updating files:  39% (29726/76220)
2026-10-03T22:54:56.7214480Z Updating files:  40% (30488/76220)
2026-10-03T22:54:56.7535886Z Updating files:  41% (31251/76220)
2026-10-03T22:54:56.7833443Z Updating files:  42% (32013/76220)
2026-10-03T22:54:56.8128793Z Updating files:  43% (32775/76220)
2026-10-03T22:54:56.8536864Z Updating files:  44% (33537/76220)
2026-10-03T22:54:56.9006495Z Updating files:  45% (34299/76220)
2026-10-03T22:54:56.9607958Z Updating files:  46% (35062/76220)
2026-10-03T22:54:57.0049330Z Updating files:  47% (35824/76220)
2026-10-03T22:54:57.1639315Z Updating files:  48% (36586/76220)
2026-10-03T22:54:57.2944437Z Updating files:  49% (37348/76220)
2026-10-03T22:54:57.3227190Z Updating files:  49% (37694/76220)
2026-10-03T22:54:57.3630037Z Updating files:  50% (38110/76220)
2026-10-03T22:54:57.3957097Z Updating files:  51% (38873/76220)
2026-10-03T22:54:57.4566893Z Updating files:  52% (39635/76220)
2026-10-03T22:54:57.4888284Z Updating files:  53% (40397/76220)
2026-10-03T22:54:57.5148503Z Updating files:  54% (41159/76220)
2026-10-03T22:54:57.5413103Z Updating files:  55% (41921/76220)
2026-10-03T22:54:57.5671792Z Updating files:  56% (42684/76220)
2026-10-03T22:54:57.5933135Z Updating files:  57% (43446/76220)
2026-10-03T22:54:57.6367063Z Updating files:  58% (44208/76220)
2026-10-03T22:54:57.6628316Z Updating files:  59% (44970/76220)
2026-10-03T22:54:57.7059979Z Updating files:  60% (45732/76220)
2026-10-03T22:54:57.7564333Z Updating files:  61% (46495/76220)
2026-10-03T22:54:57.7870879Z Updating files:  62% (47257/76220)
2026-10-03T22:54:57.8268712Z Updating files:  63% (48019/76220)
2026-10-03T22:54:57.8554444Z Updating files:  64% (48781/76220)
2026-10-03T22:54:57.8888426Z Updating files:  65% (49543/76220)
2026-10-03T22:54:57.9164902Z Updating files:  66% (50306/76220)
2026-10-03T22:54:57.9558461Z Updating files:  67% (51068/76220)
2026-10-03T22:54:57.9811492Z Updating files:  68% (51830/76220)
2026-10-03T22:54:58.0126910Z Updating files:  69% (52592/76220)
2026-10-03T22:54:58.0374222Z Updating files:  70% (53354/76220)
2026-10-03T22:54:58.0637687Z Updating files:  71% (54117/76220)
2026-10-03T22:54:58.0887382Z Updating files:  72% (54879/76220)
2026-10-03T22:54:58.1221886Z Updating files:  73% (55641/76220)
2026-10-03T22:54:58.1664071Z Updating files:  74% (56403/76220)
2026-10-03T22:54:58.2100469Z Updating files:  75% (57165/76220)
2026-10-03T22:54:58.2432498Z Updating files:  76% (57928/76220)
2026-10-03T22:54:58.2740127Z Updating files:  77% (58690/76220)
2026-10-03T22:54:58.2941960Z Updating files:  78% (59452/76220)
2026-10-03T22:54:58.3118743Z Updating files:  78% (59937/76220)
2026-10-03T22:54:58.3678436Z Updating files:  79% (60214/76220)
2026-10-03T22:54:58.4077401Z Updating files:  80% (60976/76220)
2026-10-03T22:54:58.4969572Z Updating files:  81% (61739/76220)
2026-10-03T22:54:58.5371818Z Updating files:  82% (62501/76220)
2026-10-03T22:54:58.6142093Z Updating files:  83% (63263/76220)
2026-10-03T22:54:58.6536766Z Updating files:  84% (64025/76220)
2026-10-03T22:54:58.7097991Z Updating files:  85% (64787/76220)
2026-10-03T22:54:58.7456477Z Updating files:  86% (65550/76220)
2026-10-03T22:54:58.8438311Z Updating files:  87% (66312/76220)
2026-10-03T22:54:58.9069587Z Updating files:  88% (67074/76220)
2026-10-03T22:54:58.9490890Z Updating files:  89% (67836/76220)
2026-10-03T22:54:59.0207568Z Updating files:  90% (68598/76220)
2026-10-03T22:54:59.0510426Z Updating files:  91% (69361/76220)
2026-10-03T22:54:59.0778475Z Updating files:  92% (70123/76220)
2026-10-03T22:54:59.3114059Z Updating files:  93% (70885/76220)
2026-10-03T22:54:59.3270817Z Updating files:  93% (71240/76220)
2026-10-03T22:54:59.3528472Z Updating files:  94% (71647/76220)
2026-10-03T22:54:59.3775813Z Updating files:  95% (72409/76220)
2026-10-03T22:54:59.4031462Z Updating files:  96% (73172/76220)
2026-10-03T22:54:59.4289629Z Updating files:  97% (73934/76220)
2026-10-03T22:54:59.4602538Z Updating files:  98% (74696/76220)
2026-10-03T22:54:59.5110439Z Updating files:  99% (75458/76220)
2026-10-03T22:54:59.5111001Z Updating files: 100% (76220/76220)
2026-10-03T22:54:59.5111509Z Updating files: 100% (76220/76220), done.
2026-10-03T22:54:59.6001689Z Switched to a new branch 'main'
2026-10-03T22:54:59.6004445Z branch 'main' set up to track 'origin/main'.
2026-10-03T22:54:59.6064287Z ##[endgroup]
2026-10-03T22:54:59.6108154Z [command]/usr/bin/git log -1 --format=%H
2026-10-03T22:54:59.6135743Z 34a2e672408d64309b0c6cb3dca428f59bd30e0b
2026-10-03T22:54:59.6538245Z ##[group]Run dtolnay/rust-toolchain@stable
2026-10-03T22:54:59.6538555Z with:
2026-10-03T22:54:59.6538751Z   toolchain: stable
2026-10-03T22:54:59.6538957Z ##[endgroup]
2026-10-03T22:54:59.6616655Z ##[start-action display=Parse toolchain version;id=__dtolnay_rust-toolchain.parse]
2026-10-03T22:54:59.6672816Z ##[group]Run if [[ -z $toolchain ]]; then
2026-10-03T22:54:59.6673204Z [36;1mif [[ -z $toolchain ]]; then[0m
2026-10-03T22:54:59.6673739Z [36;1m  # GitHub does not enforce `required: true` inputs itself. https://github.com/actions/runner/issues/1070[0m
2026-10-03T22:54:59.6674324Z [36;1m  echo "'toolchain' is a required input" >&2[0m
2026-10-03T22:54:59.6674630Z [36;1m  exit 1[0m
2026-10-03T22:54:59.6674969Z [36;1melif [[ $toolchain =~ ^stable' '[0-9]+' '(year|month|week|day)s?' 'ago$ ]]; then[0m
2026-10-03T22:54:59.6675603Z [36;1m  if [[ Linux == macOS ]]; then[0m
2026-10-03T22:54:59.6676202Z [36;1m    echo "toolchain=1.$((($(date -v-$(sed 's/stable \([0-9]*\) \(.\).*/\1\2/' <<< $toolchain) +%s)/60/60/24-16569)/7/6))" >> $GITHUB_OUTPUT[0m
2026-10-03T22:54:59.6676735Z [36;1m  else[0m
2026-10-03T22:54:59.6677146Z [36;1m    echo "toolchain=1.$((($(date --date "${toolchain#stable }" +%s)/60/60/24-16569)/7/6))" >> $GITHUB_OUTPUT[0m
2026-10-03T22:54:59.6677605Z [36;1m  fi[0m
2026-10-03T22:54:59.6678132Z [36;1melif [[ $toolchain =~ ^stable' 'minus' '[0-9]+' 'releases?$ ]]; then[0m
2026-10-03T22:54:59.6678677Z [36;1m  echo "toolchain=1.$((($(date +%s)/60/60/24-16569)/7/6-${toolchain//[^0-9]/}))" >> $GITHUB_OUTPUT[0m
2026-10-03T22:54:59.6679143Z [36;1melif [[ $toolchain =~ ^1\.[0-9]+$ ]]; then[0m
2026-10-03T22:54:59.6679678Z [36;1m  echo "toolchain=1.$((i=${toolchain#1.}, c=($(date +%s)/60/60/24-16569)/7/6, i+9*i*(10*i<=c)+90*i*(100*i<=c)))" >> $GITHUB_OUTPUT[0m
2026-10-03T22:54:59.6680193Z [36;1melse[0m
2026-10-03T22:54:59.6680441Z [36;1m  echo "toolchain=$toolchain" >> $GITHUB_OUTPUT[0m
2026-10-03T22:54:59.6680739Z [36;1mfi[0m
2026-10-03T22:54:59.6925266Z shell: /usr/bin/bash --noprofile --norc -e -o pipefail {0}
2026-10-03T22:54:59.6925688Z env:
2026-10-03T22:54:59.6925919Z   toolchain: stable
2026-10-03T22:54:59.6926180Z ##[endgroup]
2026-10-03T22:54:59.7056055Z ##[end-action id=__dtolnay_rust-toolchain.parse;outcome=success;conclusion=success;duration_ms=43]
2026-10-03T22:54:59.7068413Z ##[start-action display=Construct rustup command line;id=__dtolnay_rust-toolchain.flags]
2026-10-03T22:54:59.7095982Z ##[group]Run echo "targets=$(for t in ${targets//,/ }; do echo -n ' --target' $t; done)" >> $GITHUB_OUTPUT
2026-10-03T22:54:59.7096640Z [36;1mecho "targets=$(for t in ${targets//,/ }; do echo -n ' --target' $t; done)" >> $GITHUB_OUTPUT[0m
2026-10-03T22:54:59.7097295Z [36;1mecho "components=$(for c in ${components//,/ }; do echo -n ' --component' $c; done)" >> $GITHUB_OUTPUT[0m
2026-10-03T22:54:59.7097809Z [36;1mecho "downgrade=" >> $GITHUB_OUTPUT[0m
2026-10-03T22:54:59.7154392Z shell: /usr/bin/bash --noprofile --norc -e -o pipefail {0}
2026-10-03T22:54:59.7154743Z env:
2026-10-03T22:54:59.7154937Z   targets: 
2026-10-03T22:54:59.7155339Z   components: 
2026-10-03T22:54:59.7155543Z ##[endgroup]
2026-10-03T22:54:59.7246291Z ##[end-action id=__dtolnay_rust-toolchain.flags;outcome=success;conclusion=success;duration_ms=17]
2026-10-03T22:54:59.7248411Z ##[start-action display=Set $CARGO_HOME;id=__dtolnay_rust-toolchain.__run]
2026-10-03T22:54:59.7266294Z ##[group]Run echo CARGO_HOME=${CARGO_HOME:-"$HOME/.cargo"} >> $GITHUB_ENV
2026-10-03T22:54:59.7266759Z [36;1mecho CARGO_HOME=${CARGO_HOME:-"$HOME/.cargo"} >> $GITHUB_ENV[0m
2026-10-03T22:54:59.7323319Z shell: /usr/bin/bash --noprofile --norc -e -o pipefail {0}
2026-10-03T22:54:59.7323667Z ##[endgroup]
2026-10-03T22:54:59.7406079Z ##[end-action id=__dtolnay_rust-toolchain.__run;outcome=success;conclusion=success;duration_ms=15]
2026-10-03T22:54:59.7408278Z ##[start-action display=Install rustup if needed;id=__dtolnay_rust-toolchain.__run_2]
2026-10-03T22:54:59.7432187Z ##[group]Run if ! command -v rustup &>/dev/null; then
2026-10-03T22:54:59.7432565Z [36;1mif ! command -v rustup &>/dev/null; then[0m
2026-10-03T22:54:59.7433324Z [36;1m  curl --proto '=https' --tlsv1.2 --retry 10 --retry-connrefused --location --silent --show-error --fail https://sh.rustup.rs | sh -s -- --default-toolchain none -y[0m
2026-10-03T22:54:59.7434075Z [36;1m  echo "$CARGO_HOME/bin" >> $GITHUB_PATH[0m
2026-10-03T22:54:59.7434371Z [36;1mfi[0m
2026-10-03T22:54:59.7490488Z shell: /usr/bin/bash --noprofile --norc -e -o pipefail {0}
2026-10-03T22:54:59.7490880Z env:
2026-10-03T22:54:59.7491098Z   CARGO_HOME: /home/runner/.cargo
2026-10-03T22:54:59.7491351Z ##[endgroup]
2026-10-03T22:54:59.7571367Z ##[end-action id=__dtolnay_rust-toolchain.__run_2;outcome=success;conclusion=success;duration_ms=16]
2026-10-03T22:54:59.7573511Z ##[start-action display=Install rustup if needed on windows;id=__dtolnay_rust-toolchain.__run_3]
2026-10-03T22:54:59.7579717Z ##[end-action id=__dtolnay_rust-toolchain.__run_3;outcome=skipped;conclusion=skipped;duration_ms=0]
2026-10-03T22:54:59.7590200Z ##[start-action display=rustup toolchain install stable;id=__dtolnay_rust-toolchain.__run_4]
2026-10-03T22:54:59.7608417Z ##[group]Run log=$(mktemp)
2026-10-03T22:54:59.7608702Z [36;1mlog=$(mktemp)[0m
2026-10-03T22:54:59.7608982Z [36;1mtrap 'rm -f "$log"' EXIT[0m
2026-10-03T22:54:59.7609394Z [36;1mfor attempt in 1 2 3 4 5; do[0m
2026-10-03T22:54:59.7609935Z [36;1m  if rustup toolchain install stable --profile minimal --no-self-update --force-non-host 2>&1 | tee "$log"; then[0m
2026-10-03T22:54:59.7610460Z [36;1m    break[0m
2026-10-03T22:54:59.7610665Z [36;1m  else[0m
2026-10-03T22:54:59.7610874Z [36;1m    status=$?[0m
2026-10-03T22:54:59.7611091Z [36;1m  fi[0m
2026-10-03T22:54:59.7611389Z [36;1m  if [[ $attempt == 5 ]] || ! grep -Fq 'checksum failed for ' "$log" \[0m
2026-10-03T22:54:59.7611945Z [36;1m      || ! grep -Fq 'this is likely due to an ongoing update of the official release server' "$log"; then[0m
2026-10-03T22:54:59.7612413Z [36;1m    exit "$status"[0m
2026-10-03T22:54:59.7612642Z [36;1m  fi[0m
2026-10-03T22:54:59.7612999Z [36;1m  echo "Retrying rustup toolchain install in 30 seconds (retry $attempt of 4)" >&2[0m
2026-10-03T22:54:59.7613417Z [36;1m  sleep 30[0m
2026-10-03T22:54:59.7613629Z [36;1mdone[0m
2026-10-03T22:54:59.7669754Z shell: /usr/bin/bash --noprofile --norc -e -o pipefail {0}
2026-10-03T22:54:59.7670092Z env:
2026-10-03T22:54:59.7670307Z   CARGO_HOME: /home/runner/.cargo
2026-10-03T22:54:59.7670574Z   RUSTUP_PERMIT_COPY_RENAME: 1
2026-10-03T22:54:59.7670815Z ##[endgroup]
2026-10-03T22:54:59.9200419Z info: syncing channel updates for stable-x86_64-unknown-linux-gnu
2026-10-03T22:55:00.2855531Z info: latest update on 2026-10-01 for version 1.99.0 (b940084d7 2026-09-28)
2026-10-03T22:55:00.2978646Z info: removing previous version of component rustfmt
2026-10-03T22:55:00.2995194Z info: removing previous version of component clippy
2026-10-03T22:55:00.3006681Z info: removing previous version of component cargo
2026-10-03T22:55:00.3050923Z info: removing previous version of component rust-std
2026-10-03T22:55:00.3096286Z info: removing previous version of component rustc
2026-10-03T22:55:00.3162510Z info: downloading 5 components
2026-10-03T22:55:08.4244636Z 
2026-10-03T22:55:08.4309392Z   stable-x86_64-unknown-linux-gnu updated - rustc 1.99.0 (b940084d7 2026-09-28) (from rustc 1.98.1 (48a229cea 2026-09-01))
2026-10-03T22:55:08.4309935Z 
2026-10-03T22:55:08.4382603Z ##[end-action id=__dtolnay_rust-toolchain.__run_4;outcome=success;conclusion=success;duration_ms=8679]
2026-10-03T22:55:08.4390900Z ##[start-action display=rustup default stable;id=__dtolnay_rust-toolchain.__run_5]
2026-10-03T22:55:08.4412824Z ##[group]Run rustup default stable --force-non-host
2026-10-03T22:55:08.4413214Z [36;1mrustup default stable --force-non-host[0m
2026-10-03T22:55:08.4479170Z shell: /usr/bin/bash --noprofile --norc -e -o pipefail {0}
2026-10-03T22:55:08.4479528Z env:
2026-10-03T22:55:08.4479741Z   CARGO_HOME: /home/runner/.cargo
2026-10-03T22:55:08.4480206Z ##[endgroup]
2026-10-03T22:55:08.4601384Z info: using existing install for stable-x86_64-unknown-linux-gnu
2026-10-03T22:55:08.4607317Z info: default toolchain set to stable-x86_64-unknown-linux-gnu
2026-10-03T22:55:08.4607777Z 
2026-10-03T22:55:08.4668322Z   stable-x86_64-unknown-linux-gnu unchanged - rustc 1.99.0 (b940084d7 2026-09-28)
2026-10-03T22:55:08.4668796Z 
2026-10-03T22:55:08.4684120Z ##[end-action id=__dtolnay_rust-toolchain.__run_5;outcome=success;conclusion=success;duration_ms=29]
2026-10-03T22:55:08.4687253Z ##[start-action display=Create cachekey;id=__dtolnay_rust-toolchain.rustc-version]
2026-10-03T22:55:08.4707759Z ##[group]Run DATE=$(rustc +stable --version --verbose | sed -ne 's/^commit-date: \(20[0-9][0-9]\)-\([01][0-9]\)-\([0-3][0-9]\)$/\1\2\3/p')
2026-10-03T22:55:08.4708575Z [36;1mDATE=$(rustc +stable --version --verbose | sed -ne 's/^commit-date: \(20[0-9][0-9]\)-\([01][0-9]\)-\([0-3][0-9]\)$/\1\2\3/p')[0m
2026-10-03T22:55:08.4709230Z [36;1mHASH=$(rustc +stable --version --verbose | sed -ne 's/^commit-hash: //p')[0m
2026-10-03T22:55:08.4709738Z [36;1mecho "cachekey=$(echo $DATE$HASH | head -c12)" >> $GITHUB_OUTPUT[0m
2026-10-03T22:55:08.4771902Z shell: /usr/bin/bash --noprofile --norc -e -o pipefail {0}
2026-10-03T22:55:08.4772242Z env:
2026-10-03T22:55:08.4772617Z   CARGO_HOME: /home/runner/.cargo
2026-10-03T22:55:08.4772877Z ##[endgroup]
2026-10-03T22:55:08.5117676Z ##[end-action id=__dtolnay_rust-toolchain.rustc-version;outcome=success;conclusion=success;duration_ms=42]
2026-10-03T22:55:08.5120474Z ##[start-action display=Disable incremental compilation;id=__dtolnay_rust-toolchain.__run_6]
2026-10-03T22:55:08.5140521Z ##[group]Run if [ -z "${CARGO_INCREMENTAL+set}" ]; then
2026-10-03T22:55:08.5140906Z [36;1mif [ -z "${CARGO_INCREMENTAL+set}" ]; then[0m
2026-10-03T22:55:08.5141231Z [36;1m  echo CARGO_INCREMENTAL=0 >> $GITHUB_ENV[0m
2026-10-03T22:55:08.5141511Z [36;1mfi[0m
2026-10-03T22:55:08.5210336Z shell: /usr/bin/bash --noprofile --norc -e -o pipefail {0}
2026-10-03T22:55:08.5210689Z env:
2026-10-03T22:55:08.5210902Z   CARGO_HOME: /home/runner/.cargo
2026-10-03T22:55:08.5211162Z ##[endgroup]
2026-10-03T22:55:08.5301754Z ##[end-action id=__dtolnay_rust-toolchain.__run_6;outcome=success;conclusion=success;duration_ms=18]
2026-10-03T22:55:08.5304067Z ##[start-action display=Enable colors in Cargo output;id=__dtolnay_rust-toolchain.__run_7]
2026-10-03T22:55:08.5323101Z ##[group]Run if [ -z "${CARGO_TERM_COLOR+set}" ]; then
2026-10-03T22:55:08.5323461Z [36;1mif [ -z "${CARGO_TERM_COLOR+set}" ]; then[0m
2026-10-03T22:55:08.5323794Z [36;1m  echo CARGO_TERM_COLOR=always >> $GITHUB_ENV[0m
2026-10-03T22:55:08.5324083Z [36;1mfi[0m
2026-10-03T22:55:08.5387702Z shell: /usr/bin/bash --noprofile --norc -e -o pipefail {0}
2026-10-03T22:55:08.5388051Z env:
2026-10-03T22:55:08.5388264Z   CARGO_HOME: /home/runner/.cargo
2026-10-03T22:55:08.5388525Z   CARGO_INCREMENTAL: 0
2026-10-03T22:55:08.5388743Z ##[endgroup]
2026-10-03T22:55:08.5476626Z ##[end-action id=__dtolnay_rust-toolchain.__run_7;outcome=success;conclusion=success;duration_ms=17]
2026-10-03T22:55:08.5478840Z ##[start-action display=Enable Cargo sparse registry;id=__dtolnay_rust-toolchain.__run_8]
2026-10-03T22:55:08.5498379Z ##[group]Run # implemented in 1.66, stabilized in 1.68, made default in 1.70
2026-10-03T22:55:08.5498908Z [36;1m# implemented in 1.66, stabilized in 1.68, made default in 1.70[0m
2026-10-03T22:55:08.5499626Z [36;1mif [ -z "${CARGO_REGISTRIES_CRATES_IO_PROTOCOL+set}" -o -f "/home/runner/work/_temp"/.implicit_cargo_registries_crates_io_protocol ]; then[0m
2026-10-03T22:55:08.5500390Z [36;1m  if rustc +stable --version --verbose | grep -q '^release: 1\.6[89]\.'; then[0m
2026-10-03T22:55:08.5500985Z [36;1m    touch "/home/runner/work/_temp"/.implicit_cargo_registries_crates_io_protocol || true[0m
2026-10-03T22:55:08.5501534Z [36;1m    echo CARGO_REGISTRIES_CRATES_IO_PROTOCOL=sparse >> $GITHUB_ENV[0m
2026-10-03T22:55:08.5502217Z [36;1m  elif rustc +stable --version --verbose | grep -q '^release: 1\.6[67]\.'; then[0m
2026-10-03T22:55:08.5502794Z [36;1m    touch "/home/runner/work/_temp"/.implicit_cargo_registries_crates_io_protocol || true[0m
2026-10-03T22:55:08.5503319Z [36;1m    echo CARGO_REGISTRIES_CRATES_IO_PROTOCOL=git >> $GITHUB_ENV[0m
2026-10-03T22:55:08.5503668Z [36;1m  fi[0m
2026-10-03T22:55:08.5503871Z [36;1mfi[0m
2026-10-03T22:55:08.5566574Z shell: /usr/bin/bash --noprofile --norc -e -o pipefail {0}
2026-10-03T22:55:08.5566929Z env:
2026-10-03T22:55:08.5567137Z   CARGO_HOME: /home/runner/.cargo
2026-10-03T22:55:08.5567408Z   CARGO_INCREMENTAL: 0
2026-10-03T22:55:08.5567635Z   CARGO_TERM_COLOR: always
2026-10-03T22:55:08.5567875Z ##[endgroup]
2026-10-03T22:55:08.5867653Z ##[end-action id=__dtolnay_rust-toolchain.__run_8;outcome=success;conclusion=success;duration_ms=38]
2026-10-03T22:55:08.5870405Z ##[start-action display=Work around spurious network errors in curl 8.0;id=__dtolnay_rust-toolchain.__run_9]
2026-10-03T22:55:08.5891532Z ##[group]Run # https://rust-lang.zulipchat.com/#narrow/stream/246057-t-cargo/topic/timeout.20investigation
2026-10-03T22:55:08.5892325Z [36;1m# https://rust-lang.zulipchat.com/#narrow/stream/246057-t-cargo/topic/timeout.20investigation[0m
2026-10-03T22:55:08.5892935Z [36;1mif rustc +stable --version --verbose | grep -q '^release: 1\.7[01]\.'; then[0m
2026-10-03T22:55:08.5893549Z [36;1m  echo CARGO_HTTP_MULTIPLEXING=false >> $GITHUB_ENV[0m
2026-10-03T22:55:08.5893861Z [36;1mfi[0m
2026-10-03T22:55:08.5961056Z shell: /usr/bin/bash --noprofile --norc -e -o pipefail {0}
2026-10-03T22:55:08.5961402Z env:
2026-10-03T22:55:08.5961631Z   CARGO_HOME: /home/runner/.cargo
2026-10-03T22:55:08.5961899Z   CARGO_INCREMENTAL: 0
2026-10-03T22:55:08.5962126Z   CARGO_TERM_COLOR: always
2026-10-03T22:55:08.5962355Z ##[endgroup]
2026-10-03T22:55:08.6154867Z ##[end-action id=__dtolnay_rust-toolchain.__run_9;outcome=success;conclusion=success;duration_ms=28]
2026-10-03T22:55:08.6159104Z ##[start-action display=rustc +stable --version --verbose;id=__dtolnay_rust-toolchain.__run_10]
2026-10-03T22:55:08.6177944Z ##[group]Run rustc +stable --version --verbose
2026-10-03T22:55:08.6178276Z [36;1mrustc +stable --version --verbose[0m
2026-10-03T22:55:08.6241725Z shell: /usr/bin/bash --noprofile --norc -e -o pipefail {0}
2026-10-03T22:55:08.6242067Z env:
2026-10-03T22:55:08.6242286Z   CARGO_HOME: /home/runner/.cargo
2026-10-03T22:55:08.6242553Z   CARGO_INCREMENTAL: 0
2026-10-03T22:55:08.6242788Z   CARGO_TERM_COLOR: always
2026-10-03T22:55:08.6243019Z ##[endgroup]
2026-10-03T22:55:08.6432882Z rustc 1.99.0 (b940084d7 2026-09-28)
2026-10-03T22:55:08.6433789Z binary: rustc
2026-10-03T22:55:08.6434787Z commit-hash: b940084d7eb6a299eb4bfeb8e34901bc051e7ac4
2026-10-03T22:55:08.6435765Z commit-date: 2026-09-28
2026-10-03T22:55:08.6436201Z host: x86_64-unknown-linux-gnu
2026-10-03T22:55:08.6436638Z release: 1.99.0
2026-10-03T22:55:08.6437006Z LLVM version: 23.1.1
2026-10-03T22:55:08.6452837Z ##[end-action id=__dtolnay_rust-toolchain.__run_10;outcome=success;conclusion=success;duration_ms=29]
2026-10-03T22:55:08.6510083Z ##[group]Run cargo clippy --all-targets --features tracing -- -D warnings
2026-10-03T22:55:08.6510622Z [36;1mcargo clippy --all-targets --features tracing -- -D warnings[0m
2026-10-03T22:55:08.6574081Z shell: /usr/bin/bash -e {0}
2026-10-03T22:55:08.6574345Z env:
2026-10-03T22:55:08.6574565Z   CARGO_HOME: /home/runner/.cargo
2026-10-03T22:55:08.6574848Z   CARGO_INCREMENTAL: 0
2026-10-03T22:55:08.6575221Z   CARGO_TERM_COLOR: always
2026-10-03T22:55:08.6575458Z ##[endgroup]
2026-10-03T22:55:08.7146716Z [1m[92m    Updating[0m crates.io index
2026-10-03T22:55:08.9672032Z [1m[92m Downloading[0m crates ...
2026-10-03T22:55:09.0560585Z [1m[92m  Downloaded[0m adler2 v2.0.1
2026-10-03T22:55:09.0636369Z [1m[92m  Downloaded[0m block-buffer v0.12.1
2026-10-03T22:55:09.0658824Z [1m[92m  Downloaded[0m base64 v0.23.1
2026-10-03T22:55:09.0700542Z [1m[92m  Downloaded[0m ctutils v0.4.2
2026-10-03T22:55:09.0723079Z [1m[92m  Downloaded[0m bytes v1.12.1
2026-10-03T22:55:09.0760027Z [1m[92m  Downloaded[0m cc v1.4.4
2026-10-03T22:55:09.0791631Z [1m[92m  Downloaded[0m signal-hook-registry v1.4.8
2026-10-03T22:55:09.0804765Z [1m[92m  Downloaded[0m parking_lot v0.12.5
2026-10-03T22:55:09.0832555Z [1m[92m  Downloaded[0m rustc_version v0.4.1
2026-10-03T22:55:09.0846590Z [1m[92m  Downloaded[0m pin-project-lite v0.2.17
2026-10-03T22:55:09.0907608Z [1m[92m  Downloaded[0m subtle v2.6.1
2026-10-03T22:55:09.0920195Z [1m[92m  Downloaded[0m crc32fast v1.5.1
2026-10-03T22:55:09.0977544Z [1m[92m  Downloaded[0m errno v0.3.14
2026-10-03T22:55:09.0993992Z [1m[92m  Downloaded[0m untrusted v0.9.0
2026-10-03T22:55:09.1012101Z [1m[92m  Downloaded[0m cpufeatures v0.3.1
2026-10-03T22:55:09.1031539Z [1m[92m  Downloaded[0m miniz_oxide v0.9.1
2026-10-03T22:55:09.1057993Z [1m[92m  Downloaded[0m cfg-if v1.0.4
2026-10-03T22:55:09.1085855Z [1m[92m  Downloaded[0m crc32c v0.6.8
2026-10-03T22:55:09.1101273Z [1m[92m  Downloaded[0m crypto-common v0.2.2
2026-10-03T22:55:09.1167627Z [1m[92m  Downloaded[0m scopeguard v1.2.0
2026-10-03T22:55:09.1183177Z [1m[92m  Downloaded[0m shlex v2.0.1
2026-10-03T22:55:09.1235475Z [1m[92m  Downloaded[0m tokio-rustls v0.26.5
2026-10-03T22:55:09.1253625Z [1m[92m  Downloaded[0m tokio-macros v2.7.2
2026-10-03T22:55:09.1265111Z [1m[92m  Downloaded[0m zeroize v1.9.0
2026-10-03T22:55:09.1285973Z [1m[92m  Downloaded[0m getrandom v0.2.17
2026-10-03T22:55:09.1319824Z [1m[92m  Downloaded[0m once_cell v1.21.4
2026-10-03T22:55:09.1366248Z [1m[92m  Downloaded[0m semver v1.0.28
2026-10-03T22:55:09.1373141Z [1m[92m  Downloaded[0m find-msvc-tools v0.1.11
2026-10-03T22:55:09.1406370Z [1m[92m  Downloaded[0m parking_lot_core v0.9.12
2026-10-03T22:55:09.1414004Z [1m[92m  Downloaded[0m pbkdf2 v0.13.0
2026-10-03T22:55:09.1430955Z [1m[92m  Downloaded[0m rustls-pki-types v1.15.1
2026-10-03T22:55:09.1486055Z [1m[92m  Downloaded[0m lock_api v0.4.14
2026-10-03T22:55:09.1494761Z [1m[92m  Downloaded[0m snap v1.1.2
2026-10-03T22:55:09.1516245Z [1m[92m  Downloaded[0m sha2 v0.11.0
2026-10-03T22:55:09.1546108Z [1m[92m  Downloaded[0m cmov v0.5.4
2026-10-03T22:55:09.1556275Z [1m[92m  Downloaded[0m quote v1.0.47
2026-10-03T22:55:09.1585260Z [1m[92m  Downloaded[0m simd-adler32 v0.3.10
2026-10-03T22:55:09.1604671Z [1m[92m  Downloaded[0m hmac v0.13.0
2026-10-03T22:55:09.1627304Z [1m[92m  Downloaded[0m proc-macro2 v1.0.107
2026-10-03T22:55:09.1658426Z [1m[92m  Downloaded[0m twox-hash v2.1.2
2026-10-03T22:55:09.1682559Z [1m[92m  Downloaded[0m getrandom v0.4.3
2026-10-03T22:55:09.1722277Z [1m[92m  Downloaded[0m smallvec v1.15.2
2026-10-03T22:55:09.1738207Z [1m[92m  Downloaded[0m hybrid-array v0.4.14
2026-10-03T22:55:09.1761834Z [1m[92m  Downloaded[0m lz4_flex v0.14.0
2026-10-03T22:55:09.1782144Z [1m[92m  Downloaded[0m socket2 v0.6.5
2026-10-03T22:55:09.1801649Z [1m[92m  Downloaded[0m tracing-attributes v0.1.31
2026-10-03T22:55:09.1829165Z [1m[92m  Downloaded[0m tracing-core v0.1.36
2026-10-03T22:55:09.1857179Z [1m[92m  Downloaded[0m unicode-ident v1.0.24
2026-10-03T22:55:09.1885921Z [1m[92m  Downloaded[0m const-oid v0.10.2
2026-10-03T22:55:09.1910535Z [1m[92m  Downloaded[0m rustls-webpki v0.103.15
2026-10-03T22:55:09.1941850Z [1m[92m  Downloaded[0m mio v1.2.2
2026-10-03T22:55:09.2004521Z [1m[92m  Downloaded[0m digest v0.11.3
2026-10-03T22:55:09.2029550Z [1m[92m  Downloaded[0m flate2 v1.1.10
2026-10-03T22:55:09.2080104Z [1m[92m  Downloaded[0m typenum v1.20.1
2026-10-03T22:55:09.2115472Z [1m[92m  Downloaded[0m webpki-roots v1.0.9
2026-10-03T22:55:09.2146237Z [1m[92m  Downloaded[0m zlib-rs v0.6.8
2026-10-03T22:55:09.2201483Z [1m[92m  Downloaded[0m syn v2.0.119
2026-10-03T22:55:09.2308405Z [1m[92m  Downloaded[0m syn v3.0.4
2026-10-03T22:55:09.2415764Z [1m[92m  Downloaded[0m rustls v0.23.45
2026-10-03T22:55:09.2534108Z [1m[92m  Downloaded[0m tracing v0.1.44
2026-10-03T22:55:09.2691838Z [1m[92m  Downloaded[0m libc v0.2.189
2026-10-03T22:55:09.3127639Z [1m[92m  Downloaded[0m tokio v1.53.1
2026-10-03T22:55:09.3583234Z [1m[92m  Downloaded[0m ring v0.17.14
2026-10-03T22:55:09.4342613Z [1m[92m   Compiling[0m libc v0.2.189
2026-10-03T22:55:09.4343289Z [1m[92m    Checking[0m cfg-if v1.0.4
2026-10-03T22:55:09.4354098Z [1m[92m   Compiling[0m proc-macro2 v1.0.107
2026-10-03T22:55:09.4355267Z [1m[92m   Compiling[0m unicode-ident v1.0.24
2026-10-03T22:55:09.4586613Z [1m[92m   Compiling[0m quote v1.0.47
2026-10-03T22:55:09.4903102Z [1m[92m   Compiling[0m find-msvc-tools v0.1.11
2026-10-03T22:55:09.6547106Z [1m[92m   Compiling[0m shlex v2.0.1
2026-10-03T22:55:09.6656770Z [1m[92m    Checking[0m typenum v1.20.1
2026-10-03T22:55:09.7527767Z [1m[92m   Compiling[0m cc v1.4.4
2026-10-03T22:55:10.4466308Z [1m[92m    Checking[0m zeroize v1.9.0
2026-10-03T22:55:10.4696475Z [1m[92m    Checking[0m hybrid-array v0.4.14
2026-10-03T22:55:10.5046729Z [1m[92m    Checking[0m cmov v0.5.4
2026-10-03T22:55:10.5256444Z [1m[92m    Checking[0m rustls-pki-types v1.15.1
2026-10-03T22:55:10.6353445Z [1m[92m    Checking[0m ctutils v0.4.2
2026-10-03T22:55:10.7386932Z [1m[92m    Checking[0m getrandom v0.2.17
2026-10-03T22:55:10.7925939Z [1m[92m    Checking[0m once_cell v1.21.4
2026-10-03T22:55:10.8186544Z [1m[92m    Checking[0m untrusted v0.9.0
2026-10-03T22:55:10.8572821Z [1m[92m    Checking[0m const-oid v0.10.2
2026-10-03T22:55:10.8966621Z [1m[92m   Compiling[0m semver v1.0.28
2026-10-03T22:55:10.9422654Z [1m[92m    Checking[0m errno v0.3.14
2026-10-03T22:55:10.9492841Z [1m[92m    Checking[0m crypto-common v0.2.2
2026-10-03T22:55:10.9877038Z [1m[92m    Checking[0m block-buffer v0.12.1
2026-10-03T22:55:11.0256549Z [1m[92m   Compiling[0m ring v0.17.14
2026-10-03T22:55:11.0591983Z [1m[92m   Compiling[0m rustc_version v0.4.1
2026-10-03T22:55:11.1076267Z [1m[92m   Compiling[0m syn v3.0.4
2026-10-03T22:55:11.2366904Z [1m[92m   Compiling[0m parking_lot_core v0.9.12
2026-10-03T22:55:11.3500518Z [1m[92m   Compiling[0m rustls v0.23.45
2026-10-03T22:55:11.4303165Z [1m[92m    Checking[0m pin-project-lite v0.2.17
2026-10-03T22:55:11.4622020Z [1m[92m   Compiling[0m crc32fast v1.5.1
2026-10-03T22:55:11.5066764Z [1m[92m    Checking[0m digest v0.11.3
2026-10-03T22:55:11.5965913Z [1m[92m   Compiling[0m crc32c v0.6.8
2026-10-03T22:55:11.5996259Z [1m[92m    Checking[0m signal-hook-registry v1.4.8
2026-10-03T22:55:11.6732416Z [1m[92m    Checking[0m socket2 v0.6.5
2026-10-03T22:55:11.7306721Z [1m[92m    Checking[0m mio v1.2.2
2026-10-03T22:55:11.8653151Z [1m[92m   Compiling[0m syn v2.0.119
2026-10-03T22:55:11.9594079Z [1m[92m   Compiling[0m snap v1.1.2
2026-10-03T22:55:12.1056393Z [1m[92m    Checking[0m scopeguard v1.2.0
2026-10-03T22:55:12.1269889Z [1m[92m    Checking[0m subtle v2.6.1
2026-10-03T22:55:12.1916495Z [1m[92m    Checking[0m simd-adler32 v0.3.10
2026-10-03T22:55:12.2646289Z [1m[92m    Checking[0m smallvec v1.15.2
2026-10-03T22:55:12.3757910Z [1m[92m    Checking[0m adler2 v2.0.1
2026-10-03T22:55:12.4106962Z [1m[92m   Compiling[0m getrandom v0.4.3
2026-10-03T22:55:12.5136276Z [1m[92m    Checking[0m bytes v1.12.1
2026-10-03T22:55:12.8866375Z [1m[92m    Checking[0m miniz_oxide v0.9.1
2026-10-03T22:55:13.2787312Z [1m[92m    Checking[0m lock_api v0.4.14
2026-10-03T22:55:13.4516430Z [1m[92m    Checking[0m hmac v0.13.0
2026-10-03T22:55:13.6061910Z [1m[92m    Checking[0m tracing-core v0.1.36
2026-10-03T22:55:13.8625680Z [1m[92m    Checking[0m zlib-rs v0.6.8
2026-10-03T22:55:14.4251257Z [1m[92m   Compiling[0m tokio-macros v2.7.2
2026-10-03T22:55:14.7779091Z [1m[92m    Checking[0m tokio v1.53.1
2026-10-03T22:55:14.8833854Z [1m[92m    Checking[0m cpufeatures v0.3.1
2026-10-03T22:55:14.9062582Z [1m[92m    Checking[0m twox-hash v2.1.2
2026-10-03T22:55:14.9507722Z [1m[92m    Checking[0m lz4_flex v0.14.0
2026-10-03T22:55:15.0888273Z [1m[92m    Checking[0m sha2 v0.11.0
2026-10-03T22:55:15.4876991Z [1m[92m    Checking[0m flate2 v1.1.10
2026-10-03T22:55:15.7293346Z [1m[92m    Checking[0m pbkdf2 v0.13.0
2026-10-03T22:55:15.9621656Z [1m[92m    Checking[0m parking_lot v0.12.5
2026-10-03T22:55:16.1284988Z [1m[92m    Checking[0m webpki-roots v1.0.9
2026-10-03T22:55:16.1796426Z [1m[92m    Checking[0m base64 v0.23.1
2026-10-03T22:55:16.2327056Z [1m[92m   Compiling[0m tracing-attributes v0.1.31
2026-10-03T22:55:16.9358956Z [1m[92m    Checking[0m tracing v0.1.44
2026-10-03T22:55:17.2172016Z [1m[92m    Checking[0m rustls-webpki v0.103.15
2026-10-03T22:55:18.8225551Z [1m[92m    Checking[0m tokio-rustls v0.26.5
2026-10-03T22:55:18.9174476Z [1m[92m    Checking[0m partitionline v0.1.0 (/home/runner/work/partitionline/partitionline)
2026-10-03T22:55:38.9310966Z [1m[92m    Finished[0m `dev` profile [unoptimized + debuginfo] target(s) in 30.23s
2026-10-03T22:55:38.9614244Z ##[group]Run cargo build --locked --features tracing --example verifiable_producer --example verifiable_consumer
2026-10-03T22:55:38.9615525Z [36;1mcargo build --locked --features tracing --example verifiable_producer --example verifiable_consumer[0m
2026-10-03T22:55:38.9678371Z shell: /usr/bin/bash -e {0}
2026-10-03T22:55:38.9678763Z env:
2026-10-03T22:55:38.9679118Z   CARGO_HOME: /home/runner/.cargo
2026-10-03T22:55:38.9679507Z   CARGO_INCREMENTAL: 0
2026-10-03T22:55:38.9679840Z   CARGO_TERM_COLOR: always
2026-10-03T22:55:38.9680406Z ##[endgroup]
2026-10-03T22:55:39.0428397Z [1m[92m   Compiling[0m libc v0.2.189
2026-10-03T22:55:39.0429096Z [1m[92m   Compiling[0m cfg-if v1.0.4
2026-10-03T22:55:39.0429701Z [1m[92m   Compiling[0m typenum v1.20.1
2026-10-03T22:55:39.0441277Z [1m[92m   Compiling[0m cmov v0.5.4
2026-10-03T22:55:39.0681628Z [1m[92m   Compiling[0m zeroize v1.9.0
2026-10-03T22:55:39.1838439Z [1m[92m   Compiling[0m rustls-pki-types v1.15.1
2026-10-03T22:55:39.2000371Z [1m[92m   Compiling[0m ctutils v0.4.2
2026-10-03T22:55:39.3494704Z [1m[92m   Compiling[0m const-oid v0.10.2
2026-10-03T22:55:39.4826664Z [1m[92m   Compiling[0m once_cell v1.21.4
2026-10-03T22:55:39.5948100Z [1m[92m   Compiling[0m untrusted v0.9.0
2026-10-03T22:55:39.6036771Z [1m[92m   Compiling[0m pin-project-lite v0.2.17
2026-10-03T22:55:39.6356585Z [1m[92m   Compiling[0m bytes v1.12.1
2026-10-03T22:55:39.6426591Z [1m[92m   Compiling[0m smallvec v1.15.2
2026-10-03T22:55:39.7894811Z [1m[92m   Compiling[0m simd-adler32 v0.3.10
2026-10-03T22:55:39.9226421Z [1m[92m   Compiling[0m hybrid-array v0.4.14
2026-10-03T22:55:39.9347590Z [1m[92m   Compiling[0m subtle v2.6.1
2026-10-03T22:55:39.9836794Z [1m[92m   Compiling[0m getrandom v0.2.17
2026-10-03T22:55:40.0246342Z [1m[92m   Compiling[0m errno v0.3.14
2026-10-03T22:55:40.0876300Z [1m[92m   Compiling[0m ring v0.17.14
2026-10-03T22:55:40.0881639Z [1m[92m   Compiling[0m signal-hook-registry v1.4.8
2026-10-03T22:55:40.2498520Z [1m[92m   Compiling[0m mio v1.2.2
2026-10-03T22:55:40.2816943Z [1m[92m   Compiling[0m socket2 v0.6.5
2026-10-03T22:55:40.4204694Z [1m[92m   Compiling[0m block-buffer v0.12.1
2026-10-03T22:55:40.5013636Z [1m[92m   Compiling[0m crypto-common v0.2.2
2026-10-03T22:55:40.6790119Z [1m[92m   Compiling[0m adler2 v2.0.1
2026-10-03T22:55:40.7380809Z [1m[92m   Compiling[0m scopeguard v1.2.0
2026-10-03T22:55:40.7680750Z [1m[92m   Compiling[0m lock_api v0.4.14
2026-10-03T22:55:40.7796253Z [1m[92m   Compiling[0m miniz_oxide v0.9.1
2026-10-03T22:55:40.9590129Z [1m[92m   Compiling[0m tokio v1.53.1
2026-10-03T22:55:41.4807740Z [1m[92m   Compiling[0m digest v0.11.3
2026-10-03T22:55:41.5286729Z [1m[92m   Compiling[0m rustls-webpki v0.103.15
2026-10-03T22:55:41.5928612Z [1m[92m   Compiling[0m hmac v0.13.0
2026-10-03T22:55:41.6796081Z [1m[92m   Compiling[0m parking_lot_core v0.9.12
2026-10-03T22:55:41.8599449Z [1m[92m   Compiling[0m crc32fast v1.5.1
2026-10-03T22:55:42.0196544Z [1m[92m   Compiling[0m rustls v0.23.45
2026-10-03T22:55:42.2386443Z [1m[92m   Compiling[0m tracing-core v0.1.36
2026-10-03T22:55:42.6016512Z [1m[92m   Compiling[0m cpufeatures v0.3.1
2026-10-03T22:55:42.6240399Z [1m[92m   Compiling[0m twox-hash v2.1.2
2026-10-03T22:55:42.6848680Z [1m[92m   Compiling[0m zlib-rs v0.6.8
2026-10-03T22:55:42.7306602Z [1m[92m   Compiling[0m lz4_flex v0.14.0
2026-10-03T22:55:43.0914373Z [1m[92m   Compiling[0m sha2 v0.11.0
2026-10-03T22:55:43.9036567Z [1m[92m   Compiling[0m tracing v0.1.44
2026-10-03T22:55:44.0406583Z [1m[92m   Compiling[0m crc32c v0.6.8
2026-10-03T22:55:44.1316482Z [1m[92m   Compiling[0m parking_lot v0.12.5
2026-10-03T22:55:44.4526555Z [1m[92m   Compiling[0m pbkdf2 v0.13.0
2026-10-03T22:55:44.4884095Z [1m[92m   Compiling[0m getrandom v0.4.3
2026-10-03T22:55:44.5896569Z [1m[92m   Compiling[0m snap v1.1.2
2026-10-03T22:55:44.8706625Z [1m[92m   Compiling[0m webpki-roots v1.0.9
2026-10-03T22:55:44.9267315Z [1m[92m   Compiling[0m base64 v0.23.1
2026-10-03T22:55:45.3297051Z [1m[92m   Compiling[0m tokio-rustls v0.26.5
2026-10-03T22:55:47.0303735Z [1m[92m   Compiling[0m flate2 v1.1.10
2026-10-03T22:55:47.2586328Z [1m[92m   Compiling[0m partitionline v0.1.0 (/home/runner/work/partitionline/partitionline)
2026-10-03T22:55:58.8873152Z [1m[92m    Finished[0m `dev` profile [unoptimized + debuginfo] target(s) in 19.90s
2026-10-03T22:55:58.8971259Z ##[group]Run cargo test --locked --all-targets --features tracing
2026-10-03T22:55:58.8971769Z [36;1mcargo test --locked --all-targets --features tracing[0m
2026-10-03T22:55:58.9034525Z shell: /usr/bin/bash -e {0}
2026-10-03T22:55:58.9034779Z env:
2026-10-03T22:55:58.9035186Z   CARGO_HOME: /home/runner/.cargo
2026-10-03T22:55:58.9035503Z   CARGO_INCREMENTAL: 0
2026-10-03T22:55:58.9035736Z   CARGO_TERM_COLOR: always
2026-10-03T22:55:58.9035975Z ##[endgroup]
2026-10-03T22:55:58.9682255Z [1m[92m   Compiling[0m partitionline v0.1.0 (/home/runner/work/partitionline/partitionline)
2026-10-03T22:57:13.5272039Z [1m[92m    Finished[0m `test` profile [unoptimized + debuginfo] target(s) in 1m 14s
2026-10-03T22:57:13.5349531Z [1m[92m     Running[0m unittests src/lib.rs (target/debug/deps/partitionline-8eede2cd62909801)
2026-10-03T22:57:13.5372151Z 
2026-10-03T22:57:13.5372381Z running 1110 tests
2026-10-03T22:57:13.5384750Z test admin::tests::alter_config_op_type_matches_java ... ok
2026-10-03T22:57:13.5385856Z test admin::tests::alter_configs_errors_match_java ... ok
2026-10-03T22:57:13.5386666Z test admin::tests::config_resource_type_matches_protocol_consts ... ok
2026-10-03T22:57:13.5387600Z test admin::tests::alter_configs_request_configs_match_java ... ok
2026-10-03T22:57:13.5388418Z test admin::tests::config_get_and_replacement_match_java ... ok
2026-10-03T22:57:13.5389175Z test admin::tests::admin_java_spec_getters_match_fields ... ok
2026-10-03T22:57:13.5389934Z test admin::tests::deleted_records_matches_java ... ok
2026-10-03T22:57:13.5390579Z test admin::tests::delegation_token_getters_match_java ... ok
2026-10-03T22:57:13.5391068Z test admin::tests::config_type_and_source_match_wire_ids ... ok
2026-10-03T22:57:13.5391590Z test admin::tests::group_type_and_state_match_java ... ok
2026-10-03T22:57:13.5392147Z test admin::tests::list_config_resources_response_config_resources_matches_java ... ok
2026-10-03T22:57:13.5392742Z test admin::tests::list_offset_topic_requests_keeps_duplicate_partitions ... ok
2026-10-03T22:57:13.5393505Z test admin::tests::records_to_delete_before_offset_converts_to_i64 ... ok
2026-10-03T22:57:13.5394331Z test admin::tests::replica_log_dirs_group_and_map_current_future ... ok
2026-10-03T22:57:13.5395303Z test admin::tests::new_partition_reassignment_matches_java ... ok
2026-10-03T22:57:13.5395994Z test admin::tests::remaining_admin_result_getters_match_java ... ok
2026-10-03T22:57:13.5396811Z test admin::tests::scram_mechanism_matches_protocol_consts ... ok
2026-10-03T22:57:13.5397561Z test admin::tests::topic_collection_matches_java ... ok
2026-10-03T22:57:13.5398277Z test admin::tests::topic_listings_skip_errors_and_unnamed ... ok
2026-10-03T22:57:13.5399087Z test admin::tests::topic_partition_replica_and_log_dir_getters ... ok
2026-10-03T22:57:13.5399833Z test admin::tests::update_features_client_checks_match_java ... ok
2026-10-03T22:57:13.5400631Z test admin::tests::user_scram_credential_alteration_user_matches_java ... ok
2026-10-03T22:57:13.5401421Z test cluster::tests::apply_fills_sparse_partition_holes_with_sentinels ... ok
2026-10-03T22:57:13.5401915Z test cluster::tests::apply_drops_unreliable_leader_epochs ... ok
2026-10-03T22:57:13.5402290Z test admin::tests::uuid_matches_java ... ok
2026-10-03T22:57:13.5402796Z test cluster::tests::apply_current_leader_updates_known_broker ... ok
2026-10-03T22:57:13.5403600Z test cluster::tests::apply_stores_controller_id ... ok
2026-10-03T22:57:13.5404274Z test cluster::tests::not_controller_is_retriable ... ok
2026-10-03T22:57:13.5404733Z test cluster::tests::topic_fresh_respects_max_age ... ok
2026-10-03T22:57:13.5405355Z test config::tests::acks_roundtrip ... ok
2026-10-03T22:57:13.5406027Z test config::tests::auto_offset_reset_default_is_earliest ... ok
2026-10-03T22:57:13.5406818Z test config::tests::connection_idle_expired_zero_never_closes ... ok
2026-10-03T22:57:13.5407520Z test config::tests::isolation_roundtrip ... ok
2026-10-03T22:57:13.5408620Z test config::tests::reconnect_backoff_delay_skips_first_then_doubles ... ok
2026-10-03T22:57:13.5409438Z test config::tests::endpoint_matches_java ... ok
2026-10-03T22:57:13.5410109Z test config::tests::listener_name_matches_java ... ok
2026-10-03T22:57:13.5412281Z test config::tests::retry_backoff_delay_doubles_then_caps ... ok
2026-10-03T22:57:13.5413108Z test config::tests::sasl_apply_clears_other_mechanisms ... ok
2026-10-03T22:57:13.5413899Z test consumer::tests::consumer_records_partitions_and_filters ... ok
2026-10-03T22:57:13.5414736Z test config::tests::security_protocol_matches_java ... ok
2026-10-03T22:57:13.5415889Z test consumer::tests::fetch_session_abandoned_request_requires_full_map_and_closes_known_session ... ok
2026-10-03T22:57:13.5416968Z test consumer::tests::fetch_session_decline_version_change_and_epoch_wrap ... ok
2026-10-03T22:57:13.5417607Z test consumer::tests::fetch_session_topic_id_replacement_forgets_old_identity ... ok
2026-10-03T22:57:13.5418659Z test consumer::tests::fetch_session_failure_or_malformed_header_resets_before_partition_application ... ok
2026-10-03T22:57:13.5419655Z test consumer::tests::java_core_type_getters_match_fields ... ok
2026-10-03T22:57:13.5420312Z test error::tests::api_error_matches_java ... ok
2026-10-03T22:57:13.5420945Z test group::tests::committed_starts_uses_fetched_or_zero ... ok
2026-10-03T22:57:13.5421560Z test group::tests::consumer_group_metadata_getters_match_java ... ok
2026-10-03T22:57:13.5421962Z test error::tests::for_code_matches_java_errors ... ok
2026-10-03T22:57:13.5422669Z test group::tests::cooperative_sticky_holds_owned_until_revoke ... ok
2026-10-03T22:57:13.5423425Z test group::tests::coordinator_retriable_covers_load_and_move ... ok
2026-10-03T22:57:13.5424166Z test group::tests::group_offset_topics_collapses_partitions ... ok
2026-10-03T22:57:13.5424835Z test group::tests::group_protocol_matches_java ... ok
2026-10-03T22:57:13.5425723Z test group::tests::filter_matching_topics_skips_internal_and_sorts ... ok
2026-10-03T22:57:13.5426554Z test group::tests::offset_commit_load_in_progress_is_not_at_byte_four ... ok
2026-10-03T22:57:13.5427373Z test group::tests::kip848_wanted_maps_topic_id_to_subscribed_name ... ok
2026-10-03T22:57:13.5428188Z test group::tests::offset_commit_not_coordinator_is_not_at_byte_four ... ok
2026-10-03T22:57:13.5429042Z test group::tests::offset_fetch_not_coordinator_is_not_at_byte_four ... ok
2026-10-03T22:57:13.5429791Z test group::tests::range_splits_all_partitions_without_overlap ... ok
2026-10-03T22:57:13.5430710Z test group::tests::range_topics_assigns_each_topic_independently ... ok
2026-10-03T22:57:13.5431345Z test group::tests::range_subscribed_keeps_members_on_their_topics ... ok
2026-10-03T22:57:13.5432180Z test group::tests::sticky_owned_same_generation_revokes_from_both ... ok
2026-10-03T22:57:13.5433004Z test group::tests::sticky_keeps_previous_when_still_valid ... ok
2026-10-03T22:57:13.5433522Z test group::tests::sticky_owned_later_higher_generation_takes_doubly_claimed ... ok
2026-10-03T22:57:13.5434246Z test group::tests::sticky_owned_higher_generation_keeps_partition ... ok
2026-10-03T22:57:13.5435522Z test group::tests::sticky_rebalances_when_a_member_joins ... ok
2026-10-03T22:57:13.5436318Z test metrics::tests::fetch_topics_sorted_and_grouped ... ok
2026-10-03T22:57:13.5437052Z test metrics::tests::format_bytes_matches_java_utils ... ok
2026-10-03T22:57:13.5437599Z test metrics::tests::latency_tracker_min_max_mean ... ok
2026-10-03T22:57:13.5438019Z test metrics::tests::latency_tracker_p50_p99_of_one_to_hundred ... ok
2026-10-03T22:57:13.5438510Z test metrics::tests::metrics_default_zero ... ok
2026-10-03T22:57:13.5439188Z test metrics::tests::percentile_index_ceil_rank ... ok
2026-10-03T22:57:13.5439872Z test metrics::tests::quota_matches_java_metrics ... ok
2026-10-03T22:57:13.5440544Z test metrics::tests::record_batch_empty_is_noop ... ok
2026-10-03T22:57:13.5445396Z test metrics::tests::throttle_stats_ignore_zero_and_saturate_without_labels ... ok
2026-10-03T22:57:13.5446648Z test metrics::tests::record_batch_exact_totals_one_sample_per_batch ... ok
2026-10-03T22:57:13.5447550Z test net::tests::deadline_contract_tracks_remaining_and_expiration ... ok
2026-10-03T22:57:13.5448383Z test net::tests::next_correlation_id_skips_sasl_reserved_range ... ok
2026-10-03T22:57:13.5449364Z test net::tests::parse_and_validate_addresses_match_java ... ok
2026-10-03T22:57:13.5450128Z test net::tests::next_sasl_correlation_id_uses_reserved_range ... ok
2026-10-03T22:57:13.5450943Z test net::tests::parse_response_wraps_unrelated_sasl_correlation ... ok
2026-10-03T22:57:13.5451745Z test net::tests::reserve_frame_is_noop_when_already_filled ... ok
2026-10-03T22:57:13.5452486Z test net::tests::reserve_frame_grows_once_to_known_size ... ok
2026-10-03T22:57:13.5453182Z test net::tests::reserved_correlation_ids_match_java ... ok
2026-10-03T22:57:13.5453821Z test net::tests::utils_host_port_match_java ... ok
2026-10-03T22:57:13.5454893Z test partitioner::sticky_rejection_tests::rotation_and_pressure_consume_the_returned_rejection_state_for_eligible_leaders ... ok
2026-10-03T22:57:13.5457071Z test partitioner::sticky_pressure_rng_tests::cached_route_pressure_never_consumes_a_draw_that_was_not_used_for_selection ... ok
2026-10-03T22:57:13.5458501Z test partitioner::sticky_tests::close_discards_bounded_history_and_late_callbacks_cannot_recreate_it ... ok
2026-10-03T22:57:13.5459683Z test partitioner::sticky_tests::keyed_overhead_is_not_charged_to_the_unkeyed_counter ... ok
2026-10-03T22:57:13.5461018Z test partitioner::sticky_rejection_tests::non_power_of_two_rejection_peeks_do_not_consume_rng_and_commit_all_attempted_draws ... ok
2026-10-03T22:57:13.5462335Z test partitioner::sticky_tests::prepared_routes_and_plans_are_pure_until_commit ... ok
2026-10-03T22:57:13.5463500Z test partitioner::sticky_tests::real_tail_fullness_defers_b_then_zero_byte_drain_completes_rotation ... ok
2026-10-03T22:57:13.5464810Z test partitioner::sticky_tests::two_b_forces_rotation_with_an_incomplete_tail_and_can_redraw_same_partition ... ok
2026-10-03T22:57:13.5466387Z test partitioner::sticky_tests::partial_terminal_expiry_shrinks_members_and_sequenced_cancellation_is_sticky ... ok
2026-10-03T22:57:13.5467837Z test partitioner::sticky_tests::uuid_reset_and_removed_partition_preserve_old_delivery_rows_without_stale_rotation ... ok
2026-10-03T22:57:13.5468909Z test partitioner::tests::abs_matches_java_utils ... ok
2026-10-03T22:57:13.5469646Z test partitioner::tests::default_partitioner_keys_match_murmur2 ... ok
2026-10-03T22:57:13.5470422Z test partitioner::tests::murmur2_matches_java_utils ... ok
2026-10-03T22:57:13.5471253Z test producer::tests::broker_throttle_extends_without_zero_or_negative_unmute ... ok
2026-10-03T22:57:13.5472178Z test producer::tests::produce_record_constructor_checks_match_java ... ok
2026-10-03T22:57:13.5473018Z test producer::tests::record_metadata_constructor_matches_java ... ok
2026-10-03T22:57:13.5473795Z test producer::tests::record_metadata_getters_match_java ... ok
2026-10-03T22:57:13.5474681Z test producer::tests::transactional_methods_without_transactional_id_match_java ... ok
2026-10-03T22:57:13.5475876Z test producer::tests::send_offsets_group_metadata_checks_match_java ... ok
2026-10-03T22:57:13.5476771Z test protocol::acl::tests::acl_binding_filter_matches_principal_and_any ... ok
2026-10-03T22:57:13.5477579Z test protocol::acl::tests::acl_java_types_match_kafka ... ok
2026-10-03T22:57:13.5478348Z test protocol::acl::tests::acl_response_unknown_elements_match_java ... ok
2026-10-03T22:57:13.5479174Z test protocol::acl::tests::acl_v0_pattern_type_matches_java ... ok
2026-10-03T22:57:13.5479982Z test protocol::acl::tests::acl_unknown_elements_match_java ... ok
2026-10-03T22:57:13.5480762Z test protocol::acl::tests::allow_topic_is_all_allow_on_topic ... ok
2026-10-03T22:57:13.5481552Z test protocol::acl::tests::create_acls_constructor_matches_java ... ok
2026-10-03T22:57:13.5482446Z test protocol::acl::tests::create_acls_get_error_response_does_not_copy_bindings ... ok
2026-10-03T22:57:13.5483628Z test protocol::acl::tests::create_acls_not_controller_is_not_at_byte_four ... ok
2026-10-03T22:57:13.5484566Z test protocol::acl::tests::create_acls_request_error_response_matches_java ... ok
2026-10-03T22:57:13.5487095Z test protocol::acl::tests::create_acls_response_error_counts_matches_java ... ok
2026-10-03T22:57:13.5488063Z test protocol::acl::tests::create_acls_response_throttle_time_ms_matches_java ... ok
2026-10-03T22:57:13.5489057Z test protocol::acl::tests::create_acls_v2_compact_layout_matches_independent_encode ... ok
2026-10-03T22:57:13.5490053Z test protocol::acl::tests::create_describe_delete_acls_roundtrip_v0_to_v3 ... ok
2026-10-03T22:57:13.5490922Z test protocol::acl::tests::delete_acls_matching_acl_matches_java ... ok
2026-10-03T22:57:13.5492708Z test protocol::acl::tests::delete_acls_matching_error_message_matches_java ... ok
2026-10-03T22:57:13.5493642Z test protocol::acl::tests::delete_acls_request_error_response_matches_java ... ok
2026-10-03T22:57:13.5494565Z test protocol::acl::tests::delete_acls_response_error_counts_matches_java ... ok
2026-10-03T22:57:13.5495983Z test protocol::acl::tests::delete_acls_v2_filters_of_two_matches_independent_encode ... ok
2026-10-03T22:57:13.5496983Z test protocol::acl::tests::describe_acls_request_error_response_matches_java ... ok
2026-10-03T22:57:13.5497922Z test protocol::acl::tests::describe_acls_response_error_code_matches_java ... ok
2026-10-03T22:57:13.5498844Z test protocol::acl::tests::describe_acls_response_error_counts_matches_java ... ok
2026-10-03T22:57:13.5499889Z test protocol::acl::tests::describe_acls_response_error_matches_java ... ok
2026-10-03T22:57:13.5500807Z test protocol::acl::tests::delete_acls_response_throttle_time_ms_matches_java ... ok
2026-10-03T22:57:13.5501764Z test protocol::acl::tests::describe_acls_response_error_message_matches_java ... ok
2026-10-03T22:57:13.5502720Z test protocol::acl::tests::describe_acls_response_groups_bindings_like_java ... ok
2026-10-03T22:57:13.5503598Z test protocol::admin::tests::add_raft_voter_endpoint_validation ... ok
2026-10-03T22:57:13.5504509Z test protocol::admin::tests::allocate_producer_ids_not_controller_is_at_byte_four ... ok
2026-10-03T22:57:13.5505780Z test protocol::admin::tests::allocate_producer_ids_request_error_response_matches_java ... ok
2026-10-03T22:57:13.5506915Z test protocol::admin::tests::allocate_producer_ids_response_error_counts_matches_java ... ok
2026-10-03T22:57:13.5508025Z test protocol::admin::tests::allocate_producer_ids_response_throttle_time_ms_matches_java ... ok
2026-10-03T22:57:13.5509091Z test protocol::admin::tests::allocate_producer_ids_v0_matches_kafka_protocol_0_18 ... ok
2026-10-03T22:57:13.5510115Z test protocol::admin::tests::allocate_producer_ids_v0_roundtrip_is_leftover_empty ... ok
2026-10-03T22:57:13.5511120Z test protocol::admin::tests::alter_client_quotas_from_quota_entities_matches_java ... ok
2026-10-03T22:57:13.5512109Z test protocol::admin::tests::alter_client_quotas_not_controller_is_at_byte_five ... ok
2026-10-03T22:57:13.5513115Z test protocol::acl::tests::describe_acls_response_throttle_time_ms_matches_java ... ok
2026-10-03T22:57:13.5514085Z test protocol::admin::tests::alter_client_quotas_request_entries_matches_java ... ok
2026-10-03T22:57:13.5516350Z test protocol::admin::tests::alter_client_quotas_request_error_response_matches_java ... ok
2026-10-03T22:57:13.5517477Z test protocol::admin::tests::alter_client_quotas_response_error_counts_matches_java ... ok
2026-10-03T22:57:13.5518550Z test protocol::admin::tests::alter_client_quotas_response_throttle_time_ms_matches_java ... ok
2026-10-03T22:57:13.5519512Z test protocol::admin::tests::alter_client_quotas_v0_is_classic ... ok
2026-10-03T22:57:13.5520396Z test protocol::admin::tests::alter_client_quotas_v1_roundtrip_is_leftover_empty ... ok
2026-10-03T22:57:13.5521317Z test protocol::admin::tests::alter_client_quotas_v2_is_not_spoken ... ok
2026-10-03T22:57:13.5524286Z test protocol::admin::tests::alter_client_quotas_v1_matches_kafka_protocol_0_18 ... ok
2026-10-03T22:57:13.5526072Z test protocol::admin::tests::alter_configs_response_error_counts_matches_java ... ok
2026-10-03T22:57:13.5527423Z test protocol::admin::tests::alter_configs_from_configs_matches_java ... ok
2026-10-03T22:57:13.5528586Z test protocol::admin::tests::alter_configs_v1_roundtrip ... ok
2026-10-03T22:57:13.5529735Z test protocol::admin::tests::alter_configs_v2_compact_layout_matches_independent_encode ... ok
2026-10-03T22:57:13.5531134Z test protocol::admin::tests::alter_configs_v2_resources_of_two_matches_independent_encode ... ok
2026-10-03T22:57:13.5532627Z test protocol::admin::tests::alter_partition_reassignments_not_controller_is_at_byte_four ... ok
2026-10-03T22:57:13.5533915Z test protocol::admin::tests::alter_configs_throttle_time_ms_matches_java ... ok
2026-10-03T22:57:13.5535476Z test protocol::admin::tests::alter_partition_reassignments_response_error_counts_matches_java ... ok
2026-10-03T22:57:13.5537030Z test protocol::admin::tests::alter_partition_reassignments_response_throttle_time_ms_matches_java ... ok
2026-10-03T22:57:13.5538287Z test protocol::admin::tests::alter_partition_reassignments_v0_roundtrip_is_leftover_empty ... ok
2026-10-03T22:57:13.5539482Z test protocol::admin::tests::alter_replica_log_dirs_first_partition_error_code_is_at_bytes_12_13 ... ok
2026-10-03T22:57:13.5540575Z test protocol::admin::tests::alter_replica_log_dirs_partition_dirs_matches_java ... ok
2026-10-03T22:57:13.5541627Z test protocol::admin::tests::alter_replica_log_dirs_response_error_counts_matches_java ... ok
2026-10-03T22:57:13.5542736Z test protocol::admin::tests::alter_replica_log_dirs_response_throttle_time_ms_matches_java ... ok
2026-10-03T22:57:13.5543775Z test protocol::admin::tests::alter_replica_log_dirs_v0_and_v3_are_not_spoken ... ok
2026-10-03T22:57:13.5544661Z test protocol::admin::tests::alter_replica_log_dirs_v1_is_classic ... ok
2026-10-03T22:57:13.5545995Z test protocol::admin::tests::alter_replica_log_dirs_v2_matches_kafka_protocol_0_18 ... ok
2026-10-03T22:57:13.5547021Z test protocol::admin::tests::alter_replica_log_dirs_v2_roundtrip_is_leftover_empty ... ok
2026-10-03T22:57:13.5548100Z test protocol::admin::tests::alter_share_group_offsets_request_error_response_matches_java ... ok
2026-10-03T22:57:13.5549228Z test protocol::admin::tests::alter_share_group_offsets_response_error_counts_matches_java ... ok
2026-10-03T22:57:13.5550374Z test protocol::admin::tests::alter_share_group_offsets_response_throttle_time_ms_matches_java ... ok
2026-10-03T22:57:13.5551498Z test protocol::admin::tests::alter_share_group_offsets_top_level_error_code_is_at_bytes_4_5 ... ok
2026-10-03T22:57:13.5552574Z test protocol::admin::tests::alter_share_group_offsets_v0_matches_kafka_protocol_0_18 ... ok
2026-10-03T22:57:13.5553623Z test protocol::admin::tests::alter_share_group_offsets_v0_roundtrip_is_leftover_empty ... ok
2026-10-03T22:57:13.5554685Z test protocol::admin::tests::alter_user_scram_credentials_not_controller_is_after_user ... ok
2026-10-03T22:57:13.5556780Z test protocol::admin::tests::alter_user_scram_credentials_response_error_counts_matches_java ... ok
2026-10-03T22:57:13.5557990Z test protocol::admin::tests::alter_user_scram_credentials_response_throttle_time_ms_matches_java ... ok
2026-10-03T22:57:13.5559162Z test protocol::admin::tests::alter_user_scram_credentials_v0_matches_kafka_protocol_0_18 ... ok
2026-10-03T22:57:13.5560264Z test protocol::admin::tests::alter_user_scram_credentials_v0_roundtrip_is_leftover_empty ... ok
2026-10-03T22:57:13.5561396Z test protocol::admin::tests::assign_replicas_to_dirs_max_assignments_per_request_matches_java ... ok
2026-10-03T22:57:13.5562522Z test protocol::admin::tests::assign_replicas_to_dirs_request_error_response_matches_java ... ok
2026-10-03T22:57:13.5563638Z test protocol::admin::tests::assign_replicas_to_dirs_response_throttle_time_ms_matches_java ... ok
2026-10-03T22:57:13.5564761Z test protocol::admin::tests::assign_replicas_to_dirs_response_error_counts_matches_java ... ok
2026-10-03T22:57:13.5566085Z test protocol::admin::tests::assign_replicas_to_dirs_top_level_error_code_is_at_bytes_4_5 ... ok
2026-10-03T22:57:13.5567435Z test protocol::admin::tests::assign_replicas_to_dirs_v0_matches_kafka_protocol_0_18 ... ok
2026-10-03T22:57:13.5568493Z test protocol::admin::tests::assign_replicas_to_dirs_v0_roundtrip_is_leftover_empty ... ok
2026-10-03T22:57:13.5569647Z test protocol::admin::tests::client_quota_filter_matches_java_factories ... ok
2026-10-03T22:57:13.5570481Z test protocol::admin::tests::config_new_get_matches_java ... ok
2026-10-03T22:57:13.5571409Z test protocol::admin::tests::consumer_group_describe_first_group_error_code_is_at_bytes_5_6 ... ok
2026-10-03T22:57:13.5572531Z test protocol::admin::tests::consumer_group_describe_request_error_response_matches_java ... ok
2026-10-03T22:57:13.5573652Z test protocol::admin::tests::consumer_group_describe_response_throttle_time_ms_matches_java ... ok
2026-10-03T22:57:13.5574843Z test protocol::admin::tests::consumer_group_describe_v0_matches_v1_request_and_empty_member_response ... ok
2026-10-03T22:57:13.5577320Z test protocol::admin::tests::consumer_group_describe_v0_omits_member_type ... ok
2026-10-03T22:57:13.5578318Z test protocol::admin::tests::consumer_group_describe_v1_matches_kafka_protocol_0_18 ... ok
2026-10-03T22:57:13.5579359Z test protocol::admin::tests::consumer_group_describe_v1_roundtrip_is_leftover_empty ... ok
2026-10-03T22:57:13.5580328Z test protocol::admin::tests::consumer_group_describe_v2_is_not_spoken ... ok
2026-10-03T22:57:13.5581207Z test protocol::admin::tests::create_delegation_token_does_not_speak_v0 ... ok
2026-10-03T22:57:13.5582206Z test protocol::admin::tests::create_delegation_token_response_error_counts_matches_java ... ok
2026-10-03T22:57:13.5583315Z test protocol::admin::tests::consumer_group_describe_response_error_counts_matches_java ... ok
2026-10-03T22:57:13.5584420Z test protocol::admin::tests::create_delegation_token_response_has_error_matches_java ... ok
2026-10-03T22:57:13.5585762Z test protocol::admin::tests::create_delegation_token_response_throttle_time_ms_matches_java ... ok
2026-10-03T22:57:13.5586912Z test protocol::admin::tests::create_delegation_token_top_level_error_code_is_at_bytes_0_1 ... ok
2026-10-03T22:57:13.5587962Z test protocol::admin::tests::create_delegation_token_v1_is_classic_v2_omits_owner ... ok
2026-10-03T22:57:13.5588983Z test protocol::admin::tests::create_delegation_token_v3_matches_kafka_protocol_0_18 ... ok
2026-10-03T22:57:13.5590009Z test protocol::admin::tests::create_delegation_token_v3_roundtrip_is_leftover_empty ... ok
2026-10-03T22:57:13.5591085Z test protocol::admin::tests::create_partitions_flexible_not_controller_is_leftover_empty ... ok
2026-10-03T22:57:13.5592153Z test protocol::admin::tests::create_partitions_assignments_roundtrip ... ok
2026-10-03T22:57:13.5593097Z test protocol::admin::tests::create_partitions_not_controller_is_not_at_byte_four ... ok
2026-10-03T22:57:13.5594111Z test protocol::admin::tests::create_partitions_request_error_response_matches_java ... ok
2026-10-03T22:57:13.5596695Z test protocol::admin::tests::create_partitions_response_throttle_time_ms_matches_java ... ok
2026-10-03T22:57:13.5597740Z test protocol::admin::tests::create_partitions_v1_request_matches_v0 ... ok
2026-10-03T22:57:13.5599277Z test protocol::admin::tests::create_partitions_v2_compact_layout_matches_independent_encode ... ok
2026-10-03T22:57:13.5600986Z test protocol::admin::tests::create_topics_assignments_roundtrip ... ok
2026-10-03T22:57:13.5602210Z test protocol::admin::tests::create_topics_broker_defaults_roundtrip ... ok
2026-10-03T22:57:13.5603201Z test protocol::admin::tests::create_topics_builder_matches_java ... ok
2026-10-03T22:57:13.5604153Z test protocol::admin::tests::create_topics_not_controller_is_not_at_byte_four ... ok
2026-10-03T22:57:13.5606206Z test protocol::admin::tests::create_topics_request_build_matches_java ... ok
2026-10-03T22:57:13.5607255Z test protocol::admin::tests::create_topics_request_no_partition_sentinels_match_java ... ok
2026-10-03T22:57:13.5608382Z test protocol::admin::tests::create_topics_response_error_counts_matches_java ... ok
2026-10-03T22:57:13.5613152Z test protocol::admin::tests::create_partitions_response_error_counts_matches_java ... ok
2026-10-03T22:57:13.5614184Z test protocol::admin::tests::create_topics_v3_roundtrip ... ok
2026-10-03T22:57:13.5615627Z test protocol::admin::tests::create_topics_throttle_time_ms_matches_java ... ok
2026-10-03T22:57:13.5616809Z test protocol::admin::tests::create_topics_v5_compact_layout_matches_independent_encode ... ok
2026-10-03T22:57:13.5617955Z test protocol::admin::tests::create_topics_v7_response_includes_topic_id ... ok
2026-10-03T22:57:13.5618957Z test protocol::admin::tests::create_topics_v5_roundtrip_is_leftover_empty ... ok
2026-10-03T22:57:13.5620618Z test protocol::admin::tests::delete_groups_first_group_error_code_is_at_bytes_7_8 ... ok
2026-10-03T22:57:13.5621776Z test protocol::admin::tests::delete_groups_request_error_response_matches_java ... ok
2026-10-03T22:57:13.5622910Z test protocol::admin::tests::delete_groups_response_error_counts_matches_java ... ok
2026-10-03T22:57:13.5624128Z test protocol::admin::tests::delete_groups_response_throttle_time_ms_matches_java ... ok
2026-10-03T22:57:13.5625961Z test protocol::admin::tests::delete_groups_v0_is_classic_v1_matches_v0 ... ok
2026-10-03T22:57:13.5626948Z test protocol::admin::tests::delete_groups_v2_matches_kafka_protocol_0_18 ... ok
2026-10-03T22:57:13.5628013Z test protocol::admin::tests::delete_groups_v3_is_not_spoken ... ok
2026-10-03T22:57:13.5628864Z test protocol::admin::tests::delete_groups_v2_roundtrip_is_leftover_empty ... ok
2026-10-03T22:57:13.5629786Z test protocol::admin::tests::delete_records_response_error_counts_matches_java ... ok
2026-10-03T22:57:13.5630720Z test protocol::admin::tests::delete_records_sentinels_match_java ... ok
2026-10-03T22:57:13.5631510Z test protocol::admin::tests::delete_records_v1_roundtrip ... ok
2026-10-03T22:57:13.5632310Z test protocol::admin::tests::delete_records_throttle_time_ms_matches_java ... ok
2026-10-03T22:57:13.5633288Z test protocol::admin::tests::delete_records_v2_compact_layout_matches_independent_encode ... ok
2026-10-03T22:57:13.5634362Z test protocol::admin::tests::delete_records_v2_topics_array_of_two_partitions ... ok
2026-10-03T22:57:13.5635644Z test protocol::admin::tests::delete_share_group_offsets_response_error_counts_matches_java ... ok
2026-10-03T22:57:13.5636819Z test protocol::admin::tests::delete_share_group_offsets_request_error_response_matches_java ... ok
2026-10-03T22:57:13.5637998Z test protocol::admin::tests::delete_share_group_offsets_response_throttle_time_ms_matches_java ... ok
2026-10-03T22:57:13.5639121Z test protocol::admin::tests::delete_share_group_offsets_top_level_error_code_is_at_bytes_4_5 ... ok
2026-10-03T22:57:13.5640208Z test protocol::admin::tests::delete_share_group_offsets_v0_matches_kafka_protocol_0_18 ... ok
2026-10-03T22:57:13.5641268Z test protocol::admin::tests::delete_share_group_offsets_v0_roundtrip_is_leftover_empty ... ok
2026-10-03T22:57:13.5642308Z test protocol::admin::tests::delete_topics_flexible_not_controller_is_leftover_empty ... ok
2026-10-03T22:57:13.5643346Z test protocol::admin::tests::delete_topics_not_controller_is_not_at_byte_four ... ok
2026-10-03T22:57:13.5644248Z test protocol::admin::tests::delete_topics_request_build_matches_java ... ok
2026-10-03T22:57:13.5646147Z test protocol::admin::tests::delete_topics_request_topic_ids_matches_java ... ok
2026-10-03T22:57:13.5647145Z test protocol::admin::tests::delete_topics_request_topics_matches_java ... ok
2026-10-03T22:57:13.5648069Z test protocol::admin::tests::delete_topics_response_error_counts_matches_java ... ok
2026-10-03T22:57:13.5648995Z test protocol::admin::tests::delete_topics_throttle_time_ms_matches_java ... ok
2026-10-03T22:57:13.5649837Z test protocol::admin::tests::delete_topics_v3_roundtrip ... ok
2026-10-03T22:57:13.5650714Z test protocol::admin::tests::delete_topics_v4_compact_layout_matches_independent_encode ... ok
2026-10-03T22:57:13.5651705Z test protocol::admin::tests::delete_topics_v4_roundtrip_is_leftover_empty ... ok
2026-10-03T22:57:13.5652884Z test protocol::admin::tests::delete_topics_v5_response_includes_error_message ... ok
2026-10-03T22:57:13.5653856Z test protocol::admin::tests::delete_topics_v6_response_includes_topic_id ... ok
2026-10-03T22:57:13.5654963Z test protocol::admin::tests::describe_client_quotas_error_code_is_at_bytes_4_5 ... ok
2026-10-03T22:57:13.5656466Z test protocol::admin::tests::describe_client_quotas_from_filter_matches_java ... ok
2026-10-03T22:57:13.5657419Z test protocol::admin::tests::delete_topics_request_number_of_topics_matches_java ... ok
2026-10-03T22:57:13.5658420Z test protocol::admin::tests::describe_client_quotas_from_quota_entities_matches_java ... ok
2026-10-03T22:57:13.5659561Z test protocol::admin::tests::describe_client_quotas_get_error_response_null_entries_is_leftover_empty ... ok
2026-10-03T22:57:13.5660726Z test protocol::admin::tests::describe_client_quotas_request_filter_matches_java ... ok
2026-10-03T22:57:13.5661764Z test protocol::admin::tests::describe_client_quotas_request_error_response_matches_java ... ok
2026-10-03T22:57:13.5662848Z test protocol::admin::tests::describe_client_quotas_response_throttle_time_ms_matches_java ... ok
2026-10-03T22:57:13.5663818Z test protocol::admin::tests::describe_client_quotas_v0_is_classic ... ok
2026-10-03T22:57:13.5664729Z test protocol::admin::tests::describe_client_quotas_v1_matches_kafka_protocol_0_18 ... ok
2026-10-03T22:57:13.5666009Z test protocol::admin::tests::describe_client_quotas_v1_roundtrip_is_leftover_empty ... ok
2026-10-03T22:57:13.5667111Z test protocol::admin::tests::describe_client_quotas_response_error_counts_matches_java ... ok
2026-10-03T22:57:13.5668069Z test protocol::admin::tests::describe_client_quotas_v2_is_not_spoken ... ok
2026-10-03T22:57:13.5668973Z test protocol::admin::tests::describe_cluster_response_error_counts_matches_java ... ok
2026-10-03T22:57:13.5670967Z test protocol::admin::tests::describe_cluster_response_nodes_matches_java ... ok
2026-10-03T22:57:13.5671954Z test protocol::admin::tests::describe_cluster_response_throttle_time_ms_matches_java ... ok
2026-10-03T22:57:13.5672856Z test protocol::admin::tests::describe_cluster_v0_roundtrip ... ok
2026-10-03T22:57:13.5673781Z test protocol::admin::tests::describe_cluster_v2_compact_layout_matches_independent_encode ... ok
2026-10-03T22:57:13.5674834Z test protocol::admin::tests::describe_cluster_request_error_response_matches_java ... ok
2026-10-03T22:57:13.5676058Z test protocol::admin::tests::describe_configs_throttle_time_ms_matches_java ... ok
2026-10-03T22:57:13.5677027Z test protocol::admin::tests::describe_configs_response_error_counts_matches_java ... ok
2026-10-03T22:57:13.5678554Z test protocol::admin::tests::describe_configs_v1_roundtrip ... ok
2026-10-03T22:57:13.5680218Z test protocol::admin::tests::describe_configs_v2_request_matches_v1 ... ok
2026-10-03T22:57:13.5682226Z test protocol::admin::tests::describe_configs_v0_is_default ... ok
2026-10-03T22:57:13.5683170Z test protocol::admin::tests::describe_configs_v3_adds_include_documentation_and_config_type ... ok
2026-10-03T22:57:13.5684075Z test protocol::admin::tests::describe_delegation_token_does_not_speak_v0 ... ok
2026-10-03T22:57:13.5685825Z test protocol::admin::tests::describe_configs_v4_compact_layout_matches_independent_encode ... ok
2026-10-03T22:57:13.5687796Z test protocol::admin::tests::describe_delegation_token_owners_list_empty_leftover_empty ... ok
2026-10-03T22:57:13.5688941Z test protocol::admin::tests::describe_delegation_token_request_error_response_matches_java ... ok
2026-10-03T22:57:13.5690036Z test protocol::admin::tests::describe_delegation_token_response_error_counts_matches_java ... ok
2026-10-03T22:57:13.5691099Z test protocol::admin::tests::describe_delegation_token_response_has_error_matches_java ... ok
2026-10-03T22:57:13.5693432Z test protocol::admin::tests::describe_delegation_token_top_level_error_code_is_at_bytes_0_1 ... ok
2026-10-03T22:57:13.5696332Z test protocol::admin::tests::describe_delegation_token_v1_is_classic_v2_omits_requester ... ok
2026-10-03T22:57:13.5699550Z test protocol::admin::tests::describe_delegation_token_v3_matches_kafka_protocol_0_18 ... ok
2026-10-03T22:57:13.5702606Z test protocol::admin::tests::describe_delegation_token_response_throttle_time_ms_matches_java ... ok
2026-10-03T22:57:13.5703980Z test protocol::admin::tests::describe_delegation_token_v3_roundtrip_is_leftover_empty ... ok
2026-10-03T22:57:13.5705327Z test protocol::admin::tests::describe_groups_first_group_error_code_is_at_bytes_5_6 ... ok
2026-10-03T22:57:13.5706487Z test protocol::admin::tests::describe_groups_response_error_counts_matches_java ... ok
2026-10-03T22:57:13.5707460Z test protocol::admin::tests::describe_groups_v0_and_v4_and_v5_fixtures ... ok
2026-10-03T22:57:13.5708516Z test protocol::admin::tests::describe_groups_v2_request_omits_include_authorized_operations ... ok
2026-10-03T22:57:13.5709616Z test protocol::admin::tests::describe_groups_v4_sends_group_instance_id_v3_does_not ... ok
2026-10-03T22:57:13.5710612Z test protocol::admin::tests::describe_groups_throttle_time_ms_matches_java ... ok
2026-10-03T22:57:13.5711567Z test protocol::admin::tests::describe_groups_v6_roundtrip_is_leftover_empty ... ok
2026-10-03T22:57:13.5712510Z test protocol::admin::tests::describe_groups_v6_matches_kafka_protocol_0_18 ... ok
2026-10-03T22:57:13.5713389Z test protocol::admin::tests::describe_groups_v7_is_not_spoken ... ok
2026-10-03T22:57:13.5714305Z test protocol::admin::tests::describe_log_dirs_response_error_counts_matches_java ... ok
2026-10-03T22:57:13.5715561Z test protocol::admin::tests::describe_log_dirs_request_error_response_matches_java ... ok
2026-10-03T22:57:13.5716603Z test protocol::admin::tests::describe_log_dirs_top_level_error_code_is_at_bytes_4_5 ... ok
2026-10-03T22:57:13.5717623Z test protocol::admin::tests::describe_log_dirs_v1_is_classic_v2_omits_error_code ... ok
2026-10-03T22:57:13.5718553Z test protocol::admin::tests::describe_log_dirs_v3_omits_total_bytes ... ok
2026-10-03T22:57:13.5719466Z test protocol::admin::tests::describe_log_dirs_v4_matches_kafka_protocol_0_18 ... ok
2026-10-03T22:57:13.5720435Z test protocol::admin::tests::describe_log_dirs_v4_roundtrip_is_leftover_empty ... ok
2026-10-03T22:57:13.5721410Z test protocol::admin::tests::describe_log_dirs_version_bounds_preserve_v4_layout ... ok
2026-10-03T22:57:13.5722498Z test protocol::admin::tests::describe_producers_first_partition_error_code_is_at_bytes_12_13 ... ok
2026-10-03T22:57:13.5723576Z test protocol::admin::tests::describe_producers_request_add_topic_matches_java ... ok
2026-10-03T22:57:13.5724585Z test protocol::admin::tests::describe_producers_response_error_counts_matches_java ... ok
2026-10-03T22:57:13.5727190Z test protocol::admin::tests::describe_producers_response_throttle_time_ms_matches_java ... ok
2026-10-03T22:57:13.5728284Z test protocol::admin::tests::describe_producers_v0_matches_kafka_protocol_0_18 ... ok
2026-10-03T22:57:13.5729291Z test protocol::admin::tests::describe_producers_v0_roundtrip_is_leftover_empty ... ok
2026-10-03T22:57:13.5730378Z test protocol::admin::tests::describe_producers_v0_topics_of_two_matches_independent_encode ... ok
2026-10-03T22:57:13.5731410Z test protocol::admin::tests::describe_quorum_error_counts_matches_java ... ok
2026-10-03T22:57:13.5732348Z test protocol::admin::tests::describe_quorum_error_responses_match_java ... ok
2026-10-03T22:57:13.5733293Z test protocol::admin::tests::describe_quorum_should_client_throttle_matches_java ... ok
2026-10-03T22:57:13.5734290Z test protocol::admin::tests::describe_quorum_unspoken_versions_are_not_spoken ... ok
2026-10-03T22:57:13.5736512Z test protocol::admin::tests::describe_log_dirs_response_throttle_time_ms_matches_java ... ok
2026-10-03T22:57:13.5737582Z test protocol::admin::tests::describe_quorum_v0_matches_apache_fixtures ... ok
2026-10-03T22:57:13.5738485Z test protocol::admin::tests::describe_quorum_v1_matches_apache_fixtures ... ok
2026-10-03T22:57:13.5739378Z test protocol::admin::tests::describe_quorum_v2_matches_apache_fixtures ... ok
2026-10-03T22:57:13.5740612Z test protocol::admin::tests::describe_quorum_v2_partition_error_matches_apache_fixtures ... ok
2026-10-03T22:57:13.5741724Z test protocol::admin::tests::describe_quorum_v2_top_level_error_matches_apache_fixtures ... ok
2026-10-03T22:57:13.5743082Z test protocol::admin::tests::describe_share_group_offsets_request_error_described_group_matches_java ... ok
2026-10-03T22:57:13.5744280Z test protocol::admin::tests::describe_share_group_offsets_request_error_response_matches_java ... ok
2026-10-03T22:57:13.5747063Z test protocol::admin::tests::describe_share_group_offsets_response_error_counts_matches_java ... ok
2026-10-03T22:57:13.5748318Z test protocol::admin::tests::describe_share_group_offsets_response_has_group_error_matches_java ... ok
2026-10-03T22:57:13.5749536Z test protocol::admin::tests::describe_share_group_offsets_response_throttle_time_ms_matches_java ... ok
2026-10-03T22:57:13.5750740Z test protocol::admin::tests::describe_share_group_offsets_first_group_error_code_is_at_bytes_8_9 ... ok
2026-10-03T22:57:13.5751883Z test protocol::admin::tests::describe_share_group_offsets_v0_matches_kafka_protocol_0_18 ... ok
2026-10-03T22:57:13.5752948Z test protocol::admin::tests::describe_topic_partitions_error_response_matches_java ... ok
2026-10-03T22:57:13.5754062Z test protocol::admin::tests::describe_topic_partitions_first_topic_error_code_is_at_bytes_5_6 ... ok
2026-10-03T22:57:13.5756694Z test protocol::admin::tests::describe_topic_partitions_partition_to_topic_partition_info_matches_java ... ok
2026-10-03T22:57:13.5757989Z test protocol::admin::tests::describe_topic_partitions_request_for_topic_names_matches_java ... ok
2026-10-03T22:57:13.5758900Z test net::tests::deadline_run_io_enforces_budget ... ok
2026-10-03T22:57:13.5759780Z test protocol::admin::tests::describe_topic_partitions_response_error_counts_matches_java ... ok
2026-10-03T22:57:13.5760982Z test protocol::admin::tests::describe_topic_partitions_response_throttle_time_ms_matches_java ... ok
2026-10-03T22:57:13.5762112Z test protocol::admin::tests::describe_topic_partitions_v0_matches_kafka_protocol_0_18 ... ok
2026-10-03T22:57:13.5763252Z test protocol::admin::tests::describe_share_group_offsets_v0_roundtrip_is_leftover_empty ... ok
2026-10-03T22:57:13.5764346Z test protocol::admin::tests::describe_topic_partitions_v0_roundtrip_is_leftover_empty ... ok
2026-10-03T22:57:13.5765847Z test protocol::admin::tests::describe_transactions_response_throttle_time_ms_matches_java ... ok
2026-10-03T22:57:13.5766856Z test protocol::admin::tests::describe_transactions_v0_matches_kafka_protocol_0_18 ... ok
2026-10-03T22:57:13.5767901Z test protocol::admin::tests::describe_transactions_v0_roundtrip_is_leftover_empty ... ok
2026-10-03T22:57:13.5769069Z test protocol::admin::tests::describe_user_scram_credentials_get_error_response_does_not_copy_names ... ok
2026-10-03T22:57:13.5770273Z test protocol::admin::tests::describe_user_scram_credentials_not_controller_is_at_bytes_4_5 ... ok
2026-10-03T22:57:13.5771459Z test protocol::admin::tests::describe_user_scram_credentials_response_error_counts_matches_java ... ok
2026-10-03T22:57:13.5772682Z test protocol::admin::tests::describe_user_scram_credentials_response_throttle_time_ms_matches_java ... ok
2026-10-03T22:57:13.5773839Z test protocol::admin::tests::describe_transactions_response_error_counts_matches_java ... ok
2026-10-03T22:57:13.5774903Z test protocol::admin::tests::describe_transactions_not_coordinator_is_at_byte_five ... ok
2026-10-03T22:57:13.5776402Z test protocol::admin::tests::describe_user_scram_credentials_v0_matches_kafka_protocol_0_18 ... ok
2026-10-03T22:57:13.5777536Z test protocol::admin::tests::describe_user_scram_credentials_v0_roundtrip_is_leftover_empty ... ok
2026-10-03T22:57:13.5778566Z test protocol::admin::tests::elect_leaders_error_counts_matches_java ... ok
2026-10-03T22:57:13.5779490Z test protocol::admin::tests::elect_leaders_error_response_matches_java ... ok
2026-10-03T22:57:13.5780474Z test protocol::admin::tests::elect_leaders_empty_topics_roundtrip_is_leftover_empty ... ok
2026-10-03T22:57:13.5781711Z test protocol::admin::tests::elect_leaders_should_client_throttle_matches_java ... ok
2026-10-03T22:57:13.5782718Z test protocol::admin::tests::elect_leaders_v1_matches_apache_fixtures ... ok
2026-10-03T22:57:13.5783859Z test protocol::admin::tests::elect_leaders_unspoken_versions_are_not_spoken ... ok
2026-10-03T22:57:13.5784791Z test protocol::admin::tests::expire_delegation_token_does_not_speak_v0 ... ok
2026-10-03T22:57:13.5787026Z test protocol::admin::tests::elect_leaders_v0_matches_apache_fixtures ... ok
2026-10-03T22:57:13.5787929Z test protocol::admin::tests::elect_leaders_v2_matches_apache_fixtures ... ok
2026-10-03T22:57:13.5788929Z test protocol::admin::tests::expire_delegation_token_response_has_error_matches_java ... ok
2026-10-03T22:57:13.5790020Z test protocol::admin::tests::expire_delegation_token_request_error_response_matches_java ... ok
2026-10-03T22:57:13.5791153Z test protocol::admin::tests::expire_delegation_token_response_throttle_time_ms_matches_java ... ok
2026-10-03T22:57:13.5792286Z test protocol::admin::tests::expire_delegation_token_top_level_error_code_is_at_bytes_0_1 ... ok
2026-10-03T22:57:13.5793271Z test protocol::admin::tests::expire_delegation_token_v1_is_classic ... ok
2026-10-03T22:57:13.5794238Z test protocol::admin::tests::expire_delegation_token_v2_roundtrip_is_leftover_empty ... ok
2026-10-03T22:57:13.5796533Z test protocol::admin::tests::get_telemetry_subscriptions_request_error_response_matches_java ... ok
2026-10-03T22:57:13.5797749Z test protocol::admin::tests::get_telemetry_subscriptions_response_error_counts_matches_java ... ok
2026-10-03T22:57:13.5798897Z test protocol::admin::tests::get_telemetry_subscriptions_response_has_error_matches_java ... ok
2026-10-03T22:57:13.5800065Z test protocol::admin::tests::get_telemetry_subscriptions_response_throttle_time_ms_matches_java ... ok
2026-10-03T22:57:13.5801259Z test protocol::admin::tests::get_telemetry_subscriptions_top_level_error_code_is_at_bytes_4_5 ... ok
2026-10-03T22:57:13.5802399Z test protocol::admin::tests::expire_delegation_token_response_error_counts_matches_java ... ok
2026-10-03T22:57:13.5803474Z test protocol::admin::tests::expire_delegation_token_v2_matches_kafka_protocol_0_18 ... ok
2026-10-03T22:57:13.5804551Z test protocol::admin::tests::get_telemetry_subscriptions_v0_roundtrip_is_leftover_empty ... ok
2026-10-03T22:57:13.5805846Z test protocol::admin::tests::incremental_alter_configs_append_subtract_ops_roundtrip ... ok
2026-10-03T22:57:13.5806898Z test protocol::admin::tests::incremental_alter_configs_from_configs_matches_java ... ok
2026-10-03T22:57:13.5807909Z test protocol::admin::tests::incremental_alter_configs_from_errors_matches_java ... ok
2026-10-03T22:57:13.5808987Z test protocol::admin::tests::incremental_alter_configs_not_controller_is_not_at_byte_four ... ok
2026-10-03T22:57:13.5810147Z test protocol::admin::tests::incremental_alter_configs_response_encode_from_errors_matches_java ... ok
2026-10-03T22:57:13.5811306Z test protocol::admin::tests::incremental_alter_configs_request_error_response_matches_java ... ok
2026-10-03T22:57:13.5812510Z test protocol::admin::tests::incremental_alter_configs_response_error_counts_matches_java ... ok
2026-10-03T22:57:13.5813635Z test protocol::admin::tests::get_telemetry_subscriptions_v0_matches_kafka_protocol_0_18 ... ok
2026-10-03T22:57:13.5814783Z test protocol::admin::tests::incremental_alter_configs_response_throttle_time_ms_matches_java ... ok
2026-10-03T22:57:13.5817294Z test protocol::admin::tests::incremental_alter_configs_v1_resources_of_two_matches_independent_encode ... ok
2026-10-03T22:57:13.5818589Z test protocol::admin::tests::incremental_alter_configs_v1_compact_layout_matches_independent_encode ... ok
2026-10-03T22:57:13.5819823Z test protocol::admin::tests::list_config_resources_request_supported_resource_types_matches_java ... ok
2026-10-03T22:57:13.5820953Z test protocol::admin::tests::list_config_resources_response_error_counts_matches_java ... ok
2026-10-03T22:57:13.5821974Z test protocol::admin::tests::list_config_resources_response_error_matches_java ... ok
2026-10-03T22:57:13.5823251Z test protocol::admin::tests::list_config_resources_response_throttle_time_ms_matches_java ... ok
2026-10-03T22:57:13.5824356Z test protocol::admin::tests::list_config_resources_top_level_error_code_is_at_bytes_4_5 ... ok
2026-10-03T22:57:13.5825875Z test protocol::admin::tests::list_config_resources_v0_omits_resource_types ... ok
2026-10-03T22:57:13.5826832Z test protocol::admin::tests::list_config_resources_v1_matches_kafka_protocol_0_18 ... ok
2026-10-03T22:57:13.5827604Z test protocol::admin::tests::list_config_resources_request_error_response_matches_java ... ok
2026-10-03T22:57:13.5828209Z test protocol::admin::tests::list_config_resources_v1_roundtrip_is_leftover_empty ... ok
2026-10-03T22:57:13.5828748Z test protocol::admin::tests::list_groups_error_code_is_at_bytes_4_5 ... ok
2026-10-03T22:57:13.5829251Z test protocol::admin::tests::list_config_resources_v2_is_not_spoken ... ok
2026-10-03T22:57:13.5829726Z test protocol::admin::tests::list_groups_request_build_matches_java ... ok
2026-10-03T22:57:13.5830230Z test protocol::admin::tests::list_groups_response_error_counts_matches_java ... ok
2026-10-03T22:57:13.5830744Z test protocol::admin::tests::list_groups_throttle_time_ms_matches_java ... ok
2026-10-03T22:57:13.5831229Z test protocol::admin::tests::list_groups_v0_v3_v4_omit_later_fields ... ok
2026-10-03T22:57:13.5832099Z test protocol::admin::tests::list_groups_v5_matches_kafka_protocol_0_18 ... ok
2026-10-03T22:57:13.5833035Z test protocol::admin::tests::list_groups_v5_roundtrip_is_leftover_empty ... ok
2026-10-03T22:57:13.5833911Z test protocol::admin::tests::list_groups_v6_is_not_spoken ... ok
2026-10-03T22:57:13.5834803Z test protocol::admin::tests::list_config_resources_request_build_matches_java ... ok
2026-10-03T22:57:13.5836204Z test protocol::admin::tests::list_partition_reassignments_not_controller_is_at_byte_four ... ok
2026-10-03T22:57:13.5837367Z test protocol::admin::tests::list_partition_reassignments_response_error_counts_matches_java ... ok
2026-10-03T22:57:13.5840114Z test protocol::admin::tests::list_partition_reassignments_v0_roundtrip_is_leftover_empty ... ok
2026-10-03T22:57:13.5841221Z test protocol::admin::tests::list_transactions_not_coordinator_is_at_bytes_4_5 ... ok
2026-10-03T22:57:13.5842214Z test protocol::admin::tests::list_transactions_request_build_matches_java ... ok
2026-10-03T22:57:13.5843219Z test protocol::admin::tests::list_transactions_request_error_response_matches_java ... ok
2026-10-03T22:57:13.5844315Z test protocol::admin::tests::list_transactions_response_error_counts_matches_java ... ok
2026-10-03T22:57:13.5846071Z test protocol::admin::tests::list_transactions_response_throttle_time_ms_matches_java ... ok
2026-10-03T22:57:13.5847291Z test protocol::admin::tests::list_partition_reassignments_response_throttle_time_ms_matches_java ... ok
2026-10-03T22:57:13.5848441Z test protocol::admin::tests::list_groups_error_response_matches_java ... ok
2026-10-03T22:57:13.5849387Z test protocol::admin::tests::list_transactions_v0_matches_kafka_protocol_0_18 ... ok
2026-10-03T22:57:13.5850430Z test protocol::admin::tests::list_transactions_v1_duration_filter_is_i64_before_tags ... ok
2026-10-03T22:57:13.5851420Z test protocol::admin::tests::member_and_log_dir_getters_match_java ... ok
2026-10-03T22:57:13.5852344Z test protocol::admin::tests::producer_and_transaction_getters_match_java ... ok
2026-10-03T22:57:13.5853338Z test protocol::admin::tests::push_telemetry_request_error_response_matches_java ... ok
2026-10-03T22:57:13.5854396Z test protocol::admin::tests::push_telemetry_request_metrics_content_type_matches_java ... ok
2026-10-03T22:57:13.5855693Z test protocol::admin::tests::push_telemetry_request_metrics_data_matches_java ... ok
2026-10-03T22:57:13.5856712Z test protocol::admin::tests::push_telemetry_response_error_counts_matches_java ... ok
2026-10-03T22:57:13.5857707Z test protocol::admin::tests::list_transactions_v0_roundtrip_is_leftover_empty ... ok
2026-10-03T22:57:13.5858694Z test protocol::admin::tests::push_telemetry_response_has_error_matches_java ... ok
2026-10-03T22:57:13.5859934Z test protocol::admin::tests::push_telemetry_response_throttle_time_ms_matches_java ... ok
2026-10-03T22:57:13.5861009Z test protocol::admin::tests::push_telemetry_top_level_error_code_is_at_bytes_4_5 ... ok
2026-10-03T22:57:13.5862250Z test protocol::admin::tests::list_transactions_v1_roundtrip_is_leftover_empty ... ok
2026-10-03T22:57:13.5864325Z test protocol::admin::tests::push_telemetry_v0_matches_kafka_protocol_0_18 ... ok
2026-10-03T22:57:13.5865563Z test protocol::admin::tests::push_telemetry_v0_roundtrip_is_leftover_empty ... ok
2026-10-03T22:57:13.5880001Z test protocol::admin::tests::renew_delegation_token_request_error_response_matches_java ... ok
2026-10-03T22:57:13.5881058Z test protocol::admin::tests::renew_delegation_token_response_error_counts_matches_java ... ok
2026-10-03T22:57:13.5881964Z test protocol::admin::tests::renew_delegation_token_does_not_speak_v0 ... ok
2026-10-03T22:57:13.5882987Z test protocol::admin::tests::renew_delegation_token_response_has_error_matches_java ... ok
2026-10-03T22:57:13.5884103Z test protocol::admin::tests::renew_delegation_token_response_throttle_time_ms_matches_java ... ok
2026-10-03T22:57:13.5884990Z test protocol::admin::tests::renew_delegation_token_top_level_error_code_is_at_bytes_0_1 ... ok
2026-10-03T22:57:13.5886182Z test protocol::admin::tests::renew_delegation_token_v1_is_classic ... ok
2026-10-03T22:57:13.5887996Z test protocol::admin::tests::renew_delegation_token_v2_matches_kafka_protocol_0_18 ... ok
2026-10-03T22:57:13.5889165Z test protocol::admin::tests::share_group_describe_request_error_response_matches_java ... ok
2026-10-03T22:57:13.5890212Z test protocol::admin::tests::renew_delegation_token_v2_roundtrip_is_leftover_empty ... ok
2026-10-03T22:57:13.5891313Z test protocol::admin::tests::share_group_describe_response_error_counts_matches_java ... ok
2026-10-03T22:57:13.5892437Z test protocol::admin::tests::share_group_describe_response_throttle_time_ms_matches_java ... ok
2026-10-03T22:57:13.5893345Z test protocol::admin::tests::share_group_describe_v0_matches_v1_and_does_not_speak_v2 ... ok
2026-10-03T22:57:13.5893934Z test protocol::admin::tests::share_group_describe_v1_matches_kafka_protocol_0_18 ... ok
2026-10-03T22:57:13.5894631Z test protocol::admin::tests::share_group_describe_v1_roundtrip_is_leftover_empty ... ok
2026-10-03T22:57:13.5895841Z test protocol::admin::tests::share_member_and_group_getters_match_java ... ok
2026-10-03T22:57:13.5896771Z test protocol::admin::tests::share_offset_getters_match_wire ... ok
2026-10-03T22:57:13.5897700Z test protocol::admin::tests::unregister_broker_not_controller_is_at_bytes_4_5 ... ok
2026-10-03T22:57:13.5898751Z test protocol::admin::tests::unregister_broker_request_error_response_matches_java ... ok
2026-10-03T22:57:13.5899824Z test protocol::admin::tests::unregister_broker_response_error_counts_matches_java ... ok
2026-10-03T22:57:13.5900914Z test protocol::admin::tests::unregister_broker_response_throttle_time_ms_matches_java ... ok
2026-10-03T22:57:13.5901981Z test protocol::admin::tests::unregister_broker_v0_matches_kafka_protocol_0_18 ... ok
2026-10-03T22:57:13.5902982Z test protocol::admin::tests::unregister_broker_v0_roundtrip_is_leftover_empty ... ok
2026-10-03T22:57:13.5903967Z test protocol::admin::tests::update_features_constructor_matches_java ... ok
2026-10-03T22:57:13.5904972Z test protocol::admin::tests::update_features_create_with_errors_is_leftover_empty ... ok
2026-10-03T22:57:13.5906473Z test protocol::admin::tests::update_features_not_controller_is_at_byte_four ... ok
2026-10-03T22:57:13.5907486Z test protocol::admin::tests::update_features_request_get_feature_matches_java ... ok
2026-10-03T22:57:13.5908501Z test protocol::admin::tests::update_features_response_error_counts_matches_java ... ok
2026-10-03T22:57:13.5909554Z test protocol::admin::tests::update_features_response_throttle_time_ms_matches_java ... ok
2026-10-03T22:57:13.5910665Z test protocol::admin::tests::share_group_describe_first_group_error_code_is_at_bytes_5_6 ... ok
2026-10-03T22:57:13.5911989Z test protocol::admin::tests::update_features_v0_matches_kafka_protocol_0_18 ... ok
2026-10-03T22:57:13.5913003Z test protocol::admin::tests::update_features_v0_roundtrip_is_leftover_empty ... ok
2026-10-03T22:57:13.5914240Z test protocol::admin::tests::update_features_v2_compact_layout_matches_independent_encode ... ok
2026-10-03T22:57:13.5915559Z test protocol::api::tests::api_versions_create_finalized_feature_keys_matches_java ... ok
2026-10-03T22:57:13.5916649Z test protocol::api::tests::api_versions_kip511_v0_unsupported_body_parses_when_sent_v4 ... ok
2026-10-03T22:57:13.5917742Z test protocol::api::tests::api_versions_maybe_filter_supported_feature_keys_matches_java ... ok
2026-10-03T22:57:13.5918754Z test protocol::api::tests::api_versions_request_error_response_matches_java ... ok
2026-10-03T22:57:13.5919705Z test protocol::api::tests::api_versions_request_is_valid_matches_java ... ok
2026-10-03T22:57:13.5920682Z test protocol::api::tests::api_versions_response_helpers_match_java ... ok
2026-10-03T22:57:13.5921709Z test protocol::api::tests::api_versions_v3_empty_features_is_zero_tagged_fields ... ok
2026-10-03T22:57:13.5922718Z test protocol::api::tests::api_versions_response_error_counts_matches_java ... ok
2026-10-03T22:57:13.5923733Z test protocol::api::tests::api_versions_v3_features_roundtrip_is_leftover_empty ... ok
2026-10-03T22:57:13.5924740Z test protocol::api::tests::api_versions_v3_matches_v4_and_does_not_speak_v5 ... ok
2026-10-03T22:57:13.5925781Z test protocol::api::tests::api_versions_v3_roundtrip ... ok
2026-10-03T22:57:13.5926647Z test protocol::api::tests::has_transactional_records_matches_java_request_utils ... ok
2026-10-03T22:57:13.5927607Z test protocol::api::tests::metadata_builder_matches_java ... ok
2026-10-03T22:57:13.5928487Z test protocol::api::tests::metadata_broker_and_node_endpoint_match_java_node ... ok
2026-10-03T22:57:13.5929433Z test protocol::api::tests::metadata_has_reliable_leader_epochs_matches_java ... ok
2026-10-03T22:57:13.5930335Z test protocol::api::tests::metadata_request_all_topics_matches_java ... ok
2026-10-03T22:57:13.5931318Z test protocol::api::tests::metadata_request_allow_auto_topic_creation_matches_java ... ok
2026-10-03T22:57:13.5932268Z test protocol::api::tests::metadata_request_build_matches_java ... ok
2026-10-03T22:57:13.5933107Z test protocol::api::tests::metadata_request_error_response_matches_java ... ok
2026-10-03T22:57:13.5934013Z test protocol::api::tests::metadata_request_for_topic_ids_matches_java ... ok
2026-10-03T22:57:13.5934967Z test protocol::api::tests::metadata_request_for_topic_names_matches_java ... ok
2026-10-03T22:57:13.5936277Z test protocol::api::tests::metadata_request_for_topic_names_version_matches_java ... ok
2026-10-03T22:57:13.5937322Z test protocol::api::tests::metadata_request_for_topic_names_range_matches_java ... ok
2026-10-03T22:57:13.5938336Z test protocol::api::tests::metadata_request_roundtrips_topics_and_allow_auto ... ok
2026-10-03T22:57:13.5939325Z test protocol::api::tests::metadata_response_brokers_by_id_matches_java ... ok
2026-10-03T22:57:13.5941314Z test protocol::api::tests::metadata_response_cluster_authorized_operations_matches_java ... ok
2026-10-03T22:57:13.5942405Z test protocol::api::tests::metadata_response_controller_matches_java ... ok
2026-10-03T22:57:13.5943217Z test protocol::api::tests::metadata_response_error_counts_matches_java ... ok
2026-10-03T22:57:13.5943739Z test protocol::api::tests::metadata_response_errors_matches_java ... ok
2026-10-03T22:57:13.5944326Z test protocol::api::tests::metadata_request_include_cluster_authorized_operations_matches_java ... ok
2026-10-03T22:57:13.5944927Z test protocol::api::tests::metadata_response_topic_metadata_matches_java ... ok
2026-10-03T22:57:13.5946154Z test protocol::api::tests::metadata_response_partition_metadata_matches_java ... ok
2026-10-03T22:57:13.5947318Z test protocol::api::tests::metadata_response_topic_metadata_with_topic_id_matches_java ... ok
2026-10-03T22:57:13.5948266Z test protocol::api::tests::metadata_v12_roundtrip ... ok
2026-10-03T22:57:13.5949275Z test protocol::api::tests::metadata_v12_topic_id_request_is_compact ... ok
2026-10-03T22:57:13.5950147Z test protocol::api::tests::metadata_v13_top_error_fails_check ... ok
2026-10-03T22:57:13.5951395Z test protocol::api::tests::metadata_v7_decodes_leader_epoch_and_omitted_authorized_ops ... ok
2026-10-03T22:57:13.5952367Z test protocol::api::tests::produce_error_response_matches_java ... ok
2026-10-03T22:57:13.5952859Z test protocol::api::tests::produce_partition_response_matches_java ... ok
2026-10-03T22:57:13.5953426Z test protocol::api::tests::produce_partition_response_with_current_leader_matches_java ... ok
2026-10-03T22:57:13.5954020Z test protocol::api::tests::produce_partition_response_with_message_matches_java ... ok
2026-10-03T22:57:13.5954570Z test protocol::api::tests::produce_partition_response_with_offsets_matches_java ... ok
2026-10-03T22:57:13.5955626Z test protocol::api::tests::produce_partition_response_with_record_errors_and_message_matches_java ... ok
2026-10-03T22:57:13.5956584Z test protocol::api::tests::produce_partition_response_with_record_errors_matches_java ... ok
2026-10-03T22:57:13.5957647Z test protocol::api::tests::produce_partition_sizes_matches_java ... ok
2026-10-03T22:57:13.5958506Z test protocol::api::tests::produce_request_build_matches_java ... ok
2026-10-03T22:57:13.5959333Z test protocol::api::tests::produce_request_builder_matches_java ... ok
2026-10-03T22:57:13.5960201Z test protocol::api::tests::produce_request_error_counts_matches_java ... ok
2026-10-03T22:57:13.5961085Z test protocol::api::tests::produce_record_error_matches_java ... ok
2026-10-03T22:57:13.5961952Z test protocol::api::tests::produce_request_validate_records_matches_java ... ok
2026-10-03T22:57:13.5962915Z test protocol::api::tests::produce_response_throttle_time_ms_matches_java ... ok
2026-10-03T22:57:13.5963817Z test protocol::api::tests::produce_response_to_data_matches_java ... ok
2026-10-03T22:57:13.5964752Z test protocol::api::tests::produce_transaction_v2_version_cap_matches_java ... ok
2026-10-03T22:57:13.5967274Z test protocol::api::tests::produce_v10_node_endpoints_tagged_is_leftover_empty ... ok
2026-10-03T22:57:13.5968261Z test protocol::api::tests::produce_v3_transactional_id_is_not_null ... ok
2026-10-03T22:57:13.5969153Z test protocol::api::tests::produce_v9_response_matches_compact_layout ... ok
2026-10-03T22:57:13.5970121Z test protocol::api::tests::produce_v11_current_leader_tagged_is_leftover_empty ... ok
2026-10-03T22:57:13.5971072Z test protocol::api::tests::produce_v9_roundtrip_is_leftover_empty ... ok
2026-10-03T22:57:13.5971956Z test protocol::api::tests::produce_v3_omitted_log_start_is_invalid_offset ... ok
2026-10-03T22:57:13.5972879Z test protocol::api_keys::tests::cluster_action_and_forwardable_match_java_4_0 ... ok
2026-10-03T22:57:13.5973823Z test protocol::api_keys::tests::min_required_inter_broker_magic_match_java_4_0 ... ok
2026-10-03T22:57:13.5974637Z test protocol::buf::tests::compact_string_null_empty ... ok
2026-10-03T22:57:13.5975630Z test protocol::buf::tests::array_len_rejects_claims_past_remaining ... ok
2026-10-03T22:57:13.5976566Z test protocol::buf::tests::compare_raw_tagged_fields_matches_java_message_util ... ok
2026-10-03T22:57:13.5977479Z test protocol::api_keys::tests::has_id_and_for_id_match_java ... ok
2026-10-03T22:57:13.5978282Z test protocol::buf::tests::deep_to_string_matches_java_message_util ... ok
2026-10-03T22:57:13.5979140Z test protocol::buf::tests::invalid_varint_matches_java_byte_utils ... ok
2026-10-03T22:57:13.5979985Z test protocol::buf::tests::invalid_varlong_matches_java_byte_utils ... ok
2026-10-03T22:57:13.5980804Z test protocol::buf::tests::is_blank_matches_java_utils ... ok
2026-10-03T22:57:13.5981614Z test protocol::buf::tests::is_equal_constant_time_matches_java_utils ... ok
2026-10-03T22:57:13.5982114Z test protocol::buf::tests::min_matches_java_utils ... ok
2026-10-03T22:57:13.5982515Z test protocol::buf::tests::parse_map_matches_java_utils ... ok
2026-10-03T22:57:13.5983140Z test protocol::buf::tests::entries_with_prefix_matches_java_utils ... ok
2026-10-03T22:57:13.5983607Z test protocol::buf::tests::read_bytes_matches_java_utils ... ok
2026-10-03T22:57:13.5984124Z test protocol::buf::tests::require_matches_java_utils ... ok
2026-10-03T22:57:13.5984538Z test protocol::buf::tests::read_int_be_matches_java_byte_utils ... ok
2026-10-03T22:57:13.5984984Z test protocol::buf::tests::size_delimited_matches_java_utils ... ok
2026-10-03T22:57:13.5986933Z test protocol::buf::tests::size_of_unsigned_varint_matches_java ... ok
2026-10-03T22:57:13.5987752Z test protocol::buf::tests::size_of_varlong_matches_java ... ok
2026-10-03T22:57:13.5988629Z test protocol::buf::tests::tagged_fields_roundtrip_and_require_ascending_tags ... ok
2026-10-03T22:57:13.5989633Z test protocol::buf::tests::size_of_unsigned_varlong_matches_java ... ok
2026-10-03T22:57:13.5990459Z test protocol::buf::tests::take_classic_bytes_null_is_none ... ok
2026-10-03T22:57:13.5991295Z test protocol::buf::tests::take_classic_bytes_from_bytes_is_a_view ... ok
2026-10-03T22:57:13.5993582Z test protocol::buf::tests::to_32_bit_field_matches_java_utils ... ok
2026-10-03T22:57:13.5994526Z test protocol::buf::tests::union_intersection_diff_matches_java_utils ... ok
2026-10-03T22:57:13.5996458Z test protocol::buf::tests::take_compact_bytes_from_bytes_is_a_view ... ok
2026-10-03T22:57:13.5997277Z test protocol::buf::tests::size_of_varint_matches_java ... ok
2026-10-03T22:57:13.5997718Z test protocol::buf::tests::unsigned_varint_roundtrip ... ok
2026-10-03T22:57:13.5999322Z test protocol::buf::tests::zigzag_varint_roundtrip ... ok
2026-10-03T22:57:13.6000824Z test protocol::cgheartbeat::tests::consumer_group_heartbeat_leave_has_epoch_minus_one ... ok
2026-10-03T22:57:13.6002543Z test protocol::cgheartbeat::tests::consumer_group_heartbeat_request_build_matches_java ... ok
2026-10-03T22:57:13.6005625Z test protocol::cgheartbeat::tests::consumer_group_heartbeat_request_error_response_matches_java ... ok
2026-10-03T22:57:13.6006749Z test protocol::buf::tests::utf8_length_matches_java_utils ... ok
2026-10-03T22:57:13.6007660Z test protocol::cgheartbeat::tests::consumer_group_heartbeat_request_matches_java ... ok
2026-10-03T22:57:13.6008223Z test protocol::buf::tests::varint_size_matches_encoded_len ... ok
2026-10-03T22:57:13.6008820Z test protocol::cgheartbeat::tests::consumer_group_heartbeat_request_rebalance_timeout_ms_matches_java ... ok
2026-10-03T22:57:13.6012179Z test protocol::cgheartbeat::tests::consumer_group_heartbeat_request_server_assignor_matches_java ... ok
2026-10-03T22:57:13.6013441Z test protocol::cgheartbeat::tests::consumer_group_heartbeat_static_leave_has_epoch_minus_two ... ok
2026-10-03T22:57:13.6014661Z test protocol::cgheartbeat::tests::consumer_group_heartbeat_response_error_counts_matches_java ... ok
2026-10-03T22:57:13.6016172Z test protocol::cgheartbeat::tests::consumer_group_heartbeat_response_throttle_time_ms_matches_java ... ok
2026-10-03T22:57:13.6019876Z test protocol::cgheartbeat::tests::consumer_group_heartbeat_v0_roundtrip_join ... ok
2026-10-03T22:57:13.6022032Z test protocol::cgheartbeat::tests::consumer_group_heartbeat_v1_roundtrip_is_leftover_empty ... ok
2026-10-03T22:57:13.6023313Z test protocol::cgheartbeat::tests::decode_rejects_error_response_without_trailing_tagged_fields ... ok
2026-10-03T22:57:13.6024620Z test protocol::cgheartbeat::tests::consumer_group_heartbeat_v1_compact_layout_matches_independent_encode ... ok
2026-10-03T22:57:13.6026102Z test protocol::cgheartbeat::tests::join_encodes_empty_topic_partitions_array_not_null ... ok
2026-10-03T22:57:13.6027188Z test protocol::epoch::tests::offset_for_leader_epoch_replica_id_sentinels_match_java ... ok
2026-10-03T22:57:13.6028239Z test protocol::epoch::tests::epoch_end_offset_undefined_sentinels_match_java ... ok
2026-10-03T22:57:13.6029239Z test protocol::epoch::tests::offset_for_leader_epoch_request_replica_id_matches_java ... ok
2026-10-03T22:57:13.6030333Z test protocol::epoch::tests::offset_for_leader_epoch_response_throttle_time_ms_matches_java ... ok
2026-10-03T22:57:13.6031680Z test protocol::epoch::tests::offset_for_leader_epoch_v0_has_no_replica_or_current_epoch ... ok
2026-10-03T22:57:13.6032728Z test protocol::epoch::tests::offset_for_leader_epoch_topics_of_n_v4_compact ... ok
2026-10-03T22:57:13.6033813Z test protocol::epoch::tests::offset_for_leader_epoch_v2_roundtrip ... ok
2026-10-03T22:57:13.6034783Z test protocol::epoch::tests::offset_for_leader_epoch_v1_response_has_epoch_not_throttle ... ok
2026-10-03T22:57:13.6036107Z test protocol::epoch::tests::offset_for_leader_epoch_v4_roundtrip_is_leftover_empty ... ok
2026-10-03T22:57:13.6037229Z test protocol::epoch::tests::offsets_for_leader_epoch_request_for_consumer_matches_java ... ok
2026-10-03T22:57:13.6038333Z test protocol::epoch::tests::offsets_for_leader_epoch_request_for_follower_matches_java ... ok
2026-10-03T22:57:13.6039381Z test protocol::fetch::tests::decode_fetch_response_from_bytes_shares_record_value ... ok
2026-10-03T22:57:13.6040456Z test protocol::epoch::tests::offsets_for_leader_epoch_response_error_counts_matches_java ... ok
2026-10-03T22:57:13.6041569Z test protocol::fetch::tests::decode_fetch_response_keeps_log_start_on_offset_out_of_range ... ok
2026-10-03T22:57:13.6042572Z test protocol::fetch::tests::fetch_error_code_session_id_matches_java ... ok
2026-10-03T22:57:13.6043430Z test protocol::fetch::tests::fetch_json_version_gates_match_java ... ok
2026-10-03T22:57:13.6044212Z test protocol::fetch::tests::fetch_metadata_matches_java ... ok
2026-10-03T22:57:13.6044983Z test protocol::fetch::tests::fetch_partition_data_matches_java ... ok
2026-10-03T22:57:13.6046633Z test protocol::fetch::tests::fetch_request_builder_matches_java ... ok
2026-10-03T22:57:13.6047696Z test protocol::epoch::tests::offset_for_leader_epoch_v4_compact_layout_matches_independent_encode ... ok
2026-10-03T22:57:13.6048927Z test protocol::fetch::tests::decode_fetch_response_uses_record_batch_decoder_on_partition_bytes ... ok
2026-10-03T22:57:13.6049951Z test protocol::fetch::tests::fetch_request_cluster_id_matches_java ... ok
2026-10-03T22:57:13.6050840Z test protocol::fetch::tests::fetch_request_error_response_matches_java ... ok
2026-10-03T22:57:13.6051770Z test protocol::fetch::tests::fetch_request_encode_error_response_matches_java ... ok
2026-10-03T22:57:13.6052694Z test protocol::fetch::tests::fetch_request_for_consumer_matches_java ... ok
2026-10-03T22:57:13.6053553Z test protocol::fetch::tests::fetch_request_for_replica_matches_java ... ok
2026-10-03T22:57:13.6054395Z test protocol::fetch::tests::fetch_request_fetch_data_matches_java ... ok
2026-10-03T22:57:13.6055483Z test protocol::fetch::tests::fetch_request_forgotten_matches_java ... ok
2026-10-03T22:57:13.6056418Z test protocol::fetch::tests::fetch_request_forgotten_topics_matches_java ... ok
2026-10-03T22:57:13.6057335Z test protocol::fetch::tests::fetch_request_log_start_offset_matches_java ... ok
2026-10-03T22:57:13.6058205Z test protocol::fetch::tests::fetch_request_max_wait_ms_matches_java ... ok
2026-10-03T22:57:13.6059054Z test protocol::fetch::tests::fetch_request_min_bytes_matches_java ... ok
2026-10-03T22:57:13.6059934Z test protocol::fetch::tests::fetch_request_rack_id_is_empty_string_not_null ... ok
2026-10-03T22:57:13.6060885Z test protocol::fetch::tests::fetch_request_replica_directory_id_matches_java ... ok
2026-10-03T22:57:13.6061820Z test protocol::fetch::tests::fetch_request_replica_for_build_matches_java ... ok
2026-10-03T22:57:13.6062758Z test protocol::fetch::tests::fetch_request_forgotten_from_removed_matches_java ... ok
2026-10-03T22:57:13.6063672Z test protocol::fetch::tests::fetch_request_replica_id_matches_java ... ok
2026-10-03T22:57:13.6064542Z test protocol::fetch::tests::fetch_request_sends_current_leader_epoch ... ok
2026-10-03T22:57:13.6065668Z test protocol::fetch::tests::fetch_request_replica_id_sentinels_match_java ... ok
2026-10-03T22:57:13.6066574Z test protocol::fetch::tests::fetch_request_replica_state_matches_java ... ok
2026-10-03T22:57:13.6071491Z test protocol::fetch::tests::fetch_request_session_matches_java ... ok
2026-10-03T22:57:13.6072782Z test protocol::fetch::tests::fetch_request_simple_builder_build_matches_java ... ok
2026-10-03T22:57:13.6073697Z test protocol::fetch::tests::fetch_request_sends_rack_id ... ok
2026-10-03T22:57:13.6074633Z test protocol::fetch::tests::fetch_response_of_matches_java ... ok
2026-10-03T22:57:13.6075714Z test protocol::fetch::tests::fetch_response_error_counts_matches_java ... ok
2026-10-03T22:57:13.6078340Z test protocol::fetch::tests::fetch_request_topics_from_fetch_data_matches_java ... ok
2026-10-03T22:57:13.6079384Z test protocol::fetch::tests::fetch_response_preserves_aborted_transactions ... ok
2026-10-03T22:57:13.6080445Z test protocol::fetch::tests::fetch_response_of_with_endpoints_matches_java ... ok
2026-10-03T22:57:13.6081726Z test protocol::fetch::tests::fetch_response_response_data_matches_java ... ok
2026-10-03T22:57:13.6083424Z test protocol::fetch::tests::fetch_response_records_size_matches_java ... ok
2026-10-03T22:57:13.6090358Z test protocol::fetch::tests::fetch_response_size_of_matches_java ... ok
2026-10-03T22:57:13.6091552Z test protocol::fetch::tests::fetch_response_snapshot_id_matches_java ... ok
2026-10-03T22:57:13.6092595Z test protocol::fetch::tests::fetch_response_throttle_time_ms_matches_java ... ok
2026-10-03T22:57:13.6093162Z test protocol::fetch::tests::fetch_v11_roundtrip ... ok
2026-10-03T22:57:13.6093701Z test protocol::fetch::tests::fetch_response_to_message_matches_java ... ok
2026-10-03T22:57:13.6094618Z test protocol::fetch::tests::fetch_v12_request_matches_compact_layout ... ok
2026-10-03T22:57:13.6095646Z test protocol::fetch::tests::fetch_v14_forgotten_topic_id_is_leftover_empty ... ok
2026-10-03T22:57:13.6096615Z test protocol::fetch::tests::fetch_v12_roundtrip_is_leftover_empty ... ok
2026-10-03T22:57:13.6097472Z test protocol::fetch::tests::fetch_v14_roundtrip_is_leftover_empty ... ok
2026-10-03T22:57:13.6097988Z test protocol::fetch::tests::fetch_v15_request_omits_untagged_replica_id ... ok
2026-10-03T22:57:13.6098759Z test protocol::fetch::tests::fetch_v14_request_matches_topic_id_layout ... ok
2026-10-03T22:57:13.6099478Z test protocol::fetch::tests::fetch_v16_current_leader_tagged_is_leftover_empty ... ok
2026-10-03T22:57:13.6102002Z test protocol::fetch::tests::fetch_v16_diverging_epoch_tagged_is_leftover_empty ... ok
2026-10-03T22:57:13.6103451Z test protocol::fetch::tests::fetch_v16_node_endpoints_tagged_is_leftover_empty ... ok
2026-10-03T22:57:13.6106174Z test protocol::fetch::tests::fetch_v16_roundtrip_is_leftover_empty ... ok
2026-10-03T22:57:13.6108368Z test protocol::fetch::tests::fetch_response_topic_ids_matches_java ... ok
2026-10-03T22:57:13.6109276Z test protocol::fetch::tests::fetch_v17_roundtrip_matches_v16 ... ok
2026-10-03T22:57:13.6110481Z test protocol::fetch::tests::fetch_v15_roundtrip_is_leftover_empty ... ok
2026-10-03T22:57:13.6111393Z test protocol::fetch::tests::fetched_partition_invalid_sentinels_match_java ... ok
2026-10-03T22:57:13.6112391Z test protocol::group::tests::consumer_protocol_assignment_matches_java_serialize ... ok
2026-10-03T22:57:13.6113353Z test protocol::group::tests::consumer_protocol_type_matches_java ... ok
2026-10-03T22:57:13.6114166Z test protocol::group::tests::coordinator_type_matches_java ... ok
2026-10-03T22:57:13.6114980Z test protocol::group::tests::find_coordinator_builder_matches_java ... ok
2026-10-03T22:57:13.6116134Z test protocol::group::tests::fetched_offset_partition_data_matches_java ... ok
2026-10-03T22:57:13.6118908Z test protocol::group::tests::find_coordinator_request_build_matches_java ... ok
2026-10-03T22:57:13.6119906Z test protocol::group::tests::find_coordinator_response_coordinators_matches_java ... ok
2026-10-03T22:57:13.6120974Z test protocol::group::tests::find_coordinator_response_coordinator_by_key_matches_java ... ok
2026-10-03T22:57:13.6122053Z test protocol::group::tests::find_coordinator_response_error_counts_matches_java ... ok
2026-10-03T22:57:13.6123034Z test protocol::group::tests::find_coordinator_response_node_matches_java ... ok
2026-10-03T22:57:13.6124252Z test protocol::group::tests::find_coordinator_response_prepare_response_matches_java ... ok
2026-10-03T22:57:13.6125631Z test protocol::group::tests::consumer_protocol_subscription_v3_matches_java_serialize ... ok
2026-10-03T22:57:13.6127025Z test protocol::group::tests::find_coordinator_response_has_error_matches_java ... ok
2026-10-03T22:57:13.6128028Z test protocol::group::tests::find_coordinator_v3_request_matches_compact_layout ... ok
2026-10-03T22:57:13.6129077Z test protocol::group::tests::find_coordinator_response_throttle_time_ms_matches_java ... ok
2026-10-03T22:57:13.6130176Z test protocol::group::tests::find_coordinator_v2_sends_key_type_and_is_leftover_empty ... ok
2026-10-03T22:57:13.6131235Z test protocol::group::tests::find_coordinator_v4_coordinator_keys_array_of_two ... ok
2026-10-03T22:57:13.6132227Z test protocol::group::tests::find_coordinator_v3_response_matches_compact_layout ... ok
2026-10-03T22:57:13.6133224Z test protocol::group::tests::find_coordinator_v3_roundtrip_is_leftover_empty ... ok
2026-10-03T22:57:13.6134205Z test protocol::group::tests::find_coordinator_v4_response_matches_compact_layout ... ok
2026-10-03T22:57:13.6137702Z test protocol::group::tests::find_coordinator_v4_vs_v3_request_layout_differs ... ok
2026-10-03T22:57:13.6138784Z test protocol::group::tests::find_coordinator_v4_request_matches_compact_layout ... ok
2026-10-03T22:57:13.6139787Z test protocol::group::tests::find_coordinator_v4_roundtrip_is_leftover_empty ... ok
2026-10-03T22:57:13.6140704Z test protocol::group::tests::heartbeat_request_build_matches_java ... ok
2026-10-03T22:57:13.6141560Z test protocol::group::tests::heartbeat_throttle_time_ms_matches_java ... ok
2026-10-03T22:57:13.6142440Z test protocol::group::tests::heartbeat_v0_v2_match_and_v1_adds_throttle ... ok
2026-10-03T22:57:13.6143332Z test protocol::group::tests::heartbeat_v3_roundtrip_is_leftover_empty ... ok
2026-10-03T22:57:13.6144229Z test protocol::group::tests::heartbeat_v4_request_matches_compact_layout ... ok
2026-10-03T22:57:13.6145371Z test protocol::group::tests::heartbeat_v4_response_matches_compact_layout ... ok
2026-10-03T22:57:13.6146301Z test protocol::group::tests::heartbeat_v4_roundtrip_is_leftover_empty ... ok
2026-10-03T22:57:13.6147202Z test protocol::group::tests::heartbeat_group_instance_id_matches_java ... ok
2026-10-03T22:57:13.6148113Z test protocol::group::tests::heartbeat_response_error_counts_matches_java ... ok
2026-10-03T22:57:13.6149006Z test protocol::group::tests::join_group_error_response_matches_java ... ok
2026-10-03T22:57:13.6149855Z test protocol::group::tests::join_group_protocols_of_n_v6_compact ... ok
2026-10-03T22:57:13.6150686Z test protocol::group::tests::join_group_request_build_matches_java ... ok
2026-10-03T22:57:13.6151577Z test protocol::group::tests::join_group_request_error_response_matches_java ... ok
2026-10-03T22:57:13.6152449Z test protocol::group::tests::join_group_request_matches_java ... ok
2026-10-03T22:57:13.6153364Z test protocol::group::tests::join_group_request_session_timeout_ms_matches_java ... ok
2026-10-03T22:57:13.6154412Z test protocol::group::tests::join_group_request_rebalance_timeout_ms_matches_java ... ok
2026-10-03T22:57:13.6158137Z test protocol::group::tests::join_group_request_protocol_type_matches_java ... ok
2026-10-03T22:57:13.6159210Z test protocol::group::tests::join_group_response_member_group_instance_id_matches_java ... ok
2026-10-03T22:57:13.6160240Z test protocol::group::tests::join_group_response_error_counts_matches_java ... ok
2026-10-03T22:57:13.6161183Z test protocol::group::tests::join_group_response_protocol_name_matches_java ... ok
2026-10-03T22:57:13.6162130Z test protocol::group::tests::join_group_response_protocol_type_matches_java ... ok
2026-10-03T22:57:13.6163084Z test protocol::group::tests::join_group_response_skip_assignment_matches_java ... ok
2026-10-03T22:57:13.6164017Z test protocol::group::tests::join_group_v2_v4_match_and_omit_instance ... ok
2026-10-03T22:57:13.6167006Z test protocol::group::tests::join_group_v5_sends_instance_id ... ok
2026-10-03T22:57:13.6169050Z test protocol::group::tests::join_group_response_throttle_time_ms_matches_java ... ok
2026-10-03T22:57:13.6170104Z test protocol::group::tests::join_group_v6_response_matches_compact_layout ... ok
2026-10-03T22:57:13.6171218Z test protocol::group::tests::join_group_v7_empty_protocol_name_is_null ... ok
2026-10-03T22:57:13.6173250Z test protocol::group::tests::join_group_v7_response_matches_compact_layout ... ok
2026-10-03T22:57:13.6175418Z test protocol::group::tests::join_group_v8_request_matches_compact_layout ... ok
2026-10-03T22:57:13.6177001Z test protocol::group::tests::join_group_v6_request_matches_compact_layout ... ok
2026-10-03T22:57:13.6178481Z test protocol::group::tests::join_group_v8_roundtrip_is_leftover_empty ... ok
2026-10-03T22:57:13.6179444Z test protocol::group::tests::join_group_v9_response_matches_compact_layout ... ok
2026-10-03T22:57:13.6180387Z test protocol::group::tests::join_group_v6_roundtrip_is_leftover_empty ... ok
2026-10-03T22:57:13.6181254Z test protocol::group::tests::leave_group_builder_matches_java ... ok
2026-10-03T22:57:13.6182103Z test protocol::group::tests::join_group_v9_roundtrip_is_leftover_empty ... ok
2026-10-03T22:57:13.6183069Z test protocol::group::tests::leave_group_request_build_matches_java ... ok
2026-10-03T22:57:13.6183927Z test protocol::group::tests::leave_group_error_response_matches_java ... ok
2026-10-03T22:57:13.6184838Z test protocol::group::tests::leave_group_response_error_counts_matches_java ... ok
2026-10-03T22:57:13.6186380Z test protocol::group::tests::leave_group_response_error_matches_java ... ok
2026-10-03T22:57:13.6187312Z test protocol::group::tests::leave_group_response_for_version_matches_java ... ok
2026-10-03T22:57:13.6188265Z test protocol::group::tests::leave_group_response_from_members_matches_java ... ok
2026-10-03T22:57:13.6189197Z test protocol::group::tests::leave_group_throttle_time_ms_matches_java ... ok
2026-10-03T22:57:13.6190095Z test protocol::group::tests::leave_group_request_members_matches_java ... ok
2026-10-03T22:57:13.6191011Z test protocol::group::tests::leave_group_v0_v1_v2_match_and_do_not_speak_v6 ... ok
2026-10-03T22:57:13.6191921Z test protocol::group::tests::leave_group_v4_roundtrip_is_leftover_empty ... ok
2026-10-03T22:57:13.6192837Z test protocol::group::tests::leave_group_v5_abort_matches_compact_layout ... ok
2026-10-03T22:57:13.6193761Z test protocol::group::tests::leave_group_v5_reason_roundtrip_is_leftover_empty ... ok
2026-10-03T22:57:13.6194566Z test protocol::group::tests::offset_commit_defaults_match_java ... ok
2026-10-03T22:57:13.6195699Z test protocol::group::tests::offset_commit_generation_id_or_member_epoch_matches_java ... ok
2026-10-03T22:57:13.6199956Z test protocol::group::tests::offset_commit_get_error_response_copies_names_and_partitions ... ok
2026-10-03T22:57:13.6201084Z test protocol::group::tests::leave_group_response_encode_from_members_matches_java ... ok
2026-10-03T22:57:13.6202065Z test protocol::group::tests::leave_group_v3_roundtrip_is_leftover_empty ... ok
2026-10-03T22:57:13.6202940Z test protocol::group::tests::offset_commit_offsets_matches_java ... ok
2026-10-03T22:57:13.6203810Z test protocol::group::tests::offset_commit_group_instance_id_matches_java ... ok
2026-10-03T22:57:13.6204773Z test protocol::group::tests::offset_commit_response_add_partition_matches_java ... ok
2026-10-03T22:57:13.6206564Z test protocol::group::tests::offset_commit_response_encode_from_errors_matches_java ... ok
2026-10-03T22:57:13.6207644Z test protocol::group::tests::offset_commit_response_error_counts_matches_java ... ok
2026-10-03T22:57:13.6208638Z test protocol::group::tests::offset_commit_response_from_errors_matches_java ... ok
2026-10-03T22:57:13.6209578Z test protocol::group::tests::offset_commit_response_merge_matches_java ... ok
2026-10-03T22:57:13.6210469Z test protocol::group::tests::offset_commit_request_build_matches_java ... ok
2026-10-03T22:57:13.6211402Z test protocol::group::tests::offset_commit_response_add_partitions_matches_java ... ok
2026-10-03T22:57:13.6212631Z test protocol::group::tests::offset_commit_response_returns_first_partition_error ... ok
2026-10-03T22:57:13.6217671Z test protocol::group::tests::offset_commit_retention_time_matches_java ... ok
2026-10-03T22:57:13.6219388Z test protocol::group::tests::offset_commit_v7_batches_partitions_and_consumes_epoch_metadata ... ok
2026-10-03T22:57:13.6221588Z test protocol::group::tests::offset_commit_throttle_time_ms_matches_java ... ok
2026-10-03T22:57:13.6223733Z test protocol::group::tests::offset_commit_v2_v4_match_and_v5_drops_retention ... ok
2026-10-03T22:57:13.6224950Z test protocol::group::tests::offset_commit_v8_response_matches_compact_layout ... ok
2026-10-03T22:57:13.6226821Z test protocol::group::tests::offset_commit_v8_request_matches_compact_layout ... ok
2026-10-03T22:57:13.6227752Z test protocol::group::tests::offset_commit_v9_matches_v8_layout ... ok
2026-10-03T22:57:13.6228682Z test protocol::group::tests::offset_delete_not_coordinator_is_not_at_byte_four ... ok
2026-10-03T22:57:13.6229725Z test protocol::group::tests::offset_delete_request_error_response_matches_java ... ok
2026-10-03T22:57:13.6230673Z test protocol::group::tests::offset_delete_response_error_counts_matches_java ... ok
2026-10-03T22:57:13.6231639Z test protocol::group::tests::offset_delete_response_merge_matches_java ... ok
2026-10-03T22:57:13.6232617Z test protocol::group::tests::offset_delete_response_throttle_time_ms_matches_java ... ok
2026-10-03T22:57:13.6233629Z test protocol::group::tests::offset_commit_v8_roundtrip_is_leftover_empty ... ok
2026-10-03T22:57:13.6234577Z test protocol::group::tests::offset_delete_error_response_matches_java ... ok
2026-10-03T22:57:13.6235677Z test protocol::group::tests::offset_fetch_builder_matches_java ... ok
2026-10-03T22:57:13.6236576Z test protocol::group::tests::offset_delete_v0_roundtrip_is_leftover_empty ... ok
2026-10-03T22:57:13.6237487Z test protocol::group::tests::offset_fetch_group_ids_matches_java ... ok
2026-10-03T22:57:13.6238426Z test protocol::group::tests::offset_fetch_group_ids_to_partitions_matches_java ... ok
2026-10-03T22:57:13.6239401Z test protocol::group::tests::offset_fetch_from_partitions_matches_java ... ok
2026-10-03T22:57:13.6240352Z test protocol::group::tests::offset_fetch_group_error_result_leftover_empty ... ok
2026-10-03T22:57:13.6241320Z test protocol::group::tests::offset_fetch_null_topics_is_all_partitions ... ok
2026-10-03T22:57:13.6242229Z test protocol::group::tests::offset_fetch_request_build_matches_java ... ok
2026-10-03T22:57:13.6243121Z test protocol::group::tests::offset_fetch_partitions_matches_java ... ok
2026-10-03T22:57:13.6244053Z test protocol::group::tests::offset_fetch_request_error_response_matches_java ... ok
2026-10-03T22:57:13.6245259Z test protocol::group::tests::offset_fetch_request_for_groups_matches_java ... ok
2026-10-03T22:57:13.6246202Z test protocol::group::tests::offset_fetch_request_groups_matches_java ... ok
2026-10-03T22:57:13.6249042Z test protocol::group::tests::offset_fetch_request_is_all_partitions_for_group_matches_java ... ok
2026-10-03T22:57:13.6250346Z test protocol::group::tests::offset_fetch_response_encode_from_groups_partition_data_matches_java ... ok
2026-10-03T22:57:13.6251597Z test protocol::group::tests::offset_fetch_response_encode_from_partition_data_matches_java ... ok
2026-10-03T22:57:13.6252713Z test protocol::group::tests::offset_fetch_response_error_counts_matches_java ... ok
2026-10-03T22:57:13.6253706Z test protocol::group::tests::offset_fetch_group_ids_to_topics_matches_java ... ok
2026-10-03T22:57:13.6254633Z test protocol::group::tests::offset_fetch_request_for_group_matches_java ... ok
2026-10-03T22:57:13.6256337Z test protocol::group::tests::offset_fetch_response_error_matches_java ... ok
2026-10-03T22:57:13.6257409Z test protocol::group::tests::offset_fetch_response_from_groups_partition_data_matches_java ... ok
2026-10-03T22:57:13.6258566Z test protocol::group::tests::offset_fetch_response_from_partition_data_matches_java ... ok
2026-10-03T22:57:13.6259945Z test protocol::group::tests::offset_fetch_response_partition_data_constructor_matches_java ... ok
2026-10-03T22:57:13.6261079Z test protocol::group::tests::offset_fetch_response_partition_data_map_matches_java ... ok
2026-10-03T22:57:13.6262308Z test protocol::group::tests::offset_fetch_response_from_groups_matches_java ... ok
2026-10-03T22:57:13.6263280Z test protocol::group::tests::offset_fetch_throttle_time_ms_matches_java ... ok
2026-10-03T22:57:13.6264218Z test protocol::group::tests::offset_fetch_response_group_has_error_matches_java ... ok
2026-10-03T22:57:13.6267802Z test protocol::group::tests::offset_fetch_v1_v5_match_and_v5_adds_epoch ... ok
2026-10-03T22:57:13.6268783Z test protocol::group::tests::offset_fetch_v6_roundtrip_is_leftover_empty ... ok
2026-10-03T22:57:13.6269793Z test protocol::group::tests::offset_fetch_v5_batches_partitions_and_consumes_tail ... ok
2026-10-03T22:57:13.6270791Z test protocol::group::tests::offset_fetch_v6_request_matches_compact_layout ... ok
2026-10-03T22:57:13.6271507Z test protocol::group::tests::offset_fetch_v7_sends_require_stable ... ok
2026-10-03T22:57:13.6272447Z test protocol::group::tests::offset_fetch_v8_groups_roundtrip_is_leftover_empty ... ok
2026-10-03T22:57:13.6273186Z test protocol::group::tests::offset_fetch_v8_groups_array_of_two ... ok
2026-10-03T22:57:13.6273975Z test protocol::group::tests::subscription_assignment_roundtrip ... ok
2026-10-03T22:57:13.6274864Z test protocol::group::tests::sync_group_are_mandatory_protocol_type_and_name_present_matches_java ... ok
2026-10-03T22:57:13.6277393Z test protocol::group::tests::offset_fetch_v8_groups_null_topics_array_of_two ... ok
2026-10-03T22:57:13.6278378Z test protocol::group::tests::offset_fetch_v9_sends_member_id_and_epoch ... ok
2026-10-03T22:57:13.6279294Z test protocol::group::tests::sync_group_error_response_matches_java ... ok
2026-10-03T22:57:13.6280471Z test protocol::group::tests::sync_group_generation_id_matches_java ... ok
2026-10-03T22:57:13.6281372Z test protocol::group::tests::sync_group_group_instance_id_matches_java ... ok
2026-10-03T22:57:13.6282319Z test protocol::group::tests::sync_group_protocol_type_name_matches_java ... ok
2026-10-03T22:57:13.6283277Z test protocol::group::tests::sync_group_response_error_counts_matches_java ... ok
2026-10-03T22:57:13.6284303Z test protocol::group::tests::sync_group_response_protocol_type_name_matches_java ... ok
2026-10-03T22:57:13.6285527Z test protocol::group::tests::sync_group_throttle_time_ms_matches_java ... ok
2026-10-03T22:57:13.6286421Z test protocol::group::tests::sync_group_request_build_matches_java ... ok
2026-10-03T22:57:13.6287822Z test protocol::group::tests::sync_group_request_group_assignments_matches_java ... ok
2026-10-03T22:57:13.6288791Z test protocol::group::tests::sync_group_v0_v2_match_and_v1_adds_throttle ... ok
2026-10-03T22:57:13.6289774Z test protocol::group::tests::sync_group_v4_request_matches_compact_layout ... ok
2026-10-03T22:57:13.6290741Z test protocol::group::tests::sync_group_v4_response_matches_compact_layout ... ok
2026-10-03T22:57:13.6291716Z test protocol::group::tests::sync_group_v4_roundtrip_is_leftover_empty ... ok
2026-10-03T22:57:13.6292661Z test protocol::group::tests::sync_group_v5_request_matches_compact_layout ... ok
2026-10-03T22:57:13.6293635Z test protocol::group::tests::sync_group_v5_response_matches_compact_layout ... ok
2026-10-03T22:57:13.6294566Z test protocol::group::tests::sync_group_v5_roundtrip_is_leftover_empty ... ok
2026-10-03T22:57:13.6296390Z test protocol::header::tests::acl_apis_v2_are_flexible_v1_is_not ... ok
2026-10-03T22:57:13.6297311Z test protocol::header::tests::add_offsets_to_txn_v3_is_flexible_v2_is_not ... ok
2026-10-03T22:57:13.6298281Z test protocol::header::tests::add_partitions_to_txn_v3_is_flexible_v2_is_not ... ok
2026-10-03T22:57:13.6299259Z test protocol::header::tests::add_raft_voter_headers_are_always_flexible ... ok
2026-10-03T22:57:13.6300166Z test protocol::header::tests::allocate_producer_ids_v0_is_flexible ... ok
2026-10-03T22:57:13.6301069Z test protocol::header::tests::alter_client_quotas_v1_is_flexible_v0_is_not ... ok
2026-10-03T22:57:13.6302203Z test protocol::header::tests::alter_configs_v2_is_flexible_v1_is_not ... ok
2026-10-03T22:57:13.6303154Z test protocol::header::tests::alter_partition_reassignments_v0_is_flexible ... ok
2026-10-03T22:57:13.6304284Z test protocol::group::tests::sync_group_v3_roundtrip_is_leftover_empty ... ok
2026-10-03T22:57:13.6305868Z test protocol::header::tests::alter_replica_log_dirs_v2_is_flexible_v1_is_not ... ok
2026-10-03T22:57:13.6307175Z test protocol::header::tests::alter_share_group_offsets_v0_is_flexible ... ok
2026-10-03T22:57:13.6308097Z test protocol::header::tests::alter_user_scram_credentials_v0_is_flexible ... ok
2026-10-03T22:57:13.6309009Z test protocol::header::tests::api_versions_response_header_never_flexible ... ok
2026-10-03T22:57:13.6309909Z test protocol::header::tests::assign_replicas_to_dirs_v0_is_flexible ... ok
2026-10-03T22:57:13.6310724Z test protocol::header::tests::check_correlation_matches_java ... ok
2026-10-03T22:57:13.6311566Z test protocol::header::tests::consumer_group_heartbeat_v0_to_v1_are_flexible ... ok
2026-10-03T22:57:13.6312458Z test protocol::header::tests::create_delegation_token_v3_is_flexible ... ok
2026-10-03T22:57:13.6313330Z test protocol::header::tests::create_topics_v5_is_flexible_v4_is_not ... ok
2026-10-03T22:57:13.6314201Z test protocol::header::tests::create_partitions_v2_is_flexible_v1_is_not ... ok
2026-10-03T22:57:13.6315784Z test protocol::header::tests::delete_groups_v2_is_flexible_v1_is_not ... ok
2026-10-03T22:57:13.6316962Z test protocol::header::tests::delete_records_v2_is_flexible_v1_is_not ... ok
2026-10-03T22:57:13.6317888Z test protocol::header::tests::delete_share_group_offsets_v0_is_flexible ... ok
2026-10-03T22:57:13.6318879Z test protocol::header::tests::delete_topics_v4_is_flexible_v3_is_not ... ok
2026-10-03T22:57:13.6319782Z test protocol::header::tests::describe_client_quotas_v1_is_flexible_v0_is_not ... ok
2026-10-03T22:57:13.6320684Z test protocol::header::tests::describe_cluster_v0_to_v2_are_flexible ... ok
2026-10-03T22:57:13.6321569Z test protocol::header::tests::describe_configs_v4_is_flexible_v3_is_not ... ok
2026-10-03T22:57:13.6322439Z test protocol::header::tests::describe_delegation_token_v3_is_flexible ... ok
2026-10-03T22:57:13.6323307Z test protocol::header::tests::describe_groups_v6_is_flexible_v4_is_not ... ok
2026-10-03T22:57:13.6324149Z test protocol::header::tests::describe_log_dirs_v4_is_flexible ... ok
2026-10-03T22:57:13.6324933Z test protocol::header::tests::describe_producers_v0_is_flexible ... ok
2026-10-03T22:57:13.6326256Z test protocol::header::tests::describe_quorum_headers_are_always_flexible ... ok
2026-10-03T22:57:13.6327190Z test protocol::header::tests::describe_share_group_offsets_v0_is_flexible ... ok
2026-10-03T22:57:13.6328111Z test protocol::header::tests::describe_topic_partitions_v0_is_flexible ... ok
2026-10-03T22:57:13.6329040Z test protocol::header::tests::describe_transactions_v0_is_flexible ... ok
2026-10-03T22:57:13.6330008Z test protocol::header::tests::describe_user_scram_credentials_v0_is_flexible ... ok
2026-10-03T22:57:13.6331047Z test protocol::header::tests::elect_leaders_headers_match_apache_flexible_boundary ... ok
2026-10-03T22:57:13.6332022Z test protocol::header::tests::end_txn_v3_is_flexible_v2_is_not ... ok
2026-10-03T22:57:13.6332868Z test protocol::header::tests::expire_delegation_token_v2_is_flexible ... ok
2026-10-03T22:57:13.6333714Z test protocol::header::tests::fetch_v12_is_flexible_v11_is_not ... ok
2026-10-03T22:57:13.6334580Z test protocol::header::tests::find_coordinator_v3_is_flexible_v2_is_not ... ok
2026-10-03T22:57:13.6336398Z test protocol::header::tests::get_telemetry_subscriptions_v0_is_flexible ... ok
2026-10-03T22:57:13.6337288Z test protocol::header::tests::heartbeat_v4_is_flexible_v3_is_not ... ok
2026-10-03T22:57:13.6338308Z test protocol::header::tests::incremental_alter_configs_v1_is_flexible_v0_is_not ... ok
2026-10-03T22:57:13.6339293Z test protocol::header::tests::init_producer_id_v2_is_flexible_v1_is_not ... ok
2026-10-03T22:57:13.6340413Z test protocol::header::tests::consumer_group_describe_v1_is_flexible ... ok
2026-10-03T22:57:13.6341288Z test protocol::header::tests::join_group_v6_is_flexible_v5_is_not ... ok
2026-10-03T22:57:13.6342317Z test protocol::header::tests::leave_group_v4_is_flexible_v3_is_not ... ok
2026-10-03T22:57:13.6343144Z test protocol::header::tests::list_config_resources_v1_is_flexible ... ok
2026-10-03T22:57:13.6343977Z test protocol::header::tests::list_groups_v5_is_flexible_v2_is_not ... ok
2026-10-03T22:57:13.6344791Z test protocol::header::tests::list_offsets_v6_is_flexible_v5_is_not ... ok
2026-10-03T22:57:13.6346071Z test protocol::header::tests::list_partition_reassignments_v0_is_flexible ... ok
2026-10-03T22:57:13.6346926Z test protocol::header::tests::list_transactions_is_flexible ... ok
2026-10-03T22:57:13.6347718Z test protocol::header::tests::offset_commit_v8_is_flexible_v7_is_not ... ok
2026-10-03T22:57:13.6348540Z test protocol::header::tests::offset_fetch_v6_is_flexible_v5_is_not ... ok
2026-10-03T22:57:13.6349350Z test protocol::header::tests::produce_v9_is_flexible_v8_is_not ... ok
2026-10-03T22:57:13.6350197Z test protocol::header::tests::offset_for_leader_epoch_v4_is_flexible_v3_is_not ... ok
2026-10-03T22:57:13.6351088Z test protocol::header::tests::renew_delegation_token_v2_is_flexible ... ok
2026-10-03T22:57:13.6351963Z test protocol::header::tests::remove_raft_voter_headers_are_always_flexible ... ok
2026-10-03T22:57:13.6352929Z test protocol::header::tests::request_header_client_id_is_classic_even_when_flexible ... ok
2026-10-03T22:57:13.6353855Z test protocol::header::tests::request_header_display_matches_java ... ok
2026-10-03T22:57:13.6354649Z test protocol::header::tests::request_header_size_matches_java ... ok
2026-10-03T22:57:13.6355680Z test protocol::header::tests::sasl_authenticate_v2_is_flexible_v1_is_not ... ok
2026-10-03T22:57:13.6356585Z test protocol::header::tests::sasl_handshake_v0_and_v1_are_classic ... ok
2026-10-03T22:57:13.6357477Z test protocol::header::tests::share_acknowledge_v0_and_v1_are_flexible ... ok
2026-10-03T22:57:13.6358317Z test protocol::header::tests::share_fetch_v0_and_v1_are_flexible ... ok
2026-10-03T22:57:13.6359155Z test protocol::header::tests::share_group_describe_v0_and_v1_are_flexible ... ok
2026-10-03T22:57:13.6360046Z test protocol::header::tests::share_group_heartbeat_v0_and_v1_are_flexible ... ok
2026-10-03T22:57:13.6360893Z test protocol::header::tests::sync_group_v4_is_flexible_v3_is_not ... ok
2026-10-03T22:57:13.6361714Z test protocol::header::tests::txn_offset_commit_v3_is_flexible_v2_is_not ... ok
2026-10-03T22:57:13.6362561Z test protocol::header::tests::unregister_broker_v0_is_flexible ... ok
2026-10-03T22:57:13.6363356Z test protocol::header::tests::update_features_v0_to_v2_are_flexible ... ok
2026-10-03T22:57:13.6364201Z test protocol::header::tests::write_txn_markers_v1_is_flexible_v0_is_not ... ok
2026-10-03T22:57:13.6365374Z test protocol::idem::tests::init_producer_id_builder_matches_java ... ok
2026-10-03T22:57:13.6366246Z test protocol::idem::tests::init_producer_id_error_response_matches_java ... ok
2026-10-03T22:57:13.6366841Z test protocol::idem::tests::init_producer_id_error_is_visible ... ok
2026-10-03T22:57:13.6367329Z test protocol::idem::tests::init_producer_id_request_build_matches_java ... ok
2026-10-03T22:57:13.6367856Z test protocol::idem::tests::init_producer_id_response_error_counts_matches_java ... ok
2026-10-03T22:57:13.6368432Z test protocol::idem::tests::init_producer_id_response_throttle_time_ms_matches_java ... ok
2026-10-03T22:57:13.6368941Z test protocol::idem::tests::init_producer_id_v1_roundtrip ... ok
2026-10-03T22:57:13.6369447Z test protocol::idem::tests::init_producer_id_v2_request_matches_compact_layout ... ok
2026-10-03T22:57:13.6370269Z test protocol::idem::tests::init_producer_id_v2_response_matches_compact_layout ... ok
2026-10-03T22:57:13.6371300Z test protocol::idem::tests::init_producer_id_v3_first_init_sends_no_producer_id ... ok
2026-10-03T22:57:13.6372547Z test protocol::idem::tests::init_producer_id_v2_roundtrip_is_leftover_empty ... ok
2026-10-03T22:57:13.6373505Z test protocol::header::tests::push_telemetry_v0_is_flexible ... ok
2026-10-03T22:57:13.6374644Z test protocol::idem::tests::init_producer_id_v3_request_matches_compact_layout ... ok
2026-10-03T22:57:13.6376060Z test protocol::oauth::tests::librdkafka_unsecured_jwt_vector ... ok
2026-10-03T22:57:13.6376647Z test protocol::idem::tests::init_producer_id_v5_roundtrip_is_leftover_empty ... ok
2026-10-03T22:57:13.6377148Z test protocol::oauth::tests::rfc7628_initial_roundtrip ... ok
2026-10-03T22:57:13.6377668Z test protocol::offsets::tests::list_offsets_partition_matches_java_list_offsets_result_info ... ok
2026-10-03T22:57:13.6378264Z test protocol::offsets::tests::list_offsets_replica_id_sentinels_match_java ... ok
2026-10-03T22:57:13.6378796Z test protocol::offsets::tests::list_offsets_duplicate_partitions_matches_java ... ok
2026-10-03T22:57:13.6379331Z test protocol::offsets::tests::list_offsets_request_for_replica_matches_java ... ok
2026-10-03T22:57:13.6379920Z test protocol::offsets::tests::list_offsets_request_for_consumer_matches_java ... ok
2026-10-03T22:57:13.6380469Z test protocol::offsets::tests::list_offsets_response_error_counts_matches_java ... ok
2026-10-03T22:57:13.6381010Z test protocol::offsets::tests::list_offsets_request_replica_id_matches_java ... ok
2026-10-03T22:57:13.6381550Z test protocol::offsets::tests::list_offsets_to_list_offsets_topics_matches_java ... ok
2026-10-03T22:57:13.6382102Z test protocol::offsets::tests::list_offsets_throttle_time_ms_matches_java ... ok
2026-10-03T22:57:13.6382583Z test protocol::offsets::tests::list_offsets_v2_roundtrip ... ok
2026-10-03T22:57:13.6383155Z test protocol::offsets::tests::list_offsets_v4_sends_current_leader_epoch_and_consumes_response_epoch ... ok
2026-10-03T22:57:13.6383828Z test protocol::offsets::tests::list_offsets_v4_two_partitions_roundtrip_is_leftover_empty ... ok
2026-10-03T22:57:13.6384382Z test protocol::offsets::tests::list_offsets_v5_matches_v4_layout ... ok
2026-10-03T22:57:13.6384882Z test protocol::offsets::tests::list_offsets_v6_latest_matches_compact_layout ... ok
2026-10-03T22:57:13.6386199Z test protocol::offsets::tests::offset_spec_matches_list_offsets_timestamp_constants ... ok
2026-10-03T22:57:13.6387177Z test protocol::oidc::tests::access_token_json_space_after_colon ... ok
2026-10-03T22:57:13.6388034Z test protocol::oidc::tests::compute_buffer_and_refresh_point ... ok
2026-10-03T22:57:13.6388772Z test protocol::oidc::tests::compute_jitter_and_scheduled_refresh ... ok
2026-10-03T22:57:13.6389598Z test protocol::oidc::tests::compute_retry_delay_exponential_and_clamping ... ok
2026-10-03T22:57:13.6390384Z test protocol::oidc::tests::compute_skew_rules ... ok
2026-10-03T22:57:13.6391183Z test protocol::offsets::tests::list_offsets_request_builder_matches_java ... ok
2026-10-03T22:57:13.6392119Z test protocol::offsets::tests::list_offsets_v6_roundtrip_is_leftover_empty ... ok
2026-10-03T22:57:13.6393022Z test protocol::oidc::tests::fetch_token_does_not_retry_http_401 ... ok
2026-10-03T22:57:13.6393781Z test protocol::oidc::tests::fetch_token_from_http_listener ... ok
2026-10-03T22:57:13.6394527Z test protocol::oidc::tests::fetch_token_rejects_http_401 ... ok
2026-10-03T22:57:13.6404205Z test protocol::oidc::tests::fetch_token_response_chunked_end_to_end ... ok
2026-10-03T22:57:13.6629275Z test protocol::oidc::tests::fetch_token_retries_transient_503_then_succeeds ... ok
2026-10-03T22:57:13.6630158Z test protocol::oidc::tests::fixed_and_zero_jitter_behavior ... ok
2026-10-03T22:57:13.6632194Z test protocol::oidc::tests::mock_clock_advance_wakes_waiters ... ok
2026-10-03T22:57:13.6633538Z test protocol::oidc::tests::parse_ipv4_and_ipv6_urls ... ok
2026-10-03T22:57:13.6634578Z test protocol::oidc::tests::parse_token_response_bearer_case_insensitive ... ok
2026-10-03T22:57:13.6635873Z test protocol::oidc::tests::parse_token_response_duplicate_keys ... ok
2026-10-03T22:57:13.6636924Z test protocol::oidc::tests::parse_token_response_empty_fields_fail ... ok
2026-10-03T22:57:13.6638175Z test protocol::oidc::tests::parse_token_response_escaped_json ... ok
2026-10-03T22:57:13.6639235Z test protocol::oidc::tests::parse_token_response_ignores_extra_fields ... ok
2026-10-03T22:57:13.6640752Z test protocol::oidc::tests::parse_token_response_malformed_and_truncated ... ok
2026-10-03T22:57:13.6641807Z test protocol::oidc::tests::parse_token_response_missing_expires_in ... ok
2026-10-03T22:57:13.6642880Z test protocol::oidc::tests::parse_token_response_missing_required_fields ... ok
2026-10-03T22:57:13.6644700Z test protocol::oidc::tests::parse_token_response_size_limits ... ok
2026-10-03T22:57:13.6647264Z test protocol::oidc::tests::parse_token_response_success_all_fields ... ok
2026-10-03T22:57:13.6649666Z test protocol::oidc::tests::parse_token_response_wrong_type_fields ... ok
2026-10-03T22:57:13.6652047Z test protocol::oidc::tests::read_http_response_chunked_decoding ... ok
2026-10-03T22:57:13.6654458Z test protocol::oidc::tests::read_http_response_chunked_malformed_fails ... ok
2026-10-03T22:57:13.6657147Z test protocol::oidc::tests::read_http_response_chunked_truncated_fails ... ok
2026-10-03T22:57:13.6659538Z test protocol::oidc::tests::read_http_response_chunked_with_extensions_and_trailers ... ok
2026-10-03T22:57:13.6661928Z test protocol::oidc::tests::read_http_response_oversized_content_length ... ok
2026-10-03T22:57:13.6667640Z test protocol::oidc::tests::read_http_response_truncated_content_length ... ok
2026-10-03T22:57:13.6668561Z test protocol::oidc::tests::read_http_response_truncated_headers ... ok
2026-10-03T22:57:13.6669370Z test protocol::oidc::tests::token_data_debug_redacts_token ... ok
2026-10-03T22:57:13.6670151Z test protocol::oidc::tests::token_manager_debug_redacts_tokens ... ok
2026-10-03T22:57:13.6686825Z test protocol::records::tests::compress_scratch_reuse_is_byte_identical_and_bounded ... ok
2026-10-03T22:57:13.6688381Z test protocol::records::tests::control_record_type_and_end_txn_marker_match_java ... ok
2026-10-03T22:57:13.6689650Z test protocol::records::tests::decode_record_batch_count_checks_match_java ... ok
2026-10-03T22:57:13.6690804Z test protocol::records::tests::decode_record_batch_ensure_valid_match_java ... ok
2026-10-03T22:57:13.6692096Z test protocol::records::tests::decode_record_batch_from_bytes_shares_value ... ok
2026-10-03T22:57:13.6693324Z test protocol::records::tests::decode_record_batch_honors_base_offset_plus_delta ... ok
2026-10-03T22:57:13.6694588Z test protocol::records::tests::decode_record_batches_stops_at_truncated_tail ... ok
2026-10-03T22:57:13.6696082Z test protocol::records::tests::decode_record_invalid_headers_match_java ... ok
2026-10-03T22:57:13.6698222Z test protocol::records::tests::decode_record_uses_wire_offset_delta ... ok
2026-10-03T22:57:13.6699461Z test protocol::records::tests::encoded_count_or_null_matches_java_default_record_batch ... ok
2026-10-03T22:57:13.6700807Z test protocol::records::tests::encoded_delete_horizon_ms_matches_java_default_record_batch ... ok
2026-10-03T22:57:13.6702177Z test protocol::records::tests::encoded_has_producer_id_matches_java_abstract_record_batch ... ok
2026-10-03T22:57:13.6703597Z test protocol::records::tests::encoded_is_transactional_matches_java_default_record_batch ... ok
2026-10-03T22:57:13.6704905Z test protocol::records::tests::encoded_last_offset_matches_java_default_record_batch ... ok
2026-10-03T22:57:13.6707897Z test protocol::records::tests::encoded_last_sequence_matches_java_default_record_batch ... ok
2026-10-03T22:57:13.6709042Z test protocol::records::tests::encoded_size_in_bytes_matches_java_default_record_batch ... ok
2026-10-03T22:57:13.6709809Z test protocol::records::tests::ensure_valid_matches_java_default_record_batch ... ok
2026-10-03T22:57:13.6710654Z test protocol::records::tests::estimate_size_in_bytes_matches_java ... ok
2026-10-03T22:57:13.6711509Z test protocol::records::tests::first_batch_size_matches_java_memory_records ... ok
2026-10-03T22:57:13.6871979Z test protocol::records::tests::gzip_bounded_decompression_and_bomb ... ok
2026-10-03T22:57:13.6876258Z test protocol::records::tests::gzip_record_batch_roundtrip ... ok
2026-10-03T22:57:13.6878685Z test protocol::records::tests::has_matching_magic_matches_java_abstract_records ... ok
2026-10-03T22:57:13.6879865Z test protocol::records::tests::header_getters_match_java ... ok
2026-10-03T22:57:13.6880703Z test protocol::records::tests::idempotent_batch_preserves_pid_and_seq ... ok
2026-10-03T22:57:13.6896004Z test protocol::records::tests::is_valid_matches_java_default_record_batch ... ok
2026-10-03T22:57:13.6912643Z test protocol::records::tests::lz4_bounded_decompression_and_bomb ... ok
2026-10-03T22:57:13.6919258Z test protocol::records::tests::lz4_frame_roundtrip_shipped_codec ... ok
2026-10-03T22:57:13.6920494Z test protocol::records::tests::lz4_record_batch_roundtrip ... ok
2026-10-03T22:57:13.6921667Z test protocol::records::tests::null_key_is_not_empty_key ... ok
2026-10-03T22:57:13.6922641Z test protocol::records::tests::record_and_batch_getters_match_java ... ok
2026-10-03T22:57:13.6938795Z test protocol::records::tests::record_and_batch_size_in_bytes_match_java ... ok
2026-10-03T22:57:13.6950691Z test protocol::records::tests::record_batch_decode_with_limit_and_crc ... ok
2026-10-03T22:57:13.6951676Z test protocol::records::tests::record_batch_roundtrip ... ok
2026-10-03T22:57:13.6952873Z test protocol::records::tests::record_size_upper_bound_matches_java ... ok
2026-10-03T22:57:13.6954692Z test protocol::records::tests::set_last_offset_matches_java_default_record_batch ... ok
2026-10-03T22:57:13.6956031Z test protocol::records::tests::snappy_decompress_raw_block_from_librdkafka ... ok
2026-10-03T22:57:13.6957869Z test protocol::records::tests::snappy_raw_and_framed_bounded_decompression_and_bomb ... ok
2026-10-03T22:57:13.6958998Z test protocol::records::tests::snappy_record_batch_roundtrip ... ok
2026-10-03T22:57:13.6960259Z test protocol::records::tests::timestamp_type_matches_java ... ok
2026-10-03T22:57:13.6962673Z test protocol::records::tests::valid_bytes_matches_java_memory_records ... ok
2026-10-03T22:57:13.6963532Z test protocol::sasl::tests::handshake_roundtrip ... ok
2026-10-03T22:57:13.6964229Z test protocol::sasl::tests::plain_bytes_roundtrip ... ok
2026-10-03T22:57:13.6965712Z test protocol::sasl::tests::sasl_authenticate_error_response_matches_java ... ok
2026-10-03T22:57:13.6966993Z test protocol::sasl::tests::sasl_authenticate_response_error_counts_matches_java ... ok
2026-10-03T22:57:13.6969388Z test protocol::sasl::tests::sasl_authenticate_session_lifetime_matches_java ... ok
2026-10-03T22:57:13.6971324Z test protocol::sasl::tests::sasl_authenticate_v0_v1_v2_and_does_not_speak_v3 ... ok
2026-10-03T22:57:13.6972954Z test protocol::sasl::tests::sasl_handshake_error_response_matches_java ... ok
2026-10-03T22:57:13.6975220Z test protocol::sasl::tests::sasl_handshake_response_error_counts_matches_java ... ok
2026-10-03T22:57:13.6976198Z test protocol::sasl::tests::sasl_handshake_v0_matches_v1_and_does_not_speak_v2 ... ok
2026-10-03T22:57:13.7021171Z test protocol::oidc::tests::fetch_token_rejects_http_503_fail_closed ... ok
2026-10-03T22:57:13.7198089Z test protocol::oidc::tests::fetch_token_hang_times_out_fail_closed ... ok
2026-10-03T22:57:13.8218138Z test protocol::scram::tests::rfc7677_scram_sha256 ... ok
2026-10-03T22:57:13.8901690Z test protocol::scram::tests::mock_server_roundtrip_sha256 ... ok
2026-10-03T22:57:13.9927213Z test protocol::scram::tests::scram_formatter_matches_java ... ok
2026-10-03T22:57:13.9958581Z test protocol::scram::tests::scram_mechanism_internals_match_java ... ok
2026-10-03T22:57:13.9959607Z test protocol::share::tests::share_acknowledge_close_session_has_no_topics ... ok
2026-10-03T22:57:13.9976024Z test protocol::share::tests::share_acknowledge_encodes_several_partitions ... ok
2026-10-03T22:57:13.9977081Z test protocol::share::tests::share_acknowledge_partition_response_leftover_empty ... ok
2026-10-03T22:57:13.9978145Z test protocol::share::tests::share_acknowledge_request_error_response_matches_java ... ok
2026-10-03T22:57:13.9979418Z test protocol::share::tests::share_acknowledge_request_for_consumer_matches_java ... ok
2026-10-03T22:57:13.9980524Z test protocol::share::tests::share_acknowledge_response_current_leader_matches_java ... ok
2026-10-03T22:57:13.9981836Z test protocol::share::tests::share_acknowledge_response_error_counts_matches_java ... ok
2026-10-03T22:57:13.9982947Z test protocol::share::tests::share_acknowledge_response_error_message_matches_java ... ok
2026-10-03T22:57:13.9984026Z test protocol::share::tests::share_acknowledge_response_node_endpoints_matches_java ... ok
2026-10-03T22:57:13.9985291Z test protocol::share::tests::share_acknowledge_response_of_matches_java ... ok
2026-10-03T22:57:13.9986360Z test protocol::share::tests::share_acknowledge_response_throttle_time_ms_matches_java ... ok
2026-10-03T22:57:13.9987456Z test protocol::share::tests::share_acknowledge_response_to_message_matches_java ... ok
2026-10-03T22:57:13.9988523Z test protocol::share::tests::share_acknowledge_response_top_level_error_message_matches_java ... ok
2026-10-03T22:57:13.9989615Z test protocol::share::tests::share_acknowledge_v0_matches_v1_and_rejects_v3 ... ok
2026-10-03T22:57:13.9990555Z test protocol::share::tests::share_fetch_and_acknowledge_roundtrip ... ok
2026-10-03T22:57:13.9991647Z test protocol::share::tests::share_fetch_and_acknowledge_support_current_versions_and_reject_unknown ... ok
2026-10-03T22:57:13.9992780Z test protocol::share::tests::share_fetch_error_roundtrip ... ok
2026-10-03T22:57:13.9993660Z test protocol::share::tests::share_fetch_error_throttle_time_ms_matches_java ... ok
2026-10-03T22:57:13.9994640Z test protocol::share::tests::share_fetch_partition_response_leftover_empty ... ok
2026-10-03T22:57:13.9995894Z test protocol::share::tests::share_fetch_request_batch_size_matches_java ... ok
2026-10-03T22:57:13.9996854Z test protocol::share::tests::share_fetch_request_error_response_matches_java ... ok
2026-10-03T22:57:13.9997819Z test protocol::share::tests::share_fetch_request_for_consumer_matches_java ... ok
2026-10-03T22:57:13.9998785Z test protocol::share::tests::share_fetch_request_forgotten_matches_java ... ok
2026-10-03T22:57:13.9999750Z test protocol::share::tests::share_fetch_request_forgotten_topics_matches_java ... ok
2026-10-03T22:57:14.0000740Z test protocol::share::tests::share_fetch_request_max_bytes_matches_java ... ok
2026-10-03T22:57:14.0001701Z test protocol::share::tests::share_fetch_request_max_wait_ms_matches_java ... ok
2026-10-03T22:57:14.0002639Z test protocol::share::tests::share_fetch_request_min_bytes_matches_java ... ok
2026-10-03T22:57:14.0003592Z test protocol::share::tests::share_fetch_request_share_fetch_data_matches_java ... ok
2026-10-03T22:57:14.0004620Z test protocol::share::tests::share_fetch_request_update_forgotten_data_matches_java ... ok
2026-10-03T22:57:14.0035344Z test protocol::share::tests::share_fetch_response_acknowledge_error_code_matches_java ... ok
2026-10-03T22:57:14.0036486Z test protocol::share::tests::share_fetch_response_acknowledge_error_message_matches_java ... ok
2026-10-03T22:57:14.0037612Z test protocol::share::tests::share_fetch_response_acquisition_lock_timeout_ms_matches_java ... ok
2026-10-03T22:57:14.0038645Z test protocol::share::tests::share_fetch_response_current_leader_matches_java ... ok
2026-10-03T22:57:14.0039581Z test protocol::share::tests::share_fetch_response_error_code_matches_java ... ok
2026-10-03T22:57:14.0040487Z test protocol::share::tests::share_fetch_response_error_counts_matches_java ... ok
2026-10-03T22:57:14.0041411Z test protocol::share::tests::share_fetch_response_error_message_matches_java ... ok
2026-10-03T22:57:14.0042366Z test protocol::share::tests::share_fetch_response_node_endpoints_matches_java ... ok
2026-10-03T22:57:14.0043244Z test protocol::share::tests::share_fetch_response_of_matches_java ... ok
2026-10-03T22:57:14.0044192Z test protocol::share::tests::share_fetch_response_records_nullable_versions_matches_java ... ok
2026-10-03T22:57:14.0047800Z test protocol::share::tests::share_fetch_response_records_size_matches_java ... ok
2026-10-03T22:57:14.0049365Z test protocol::share::tests::share_fetch_response_response_data_matches_java ... ok
2026-10-03T22:57:14.0050309Z test protocol::share::tests::share_fetch_response_size_of_matches_java ... ok
2026-10-03T22:57:14.0051378Z test protocol::share::tests::share_fetch_response_throttle_time_ms_matches_java ... ok
2026-10-03T22:57:14.0052312Z test protocol::share::tests::share_fetch_response_to_message_matches_java ... ok
2026-10-03T22:57:14.0053293Z test protocol::share::tests::share_fetch_response_top_level_error_message_matches_java ... ok
2026-10-03T22:57:14.0054271Z test protocol::share::tests::share_fetch_v0_omits_v1_fields_and_rejects_v3 ... ok
2026-10-03T22:57:14.0055386Z test protocol::share::tests::share_group_heartbeat_join_leave_roundtrip ... ok
2026-10-03T22:57:14.0056356Z test protocol::share::tests::share_group_heartbeat_request_error_response_matches_java ... ok
2026-10-03T22:57:14.0057358Z test protocol::share::tests::share_group_heartbeat_request_rack_id_matches_java ... ok
2026-10-03T22:57:14.0058364Z test protocol::share::tests::share_group_heartbeat_response_error_counts_matches_java ... ok
2026-10-03T22:57:14.0059431Z test protocol::share::tests::share_group_heartbeat_response_throttle_time_ms_matches_java ... ok
2026-10-03T22:57:14.0060518Z test protocol::share::tests::share_group_heartbeat_v0_matches_v1_and_does_not_speak_v2 ... ok
2026-10-03T22:57:14.0061528Z test protocol::txn::tests::add_offsets_to_txn_request_error_response_matches_java ... ok
2026-10-03T22:57:14.0062500Z test protocol::txn::tests::add_offsets_to_txn_request_producer_epoch_matches_java ... ok
2026-10-03T22:57:14.0063452Z test protocol::txn::tests::add_offsets_to_txn_request_producer_id_matches_java ... ok
2026-10-03T22:57:14.0064403Z test protocol::txn::tests::add_offsets_to_txn_response_error_counts_matches_java ... ok
2026-10-03T22:57:14.0066775Z test protocol::txn::tests::add_offsets_to_txn_response_throttle_time_ms_matches_java ... ok
2026-10-03T22:57:14.0067816Z test protocol::txn::tests::add_offsets_to_txn_v3_request_matches_compact_layout ... ok
2026-10-03T22:57:14.0068784Z test protocol::txn::tests::add_offsets_to_txn_v3_response_matches_compact_layout ... ok
2026-10-03T22:57:14.0069751Z test protocol::txn::tests::add_offsets_to_txn_v3_roundtrip_is_leftover_empty ... ok
2026-10-03T22:57:14.0070640Z test protocol::txn::tests::add_partitions_to_txn_batches_partitions ... ok
2026-10-03T22:57:14.0071536Z test protocol::txn::tests::add_partitions_to_txn_from_partitions_matches_java ... ok
2026-10-03T22:57:14.0072583Z test protocol::txn::tests::add_partitions_to_txn_get_error_response_copies_names_and_partitions ... ok
2026-10-03T22:57:14.0073610Z test protocol::txn::tests::add_partitions_to_txn_partitions_matches_java ... ok
2026-10-03T22:57:14.0074567Z test protocol::txn::tests::add_partitions_to_txn_request_error_response_matches_java ... ok
2026-10-03T22:57:14.0075831Z test protocol::txn::tests::add_partitions_to_txn_request_for_client_matches_java ... ok
2026-10-03T22:57:14.0076851Z test protocol::txn::tests::add_partitions_to_txn_response_error_counts_matches_java ... ok
2026-10-03T22:57:14.0077827Z test protocol::txn::tests::add_partitions_to_txn_response_errors_matches_java ... ok
2026-10-03T22:57:14.0078792Z test protocol::txn::tests::add_partitions_to_txn_response_from_errors_matches_java ... ok
2026-10-03T22:57:14.0079816Z test protocol::txn::tests::add_partitions_to_txn_response_throttle_time_ms_matches_java ... ok
2026-10-03T22:57:14.0080842Z test protocol::txn::tests::add_partitions_to_txn_v3_request_matches_compact_layout ... ok
2026-10-03T22:57:14.0081840Z test protocol::txn::tests::add_partitions_to_txn_v3_response_matches_compact_layout ... ok
2026-10-03T22:57:14.0082847Z test protocol::txn::tests::add_partitions_to_txn_v3_roundtrip_is_leftover_empty ... ok
2026-10-03T22:57:14.0083731Z test protocol::txn::tests::end_txn_error_response_matches_java ... ok
2026-10-03T22:57:14.0099631Z test protocol::txn::tests::end_txn_request_build_matches_java ... ok
2026-10-03T22:57:14.0101259Z test protocol::txn::tests::end_txn_request_error_response_matches_java ... ok
2026-10-03T22:57:14.0102204Z test protocol::txn::tests::end_txn_response_error_counts_matches_java ... ok
2026-10-03T22:57:14.0103243Z test protocol::txn::tests::end_txn_response_throttle_time_ms_matches_java ... ok
2026-10-03T22:57:14.0104003Z test protocol::txn::tests::end_txn_roundtrip ... ok
2026-10-03T22:57:14.0104719Z test protocol::txn::tests::end_txn_v3_request_matches_compact_layout ... ok
2026-10-03T22:57:14.0106702Z test protocol::txn::tests::end_txn_v3_response_matches_compact_layout ... ok
2026-10-03T22:57:14.0145777Z test protocol::txn::tests::end_txn_v3_roundtrip_is_leftover_empty ... ok
2026-10-03T22:57:14.0157999Z test protocol::txn::tests::end_txn_v5_response_matches_compact_layout ... ok
2026-10-03T22:57:14.0159049Z test protocol::txn::tests::transaction_result_matches_java ... ok
2026-10-03T22:57:14.0159997Z test protocol::txn::tests::transaction_v2_version_caps_match_java ... ok
2026-10-03T22:57:14.0161041Z test protocol::txn::tests::txn_error_matrix_matches_pinned_java_handlers ... ok
2026-10-03T22:57:14.0162096Z test protocol::txn::tests::txn_offset_commit_from_offsets_matches_java ... ok
2026-10-03T22:57:14.0163255Z test protocol::txn::tests::txn_offset_commit_get_error_response_copies_names_and_partitions ... ok
2026-10-03T22:57:14.0164393Z test protocol::txn::tests::txn_offset_commit_member_matches_java ... ok
2026-10-03T22:57:14.0165762Z test protocol::txn::tests::txn_offset_commit_offsets_matches_java ... ok
2026-10-03T22:57:14.0166825Z test protocol::txn::tests::txn_offset_commit_request_build_matches_java ... ok
2026-10-03T22:57:14.0167922Z test protocol::txn::tests::txn_offset_commit_request_producer_epoch_matches_java ... ok
2026-10-03T22:57:14.0169038Z test protocol::txn::tests::txn_offset_commit_request_producer_id_matches_java ... ok
2026-10-03T22:57:14.0170148Z test protocol::txn::tests::txn_offset_commit_response_add_partition_matches_java ... ok
2026-10-03T22:57:14.0171290Z test protocol::txn::tests::txn_offset_commit_response_add_partitions_matches_java ... ok
2026-10-03T22:57:14.0172454Z test protocol::txn::tests::txn_offset_commit_response_encode_from_errors_matches_java ... ok
2026-10-03T22:57:14.0176851Z test protocol::txn::tests::txn_offset_commit_response_error_counts_matches_java ... ok
2026-10-03T22:57:14.0180135Z test protocol::txn::tests::txn_offset_commit_response_errors_matches_java ... ok
2026-10-03T22:57:14.0181255Z test protocol::txn::tests::txn_offset_commit_response_from_errors_matches_java ... ok
2026-10-03T22:57:14.0207149Z test protocol::txn::tests::txn_offset_commit_response_merge_matches_java ... ok
2026-10-03T22:57:14.0216798Z test protocol::txn::tests::txn_offset_commit_response_throttle_time_ms_matches_java ... ok
2026-10-03T22:57:14.0226978Z test protocol::txn::tests::txn_offset_commit_v0_has_no_leader_epoch ... ok
2026-10-03T22:57:14.0256205Z test protocol::txn::tests::txn_offset_commit_v2_batches_and_sends_leader_epoch ... ok
2026-10-03T22:57:14.0266132Z test protocol::txn::tests::txn_offset_commit_v3_request_matches_compact_layout ... ok
2026-10-03T22:57:14.0296632Z test protocol::txn::tests::txn_offset_commit_v3_response_matches_compact_layout ... ok
2026-10-03T22:57:14.0326612Z test protocol::txn::tests::txn_offset_commit_v3_roundtrip_is_leftover_empty ... ok
2026-10-03T22:57:14.0336286Z test protocol::txn::tests::txn_offset_partition_matches_java_committed_offset ... ok
2026-10-03T22:57:14.0337444Z test protocol::txn::tests::writable_txn_marker_from_partitions_matches_java ... ok
2026-10-03T22:57:14.0338515Z test protocol::txn::tests::writable_txn_marker_partitions_matches_java ... ok
2026-10-03T22:57:14.0339600Z test protocol::txn::tests::write_txn_markers_errors_by_producer_id_matches_java ... ok
2026-10-03T22:57:14.0340682Z test protocol::txn::tests::write_txn_markers_from_errors_matches_java ... ok
2026-10-03T22:57:14.0341753Z test protocol::txn::tests::write_txn_markers_get_error_response_matches_java ... ok
2026-10-03T22:57:14.0343051Z test protocol::txn::tests::write_txn_markers_request_builder_matches_java ... ok
2026-10-03T22:57:14.0344170Z test protocol::txn::tests::write_txn_markers_response_error_counts_matches_java ... ok
2026-10-03T22:57:14.0345769Z test protocol::txn::tests::write_txn_markers_v0_abort_matches_classic_layout ... ok
2026-10-03T22:57:14.0346856Z test protocol::txn::tests::write_txn_markers_v0_roundtrip_is_leftover_empty ... ok
2026-10-03T22:57:14.0356806Z test protocol::txn::tests::write_txn_markers_v1_abort_matches_compact_layout ... ok
2026-10-03T22:57:14.0386985Z test protocol::txn::tests::write_txn_markers_v1_roundtrip_is_leftover_empty ... ok
2026-10-03T22:57:14.0389364Z test share::tests::acknowledge_type_matches_java ... ok
2026-10-03T22:57:14.0391921Z test share::tests::acknowledgement_batches_collapses_contiguous_offsets ... ok
2026-10-03T22:57:14.0393063Z test share::tests::acknowledgement_batches_splits_on_gap ... ok
2026-10-03T22:57:14.0416690Z test share::tests::share_leader_retriable_is_not_leader_or_missing ... ok
2026-10-03T22:57:14.0422007Z test share::tests::share_records_partitions_and_filters ... ok
2026-10-03T22:57:14.0423076Z test share::tests::share_request_metadata_matches_java ... ok
2026-10-03T22:57:14.0607192Z test partitioner::sticky_uniformity_tests::actual_seeded_policy_rotations_are_uniform_over_available_leaders ... ok
2026-10-03T22:57:14.1320044Z test protocol::scram::tests::rfc7677_transcript_scram_sha512 ... ok
2026-10-03T22:57:14.2762534Z test protocol::scram::tests::mock_server_roundtrip_sha512 ... ok
2026-10-03T22:57:14.2763031Z 
2026-10-03T22:57:14.2763449Z test result: ok. 1110 passed; 0 failed; 0 ignored; 0 measured; 0 filtered out; finished in 0.74s
2026-10-03T22:57:14.2764046Z 
2026-10-03T22:57:14.2771744Z [1m[92m     Running[0m tests/auth_lifecycle.rs (target/debug/deps/auth_lifecycle-70bf010f5863d420)
2026-10-03T22:57:14.2787349Z 
2026-10-03T22:57:14.2787523Z running 32 tests
2026-10-03T22:57:14.2796971Z test credential_redaction_and_error_hygiene ... ok
2026-10-03T22:57:14.2803164Z test clock_skew_and_hard_expiration_ceiling ... ok
2026-10-03T22:57:14.2803985Z test credential_redaction_and_response_body_hygiene_on_reauth ... ok
2026-10-03T22:57:14.2867272Z test deterministic_jitter_subtracted_from_refresh_point ... ok
2026-10-03T22:57:14.2931499Z test early_proactive_refresh_with_deterministic_clock ... ok
2026-10-03T22:57:14.2940856Z test failed_reauthentication_closes_connection_and_fails_accepted_work ... ok
2026-10-03T22:57:14.3004865Z test non_transient_http_401_invalidates_active_token_and_fails_closed ... ok
2026-10-03T22:57:14.3049536Z test oidc_connect_path_coalesces_concurrent_fetches ... ok
2026-10-03T22:57:14.3061099Z test concurrent_connection_demand_single_flight_coalescing ... ok
2026-10-03T22:57:14.3065605Z test pipeline_shutdown_cleanly_terminates ... ok
2026-10-03T22:57:14.3174844Z test outage_persisting_past_expiry_fails_closed ... ok
2026-10-03T22:57:14.3181843Z test real_http_token_endpoint_lifecycle ... ok
2026-10-03T22:57:14.3189828Z test reauth_disconnect_closes_connection_and_fails_accepted_work ... ok
2026-10-03T22:57:14.3205756Z test sasl_oauthbearer_handshake_with_token_provider ... ok
2026-10-03T22:57:14.3214945Z test sasl_reauthenticate_v1_and_v2_wire_exchange ... ok
2026-10-03T22:57:14.3218433Z test sasl_session_lifetime_captured_and_timing_calculated ... ok
2026-10-03T22:57:14.3222493Z test session_expiration_blocks_new_requests ... ok
2026-10-03T22:57:14.3229347Z test should_reconnect_after_reauth_checks_idle_and_reauth ... ok
2026-10-03T22:57:14.3307930Z test cancellation_safety_does_not_leak_tasks_or_corrupt_cache ... ok
2026-10-03T22:57:14.3322497Z test direct_broker_conn_quiesce_guard ... ok
2026-10-03T22:57:14.3891748Z test quiesce_and_resume_pipelined_traffic_without_mixing_correlation_ids ... ok
2026-10-03T22:57:14.8365704Z test tls_no_plaintext_fallback_and_handshake_deadline ... ok
2026-10-03T22:57:15.4435775Z test tls_rejects_expired_chain ... ok
2026-10-03T22:57:16.5205855Z test tls_rejects_invalid_client_certificate ... ok
2026-10-03T22:57:16.6866092Z test tls_mtls_allows_valid_client_identity ... ok
2026-10-03T22:57:17.0206192Z test tls_rejects_untrusted_chain ... ok
2026-10-03T22:57:17.0865871Z test tls_client_identity_rotation ... ok
2026-10-03T22:57:17.0982519Z test transient_refresh_failure_retains_valid_old_token ... ok
2026-10-03T22:57:17.0986479Z test unsupported_sasl_mechanisms_and_versions_fail_closed ... ok
2026-10-03T22:57:17.1089487Z test tls_rejects_missing_client_certificate ... ok
2026-10-03T22:57:17.4526986Z test tls_server_rotation_new_clients_use_new_roots_existing_unaffected ... ok
2026-10-03T22:57:17.4847938Z test tls_rejects_wrong_hostname ... ok
2026-10-03T22:57:17.4848300Z 
2026-10-03T22:57:17.4848738Z test result: ok. 32 passed; 0 failed; 0 ignored; 0 measured; 0 filtered out; finished in 3.21s
2026-10-03T22:57:17.4849337Z 
2026-10-03T22:57:17.4854477Z [1m[92m     Running[0m tests/bench_latency_open_loop.rs (target/debug/deps/bench_latency_open_loop-8ba4cbbc001fc3ee)
2026-10-03T22:57:17.4867665Z 
2026-10-03T22:57:17.4867839Z running 10 tests
2026-10-03T22:57:17.4872352Z test enqueue_acceptance_requires_an_observed_single_record_counter_change ... ok
2026-10-03T22:57:17.4873457Z test fixed_rate_is_absolute_and_uses_rational_nanoseconds ... ok
2026-10-03T22:57:17.4874531Z test invalid_load_configuration_fails_before_offering ... ok
2026-10-03T22:57:17.4875944Z test paused_virtual_peer_keeps_all_arrivals_and_exposes_end_to_end_delay ... ok
2026-10-03T22:57:17.4884218Z test runtime_pause_catches_up_without_rewriting_intended_arrival ... ok
2026-10-03T22:57:17.5077317Z test all_percentiles_are_suppressed_below_floor_and_correct_at_floor ... ok
2026-10-03T22:57:17.5247409Z test delivery_timeouts_are_retained_separately_from_rejections ... ok
2026-10-03T22:57:17.5933474Z test producer_buffer_backpressure_times_out_before_acceptance_without_hiding_offers ... ok
2026-10-03T22:57:17.5941328Z test saturation_retains_rejected_offers_and_failed_disposition ... ok
2026-10-03T22:57:17.6251116Z test stalled_mock_broker_does_not_stop_arrival_clock ... ok
2026-10-03T22:57:17.6251617Z 
2026-10-03T22:57:17.6251964Z test result: ok. 10 passed; 0 failed; 0 ignored; 0 measured; 0 filtered out; finished in 0.14s
2026-10-03T22:57:17.6252420Z 
2026-10-03T22:57:17.6256611Z [1m[92m     Running[0m tests/bench_record_history.rs (target/debug/deps/bench_record_history-552b841016a93ea9)
2026-10-03T22:57:17.6264952Z 
2026-10-03T22:57:17.6265348Z running 3 tests
2026-10-03T22:57:17.6269007Z test seeded_record_matches_independent_python_sha256_fixture ... ok
2026-10-03T22:57:17.6269902Z test corruptions_and_truncations_do_not_pass_record_identity_or_hash ... ok
2026-10-03T22:57:17.6270748Z test journals_checkpoint_records_and_never_replace_existing_attempts ... ok
2026-10-03T22:57:17.6271092Z 
2026-10-03T22:57:17.6271346Z test result: ok. 3 passed; 0 failed; 0 ignored; 0 measured; 0 filtered out; finished in 0.00s
2026-10-03T22:57:17.6271804Z 
2026-10-03T22:57:17.6273078Z [1m[92m     Running[0m tests/broker_compatibility.rs (target/debug/deps/broker_compatibility-d3d39d969e5fddd6)
2026-10-03T22:57:17.6285735Z 
2026-10-03T22:57:17.6285897Z running 1 test
2026-10-03T22:57:17.6287056Z test live_compatibility_required ... ignored, requires explicit fresh digest-pinned Kafka cell; runner selects this exact test
2026-10-03T22:57:17.6287969Z 
2026-10-03T22:57:17.6288404Z test result: ok. 0 passed; 0 failed; 1 ignored; 0 measured; 0 filtered out; finished in 0.00s
2026-10-03T22:57:17.6288928Z 
2026-10-03T22:57:17.6289785Z [1m[92m     Running[0m tests/buffer_ownership.rs (target/debug/deps/buffer_ownership-312f3e29ac80730c)
2026-10-03T22:57:17.6303052Z 
2026-10-03T22:57:17.6303238Z running 12 tests
2026-10-03T22:57:17.6347669Z test header_heavy_records_count_against_buffer_budget ... ok
2026-10-03T22:57:17.6348807Z test presend_failure_encode_releases_permit_and_flush_fails ... ok
2026-10-03T22:57:17.6365867Z test presend_failure_real_mock_add_partitions_to_txn ... ok
2026-10-03T22:57:17.6375879Z test presend_failure_transaction_partition_releases_permit_and_flush_fails ... ok
2026-10-03T22:57:17.6382631Z test presend_failure_write_releases_permit_and_flush_fails ... ok
2026-10-03T22:57:17.6414447Z test saturating_try_send_never_exceeds_buffer_memory ... ok
2026-10-03T22:57:17.6433780Z test queue_full_under_overload_releases_no_orphan_bytes ... ok
2026-10-03T22:57:17.6472562Z test shared_backing_and_compressed_records_respect_buffer_budget ... ok
2026-10-03T22:57:17.6558236Z test permit_stays_owned_across_retry_and_releases_exactly_once ... ok
2026-10-03T22:57:17.6996553Z test presend_failure_write_retry_exhaustion_releases_permit ... ok
2026-10-03T22:57:19.1511932Z test zero_value_records_do_not_bypass_saturated_buffer ... ok
2026-10-03T22:57:19.2257412Z test send_timeout_when_buffer_full_and_max_block_expires ... ok
2026-10-03T22:57:19.2257978Z 
2026-10-03T22:57:19.2258327Z test result: ok. 12 passed; 0 failed; 0 ignored; 0 measured; 0 filtered out; finished in 1.60s
2026-10-03T22:57:19.2258755Z 
2026-10-03T22:57:19.2263799Z [1m[92m     Running[0m tests/client_api.rs (target/debug/deps/client_api-121ff97a02125959)
2026-10-03T22:57:19.2278563Z 
2026-10-03T22:57:19.2278813Z running 111 tests
2026-10-03T22:57:19.2306855Z test admin_close_drops_handle ... ok
2026-10-03T22:57:19.2307434Z test admin_close_timeout_drops_handle ... ok
2026-10-03T22:57:19.2308044Z test admin_abort_transaction_writes_abort_marker ... ok
2026-10-03T22:57:19.2329210Z test admin_delete_share_groups_uses_delete_groups ... ok
2026-10-03T22:57:19.2330122Z test admin_delete_consumer_groups_uses_delete_groups ... ok
2026-10-03T22:57:19.2331332Z test admin_delete_consumer_group_offsets_uses_offset_delete ... ok
2026-10-03T22:57:19.2351723Z test admin_describe_classic_groups_uses_describe_groups ... ok
2026-10-03T22:57:19.2356320Z test admin_describe_broker_log_dirs ... ok
2026-10-03T22:57:19.2362837Z test admin_describe_features_from_api_versions ... ok
2026-10-03T22:57:19.2386457Z test admin_describe_replica_log_dirs ... ok
2026-10-03T22:57:19.2387446Z test admin_describe_consumer_groups_uses_describe_groups ... ok
2026-10-03T22:57:19.2398769Z test admin_fence_producers_inits_on_txn_coordinator ... ok
2026-10-03T22:57:19.2416271Z test admin_describe_share_groups_uses_share_group_describe ... ok
2026-10-03T22:57:19.2426201Z test admin_force_terminate_transaction_fences_one_id ... ok
2026-10-03T22:57:19.2433092Z test admin_list_and_describe_topics ... ok
2026-10-03T22:57:19.2445352Z test admin_list_client_metrics_resources ... ok
2026-10-03T22:57:19.2446764Z test admin_list_consumer_groups_uses_list_groups ... ok
2026-10-03T22:57:19.2448658Z test admin_list_and_alter_consumer_group_offsets ... ok
2026-10-03T22:57:19.2460916Z test admin_metrics ... ok
2026-10-03T22:57:19.2470095Z test admin_list_share_group_offsets_uses_describe ... ok
2026-10-03T22:57:19.2512636Z test admin_list_offsets_earliest_and_latest ... ok
2026-10-03T22:57:19.2537281Z test admin_remove_members_from_consumer_group ... ok
2026-10-03T22:57:19.2562055Z test admin_remove_all_members_from_consumer_group ... ok
2026-10-03T22:57:19.2590849Z test assign_partitions_uses_auto_offset_reset ... ok
2026-10-03T22:57:19.2591751Z test broker_error_display_and_code ... ok
2026-10-03T22:57:19.2649236Z test auto_offset_reset_latest_skips_existing ... ok
2026-10-03T22:57:19.2653443Z test auto_commit_on_poll_then_rejoin ... ok
2026-10-03T22:57:19.2669153Z test classic_group_join_topics_fetches_both ... ok
2026-10-03T22:57:19.2685706Z test classic_join_sends_group_instance_id ... ok
2026-10-03T22:57:19.2686540Z test closed_display_is_client_neutral ... ok
2026-10-03T22:57:19.2691337Z test closed_fetch_conn_shutdown_reports_closed ... ok
2026-10-03T22:57:19.2703354Z test closed_producer_send_after_close ... ok
2026-10-03T22:57:19.2752879Z test client_instance_id_is_kip714 ... ok
2026-10-03T22:57:19.2774301Z test commit_async_does_not_send_until_poll ... ok
2026-10-03T22:57:19.2869492Z test commit_async_with_callback_and_leave_flushes ... ok
2026-10-03T22:57:19.2889321Z test commit_next_offsets_from_poll ... ok
2026-10-03T22:57:19.2964600Z test commit_offsets_skips_without_poll ... ok
2026-10-03T22:57:19.2967134Z test commit_with_metadata_async_sends_on_poll ... ok
2026-10-03T22:57:19.2968785Z test config_builders_set_typed_knobs ... ok
2026-10-03T22:57:19.2991207Z test consumer_metadata_sends_allow_auto_create_topics ... ok
2026-10-03T22:57:19.3035087Z test current_lag_is_hw_minus_position ... ok
2026-10-03T22:57:19.3063951Z test commit_with_metadata_roundtrip ... ok
2026-10-03T22:57:19.3078851Z test current_lag_unassigned_match_java ... ok
2026-10-03T22:57:19.3138448Z test custom_partitioner_pins_keyed_records ... ok
2026-10-03T22:57:19.3152049Z test fetch_bounds_accept_zero_and_positive_values ... ok
2026-10-03T22:57:19.3154800Z test fetch_bounds_reject_negative_max_bytes_before_network_io ... ok
2026-10-03T22:57:19.3157241Z test fetch_bounds_reject_negative_max_wait_ms_before_network_io ... ok
2026-10-03T22:57:19.3159419Z test fetch_bounds_reject_negative_min_bytes_before_network_io ... ok
2026-10-03T22:57:19.3162486Z test fetch_bounds_reject_negative_partition_bytes_before_network_io ... ok
2026-10-03T22:57:19.3179557Z test enforce_rebalance_rejoins_on_next_poll ... ok
2026-10-03T22:57:19.3200208Z test fetch_timeout_returns_records ... ok
2026-10-03T22:57:19.3256565Z test group_and_share_close_timeout_leaves ... ok
2026-10-03T22:57:19.3257152Z test fetch_two_leaders_in_one_round ... ok
2026-10-03T22:57:19.3298597Z test group_metadata_and_unsubscribe_resubscribe ... ok
2026-10-03T22:57:19.3326184Z test group_committed_after_commit ... ok
2026-10-03T22:57:19.3348766Z test init_transactions_requires_transactional_id ... ok
2026-10-03T22:57:19.3377812Z test group_seek_to_beginning_rereads ... ok
2026-10-03T22:57:19.3414378Z test interceptors_rewrite_produce_and_count_fetch ... ok
2026-10-03T22:57:19.3415262Z test interceptor_close_and_on_commit ... ok
2026-10-03T22:57:19.3416987Z test invalid_raw_acks_are_rejected_before_bootstrap_or_network_io ... ok
2026-10-03T22:57:19.3462366Z test join_consumer_matching_subscribes ... ok
2026-10-03T22:57:19.3466464Z test join_empty_group_id_and_assignors_match_java ... ok
2026-10-03T22:57:19.3471239Z test join_cooperative_sticky_matching_subscribes ... ok
2026-10-03T22:57:19.3513553Z test join_sticky_matching_subscribes ... ok
2026-10-03T22:57:19.3562317Z test join_matching_picks_up_new_topic_on_poll ... ok
2026-10-03T22:57:19.3585223Z test kip848_join_sends_instance_id_and_rack ... ok
2026-10-03T22:57:19.3588959Z test kip848_join_consumer_topics_fetches_both ... ok
2026-10-03T22:57:19.3617816Z test kip848_unsubscribe_then_subscribe ... ok
2026-10-03T22:57:19.3833634Z test max_poll_interval_errors_on_second_poll ... ok
2026-10-03T22:57:19.3871743Z test max_poll_records_returns_rest_on_next_fetch ... ok
2026-10-03T22:57:19.3912337Z test offsets_for_times_finds_record_and_misses ... ok
2026-10-03T22:57:19.3920964Z test offsets_for_times_rejects_negative_timestamp_match_java ... ok
2026-10-03T22:57:19.3966758Z test partitions_for_and_end_offsets ... ok
2026-10-03T22:57:19.4026169Z test pause_skips_one_partition_until_resume ... ok
2026-10-03T22:57:19.4082245Z test poll_timeout_returns_records ... ok
2026-10-03T22:57:19.4132603Z test poll_without_subscription_or_assignment_match_java ... ok
2026-10-03T22:57:19.4142479Z test position_unassigned_match_java ... ok
2026-10-03T22:57:19.4178036Z test produce_header_survives_fetch ... ok
2026-10-03T22:57:19.4224928Z test producer_and_consumer_metrics ... ok
2026-10-03T22:57:19.4248546Z test producer_partitions_for_returns_leader ... ok
2026-10-03T22:57:19.4275916Z test rebalance_listener_sees_first_assignment ... ok
2026-10-03T22:57:19.4285960Z test seek_checks_match_java ... ok
2026-10-03T22:57:19.4323705Z test seek_to_and_assigned_partitions ... ok
2026-10-03T22:57:19.4350257Z test ack_metadata_identical_for_interceptor_and_oneshot ... ok
2026-10-03T22:57:19.4387591Z test seek_to_beginning_rereads_from_start ... ok
2026-10-03T22:57:19.4395818Z test seek_to_end_skips_existing_then_reads_new ... ok
2026-10-03T22:57:19.4435829Z test send_all_queues_then_returns_offsets ... ok
2026-10-03T22:57:19.4471669Z test seek_with_metadata_sets_position_and_last_fetched_epoch ... ok
2026-10-03T22:57:19.4488019Z test send_rejects_when_record_exceeds_buffer_memory ... ok
2026-10-03T22:57:19.4490899Z test send_offsets_with_metadata_then_committed ... ok
2026-10-03T22:57:19.4499303Z test send_rejects_when_record_exceeds_max_request_size ... ok
2026-10-03T22:57:19.4513778Z test share_acknowledge_before_poll_match_java ... ok
2026-10-03T22:57:19.4575348Z test share_join_topics_fetches_both ... ok
2026-10-03T22:57:19.4610942Z test share_subscribe_matching_replaces_subscription ... ok
2026-10-03T22:57:19.4673808Z test share_subscribe_switches_topics ... ok
2026-10-03T22:57:19.4724987Z test share_unsubscribe_then_subscribe ... ok
2026-10-03T22:57:19.4726523Z test sticky_partitioner_descriptor_is_additive_and_default_routing_stays_compatible ... ok
2026-10-03T22:57:19.4814418Z test subscribe_matching_fetches_matching_topics ... ok
2026-10-03T22:57:19.4866522Z test subscribe_switches_topics_without_leave ... ok
2026-10-03T22:57:19.4867380Z test topic_partition_from_tuple ... ok
2026-10-03T22:57:19.4885861Z test transactional_methods_without_transactional_id_match_java ... ok
2026-10-03T22:57:19.4904509Z test try_send_queue_full_when_buffer_memory_is_full ... ok
2026-10-03T22:57:19.4928605Z test try_send_rejects_when_record_exceeds_max_request_size ... ok
2026-10-03T22:57:19.5687150Z test max_poll_interval_heartbeat_leaves_group ... ok
2026-10-03T22:57:19.5795934Z test txn_abort_fatal_fencing_is_terminal_across_coordinator_versions ... ok
2026-10-03T22:57:19.6064601Z test txn_abort_required_codes_block_commit_and_recover_only_after_abort ... ok
2026-10-03T22:57:19.6375308Z test classic_group_mixed_subscriptions_stay_on_own_topics ... ok
2026-10-03T22:57:19.6396583Z test wakeup_errors_then_fetch_succeeds ... ok
2026-10-03T22:57:19.6549340Z test valid_raw_acks_still_construct_and_idempotence_normalizes_them ... ok
2026-10-03T22:57:19.8673522Z test two_members_cooperative_sticky_partition_all ... ok
2026-10-03T22:57:49.4908782Z test share_join_matching_picks_up_new_topic_on_poll ... ok
2026-10-03T22:57:49.4909375Z 
2026-10-03T22:57:49.4909898Z test result: ok. 111 passed; 0 failed; 0 ignored; 0 measured; 0 filtered out; finished in 30.26s
2026-10-03T22:57:49.4910610Z 
2026-10-03T22:57:49.4916848Z [1m[92m     Running[0m tests/client_capabilities.rs (target/debug/deps/client_capabilities-3a7ae21cea4e99c1)
2026-10-03T22:57:49.4932003Z 
2026-10-03T22:57:49.4932178Z running 10 tests
2026-10-03T22:57:49.4950524Z test a_supported_configuration_api_keeps_its_negotiated_version ... ok
2026-10-03T22:57:49.4960034Z test basic_admin_create_describe_and_delete_work_without_unrelated_apis ... ok
2026-10-03T22:57:49.4961046Z test missing_identity_and_transaction_capabilities_fail_before_discovery ... ok
2026-10-03T22:57:49.4986496Z test nontransactional_idempotence_uses_init_producer_id_without_a_coordinator ... ok
2026-10-03T22:57:49.5023168Z test ordinary_produce_and_manual_fetch_use_only_the_limited_profile ... ok
2026-10-03T22:57:49.5051783Z test transactional_producer_still_discovers_and_commits_when_supported ... ok
2026-10-03T22:57:49.5258098Z test documented_empty_group_and_delete_inputs_remain_no_ops ... ok
2026-10-03T22:57:49.5258752Z test advertised_group_operation_without_coordinator_fails_before_metadata ... ok
2026-10-03T22:57:49.5277745Z test nonoverlapping_optional_versions_are_unavailable_locally ... ok
2026-10-03T22:57:49.5370288Z test unavailable_admin_operations_send_no_frames_and_keep_the_socket_open ... ok
2026-10-03T22:57:49.5370921Z 
2026-10-03T22:57:49.5371267Z test result: ok. 10 passed; 0 failed; 0 ignored; 0 measured; 0 filtered out; finished in 0.04s
2026-10-03T22:57:49.5371690Z 
2026-10-03T22:57:49.5374925Z [1m[92m     Running[0m tests/consumer_close_commit.rs (target/debug/deps/consumer_close_commit-9fdbc9255a54a2e4)
2026-10-03T22:57:49.5388648Z 
2026-10-03T22:57:49.5388799Z running 17 tests
2026-10-03T22:57:49.5495828Z test capped_pending_commit_tracks_each_paused_partition_independently ... ok
2026-10-03T22:57:49.5507895Z test auto_commit_on_leave_with_long_interval_does_not_commit ... ok
2026-10-03T22:57:49.5510377Z test auto_commit_on_poll_interval_still_commits ... ok
2026-10-03T22:57:49.5615999Z test commit_after_capped_poll_with_pause_and_resume ... ok
2026-10-03T22:57:49.5637015Z test capped_poll_crash_with_interval_auto_commit_does_not_skip_prefetched_records ... ok
2026-10-03T22:57:49.5638465Z test commit_after_capped_poll_with_seek ... ok
2026-10-03T22:57:49.5703634Z test commit_with_metadata_preserves_explicit_offsets ... ok
2026-10-03T22:57:49.5740704Z test expired_interval_does_not_commit_before_first_application_delivery ... ok
2026-10-03T22:57:49.5766056Z test default_leave_does_not_offset_commit ... ok
2026-10-03T22:57:49.5801947Z test commit_after_capped_poll_must_not_commit_buffered_records ... ok
2026-10-03T22:57:49.5907330Z test rebalance_preserves_buffered_records_for_retained_partitions ... ok
2026-10-03T22:57:49.5931220Z test interval_auto_commit_does_not_commit_batch_about_to_be_returned ... ok
2026-10-03T22:57:49.5972708Z test static_member_unsubscribe_then_commit_sends_no_offset_commit ... ok
2026-10-03T22:57:49.5994426Z test unsubscribe_with_auto_commit_does_not_commit_positions ... ok
2026-10-03T22:57:49.6007411Z test zero_interval_does_not_commit_before_first_application_delivery ... ok
2026-10-03T22:57:49.7837986Z test max_poll_expiry_commits_only_delivered_position ... ok
2026-10-03T22:57:50.6962423Z test kip848_fencing_rejoin_preserves_delivered_position ... ok
2026-10-03T22:57:50.6962835Z 
2026-10-03T22:57:50.6963159Z test result: ok. 17 passed; 0 failed; 0 ignored; 0 measured; 0 filtered out; finished in 1.16s
2026-10-03T22:57:50.6963617Z 
2026-10-03T22:57:50.6969111Z [1m[92m     Running[0m tests/consumer_fetch_semantics.rs (target/debug/deps/consumer_fetch_semantics-a4b6c504eb9faa1a)
2026-10-03T22:57:50.6984820Z 
2026-10-03T22:57:50.6984986Z running 63 tests
2026-10-03T22:57:50.8242717Z test aborted_transaction_spanning_across_fetches_must_return_subsequent_committed_record ... ok
2026-10-03T22:57:50.8244733Z test control_only_batch_advances_delivered_position_and_fetch_cursor ... ok
2026-10-03T22:57:50.8246947Z test capped_pending_order_survives_pause_and_later_fetch_rounds ... ok
2026-10-03T22:57:50.8351803Z test fetch_mixed_version_both_bootstrap_leader_orders ... ok
2026-10-03T22:57:50.8452788Z test fetch_mixed_version_multi_partition_distinct_leaders ... ok
2026-10-03T22:57:50.8536180Z test fetch_mixed_version_preferred_replica_uses_replica_version ... ok
2026-10-03T22:57:50.8686919Z test committed_transaction_after_abort_for_same_pid_must_be_visible ... ok
2026-10-03T22:57:50.9071398Z test control_scenario_aligned_batch_delivers_and_shuts_down ... ok
2026-10-03T22:57:50.9512165Z test fetch_offset_filter_multiple_partitions ... ok
2026-10-03T22:57:51.0313433Z test fetch_offset_filter_must_not_bypass_aborted_or_control_filtering ... ok
2026-10-03T22:57:51.0397630Z test fetch_mixed_version_leader_movement_and_reconnect ... ok
2026-10-03T22:57:51.0522001Z test fetch_session_recovery_broker_restart_recreates_session_without_losing_offsets ... ok
2026-10-03T22:57:51.0750894Z test fetch_offset_filter_must_not_regress_position_or_lose_later_records ... ok
2026-10-03T22:57:51.1307593Z test fetch_session_recovery_close_uses_one_budget_across_stalled_brokers_and_zero_is_immediate ... ok
2026-10-03T22:57:51.1466744Z test fetch_session_recovery_cancelled_round_and_wakeup_recreate_without_position_advance ... ok
2026-10-03T22:57:51.1502688Z test fetch_session_recovery_group_close_retires_session_without_automatic_offset_commit ... ok
2026-10-03T22:57:51.1551374Z test fetch_session_recovery_pause_all_unassign_and_leader_move_retire_server_state ... ok
2026-10-03T22:57:51.1645546Z test fetch_session_recovery_peer_error_preserves_healthy_records_exactly_once ... ok
2026-10-03T22:57:51.1782002Z test fetch_session_recovery_recreated_topic_reassignment_discards_previous_id_buffer ... ok
2026-10-03T22:57:51.1944983Z test fetch_session_recovery_rejects_incomplete_full_and_extra_incremental_partitions ... ok
2026-10-03T22:57:51.2141740Z test fetch_session_recovery_empty_throttled_full_response_declines_session_until_quota_expires ... ok
2026-10-03T22:57:51.2244915Z test fetch_offset_filter_compressed_batches ... ok
2026-10-03T22:57:51.2371099Z test fetch_offset_filter_sparse_and_compacted_offsets ... ok
2026-10-03T22:57:51.2446085Z test fetch_session_recovery_truncated_or_wrong_identity_response_forces_next_full_request ... ok
2026-10-03T22:57:51.2627034Z test fetch_session_recovery_top_level_errors_retry_without_applying_poison_data ... ok
2026-10-03T22:57:51.2975182Z test fetch_session_recovery_repeated_errors_are_bounded_by_original_request_deadline ... ok
2026-10-03T22:57:51.3430445Z test fetch_throttle_delivers_pending_records_and_bounds_one_shot_wait ... ok
2026-10-03T22:57:51.5224937Z test fetch_session_recovery_terminal_retirement_obeys_broker_quota_and_close_budget ... ok
2026-10-03T22:57:51.5998689Z test fetch_throttle_caller_cancellation_does_not_mutate_default_wait ... ok
2026-10-03T22:57:51.6174458Z test fetch_throttle_delays_next_request_without_delaying_returned_records ... ok
2026-10-03T22:57:51.9729422Z test fetch_throttle_preserves_interval_during_idle_reconnection ... ok
2026-10-03T22:57:52.1504177Z test fetch_throttle_interval_starts_at_each_response_completion ... ok
2026-10-03T22:57:52.2555498Z test fetch_throttle_wait_consumes_request_deadline ... ok
2026-10-03T22:57:52.2904816Z test fetch_throttle_wakeup_preserves_positions_and_quota ... ok
2026-10-03T22:57:52.2914271Z test fixture_broker_drop_aborts_tasks ... ok
2026-10-03T22:57:52.2915264Z test fixture_broker_wire_handshake_and_bounded_shutdown ... ok
2026-10-03T22:57:52.2916374Z test fixture_builds_abort_then_commit_control_marker_sequence ... ok
2026-10-03T22:57:52.2917875Z test fixture_builds_one_partition_retry_beside_successful_partition ... ok
2026-10-03T22:57:52.2919157Z test fixture_builds_out_of_range_partition_response ... ok
2026-10-03T22:57:52.2920375Z test fixture_builds_whole_batch_with_records_before_requested_offset_without_prefiltering ... ok
2026-10-03T22:57:52.2950054Z test incremental_fetch_sessions_are_broker_local_with_legacy_peer_fallback ... ok
2026-10-03T22:57:52.2995427Z test incremental_fetch_sessions_deliver_new_records_and_only_send_changed_offsets ... ok
2026-10-03T22:57:52.3104516Z test incremental_fetch_sessions_forget_paused_partitions_and_add_resumed_partitions ... ok
2026-10-03T22:57:52.3610666Z test incremental_fetch_sessions_reduce_unchanged_request_bytes_across_versions ... ok
2026-10-03T22:57:52.3611700Z test live_fetch_session_recovery_required ... ignored, requires the owned digest-pinned KL05-07 broker and explicit observer ports
2026-10-03T22:57:52.4446608Z test max_poll_records_distinguishes_delivered_position_and_fetch_cursor ... ok
2026-10-03T22:57:52.4859956Z test mixed_partition_retry_aborted_must_not_advance_positions_for_discarded_records ... ok
2026-10-03T22:57:52.5307006Z test fetch_throttle_observes_peer_body_discarded_at_buffer_limit ... ok
2026-10-03T22:57:52.6067596Z test fetch_throttle_other_broker_progress_and_legacy_version ... ok
2026-10-03T22:57:52.6542779Z test mixed_partition_retry_with_preferred_replica_redirect_must_preserve_successful_records ... ok
2026-10-03T22:57:52.7323033Z test mixed_partition_retry_with_transport_failure_must_preserve_successful_records ... ok
2026-10-03T22:57:52.7371915Z test nontransactional_records_sharing_aborted_pid_must_be_visible ... ok
2026-10-03T22:57:52.7381423Z test mixed_partition_retry_must_preserve_successful_records ... ok
2026-10-03T22:57:52.8565035Z test out_of_range_preferred_replica_resets_if_leader_also_out_of_range ... ok
2026-10-03T22:57:52.8613357Z test out_of_range_preferred_replica_retries_at_leader_before_destructive_reset ... ok
2026-10-03T22:57:52.8620864Z test out_of_range_with_reset_earliest_resolves_log_start_and_clears_stale_state ... ok
2026-10-03T22:57:52.9109051Z test fetch_throttle_version_boundary_zero_and_invalid_values ... ok
2026-10-03T22:57:52.9451338Z test read_committed_multiple_aborted_intervals_and_pids ... ok
2026-10-03T22:57:52.9801235Z test out_of_range_with_reset_latest_resolves_high_watermark_and_clears_stale_state ... ok
2026-10-03T22:57:53.0261187Z test out_of_range_with_reset_none_must_fail_without_advancing ... ok
2026-10-03T22:57:53.0281184Z test read_committed_stops_at_last_stable_offset_boundary ... ok
2026-10-03T22:57:53.1983425Z test read_committed_repeated_metadata_and_spanning_markers_survive_seek ... ok
2026-10-03T22:57:53.3103915Z test seek_inside_batch_must_not_return_earlier_records ... ok
2026-10-03T22:57:53.3104369Z 
2026-10-03T22:57:53.3104737Z test result: ok. 62 passed; 0 failed; 1 ignored; 0 measured; 0 filtered out; finished in 2.61s
2026-10-03T22:57:53.3105354Z 
2026-10-03T22:57:53.3112394Z [1m[92m     Running[0m tests/credential_redact.rs (target/debug/deps/credential_redact-c28e81f2bba88dd7)
2026-10-03T22:57:53.3127315Z 
2026-10-03T22:57:53.3127497Z running 29 tests
2026-10-03T22:57:53.3132244Z test consumer_config_debug_redacts_embedded_secrets ... ok
2026-10-03T22:57:53.3133026Z test admin_config_debug_redacts_oidc_secret ... ok
2026-10-03T22:57:53.3147759Z test metrics_debug_excludes_credential_material ... ok
2026-10-03T22:57:53.3148436Z test oauthbearer_error_message_is_fixed ... ok
2026-10-03T22:57:53.3154429Z test failing_auth_flows_emit_no_secrets_to_tracing_or_errors ... ok
2026-10-03T22:57:53.3155619Z test oidc_config_debug_redacts_client_secret ... ok
2026-10-03T22:57:53.3156379Z test oidc_http_error_display_omits_response_body ... ok
2026-10-03T22:57:53.3161623Z test oidc_token_response_debug_redacts_access_token ... ok
2026-10-03T22:57:53.3162330Z test oidc_token_parse_errors_never_leak_body_or_token ... ok
2026-10-03T22:57:53.3162894Z test oidc_http_error_structured_fetch_omits_response_body ... ok
2026-10-03T22:57:53.3166051Z test oidc_token_url_userinfo_redacted_in_debug ... ok
2026-10-03T22:57:53.3166981Z test oidc_token_url_userinfo_rejected_at_fetch ... ok
2026-10-03T22:57:53.3171572Z test live_metrics_exclude_credential_material ... ok
2026-10-03T22:57:53.3172543Z test producer_config_debug_redacts_embedded_secrets ... ok
2026-10-03T22:57:53.3173641Z test sasl_plain_debug_redacts_password ... ok
2026-10-03T22:57:53.3180597Z test sasl_oauthbearer_broker_echo_never_reaches_error ... ok
2026-10-03T22:57:53.3187254Z test sasl_reauthenticate_oauthbearer_echo_never_reaches_error ... ok
2026-10-03T22:57:53.3193640Z test sasl_plain_broker_echo_never_reaches_error ... ok
2026-10-03T22:57:53.3194526Z test sasl_scram_sha256_debug_redacts_password ... ok
2026-10-03T22:57:53.3195758Z test sasl_scram_sha512_debug_redacts_password ... ok
2026-10-03T22:57:53.3196794Z test scram_server_error_value_is_bounded ... ok
2026-10-03T22:57:53.3197726Z test tls_config_debug_redacts_client_key_pem ... ok
2026-10-03T22:57:53.3206534Z test sasl_reauthenticate_plain_echo_never_reaches_error ... ok
2026-10-03T22:57:53.4245508Z test sasl_scram_broker_echo_never_reaches_error ... ok
2026-10-03T22:57:53.4246451Z test tracing_capture_harness_records_span_fields ... ok
2026-10-03T22:57:53.4407153Z test tracing_instruments_skip_self_holding_configs ... ok
2026-10-03T22:57:53.5331642Z test tls_key_parse_error_omits_key_material ... ok
2026-10-03T22:57:53.5682979Z test sasl_reauthenticate_scram_echo_never_reaches_error ... ok
2026-10-03T22:57:54.8606506Z test tls_rotation_emits_no_key_material_to_tracing ... ok
2026-10-03T22:57:54.8606998Z 
2026-10-03T22:57:54.8607396Z test result: ok. 29 passed; 0 failed; 0 ignored; 0 measured; 0 filtered out; finished in 1.55s
2026-10-03T22:57:54.8607955Z 
2026-10-03T22:57:54.8611832Z [1m[92m     Running[0m tests/e2e.rs (target/debug/deps/e2e-15be50207c4b43a4)
2026-10-03T22:57:54.8626465Z 
2026-10-03T22:57:54.8626679Z running 1 test
2026-10-03T22:57:54.8689129Z test produce_fetch_classic_join_same_payload ... ok
2026-10-03T22:57:54.8695244Z [1m[92m     Running[0m tests/fetch_buffer_budget.rs (target/debug/deps/fetch_buffer_budget-edc44c0030d71530)
2026-10-03T22:57:54.8695750Z 
2026-10-03T22:57:54.8696171Z test result: ok. 1 passed; 0 failed; 0 ignored; 0 measured; 0 filtered out; finished in 0.01s
2026-10-03T22:57:54.8696605Z 
2026-10-03T22:57:54.8707558Z 
2026-10-03T22:57:54.8708031Z running 10 tests
2026-10-03T22:57:54.8734438Z test batch_exceeding_hard_decode_ceiling_fails_cleanly ... ok
2026-10-03T22:57:54.9172498Z test capped_pending_large_paused_partition_releases_only_sought_buffers ... ok
2026-10-03T22:57:54.9554834Z test drop_and_clear_releases_all_memory ... ok
2026-10-03T22:57:54.9981243Z test multi_partition_single_broker_budget_stops_at_ceiling ... ok
2026-10-03T22:57:55.0002053Z test oversized_first_batch_larger_than_soft_limit_preserves_progress ... ok
2026-10-03T22:57:55.0391240Z test pause_holds_buffers_and_does_not_commit_undelivered ... ok
2026-10-03T22:57:55.1221218Z test seek_releases_buffer_and_does_not_commit_undelivered ... ok
2026-10-03T22:57:55.1222408Z test zero_buffer_memory_allows_unbounded_buffering ... ok
2026-10-03T22:57:55.1251690Z test slow_processing_and_max_poll_records_bounds_memory_across_brokers ... ok
2026-10-03T22:57:59.9258165Z test batch_past_budget_is_not_decompressed ... ok
2026-10-03T22:57:59.9258759Z 
2026-10-03T22:57:59.9259253Z test result: ok. 10 passed; 0 failed; 0 ignored; 0 measured; 0 filtered out; finished in 5.05s
2026-10-03T22:57:59.9259989Z 
2026-10-03T22:57:59.9264306Z [1m[92m     Running[0m tests/full_surface.rs (target/debug/deps/full_surface-6309f1f46278f3ef)
2026-10-03T22:57:59.9283562Z 
2026-10-03T22:57:59.9283872Z running 330 tests
2026-10-03T22:57:59.9317835Z test acl_apis_negotiate_v0_when_broker_caps ... ok
2026-10-03T22:57:59.9332253Z test add_raft_voter_broker_errors_are_terminal_and_preserve_messages ... ok
2026-10-03T22:57:59.9353912Z test add_raft_voter_invalid_input_and_unavailable_versions_send_nothing ... ok
2026-10-03T22:58:00.0323771Z test add_raft_voter_controller_move_retries_with_remaining_deadline ... ok
2026-10-03T22:58:00.0339299Z test abort_transaction_follows_partition_leader ... ok
2026-10-03T22:58:00.0340224Z test add_raft_voter_preserves_identity_endpoints_cluster_and_success_throttle ... ok
2026-10-03T22:58:00.0353406Z test add_raft_voter_trailing_response_bytes_fail_closed ... ok
2026-10-03T22:58:00.0365788Z test admin_against_kafka_if_present ... ok
2026-10-03T22:58:00.0372692Z test add_raft_voter_lost_response_retries_without_masking_duplicate_outcome ... ok
2026-10-03T22:58:00.0398457Z test admin_alter_configs_for ... ok
2026-10-03T22:58:00.0412618Z test admin_alter_configs_delete_records_describe_cluster ... ok
2026-10-03T22:58:00.0426878Z test admin_alter_list_partition_reassignments_timeout ... ok
2026-10-03T22:58:00.0442612Z test admin_create_duplicate_is_already_exists ... ok
2026-10-03T22:58:00.0492927Z test admin_create_then_produce_fetch ... ok
2026-10-03T22:58:00.0517999Z test admin_delete_and_describe ... ok
2026-10-03T22:58:00.0569332Z test admin_delete_records_for_batches_partitions ... ok
2026-10-03T22:58:00.0843564Z test add_raft_voter_controller_refresh_shares_outer_deadline ... ok
2026-10-03T22:58:00.0867898Z test admin_describe_delete_acls_with_filter ... ok
2026-10-03T22:58:00.0889040Z test admin_describe_producers_for ... ok
2026-10-03T22:58:00.0923301Z test admin_describe_topics_by_id ... ok
2026-10-03T22:58:00.0940620Z test admin_describe_topics_falls_back_to_metadata_without_dtp ... ok
2026-10-03T22:58:00.0962862Z test admin_incremental_alter_configs_for ... ok
2026-10-03T22:58:00.1003516Z test admin_list_and_describe_topics_on_bootstrap ... ok
2026-10-03T22:58:00.1047718Z test admin_list_consumer_group_offsets_for_groups_batches_find_coordinator ... ok
2026-10-03T22:58:00.1072375Z test admin_list_consumer_group_offsets_for_groups_falls_back_below_v8 ... ok
2026-10-03T22:58:00.1356110Z test add_raft_voter_total_deadline_bounds_stalled_peer ... ok
2026-10-03T22:58:00.1400703Z test admin_list_offsets_batches_by_leader ... ok
2026-10-03T22:58:00.1440045Z test admin_partitions_alter_configs_and_acls ... ok
2026-10-03T22:58:00.1599015Z test admin_list_groups_reconnects_when_connection_idle ... ok
2026-10-03T22:58:00.1972013Z test admin_reconnect_honors_backoff ... ok
2026-10-03T22:58:00.2033598Z test admin_remove_all_members_from_consumer_group ... ok
2026-10-03T22:58:00.2125332Z test admin_reconnects_when_connection_idle ... ok
2026-10-03T22:58:00.2135418Z test admin_skips_dead_bootstrap ... ok
2026-10-03T22:58:00.2152908Z test admin_update_features_timeout ... ok
2026-10-03T22:58:00.2175908Z test admin_validate_only_does_not_create ... ok
2026-10-03T22:58:00.2571881Z test admin_retry_honors_backoff ... ok
2026-10-03T22:58:00.2638882Z test admin_delete_topics_by_id ... ok
2026-10-03T22:58:00.2654469Z test alter_client_quotas_negotiates_v0_when_broker_caps ... ok
2026-10-03T22:58:00.2670891Z test alter_configs_negotiates_v1_when_broker_caps ... ok
2026-10-03T22:58:00.3216624Z test allocate_producer_ids_follows_controller ... ok
2026-10-03T22:58:00.3252139Z test alter_replica_log_dirs_follows_broker ... ok
2026-10-03T22:58:00.3262431Z test alter_replica_log_dirs_negotiates_v1_when_broker_caps ... ok
2026-10-03T22:58:00.3625456Z test alter_client_quotas_follows_controller ... ok
2026-10-03T22:58:00.3726166Z test alter_partition_reassignments_follows_controller ... ok
2026-10-03T22:58:00.3737069Z test api_versions_retries_v0_on_unsupported_version ... ok
2026-10-03T22:58:00.3747758Z test api_versions_retries_v3_on_unsupported_version ... ok
2026-10-03T22:58:00.4304655Z test alter_share_group_offsets_follows_group_coordinator ... ok
2026-10-03T22:58:00.4684363Z test alter_user_scram_credentials_follows_controller ... ok
2026-10-03T22:58:00.4785305Z test assign_replicas_to_dirs_follows_controller ... ok
2026-10-03T22:58:00.4930676Z test consumer_group_commit_one_rpc_then_resume ... ok
2026-10-03T22:58:00.4948376Z test consumer_group_describe_batches_find_coordinator ... ok
2026-10-03T22:58:00.5991628Z test consumer_group_describe_follows_group_coordinator ... ok
2026-10-03T22:58:00.6009055Z test consumer_group_describe_negotiates_v0_when_broker_caps ... ok
2026-10-03T22:58:00.6033154Z test consumer_group_heartbeat_negotiates_v0_when_broker_caps ... ok
2026-10-03T22:58:00.6056182Z test consumer_group_heartbeat_negotiates_v1_when_broker_advertises ... ok
2026-10-03T22:58:00.6110957Z test consumer_group_join_fetch_commit ... ok
2026-10-03T22:58:00.6147900Z test consumer_skips_dead_bootstrap ... ok
2026-10-03T22:58:00.6560786Z test admin_create_delete_topics_partitions_timeout ... ok
2026-10-03T22:58:00.7521171Z test classic_group_follows_moved_coordinator ... ok
2026-10-03T22:58:00.7549594Z test create_delegation_token_follows_broker ... ok
2026-10-03T22:58:00.7559483Z test create_delegation_token_negotiates_v1_when_broker_caps ... ok
2026-10-03T22:58:00.7598616Z test create_acls_follows_controller ... ok
2026-10-03T22:58:00.7629941Z test create_partitions_negotiates_below_v3_when_broker_caps ... ok
2026-10-03T22:58:00.7905843Z test classic_group_recovers_after_coordinator_drop ... ok
2026-10-03T22:58:00.7934014Z test create_topics_negotiates_below_v7_when_broker_caps ... ok
2026-10-03T22:58:00.7952343Z test delete_consumer_group_offsets_follows_group_coordinator ... ok
2026-10-03T22:58:00.7971036Z test delete_consumer_groups_follows_group_coordinator ... ok
2026-10-03T22:58:00.7988512Z test delete_groups_batches_find_coordinator ... ok
2026-10-03T22:58:00.8603547Z test create_partitions_follows_controller ... ok
2026-10-03T22:58:00.8621348Z test delete_groups_negotiates_v0_when_broker_caps ... ok
2026-10-03T22:58:00.8638620Z test delete_groups_negotiates_v1_when_broker_caps ... ok
2026-10-03T22:58:00.8674247Z test create_topics_follows_controller ... ok
2026-10-03T22:58:00.8710760Z test delete_records_high_watermark_truncates_to_log_end ... ok
2026-10-03T22:58:00.8744853Z test delete_records_negotiates_v1_when_broker_caps ... ok
2026-10-03T22:58:00.9029381Z test delete_groups_follows_group_coordinator ... ok
2026-10-03T22:58:00.9048514Z test delete_share_groups_follows_group_coordinator ... ok
2026-10-03T22:58:00.9701326Z test delete_records_follows_partition_leader ... ok
2026-10-03T22:58:00.9748829Z test delete_topics_negotiates_below_v6_when_broker_caps ... ok
2026-10-03T22:58:00.9777790Z test describe_broker_log_dirs_follows_each_broker ... ok
2026-10-03T22:58:00.9785502Z test delete_share_group_offsets_follows_group_coordinator ... ok
2026-10-03T22:58:00.9808209Z test describe_classic_groups_follows_group_coordinator ... ok
2026-10-03T22:58:00.9809263Z test describe_client_quotas_negotiates_v0_when_broker_caps ... ok
2026-10-03T22:58:00.9821370Z test describe_cluster_negotiates_v0_when_broker_caps ... ok
2026-10-03T22:58:00.9822434Z test describe_client_quotas_follows_broker ... ok
2026-10-03T22:58:00.9833812Z test describe_cluster_negotiates_v1_when_broker_caps ... ok
2026-10-03T22:58:00.9851722Z test describe_cluster_with_sends_endpoint_type_and_fenced ... ok
2026-10-03T22:58:00.9871841Z test describe_configs_negotiates_below_v4_when_broker_caps ... ok
2026-10-03T22:58:00.9895787Z test describe_consumer_groups_follows_group_coordinator ... ok
2026-10-03T22:58:00.9899708Z test describe_delegation_token_follows_broker ... ok
2026-10-03T22:58:00.9908295Z test describe_delegation_token_negotiates_v1_when_broker_caps ... ok
2026-10-03T22:58:00.9914394Z test describe_features_negotiates_v3_when_broker_caps ... ok
2026-10-03T22:58:00.9923296Z test describe_features_prefers_api_versions_v4 ... ok
2026-10-03T22:58:00.9934060Z test describe_groups_batches_find_coordinator ... ok
2026-10-03T22:58:00.9950994Z test describe_groups_negotiates_v0_when_broker_caps ... ok
2026-10-03T22:58:00.9967796Z test describe_groups_negotiates_v2_when_broker_caps ... ok
2026-10-03T22:58:00.9985390Z test describe_groups_negotiates_v4_when_broker_caps ... ok
2026-10-03T22:58:01.0002067Z test describe_groups_negotiates_v5_when_broker_caps ... ok
2026-10-03T22:58:01.0033133Z test describe_log_dirs_follows_broker ... ok
2026-10-03T22:58:01.0044824Z test describe_log_dirs_negotiates_v1_when_broker_caps ... ok
2026-10-03T22:58:01.0056759Z test describe_log_dirs_negotiates_v3_when_broker_caps ... ok
2026-10-03T22:58:01.0067741Z test describe_log_dirs_v5_absence_and_deadline_never_send_directory_rpc ... ok
2026-10-03T22:58:01.0086096Z test delete_topics_follows_controller ... ok
2026-10-03T22:58:01.0112035Z test describe_log_dirs_v5_falls_back_per_broker ... ok
2026-10-03T22:58:01.0124018Z test describe_log_dirs_v5_preserves_java_errors_throttle_and_broker_route ... ok
2026-10-03T22:58:01.0139318Z test describe_log_dirs_v5_rejects_trailing_body_and_preserves_empty_queries ... ok
2026-10-03T22:58:01.0957743Z test describe_groups_follows_group_coordinator ... ok
2026-10-03T22:58:01.0969060Z test describe_quorum_absent_api_and_invalid_deadlines_are_explicit ... ok
2026-10-03T22:58:01.1089658Z test describe_log_dirs_v5_deadline_bounds_stalled_capability_negotiation ... ok
2026-10-03T22:58:01.1139953Z test describe_quorum_malformed_singleton_responses_fail_closed ... ok
2026-10-03T22:58:01.1195777Z test describe_producers_follows_partition_leader ... ok
2026-10-03T22:58:01.2005508Z test describe_quorum_broker_forwarding_survives_controller_movement ... ok
2026-10-03T22:58:01.2036335Z test describe_quorum_versions_preserve_available_state ... ok
2026-10-03T22:58:01.2057505Z test describe_replica_log_dirs_follows_replica_broker ... ok
2026-10-03T22:58:01.2075113Z test describe_share_group_offsets_batches_find_coordinator ... ok
2026-10-03T22:58:01.2178252Z test describe_quorum_partition_controller_error_retries_but_authorization_does_not ... ok
2026-10-03T22:58:01.2197091Z test describe_share_groups_follows_group_coordinator ... ok
2026-10-03T22:58:01.2208738Z test describe_topic_partitions_follows_broker ... ok
2026-10-03T22:58:01.2226230Z test describe_transactions_batches_find_coordinator ... ok
2026-10-03T22:58:01.3119140Z test describe_share_group_offsets_follows_group_coordinator ... ok
2026-10-03T22:58:01.3247192Z test describe_quorum_reconnect_renegotiates_and_deadline_is_total ... ok
2026-10-03T22:58:01.3279813Z test elect_leaders_duplicate_and_unrequested_results_fail_closed ... ok
2026-10-03T22:58:01.3281352Z test describe_transactions_follows_coordinator ... ok
2026-10-03T22:58:01.3298523Z test elect_leaders_missing_partition_result_fails_closed ... ok
2026-10-03T22:58:01.4179311Z test describe_user_scram_credentials_follows_controller ... ok
2026-10-03T22:58:01.4199343Z test elect_leaders_null_and_empty_selections_are_distinct ... ok
2026-10-03T22:58:01.4324574Z test elect_leaders_global_error_preserves_earlier_partition_success ... ok
2026-10-03T22:58:01.4337167Z test elect_leaders_mixed_results_retry_only_not_controller_partitions ... ok
2026-10-03T22:58:01.4368167Z test elect_leaders_unsupported_and_invalid_options_issue_no_election_rpc ... ok
2026-10-03T22:58:01.4415551Z test elect_leaders_versions_and_typed_policy_roundtrip ... ok
2026-10-03T22:58:01.4442618Z test expire_delegation_token_follows_broker ... ok
2026-10-03T22:58:01.4452252Z test expire_delegation_token_negotiates_v1_when_broker_caps ... ok
2026-10-03T22:58:01.4499266Z test fetch_follows_node_endpoints_without_metadata ... ok
2026-10-03T22:58:01.4540721Z test fetch_from_follower_when_rack_matches ... ok
2026-10-03T22:58:01.4557846Z test fetch_offset_out_of_range_jumps_to_log_start ... ok
2026-10-03T22:58:01.5110364Z test fetch_reconnect_honors_backoff ... ok
2026-10-03T22:58:01.5242310Z test elect_leaders_renegotiates_on_controller_movement ... ok
2026-10-03T22:58:01.5645820Z test fetch_reconnects_when_connection_idle ... ok
2026-10-03T22:58:01.5689549Z test fetch_sends_last_fetched_epoch_after_records ... ok
2026-10-03T22:58:01.5724053Z test fetch_sends_split_max_bytes ... ok
2026-10-03T22:58:01.5765965Z test fetch_truncates_on_diverging_epoch ... ok
2026-10-03T22:58:01.5800791Z test fetch_unfenced_does_not_speak_offset_for_leader_epoch ... ok
2026-10-03T22:58:01.5844284Z test fetch_uses_base_offset_plus_record_delta ... ok
2026-10-03T22:58:01.5879972Z test fetch_without_rack_stays_on_leader ... ok
2026-10-03T22:58:01.5934433Z test find_coordinator_negotiates_below_v6_when_broker_caps ... ok
2026-10-03T22:58:01.5954539Z test flush_fails_on_broker_produce_error ... ok
2026-10-03T22:58:01.5971212Z test force_terminate_transaction_inits_on_txn_coordinator ... ok
2026-10-03T22:58:01.5982373Z test get_telemetry_subscriptions_follows_broker ... ok
2026-10-03T22:58:01.6300007Z test fetch_recovers_from_fenced_leader_epoch ... ok
2026-10-03T22:58:01.6343712Z test gzip_produce_fetch ... ok
2026-10-03T22:58:01.6379161Z test elect_leaders_transport_retry_and_deadline_are_bounded ... ok
2026-10-03T22:58:01.6525990Z test group_coord_reconnects_when_connection_idle ... ok
2026-10-03T22:58:01.6581889Z test heartbeat_negotiates_below_v4_when_broker_caps ... ok
2026-10-03T22:58:01.6617473Z test heartbeat_negotiates_v0_when_broker_caps ... ok
2026-10-03T22:58:01.6775432Z test heartbeat_negotiates_v2_when_broker_caps ... ok
2026-10-03T22:58:01.6821096Z test heartbeat_negotiates_v4_when_broker_advertises ... ok
2026-10-03T22:58:01.6824326Z test cooperative_transfer_commits_revoked_without_double_delivery ... ok
2026-10-03T22:58:01.6857887Z test idempotent_epoch_exhaustion_renews_producer_identity ... ok
2026-10-03T22:58:01.7467172Z test idempotent_lost_ack_multi_record_batch_retries_without_duplicate ... ok
2026-10-03T22:58:01.7700458Z test idempotent_lost_ack_single_batch_retry_succeeds_without_duplicate ... ok
2026-10-03T22:58:01.8309196Z test idempotent_lost_ack_ambiguous_expiration_remains_explicit ... ok
2026-10-03T22:58:01.8333992Z test idempotent_produce_gets_pid_and_offset ... ok
2026-10-03T22:58:01.8424017Z test idempotent_unkeyed_multi_conn_stays_in_order ... ok
2026-10-03T22:58:01.8655648Z test idempotent_lost_ack_several_inflight_batches_same_partition ... ok
2026-10-03T22:58:01.8820267Z test idempotent_lost_ack_several_inflight_appended_before_disconnect ... ok
2026-10-03T22:58:01.8874396Z test idempotent_unknown_producer_id_after_lost_ack_still_recovers ... ok
2026-10-03T22:58:01.9078223Z test idempotent_unknown_producer_id_other_partition_progresses ... ok
2026-10-03T22:58:01.9193897Z test idempotent_lost_ack_with_progressing_partition ... ok
2026-10-03T22:58:01.9331536Z test idempotent_unknown_producer_id_retained_batch_resequenced ... ok
2026-10-03T22:58:01.9348904Z test incremental_alter_configs_negotiates_v0_when_broker_caps ... ok
2026-10-03T22:58:01.9374253Z test init_producer_id_rediscovers_after_not_coordinator ... ok
2026-10-03T22:58:01.9513107Z test join_group_negotiates_below_v9_when_broker_caps ... ok
2026-10-03T22:58:01.9543586Z test idempotent_unknown_producer_id_repeated_errors_bump_each_time ... ok
2026-10-03T22:58:01.9571002Z test join_with_assignors_sends_protocols_of_n ... ok
2026-10-03T22:58:01.9693991Z test idempotent_unknown_producer_id_bumps_epoch_and_retries ... ok
2026-10-03T22:58:02.0249145Z test incremental_alter_configs_follows_controller ... ok
2026-10-03T22:58:02.2762690Z test kip848_adopts_changed_member_id ... ok
2026-10-03T22:58:02.4271848Z test kip848_acks_assignment_only_after_apply ... ok
2026-10-03T22:58:02.4328692Z test kip848_join_fetch_leave_without_classic_join ... ok
2026-10-03T22:58:02.4408901Z test kip848_join_resumes_committed_offset ... ok
2026-10-03T22:58:02.4489208Z test kip848_follows_moved_coordinator ... ok
2026-10-03T22:58:02.6501063Z test kip848_decode_failure_surfaces_in_poll ... ok
2026-10-03T22:58:02.7772069Z test kip848_broker_heartbeat_interval_scheduling ... ok
2026-10-03T22:58:02.7801259Z test leave_group_negotiates_v0_when_broker_caps ... ok
2026-10-03T22:58:02.7830033Z test leave_group_negotiates_v3_when_broker_caps ... ok
2026-10-03T22:58:02.7841391Z test list_client_metrics_resources_follows_broker ... ok
2026-10-03T22:58:02.7854132Z test list_config_resources_follows_broker ... ok
2026-10-03T22:58:02.7864078Z test list_config_resources_negotiates_v0_when_broker_caps ... ok
2026-10-03T22:58:02.7882317Z test list_consumer_groups_follows_broker ... ok
2026-10-03T22:58:02.7895327Z test list_groups_follows_broker ... ok
2026-10-03T22:58:02.7905157Z test list_groups_negotiates_v0_when_broker_caps ... ok
2026-10-03T22:58:02.7914654Z test list_groups_negotiates_v3_when_broker_caps ... ok
2026-10-03T22:58:02.7932831Z test list_groups_negotiates_v4_when_broker_caps ... ok
2026-10-03T22:58:02.7974103Z test list_offsets_follows_partition_leader ... ok
2026-10-03T22:58:02.7992172Z test list_offsets_omits_unreliable_leader_epoch_below_metadata_v9 ... ok
2026-10-03T22:58:02.8020527Z test list_offsets_recovers_from_fenced_leader_epoch ... ok
2026-10-03T22:58:02.8074497Z test list_offsets_seek_and_read_committed_isolation ... ok
2026-10-03T22:58:02.8092861Z test list_offsets_sends_current_leader_epoch ... ok
2026-10-03T22:58:02.8118769Z test kip848_rejoins_after_fencing_without_stale_commit ... ok
2026-10-03T22:58:02.8139858Z test list_offsets_v11_older_selected_leader_rejects_pending_but_keeps_fallback ... ok
2026-10-03T22:58:02.8163174Z test list_offsets_v11_pending_upload_typed_api_and_java_error_results ... ok
2026-10-03T22:58:02.8197797Z test list_offsets_v11_trailing_or_missing_results_fail_closed ... ok
2026-10-03T22:58:02.8329780Z test list_offsets_v11_unsupported_old_selectors_and_isolation_never_send_rpc ... ok
2026-10-03T22:58:02.8654344Z test kip848_recovers_after_coordinator_drop ... ok
2026-10-03T22:58:02.9185720Z test kip848_recovers_after_lost_heartbeat_responses ... ok
2026-10-03T22:58:02.9204325Z test list_share_group_offsets_follows_group_coordinator ... ok
2026-10-03T22:58:02.9251263Z test list_transactions_negotiates_v1_duration_filter ... ok
2026-10-03T22:58:02.9325454Z test list_transactions_queries_all_brokers_without_coordinator_lookup ... ok
2026-10-03T22:58:02.9362002Z test lz4_produce_fetch ... ok
2026-10-03T22:58:02.9400891Z test metadata_negotiates_v13_when_advertised ... ok
2026-10-03T22:58:02.9530724Z test offset_commit_negotiates_below_v9_when_broker_caps ... ok
2026-10-03T22:58:02.9626088Z test offset_commit_rediscovers_after_coordinator_load_in_progress ... ok
2026-10-03T22:58:02.9705695Z test offset_commit_rediscovers_after_not_coordinator ... ok
2026-10-03T22:58:02.9718814Z test list_partition_reassignments_follows_controller ... ok
2026-10-03T22:58:02.9815658Z test offset_delete_removes_committed_offset ... ok
2026-10-03T22:58:02.9953781Z test offset_fetch_negotiates_below_v9_when_broker_caps ... ok
2026-10-03T22:58:02.9979557Z test offset_fetch_read_committed_sets_require_stable ... ok
2026-10-03T22:58:03.0179884Z test list_offsets_v11_stalled_capability_lookup_and_invalid_deadlines_are_bounded ... ok
2026-10-03T22:58:03.0364313Z test list_offsets_v11_wire_timeout_uses_remaining_budget_and_keeps_isolation ... ok
2026-10-03T22:58:03.0827669Z test offset_delete_follows_group_coordinator ... ok
2026-10-03T22:58:03.1064126Z test offset_for_leader_epoch_batches_fenced_partitions ... ok
2026-10-03T22:58:03.1104019Z test produce_fetch_follow_metadata_leader ... ok
2026-10-03T22:58:03.1248647Z test offset_for_leader_epoch_follows_partition_leader ... ok
2026-10-03T22:58:03.1420543Z test offset_for_leader_epoch_negotiates_v2_when_broker_caps ... ok
2026-10-03T22:58:03.1453686Z test produce_mixed_version_multi_partition_distinct_leaders ... ok
2026-10-03T22:58:03.1495782Z test produce_mixed_version_two_brokers_both_leader_orders ... ok
2026-10-03T22:58:03.1884496Z test offset_for_leader_epoch_negotiates_v3_when_broker_caps ... ok
2026-10-03T22:58:03.2028378Z test produce_reconnect_honors_backoff ... ok
2026-10-03T22:58:03.2139557Z test produce_follows_node_endpoints_without_metadata ... ok
2026-10-03T22:58:03.2425579Z test produce_reconnects_when_connection_idle ... ok
2026-10-03T22:58:03.2567800Z test produce_refreshes_metadata_after_max_age ... ok
2026-10-03T22:58:03.2964333Z test produce_retry_honors_backoff ... ok
2026-10-03T22:58:03.3180141Z test produce_retries_retriable_then_succeeds ... ok
2026-10-03T22:58:03.3306345Z test produce_mixed_version_leader_movement_and_reconnection ... ok
2026-10-03T22:58:03.3508686Z test produce_throttle_close_timeout_interrupts_long_wait ... ok
2026-10-03T22:58:03.5336781Z test produce_throttle_expiry_consumes_original_delivery_budget ... ok
2026-10-03T22:58:03.6106958Z test produce_throttle_applies_to_second_connection_for_same_broker ... ok
2026-10-03T22:58:03.7046507Z test produce_throttle_flush_cannot_bypass_quota ... ok
2026-10-03T22:58:03.9658085Z test produce_throttle_survives_idle_reconnection_and_version_change ... ok
2026-10-03T22:58:04.0706608Z test produce_v12_skip_does_not_suppress_add_partitions_after_move_to_v7 ... ok
2026-10-03T22:58:04.1593895Z test produce_throttle_reads_inflight_acks_without_unmuting_queued_work ... ok
2026-10-03T22:58:04.1803890Z test produce_v13_retains_older_name_versions_and_metadata_fallback ... ok
2026-10-03T22:58:04.1946831Z test produce_v13_response_identity_uses_sent_snapshot_after_metadata_change ... ok
2026-10-03T22:58:04.2064199Z test produce_v13_transaction_v2_semantics_and_classic_ceiling ... ok
2026-10-03T22:58:04.2104494Z test produce_v13_unsent_uuid_and_missing_metadata_id_fail_clearly ... ok
2026-10-03T22:58:04.2127038Z test produce_v13_uses_metadata_topic_ids_and_preserves_public_names ... ok
2026-10-03T22:58:04.2149199Z test producer_skips_dead_bootstrap ... ok
2026-10-03T22:58:04.2160004Z test push_telemetry_follows_broker ... ok
2026-10-03T22:58:04.2185744Z test remove_raft_voter_broker_errors_are_terminal_and_preserve_messages ... ok
2026-10-03T22:58:04.2889653Z test produce_v13_stale_id_refreshes_without_extending_delivery_budget ... ok
2026-10-03T22:58:04.3215022Z test remove_raft_voter_controller_move_retries_same_identity ... ok
2026-10-03T22:58:04.3229553Z test remove_raft_voter_invalid_input_and_unavailable_versions_send_nothing ... ok
2026-10-03T22:58:04.3230853Z test produce_throttle_does_not_delay_other_broker ... ok
2026-10-03T22:58:04.3246328Z test remove_raft_voter_preserves_identity_cluster_and_success_throttle ... ok
2026-10-03T22:58:04.4268123Z test remove_raft_voter_lost_response_preserves_not_found_as_ambiguous_error ... ok
2026-10-03T22:58:04.4270550Z test remove_raft_voter_total_deadline_bounds_stalled_peer ... ok
2026-10-03T22:58:04.4280820Z test remove_raft_voter_trailing_response_bytes_fail_closed ... ok
2026-10-03T22:58:04.4290979Z test renew_delegation_token_negotiates_v1_when_broker_caps ... ok
2026-10-03T22:58:04.4312160Z test renew_delegation_token_follows_broker ... ok
2026-10-03T22:58:04.4312888Z test sasl_authenticate_negotiates_v0_when_broker_caps ... ok
2026-10-03T22:58:04.4314028Z test sasl_authenticate_negotiates_v1_when_broker_caps ... ok
2026-10-03T22:58:04.4324659Z test sasl_handshake_negotiates_v0_when_broker_caps ... ok
2026-10-03T22:58:04.4408473Z test remove_raft_voter_controller_refresh_shares_outer_deadline ... ok
2026-10-03T22:58:04.4418905Z test sasl_oauthbearer_bad_principal_fails ... ok
2026-10-03T22:58:04.4448159Z test sasl_oauthbearer_then_produce ... ok
2026-10-03T22:58:04.4460756Z test sasl_oidc_bad_secret_fails ... ok
2026-10-03T22:58:04.4556151Z test sasl_classic_group_post_join_heartbeat ... ok
2026-10-03T22:58:04.5095924Z test sasl_oidc_bad_url_fails ... ok
2026-10-03T22:58:04.5285800Z test produce_throttle_version_boundary_and_invalid_values ... ok
2026-10-03T22:58:04.5346357Z test sasl_oidc_then_fetch ... ok
2026-10-03T22:58:04.5383115Z test sasl_oidc_then_produce ... ok
2026-10-03T22:58:04.5414381Z test sasl_plain_then_produce ... ok
2026-10-03T22:58:04.6076400Z test sasl_kip848_post_join_heartbeat ... ok
2026-10-03T22:58:04.6495752Z test sasl_scram_bad_password_fails ... ok
2026-10-03T22:58:04.6855709Z test sasl_oidc_https_then_produce ... ok
2026-10-03T22:58:04.8566439Z test sasl_share_group_post_join_heartbeat ... ok
2026-10-03T22:58:04.8645836Z test share_accept_batches_one_rpc_and_advances_epoch ... ok
2026-10-03T22:58:04.8715972Z test share_acknowledge_negotiates_v0_when_broker_caps ... ok
2026-10-03T22:58:05.0192695Z test sasl_scram_sha256_then_produce ... ok
2026-10-03T22:58:05.0289867Z test share_fetch_accept_then_release ... ok
2026-10-03T22:58:05.1386445Z test share_fetch_follows_partition_leader ... ok
2026-10-03T22:58:05.1422923Z test share_fetch_negotiates_v0_when_broker_caps ... ok
2026-10-03T22:58:05.1455833Z test share_group_describe_batches_find_coordinator ... ok
2026-10-03T22:58:05.1683265Z test sasl_oidc_https_without_trust_fails ... ok
2026-10-03T22:58:05.1704496Z test share_group_describe_negotiates_v0_when_broker_caps ... ok
2026-10-03T22:58:05.2483290Z test share_group_describe_follows_group_coordinator ... ok
2026-10-03T22:58:05.2503032Z test share_group_heartbeat_negotiates_v0_when_broker_caps ... ok
2026-10-03T22:58:05.2526480Z test share_group_join_leave_without_classic_or_kip848 ... ok
2026-10-03T22:58:05.3434280Z test share_group_follows_moved_coordinator ... ok
2026-10-03T22:58:05.3458821Z test share_leave_without_poll_does_not_acknowledge ... ok
2026-10-03T22:58:05.3508731Z test share_reject_does_not_redeliver ... ok
2026-10-03T22:58:05.3635005Z test share_two_members_same_partition ... ok
2026-10-03T22:58:05.3678999Z test snappy_produce_fetch ... ok
2026-10-03T22:58:05.3732899Z test sync_group_negotiates_below_v5_when_broker_caps ... ok
2026-10-03T22:58:05.3758830Z test sync_group_negotiates_v0_when_broker_caps ... ok
2026-10-03T22:58:05.3784304Z test sync_group_negotiates_v2_when_broker_caps ... ok
2026-10-03T22:58:05.6102886Z test share_broker_heartbeat_interval_scheduling ... ok
2026-10-03T22:58:05.6299586Z test tls_classic_group_post_join_heartbeat ... ok
2026-10-03T22:58:05.6578657Z test sasl_scram_sha512_then_produce ... ok
2026-10-03T22:58:05.6795748Z test share_group_recovers_after_coordinator_drop ... ok
2026-10-03T22:58:05.6885953Z test transactional_abort_after_ambiguous_commit_leaves_nothing ... ok
2026-10-03T22:58:05.6935985Z test transactional_abort_reinit_sends_last_pid_epoch ... ok
2026-10-03T22:58:05.6996043Z test transactional_abort_required_blocks_commit_until_abort_classic ... ok
2026-10-03T22:58:05.7045900Z test transactional_abort_required_v2_recovers_without_reinit ... ok
2026-10-03T22:58:05.7095802Z test transactional_add_offsets_errors_classified_classic ... ok
2026-10-03T22:58:05.7117102Z test transactional_commit_after_unknown_pid_still_fails ... ok
2026-10-03T22:58:05.7153057Z test transactional_commit_and_abort_require_open_transaction ... ok
2026-10-03T22:58:05.7258584Z test transactional_commit_visible_abort_hidden ... ok
2026-10-03T22:58:05.7323602Z test transactional_end_txn_commit_loss_retries_to_single_outcome ... ok
2026-10-03T22:58:05.7401318Z test transactional_end_txn_errors_classified ... ok
2026-10-03T22:58:05.7476436Z test transactional_fatal_produce_errors_fence_producer ... ok
2026-10-03T22:58:05.7515908Z test transactional_fenced_produce_is_fatal_classic ... ok
2026-10-03T22:58:05.7537422Z test transactional_fenced_produce_is_fatal_v2 ... ok
2026-10-03T22:58:05.7675794Z test transactional_offsets_and_partitions_one_rpc ... ok
2026-10-03T22:58:05.7733662Z test transactional_producer_finds_txn_coordinator ... ok
2026-10-03T22:58:05.7820222Z test transactional_replacement_producer_fences_first ... ok
2026-10-03T22:58:05.7845712Z test transactional_send_offsets_outside_transaction_rejected ... ok
2026-10-03T22:58:05.7958446Z test transactional_txn_offset_commit_errors_classified ... ok
2026-10-03T22:58:05.8000793Z test try_send_flush_writes_record ... ok
2026-10-03T22:58:05.9022191Z test try_send_follows_moved_leader ... ok
2026-10-03T22:58:05.9833241Z test tls_kip848_post_join_heartbeat ... ok
2026-10-03T22:58:06.0221072Z test tls_share_group_post_join_heartbeat ... ok
2026-10-03T22:58:06.2248969Z test two_members_kip848_partition_all ... ok
2026-10-03T22:58:06.3225631Z test tls_produce_fetch ... ok
2026-10-03T22:58:06.3304650Z test unregister_broker_follows_controller ... ok
2026-10-03T22:58:06.3320444Z test update_features_negotiates_v0_when_broker_caps ... ok
2026-10-03T22:58:06.3335890Z test update_features_negotiates_v1_when_broker_caps ... ok
2026-10-03T22:58:06.3350819Z test update_features_with_sends_validate_only_and_upgrade_type ... ok
2026-10-03T22:58:06.3940086Z test two_members_sticky_partition_all ... ok
2026-10-03T22:58:06.4278165Z test update_features_follows_controller ... ok
2026-10-03T22:58:07.0623673Z test two_members_range_partition_all ... ok
2026-10-03T22:58:07.0624211Z 
2026-10-03T22:58:07.0624768Z test result: ok. 330 passed; 0 failed; 0 ignored; 0 measured; 0 filtered out; finished in 7.13s
2026-10-03T22:58:07.0625632Z 
2026-10-03T22:58:07.0632633Z [1m[92m     Running[0m tests/fuzz_campaign_meta.rs (target/debug/deps/fuzz_campaign_meta-f837762a1ed91d26)
2026-10-03T22:58:07.0643727Z 
2026-10-03T22:58:07.0643897Z running 4 tests
2026-10-03T22:58:07.0648311Z test example_metadata_is_never_execution_evidence ... ok
2026-10-03T22:58:07.0649048Z test committed_campaign_metadata_is_not_smoke ... ok
2026-10-03T22:58:07.0649663Z test smoke_and_zero_campaign_are_rejected ... ok
2026-10-03T22:58:07.0658650Z test seeds_inventory_and_decoders_test ... ok
2026-10-03T22:58:07.0659050Z 
2026-10-03T22:58:07.0659503Z test result: ok. 4 passed; 0 failed; 0 ignored; 0 measured; 0 filtered out; finished in 0.00s
2026-10-03T22:58:07.0660090Z 
2026-10-03T22:58:07.0661034Z [1m[92m     Running[0m tests/fuzz_decode_smoke.rs (target/debug/deps/fuzz_decode_smoke-3882b159ab72efdc)
2026-10-03T22:58:07.0670574Z 
2026-10-03T22:58:07.0670764Z running 8 tests
2026-10-03T22:58:07.0685820Z test compact_string_roundtrip_property ... ok
2026-10-03T22:58:07.0686483Z test decode_record_batches_with_limit_adversarial ... ok
2026-10-03T22:58:07.0687103Z test truncated_varint_is_error_not_panic ... ok
2026-10-03T22:58:07.0687669Z test empty_and_short_buffers_do_not_panic ... ok
2026-10-03T22:58:07.0688182Z test varint_roundtrip_property ... ok
2026-10-03T22:58:07.0688659Z test varlong_roundtrip_property ... ok
2026-10-03T22:58:07.0705788Z test decompression_bombs_adversarial_smoke ... ok
2026-10-03T22:58:07.0813554Z test random_blobs_do_not_panic_hot_decoders ... ok
2026-10-03T22:58:07.0813880Z 
2026-10-03T22:58:07.0814140Z test result: ok. 8 passed; 0 failed; 0 ignored; 0 measured; 0 filtered out; finished in 0.01s
2026-10-03T22:58:07.0814537Z 
2026-10-03T22:58:07.0816476Z [1m[92m     Running[0m tests/kip848_live.rs (target/debug/deps/kip848_live-ba9a5699312d85ee)
2026-10-03T22:58:07.0828070Z 
2026-10-03T22:58:07.0828246Z running 1 test
2026-10-03T22:58:07.0831342Z test kip848_join_against_local_broker ... ignored, needs a live Kafka 4.x broker with ConsumerGroupHeartbeat
2026-10-03T22:58:07.0832059Z 
2026-10-03T22:58:07.0833209Z [1m[92m     Running[0m tests/list_transactions_routing.rs (target/debug/deps/list_transactions_routing-5e1afe5a70647c0d)
2026-10-03T22:58:07.0834411Z test result: ok. 0 passed; 0 failed; 1 ignored; 0 measured; 0 filtered out; finished in 0.00s
2026-10-03T22:58:07.0835398Z 
2026-10-03T22:58:07.0843012Z 
2026-10-03T22:58:07.0843183Z running 17 tests
2026-10-03T22:58:07.0886484Z test all_queries_two_distinct_brokers_and_preserves_conflicting_duplicates ... ok
2026-10-03T22:58:07.1134966Z test cumulative_response_bytes_include_every_broker_not_just_each_frame ... ok
2026-10-03T22:58:07.1281571Z test count_trailing_and_byte_limits_cannot_become_complete_success ... ok
2026-10-03T22:58:07.1310728Z test dropping_public_future_cancels_active_wait_then_all_peer_tasks_join ... ok
2026-10-03T22:58:07.1390005Z test disconnect_refreshes_only_affected_address_with_at_most_three_refreshes ... ok
2026-10-03T22:58:07.1408669Z test duration_on_v0_and_absent_api_fail_complete_but_remain_typed_in_partial ... ok
2026-10-03T22:58:07.1420475Z test excessive_broker_count_fails_before_any_broker_listing ... ok
2026-10-03T22:58:07.1545498Z test load_retry_is_per_broker_and_never_replays_successful_broker ... ok
2026-10-03T22:58:07.1578346Z test mixed_broker_versions_preserve_unfiltered_v0_and_filtered_v1 ... ok
2026-10-03T22:58:07.1609888Z test delayed_metadata_uses_total_budget_and_sends_no_post_deadline_listing ... ok
2026-10-03T22:58:07.1680732Z test cumulative_listing_limit_covers_successful_brokers_together ... ok
2026-10-03T22:58:07.1747902Z test partial_results_preserve_broker_origin_and_complete_results_reject_terminal_errors ... ok
2026-10-03T22:58:07.1901104Z test required_metadata_fields_topics_counts_duplicates_and_trailing_fail_closed ... ok
2026-10-03T22:58:07.1913752Z test zero_deadline_and_invalid_filters_do_not_send_discovery_or_listings ... ok
2026-10-03T22:58:07.2081636Z test persistent_loading_has_at_most_eight_actual_attempts ... ok
2026-10-03T22:58:07.2132033Z test listing_rounds_cannot_reset_budget_or_send_to_next_broker_after_expiry ... ok
2026-10-03T22:58:07.2396003Z test partial_deadline_keeps_success_and_times_out_stalled_broker ... ok
2026-10-03T22:58:07.2396560Z 
2026-10-03T22:58:07.2397021Z test result: ok. 17 passed; 0 failed; 0 ignored; 0 measured; 0 filtered out; finished in 0.16s
2026-10-03T22:58:07.2397666Z 
2026-10-03T22:58:07.2418544Z [1m[92m     Running[0m tests/mock_produce.rs (target/debug/deps/mock_produce-54e83af3a615ab4c)
2026-10-03T22:58:07.2432724Z 
2026-10-03T22:58:07.2432907Z running 7 tests
2026-10-03T22:58:07.3505925Z test oversized_single_record_still_sends ... ok
2026-10-03T22:58:07.3529697Z test keyed_empty_value_batches_respect_bound ... ok
2026-10-03T22:58:07.3530137Z test produce_one_record_against_mock ... ok
2026-10-03T22:58:07.3530487Z test header_heavy_batches_respect_batch_bytes ... ok
2026-10-03T22:58:07.3530859Z test header_heavy_batches_respect_max_request_size ... ok
2026-10-03T22:58:07.3572343Z test tracker_cache_mixed_topic_metrics_snapshot ... ok
2026-10-03T22:58:07.4558687Z test retry_refreshes_metadata_once_per_batch ... ok
2026-10-03T22:58:07.4559146Z 
2026-10-03T22:58:07.4559635Z test result: ok. 7 passed; 0 failed; 0 ignored; 0 measured; 0 filtered out; finished in 0.21s
2026-10-03T22:58:07.4560278Z 
2026-10-03T22:58:07.4565220Z [1m[92m     Running[0m tests/network_deadlines.rs (target/debug/deps/network_deadlines-e1044d2a0200d067)
2026-10-03T22:58:07.4578401Z 
2026-10-03T22:58:07.4578578Z running 8 tests
2026-10-03T22:58:07.4589303Z test early_response_during_write_preserves_framing_and_correlation ... ok
2026-10-03T22:58:07.4590064Z test correlation_mismatch_marks_connection_closed_and_not_reusable ... ok
2026-10-03T22:58:07.4598174Z test healthy_connection_allows_sequential_roundtrips ... ok
2026-10-03T22:58:07.4900042Z test cancellation_mid_flight_marks_connection_closed_and_not_reusable ... ok
2026-10-03T22:58:07.5608856Z test explicit_deadline_contract_bounds_roundtrip ... ok
2026-10-03T22:58:07.5814151Z test combined_delay_cannot_consume_2x_budget ... ok
2026-10-03T22:58:07.5919041Z test timeout_does_not_leave_reusable_desynchronized_connection ... ok
2026-10-03T22:58:07.6117728Z test partial_read_marks_connection_closed_and_not_reusable ... ok
2026-10-03T22:58:07.6118355Z 
2026-10-03T22:58:07.6118937Z test result: ok. 8 passed; 0 failed; 0 ignored; 0 measured; 0 filtered out; finished in 0.15s
2026-10-03T22:58:07.6119907Z 
2026-10-03T22:58:07.6121526Z [1m[92m     Running[0m tests/produce_cancel.rs (target/debug/deps/produce_cancel-3061a314717dd767)
2026-10-03T22:58:07.6136136Z 
2026-10-03T22:58:07.6136309Z running 15 tests
2026-10-03T22:58:07.6243330Z test concurrent_sends_during_close_do_not_hang_and_observe_closed ... ok
2026-10-03T22:58:07.7182686Z test delivery_deadline_enforces_queueing_wait_under_long_linger ... ok
2026-10-03T22:58:07.7306977Z test dropping_send_future_while_buffered_is_ambiguous_but_still_delivers ... ok
2026-10-03T22:58:07.7316078Z test durable_closed_flag_across_clones ... ok
2026-10-03T22:58:07.7397556Z test last_handle_drop_releases_permits_and_aborts_tasks ... ok
2026-10-03T22:58:07.7682522Z test delivery_deadline_bounds_metadata_refresh_during_retry ... ok
2026-10-03T22:58:07.7685740Z test delivery_deadline_enforces_acknowledgment_wait_bounded_by_remaining ... ok
2026-10-03T22:58:07.7770703Z test delivery_deadline_shared_across_retries_and_consumes_remaining_time ... ok
2026-10-03T22:58:07.7779707Z test send_after_close_returns_closed ... ok
2026-10-03T22:58:07.7800264Z test send_completes_with_record_metadata ... ok
2026-10-03T22:58:07.7820407Z test send_fails_when_broker_returns_produce_error ... ok
2026-10-03T22:58:07.8136999Z test retry_succeeds_when_broker_recovers_within_delivery_deadline ... ok
2026-10-03T22:58:07.8220338Z test max_block_and_request_timeout_keep_distinct_documented_meanings ... ok
2026-10-03T22:58:07.8766723Z test retry_queue_shutdown_boundedly_completes_and_releases_permits ... ok
2026-10-03T22:58:07.8915404Z test stalled_broker_close_timeout_terminates_boundedly_and_completes_inflight ... ok
2026-10-03T22:58:07.8916339Z 
2026-10-03T22:58:07.8916709Z test result: ok. 15 passed; 0 failed; 0 ignored; 0 measured; 0 filtered out; finished in 0.28s
2026-10-03T22:58:07.8917241Z 
2026-10-03T22:58:07.8921212Z [1m[92m     Running[0m tests/protocol_oracles.rs (target/debug/deps/protocol_oracles-4571fcb0030ba1de)
2026-10-03T22:58:07.8935344Z 
2026-10-03T22:58:07.8935494Z running 40 tests
2026-10-03T22:58:07.8955962Z test add_raft_voter_nullable_fields_match_apache ... ok
2026-10-03T22:58:07.8965970Z test apache_list_offsets_boundary_fixtures_decode_offline ... ok
2026-10-03T22:58:07.8966965Z test add_raft_voter_apache_v0_fixtures ... ok
2026-10-03T22:58:07.8967859Z test apache_metadata_boundary_fixtures_decode_offline ... ok
2026-10-03T22:58:07.8968731Z test apache_produce_v9_smoke_fixture_decodes ... ok
2026-10-03T22:58:07.8969583Z test apache_produce_boundary_fixtures_decode_offline ... ok
2026-10-03T22:58:07.8970476Z test apache_fetch_boundary_fixtures_decode_offline ... ok
2026-10-03T22:58:07.8971505Z test current_group_nullable_struct_marker_matches_apache_signed_byte_semantics ... ok
2026-10-03T22:58:07.8972629Z test describe_log_dirs_v5_independent_java_fixtures ... ok
2026-10-03T22:58:07.8973510Z test fetch_short_tail_and_malformed_records_oracles ... ok
2026-10-03T22:58:07.8974488Z test current_group_nullable_assignment_independent_apache_fixtures ... ok
2026-10-03T22:58:07.8975775Z test describe_log_dirs_v5_truncation_and_version_bounds_fail_closed ... ok
2026-10-03T22:58:07.8976315Z test fetch_v18_rust_bodies_match_apache_and_can_be_parsed_independently ... ok
2026-10-03T22:58:07.8976789Z test fetch_version_gate_and_field_order_mutations_fail ... ok
2026-10-03T22:58:07.8977227Z test fetch_v18_known_tag_mutations_and_sidecar_shapes_fail_closed ... ok
2026-10-03T22:58:07.8977662Z test list_offsets_v11_independent_apache_fixtures ... ok
2026-10-03T22:58:07.8978072Z test list_offsets_version_gate_and_field_order_mutations_fail ... ok
2026-10-03T22:58:07.8978666Z test live_broker_decoded_semantics ... ignored, live broker; scripts/ci-protocol-oracles.sh REQUIRE_BROKER=1
2026-10-03T22:58:07.8979540Z test fetch_v18_apache_high_watermarks_and_lower_version_fallbacks ... ok
2026-10-03T22:58:07.8980029Z test metadata_version_gate_and_field_order_mutations_fail ... ok
2026-10-03T22:58:07.8989987Z test produce_v13_pinned_topic_id_fixtures_and_legacy_fallback ... ok
2026-10-03T22:58:07.8990979Z test list_offsets_v11_truncation_and_future_versions_fail_closed ... ok
2026-10-03T22:58:07.8992638Z test produce_v13_rust_output_decodes_with_current_apache_when_requested ... ok
2026-10-03T22:58:07.8993621Z test produce_version_gate_and_field_order_mutations_fail ... ok
2026-10-03T22:58:07.8994435Z test remove_raft_voter_nullable_fields_match_apache ... ok
2026-10-03T22:58:07.8995377Z test advertised_matrix_semantic_oracles ... ok
2026-10-03T22:58:07.8996067Z test remove_raft_voter_apache_v0_fixtures ... ok
2026-10-03T22:58:07.8996824Z test produce_v13_rejects_missing_ambiguous_and_truncated_identities ... ok
2026-10-03T22:58:08.0215502Z test rust_fetch_output_decodes_with_apache_when_java_available ... ok
2026-10-03T22:58:08.0218564Z test share_acknowledge_v0_v1_fixtures_decode_offline ... ok
2026-10-03T22:58:08.0221724Z test share_fetch_null_records_and_error_paths_decode_offline ... ok
2026-10-03T22:58:08.0224010Z test share_fetch_v0_delta_fixture_decodes_offline ... ok
2026-10-03T22:58:08.0226324Z test share_fetch_v1_delta_fixture_decodes_offline ... ok
2026-10-03T22:58:08.0228375Z test share_v2_apache_request_bytes_and_older_renew_rejection ... ok
2026-10-03T22:58:08.0230934Z test share_v2_apache_response_bytes_lock_timeout_partial_errors_and_acquisition ... ok
2026-10-03T22:58:08.0232606Z test share_v2_apache_schema_pin ... ok
2026-10-03T22:58:08.0244371Z test share_v2_apache_truncation_and_unknown_version_fail_closed ... ok
2026-10-03T22:58:08.0250782Z test rust_list_offsets_output_decodes_with_apache_when_java_available ... ok
2026-10-03T22:58:08.0252090Z test rust_metadata_output_decodes_with_apache_when_java_available ... ok
2026-10-03T22:58:08.0270913Z test rust_produce_output_decodes_with_apache_when_java_available ... ok
2026-10-03T22:58:08.0271459Z 
2026-10-03T22:58:08.0271855Z test result: ok. 39 passed; 0 failed; 1 ignored; 0 measured; 0 filtered out; finished in 0.13s
2026-10-03T22:58:08.0272220Z 
2026-10-03T22:58:08.0275892Z [1m[92m     Running[0m tests/roundtrip.rs (target/debug/deps/roundtrip-1c508589b0047179)
2026-10-03T22:58:08.0291057Z 
2026-10-03T22:58:08.0291352Z running 1 test
2026-10-03T22:58:08.0344830Z test produce_then_fetch_same_payload ... ok
2026-10-03T22:58:08.0345496Z 
2026-10-03T22:58:08.0345928Z test result: ok. 1 passed; 0 failed; 0 ignored; 0 measured; 0 filtered out; finished in 0.01s
2026-10-03T22:58:08.0346528Z 
2026-10-03T22:58:08.0349400Z [1m[92m     Running[0m tests/share_offsets_v1.rs (target/debug/deps/share_offsets_v1-9420c80b7dead665)
2026-10-03T22:58:08.0361896Z 
2026-10-03T22:58:08.0362128Z running 10 tests
2026-10-03T22:58:08.0394572Z test lag_signed_extremes_follow_official_negative_is_absent_interpretation ... ok
2026-10-03T22:58:08.0405644Z test duplicate_request_groups_and_reordered_results_preserve_request_order ... ok
2026-10-03T22:58:08.0406666Z test canceled_share_request_leaves_unrelated_operation_usable ... ok
2026-10-03T22:58:08.0424940Z test pinned_schema_reference_frame_keeps_lag_before_partition_error ... ok
2026-10-03T22:58:08.0426426Z test nullable_empty_named_requests_and_schema_counts_are_bounded ... ok
2026-10-03T22:58:08.0473544Z test missing_group_truncated_and_trailing_responses_fail_without_fabricated_lag ... ok
2026-10-03T22:58:08.0504800Z test typed_and_existing_operations_negotiate_and_consume_lag ... ok
2026-10-03T22:58:08.0506036Z test unsupported_share_offsets_fail_before_coordinator_or_metadata_work ... ok
2026-10-03T22:58:08.0556147Z test group_hop_errors_refresh_coordinator_while_partition_errors_remain_results ... ok
2026-10-03T22:58:08.1642420Z test share_retry_and_stalled_rpc_use_one_absolute_deadline ... ok
2026-10-03T22:58:08.1642968Z 
2026-10-03T22:58:08.1643374Z test result: ok. 10 passed; 0 failed; 0 ignored; 0 measured; 0 filtered out; finished in 0.13s
2026-10-03T22:58:08.1644165Z 
2026-10-03T22:58:08.1648524Z [1m[92m     Running[0m tests/share_semantics.rs (target/debug/deps/share_semantics-bd2b9237f6af8670)
2026-10-03T22:58:08.1663126Z 
2026-10-03T22:58:08.1663428Z running 20 tests
2026-10-03T22:58:08.1725975Z test decoded_budget_and_overlapping_acquisitions_fail_before_delivery ... ok
2026-10-03T22:58:08.1758928Z test acknowledge_session_error_clears_old_acquisition_without_replaying_accept ... ok
2026-10-03T22:58:08.1773704Z test acknowledge_top_level_retry_advances_epoch_without_duplicate_accept ... ok
2026-10-03T22:58:08.1829930Z test fetch_top_level_error_advances_epoch_and_preserves_prior_acquisition ... ok
2026-10-03T22:58:08.1835778Z test each_partition_leader_negotiates_its_own_share_version_and_v2_gate ... ok
2026-10-03T22:58:08.1866081Z test java_v2_batch_emits_only_acquired_offsets_and_buffers_poll_limit ... ok
2026-10-03T22:58:08.1867580Z test live_current_v2_share_delivery_renew_release_expiry_accept ... ignored, requires an explicitly selected fresh digest-pinned Apache Kafka 4.3.1 Docker cell
2026-10-03T22:58:08.1938451Z test older_bootstrap_does_not_cap_current_partition_leader_fields ... ok
2026-10-03T22:58:08.1955483Z test leader_change_ack_is_terminal_and_record_is_reacquired_on_new_leader ... ok
2026-10-03T22:58:08.2072921Z test partial_retriable_ack_retries_only_failed_partition ... ok
2026-10-03T22:58:08.2118536Z test outstanding_acquisitions_consume_budget_across_successive_polls ... ok
2026-10-03T22:58:08.2139362Z test partial_terminal_ack_preserves_success_and_unacknowledged_same_partition_record ... ok
2026-10-03T22:58:08.2202868Z test delayed_share_replies_after_outer_timeout_cannot_satisfy_new_requests ... ok
2026-10-03T22:58:08.3025780Z test share_join_repeated_coordinator_failure_obeys_original_deadline_and_backoff ... ok
2026-10-03T22:58:08.3192827Z test share_join_retries_only_typed_coordinator_startup_errors ... ok
2026-10-03T22:58:08.3303524Z test share_lock_expiry_reacquisition_stale_ack_release_reject_and_group_isolation ... ok
2026-10-03T22:58:08.3446199Z test coordinator_move_preserves_delivery_and_partition_leader_session ... ok
2026-10-03T22:58:08.3584546Z test session_reset_restarts_initial_epoch_and_repeated_failure_is_bounded ... ok
2026-10-03T22:58:08.4431326Z test renew_v2_extends_only_selected_record_and_preserves_delivery_count ... ok
2026-10-03T22:58:08.5057310Z test unsubscribe_releases_lock_and_resubscribe_restarts_delivery_heartbeats ... ok
2026-10-03T22:58:08.5058095Z 
2026-10-03T22:58:08.5058507Z test result: ok. 19 passed; 0 failed; 1 ignored; 0 measured; 0 filtered out; finished in 0.34s
2026-10-03T22:58:08.5059015Z 
2026-10-03T22:58:08.5063773Z [1m[92m     Running[0m tests/sticky_partitioner.rs (target/debug/deps/sticky_partitioner-c331b6e5b00cd065)
2026-10-03T22:58:08.5079363Z 
2026-10-03T22:58:08.5079631Z running 28 tests
2026-10-03T22:58:08.5142640Z test broker_terminal_error_and_acks_zero_both_retire_rows ... ok
2026-10-03T22:58:08.5166186Z test cancellation_before_buffer_admission_does_not_charge_or_leak ... FAILED
2026-10-03T22:58:08.5216546Z test cancellation_before_enqueue_releases_the_reserved_record_slot_without_policy_charge ... FAILED
2026-10-03T22:58:08.5372046Z test asynchronous_mixed_admissions_across_connection_slots_complete_and_release_ledger ... ok
2026-10-03T22:58:08.5448031Z test cancellation_while_waiting_record_capacity_creates_no_reservation_or_admission ... ok
2026-10-03T22:58:08.5476984Z test existing_sticky_selection_survives_leader_loss_without_consuming_draws ... ok
2026-10-03T22:58:08.5494283Z test cancelled_accepted_null_send_retains_slot_until_terminal_delivery ... ok
2026-10-03T22:58:08.5566058Z test failed_buffer_admission_does_not_charge_or_consume_route ... FAILED
2026-10-03T22:58:08.5579027Z test failed_leader_routing_does_not_create_history_or_advance_accounting ... ok
2026-10-03T22:58:08.5619143Z test independent_producers_from_one_config_have_independent_histories ... ok
2026-10-03T22:58:08.5657962Z test cancelled_queued_send_still_delivers_and_retires_its_cohort ... ok
2026-10-03T22:58:08.5726502Z test leader_movement_retries_original_partition_and_complete_cohort ... ok
2026-10-03T22:58:08.5876738Z test new_uniform_draws_exclude_unavailable_partitions ... ok
2026-10-03T22:58:08.5899229Z test absolute_max_block_with_unavailable_leaders_is_bounded_and_uncharged ... ok
2026-10-03T22:58:08.5955954Z test pressure_singletons_are_not_merged_and_ledger_is_bounded ... ok
2026-10-03T22:58:08.5960063Z test mixed_keyed_and_explicit_records_share_real_tail_without_unkeyed_charge ... ok
2026-10-03T22:58:08.5970561Z test retained_topic_text_and_idle_eviction_stay_within_hard_caps ... FAILED
2026-10-03T22:58:08.6059622Z test retries_preserve_cohort_membership_and_never_charge_twice ... ok
2026-10-03T22:58:08.6385947Z test expiry_and_close_clear_state_without_late_history_recreation ... ok
2026-10-03T22:58:08.6466145Z test sticky_burst_is_one_real_batch_and_partial_flush_preserves_partition ... ok
2026-10-03T22:58:08.6611061Z test terminal_errors_retire_all_cohort_rows_and_payload_reservations ... ok
2026-10-03T22:58:08.6690534Z test terminal_failure_and_failed_routing_release_record_slots_exactly_once ... ok
2026-10-03T22:58:08.6775678Z test transaction_partition_failure_retires_cohort_and_allows_abort ... FAILED
2026-10-03T22:58:08.6848353Z test two_record_cap_bounds_null_and_empty_payloads_even_with_unlimited_byte_budget ... FAILED
2026-10-03T22:58:08.6926513Z test zero_caps_use_stateless_singletons_without_new_admission_errors ... ok
2026-10-03T22:58:08.7156061Z test sequenced_retry_expiry_cancels_remaining_cohort_without_resending_short_batch ... ok
2026-10-03T22:58:08.7580393Z test retry_backoff_retains_record_slots_without_double_acquisition_or_charge ... ok
2026-10-03T22:58:09.0994177Z test produce_v13_uses_admitted_uuid_after_metadata_recreation ... ok
2026-10-03T22:58:09.0994768Z 
2026-10-03T22:58:09.0994872Z failures:
2026-10-03T22:58:09.0995227Z 
2026-10-03T22:58:09.0995616Z ---- cancellation_before_buffer_admission_does_not_charge_or_leak stdout ----
2026-10-03T22:58:09.0996016Z 
2026-10-03T22:58:09.0996522Z thread 'cancellation_before_buffer_admission_does_not_charge_or_leak' (7052) panicked at tests/sticky_partitioner.rs:446:14:
2026-10-03T22:58:09.0997506Z called `Result::unwrap()` on an `Err` value: RecordTooLarge { size: 166, max: 160, config: "buffer.memory" }
2026-10-03T22:58:09.0998224Z note: run with `RUST_BACKTRACE=1` environment variable to display a backtrace
2026-10-03T22:58:09.0998590Z 
2026-10-03T22:58:09.0998940Z ---- cancellation_before_enqueue_releases_the_reserved_record_slot_without_policy_charge stdout ----
2026-10-03T22:58:09.0999705Z 
2026-10-03T22:58:09.1000279Z thread 'cancellation_before_enqueue_releases_the_reserved_record_slot_without_policy_charge' (7053) panicked at tests/sticky_partitioner.rs:899:14:
2026-10-03T22:58:09.1001129Z called `Result::unwrap()` on an `Err` value: RecordTooLarge { size: 166, max: 160, config: "buffer.memory" }
2026-10-03T22:58:09.1001525Z 
2026-10-03T22:58:09.1001743Z ---- failed_buffer_admission_does_not_charge_or_consume_route stdout ----
2026-10-03T22:58:09.1002046Z 
2026-10-03T22:58:09.1002401Z thread 'failed_buffer_admission_does_not_charge_or_consume_route' (7059) panicked at tests/sticky_partitioner.rs:154:10:
2026-10-03T22:58:09.1003133Z called `Result::unwrap()` on an `Err` value: RecordTooLarge { size: 166, max: 160, config: "buffer.memory" }
2026-10-03T22:58:09.1003519Z 
2026-10-03T22:58:09.1003723Z ---- retained_topic_text_and_idle_eviction_stay_within_hard_caps stdout ----
2026-10-03T22:58:09.1004022Z 
2026-10-03T22:58:09.1004376Z thread 'retained_topic_text_and_idle_eviction_stay_within_hard_caps' (7067) panicked at tests/sticky_partitioner.rs:536:14:
2026-10-03T22:58:09.1005220Z called `Result::unwrap()` on an `Err` value: UnknownTopic("a")
2026-10-03T22:58:09.1005524Z 
2026-10-03T22:58:09.1005745Z ---- transaction_partition_failure_retires_cohort_and_allows_abort stdout ----
2026-10-03T22:58:09.1006060Z 
2026-10-03T22:58:09.1006834Z thread 'transaction_partition_failure_retires_cohort_and_allows_abort' (7074) panicked at tests/sticky_partitioner.rs:559:27:
2026-10-03T22:58:09.1007915Z called `Result::unwrap()` on an `Err` value: Protocol("produce outside a transaction")
2026-10-03T22:58:09.1008663Z 
2026-10-03T22:58:09.1009093Z ---- two_record_cap_bounds_null_and_empty_payloads_even_with_unlimited_byte_budget stdout ----
2026-10-03T22:58:09.1009710Z 
2026-10-03T22:58:09.1010398Z thread 'two_record_cap_bounds_null_and_empty_payloads_even_with_unlimited_byte_budget' (7075) panicked at tests/sticky_partitioner.rs:853:5:
2026-10-03T22:58:09.1011433Z assertion `left == right` failed
2026-10-03T22:58:09.1011917Z   left: 18446744073709551604
2026-10-03T22:58:09.1012302Z  right: 0
2026-10-03T22:58:09.1012480Z 
2026-10-03T22:58:09.1012486Z 
2026-10-03T22:58:09.1012627Z failures:
2026-10-03T22:58:09.1013087Z     cancellation_before_buffer_admission_does_not_charge_or_leak
2026-10-03T22:58:09.1013956Z     cancellation_before_enqueue_releases_the_reserved_record_slot_without_policy_charge
2026-10-03T22:58:09.1014818Z     failed_buffer_admission_does_not_charge_or_consume_route
2026-10-03T22:58:09.1015646Z     retained_topic_text_and_idle_eviction_stay_within_hard_caps
2026-10-03T22:58:09.1016072Z     transaction_partition_failure_retires_cohort_and_allows_abort
2026-10-03T22:58:09.1016536Z     two_record_cap_bounds_null_and_empty_payloads_even_with_unlimited_byte_budget
2026-10-03T22:58:09.1016847Z 
2026-10-03T22:58:09.1017108Z test result: FAILED. 22 passed; 6 failed; 0 ignored; 0 measured; 0 filtered out; finished in 0.59s
2026-10-03T22:58:09.1017463Z 
2026-10-03T22:58:09.1017947Z [1m[91merror[0m: test failed, to rerun pass `--test sticky_partitioner`
2026-10-03T22:58:09.1032825Z ##[error]Process completed with exit code 101.
2026-10-03T22:58:09.1166481Z Post job cleanup.
2026-10-03T22:58:09.1981536Z [command]/usr/bin/git version
2026-10-03T22:58:09.2023215Z git version 2.55.0
2026-10-03T22:58:09.2068782Z Temporarily overriding HOME='/home/runner/work/_temp/224bb514-dc20-4fd3-b856-dbeb494c4ffa' before making global git config changes
2026-10-03T22:58:09.2070158Z Adding repository directory to the temporary git global config as a safe directory
2026-10-03T22:58:09.2074463Z [command]/usr/bin/git config --global --add safe.directory /home/runner/work/partitionline/partitionline
2026-10-03T22:58:09.2106076Z Removing SSH command configuration
2026-10-03T22:58:09.2112412Z [command]/usr/bin/git config --local --name-only --get-regexp core\.sshCommand
2026-10-03T22:58:09.2147213Z [command]/usr/bin/git submodule foreach --recursive sh -c "git config --local --name-only --get-regexp 'core\.sshCommand' && git config --local --unset-all 'core.sshCommand' || :"
2026-10-03T22:58:09.2474684Z Removing HTTP extra header
2026-10-03T22:58:09.2477918Z [command]/usr/bin/git config --local --name-only --get-regexp http\.https\:\/\/github\.com\/\.extraheader
2026-10-03T22:58:09.2520283Z [command]/usr/bin/git submodule foreach --recursive sh -c "git config --local --name-only --get-regexp 'http\.https\:\/\/github\.com\/\.extraheader' && git config --local --unset-all 'http.https://github.com/.extraheader' || :"
2026-10-03T22:58:09.2846790Z Removing includeIf entries pointing to credentials config files
2026-10-03T22:58:09.2855659Z [command]/usr/bin/git config --local --name-only --get-regexp ^includeIf\.gitdir:
2026-10-03T22:58:09.2889575Z includeif.gitdir:/home/runner/work/partitionline/partitionline/.git.path
2026-10-03T22:58:09.2896722Z includeif.gitdir:/home/runner/work/partitionline/partitionline/.git/worktrees/*.path
2026-10-03T22:58:09.2897557Z includeif.gitdir:/github/workspace/.git.path
2026-10-03T22:58:09.2898173Z includeif.gitdir:/github/workspace/.git/worktrees/*.path
2026-10-03T22:58:09.2906624Z [command]/usr/bin/git config --local --get-all includeif.gitdir:/home/runner/work/partitionline/partitionline/.git.path
2026-10-03T22:58:09.2932337Z /home/runner/work/_temp/git-credentials-125fdfa7-2300-4554-a135-5486e3f62131.config
2026-10-03T22:58:09.2947101Z [command]/usr/bin/git config --local --unset includeif.gitdir:/home/runner/work/partitionline/partitionline/.git.path \/home\/runner\/work\/_temp\/git\-credentials\-125fdfa7\-2300\-4554\-a135\-5486e3f62131\.config
2026-10-03T22:58:09.2989871Z [command]/usr/bin/git config --local --get-all includeif.gitdir:/home/runner/work/partitionline/partitionline/.git/worktrees/*.path
2026-10-03T22:58:09.3017407Z /home/runner/work/_temp/git-credentials-125fdfa7-2300-4554-a135-5486e3f62131.config
2026-10-03T22:58:09.3026041Z [command]/usr/bin/git config --local --unset includeif.gitdir:/home/runner/work/partitionline/partitionline/.git/worktrees/*.path \/home\/runner\/work\/_temp\/git\-credentials\-125fdfa7\-2300\-4554\-a135\-5486e3f62131\.config
2026-10-03T22:58:09.3075586Z [command]/usr/bin/git config --local --get-all includeif.gitdir:/github/workspace/.git.path
2026-10-03T22:58:09.3102773Z /github/runner_temp/git-credentials-125fdfa7-2300-4554-a135-5486e3f62131.config
2026-10-03T22:58:09.3109981Z [command]/usr/bin/git config --local --unset includeif.gitdir:/github/workspace/.git.path \/github\/runner_temp\/git\-credentials\-125fdfa7\-2300\-4554\-a135\-5486e3f62131\.config
2026-10-03T22:58:09.3147180Z [command]/usr/bin/git config --local --get-all includeif.gitdir:/github/workspace/.git/worktrees/*.path
2026-10-03T22:58:09.3173672Z /github/runner_temp/git-credentials-125fdfa7-2300-4554-a135-5486e3f62131.config
2026-10-03T22:58:09.3181874Z [command]/usr/bin/git config --local --unset includeif.gitdir:/github/workspace/.git/worktrees/*.path \/github\/runner_temp\/git\-credentials\-125fdfa7\-2300\-4554\-a135\-5486e3f62131\.config
2026-10-03T22:58:09.3220761Z [command]/usr/bin/git submodule foreach --recursive git config --local --show-origin --name-only --get-regexp remote.origin.url
2026-10-03T22:58:09.3526259Z Removing credentials config '/home/runner/work/_temp/git-credentials-125fdfa7-2300-4554-a135-5486e3f62131.config'
2026-10-03T22:58:09.3716502Z Cleaning up orphan processes
