[2026-10-02 20:47:03,650] INFO Registered kafka:type=kafka.Log4jController MBean (kafka.utils.Log4jControllerRegistration$)
[2026-10-02 20:47:03,815] INFO Setting -D jdk.tls.rejectClientInitiatedRenegotiation=true to disable client-initiated TLS renegotiation (org.apache.zookeeper.common.X509Util)
[2026-10-02 20:47:03,923] INFO Registered signal handlers for TERM, INT, HUP (org.apache.kafka.common.utils.LoggingSignalHandler)
[2026-10-02 20:47:03,925] INFO [ControllerServer id=1] Starting controller (kafka.server.ControllerServer)
[2026-10-02 20:47:04,235] INFO Updated connection-accept-rate max connection creation rate to 2147483647 (kafka.network.ConnectionQuotas)
[2026-10-02 20:47:04,260] INFO [SocketServer listenerType=CONTROLLER, nodeId=1] Created data-plane acceptor and processors for endpoint : ListenerName(CONTROLLER) (kafka.network.SocketServer)
[2026-10-02 20:47:04,267] INFO authorizerStart completed for endpoint CONTROLLER. Endpoint is now READY. (org.apache.kafka.server.network.EndpointReadyFutures)
[2026-10-02 20:47:04,268] INFO [SharedServer id=1] Starting SharedServer (kafka.server.SharedServer)
[2026-10-02 20:47:04,309] INFO [LogLoader partition=__cluster_metadata-0, dir=/workspace/work/c-peer/kafka-logs] Recovering unflushed segment 0. 0/1 recovered for __cluster_metadata-0. (kafka.log.LogLoader)
[2026-10-02 20:47:04,311] INFO [LogLoader partition=__cluster_metadata-0, dir=/workspace/work/c-peer/kafka-logs] Loading producer state till offset 0 with message format version 2 (kafka.log.UnifiedLog$)
[2026-10-02 20:47:04,311] INFO [LogLoader partition=__cluster_metadata-0, dir=/workspace/work/c-peer/kafka-logs] Reloading from producer snapshot and rebuilding producer state from offset 0 (kafka.log.UnifiedLog$)
[2026-10-02 20:47:04,311] INFO Deleted producer state snapshot /workspace/work/c-peer/kafka-logs/__cluster_metadata-0/00000000000000000134.snapshot (org.apache.kafka.storage.internals.log.SnapshotFile)
[2026-10-02 20:47:04,312] INFO Deleted producer state snapshot /workspace/work/c-peer/kafka-logs/__cluster_metadata-0/00000000000000001763.snapshot (org.apache.kafka.storage.internals.log.SnapshotFile)
[2026-10-02 20:47:04,312] INFO [LogLoader partition=__cluster_metadata-0, dir=/workspace/work/c-peer/kafka-logs] Producer state recovery took 1ms for snapshot load and 0ms for segment recovery from offset 0 (kafka.log.UnifiedLog$)
[2026-10-02 20:47:04,352] INFO [ProducerStateManager partition=__cluster_metadata-0] Wrote producer snapshot at offset 1763 with 0 producer ids in 2 ms. (org.apache.kafka.storage.internals.log.ProducerStateManager)
[2026-10-02 20:47:04,361] INFO [LogLoader partition=__cluster_metadata-0, dir=/workspace/work/c-peer/kafka-logs] Loading producer state till offset 1763 with message format version 2 (kafka.log.UnifiedLog$)
[2026-10-02 20:47:04,361] INFO [LogLoader partition=__cluster_metadata-0, dir=/workspace/work/c-peer/kafka-logs] Reloading from producer snapshot and rebuilding producer state from offset 1763 (kafka.log.UnifiedLog$)
[2026-10-02 20:47:04,362] INFO [ProducerStateManager partition=__cluster_metadata-0] Loading producer state from snapshot file 'SnapshotFile(offset=1763, file=/workspace/work/c-peer/kafka-logs/__cluster_metadata-0/00000000000000001763.snapshot)' (org.apache.kafka.storage.internals.log.ProducerStateManager)
[2026-10-02 20:47:04,363] INFO [LogLoader partition=__cluster_metadata-0, dir=/workspace/work/c-peer/kafka-logs] Producer state recovery took 2ms for snapshot load and 0ms for segment recovery from offset 1763 (kafka.log.UnifiedLog$)
[2026-10-02 20:47:04,387] INFO Initialized snapshots with IDs SortedSet() from /workspace/work/c-peer/kafka-logs/__cluster_metadata-0 (kafka.raft.KafkaMetadataLog$)
[2026-10-02 20:47:04,403] INFO [raft-expiration-reaper]: Starting (kafka.raft.TimingWheelExpirationService$ExpiredOperationReaper)
[2026-10-02 20:47:04,412] INFO [RaftManager id=1] Reading KRaft snapshot and log as part of the initialization (org.apache.kafka.raft.KafkaRaftClient)
[2026-10-02 20:47:04,442] INFO [RaftManager id=1] Starting voters are VoterSet(voters={1=VoterNode(voterKey=ReplicaKey(id=1, directoryId=Optional.empty), listeners=Endpoints(endpoints={ListenerName(CONTROLLER)=/127.0.0.1:19095}), supportedKRaftVersion=SupportedVersionRange[min_version:0, max_version:0])}) (org.apache.kafka.raft.KafkaRaftClient)
[2026-10-02 20:47:04,443] INFO [RaftManager id=1] Starting request manager with static voters: [127.0.0.1:19095 (id: 1 rack: null)] (org.apache.kafka.raft.KafkaRaftClient)
[2026-10-02 20:47:04,544] INFO [RaftManager id=1] Attempting durable transition to ResignedState(localId=1, epoch=3, voters=[1], electionTimeoutMs=1915, unackedVoters=[], preferredSuccessors=[]) from null (org.apache.kafka.raft.QuorumState)
[2026-10-02 20:47:04,555] INFO [RaftManager id=1] Completed transition to ResignedState(localId=1, epoch=3, voters=[1], electionTimeoutMs=1915, unackedVoters=[], preferredSuccessors=[]) from null (org.apache.kafka.raft.QuorumState)
[2026-10-02 20:47:04,557] INFO [RaftManager id=1] Attempting durable transition to CandidateState(localId=1, localDirectoryId=BE1I2ArBNS-5iQGX1E5IAA,epoch=4, retries=1, voteStates={1=org.apache.kafka.raft.CandidateState$VoterState@5acc9fdf}, highWatermark=Optional.empty, electionTimeoutMs=1551) from ResignedState(localId=1, epoch=3, voters=[1], electionTimeoutMs=1915, unackedVoters=[], preferredSuccessors=[]) (org.apache.kafka.raft.QuorumState)
[2026-10-02 20:47:04,558] INFO [RaftManager id=1] Completed transition to CandidateState(localId=1, localDirectoryId=BE1I2ArBNS-5iQGX1E5IAA,epoch=4, retries=1, voteStates={1=org.apache.kafka.raft.CandidateState$VoterState@5acc9fdf}, highWatermark=Optional.empty, electionTimeoutMs=1551) from ResignedState(localId=1, epoch=3, voters=[1], electionTimeoutMs=1915, unackedVoters=[], preferredSuccessors=[]) (org.apache.kafka.raft.QuorumState)
[2026-10-02 20:47:04,560] INFO [RaftManager id=1] Attempting durable transition to Leader(localReplicaKey=ReplicaKey(id=1, directoryId=Optional[BE1I2ArBNS-5iQGX1E5IAA]), epoch=4, epochStartOffset=1763, highWatermark=Optional.empty, voterStates={1=ReplicaState(replicaKey=ReplicaKey(id=1, directoryId=Optional.empty), endOffset=Optional.empty, lastFetchTimestamp=-1, lastCaughtUpTimestamp=-1, hasAcknowledgedLeader=true)}) from CandidateState(localId=1, localDirectoryId=BE1I2ArBNS-5iQGX1E5IAA,epoch=4, retries=1, voteStates={1=org.apache.kafka.raft.CandidateState$VoterState@5acc9fdf}, highWatermark=Optional.empty, electionTimeoutMs=1551) (org.apache.kafka.raft.QuorumState)
[2026-10-02 20:47:04,562] INFO [RaftManager id=1] Completed transition to Leader(localReplicaKey=ReplicaKey(id=1, directoryId=Optional[BE1I2ArBNS-5iQGX1E5IAA]), epoch=4, epochStartOffset=1763, highWatermark=Optional.empty, voterStates={1=ReplicaState(replicaKey=ReplicaKey(id=1, directoryId=Optional.empty), endOffset=Optional.empty, lastFetchTimestamp=-1, lastCaughtUpTimestamp=-1, hasAcknowledgedLeader=true)}) from CandidateState(localId=1, localDirectoryId=BE1I2ArBNS-5iQGX1E5IAA,epoch=4, retries=1, voteStates={1=org.apache.kafka.raft.CandidateState$VoterState@5acc9fdf}, highWatermark=Optional.empty, electionTimeoutMs=1551) (org.apache.kafka.raft.QuorumState)
[2026-10-02 20:47:04,572] INFO [kafka-1-raft-outbound-request-thread]: Starting (org.apache.kafka.raft.KafkaNetworkChannel$SendThread)
[2026-10-02 20:47:04,577] INFO [kafka-1-raft-io-thread]: Starting (org.apache.kafka.raft.KafkaRaftClientDriver)
[2026-10-02 20:47:04,583] INFO [MetadataLoader id=1] initializeNewPublishers: the loader is still catching up because we still don't know the high water mark yet. (org.apache.kafka.image.loader.MetadataLoader)
[2026-10-02 20:47:04,584] INFO [ControllerServer id=1] Waiting for controller quorum voters future (kafka.server.ControllerServer)
[2026-10-02 20:47:04,584] INFO [ControllerServer id=1] Finished waiting for controller quorum voters future (kafka.server.ControllerServer)
[2026-10-02 20:47:04,602] INFO [RaftManager id=1] High watermark set to LogOffsetMetadata(offset=1764, metadata=Optional[(segmentBaseOffset=0,relativePositionInSegment=125188)]) for the first time for epoch 4 based on indexOfHw 0 and voters [ReplicaState(replicaKey=ReplicaKey(id=1, directoryId=Optional.empty), endOffset=Optional[LogOffsetMetadata(offset=1764, metadata=Optional[(segmentBaseOffset=0,relativePositionInSegment=125188)])], lastFetchTimestamp=-1, lastCaughtUpTimestamp=-1, hasAcknowledgedLeader=true)] (org.apache.kafka.raft.LeaderState)
[2026-10-02 20:47:04,613] INFO [controller-1-ThrottledChannelReaper-Fetch]: Starting (kafka.server.ClientQuotaManager$ThrottledChannelReaper)
[2026-10-02 20:47:04,616] INFO [RaftManager id=1] Registered the listener org.apache.kafka.image.loader.MetadataLoader@783386367 (org.apache.kafka.raft.KafkaRaftClient)
[2026-10-02 20:47:04,617] INFO [RaftManager id=1] Registered the listener org.apache.kafka.controller.QuorumController$QuorumMetaLogListener@2105560399 (org.apache.kafka.raft.KafkaRaftClient)
[2026-10-02 20:47:04,617] INFO [controller-1-ThrottledChannelReaper-Produce]: Starting (kafka.server.ClientQuotaManager$ThrottledChannelReaper)
[2026-10-02 20:47:04,619] INFO [RaftManager id=1] Setting the next offset of org.apache.kafka.controller.QuorumController$QuorumMetaLogListener@2105560399 to 0 since there are no snapshots (org.apache.kafka.raft.KafkaRaftClient)
[2026-10-02 20:47:04,626] INFO [controller-1-ThrottledChannelReaper-ControllerMutation]: Starting (kafka.server.ClientQuotaManager$ThrottledChannelReaper)
[2026-10-02 20:47:04,626] INFO [controller-1-ThrottledChannelReaper-Request]: Starting (kafka.server.ClientQuotaManager$ThrottledChannelReaper)
[2026-10-02 20:47:04,628] INFO [RaftManager id=1] Setting the next offset of org.apache.kafka.image.loader.MetadataLoader@783386367 to 0 since there are no snapshots (org.apache.kafka.raft.KafkaRaftClient)
[2026-10-02 20:47:04,629] INFO [MetadataLoader id=1] maybePublishMetadata(LOG_DELTA): The loader is still catching up because we have loaded up to offset 0, but the high water mark is 1764 (org.apache.kafka.image.loader.MetadataLoader)
[2026-10-02 20:47:04,646] INFO [ExpirationReaper-1-AlterAcls]: Starting (kafka.server.DelayedOperationPurgatory$ExpiredOperationReaper)
[2026-10-02 20:47:04,660] INFO [ControllerServer id=1] Waiting for the controller metadata publishers to be installed (kafka.server.ControllerServer)
[2026-10-02 20:47:04,676] INFO [MetadataLoader id=1] maybePublishMetadata(LOG_DELTA): The loader finished catching up to the current high water mark of 1764 (org.apache.kafka.image.loader.MetadataLoader)
[2026-10-02 20:47:04,679] INFO [MetadataLoader id=1] InitializeNewPublishers: initializing SnapshotGenerator with a snapshot at offset 1763 (org.apache.kafka.image.loader.MetadataLoader)
[2026-10-02 20:47:04,680] INFO [ControllerServer id=1] Finished waiting for the controller metadata publishers to be installed (kafka.server.ControllerServer)
[2026-10-02 20:47:04,680] INFO [SocketServer listenerType=CONTROLLER, nodeId=1] Enabling request processing. (kafka.network.SocketServer)
[2026-10-02 20:47:04,681] INFO [MetadataLoader id=1] InitializeNewPublishers: initializing KRaftMetadataCachePublisher with a snapshot at offset 1763 (org.apache.kafka.image.loader.MetadataLoader)
[2026-10-02 20:47:04,681] INFO [MetadataLoader id=1] InitializeNewPublishers: initializing FeaturesPublisher with a snapshot at offset 1763 (org.apache.kafka.image.loader.MetadataLoader)
[2026-10-02 20:47:04,682] INFO [ControllerServer id=1] Loaded new metadata Features(metadataVersion=3.9-IV0, finalizedFeatures={metadata.version=21}, finalizedFeaturesEpoch=1763). (org.apache.kafka.metadata.publisher.FeaturesPublisher)
[2026-10-02 20:47:04,682] INFO [MetadataLoader id=1] InitializeNewPublishers: initializing ControllerRegistrationsPublisher with a snapshot at offset 1763 (org.apache.kafka.image.loader.MetadataLoader)
[2026-10-02 20:47:04,682] INFO [MetadataLoader id=1] InitializeNewPublishers: initializing ControllerRegistrationManager with a snapshot at offset 1763 (org.apache.kafka.image.loader.MetadataLoader)
[2026-10-02 20:47:04,682] INFO [MetadataLoader id=1] InitializeNewPublishers: initializing DynamicConfigPublisher controller id=1 with a snapshot at offset 1763 (org.apache.kafka.image.loader.MetadataLoader)
[2026-10-02 20:47:04,682] INFO [ControllerRegistrationManager id=1 incarnation=KQivTZ4fTqWHLq-6gZnDVQ] Found registration for SGyEm_iCQ6ab8e1dOmVP2g instead of our incarnation. (kafka.server.ControllerRegistrationManager)
[2026-10-02 20:47:04,683] INFO [MetadataLoader id=1] InitializeNewPublishers: initializing DynamicClientQuotaPublisher controller id=1 with a snapshot at offset 1763 (org.apache.kafka.image.loader.MetadataLoader)
[2026-10-02 20:47:04,683] INFO [MetadataLoader id=1] InitializeNewPublishers: initializing ScramPublisher controller id=1 with a snapshot at offset 1763 (org.apache.kafka.image.loader.MetadataLoader)
[2026-10-02 20:47:04,684] INFO [MetadataLoader id=1] InitializeNewPublishers: initializing DelegationTokenPublisher controller id=1 with a snapshot at offset 1763 (org.apache.kafka.image.loader.MetadataLoader)
[2026-10-02 20:47:04,686] INFO Awaiting socket connections on 127.0.0.1:19095. (kafka.network.DataPlaneAcceptor)
[2026-10-02 20:47:04,687] INFO [MetadataLoader id=1] InitializeNewPublishers: initializing ControllerMetadataMetricsPublisher with a snapshot at offset 1763 (org.apache.kafka.image.loader.MetadataLoader)
[2026-10-02 20:47:04,687] INFO [MetadataLoader id=1] InitializeNewPublishers: initializing AclPublisher controller id=1 with a snapshot at offset 1763 (org.apache.kafka.image.loader.MetadataLoader)
[2026-10-02 20:47:04,696] INFO [controller-1-to-controller-registration-channel-manager]: Starting (kafka.server.NodeToControllerRequestThread)
[2026-10-02 20:47:04,696] INFO [ControllerServer id=1] Waiting for all of the authorizer futures to be completed (kafka.server.ControllerServer)
[2026-10-02 20:47:04,696] INFO [ControllerServer id=1] Finished waiting for all of the authorizer futures to be completed (kafka.server.ControllerServer)
[2026-10-02 20:47:04,696] INFO [ControllerServer id=1] Waiting for all of the SocketServer Acceptors to be started (kafka.server.ControllerServer)
[2026-10-02 20:47:04,697] INFO [ControllerServer id=1] Finished waiting for all of the SocketServer Acceptors to be started (kafka.server.ControllerServer)
[2026-10-02 20:47:04,697] INFO [ControllerRegistrationManager id=1 incarnation=KQivTZ4fTqWHLq-6gZnDVQ] initialized channel manager. (kafka.server.ControllerRegistrationManager)
[2026-10-02 20:47:04,697] INFO [BrokerServer id=1] Transition from SHUTDOWN to STARTING (kafka.server.BrokerServer)
[2026-10-02 20:47:04,697] INFO [BrokerServer id=1] Starting broker (kafka.server.BrokerServer)
[2026-10-02 20:47:04,698] INFO [ControllerRegistrationManager id=1 incarnation=KQivTZ4fTqWHLq-6gZnDVQ] sendControllerRegistration: attempting to send ControllerRegistrationRequestData(controllerId=1, incarnationId=KQivTZ4fTqWHLq-6gZnDVQ, zkMigrationReady=false, listeners=[Listener(name='CONTROLLER', host='127.0.0.1', port=19095, securityProtocol=0)], features=[Feature(name='kraft.version', minSupportedVersion=0, maxSupportedVersion=1), Feature(name='metadata.version', minSupportedVersion=1, maxSupportedVersion=21)]) (kafka.server.ControllerRegistrationManager)
[2026-10-02 20:47:04,700] INFO [controller-1-to-controller-registration-channel-manager]: Recorded new KRaft controller, from now on will use node 127.0.0.1:19095 (id: 1 rack: null) (kafka.server.NodeToControllerRequestThread)
[2026-10-02 20:47:04,702] INFO [broker-1-ThrottledChannelReaper-Fetch]: Starting (kafka.server.ClientQuotaManager$ThrottledChannelReaper)
[2026-10-02 20:47:04,702] INFO [broker-1-ThrottledChannelReaper-Produce]: Starting (kafka.server.ClientQuotaManager$ThrottledChannelReaper)
[2026-10-02 20:47:04,706] INFO [broker-1-ThrottledChannelReaper-Request]: Starting (kafka.server.ClientQuotaManager$ThrottledChannelReaper)
[2026-10-02 20:47:04,708] INFO [broker-1-ThrottledChannelReaper-ControllerMutation]: Starting (kafka.server.ClientQuotaManager$ThrottledChannelReaper)
[2026-10-02 20:47:04,726] INFO [BrokerServer id=1] Waiting for controller quorum voters future (kafka.server.BrokerServer)
[2026-10-02 20:47:04,726] INFO [BrokerServer id=1] Finished waiting for controller quorum voters future (kafka.server.BrokerServer)
[2026-10-02 20:47:04,730] INFO [broker-1-to-controller-forwarding-channel-manager]: Starting (kafka.server.NodeToControllerRequestThread)
[2026-10-02 20:47:04,730] INFO [broker-1-to-controller-forwarding-channel-manager]: Recorded new KRaft controller, from now on will use node 127.0.0.1:19095 (id: 1 rack: null) (kafka.server.NodeToControllerRequestThread)
[2026-10-02 20:47:04,740] INFO [client-metrics-reaper]: Starting (org.apache.kafka.server.util.timer.SystemTimerReaper$Reaper)
[2026-10-02 20:47:04,773] INFO Updated connection-accept-rate max connection creation rate to 2147483647 (kafka.network.ConnectionQuotas)
[2026-10-02 20:47:04,775] INFO [SocketServer listenerType=BROKER, nodeId=1] Created data-plane acceptor and processors for endpoint : ListenerName(PLAINTEXT) (kafka.network.SocketServer)
[2026-10-02 20:47:04,782] INFO [broker-1-to-controller-alter-partition-channel-manager]: Starting (kafka.server.NodeToControllerRequestThread)
[2026-10-02 20:47:04,782] INFO [broker-1-to-controller-alter-partition-channel-manager]: Recorded new KRaft controller, from now on will use node 127.0.0.1:19095 (id: 1 rack: null) (kafka.server.NodeToControllerRequestThread)
[2026-10-02 20:47:04,790] INFO [broker-1-to-controller-directory-assignments-channel-manager]: Starting (kafka.server.NodeToControllerRequestThread)
[2026-10-02 20:47:04,790] INFO [broker-1-to-controller-directory-assignments-channel-manager]: Recorded new KRaft controller, from now on will use node 127.0.0.1:19095 (id: 1 rack: null) (kafka.server.NodeToControllerRequestThread)
[2026-10-02 20:47:04,810] INFO [ExpirationReaper-1-Produce]: Starting (kafka.server.DelayedOperationPurgatory$ExpiredOperationReaper)
[2026-10-02 20:47:04,812] INFO [ExpirationReaper-1-Fetch]: Starting (kafka.server.DelayedOperationPurgatory$ExpiredOperationReaper)
[2026-10-02 20:47:04,814] INFO [ExpirationReaper-1-DeleteRecords]: Starting (kafka.server.DelayedOperationPurgatory$ExpiredOperationReaper)
[2026-10-02 20:47:04,815] INFO [ExpirationReaper-1-ElectLeader]: Starting (kafka.server.DelayedOperationPurgatory$ExpiredOperationReaper)
[2026-10-02 20:47:04,818] INFO [ExpirationReaper-1-RemoteFetch]: Starting (kafka.server.DelayedOperationPurgatory$ExpiredOperationReaper)
[2026-10-02 20:47:04,837] INFO [ExpirationReaper-1-Heartbeat]: Starting (kafka.server.DelayedOperationPurgatory$ExpiredOperationReaper)
[2026-10-02 20:47:04,840] INFO [ExpirationReaper-1-Rebalance]: Starting (kafka.server.DelayedOperationPurgatory$ExpiredOperationReaper)
[2026-10-02 20:47:04,878] INFO [ControllerRegistrationManager id=1 incarnation=KQivTZ4fTqWHLq-6gZnDVQ] Our registration has been persisted to the metadata log. (kafka.server.ControllerRegistrationManager)
[2026-10-02 20:47:04,882] INFO [ControllerRegistrationManager id=1 incarnation=KQivTZ4fTqWHLq-6gZnDVQ] RegistrationResponseHandler: controller acknowledged ControllerRegistrationRequest. (kafka.server.ControllerRegistrationManager)
[2026-10-02 20:47:04,898] INFO [broker-1-to-controller-heartbeat-channel-manager]: Starting (kafka.server.NodeToControllerRequestThread)
[2026-10-02 20:47:04,898] INFO [broker-1-to-controller-heartbeat-channel-manager]: Recorded new KRaft controller, from now on will use node 127.0.0.1:19095 (id: 1 rack: null) (kafka.server.NodeToControllerRequestThread)
[2026-10-02 20:47:04,900] INFO [BrokerLifecycleManager id=1] Incarnation OD--5QWUQkySjw3hdAb-HQ of broker 1 in cluster byI-r4nKR9OzNDjnf3ZoGg is now STARTING. (kafka.server.BrokerLifecycleManager)
[2026-10-02 20:47:04,926] INFO [ExpirationReaper-1-AlterAcls]: Starting (kafka.server.DelayedOperationPurgatory$ExpiredOperationReaper)
[2026-10-02 20:47:04,938] INFO [BrokerServer id=1] Waiting for the broker metadata publishers to be installed (kafka.server.BrokerServer)
[2026-10-02 20:47:04,939] INFO [MetadataLoader id=1] InitializeNewPublishers: initializing MetadataVersionPublisher(id=1) with a snapshot at offset 1764 (org.apache.kafka.image.loader.MetadataLoader)
[2026-10-02 20:47:04,939] INFO [MetadataLoader id=1] InitializeNewPublishers: initializing BrokerMetadataPublisher with a snapshot at offset 1764 (org.apache.kafka.image.loader.MetadataLoader)
[2026-10-02 20:47:04,939] INFO [BrokerMetadataPublisher id=1] Publishing initial metadata at offset OffsetAndEpoch(offset=1764, epoch=4) with metadata.version 3.9-IV0. (kafka.server.metadata.BrokerMetadataPublisher)
[2026-10-02 20:47:04,941] INFO Loading logs from log dirs ArrayBuffer(/workspace/work/c-peer/kafka-logs) (kafka.log.LogManager)
[2026-10-02 20:47:04,942] INFO [BrokerServer id=1] Finished waiting for the broker metadata publishers to be installed (kafka.server.BrokerServer)
[2026-10-02 20:47:04,942] INFO [BrokerServer id=1] Waiting for the controller to acknowledge that we are caught up (kafka.server.BrokerServer)
[2026-10-02 20:47:04,946] INFO Skipping recovery of 80 logs from /workspace/work/c-peer/kafka-logs since clean shutdown file was found (kafka.log.LogManager)
[2026-10-02 20:47:04,956] INFO [BrokerLifecycleManager id=1] Successfully registered broker 1 with broker epoch 1765 (kafka.server.BrokerLifecycleManager)
[2026-10-02 20:47:04,962] INFO [LogLoader partition=c-peer-kl04-04-oversize-4, dir=/workspace/work/c-peer/kafka-logs] Loading producer state till offset 0 with message format version 2 (kafka.log.UnifiedLog$)
[2026-10-02 20:47:04,970] INFO Completed load of Log(dir=/workspace/work/c-peer/kafka-logs/c-peer-kl04-04-oversize-4, topicId=TkwISoFMR4m73r-a2nOZ-g, topic=c-peer-kl04-04-oversize, partition=4, highWatermark=0, lastStableOffset=0, logStartOffset=0, logEndOffset=0) with 1 segments, local-log-start-offset 0 and log-end-offset 0 in 14ms (1/80 completed in /workspace/work/c-peer/kafka-logs) (kafka.log.LogManager)
[2026-10-02 20:47:04,974] INFO [LogLoader partition=c-peer-kl04-04-success-02-2, dir=/workspace/work/c-peer/kafka-logs] Loading producer state till offset 1710 with message format version 2 (kafka.log.UnifiedLog$)
[2026-10-02 20:47:04,974] INFO [LogLoader partition=c-peer-kl04-04-success-02-2, dir=/workspace/work/c-peer/kafka-logs] Reloading from producer snapshot and rebuilding producer state from offset 1710 (kafka.log.UnifiedLog$)
[2026-10-02 20:47:04,974] INFO [ProducerStateManager partition=c-peer-kl04-04-success-02-2] Loading producer state from snapshot file 'SnapshotFile(offset=1710, file=/workspace/work/c-peer/kafka-logs/c-peer-kl04-04-success-02-2/00000000000000001710.snapshot)' (org.apache.kafka.storage.internals.log.ProducerStateManager)
[2026-10-02 20:47:04,980] INFO [LogLoader partition=c-peer-kl04-04-success-02-2, dir=/workspace/work/c-peer/kafka-logs] Producer state recovery took 6ms for snapshot load and 0ms for segment recovery from offset 1710 (kafka.log.UnifiedLog$)
[2026-10-02 20:47:04,986] INFO Completed load of Log(dir=/workspace/work/c-peer/kafka-logs/c-peer-kl04-04-success-02-2, topicId=PC46umNvTb-dlj8JQlm2OA, topic=c-peer-kl04-04-success-02, partition=2, highWatermark=0, lastStableOffset=0, logStartOffset=0, logEndOffset=1710) with 1 segments, local-log-start-offset 0 and log-end-offset 1710 in 16ms (2/80 completed in /workspace/work/c-peer/kafka-logs) (kafka.log.LogManager)
[2026-10-02 20:47:04,990] INFO [LogLoader partition=__consumer_offsets-4, dir=/workspace/work/c-peer/kafka-logs] Loading producer state till offset 0 with message format version 2 (kafka.log.UnifiedLog$)
[2026-10-02 20:47:04,991] INFO Completed load of Log(dir=/workspace/work/c-peer/kafka-logs/__consumer_offsets-4, topicId=lKR-uqoHRIinm7F3aL0A_w, topic=__consumer_offsets, partition=4, highWatermark=0, lastStableOffset=0, logStartOffset=0, logEndOffset=0) with 1 segments, local-log-start-offset 0 and log-end-offset 0 in 5ms (3/80 completed in /workspace/work/c-peer/kafka-logs) (kafka.log.LogManager)
[2026-10-02 20:47:04,995] INFO [LogLoader partition=__consumer_offsets-30, dir=/workspace/work/c-peer/kafka-logs] Loading producer state till offset 0 with message format version 2 (kafka.log.UnifiedLog$)
[2026-10-02 20:47:04,998] INFO Completed load of Log(dir=/workspace/work/c-peer/kafka-logs/__consumer_offsets-30, topicId=lKR-uqoHRIinm7F3aL0A_w, topic=__consumer_offsets, partition=30, highWatermark=0, lastStableOffset=0, logStartOffset=0, logEndOffset=0) with 1 segments, local-log-start-offset 0 and log-end-offset 0 in 7ms (4/80 completed in /workspace/work/c-peer/kafka-logs) (kafka.log.LogManager)
[2026-10-02 20:47:05,001] INFO [LogLoader partition=c-peer-kl04-04-oversize-0, dir=/workspace/work/c-peer/kafka-logs] Loading producer state till offset 0 with message format version 2 (kafka.log.UnifiedLog$)
[2026-10-02 20:47:05,006] INFO Completed load of Log(dir=/workspace/work/c-peer/kafka-logs/c-peer-kl04-04-oversize-0, topicId=TkwISoFMR4m73r-a2nOZ-g, topic=c-peer-kl04-04-oversize, partition=0, highWatermark=0, lastStableOffset=0, logStartOffset=0, logEndOffset=0) with 1 segments, local-log-start-offset 0 and log-end-offset 0 in 8ms (5/80 completed in /workspace/work/c-peer/kafka-logs) (kafka.log.LogManager)
[2026-10-02 20:47:05,008] INFO [LogLoader partition=__consumer_offsets-6, dir=/workspace/work/c-peer/kafka-logs] Loading producer state till offset 0 with message format version 2 (kafka.log.UnifiedLog$)
[2026-10-02 20:47:05,008] INFO Completed load of Log(dir=/workspace/work/c-peer/kafka-logs/__consumer_offsets-6, topicId=lKR-uqoHRIinm7F3aL0A_w, topic=__consumer_offsets, partition=6, highWatermark=0, lastStableOffset=0, logStartOffset=0, logEndOffset=0) with 1 segments, local-log-start-offset 0 and log-end-offset 0 in 2ms (6/80 completed in /workspace/work/c-peer/kafka-logs) (kafka.log.LogManager)
[2026-10-02 20:47:05,010] INFO [LogLoader partition=__consumer_offsets-9, dir=/workspace/work/c-peer/kafka-logs] Loading producer state till offset 0 with message format version 2 (kafka.log.UnifiedLog$)
[2026-10-02 20:47:05,011] INFO Completed load of Log(dir=/workspace/work/c-peer/kafka-logs/__consumer_offsets-9, topicId=lKR-uqoHRIinm7F3aL0A_w, topic=__consumer_offsets, partition=9, highWatermark=0, lastStableOffset=0, logStartOffset=0, logEndOffset=0) with 1 segments, local-log-start-offset 0 and log-end-offset 0 in 2ms (7/80 completed in /workspace/work/c-peer/kafka-logs) (kafka.log.LogManager)
[2026-10-02 20:47:05,013] INFO [LogLoader partition=c-peer-kl04-04-success-02-4, dir=/workspace/work/c-peer/kafka-logs] Loading producer state till offset 1708 with message format version 2 (kafka.log.UnifiedLog$)
[2026-10-02 20:47:05,013] INFO [LogLoader partition=c-peer-kl04-04-success-02-4, dir=/workspace/work/c-peer/kafka-logs] Reloading from producer snapshot and rebuilding producer state from offset 1708 (kafka.log.UnifiedLog$)
[2026-10-02 20:47:05,013] INFO [ProducerStateManager partition=c-peer-kl04-04-success-02-4] Loading producer state from snapshot file 'SnapshotFile(offset=1708, file=/workspace/work/c-peer/kafka-logs/c-peer-kl04-04-success-02-4/00000000000000001708.snapshot)' (org.apache.kafka.storage.internals.log.ProducerStateManager)
[2026-10-02 20:47:05,014] INFO [LogLoader partition=c-peer-kl04-04-success-02-4, dir=/workspace/work/c-peer/kafka-logs] Producer state recovery took 1ms for snapshot load and 0ms for segment recovery from offset 1708 (kafka.log.UnifiedLog$)
[2026-10-02 20:47:05,014] INFO Completed load of Log(dir=/workspace/work/c-peer/kafka-logs/c-peer-kl04-04-success-02-4, topicId=PC46umNvTb-dlj8JQlm2OA, topic=c-peer-kl04-04-success-02, partition=4, highWatermark=0, lastStableOffset=0, logStartOffset=0, logEndOffset=1708) with 1 segments, local-log-start-offset 0 and log-end-offset 1708 in 3ms (8/80 completed in /workspace/work/c-peer/kafka-logs) (kafka.log.LogManager)
[2026-10-02 20:47:05,016] INFO [LogLoader partition=c-peer-kl04-04-success-02-0, dir=/workspace/work/c-peer/kafka-logs] Loading producer state till offset 1710 with message format version 2 (kafka.log.UnifiedLog$)
[2026-10-02 20:47:05,016] INFO [LogLoader partition=c-peer-kl04-04-success-02-0, dir=/workspace/work/c-peer/kafka-logs] Reloading from producer snapshot and rebuilding producer state from offset 1710 (kafka.log.UnifiedLog$)
[2026-10-02 20:47:05,016] INFO [ProducerStateManager partition=c-peer-kl04-04-success-02-0] Loading producer state from snapshot file 'SnapshotFile(offset=1710, file=/workspace/work/c-peer/kafka-logs/c-peer-kl04-04-success-02-0/00000000000000001710.snapshot)' (org.apache.kafka.storage.internals.log.ProducerStateManager)
[2026-10-02 20:47:05,016] INFO [LogLoader partition=c-peer-kl04-04-success-02-0, dir=/workspace/work/c-peer/kafka-logs] Producer state recovery took 0ms for snapshot load and 0ms for segment recovery from offset 1710 (kafka.log.UnifiedLog$)
[2026-10-02 20:47:05,017] INFO Completed load of Log(dir=/workspace/work/c-peer/kafka-logs/c-peer-kl04-04-success-02-0, topicId=PC46umNvTb-dlj8JQlm2OA, topic=c-peer-kl04-04-success-02, partition=0, highWatermark=0, lastStableOffset=0, logStartOffset=0, logEndOffset=1710) with 1 segments, local-log-start-offset 0 and log-end-offset 1710 in 3ms (9/80 completed in /workspace/work/c-peer/kafka-logs) (kafka.log.LogManager)
[2026-10-02 20:47:05,018] INFO [LogLoader partition=__consumer_offsets-44, dir=/workspace/work/c-peer/kafka-logs] Loading producer state till offset 0 with message format version 2 (kafka.log.UnifiedLog$)
[2026-10-02 20:47:05,019] INFO Completed load of Log(dir=/workspace/work/c-peer/kafka-logs/__consumer_offsets-44, topicId=lKR-uqoHRIinm7F3aL0A_w, topic=__consumer_offsets, partition=44, highWatermark=0, lastStableOffset=0, logStartOffset=0, logEndOffset=0) with 1 segments, local-log-start-offset 0 and log-end-offset 0 in 2ms (10/80 completed in /workspace/work/c-peer/kafka-logs) (kafka.log.LogManager)
[2026-10-02 20:47:05,022] INFO [LogLoader partition=__consumer_offsets-32, dir=/workspace/work/c-peer/kafka-logs] Loading producer state till offset 0 with message format version 2 (kafka.log.UnifiedLog$)
[2026-10-02 20:47:05,023] INFO Completed load of Log(dir=/workspace/work/c-peer/kafka-logs/__consumer_offsets-32, topicId=lKR-uqoHRIinm7F3aL0A_w, topic=__consumer_offsets, partition=32, highWatermark=0, lastStableOffset=0, logStartOffset=0, logEndOffset=0) with 1 segments, local-log-start-offset 0 and log-end-offset 0 in 3ms (11/80 completed in /workspace/work/c-peer/kafka-logs) (kafka.log.LogManager)
[2026-10-02 20:47:05,024] INFO [LogLoader partition=__consumer_offsets-43, dir=/workspace/work/c-peer/kafka-logs] Loading producer state till offset 0 with message format version 2 (kafka.log.UnifiedLog$)
[2026-10-02 20:47:05,026] INFO Completed load of Log(dir=/workspace/work/c-peer/kafka-logs/__consumer_offsets-43, topicId=lKR-uqoHRIinm7F3aL0A_w, topic=__consumer_offsets, partition=43, highWatermark=0, lastStableOffset=0, logStartOffset=0, logEndOffset=0) with 1 segments, local-log-start-offset 0 and log-end-offset 0 in 4ms (12/80 completed in /workspace/work/c-peer/kafka-logs) (kafka.log.LogManager)
[2026-10-02 20:47:05,028] INFO [LogLoader partition=__consumer_offsets-27, dir=/workspace/work/c-peer/kafka-logs] Loading producer state till offset 0 with message format version 2 (kafka.log.UnifiedLog$)
[2026-10-02 20:47:05,028] INFO Completed load of Log(dir=/workspace/work/c-peer/kafka-logs/__consumer_offsets-27, topicId=lKR-uqoHRIinm7F3aL0A_w, topic=__consumer_offsets, partition=27, highWatermark=0, lastStableOffset=0, logStartOffset=0, logEndOffset=0) with 1 segments, local-log-start-offset 0 and log-end-offset 0 in 2ms (13/80 completed in /workspace/work/c-peer/kafka-logs) (kafka.log.LogManager)
[2026-10-02 20:47:05,029] INFO [LogLoader partition=__consumer_offsets-35, dir=/workspace/work/c-peer/kafka-logs] Loading producer state till offset 0 with message format version 2 (kafka.log.UnifiedLog$)
[2026-10-02 20:47:05,030] INFO Completed load of Log(dir=/workspace/work/c-peer/kafka-logs/__consumer_offsets-35, topicId=lKR-uqoHRIinm7F3aL0A_w, topic=__consumer_offsets, partition=35, highWatermark=0, lastStableOffset=0, logStartOffset=0, logEndOffset=0) with 1 segments, local-log-start-offset 0 and log-end-offset 0 in 2ms (14/80 completed in /workspace/work/c-peer/kafka-logs) (kafka.log.LogManager)
[2026-10-02 20:47:05,031] INFO [LogLoader partition=__consumer_offsets-14, dir=/workspace/work/c-peer/kafka-logs] Loading producer state till offset 0 with message format version 2 (kafka.log.UnifiedLog$)
[2026-10-02 20:47:05,032] INFO Completed load of Log(dir=/workspace/work/c-peer/kafka-logs/__consumer_offsets-14, topicId=lKR-uqoHRIinm7F3aL0A_w, topic=__consumer_offsets, partition=14, highWatermark=0, lastStableOffset=0, logStartOffset=0, logEndOffset=0) with 1 segments, local-log-start-offset 0 and log-end-offset 0 in 2ms (15/80 completed in /workspace/work/c-peer/kafka-logs) (kafka.log.LogManager)
[2026-10-02 20:47:05,034] INFO [LogLoader partition=c-peer-kl04-04-success-02-5, dir=/workspace/work/c-peer/kafka-logs] Loading producer state till offset 1708 with message format version 2 (kafka.log.UnifiedLog$)
[2026-10-02 20:47:05,034] INFO [LogLoader partition=c-peer-kl04-04-success-02-5, dir=/workspace/work/c-peer/kafka-logs] Reloading from producer snapshot and rebuilding producer state from offset 1708 (kafka.log.UnifiedLog$)
[2026-10-02 20:47:05,034] INFO [ProducerStateManager partition=c-peer-kl04-04-success-02-5] Loading producer state from snapshot file 'SnapshotFile(offset=1708, file=/workspace/work/c-peer/kafka-logs/c-peer-kl04-04-success-02-5/00000000000000001708.snapshot)' (org.apache.kafka.storage.internals.log.ProducerStateManager)
[2026-10-02 20:47:05,034] INFO [LogLoader partition=c-peer-kl04-04-success-02-5, dir=/workspace/work/c-peer/kafka-logs] Producer state recovery took 0ms for snapshot load and 0ms for segment recovery from offset 1708 (kafka.log.UnifiedLog$)
[2026-10-02 20:47:05,034] INFO Completed load of Log(dir=/workspace/work/c-peer/kafka-logs/c-peer-kl04-04-success-02-5, topicId=PC46umNvTb-dlj8JQlm2OA, topic=c-peer-kl04-04-success-02, partition=5, highWatermark=0, lastStableOffset=0, logStartOffset=0, logEndOffset=1708) with 1 segments, local-log-start-offset 0 and log-end-offset 1708 in 2ms (16/80 completed in /workspace/work/c-peer/kafka-logs) (kafka.log.LogManager)
[2026-10-02 20:47:05,036] INFO [LogLoader partition=__consumer_offsets-29, dir=/workspace/work/c-peer/kafka-logs] Loading producer state till offset 0 with message format version 2 (kafka.log.UnifiedLog$)
[2026-10-02 20:47:05,036] INFO Completed load of Log(dir=/workspace/work/c-peer/kafka-logs/__consumer_offsets-29, topicId=lKR-uqoHRIinm7F3aL0A_w, topic=__consumer_offsets, partition=29, highWatermark=0, lastStableOffset=0, logStartOffset=0, logEndOffset=0) with 1 segments, local-log-start-offset 0 and log-end-offset 0 in 2ms (17/80 completed in /workspace/work/c-peer/kafka-logs) (kafka.log.LogManager)
[2026-10-02 20:47:05,039] INFO [LogLoader partition=__consumer_offsets-17, dir=/workspace/work/c-peer/kafka-logs] Loading producer state till offset 0 with message format version 2 (kafka.log.UnifiedLog$)
[2026-10-02 20:47:05,040] INFO Completed load of Log(dir=/workspace/work/c-peer/kafka-logs/__consumer_offsets-17, topicId=lKR-uqoHRIinm7F3aL0A_w, topic=__consumer_offsets, partition=17, highWatermark=0, lastStableOffset=0, logStartOffset=0, logEndOffset=0) with 1 segments, local-log-start-offset 0 and log-end-offset 0 in 3ms (18/80 completed in /workspace/work/c-peer/kafka-logs) (kafka.log.LogManager)
[2026-10-02 20:47:05,042] INFO [LogLoader partition=__consumer_offsets-26, dir=/workspace/work/c-peer/kafka-logs] Loading producer state till offset 0 with message format version 2 (kafka.log.UnifiedLog$)
[2026-10-02 20:47:05,042] INFO Completed load of Log(dir=/workspace/work/c-peer/kafka-logs/__consumer_offsets-26, topicId=lKR-uqoHRIinm7F3aL0A_w, topic=__consumer_offsets, partition=26, highWatermark=0, lastStableOffset=0, logStartOffset=0, logEndOffset=0) with 1 segments, local-log-start-offset 0 and log-end-offset 0 in 3ms (19/80 completed in /workspace/work/c-peer/kafka-logs) (kafka.log.LogManager)
[2026-10-02 20:47:05,044] INFO [LogLoader partition=__consumer_offsets-22, dir=/workspace/work/c-peer/kafka-logs] Loading producer state till offset 0 with message format version 2 (kafka.log.UnifiedLog$)
[2026-10-02 20:47:05,045] INFO Completed load of Log(dir=/workspace/work/c-peer/kafka-logs/__consumer_offsets-22, topicId=lKR-uqoHRIinm7F3aL0A_w, topic=__consumer_offsets, partition=22, highWatermark=0, lastStableOffset=0, logStartOffset=0, logEndOffset=0) with 1 segments, local-log-start-offset 0 and log-end-offset 0 in 2ms (20/80 completed in /workspace/work/c-peer/kafka-logs) (kafka.log.LogManager)
[2026-10-02 20:47:05,047] INFO [LogLoader partition=__consumer_offsets-38, dir=/workspace/work/c-peer/kafka-logs] Loading producer state till offset 0 with message format version 2 (kafka.log.UnifiedLog$)
[2026-10-02 20:47:05,048] INFO Completed load of Log(dir=/workspace/work/c-peer/kafka-logs/__consumer_offsets-38, topicId=lKR-uqoHRIinm7F3aL0A_w, topic=__consumer_offsets, partition=38, highWatermark=0, lastStableOffset=0, logStartOffset=0, logEndOffset=0) with 1 segments, local-log-start-offset 0 and log-end-offset 0 in 2ms (21/80 completed in /workspace/work/c-peer/kafka-logs) (kafka.log.LogManager)
[2026-10-02 20:47:05,049] INFO [LogLoader partition=c-peer-kl04-04-success-02-1, dir=/workspace/work/c-peer/kafka-logs] Loading producer state till offset 1710 with message format version 2 (kafka.log.UnifiedLog$)
[2026-10-02 20:47:05,049] INFO [LogLoader partition=c-peer-kl04-04-success-02-1, dir=/workspace/work/c-peer/kafka-logs] Reloading from producer snapshot and rebuilding producer state from offset 1710 (kafka.log.UnifiedLog$)
[2026-10-02 20:47:05,049] INFO [ProducerStateManager partition=c-peer-kl04-04-success-02-1] Loading producer state from snapshot file 'SnapshotFile(offset=1710, file=/workspace/work/c-peer/kafka-logs/c-peer-kl04-04-success-02-1/00000000000000001710.snapshot)' (org.apache.kafka.storage.internals.log.ProducerStateManager)
[2026-10-02 20:47:05,049] INFO [LogLoader partition=c-peer-kl04-04-success-02-1, dir=/workspace/work/c-peer/kafka-logs] Producer state recovery took 0ms for snapshot load and 0ms for segment recovery from offset 1710 (kafka.log.UnifiedLog$)
[2026-10-02 20:47:05,050] INFO Completed load of Log(dir=/workspace/work/c-peer/kafka-logs/c-peer-kl04-04-success-02-1, topicId=PC46umNvTb-dlj8JQlm2OA, topic=c-peer-kl04-04-success-02, partition=1, highWatermark=0, lastStableOffset=0, logStartOffset=0, logEndOffset=1710) with 1 segments, local-log-start-offset 0 and log-end-offset 1710 in 3ms (22/80 completed in /workspace/work/c-peer/kafka-logs) (kafka.log.LogManager)
[2026-10-02 20:47:05,051] INFO [LogLoader partition=c-peer-kl04-04-oversize-2, dir=/workspace/work/c-peer/kafka-logs] Loading producer state till offset 0 with message format version 2 (kafka.log.UnifiedLog$)
[2026-10-02 20:47:05,052] INFO Completed load of Log(dir=/workspace/work/c-peer/kafka-logs/c-peer-kl04-04-oversize-2, topicId=TkwISoFMR4m73r-a2nOZ-g, topic=c-peer-kl04-04-oversize, partition=2, highWatermark=0, lastStableOffset=0, logStartOffset=0, logEndOffset=0) with 1 segments, local-log-start-offset 0 and log-end-offset 0 in 1ms (23/80 completed in /workspace/work/c-peer/kafka-logs) (kafka.log.LogManager)
[2026-10-02 20:47:05,055] INFO [LogLoader partition=__consumer_offsets-39, dir=/workspace/work/c-peer/kafka-logs] Loading producer state till offset 0 with message format version 2 (kafka.log.UnifiedLog$)
[2026-10-02 20:47:05,056] INFO Completed load of Log(dir=/workspace/work/c-peer/kafka-logs/__consumer_offsets-39, topicId=lKR-uqoHRIinm7F3aL0A_w, topic=__consumer_offsets, partition=39, highWatermark=0, lastStableOffset=0, logStartOffset=0, logEndOffset=0) with 1 segments, local-log-start-offset 0 and log-end-offset 0 in 4ms (24/80 completed in /workspace/work/c-peer/kafka-logs) (kafka.log.LogManager)
[2026-10-02 20:47:05,058] INFO [LogLoader partition=__consumer_offsets-12, dir=/workspace/work/c-peer/kafka-logs] Loading producer state till offset 0 with message format version 2 (kafka.log.UnifiedLog$)
[2026-10-02 20:47:05,059] INFO Completed load of Log(dir=/workspace/work/c-peer/kafka-logs/__consumer_offsets-12, topicId=lKR-uqoHRIinm7F3aL0A_w, topic=__consumer_offsets, partition=12, highWatermark=0, lastStableOffset=0, logStartOffset=0, logEndOffset=0) with 1 segments, local-log-start-offset 0 and log-end-offset 0 in 3ms (25/80 completed in /workspace/work/c-peer/kafka-logs) (kafka.log.LogManager)
[2026-10-02 20:47:05,060] INFO [LogLoader partition=__consumer_offsets-49, dir=/workspace/work/c-peer/kafka-logs] Loading producer state till offset 0 with message format version 2 (kafka.log.UnifiedLog$)
[2026-10-02 20:47:05,061] INFO Completed load of Log(dir=/workspace/work/c-peer/kafka-logs/__consumer_offsets-49, topicId=lKR-uqoHRIinm7F3aL0A_w, topic=__consumer_offsets, partition=49, highWatermark=0, lastStableOffset=0, logStartOffset=0, logEndOffset=0) with 1 segments, local-log-start-offset 0 and log-end-offset 0 in 1ms (26/80 completed in /workspace/work/c-peer/kafka-logs) (kafka.log.LogManager)
[2026-10-02 20:47:05,062] INFO [LogLoader partition=__consumer_offsets-10, dir=/workspace/work/c-peer/kafka-logs] Loading producer state till offset 0 with message format version 2 (kafka.log.UnifiedLog$)
[2026-10-02 20:47:05,063] INFO Completed load of Log(dir=/workspace/work/c-peer/kafka-logs/__consumer_offsets-10, topicId=lKR-uqoHRIinm7F3aL0A_w, topic=__consumer_offsets, partition=10, highWatermark=0, lastStableOffset=0, logStartOffset=0, logEndOffset=0) with 1 segments, local-log-start-offset 0 and log-end-offset 0 in 2ms (27/80 completed in /workspace/work/c-peer/kafka-logs) (kafka.log.LogManager)
[2026-10-02 20:47:05,065] INFO [LogLoader partition=__consumer_offsets-48, dir=/workspace/work/c-peer/kafka-logs] Loading producer state till offset 0 with message format version 2 (kafka.log.UnifiedLog$)
[2026-10-02 20:47:05,066] INFO Completed load of Log(dir=/workspace/work/c-peer/kafka-logs/__consumer_offsets-48, topicId=lKR-uqoHRIinm7F3aL0A_w, topic=__consumer_offsets, partition=48, highWatermark=0, lastStableOffset=0, logStartOffset=0, logEndOffset=0) with 1 segments, local-log-start-offset 0 and log-end-offset 0 in 3ms (28/80 completed in /workspace/work/c-peer/kafka-logs) (kafka.log.LogManager)
[2026-10-02 20:47:05,068] INFO [LogLoader partition=c-peer-kl04-04-success-1, dir=/workspace/work/c-peer/kafka-logs] Loading producer state till offset 43 with message format version 2 (kafka.log.UnifiedLog$)
[2026-10-02 20:47:05,068] INFO [LogLoader partition=c-peer-kl04-04-success-1, dir=/workspace/work/c-peer/kafka-logs] Reloading from producer snapshot and rebuilding producer state from offset 43 (kafka.log.UnifiedLog$)
[2026-10-02 20:47:05,068] INFO [ProducerStateManager partition=c-peer-kl04-04-success-1] Loading producer state from snapshot file 'SnapshotFile(offset=43, file=/workspace/work/c-peer/kafka-logs/c-peer-kl04-04-success-1/00000000000000000043.snapshot)' (org.apache.kafka.storage.internals.log.ProducerStateManager)
[2026-10-02 20:47:05,068] INFO [LogLoader partition=c-peer-kl04-04-success-1, dir=/workspace/work/c-peer/kafka-logs] Producer state recovery took 0ms for snapshot load and 0ms for segment recovery from offset 43 (kafka.log.UnifiedLog$)
[2026-10-02 20:47:05,069] INFO Completed load of Log(dir=/workspace/work/c-peer/kafka-logs/c-peer-kl04-04-success-1, topicId=1WVVnEMBR-St0M09txBcBg, topic=c-peer-kl04-04-success, partition=1, highWatermark=0, lastStableOffset=0, logStartOffset=0, logEndOffset=43) with 1 segments, local-log-start-offset 0 and log-end-offset 43 in 2ms (29/80 completed in /workspace/work/c-peer/kafka-logs) (kafka.log.LogManager)
[2026-10-02 20:47:05,071] INFO [LogLoader partition=__consumer_offsets-34, dir=/workspace/work/c-peer/kafka-logs] Loading producer state till offset 0 with message format version 2 (kafka.log.UnifiedLog$)
[2026-10-02 20:47:05,072] INFO Completed load of Log(dir=/workspace/work/c-peer/kafka-logs/__consumer_offsets-34, topicId=lKR-uqoHRIinm7F3aL0A_w, topic=__consumer_offsets, partition=34, highWatermark=0, lastStableOffset=0, logStartOffset=0, logEndOffset=0) with 1 segments, local-log-start-offset 0 and log-end-offset 0 in 3ms (30/80 completed in /workspace/work/c-peer/kafka-logs) (kafka.log.LogManager)
[2026-10-02 20:47:05,074] INFO [LogLoader partition=__consumer_offsets-16, dir=/workspace/work/c-peer/kafka-logs] Loading producer state till offset 0 with message format version 2 (kafka.log.UnifiedLog$)
[2026-10-02 20:47:05,074] INFO Completed load of Log(dir=/workspace/work/c-peer/kafka-logs/__consumer_offsets-16, topicId=lKR-uqoHRIinm7F3aL0A_w, topic=__consumer_offsets, partition=16, highWatermark=0, lastStableOffset=0, logStartOffset=0, logEndOffset=0) with 1 segments, local-log-start-offset 0 and log-end-offset 0 in 2ms (31/80 completed in /workspace/work/c-peer/kafka-logs) (kafka.log.LogManager)
[2026-10-02 20:47:05,075] INFO [LogLoader partition=__consumer_offsets-5, dir=/workspace/work/c-peer/kafka-logs] Loading producer state till offset 0 with message format version 2 (kafka.log.UnifiedLog$)
[2026-10-02 20:47:05,076] INFO Completed load of Log(dir=/workspace/work/c-peer/kafka-logs/__consumer_offsets-5, topicId=lKR-uqoHRIinm7F3aL0A_w, topic=__consumer_offsets, partition=5, highWatermark=0, lastStableOffset=0, logStartOffset=0, logEndOffset=0) with 1 segments, local-log-start-offset 0 and log-end-offset 0 in 1ms (32/80 completed in /workspace/work/c-peer/kafka-logs) (kafka.log.LogManager)
[2026-10-02 20:47:05,079] INFO [LogLoader partition=__consumer_offsets-45, dir=/workspace/work/c-peer/kafka-logs] Loading producer state till offset 0 with message format version 2 (kafka.log.UnifiedLog$)
[2026-10-02 20:47:05,094] INFO Completed load of Log(dir=/workspace/work/c-peer/kafka-logs/__consumer_offsets-45, topicId=lKR-uqoHRIinm7F3aL0A_w, topic=__consumer_offsets, partition=45, highWatermark=0, lastStableOffset=0, logStartOffset=0, logEndOffset=0) with 1 segments, local-log-start-offset 0 and log-end-offset 0 in 18ms (33/80 completed in /workspace/work/c-peer/kafka-logs) (kafka.log.LogManager)
[2026-10-02 20:47:05,096] INFO [LogLoader partition=__consumer_offsets-25, dir=/workspace/work/c-peer/kafka-logs] Loading producer state till offset 0 with message format version 2 (kafka.log.UnifiedLog$)
[2026-10-02 20:47:05,098] INFO Completed load of Log(dir=/workspace/work/c-peer/kafka-logs/__consumer_offsets-25, topicId=lKR-uqoHRIinm7F3aL0A_w, topic=__consumer_offsets, partition=25, highWatermark=0, lastStableOffset=0, logStartOffset=0, logEndOffset=0) with 1 segments, local-log-start-offset 0 and log-end-offset 0 in 3ms (34/80 completed in /workspace/work/c-peer/kafka-logs) (kafka.log.LogManager)
[2026-10-02 20:47:05,100] INFO [LogLoader partition=__consumer_offsets-40, dir=/workspace/work/c-peer/kafka-logs] Loading producer state till offset 0 with message format version 2 (kafka.log.UnifiedLog$)
[2026-10-02 20:47:05,101] INFO Completed load of Log(dir=/workspace/work/c-peer/kafka-logs/__consumer_offsets-40, topicId=lKR-uqoHRIinm7F3aL0A_w, topic=__consumer_offsets, partition=40, highWatermark=0, lastStableOffset=0, logStartOffset=0, logEndOffset=0) with 1 segments, local-log-start-offset 0 and log-end-offset 0 in 4ms (35/80 completed in /workspace/work/c-peer/kafka-logs) (kafka.log.LogManager)
[2026-10-02 20:47:05,104] INFO [LogLoader partition=c-peer-kl04-04-success-5, dir=/workspace/work/c-peer/kafka-logs] Loading producer state till offset 42 with message format version 2 (kafka.log.UnifiedLog$)
[2026-10-02 20:47:05,104] INFO [LogLoader partition=c-peer-kl04-04-success-5, dir=/workspace/work/c-peer/kafka-logs] Reloading from producer snapshot and rebuilding producer state from offset 42 (kafka.log.UnifiedLog$)
[2026-10-02 20:47:05,104] INFO [ProducerStateManager partition=c-peer-kl04-04-success-5] Loading producer state from snapshot file 'SnapshotFile(offset=42, file=/workspace/work/c-peer/kafka-logs/c-peer-kl04-04-success-5/00000000000000000042.snapshot)' (org.apache.kafka.storage.internals.log.ProducerStateManager)
[2026-10-02 20:47:05,105] INFO [LogLoader partition=c-peer-kl04-04-success-5, dir=/workspace/work/c-peer/kafka-logs] Producer state recovery took 1ms for snapshot load and 0ms for segment recovery from offset 42 (kafka.log.UnifiedLog$)
[2026-10-02 20:47:05,105] INFO Completed load of Log(dir=/workspace/work/c-peer/kafka-logs/c-peer-kl04-04-success-5, topicId=1WVVnEMBR-St0M09txBcBg, topic=c-peer-kl04-04-success, partition=5, highWatermark=0, lastStableOffset=0, logStartOffset=0, logEndOffset=42) with 1 segments, local-log-start-offset 0 and log-end-offset 42 in 4ms (36/80 completed in /workspace/work/c-peer/kafka-logs) (kafka.log.LogManager)
[2026-10-02 20:47:05,106] INFO [LogLoader partition=__consumer_offsets-7, dir=/workspace/work/c-peer/kafka-logs] Loading producer state till offset 0 with message format version 2 (kafka.log.UnifiedLog$)
[2026-10-02 20:47:05,108] INFO Completed load of Log(dir=/workspace/work/c-peer/kafka-logs/__consumer_offsets-7, topicId=lKR-uqoHRIinm7F3aL0A_w, topic=__consumer_offsets, partition=7, highWatermark=0, lastStableOffset=0, logStartOffset=0, logEndOffset=0) with 1 segments, local-log-start-offset 0 and log-end-offset 0 in 3ms (37/80 completed in /workspace/work/c-peer/kafka-logs) (kafka.log.LogManager)
[2026-10-02 20:47:05,110] INFO [LogLoader partition=c-peer-kl04-04-oversize-1, dir=/workspace/work/c-peer/kafka-logs] Loading producer state till offset 0 with message format version 2 (kafka.log.UnifiedLog$)
[2026-10-02 20:47:05,111] INFO Completed load of Log(dir=/workspace/work/c-peer/kafka-logs/c-peer-kl04-04-oversize-1, topicId=TkwISoFMR4m73r-a2nOZ-g, topic=c-peer-kl04-04-oversize, partition=1, highWatermark=0, lastStableOffset=0, logStartOffset=0, logEndOffset=0) with 1 segments, local-log-start-offset 0 and log-end-offset 0 in 3ms (38/80 completed in /workspace/work/c-peer/kafka-logs) (kafka.log.LogManager)
[2026-10-02 20:47:05,113] INFO [LogLoader partition=c-peer-kl04-04-harness-02-1, dir=/workspace/work/c-peer/kafka-logs] Loading producer state till offset 6 with message format version 2 (kafka.log.UnifiedLog$)
[2026-10-02 20:47:05,113] INFO [LogLoader partition=c-peer-kl04-04-harness-02-1, dir=/workspace/work/c-peer/kafka-logs] Reloading from producer snapshot and rebuilding producer state from offset 6 (kafka.log.UnifiedLog$)
[2026-10-02 20:47:05,113] INFO [ProducerStateManager partition=c-peer-kl04-04-harness-02-1] Loading producer state from snapshot file 'SnapshotFile(offset=6, file=/workspace/work/c-peer/kafka-logs/c-peer-kl04-04-harness-02-1/00000000000000000006.snapshot)' (org.apache.kafka.storage.internals.log.ProducerStateManager)
[2026-10-02 20:47:05,113] INFO [LogLoader partition=c-peer-kl04-04-harness-02-1, dir=/workspace/work/c-peer/kafka-logs] Producer state recovery took 0ms for snapshot load and 0ms for segment recovery from offset 6 (kafka.log.UnifiedLog$)
[2026-10-02 20:47:05,114] INFO Completed load of Log(dir=/workspace/work/c-peer/kafka-logs/c-peer-kl04-04-harness-02-1, topicId=DNU2RpXaT6mQ9-BVAYEecw, topic=c-peer-kl04-04-harness-02, partition=1, highWatermark=0, lastStableOffset=0, logStartOffset=0, logEndOffset=6) with 1 segments, local-log-start-offset 0 and log-end-offset 6 in 2ms (39/80 completed in /workspace/work/c-peer/kafka-logs) (kafka.log.LogManager)
[2026-10-02 20:47:05,116] INFO [LogLoader partition=__consumer_offsets-1, dir=/workspace/work/c-peer/kafka-logs] Loading producer state till offset 0 with message format version 2 (kafka.log.UnifiedLog$)
[2026-10-02 20:47:05,116] INFO Completed load of Log(dir=/workspace/work/c-peer/kafka-logs/__consumer_offsets-1, topicId=lKR-uqoHRIinm7F3aL0A_w, topic=__consumer_offsets, partition=1, highWatermark=0, lastStableOffset=0, logStartOffset=0, logEndOffset=0) with 1 segments, local-log-start-offset 0 and log-end-offset 0 in 3ms (40/80 completed in /workspace/work/c-peer/kafka-logs) (kafka.log.LogManager)
[2026-10-02 20:47:05,117] INFO [LogLoader partition=__consumer_offsets-11, dir=/workspace/work/c-peer/kafka-logs] Loading producer state till offset 0 with message format version 2 (kafka.log.UnifiedLog$)
[2026-10-02 20:47:05,118] INFO Completed load of Log(dir=/workspace/work/c-peer/kafka-logs/__consumer_offsets-11, topicId=lKR-uqoHRIinm7F3aL0A_w, topic=__consumer_offsets, partition=11, highWatermark=0, lastStableOffset=0, logStartOffset=0, logEndOffset=0) with 1 segments, local-log-start-offset 0 and log-end-offset 0 in 1ms (41/80 completed in /workspace/work/c-peer/kafka-logs) (kafka.log.LogManager)
[2026-10-02 20:47:05,120] INFO [LogLoader partition=c-peer-kl04-04-success-02-3, dir=/workspace/work/c-peer/kafka-logs] Loading producer state till offset 1710 with message format version 2 (kafka.log.UnifiedLog$)
[2026-10-02 20:47:05,120] INFO [LogLoader partition=c-peer-kl04-04-success-02-3, dir=/workspace/work/c-peer/kafka-logs] Reloading from producer snapshot and rebuilding producer state from offset 1710 (kafka.log.UnifiedLog$)
[2026-10-02 20:47:05,120] INFO [ProducerStateManager partition=c-peer-kl04-04-success-02-3] Loading producer state from snapshot file 'SnapshotFile(offset=1710, file=/workspace/work/c-peer/kafka-logs/c-peer-kl04-04-success-02-3/00000000000000001710.snapshot)' (org.apache.kafka.storage.internals.log.ProducerStateManager)
[2026-10-02 20:47:05,120] INFO [LogLoader partition=c-peer-kl04-04-success-02-3, dir=/workspace/work/c-peer/kafka-logs] Producer state recovery took 0ms for snapshot load and 0ms for segment recovery from offset 1710 (kafka.log.UnifiedLog$)
[2026-10-02 20:47:05,121] INFO Completed load of Log(dir=/workspace/work/c-peer/kafka-logs/c-peer-kl04-04-success-02-3, topicId=PC46umNvTb-dlj8JQlm2OA, topic=c-peer-kl04-04-success-02, partition=3, highWatermark=0, lastStableOffset=0, logStartOffset=0, logEndOffset=1710) with 1 segments, local-log-start-offset 0 and log-end-offset 1710 in 3ms (42/80 completed in /workspace/work/c-peer/kafka-logs) (kafka.log.LogManager)
[2026-10-02 20:47:05,123] INFO [LogLoader partition=c-peer-kl04-04-delivery-failure-3, dir=/workspace/work/c-peer/kafka-logs] Loading producer state till offset 5 with message format version 2 (kafka.log.UnifiedLog$)
[2026-10-02 20:47:05,123] INFO [LogLoader partition=c-peer-kl04-04-delivery-failure-3, dir=/workspace/work/c-peer/kafka-logs] Reloading from producer snapshot and rebuilding producer state from offset 5 (kafka.log.UnifiedLog$)
[2026-10-02 20:47:05,123] INFO [ProducerStateManager partition=c-peer-kl04-04-delivery-failure-3] Loading producer state from snapshot file 'SnapshotFile(offset=5, file=/workspace/work/c-peer/kafka-logs/c-peer-kl04-04-delivery-failure-3/00000000000000000005.snapshot)' (org.apache.kafka.storage.internals.log.ProducerStateManager)
[2026-10-02 20:47:05,123] INFO [LogLoader partition=c-peer-kl04-04-delivery-failure-3, dir=/workspace/work/c-peer/kafka-logs] Producer state recovery took 0ms for snapshot load and 0ms for segment recovery from offset 5 (kafka.log.UnifiedLog$)
[2026-10-02 20:47:05,124] INFO Completed load of Log(dir=/workspace/work/c-peer/kafka-logs/c-peer-kl04-04-delivery-failure-3, topicId=epUgFCOBRX6Yi3UkkSXU8w, topic=c-peer-kl04-04-delivery-failure, partition=3, highWatermark=0, lastStableOffset=0, logStartOffset=0, logEndOffset=5) with 1 segments, local-log-start-offset 0 and log-end-offset 5 in 4ms (43/80 completed in /workspace/work/c-peer/kafka-logs) (kafka.log.LogManager)
[2026-10-02 20:47:05,125] INFO [LogLoader partition=c-peer-kl04-04-delivery-failure-4, dir=/workspace/work/c-peer/kafka-logs] Loading producer state till offset 5 with message format version 2 (kafka.log.UnifiedLog$)
[2026-10-02 20:47:05,125] INFO [LogLoader partition=c-peer-kl04-04-delivery-failure-4, dir=/workspace/work/c-peer/kafka-logs] Reloading from producer snapshot and rebuilding producer state from offset 5 (kafka.log.UnifiedLog$)
[2026-10-02 20:47:05,125] INFO [ProducerStateManager partition=c-peer-kl04-04-delivery-failure-4] Loading producer state from snapshot file 'SnapshotFile(offset=5, file=/workspace/work/c-peer/kafka-logs/c-peer-kl04-04-delivery-failure-4/00000000000000000005.snapshot)' (org.apache.kafka.storage.internals.log.ProducerStateManager)
[2026-10-02 20:47:05,126] INFO [LogLoader partition=c-peer-kl04-04-delivery-failure-4, dir=/workspace/work/c-peer/kafka-logs] Producer state recovery took 1ms for snapshot load and 0ms for segment recovery from offset 5 (kafka.log.UnifiedLog$)
[2026-10-02 20:47:05,126] INFO Completed load of Log(dir=/workspace/work/c-peer/kafka-logs/c-peer-kl04-04-delivery-failure-4, topicId=epUgFCOBRX6Yi3UkkSXU8w, topic=c-peer-kl04-04-delivery-failure, partition=4, highWatermark=0, lastStableOffset=0, logStartOffset=0, logEndOffset=5) with 1 segments, local-log-start-offset 0 and log-end-offset 5 in 2ms (44/80 completed in /workspace/work/c-peer/kafka-logs) (kafka.log.LogManager)
[2026-10-02 20:47:05,128] INFO [LogLoader partition=c-peer-kl04-04-success-0, dir=/workspace/work/c-peer/kafka-logs] Loading producer state till offset 43 with message format version 2 (kafka.log.UnifiedLog$)
[2026-10-02 20:47:05,128] INFO [LogLoader partition=c-peer-kl04-04-success-0, dir=/workspace/work/c-peer/kafka-logs] Reloading from producer snapshot and rebuilding producer state from offset 43 (kafka.log.UnifiedLog$)
[2026-10-02 20:47:05,128] INFO [ProducerStateManager partition=c-peer-kl04-04-success-0] Loading producer state from snapshot file 'SnapshotFile(offset=43, file=/workspace/work/c-peer/kafka-logs/c-peer-kl04-04-success-0/00000000000000000043.snapshot)' (org.apache.kafka.storage.internals.log.ProducerStateManager)
[2026-10-02 20:47:05,128] INFO [LogLoader partition=c-peer-kl04-04-success-0, dir=/workspace/work/c-peer/kafka-logs] Producer state recovery took 0ms for snapshot load and 0ms for segment recovery from offset 43 (kafka.log.UnifiedLog$)
[2026-10-02 20:47:05,129] INFO Completed load of Log(dir=/workspace/work/c-peer/kafka-logs/c-peer-kl04-04-success-0, topicId=1WVVnEMBR-St0M09txBcBg, topic=c-peer-kl04-04-success, partition=0, highWatermark=0, lastStableOffset=0, logStartOffset=0, logEndOffset=43) with 1 segments, local-log-start-offset 0 and log-end-offset 43 in 2ms (45/80 completed in /workspace/work/c-peer/kafka-logs) (kafka.log.LogManager)
[2026-10-02 20:47:05,130] INFO [LogLoader partition=__consumer_offsets-28, dir=/workspace/work/c-peer/kafka-logs] Loading producer state till offset 0 with message format version 2 (kafka.log.UnifiedLog$)
[2026-10-02 20:47:05,131] INFO Completed load of Log(dir=/workspace/work/c-peer/kafka-logs/__consumer_offsets-28, topicId=lKR-uqoHRIinm7F3aL0A_w, topic=__consumer_offsets, partition=28, highWatermark=0, lastStableOffset=0, logStartOffset=0, logEndOffset=0) with 1 segments, local-log-start-offset 0 and log-end-offset 0 in 1ms (46/80 completed in /workspace/work/c-peer/kafka-logs) (kafka.log.LogManager)
[2026-10-02 20:47:05,132] INFO [LogLoader partition=__consumer_offsets-0, dir=/workspace/work/c-peer/kafka-logs] Loading producer state till offset 0 with message format version 2 (kafka.log.UnifiedLog$)
[2026-10-02 20:47:05,133] INFO Completed load of Log(dir=/workspace/work/c-peer/kafka-logs/__consumer_offsets-0, topicId=lKR-uqoHRIinm7F3aL0A_w, topic=__consumer_offsets, partition=0, highWatermark=0, lastStableOffset=0, logStartOffset=0, logEndOffset=0) with 1 segments, local-log-start-offset 0 and log-end-offset 0 in 3ms (47/80 completed in /workspace/work/c-peer/kafka-logs) (kafka.log.LogManager)
[2026-10-02 20:47:05,135] INFO [LogLoader partition=c-peer-kl04-04-harness-02-2, dir=/workspace/work/c-peer/kafka-logs] Loading producer state till offset 5 with message format version 2 (kafka.log.UnifiedLog$)
[2026-10-02 20:47:05,135] INFO [LogLoader partition=c-peer-kl04-04-harness-02-2, dir=/workspace/work/c-peer/kafka-logs] Reloading from producer snapshot and rebuilding producer state from offset 5 (kafka.log.UnifiedLog$)
[2026-10-02 20:47:05,135] INFO [ProducerStateManager partition=c-peer-kl04-04-harness-02-2] Loading producer state from snapshot file 'SnapshotFile(offset=5, file=/workspace/work/c-peer/kafka-logs/c-peer-kl04-04-harness-02-2/00000000000000000005.snapshot)' (org.apache.kafka.storage.internals.log.ProducerStateManager)
[2026-10-02 20:47:05,135] INFO [LogLoader partition=c-peer-kl04-04-harness-02-2, dir=/workspace/work/c-peer/kafka-logs] Producer state recovery took 0ms for snapshot load and 0ms for segment recovery from offset 5 (kafka.log.UnifiedLog$)
[2026-10-02 20:47:05,136] INFO Completed load of Log(dir=/workspace/work/c-peer/kafka-logs/c-peer-kl04-04-harness-02-2, topicId=DNU2RpXaT6mQ9-BVAYEecw, topic=c-peer-kl04-04-harness-02, partition=2, highWatermark=0, lastStableOffset=0, logStartOffset=0, logEndOffset=5) with 1 segments, local-log-start-offset 0 and log-end-offset 5 in 3ms (48/80 completed in /workspace/work/c-peer/kafka-logs) (kafka.log.LogManager)
[2026-10-02 20:47:05,138] INFO [LogLoader partition=__consumer_offsets-20, dir=/workspace/work/c-peer/kafka-logs] Loading producer state till offset 0 with message format version 2 (kafka.log.UnifiedLog$)
[2026-10-02 20:47:05,138] INFO Completed load of Log(dir=/workspace/work/c-peer/kafka-logs/__consumer_offsets-20, topicId=lKR-uqoHRIinm7F3aL0A_w, topic=__consumer_offsets, partition=20, highWatermark=0, lastStableOffset=0, logStartOffset=0, logEndOffset=0) with 1 segments, local-log-start-offset 0 and log-end-offset 0 in 2ms (49/80 completed in /workspace/work/c-peer/kafka-logs) (kafka.log.LogManager)
[2026-10-02 20:47:05,139] INFO [LogLoader partition=__consumer_offsets-37, dir=/workspace/work/c-peer/kafka-logs] Loading producer state till offset 0 with message format version 2 (kafka.log.UnifiedLog$)
[2026-10-02 20:47:05,140] INFO Completed load of Log(dir=/workspace/work/c-peer/kafka-logs/__consumer_offsets-37, topicId=lKR-uqoHRIinm7F3aL0A_w, topic=__consumer_offsets, partition=37, highWatermark=0, lastStableOffset=0, logStartOffset=0, logEndOffset=0) with 1 segments, local-log-start-offset 0 and log-end-offset 0 in 2ms (50/80 completed in /workspace/work/c-peer/kafka-logs) (kafka.log.LogManager)
[2026-10-02 20:47:05,141] INFO [LogLoader partition=__consumer_offsets-8, dir=/workspace/work/c-peer/kafka-logs] Loading producer state till offset 0 with message format version 2 (kafka.log.UnifiedLog$)
[2026-10-02 20:47:05,142] INFO Completed load of Log(dir=/workspace/work/c-peer/kafka-logs/__consumer_offsets-8, topicId=lKR-uqoHRIinm7F3aL0A_w, topic=__consumer_offsets, partition=8, highWatermark=0, lastStableOffset=0, logStartOffset=0, logEndOffset=0) with 1 segments, local-log-start-offset 0 and log-end-offset 0 in 2ms (51/80 completed in /workspace/work/c-peer/kafka-logs) (kafka.log.LogManager)
[2026-10-02 20:47:05,143] INFO [LogLoader partition=__consumer_offsets-33, dir=/workspace/work/c-peer/kafka-logs] Loading producer state till offset 0 with message format version 2 (kafka.log.UnifiedLog$)
[2026-10-02 20:47:05,144] INFO Completed load of Log(dir=/workspace/work/c-peer/kafka-logs/__consumer_offsets-33, topicId=lKR-uqoHRIinm7F3aL0A_w, topic=__consumer_offsets, partition=33, highWatermark=0, lastStableOffset=0, logStartOffset=0, logEndOffset=0) with 1 segments, local-log-start-offset 0 and log-end-offset 0 in 1ms (52/80 completed in /workspace/work/c-peer/kafka-logs) (kafka.log.LogManager)
[2026-10-02 20:47:05,145] INFO [LogLoader partition=__consumer_offsets-3, dir=/workspace/work/c-peer/kafka-logs] Loading producer state till offset 0 with message format version 2 (kafka.log.UnifiedLog$)
[2026-10-02 20:47:05,145] INFO Completed load of Log(dir=/workspace/work/c-peer/kafka-logs/__consumer_offsets-3, topicId=lKR-uqoHRIinm7F3aL0A_w, topic=__consumer_offsets, partition=3, highWatermark=0, lastStableOffset=0, logStartOffset=0, logEndOffset=0) with 1 segments, local-log-start-offset 0 and log-end-offset 0 in 2ms (53/80 completed in /workspace/work/c-peer/kafka-logs) (kafka.log.LogManager)
[2026-10-02 20:47:05,147] INFO [LogLoader partition=__consumer_offsets-21, dir=/workspace/work/c-peer/kafka-logs] Loading producer state till offset 0 with message format version 2 (kafka.log.UnifiedLog$)
[2026-10-02 20:47:05,148] INFO Completed load of Log(dir=/workspace/work/c-peer/kafka-logs/__consumer_offsets-21, topicId=lKR-uqoHRIinm7F3aL0A_w, topic=__consumer_offsets, partition=21, highWatermark=0, lastStableOffset=0, logStartOffset=0, logEndOffset=0) with 1 segments, local-log-start-offset 0 and log-end-offset 0 in 3ms (54/80 completed in /workspace/work/c-peer/kafka-logs) (kafka.log.LogManager)
[2026-10-02 20:47:05,150] INFO [LogLoader partition=c-peer-kl04-04-delivery-failure-2, dir=/workspace/work/c-peer/kafka-logs] Loading producer state till offset 5 with message format version 2 (kafka.log.UnifiedLog$)
[2026-10-02 20:47:05,150] INFO [LogLoader partition=c-peer-kl04-04-delivery-failure-2, dir=/workspace/work/c-peer/kafka-logs] Reloading from producer snapshot and rebuilding producer state from offset 5 (kafka.log.UnifiedLog$)
[2026-10-02 20:47:05,150] INFO [ProducerStateManager partition=c-peer-kl04-04-delivery-failure-2] Loading producer state from snapshot file 'SnapshotFile(offset=5, file=/workspace/work/c-peer/kafka-logs/c-peer-kl04-04-delivery-failure-2/00000000000000000005.snapshot)' (org.apache.kafka.storage.internals.log.ProducerStateManager)
[2026-10-02 20:47:05,150] INFO [LogLoader partition=c-peer-kl04-04-delivery-failure-2, dir=/workspace/work/c-peer/kafka-logs] Producer state recovery took 0ms for snapshot load and 0ms for segment recovery from offset 5 (kafka.log.UnifiedLog$)
[2026-10-02 20:47:05,151] INFO Completed load of Log(dir=/workspace/work/c-peer/kafka-logs/c-peer-kl04-04-delivery-failure-2, topicId=epUgFCOBRX6Yi3UkkSXU8w, topic=c-peer-kl04-04-delivery-failure, partition=2, highWatermark=0, lastStableOffset=0, logStartOffset=0, logEndOffset=5) with 1 segments, local-log-start-offset 0 and log-end-offset 5 in 2ms (55/80 completed in /workspace/work/c-peer/kafka-logs) (kafka.log.LogManager)
[2026-10-02 20:47:05,152] INFO [LogLoader partition=__consumer_offsets-36, dir=/workspace/work/c-peer/kafka-logs] Loading producer state till offset 0 with message format version 2 (kafka.log.UnifiedLog$)
[2026-10-02 20:47:05,153] INFO Completed load of Log(dir=/workspace/work/c-peer/kafka-logs/__consumer_offsets-36, topicId=lKR-uqoHRIinm7F3aL0A_w, topic=__consumer_offsets, partition=36, highWatermark=0, lastStableOffset=0, logStartOffset=0, logEndOffset=0) with 1 segments, local-log-start-offset 0 and log-end-offset 0 in 2ms (56/80 completed in /workspace/work/c-peer/kafka-logs) (kafka.log.LogManager)
[2026-10-02 20:47:05,154] INFO [LogLoader partition=__consumer_offsets-41, dir=/workspace/work/c-peer/kafka-logs] Loading producer state till offset 0 with message format version 2 (kafka.log.UnifiedLog$)
[2026-10-02 20:47:05,155] INFO Completed load of Log(dir=/workspace/work/c-peer/kafka-logs/__consumer_offsets-41, topicId=lKR-uqoHRIinm7F3aL0A_w, topic=__consumer_offsets, partition=41, highWatermark=0, lastStableOffset=0, logStartOffset=0, logEndOffset=0) with 1 segments, local-log-start-offset 0 and log-end-offset 0 in 2ms (57/80 completed in /workspace/work/c-peer/kafka-logs) (kafka.log.LogManager)
[2026-10-02 20:47:05,157] INFO [LogLoader partition=__consumer_offsets-31, dir=/workspace/work/c-peer/kafka-logs] Loading producer state till offset 0 with message format version 2 (kafka.log.UnifiedLog$)
[2026-10-02 20:47:05,157] INFO Completed load of Log(dir=/workspace/work/c-peer/kafka-logs/__consumer_offsets-31, topicId=lKR-uqoHRIinm7F3aL0A_w, topic=__consumer_offsets, partition=31, highWatermark=0, lastStableOffset=0, logStartOffset=0, logEndOffset=0) with 1 segments, local-log-start-offset 0 and log-end-offset 0 in 3ms (58/80 completed in /workspace/work/c-peer/kafka-logs) (kafka.log.LogManager)
[2026-10-02 20:47:05,158] INFO [LogLoader partition=c-peer-kl04-04-delivery-failure-1, dir=/workspace/work/c-peer/kafka-logs] Loading producer state till offset 6 with message format version 2 (kafka.log.UnifiedLog$)
[2026-10-02 20:47:05,158] INFO [LogLoader partition=c-peer-kl04-04-delivery-failure-1, dir=/workspace/work/c-peer/kafka-logs] Reloading from producer snapshot and rebuilding producer state from offset 6 (kafka.log.UnifiedLog$)
[2026-10-02 20:47:05,158] INFO [ProducerStateManager partition=c-peer-kl04-04-delivery-failure-1] Loading producer state from snapshot file 'SnapshotFile(offset=6, file=/workspace/work/c-peer/kafka-logs/c-peer-kl04-04-delivery-failure-1/00000000000000000006.snapshot)' (org.apache.kafka.storage.internals.log.ProducerStateManager)
[2026-10-02 20:47:05,159] INFO [LogLoader partition=c-peer-kl04-04-delivery-failure-1, dir=/workspace/work/c-peer/kafka-logs] Producer state recovery took 1ms for snapshot load and 0ms for segment recovery from offset 6 (kafka.log.UnifiedLog$)
[2026-10-02 20:47:05,159] INFO Completed load of Log(dir=/workspace/work/c-peer/kafka-logs/c-peer-kl04-04-delivery-failure-1, topicId=epUgFCOBRX6Yi3UkkSXU8w, topic=c-peer-kl04-04-delivery-failure, partition=1, highWatermark=0, lastStableOffset=0, logStartOffset=0, logEndOffset=6) with 1 segments, local-log-start-offset 0 and log-end-offset 6 in 2ms (59/80 completed in /workspace/work/c-peer/kafka-logs) (kafka.log.LogManager)
[2026-10-02 20:47:05,161] INFO [LogLoader partition=__consumer_offsets-42, dir=/workspace/work/c-peer/kafka-logs] Loading producer state till offset 0 with message format version 2 (kafka.log.UnifiedLog$)
[2026-10-02 20:47:05,162] INFO Completed load of Log(dir=/workspace/work/c-peer/kafka-logs/__consumer_offsets-42, topicId=lKR-uqoHRIinm7F3aL0A_w, topic=__consumer_offsets, partition=42, highWatermark=0, lastStableOffset=0, logStartOffset=0, logEndOffset=0) with 1 segments, local-log-start-offset 0 and log-end-offset 0 in 2ms (60/80 completed in /workspace/work/c-peer/kafka-logs) (kafka.log.LogManager)
[2026-10-02 20:47:05,164] INFO [LogLoader partition=c-peer-kl04-04-harness-02-0, dir=/workspace/work/c-peer/kafka-logs] Loading producer state till offset 6 with message format version 2 (kafka.log.UnifiedLog$)
[2026-10-02 20:47:05,164] INFO [LogLoader partition=c-peer-kl04-04-harness-02-0, dir=/workspace/work/c-peer/kafka-logs] Reloading from producer snapshot and rebuilding producer state from offset 6 (kafka.log.UnifiedLog$)
[2026-10-02 20:47:05,164] INFO [ProducerStateManager partition=c-peer-kl04-04-harness-02-0] Loading producer state from snapshot file 'SnapshotFile(offset=6, file=/workspace/work/c-peer/kafka-logs/c-peer-kl04-04-harness-02-0/00000000000000000006.snapshot)' (org.apache.kafka.storage.internals.log.ProducerStateManager)
[2026-10-02 20:47:05,165] INFO [LogLoader partition=c-peer-kl04-04-harness-02-0, dir=/workspace/work/c-peer/kafka-logs] Producer state recovery took 1ms for snapshot load and 0ms for segment recovery from offset 6 (kafka.log.UnifiedLog$)
[2026-10-02 20:47:05,165] INFO Completed load of Log(dir=/workspace/work/c-peer/kafka-logs/c-peer-kl04-04-harness-02-0, topicId=DNU2RpXaT6mQ9-BVAYEecw, topic=c-peer-kl04-04-harness-02, partition=0, highWatermark=0, lastStableOffset=0, logStartOffset=0, logEndOffset=6) with 1 segments, local-log-start-offset 0 and log-end-offset 6 in 3ms (61/80 completed in /workspace/work/c-peer/kafka-logs) (kafka.log.LogManager)
[2026-10-02 20:47:05,167] INFO [LogLoader partition=c-peer-kl04-04-harness-02-5, dir=/workspace/work/c-peer/kafka-logs] Loading producer state till offset 5 with message format version 2 (kafka.log.UnifiedLog$)
[2026-10-02 20:47:05,167] INFO [LogLoader partition=c-peer-kl04-04-harness-02-5, dir=/workspace/work/c-peer/kafka-logs] Reloading from producer snapshot and rebuilding producer state from offset 5 (kafka.log.UnifiedLog$)
[2026-10-02 20:47:05,167] INFO [ProducerStateManager partition=c-peer-kl04-04-harness-02-5] Loading producer state from snapshot file 'SnapshotFile(offset=5, file=/workspace/work/c-peer/kafka-logs/c-peer-kl04-04-harness-02-5/00000000000000000005.snapshot)' (org.apache.kafka.storage.internals.log.ProducerStateManager)
[2026-10-02 20:47:05,167] INFO [LogLoader partition=c-peer-kl04-04-harness-02-5, dir=/workspace/work/c-peer/kafka-logs] Producer state recovery took 0ms for snapshot load and 0ms for segment recovery from offset 5 (kafka.log.UnifiedLog$)
[2026-10-02 20:47:05,168] INFO Completed load of Log(dir=/workspace/work/c-peer/kafka-logs/c-peer-kl04-04-harness-02-5, topicId=DNU2RpXaT6mQ9-BVAYEecw, topic=c-peer-kl04-04-harness-02, partition=5, highWatermark=0, lastStableOffset=0, logStartOffset=0, logEndOffset=5) with 1 segments, local-log-start-offset 0 and log-end-offset 5 in 2ms (62/80 completed in /workspace/work/c-peer/kafka-logs) (kafka.log.LogManager)
[2026-10-02 20:47:05,169] INFO [LogLoader partition=c-peer-kl04-04-delivery-failure-0, dir=/workspace/work/c-peer/kafka-logs] Loading producer state till offset 6 with message format version 2 (kafka.log.UnifiedLog$)
[2026-10-02 20:47:05,169] INFO [LogLoader partition=c-peer-kl04-04-delivery-failure-0, dir=/workspace/work/c-peer/kafka-logs] Reloading from producer snapshot and rebuilding producer state from offset 6 (kafka.log.UnifiedLog$)
[2026-10-02 20:47:05,169] INFO [ProducerStateManager partition=c-peer-kl04-04-delivery-failure-0] Loading producer state from snapshot file 'SnapshotFile(offset=6, file=/workspace/work/c-peer/kafka-logs/c-peer-kl04-04-delivery-failure-0/00000000000000000006.snapshot)' (org.apache.kafka.storage.internals.log.ProducerStateManager)
[2026-10-02 20:47:05,169] INFO [LogLoader partition=c-peer-kl04-04-delivery-failure-0, dir=/workspace/work/c-peer/kafka-logs] Producer state recovery took 0ms for snapshot load and 0ms for segment recovery from offset 6 (kafka.log.UnifiedLog$)
[2026-10-02 20:47:05,170] INFO Completed load of Log(dir=/workspace/work/c-peer/kafka-logs/c-peer-kl04-04-delivery-failure-0, topicId=epUgFCOBRX6Yi3UkkSXU8w, topic=c-peer-kl04-04-delivery-failure, partition=0, highWatermark=0, lastStableOffset=0, logStartOffset=0, logEndOffset=6) with 1 segments, local-log-start-offset 0 and log-end-offset 6 in 3ms (63/80 completed in /workspace/work/c-peer/kafka-logs) (kafka.log.LogManager)
[2026-10-02 20:47:05,172] INFO [LogLoader partition=__consumer_offsets-18, dir=/workspace/work/c-peer/kafka-logs] Loading producer state till offset 0 with message format version 2 (kafka.log.UnifiedLog$)
[2026-10-02 20:47:05,172] INFO Completed load of Log(dir=/workspace/work/c-peer/kafka-logs/__consumer_offsets-18, topicId=lKR-uqoHRIinm7F3aL0A_w, topic=__consumer_offsets, partition=18, highWatermark=0, lastStableOffset=0, logStartOffset=0, logEndOffset=0) with 1 segments, local-log-start-offset 0 and log-end-offset 0 in 2ms (64/80 completed in /workspace/work/c-peer/kafka-logs) (kafka.log.LogManager)
[2026-10-02 20:47:05,174] INFO [LogLoader partition=c-peer-kl04-04-harness-02-4, dir=/workspace/work/c-peer/kafka-logs] Loading producer state till offset 5 with message format version 2 (kafka.log.UnifiedLog$)
[2026-10-02 20:47:05,174] INFO [LogLoader partition=c-peer-kl04-04-harness-02-4, dir=/workspace/work/c-peer/kafka-logs] Reloading from producer snapshot and rebuilding producer state from offset 5 (kafka.log.UnifiedLog$)
[2026-10-02 20:47:05,174] INFO [ProducerStateManager partition=c-peer-kl04-04-harness-02-4] Loading producer state from snapshot file 'SnapshotFile(offset=5, file=/workspace/work/c-peer/kafka-logs/c-peer-kl04-04-harness-02-4/00000000000000000005.snapshot)' (org.apache.kafka.storage.internals.log.ProducerStateManager)
[2026-10-02 20:47:05,174] INFO [LogLoader partition=c-peer-kl04-04-harness-02-4, dir=/workspace/work/c-peer/kafka-logs] Producer state recovery took 0ms for snapshot load and 0ms for segment recovery from offset 5 (kafka.log.UnifiedLog$)
[2026-10-02 20:47:05,175] INFO Completed load of Log(dir=/workspace/work/c-peer/kafka-logs/c-peer-kl04-04-harness-02-4, topicId=DNU2RpXaT6mQ9-BVAYEecw, topic=c-peer-kl04-04-harness-02, partition=4, highWatermark=0, lastStableOffset=0, logStartOffset=0, logEndOffset=5) with 1 segments, local-log-start-offset 0 and log-end-offset 5 in 3ms (65/80 completed in /workspace/work/c-peer/kafka-logs) (kafka.log.LogManager)
[2026-10-02 20:47:05,176] INFO [LogLoader partition=c-peer-kl04-04-oversize-5, dir=/workspace/work/c-peer/kafka-logs] Loading producer state till offset 0 with message format version 2 (kafka.log.UnifiedLog$)
[2026-10-02 20:47:05,177] INFO Completed load of Log(dir=/workspace/work/c-peer/kafka-logs/c-peer-kl04-04-oversize-5, topicId=TkwISoFMR4m73r-a2nOZ-g, topic=c-peer-kl04-04-oversize, partition=5, highWatermark=0, lastStableOffset=0, logStartOffset=0, logEndOffset=0) with 1 segments, local-log-start-offset 0 and log-end-offset 0 in 1ms (66/80 completed in /workspace/work/c-peer/kafka-logs) (kafka.log.LogManager)
[2026-10-02 20:47:05,178] INFO [LogLoader partition=c-peer-kl04-04-success-4, dir=/workspace/work/c-peer/kafka-logs] Loading producer state till offset 42 with message format version 2 (kafka.log.UnifiedLog$)
[2026-10-02 20:47:05,178] INFO [LogLoader partition=c-peer-kl04-04-success-4, dir=/workspace/work/c-peer/kafka-logs] Reloading from producer snapshot and rebuilding producer state from offset 42 (kafka.log.UnifiedLog$)
[2026-10-02 20:47:05,178] INFO [ProducerStateManager partition=c-peer-kl04-04-success-4] Loading producer state from snapshot file 'SnapshotFile(offset=42, file=/workspace/work/c-peer/kafka-logs/c-peer-kl04-04-success-4/00000000000000000042.snapshot)' (org.apache.kafka.storage.internals.log.ProducerStateManager)
[2026-10-02 20:47:05,178] INFO [LogLoader partition=c-peer-kl04-04-success-4, dir=/workspace/work/c-peer/kafka-logs] Producer state recovery took 0ms for snapshot load and 0ms for segment recovery from offset 42 (kafka.log.UnifiedLog$)
[2026-10-02 20:47:05,179] INFO Completed load of Log(dir=/workspace/work/c-peer/kafka-logs/c-peer-kl04-04-success-4, topicId=1WVVnEMBR-St0M09txBcBg, topic=c-peer-kl04-04-success, partition=4, highWatermark=0, lastStableOffset=0, logStartOffset=0, logEndOffset=42) with 1 segments, local-log-start-offset 0 and log-end-offset 42 in 2ms (67/80 completed in /workspace/work/c-peer/kafka-logs) (kafka.log.LogManager)
[2026-10-02 20:47:05,181] INFO [LogLoader partition=__consumer_offsets-47, dir=/workspace/work/c-peer/kafka-logs] Loading producer state till offset 0 with message format version 2 (kafka.log.UnifiedLog$)
[2026-10-02 20:47:05,181] INFO Completed load of Log(dir=/workspace/work/c-peer/kafka-logs/__consumer_offsets-47, topicId=lKR-uqoHRIinm7F3aL0A_w, topic=__consumer_offsets, partition=47, highWatermark=0, lastStableOffset=0, logStartOffset=0, logEndOffset=0) with 1 segments, local-log-start-offset 0 and log-end-offset 0 in 2ms (68/80 completed in /workspace/work/c-peer/kafka-logs) (kafka.log.LogManager)
[2026-10-02 20:47:05,182] INFO [LogLoader partition=__consumer_offsets-15, dir=/workspace/work/c-peer/kafka-logs] Loading producer state till offset 0 with message format version 2 (kafka.log.UnifiedLog$)
[2026-10-02 20:47:05,183] INFO Completed load of Log(dir=/workspace/work/c-peer/kafka-logs/__consumer_offsets-15, topicId=lKR-uqoHRIinm7F3aL0A_w, topic=__consumer_offsets, partition=15, highWatermark=0, lastStableOffset=0, logStartOffset=0, logEndOffset=0) with 1 segments, local-log-start-offset 0 and log-end-offset 0 in 1ms (69/80 completed in /workspace/work/c-peer/kafka-logs) (kafka.log.LogManager)
[2026-10-02 20:47:05,184] INFO [LogLoader partition=__consumer_offsets-24, dir=/workspace/work/c-peer/kafka-logs] Loading producer state till offset 0 with message format version 2 (kafka.log.UnifiedLog$)
[2026-10-02 20:47:05,185] INFO Completed load of Log(dir=/workspace/work/c-peer/kafka-logs/__consumer_offsets-24, topicId=lKR-uqoHRIinm7F3aL0A_w, topic=__consumer_offsets, partition=24, highWatermark=0, lastStableOffset=0, logStartOffset=0, logEndOffset=0) with 1 segments, local-log-start-offset 0 and log-end-offset 0 in 2ms (70/80 completed in /workspace/work/c-peer/kafka-logs) (kafka.log.LogManager)
[2026-10-02 20:47:05,186] INFO [LogLoader partition=__consumer_offsets-46, dir=/workspace/work/c-peer/kafka-logs] Loading producer state till offset 0 with message format version 2 (kafka.log.UnifiedLog$)
[2026-10-02 20:47:05,187] INFO Completed load of Log(dir=/workspace/work/c-peer/kafka-logs/__consumer_offsets-46, topicId=lKR-uqoHRIinm7F3aL0A_w, topic=__consumer_offsets, partition=46, highWatermark=0, lastStableOffset=0, logStartOffset=0, logEndOffset=0) with 1 segments, local-log-start-offset 0 and log-end-offset 0 in 2ms (71/80 completed in /workspace/work/c-peer/kafka-logs) (kafka.log.LogManager)
[2026-10-02 20:47:05,188] INFO [LogLoader partition=c-peer-kl04-04-success-2, dir=/workspace/work/c-peer/kafka-logs] Loading producer state till offset 43 with message format version 2 (kafka.log.UnifiedLog$)
[2026-10-02 20:47:05,188] INFO [LogLoader partition=c-peer-kl04-04-success-2, dir=/workspace/work/c-peer/kafka-logs] Reloading from producer snapshot and rebuilding producer state from offset 43 (kafka.log.UnifiedLog$)
[2026-10-02 20:47:05,188] INFO [ProducerStateManager partition=c-peer-kl04-04-success-2] Loading producer state from snapshot file 'SnapshotFile(offset=43, file=/workspace/work/c-peer/kafka-logs/c-peer-kl04-04-success-2/00000000000000000043.snapshot)' (org.apache.kafka.storage.internals.log.ProducerStateManager)
[2026-10-02 20:47:05,188] INFO [LogLoader partition=c-peer-kl04-04-success-2, dir=/workspace/work/c-peer/kafka-logs] Producer state recovery took 0ms for snapshot load and 0ms for segment recovery from offset 43 (kafka.log.UnifiedLog$)
[2026-10-02 20:47:05,189] INFO Completed load of Log(dir=/workspace/work/c-peer/kafka-logs/c-peer-kl04-04-success-2, topicId=1WVVnEMBR-St0M09txBcBg, topic=c-peer-kl04-04-success, partition=2, highWatermark=0, lastStableOffset=0, logStartOffset=0, logEndOffset=43) with 1 segments, local-log-start-offset 0 and log-end-offset 43 in 2ms (72/80 completed in /workspace/work/c-peer/kafka-logs) (kafka.log.LogManager)
[2026-10-02 20:47:05,191] INFO [LogLoader partition=__consumer_offsets-2, dir=/workspace/work/c-peer/kafka-logs] Loading producer state till offset 0 with message format version 2 (kafka.log.UnifiedLog$)
[2026-10-02 20:47:05,191] INFO Completed load of Log(dir=/workspace/work/c-peer/kafka-logs/__consumer_offsets-2, topicId=lKR-uqoHRIinm7F3aL0A_w, topic=__consumer_offsets, partition=2, highWatermark=0, lastStableOffset=0, logStartOffset=0, logEndOffset=0) with 1 segments, local-log-start-offset 0 and log-end-offset 0 in 3ms (73/80 completed in /workspace/work/c-peer/kafka-logs) (kafka.log.LogManager)
[2026-10-02 20:47:05,193] INFO [LogLoader partition=c-peer-kl04-04-delivery-failure-5, dir=/workspace/work/c-peer/kafka-logs] Loading producer state till offset 5 with message format version 2 (kafka.log.UnifiedLog$)
[2026-10-02 20:47:05,193] INFO [LogLoader partition=c-peer-kl04-04-delivery-failure-5, dir=/workspace/work/c-peer/kafka-logs] Reloading from producer snapshot and rebuilding producer state from offset 5 (kafka.log.UnifiedLog$)
[2026-10-02 20:47:05,193] INFO [ProducerStateManager partition=c-peer-kl04-04-delivery-failure-5] Loading producer state from snapshot file 'SnapshotFile(offset=5, file=/workspace/work/c-peer/kafka-logs/c-peer-kl04-04-delivery-failure-5/00000000000000000005.snapshot)' (org.apache.kafka.storage.internals.log.ProducerStateManager)
[2026-10-02 20:47:05,193] INFO [LogLoader partition=c-peer-kl04-04-delivery-failure-5, dir=/workspace/work/c-peer/kafka-logs] Producer state recovery took 0ms for snapshot load and 0ms for segment recovery from offset 5 (kafka.log.UnifiedLog$)
[2026-10-02 20:47:05,194] INFO Completed load of Log(dir=/workspace/work/c-peer/kafka-logs/c-peer-kl04-04-delivery-failure-5, topicId=epUgFCOBRX6Yi3UkkSXU8w, topic=c-peer-kl04-04-delivery-failure, partition=5, highWatermark=0, lastStableOffset=0, logStartOffset=0, logEndOffset=5) with 1 segments, local-log-start-offset 0 and log-end-offset 5 in 2ms (74/80 completed in /workspace/work/c-peer/kafka-logs) (kafka.log.LogManager)
[2026-10-02 20:47:05,195] INFO [LogLoader partition=c-peer-kl04-04-harness-02-3, dir=/workspace/work/c-peer/kafka-logs] Loading producer state till offset 5 with message format version 2 (kafka.log.UnifiedLog$)
[2026-10-02 20:47:05,195] INFO [LogLoader partition=c-peer-kl04-04-harness-02-3, dir=/workspace/work/c-peer/kafka-logs] Reloading from producer snapshot and rebuilding producer state from offset 5 (kafka.log.UnifiedLog$)
[2026-10-02 20:47:05,195] INFO [ProducerStateManager partition=c-peer-kl04-04-harness-02-3] Loading producer state from snapshot file 'SnapshotFile(offset=5, file=/workspace/work/c-peer/kafka-logs/c-peer-kl04-04-harness-02-3/00000000000000000005.snapshot)' (org.apache.kafka.storage.internals.log.ProducerStateManager)
[2026-10-02 20:47:05,195] INFO [LogLoader partition=c-peer-kl04-04-harness-02-3, dir=/workspace/work/c-peer/kafka-logs] Producer state recovery took 0ms for snapshot load and 0ms for segment recovery from offset 5 (kafka.log.UnifiedLog$)
[2026-10-02 20:47:05,196] INFO Completed load of Log(dir=/workspace/work/c-peer/kafka-logs/c-peer-kl04-04-harness-02-3, topicId=DNU2RpXaT6mQ9-BVAYEecw, topic=c-peer-kl04-04-harness-02, partition=3, highWatermark=0, lastStableOffset=0, logStartOffset=0, logEndOffset=5) with 1 segments, local-log-start-offset 0 and log-end-offset 5 in 2ms (75/80 completed in /workspace/work/c-peer/kafka-logs) (kafka.log.LogManager)
[2026-10-02 20:47:05,197] INFO [LogLoader partition=__consumer_offsets-19, dir=/workspace/work/c-peer/kafka-logs] Loading producer state till offset 0 with message format version 2 (kafka.log.UnifiedLog$)
[2026-10-02 20:47:05,198] INFO Completed load of Log(dir=/workspace/work/c-peer/kafka-logs/__consumer_offsets-19, topicId=lKR-uqoHRIinm7F3aL0A_w, topic=__consumer_offsets, partition=19, highWatermark=0, lastStableOffset=0, logStartOffset=0, logEndOffset=0) with 1 segments, local-log-start-offset 0 and log-end-offset 0 in 1ms (76/80 completed in /workspace/work/c-peer/kafka-logs) (kafka.log.LogManager)
[2026-10-02 20:47:05,200] INFO [LogLoader partition=__consumer_offsets-23, dir=/workspace/work/c-peer/kafka-logs] Loading producer state till offset 0 with message format version 2 (kafka.log.UnifiedLog$)
[2026-10-02 20:47:05,200] INFO Completed load of Log(dir=/workspace/work/c-peer/kafka-logs/__consumer_offsets-23, topicId=lKR-uqoHRIinm7F3aL0A_w, topic=__consumer_offsets, partition=23, highWatermark=0, lastStableOffset=0, logStartOffset=0, logEndOffset=0) with 1 segments, local-log-start-offset 0 and log-end-offset 0 in 3ms (77/80 completed in /workspace/work/c-peer/kafka-logs) (kafka.log.LogManager)
[2026-10-02 20:47:05,201] INFO [LogLoader partition=c-peer-kl04-04-oversize-3, dir=/workspace/work/c-peer/kafka-logs] Loading producer state till offset 0 with message format version 2 (kafka.log.UnifiedLog$)
[2026-10-02 20:47:05,202] INFO Completed load of Log(dir=/workspace/work/c-peer/kafka-logs/c-peer-kl04-04-oversize-3, topicId=TkwISoFMR4m73r-a2nOZ-g, topic=c-peer-kl04-04-oversize, partition=3, highWatermark=0, lastStableOffset=0, logStartOffset=0, logEndOffset=0) with 1 segments, local-log-start-offset 0 and log-end-offset 0 in 1ms (78/80 completed in /workspace/work/c-peer/kafka-logs) (kafka.log.LogManager)
[2026-10-02 20:47:05,203] INFO [LogLoader partition=__consumer_offsets-13, dir=/workspace/work/c-peer/kafka-logs] Loading producer state till offset 0 with message format version 2 (kafka.log.UnifiedLog$)
[2026-10-02 20:47:05,203] INFO Completed load of Log(dir=/workspace/work/c-peer/kafka-logs/__consumer_offsets-13, topicId=lKR-uqoHRIinm7F3aL0A_w, topic=__consumer_offsets, partition=13, highWatermark=0, lastStableOffset=0, logStartOffset=0, logEndOffset=0) with 1 segments, local-log-start-offset 0 and log-end-offset 0 in 2ms (79/80 completed in /workspace/work/c-peer/kafka-logs) (kafka.log.LogManager)
[2026-10-02 20:47:05,205] INFO [LogLoader partition=c-peer-kl04-04-success-3, dir=/workspace/work/c-peer/kafka-logs] Loading producer state till offset 43 with message format version 2 (kafka.log.UnifiedLog$)
[2026-10-02 20:47:05,205] INFO [LogLoader partition=c-peer-kl04-04-success-3, dir=/workspace/work/c-peer/kafka-logs] Reloading from producer snapshot and rebuilding producer state from offset 43 (kafka.log.UnifiedLog$)
[2026-10-02 20:47:05,205] INFO [ProducerStateManager partition=c-peer-kl04-04-success-3] Loading producer state from snapshot file 'SnapshotFile(offset=43, file=/workspace/work/c-peer/kafka-logs/c-peer-kl04-04-success-3/00000000000000000043.snapshot)' (org.apache.kafka.storage.internals.log.ProducerStateManager)
[2026-10-02 20:47:05,205] INFO [LogLoader partition=c-peer-kl04-04-success-3, dir=/workspace/work/c-peer/kafka-logs] Producer state recovery took 0ms for snapshot load and 0ms for segment recovery from offset 43 (kafka.log.UnifiedLog$)
[2026-10-02 20:47:05,206] INFO Completed load of Log(dir=/workspace/work/c-peer/kafka-logs/c-peer-kl04-04-success-3, topicId=1WVVnEMBR-St0M09txBcBg, topic=c-peer-kl04-04-success, partition=3, highWatermark=0, lastStableOffset=0, logStartOffset=0, logEndOffset=43) with 1 segments, local-log-start-offset 0 and log-end-offset 43 in 2ms (80/80 completed in /workspace/work/c-peer/kafka-logs) (kafka.log.LogManager)
[2026-10-02 20:47:05,208] INFO Loaded 80 logs in 266ms (kafka.log.LogManager)
[2026-10-02 20:47:05,208] INFO Starting log cleanup with a period of 300000 ms. (kafka.log.LogManager)
[2026-10-02 20:47:05,208] INFO Starting log flusher with a default period of 9223372036854775807 ms. (kafka.log.LogManager)
[2026-10-02 20:47:05,280] INFO [kafka-log-cleaner-thread-0]: Starting (kafka.log.LogCleaner$CleanerThread)
[2026-10-02 20:47:05,284] INFO [LogDirFailureHandler]: Starting (kafka.server.ReplicaManager$LogDirFailureHandler)
[2026-10-02 20:47:05,284] INFO [AddPartitionsToTxnSenderThread-1]: Starting (kafka.server.AddPartitionsToTxnManager)
[2026-10-02 20:47:05,285] INFO [GroupCoordinator 1]: Starting up. (kafka.coordinator.group.GroupCoordinator)
[2026-10-02 20:47:05,288] INFO [GroupCoordinator 1]: Startup complete. (kafka.coordinator.group.GroupCoordinator)
[2026-10-02 20:47:05,288] INFO [TransactionCoordinator id=1] Starting up. (kafka.coordinator.transaction.TransactionCoordinator)
[2026-10-02 20:47:05,292] INFO [TxnMarkerSenderThread-1]: Starting (kafka.coordinator.transaction.TransactionMarkerChannelManager)
[2026-10-02 20:47:05,293] INFO [TransactionCoordinator id=1] Startup complete. (kafka.coordinator.transaction.TransactionCoordinator)
[2026-10-02 20:47:05,311] INFO [Partition __consumer_offsets-13 broker=1] Log loaded for partition __consumer_offsets-13 with initial high watermark 0 (kafka.cluster.Partition)
[2026-10-02 20:47:05,313] INFO [Partition __consumer_offsets-46 broker=1] Log loaded for partition __consumer_offsets-46 with initial high watermark 0 (kafka.cluster.Partition)
[2026-10-02 20:47:05,314] INFO [Partition __consumer_offsets-9 broker=1] Log loaded for partition __consumer_offsets-9 with initial high watermark 0 (kafka.cluster.Partition)
[2026-10-02 20:47:05,314] INFO [Partition c-peer-kl04-04-harness-02-1 broker=1] Log loaded for partition c-peer-kl04-04-harness-02-1 with initial high watermark 6 (kafka.cluster.Partition)
[2026-10-02 20:47:05,314] INFO [Partition __consumer_offsets-42 broker=1] Log loaded for partition __consumer_offsets-42 with initial high watermark 0 (kafka.cluster.Partition)
[2026-10-02 20:47:05,314] INFO [Partition c-peer-kl04-04-delivery-failure-3 broker=1] Log loaded for partition c-peer-kl04-04-delivery-failure-3 with initial high watermark 5 (kafka.cluster.Partition)
[2026-10-02 20:47:05,315] INFO [Partition __consumer_offsets-21 broker=1] Log loaded for partition __consumer_offsets-21 with initial high watermark 0 (kafka.cluster.Partition)
[2026-10-02 20:47:05,315] INFO [Partition __consumer_offsets-17 broker=1] Log loaded for partition __consumer_offsets-17 with initial high watermark 0 (kafka.cluster.Partition)
[2026-10-02 20:47:05,316] INFO [Partition c-peer-kl04-04-success-1 broker=1] Log loaded for partition c-peer-kl04-04-success-1 with initial high watermark 43 (kafka.cluster.Partition)
[2026-10-02 20:47:05,316] INFO [Partition __consumer_offsets-30 broker=1] Log loaded for partition __consumer_offsets-30 with initial high watermark 0 (kafka.cluster.Partition)
[2026-10-02 20:47:05,316] INFO [Partition c-peer-kl04-04-oversize-2 broker=1] Log loaded for partition c-peer-kl04-04-oversize-2 with initial high watermark 0 (kafka.cluster.Partition)
[2026-10-02 20:47:05,317] INFO [Partition __consumer_offsets-26 broker=1] Log loaded for partition __consumer_offsets-26 with initial high watermark 0 (kafka.cluster.Partition)
[2026-10-02 20:47:05,317] INFO [Partition __consumer_offsets-5 broker=1] Log loaded for partition __consumer_offsets-5 with initial high watermark 0 (kafka.cluster.Partition)
[2026-10-02 20:47:05,318] INFO [Partition c-peer-kl04-04-success-02-4 broker=1] Log loaded for partition c-peer-kl04-04-success-02-4 with initial high watermark 1708 (kafka.cluster.Partition)
[2026-10-02 20:47:05,318] INFO [Partition __consumer_offsets-38 broker=1] Log loaded for partition __consumer_offsets-38 with initial high watermark 0 (kafka.cluster.Partition)
[2026-10-02 20:47:05,318] INFO [Partition __consumer_offsets-1 broker=1] Log loaded for partition __consumer_offsets-1 with initial high watermark 0 (kafka.cluster.Partition)
[2026-10-02 20:47:05,318] INFO [Partition c-peer-kl04-04-success-02-0 broker=1] Log loaded for partition c-peer-kl04-04-success-02-0 with initial high watermark 1710 (kafka.cluster.Partition)
[2026-10-02 20:47:05,319] INFO [Partition __consumer_offsets-34 broker=1] Log loaded for partition __consumer_offsets-34 with initial high watermark 0 (kafka.cluster.Partition)
[2026-10-02 20:47:05,319] INFO [Partition __consumer_offsets-16 broker=1] Log loaded for partition __consumer_offsets-16 with initial high watermark 0 (kafka.cluster.Partition)
[2026-10-02 20:47:05,319] INFO [Partition __consumer_offsets-45 broker=1] Log loaded for partition __consumer_offsets-45 with initial high watermark 0 (kafka.cluster.Partition)
[2026-10-02 20:47:05,319] INFO [Partition __consumer_offsets-12 broker=1] Log loaded for partition __consumer_offsets-12 with initial high watermark 0 (kafka.cluster.Partition)
[2026-10-02 20:47:05,320] INFO [Partition c-peer-kl04-04-harness-02-2 broker=1] Log loaded for partition c-peer-kl04-04-harness-02-2 with initial high watermark 5 (kafka.cluster.Partition)
[2026-10-02 20:47:05,320] INFO [Partition __consumer_offsets-41 broker=1] Log loaded for partition __consumer_offsets-41 with initial high watermark 0 (kafka.cluster.Partition)
[2026-10-02 20:47:05,320] INFO [Partition c-peer-kl04-04-delivery-failure-2 broker=1] Log loaded for partition c-peer-kl04-04-delivery-failure-2 with initial high watermark 5 (kafka.cluster.Partition)
[2026-10-02 20:47:05,320] INFO [Partition __consumer_offsets-24 broker=1] Log loaded for partition __consumer_offsets-24 with initial high watermark 0 (kafka.cluster.Partition)
[2026-10-02 20:47:05,321] INFO [Partition __consumer_offsets-20 broker=1] Log loaded for partition __consumer_offsets-20 with initial high watermark 0 (kafka.cluster.Partition)
[2026-10-02 20:47:05,321] INFO [Partition c-peer-kl04-04-success-2 broker=1] Log loaded for partition c-peer-kl04-04-success-2 with initial high watermark 43 (kafka.cluster.Partition)
[2026-10-02 20:47:05,321] INFO [Partition __consumer_offsets-49 broker=1] Log loaded for partition __consumer_offsets-49 with initial high watermark 0 (kafka.cluster.Partition)
[2026-10-02 20:47:05,321] INFO [Partition c-peer-kl04-04-success-3 broker=1] Log loaded for partition c-peer-kl04-04-success-3 with initial high watermark 43 (kafka.cluster.Partition)
[2026-10-02 20:47:05,322] INFO [Partition __consumer_offsets-0 broker=1] Log loaded for partition __consumer_offsets-0 with initial high watermark 0 (kafka.cluster.Partition)
[2026-10-02 20:47:05,322] INFO [Partition c-peer-kl04-04-oversize-5 broker=1] Log loaded for partition c-peer-kl04-04-oversize-5 with initial high watermark 0 (kafka.cluster.Partition)
[2026-10-02 20:47:05,322] INFO [Partition __consumer_offsets-29 broker=1] Log loaded for partition __consumer_offsets-29 with initial high watermark 0 (kafka.cluster.Partition)
[2026-10-02 20:47:05,322] INFO [Partition c-peer-kl04-04-oversize-1 broker=1] Log loaded for partition c-peer-kl04-04-oversize-1 with initial high watermark 0 (kafka.cluster.Partition)
[2026-10-02 20:47:05,322] INFO [Partition __consumer_offsets-25 broker=1] Log loaded for partition __consumer_offsets-25 with initial high watermark 0 (kafka.cluster.Partition)
[2026-10-02 20:47:05,323] INFO [Partition c-peer-kl04-04-harness-02-3 broker=1] Log loaded for partition c-peer-kl04-04-harness-02-3 with initial high watermark 5 (kafka.cluster.Partition)
[2026-10-02 20:47:05,323] INFO [Partition __consumer_offsets-8 broker=1] Log loaded for partition __consumer_offsets-8 with initial high watermark 0 (kafka.cluster.Partition)
[2026-10-02 20:47:05,323] INFO [Partition __consumer_offsets-37 broker=1] Log loaded for partition __consumer_offsets-37 with initial high watermark 0 (kafka.cluster.Partition)
[2026-10-02 20:47:05,323] INFO [Partition c-peer-kl04-04-success-02-3 broker=1] Log loaded for partition c-peer-kl04-04-success-02-3 with initial high watermark 1710 (kafka.cluster.Partition)
[2026-10-02 20:47:05,324] INFO [Partition __consumer_offsets-4 broker=1] Log loaded for partition __consumer_offsets-4 with initial high watermark 0 (kafka.cluster.Partition)
[2026-10-02 20:47:05,324] INFO [Partition __consumer_offsets-33 broker=1] Log loaded for partition __consumer_offsets-33 with initial high watermark 0 (kafka.cluster.Partition)
[2026-10-02 20:47:05,324] INFO [Partition __consumer_offsets-15 broker=1] Log loaded for partition __consumer_offsets-15 with initial high watermark 0 (kafka.cluster.Partition)
[2026-10-02 20:47:05,325] INFO [Partition __consumer_offsets-48 broker=1] Log loaded for partition __consumer_offsets-48 with initial high watermark 0 (kafka.cluster.Partition)
[2026-10-02 20:47:05,325] INFO [Partition __consumer_offsets-11 broker=1] Log loaded for partition __consumer_offsets-11 with initial high watermark 0 (kafka.cluster.Partition)
[2026-10-02 20:47:05,325] INFO [Partition __consumer_offsets-44 broker=1] Log loaded for partition __consumer_offsets-44 with initial high watermark 0 (kafka.cluster.Partition)
[2026-10-02 20:47:05,325] INFO [Partition c-peer-kl04-04-delivery-failure-1 broker=1] Log loaded for partition c-peer-kl04-04-delivery-failure-1 with initial high watermark 6 (kafka.cluster.Partition)
[2026-10-02 20:47:05,325] INFO [Partition __consumer_offsets-23 broker=1] Log loaded for partition __consumer_offsets-23 with initial high watermark 0 (kafka.cluster.Partition)
[2026-10-02 20:47:05,326] INFO [Partition __consumer_offsets-19 broker=1] Log loaded for partition __consumer_offsets-19 with initial high watermark 0 (kafka.cluster.Partition)
[2026-10-02 20:47:05,326] INFO [Partition c-peer-kl04-04-success-4 broker=1] Log loaded for partition c-peer-kl04-04-success-4 with initial high watermark 42 (kafka.cluster.Partition)
[2026-10-02 20:47:05,326] INFO [Partition __consumer_offsets-32 broker=1] Log loaded for partition __consumer_offsets-32 with initial high watermark 0 (kafka.cluster.Partition)
[2026-10-02 20:47:05,326] INFO [Partition c-peer-kl04-04-delivery-failure-5 broker=1] Log loaded for partition c-peer-kl04-04-delivery-failure-5 with initial high watermark 5 (kafka.cluster.Partition)
[2026-10-02 20:47:05,326] INFO [Partition c-peer-kl04-04-oversize-4 broker=1] Log loaded for partition c-peer-kl04-04-oversize-4 with initial high watermark 0 (kafka.cluster.Partition)
[2026-10-02 20:47:05,327] INFO [Partition __consumer_offsets-28 broker=1] Log loaded for partition __consumer_offsets-28 with initial high watermark 0 (kafka.cluster.Partition)
[2026-10-02 20:47:05,327] INFO [Partition c-peer-kl04-04-harness-02-4 broker=1] Log loaded for partition c-peer-kl04-04-harness-02-4 with initial high watermark 5 (kafka.cluster.Partition)
[2026-10-02 20:47:05,327] INFO [Partition __consumer_offsets-7 broker=1] Log loaded for partition __consumer_offsets-7 with initial high watermark 0 (kafka.cluster.Partition)
[2026-10-02 20:47:05,327] INFO [Partition c-peer-kl04-04-oversize-0 broker=1] Log loaded for partition c-peer-kl04-04-oversize-0 with initial high watermark 0 (kafka.cluster.Partition)
[2026-10-02 20:47:05,328] INFO [Partition __consumer_offsets-40 broker=1] Log loaded for partition __consumer_offsets-40 with initial high watermark 0 (kafka.cluster.Partition)
[2026-10-02 20:47:05,328] INFO [Partition __consumer_offsets-3 broker=1] Log loaded for partition __consumer_offsets-3 with initial high watermark 0 (kafka.cluster.Partition)
[2026-10-02 20:47:05,328] INFO [Partition c-peer-kl04-04-success-02-2 broker=1] Log loaded for partition c-peer-kl04-04-success-02-2 with initial high watermark 1710 (kafka.cluster.Partition)
[2026-10-02 20:47:05,329] INFO [Partition __consumer_offsets-36 broker=1] Log loaded for partition __consumer_offsets-36 with initial high watermark 0 (kafka.cluster.Partition)
[2026-10-02 20:47:05,329] INFO [Partition __consumer_offsets-47 broker=1] Log loaded for partition __consumer_offsets-47 with initial high watermark 0 (kafka.cluster.Partition)
[2026-10-02 20:47:05,330] INFO [Partition __consumer_offsets-14 broker=1] Log loaded for partition __consumer_offsets-14 with initial high watermark 0 (kafka.cluster.Partition)
[2026-10-02 20:47:05,330] INFO [Partition c-peer-kl04-04-harness-02-0 broker=1] Log loaded for partition c-peer-kl04-04-harness-02-0 with initial high watermark 6 (kafka.cluster.Partition)
[2026-10-02 20:47:05,330] INFO [Partition __consumer_offsets-43 broker=1] Log loaded for partition __consumer_offsets-43 with initial high watermark 0 (kafka.cluster.Partition)
[2026-10-02 20:47:05,331] INFO [Partition __consumer_offsets-10 broker=1] Log loaded for partition __consumer_offsets-10 with initial high watermark 0 (kafka.cluster.Partition)
[2026-10-02 20:47:05,331] INFO [Partition c-peer-kl04-04-delivery-failure-4 broker=1] Log loaded for partition c-peer-kl04-04-delivery-failure-4 with initial high watermark 5 (kafka.cluster.Partition)
[2026-10-02 20:47:05,331] INFO [Partition __consumer_offsets-22 broker=1] Log loaded for partition __consumer_offsets-22 with initial high watermark 0 (kafka.cluster.Partition)
[2026-10-02 20:47:05,332] INFO [Partition c-peer-kl04-04-success-0 broker=1] Log loaded for partition c-peer-kl04-04-success-0 with initial high watermark 43 (kafka.cluster.Partition)
[2026-10-02 20:47:05,332] INFO [Partition c-peer-kl04-04-delivery-failure-0 broker=1] Log loaded for partition c-peer-kl04-04-delivery-failure-0 with initial high watermark 6 (kafka.cluster.Partition)
[2026-10-02 20:47:05,332] INFO [Partition __consumer_offsets-18 broker=1] Log loaded for partition __consumer_offsets-18 with initial high watermark 0 (kafka.cluster.Partition)
[2026-10-02 20:47:05,332] INFO [Partition __consumer_offsets-31 broker=1] Log loaded for partition __consumer_offsets-31 with initial high watermark 0 (kafka.cluster.Partition)
[2026-10-02 20:47:05,332] INFO [Partition c-peer-kl04-04-success-5 broker=1] Log loaded for partition c-peer-kl04-04-success-5 with initial high watermark 42 (kafka.cluster.Partition)
[2026-10-02 20:47:05,333] INFO [Partition c-peer-kl04-04-oversize-3 broker=1] Log loaded for partition c-peer-kl04-04-oversize-3 with initial high watermark 0 (kafka.cluster.Partition)
[2026-10-02 20:47:05,333] INFO [Partition __consumer_offsets-27 broker=1] Log loaded for partition __consumer_offsets-27 with initial high watermark 0 (kafka.cluster.Partition)
[2026-10-02 20:47:05,333] INFO [Partition __consumer_offsets-39 broker=1] Log loaded for partition __consumer_offsets-39 with initial high watermark 0 (kafka.cluster.Partition)
[2026-10-02 20:47:05,333] INFO [Partition c-peer-kl04-04-success-02-5 broker=1] Log loaded for partition c-peer-kl04-04-success-02-5 with initial high watermark 1708 (kafka.cluster.Partition)
[2026-10-02 20:47:05,333] INFO [Partition c-peer-kl04-04-harness-02-5 broker=1] Log loaded for partition c-peer-kl04-04-harness-02-5 with initial high watermark 5 (kafka.cluster.Partition)
[2026-10-02 20:47:05,334] INFO [Partition __consumer_offsets-6 broker=1] Log loaded for partition __consumer_offsets-6 with initial high watermark 0 (kafka.cluster.Partition)
[2026-10-02 20:47:05,334] INFO [Partition __consumer_offsets-35 broker=1] Log loaded for partition __consumer_offsets-35 with initial high watermark 0 (kafka.cluster.Partition)
[2026-10-02 20:47:05,334] INFO [Partition c-peer-kl04-04-success-02-1 broker=1] Log loaded for partition c-peer-kl04-04-success-02-1 with initial high watermark 1710 (kafka.cluster.Partition)
[2026-10-02 20:47:05,334] INFO [Partition __consumer_offsets-2 broker=1] Log loaded for partition __consumer_offsets-2 with initial high watermark 0 (kafka.cluster.Partition)
[2026-10-02 20:47:05,335] INFO [ReplicaFetcherManager on broker 1] Removed fetcher for partitions Set(__consumer_offsets-13, __consumer_offsets-46, __consumer_offsets-9, __consumer_offsets-42, c-peer-kl04-04-harness-02-1, c-peer-kl04-04-delivery-failure-3, __consumer_offsets-21, __consumer_offsets-17, c-peer-kl04-04-success-1, __consumer_offsets-30, __consumer_offsets-26, c-peer-kl04-04-oversize-2, __consumer_offsets-5, __consumer_offsets-38, c-peer-kl04-04-success-02-4, __consumer_offsets-1, __consumer_offsets-34, c-peer-kl04-04-success-02-0, __consumer_offsets-16, __consumer_offsets-45, __consumer_offsets-12, __consumer_offsets-41, c-peer-kl04-04-harness-02-2, c-peer-kl04-04-delivery-failure-2, __consumer_offsets-24, __consumer_offsets-20, __consumer_offsets-49, c-peer-kl04-04-success-2, __consumer_offsets-0, c-peer-kl04-04-success-3, __consumer_offsets-29, c-peer-kl04-04-oversize-5, __consumer_offsets-25, c-peer-kl04-04-oversize-1, __consumer_offsets-8, c-peer-kl04-04-harness-02-3, __consumer_offsets-37, c-peer-kl04-04-success-02-3, __consumer_offsets-4, __consumer_offsets-33, __consumer_offsets-15, __consumer_offsets-48, __consumer_offsets-11, __consumer_offsets-44, c-peer-kl04-04-delivery-failure-1, __consumer_offsets-23, __consumer_offsets-19, c-peer-kl04-04-success-4, __consumer_offsets-32, c-peer-kl04-04-delivery-failure-5, __consumer_offsets-28, c-peer-kl04-04-oversize-4, __consumer_offsets-7, c-peer-kl04-04-harness-02-4, __consumer_offsets-40, c-peer-kl04-04-oversize-0, __consumer_offsets-3, __consumer_offsets-36, c-peer-kl04-04-success-02-2, __consumer_offsets-47, __consumer_offsets-14, __consumer_offsets-43, c-peer-kl04-04-harness-02-0, __consumer_offsets-10, c-peer-kl04-04-delivery-failure-4, __consumer_offsets-22, c-peer-kl04-04-success-0, c-peer-kl04-04-delivery-failure-0, __consumer_offsets-18, __consumer_offsets-31, c-peer-kl04-04-success-5, __consumer_offsets-27, c-peer-kl04-04-oversize-3, __consumer_offsets-39, c-peer-kl04-04-success-02-5, __consumer_offsets-6, c-peer-kl04-04-harness-02-5, __consumer_offsets-35, c-peer-kl04-04-success-02-1, __consumer_offsets-2) (kafka.server.ReplicaFetcherManager)
[2026-10-02 20:47:05,346] INFO [GroupCoordinator 1]: Resigned as the group coordinator for partition 13 in epoch OptionalInt[1] (kafka.coordinator.group.GroupCoordinator)
[2026-10-02 20:47:05,346] INFO [GroupMetadataManager brokerId=1] Scheduling unloading of offsets and group metadata from __consumer_offsets-13 (kafka.coordinator.group.GroupMetadataManager)
[2026-10-02 20:47:05,346] INFO [GroupCoordinator 1]: Resigned as the group coordinator for partition 46 in epoch OptionalInt[1] (kafka.coordinator.group.GroupCoordinator)
[2026-10-02 20:47:05,346] INFO [GroupMetadataManager brokerId=1] Scheduling unloading of offsets and group metadata from __consumer_offsets-46 (kafka.coordinator.group.GroupMetadataManager)
[2026-10-02 20:47:05,346] INFO [GroupCoordinator 1]: Resigned as the group coordinator for partition 9 in epoch OptionalInt[1] (kafka.coordinator.group.GroupCoordinator)
[2026-10-02 20:47:05,346] INFO [GroupMetadataManager brokerId=1] Scheduling unloading of offsets and group metadata from __consumer_offsets-9 (kafka.coordinator.group.GroupMetadataManager)
[2026-10-02 20:47:05,346] INFO [GroupCoordinator 1]: Resigned as the group coordinator for partition 42 in epoch OptionalInt[1] (kafka.coordinator.group.GroupCoordinator)
[2026-10-02 20:47:05,346] INFO [GroupMetadataManager brokerId=1] Scheduling unloading of offsets and group metadata from __consumer_offsets-42 (kafka.coordinator.group.GroupMetadataManager)
[2026-10-02 20:47:05,346] INFO [GroupCoordinator 1]: Resigned as the group coordinator for partition 21 in epoch OptionalInt[1] (kafka.coordinator.group.GroupCoordinator)
[2026-10-02 20:47:05,346] INFO [GroupMetadataManager brokerId=1] Scheduling unloading of offsets and group metadata from __consumer_offsets-21 (kafka.coordinator.group.GroupMetadataManager)
[2026-10-02 20:47:05,346] INFO [GroupCoordinator 1]: Resigned as the group coordinator for partition 17 in epoch OptionalInt[1] (kafka.coordinator.group.GroupCoordinator)
[2026-10-02 20:47:05,346] INFO [GroupMetadataManager brokerId=1] Scheduling unloading of offsets and group metadata from __consumer_offsets-17 (kafka.coordinator.group.GroupMetadataManager)
[2026-10-02 20:47:05,346] INFO [GroupCoordinator 1]: Resigned as the group coordinator for partition 30 in epoch OptionalInt[1] (kafka.coordinator.group.GroupCoordinator)
[2026-10-02 20:47:05,346] INFO [GroupMetadataManager brokerId=1] Scheduling unloading of offsets and group metadata from __consumer_offsets-30 (kafka.coordinator.group.GroupMetadataManager)
[2026-10-02 20:47:05,346] INFO [GroupCoordinator 1]: Resigned as the group coordinator for partition 26 in epoch OptionalInt[1] (kafka.coordinator.group.GroupCoordinator)
[2026-10-02 20:47:05,346] INFO [GroupMetadataManager brokerId=1] Scheduling unloading of offsets and group metadata from __consumer_offsets-26 (kafka.coordinator.group.GroupMetadataManager)
[2026-10-02 20:47:05,346] INFO [GroupCoordinator 1]: Resigned as the group coordinator for partition 5 in epoch OptionalInt[1] (kafka.coordinator.group.GroupCoordinator)
[2026-10-02 20:47:05,346] INFO [GroupMetadataManager brokerId=1] Scheduling unloading of offsets and group metadata from __consumer_offsets-5 (kafka.coordinator.group.GroupMetadataManager)
[2026-10-02 20:47:05,346] INFO [GroupCoordinator 1]: Resigned as the group coordinator for partition 38 in epoch OptionalInt[1] (kafka.coordinator.group.GroupCoordinator)
[2026-10-02 20:47:05,346] INFO [GroupMetadataManager brokerId=1] Scheduling unloading of offsets and group metadata from __consumer_offsets-38 (kafka.coordinator.group.GroupMetadataManager)
[2026-10-02 20:47:05,346] INFO [GroupCoordinator 1]: Resigned as the group coordinator for partition 1 in epoch OptionalInt[1] (kafka.coordinator.group.GroupCoordinator)
[2026-10-02 20:47:05,346] INFO [GroupMetadataManager brokerId=1] Scheduling unloading of offsets and group metadata from __consumer_offsets-1 (kafka.coordinator.group.GroupMetadataManager)
[2026-10-02 20:47:05,346] INFO [GroupCoordinator 1]: Resigned as the group coordinator for partition 34 in epoch OptionalInt[1] (kafka.coordinator.group.GroupCoordinator)
[2026-10-02 20:47:05,346] INFO [GroupMetadataManager brokerId=1] Scheduling unloading of offsets and group metadata from __consumer_offsets-34 (kafka.coordinator.group.GroupMetadataManager)
[2026-10-02 20:47:05,346] INFO [GroupCoordinator 1]: Resigned as the group coordinator for partition 16 in epoch OptionalInt[1] (kafka.coordinator.group.GroupCoordinator)
[2026-10-02 20:47:05,346] INFO [GroupMetadataManager brokerId=1] Scheduling unloading of offsets and group metadata from __consumer_offsets-16 (kafka.coordinator.group.GroupMetadataManager)
[2026-10-02 20:47:05,346] INFO [GroupCoordinator 1]: Resigned as the group coordinator for partition 45 in epoch OptionalInt[1] (kafka.coordinator.group.GroupCoordinator)
[2026-10-02 20:47:05,346] INFO [GroupMetadataManager brokerId=1] Scheduling unloading of offsets and group metadata from __consumer_offsets-45 (kafka.coordinator.group.GroupMetadataManager)
[2026-10-02 20:47:05,346] INFO [GroupCoordinator 1]: Resigned as the group coordinator for partition 12 in epoch OptionalInt[1] (kafka.coordinator.group.GroupCoordinator)
[2026-10-02 20:47:05,346] INFO [GroupMetadataManager brokerId=1] Scheduling unloading of offsets and group metadata from __consumer_offsets-12 (kafka.coordinator.group.GroupMetadataManager)
[2026-10-02 20:47:05,346] INFO [GroupCoordinator 1]: Resigned as the group coordinator for partition 41 in epoch OptionalInt[1] (kafka.coordinator.group.GroupCoordinator)
[2026-10-02 20:47:05,346] INFO [GroupMetadataManager brokerId=1] Scheduling unloading of offsets and group metadata from __consumer_offsets-41 (kafka.coordinator.group.GroupMetadataManager)
[2026-10-02 20:47:05,346] INFO [GroupCoordinator 1]: Resigned as the group coordinator for partition 24 in epoch OptionalInt[1] (kafka.coordinator.group.GroupCoordinator)
[2026-10-02 20:47:05,346] INFO [GroupMetadataManager brokerId=1] Scheduling unloading of offsets and group metadata from __consumer_offsets-24 (kafka.coordinator.group.GroupMetadataManager)
[2026-10-02 20:47:05,346] INFO [GroupCoordinator 1]: Resigned as the group coordinator for partition 20 in epoch OptionalInt[1] (kafka.coordinator.group.GroupCoordinator)
[2026-10-02 20:47:05,346] INFO [GroupMetadataManager brokerId=1] Scheduling unloading of offsets and group metadata from __consumer_offsets-20 (kafka.coordinator.group.GroupMetadataManager)
[2026-10-02 20:47:05,346] INFO [GroupCoordinator 1]: Resigned as the group coordinator for partition 49 in epoch OptionalInt[1] (kafka.coordinator.group.GroupCoordinator)
[2026-10-02 20:47:05,346] INFO [GroupMetadataManager brokerId=1] Scheduling unloading of offsets and group metadata from __consumer_offsets-49 (kafka.coordinator.group.GroupMetadataManager)
[2026-10-02 20:47:05,346] INFO [GroupCoordinator 1]: Resigned as the group coordinator for partition 0 in epoch OptionalInt[1] (kafka.coordinator.group.GroupCoordinator)
[2026-10-02 20:47:05,346] INFO [GroupMetadataManager brokerId=1] Scheduling unloading of offsets and group metadata from __consumer_offsets-0 (kafka.coordinator.group.GroupMetadataManager)
[2026-10-02 20:47:05,346] INFO [GroupCoordinator 1]: Resigned as the group coordinator for partition 29 in epoch OptionalInt[1] (kafka.coordinator.group.GroupCoordinator)
[2026-10-02 20:47:05,347] INFO [GroupMetadataManager brokerId=1] Scheduling unloading of offsets and group metadata from __consumer_offsets-29 (kafka.coordinator.group.GroupMetadataManager)
[2026-10-02 20:47:05,347] INFO [GroupCoordinator 1]: Resigned as the group coordinator for partition 25 in epoch OptionalInt[1] (kafka.coordinator.group.GroupCoordinator)
[2026-10-02 20:47:05,347] INFO [GroupMetadataManager brokerId=1] Scheduling unloading of offsets and group metadata from __consumer_offsets-25 (kafka.coordinator.group.GroupMetadataManager)
[2026-10-02 20:47:05,347] INFO [GroupCoordinator 1]: Resigned as the group coordinator for partition 8 in epoch OptionalInt[1] (kafka.coordinator.group.GroupCoordinator)
[2026-10-02 20:47:05,347] INFO [GroupMetadataManager brokerId=1] Scheduling unloading of offsets and group metadata from __consumer_offsets-8 (kafka.coordinator.group.GroupMetadataManager)
[2026-10-02 20:47:05,347] INFO [GroupCoordinator 1]: Resigned as the group coordinator for partition 37 in epoch OptionalInt[1] (kafka.coordinator.group.GroupCoordinator)
[2026-10-02 20:47:05,347] INFO [GroupMetadataManager brokerId=1] Scheduling unloading of offsets and group metadata from __consumer_offsets-37 (kafka.coordinator.group.GroupMetadataManager)
[2026-10-02 20:47:05,347] INFO [GroupCoordinator 1]: Resigned as the group coordinator for partition 4 in epoch OptionalInt[1] (kafka.coordinator.group.GroupCoordinator)
[2026-10-02 20:47:05,347] INFO [GroupMetadataManager brokerId=1] Scheduling unloading of offsets and group metadata from __consumer_offsets-4 (kafka.coordinator.group.GroupMetadataManager)
[2026-10-02 20:47:05,347] INFO [GroupCoordinator 1]: Resigned as the group coordinator for partition 33 in epoch OptionalInt[1] (kafka.coordinator.group.GroupCoordinator)
[2026-10-02 20:47:05,347] INFO [GroupMetadataManager brokerId=1] Scheduling unloading of offsets and group metadata from __consumer_offsets-33 (kafka.coordinator.group.GroupMetadataManager)
[2026-10-02 20:47:05,347] INFO [GroupCoordinator 1]: Resigned as the group coordinator for partition 15 in epoch OptionalInt[1] (kafka.coordinator.group.GroupCoordinator)
[2026-10-02 20:47:05,347] INFO [GroupMetadataManager brokerId=1] Scheduling unloading of offsets and group metadata from __consumer_offsets-15 (kafka.coordinator.group.GroupMetadataManager)
[2026-10-02 20:47:05,347] INFO [GroupCoordinator 1]: Resigned as the group coordinator for partition 48 in epoch OptionalInt[1] (kafka.coordinator.group.GroupCoordinator)
[2026-10-02 20:47:05,347] INFO [GroupMetadataManager brokerId=1] Scheduling unloading of offsets and group metadata from __consumer_offsets-48 (kafka.coordinator.group.GroupMetadataManager)
[2026-10-02 20:47:05,347] INFO [GroupCoordinator 1]: Resigned as the group coordinator for partition 11 in epoch OptionalInt[1] (kafka.coordinator.group.GroupCoordinator)
[2026-10-02 20:47:05,347] INFO [GroupMetadataManager brokerId=1] Scheduling unloading of offsets and group metadata from __consumer_offsets-11 (kafka.coordinator.group.GroupMetadataManager)
[2026-10-02 20:47:05,347] INFO [GroupCoordinator 1]: Resigned as the group coordinator for partition 44 in epoch OptionalInt[1] (kafka.coordinator.group.GroupCoordinator)
[2026-10-02 20:47:05,347] INFO [GroupMetadataManager brokerId=1] Scheduling unloading of offsets and group metadata from __consumer_offsets-44 (kafka.coordinator.group.GroupMetadataManager)
[2026-10-02 20:47:05,347] INFO [GroupCoordinator 1]: Resigned as the group coordinator for partition 23 in epoch OptionalInt[1] (kafka.coordinator.group.GroupCoordinator)
[2026-10-02 20:47:05,347] INFO [GroupMetadataManager brokerId=1] Scheduling unloading of offsets and group metadata from __consumer_offsets-23 (kafka.coordinator.group.GroupMetadataManager)
[2026-10-02 20:47:05,347] INFO [GroupCoordinator 1]: Resigned as the group coordinator for partition 19 in epoch OptionalInt[1] (kafka.coordinator.group.GroupCoordinator)
[2026-10-02 20:47:05,347] INFO [GroupMetadataManager brokerId=1] Scheduling unloading of offsets and group metadata from __consumer_offsets-19 (kafka.coordinator.group.GroupMetadataManager)
[2026-10-02 20:47:05,347] INFO [GroupCoordinator 1]: Resigned as the group coordinator for partition 32 in epoch OptionalInt[1] (kafka.coordinator.group.GroupCoordinator)
[2026-10-02 20:47:05,347] INFO [GroupMetadataManager brokerId=1] Scheduling unloading of offsets and group metadata from __consumer_offsets-32 (kafka.coordinator.group.GroupMetadataManager)
[2026-10-02 20:47:05,347] INFO [GroupCoordinator 1]: Resigned as the group coordinator for partition 28 in epoch OptionalInt[1] (kafka.coordinator.group.GroupCoordinator)
[2026-10-02 20:47:05,347] INFO [GroupMetadataManager brokerId=1] Scheduling unloading of offsets and group metadata from __consumer_offsets-28 (kafka.coordinator.group.GroupMetadataManager)
[2026-10-02 20:47:05,347] INFO [GroupCoordinator 1]: Resigned as the group coordinator for partition 7 in epoch OptionalInt[1] (kafka.coordinator.group.GroupCoordinator)
[2026-10-02 20:47:05,347] INFO [GroupMetadataManager brokerId=1] Scheduling unloading of offsets and group metadata from __consumer_offsets-7 (kafka.coordinator.group.GroupMetadataManager)
[2026-10-02 20:47:05,347] INFO [GroupCoordinator 1]: Resigned as the group coordinator for partition 40 in epoch OptionalInt[1] (kafka.coordinator.group.GroupCoordinator)
[2026-10-02 20:47:05,347] INFO [GroupMetadataManager brokerId=1] Scheduling unloading of offsets and group metadata from __consumer_offsets-40 (kafka.coordinator.group.GroupMetadataManager)
[2026-10-02 20:47:05,347] INFO [GroupCoordinator 1]: Resigned as the group coordinator for partition 3 in epoch OptionalInt[1] (kafka.coordinator.group.GroupCoordinator)
[2026-10-02 20:47:05,347] INFO [GroupMetadataManager brokerId=1] Scheduling unloading of offsets and group metadata from __consumer_offsets-3 (kafka.coordinator.group.GroupMetadataManager)
[2026-10-02 20:47:05,347] INFO [GroupCoordinator 1]: Resigned as the group coordinator for partition 36 in epoch OptionalInt[1] (kafka.coordinator.group.GroupCoordinator)
[2026-10-02 20:47:05,347] INFO [GroupMetadataManager brokerId=1] Scheduling unloading of offsets and group metadata from __consumer_offsets-36 (kafka.coordinator.group.GroupMetadataManager)
[2026-10-02 20:47:05,347] INFO [GroupCoordinator 1]: Resigned as the group coordinator for partition 47 in epoch OptionalInt[1] (kafka.coordinator.group.GroupCoordinator)
[2026-10-02 20:47:05,347] INFO [GroupMetadataManager brokerId=1] Scheduling unloading of offsets and group metadata from __consumer_offsets-47 (kafka.coordinator.group.GroupMetadataManager)
[2026-10-02 20:47:05,347] INFO [GroupCoordinator 1]: Resigned as the group coordinator for partition 14 in epoch OptionalInt[1] (kafka.coordinator.group.GroupCoordinator)
[2026-10-02 20:47:05,347] INFO [GroupMetadataManager brokerId=1] Scheduling unloading of offsets and group metadata from __consumer_offsets-14 (kafka.coordinator.group.GroupMetadataManager)
[2026-10-02 20:47:05,347] INFO [GroupCoordinator 1]: Resigned as the group coordinator for partition 43 in epoch OptionalInt[1] (kafka.coordinator.group.GroupCoordinator)
[2026-10-02 20:47:05,347] INFO [GroupMetadataManager brokerId=1] Scheduling unloading of offsets and group metadata from __consumer_offsets-43 (kafka.coordinator.group.GroupMetadataManager)
[2026-10-02 20:47:05,347] INFO [GroupCoordinator 1]: Resigned as the group coordinator for partition 10 in epoch OptionalInt[1] (kafka.coordinator.group.GroupCoordinator)
[2026-10-02 20:47:05,347] INFO [GroupMetadataManager brokerId=1] Scheduling unloading of offsets and group metadata from __consumer_offsets-10 (kafka.coordinator.group.GroupMetadataManager)
[2026-10-02 20:47:05,347] INFO [GroupCoordinator 1]: Resigned as the group coordinator for partition 22 in epoch OptionalInt[1] (kafka.coordinator.group.GroupCoordinator)
[2026-10-02 20:47:05,347] INFO [GroupMetadataManager brokerId=1] Scheduling unloading of offsets and group metadata from __consumer_offsets-22 (kafka.coordinator.group.GroupMetadataManager)
[2026-10-02 20:47:05,347] INFO [GroupCoordinator 1]: Resigned as the group coordinator for partition 18 in epoch OptionalInt[1] (kafka.coordinator.group.GroupCoordinator)
[2026-10-02 20:47:05,347] INFO [GroupMetadataManager brokerId=1] Scheduling unloading of offsets and group metadata from __consumer_offsets-18 (kafka.coordinator.group.GroupMetadataManager)
[2026-10-02 20:47:05,347] INFO [GroupCoordinator 1]: Resigned as the group coordinator for partition 31 in epoch OptionalInt[1] (kafka.coordinator.group.GroupCoordinator)
[2026-10-02 20:47:05,347] INFO [GroupMetadataManager brokerId=1] Scheduling unloading of offsets and group metadata from __consumer_offsets-31 (kafka.coordinator.group.GroupMetadataManager)
[2026-10-02 20:47:05,347] INFO [GroupCoordinator 1]: Resigned as the group coordinator for partition 27 in epoch OptionalInt[1] (kafka.coordinator.group.GroupCoordinator)
[2026-10-02 20:47:05,347] INFO [GroupMetadataManager brokerId=1] Scheduling unloading of offsets and group metadata from __consumer_offsets-27 (kafka.coordinator.group.GroupMetadataManager)
[2026-10-02 20:47:05,347] INFO [GroupCoordinator 1]: Resigned as the group coordinator for partition 39 in epoch OptionalInt[1] (kafka.coordinator.group.GroupCoordinator)
[2026-10-02 20:47:05,347] INFO [GroupMetadataManager brokerId=1] Scheduling unloading of offsets and group metadata from __consumer_offsets-39 (kafka.coordinator.group.GroupMetadataManager)
[2026-10-02 20:47:05,347] INFO [GroupCoordinator 1]: Resigned as the group coordinator for partition 6 in epoch OptionalInt[1] (kafka.coordinator.group.GroupCoordinator)
[2026-10-02 20:47:05,347] INFO [GroupMetadataManager brokerId=1] Scheduling unloading of offsets and group metadata from __consumer_offsets-6 (kafka.coordinator.group.GroupMetadataManager)
[2026-10-02 20:47:05,347] INFO [GroupCoordinator 1]: Resigned as the group coordinator for partition 35 in epoch OptionalInt[1] (kafka.coordinator.group.GroupCoordinator)
[2026-10-02 20:47:05,347] INFO [GroupMetadataManager brokerId=1] Scheduling unloading of offsets and group metadata from __consumer_offsets-35 (kafka.coordinator.group.GroupMetadataManager)
[2026-10-02 20:47:05,347] INFO [GroupCoordinator 1]: Resigned as the group coordinator for partition 2 in epoch OptionalInt[1] (kafka.coordinator.group.GroupCoordinator)
[2026-10-02 20:47:05,347] INFO [GroupMetadataManager brokerId=1] Scheduling unloading of offsets and group metadata from __consumer_offsets-2 (kafka.coordinator.group.GroupMetadataManager)
[2026-10-02 20:47:05,351] INFO [GroupMetadataManager brokerId=1] Finished unloading __consumer_offsets-13 for coordinator epoch OptionalInt[1]. Removed 0 cached offsets and 0 cached groups. (kafka.coordinator.group.GroupMetadataManager)
[2026-10-02 20:47:05,351] INFO [GroupMetadataManager brokerId=1] Finished unloading __consumer_offsets-46 for coordinator epoch OptionalInt[1]. Removed 0 cached offsets and 0 cached groups. (kafka.coordinator.group.GroupMetadataManager)
[2026-10-02 20:47:05,351] INFO [GroupMetadataManager brokerId=1] Finished unloading __consumer_offsets-9 for coordinator epoch OptionalInt[1]. Removed 0 cached offsets and 0 cached groups. (kafka.coordinator.group.GroupMetadataManager)
[2026-10-02 20:47:05,351] INFO [GroupMetadataManager brokerId=1] Finished unloading __consumer_offsets-42 for coordinator epoch OptionalInt[1]. Removed 0 cached offsets and 0 cached groups. (kafka.coordinator.group.GroupMetadataManager)
[2026-10-02 20:47:05,351] INFO [GroupMetadataManager brokerId=1] Finished unloading __consumer_offsets-21 for coordinator epoch OptionalInt[1]. Removed 0 cached offsets and 0 cached groups. (kafka.coordinator.group.GroupMetadataManager)
[2026-10-02 20:47:05,351] INFO [GroupMetadataManager brokerId=1] Finished unloading __consumer_offsets-17 for coordinator epoch OptionalInt[1]. Removed 0 cached offsets and 0 cached groups. (kafka.coordinator.group.GroupMetadataManager)
[2026-10-02 20:47:05,351] INFO [GroupMetadataManager brokerId=1] Finished unloading __consumer_offsets-30 for coordinator epoch OptionalInt[1]. Removed 0 cached offsets and 0 cached groups. (kafka.coordinator.group.GroupMetadataManager)
[2026-10-02 20:47:05,351] INFO [GroupMetadataManager brokerId=1] Finished unloading __consumer_offsets-26 for coordinator epoch OptionalInt[1]. Removed 0 cached offsets and 0 cached groups. (kafka.coordinator.group.GroupMetadataManager)
[2026-10-02 20:47:05,351] INFO [GroupMetadataManager brokerId=1] Finished unloading __consumer_offsets-5 for coordinator epoch OptionalInt[1]. Removed 0 cached offsets and 0 cached groups. (kafka.coordinator.group.GroupMetadataManager)
[2026-10-02 20:47:05,351] INFO [GroupMetadataManager brokerId=1] Finished unloading __consumer_offsets-38 for coordinator epoch OptionalInt[1]. Removed 0 cached offsets and 0 cached groups. (kafka.coordinator.group.GroupMetadataManager)
[2026-10-02 20:47:05,351] INFO [GroupMetadataManager brokerId=1] Finished unloading __consumer_offsets-1 for coordinator epoch OptionalInt[1]. Removed 0 cached offsets and 0 cached groups. (kafka.coordinator.group.GroupMetadataManager)
[2026-10-02 20:47:05,351] INFO [GroupMetadataManager brokerId=1] Finished unloading __consumer_offsets-34 for coordinator epoch OptionalInt[1]. Removed 0 cached offsets and 0 cached groups. (kafka.coordinator.group.GroupMetadataManager)
[2026-10-02 20:47:05,351] INFO [GroupMetadataManager brokerId=1] Finished unloading __consumer_offsets-16 for coordinator epoch OptionalInt[1]. Removed 0 cached offsets and 0 cached groups. (kafka.coordinator.group.GroupMetadataManager)
[2026-10-02 20:47:05,351] INFO [GroupMetadataManager brokerId=1] Finished unloading __consumer_offsets-45 for coordinator epoch OptionalInt[1]. Removed 0 cached offsets and 0 cached groups. (kafka.coordinator.group.GroupMetadataManager)
[2026-10-02 20:47:05,351] INFO [GroupMetadataManager brokerId=1] Finished unloading __consumer_offsets-12 for coordinator epoch OptionalInt[1]. Removed 0 cached offsets and 0 cached groups. (kafka.coordinator.group.GroupMetadataManager)
[2026-10-02 20:47:05,351] INFO [GroupMetadataManager brokerId=1] Finished unloading __consumer_offsets-41 for coordinator epoch OptionalInt[1]. Removed 0 cached offsets and 0 cached groups. (kafka.coordinator.group.GroupMetadataManager)
[2026-10-02 20:47:05,351] INFO [GroupMetadataManager brokerId=1] Finished unloading __consumer_offsets-24 for coordinator epoch OptionalInt[1]. Removed 0 cached offsets and 0 cached groups. (kafka.coordinator.group.GroupMetadataManager)
[2026-10-02 20:47:05,351] INFO [GroupMetadataManager brokerId=1] Finished unloading __consumer_offsets-20 for coordinator epoch OptionalInt[1]. Removed 0 cached offsets and 0 cached groups. (kafka.coordinator.group.GroupMetadataManager)
[2026-10-02 20:47:05,351] INFO [GroupMetadataManager brokerId=1] Finished unloading __consumer_offsets-49 for coordinator epoch OptionalInt[1]. Removed 0 cached offsets and 0 cached groups. (kafka.coordinator.group.GroupMetadataManager)
[2026-10-02 20:47:05,351] INFO [GroupMetadataManager brokerId=1] Finished unloading __consumer_offsets-0 for coordinator epoch OptionalInt[1]. Removed 0 cached offsets and 0 cached groups. (kafka.coordinator.group.GroupMetadataManager)
[2026-10-02 20:47:05,351] INFO [GroupMetadataManager brokerId=1] Finished unloading __consumer_offsets-29 for coordinator epoch OptionalInt[1]. Removed 0 cached offsets and 0 cached groups. (kafka.coordinator.group.GroupMetadataManager)
[2026-10-02 20:47:05,351] INFO [GroupMetadataManager brokerId=1] Finished unloading __consumer_offsets-25 for coordinator epoch OptionalInt[1]. Removed 0 cached offsets and 0 cached groups. (kafka.coordinator.group.GroupMetadataManager)
[2026-10-02 20:47:05,351] INFO [GroupMetadataManager brokerId=1] Finished unloading __consumer_offsets-8 for coordinator epoch OptionalInt[1]. Removed 0 cached offsets and 0 cached groups. (kafka.coordinator.group.GroupMetadataManager)
[2026-10-02 20:47:05,351] INFO [GroupMetadataManager brokerId=1] Finished unloading __consumer_offsets-37 for coordinator epoch OptionalInt[1]. Removed 0 cached offsets and 0 cached groups. (kafka.coordinator.group.GroupMetadataManager)
[2026-10-02 20:47:05,351] INFO [GroupMetadataManager brokerId=1] Finished unloading __consumer_offsets-4 for coordinator epoch OptionalInt[1]. Removed 0 cached offsets and 0 cached groups. (kafka.coordinator.group.GroupMetadataManager)
[2026-10-02 20:47:05,351] INFO [GroupMetadataManager brokerId=1] Finished unloading __consumer_offsets-33 for coordinator epoch OptionalInt[1]. Removed 0 cached offsets and 0 cached groups. (kafka.coordinator.group.GroupMetadataManager)
[2026-10-02 20:47:05,352] INFO [GroupMetadataManager brokerId=1] Finished unloading __consumer_offsets-15 for coordinator epoch OptionalInt[1]. Removed 0 cached offsets and 0 cached groups. (kafka.coordinator.group.GroupMetadataManager)
[2026-10-02 20:47:05,352] INFO [GroupMetadataManager brokerId=1] Finished unloading __consumer_offsets-48 for coordinator epoch OptionalInt[1]. Removed 0 cached offsets and 0 cached groups. (kafka.coordinator.group.GroupMetadataManager)
[2026-10-02 20:47:05,352] INFO [GroupMetadataManager brokerId=1] Finished unloading __consumer_offsets-11 for coordinator epoch OptionalInt[1]. Removed 0 cached offsets and 0 cached groups. (kafka.coordinator.group.GroupMetadataManager)
[2026-10-02 20:47:05,352] INFO [GroupMetadataManager brokerId=1] Finished unloading __consumer_offsets-44 for coordinator epoch OptionalInt[1]. Removed 0 cached offsets and 0 cached groups. (kafka.coordinator.group.GroupMetadataManager)
[2026-10-02 20:47:05,352] INFO [GroupMetadataManager brokerId=1] Finished unloading __consumer_offsets-23 for coordinator epoch OptionalInt[1]. Removed 0 cached offsets and 0 cached groups. (kafka.coordinator.group.GroupMetadataManager)
[2026-10-02 20:47:05,352] INFO [GroupMetadataManager brokerId=1] Finished unloading __consumer_offsets-19 for coordinator epoch OptionalInt[1]. Removed 0 cached offsets and 0 cached groups. (kafka.coordinator.group.GroupMetadataManager)
[2026-10-02 20:47:05,352] INFO [GroupMetadataManager brokerId=1] Finished unloading __consumer_offsets-32 for coordinator epoch OptionalInt[1]. Removed 0 cached offsets and 0 cached groups. (kafka.coordinator.group.GroupMetadataManager)
[2026-10-02 20:47:05,352] INFO [GroupMetadataManager brokerId=1] Finished unloading __consumer_offsets-28 for coordinator epoch OptionalInt[1]. Removed 0 cached offsets and 0 cached groups. (kafka.coordinator.group.GroupMetadataManager)
[2026-10-02 20:47:05,352] INFO [GroupMetadataManager brokerId=1] Finished unloading __consumer_offsets-7 for coordinator epoch OptionalInt[1]. Removed 0 cached offsets and 0 cached groups. (kafka.coordinator.group.GroupMetadataManager)
[2026-10-02 20:47:05,352] INFO [GroupMetadataManager brokerId=1] Finished unloading __consumer_offsets-40 for coordinator epoch OptionalInt[1]. Removed 0 cached offsets and 0 cached groups. (kafka.coordinator.group.GroupMetadataManager)
[2026-10-02 20:47:05,352] INFO [GroupMetadataManager brokerId=1] Finished unloading __consumer_offsets-3 for coordinator epoch OptionalInt[1]. Removed 0 cached offsets and 0 cached groups. (kafka.coordinator.group.GroupMetadataManager)
[2026-10-02 20:47:05,352] INFO [GroupMetadataManager brokerId=1] Finished unloading __consumer_offsets-36 for coordinator epoch OptionalInt[1]. Removed 0 cached offsets and 0 cached groups. (kafka.coordinator.group.GroupMetadataManager)
[2026-10-02 20:47:05,352] INFO [GroupMetadataManager brokerId=1] Finished unloading __consumer_offsets-47 for coordinator epoch OptionalInt[1]. Removed 0 cached offsets and 0 cached groups. (kafka.coordinator.group.GroupMetadataManager)
[2026-10-02 20:47:05,352] INFO [GroupMetadataManager brokerId=1] Finished unloading __consumer_offsets-14 for coordinator epoch OptionalInt[1]. Removed 0 cached offsets and 0 cached groups. (kafka.coordinator.group.GroupMetadataManager)
[2026-10-02 20:47:05,352] INFO [GroupMetadataManager brokerId=1] Finished unloading __consumer_offsets-43 for coordinator epoch OptionalInt[1]. Removed 0 cached offsets and 0 cached groups. (kafka.coordinator.group.GroupMetadataManager)
[2026-10-02 20:47:05,352] INFO [GroupMetadataManager brokerId=1] Finished unloading __consumer_offsets-10 for coordinator epoch OptionalInt[1]. Removed 0 cached offsets and 0 cached groups. (kafka.coordinator.group.GroupMetadataManager)
[2026-10-02 20:47:05,352] INFO [GroupMetadataManager brokerId=1] Finished unloading __consumer_offsets-22 for coordinator epoch OptionalInt[1]. Removed 0 cached offsets and 0 cached groups. (kafka.coordinator.group.GroupMetadataManager)
[2026-10-02 20:47:05,352] INFO [GroupMetadataManager brokerId=1] Finished unloading __consumer_offsets-18 for coordinator epoch OptionalInt[1]. Removed 0 cached offsets and 0 cached groups. (kafka.coordinator.group.GroupMetadataManager)
[2026-10-02 20:47:05,352] INFO [GroupMetadataManager brokerId=1] Finished unloading __consumer_offsets-31 for coordinator epoch OptionalInt[1]. Removed 0 cached offsets and 0 cached groups. (kafka.coordinator.group.GroupMetadataManager)
[2026-10-02 20:47:05,352] INFO [GroupMetadataManager brokerId=1] Finished unloading __consumer_offsets-27 for coordinator epoch OptionalInt[1]. Removed 0 cached offsets and 0 cached groups. (kafka.coordinator.group.GroupMetadataManager)
[2026-10-02 20:47:05,352] INFO [GroupMetadataManager brokerId=1] Finished unloading __consumer_offsets-39 for coordinator epoch OptionalInt[1]. Removed 0 cached offsets and 0 cached groups. (kafka.coordinator.group.GroupMetadataManager)
[2026-10-02 20:47:05,352] INFO [GroupMetadataManager brokerId=1] Finished unloading __consumer_offsets-6 for coordinator epoch OptionalInt[1]. Removed 0 cached offsets and 0 cached groups. (kafka.coordinator.group.GroupMetadataManager)
[2026-10-02 20:47:05,352] INFO [GroupMetadataManager brokerId=1] Finished unloading __consumer_offsets-35 for coordinator epoch OptionalInt[1]. Removed 0 cached offsets and 0 cached groups. (kafka.coordinator.group.GroupMetadataManager)
[2026-10-02 20:47:05,352] INFO [GroupMetadataManager brokerId=1] Finished unloading __consumer_offsets-2 for coordinator epoch OptionalInt[1]. Removed 0 cached offsets and 0 cached groups. (kafka.coordinator.group.GroupMetadataManager)
[2026-10-02 20:47:05,353] INFO [DynamicConfigPublisher broker id=1] Updating topic c-peer-kl04-04-delivery-failure with new configuration : min.insync.replicas -> 2 (kafka.server.metadata.DynamicConfigPublisher)
[2026-10-02 20:47:05,359] INFO [DynamicConfigPublisher broker id=1] Updating topic c-peer-kl04-04-oversize with new configuration : max.message.bytes -> 128,min.insync.replicas -> 1 (kafka.server.metadata.DynamicConfigPublisher)
[2026-10-02 20:47:05,360] INFO [DynamicConfigPublisher broker id=1] Updating topic c-peer-kl04-04-success with new configuration : min.insync.replicas -> 1 (kafka.server.metadata.DynamicConfigPublisher)
[2026-10-02 20:47:05,360] INFO [DynamicConfigPublisher broker id=1] Updating topic __consumer_offsets with new configuration : compression.type -> producer,cleanup.policy -> compact,segment.bytes -> 104857600 (kafka.server.metadata.DynamicConfigPublisher)
[2026-10-02 20:47:05,361] INFO [DynamicConfigPublisher broker id=1] Updating topic c-peer-kl04-04-success-02 with new configuration : min.insync.replicas -> 1 (kafka.server.metadata.DynamicConfigPublisher)
[2026-10-02 20:47:05,364] INFO [MetadataLoader id=1] InitializeNewPublishers: initializing BrokerRegistrationTracker(id=1) with a snapshot at offset 1764 (org.apache.kafka.image.loader.MetadataLoader)
[2026-10-02 20:47:05,372] INFO [BrokerLifecycleManager id=1] The broker has caught up. Transitioning from STARTING to RECOVERY. (kafka.server.BrokerLifecycleManager)
[2026-10-02 20:47:05,372] INFO [BrokerServer id=1] Finished waiting for the controller to acknowledge that we are caught up (kafka.server.BrokerServer)
[2026-10-02 20:47:05,372] INFO [BrokerServer id=1] Waiting for the initial broker metadata update to be published (kafka.server.BrokerServer)
[2026-10-02 20:47:05,372] INFO [BrokerServer id=1] Finished waiting for the initial broker metadata update to be published (kafka.server.BrokerServer)
[2026-10-02 20:47:05,373] INFO KafkaConfig values: 
	advertised.listeners = PLAINTEXT://127.0.0.1:19094
	alter.config.policy.class.name = null
	alter.log.dirs.replication.quota.window.num = 11
	alter.log.dirs.replication.quota.window.size.seconds = 1
	authorizer.class.name = 
	auto.create.topics.enable = true
	auto.include.jmx.reporter = true
	auto.leader.rebalance.enable = true
	background.threads = 10
	broker.heartbeat.interval.ms = 2000
	broker.id = 1
	broker.id.generation.enable = true
	broker.rack = null
	broker.session.timeout.ms = 9000
	client.quota.callback.class = null
	compression.gzip.level = -1
	compression.lz4.level = 9
	compression.type = producer
	compression.zstd.level = 3
	connection.failed.authentication.delay.ms = 100
	connections.max.idle.ms = 600000
	connections.max.reauth.ms = 0
	control.plane.listener.name = null
	controlled.shutdown.enable = true
	controlled.shutdown.max.retries = 3
	controlled.shutdown.retry.backoff.ms = 5000
	controller.listener.names = CONTROLLER
	controller.quorum.append.linger.ms = 25
	controller.quorum.bootstrap.servers = []
	controller.quorum.election.backoff.max.ms = 1000
	controller.quorum.election.timeout.ms = 1000
	controller.quorum.fetch.timeout.ms = 2000
	controller.quorum.request.timeout.ms = 2000
	controller.quorum.retry.backoff.ms = 20
	controller.quorum.voters = [1@127.0.0.1:19095]
	controller.quota.window.num = 11
	controller.quota.window.size.seconds = 1
	controller.socket.timeout.ms = 30000
	create.topic.policy.class.name = null
	default.replication.factor = 1
	delegation.token.expiry.check.interval.ms = 3600000
	delegation.token.expiry.time.ms = 86400000
	delegation.token.master.key = null
	delegation.token.max.lifetime.ms = 604800000
	delegation.token.secret.key = null
	delete.records.purgatory.purge.interval.requests = 1
	delete.topic.enable = true
	early.start.listeners = null
	eligible.leader.replicas.enable = false
	fetch.max.bytes = 57671680
	fetch.purgatory.purge.interval.requests = 1000
	group.consumer.assignors = [org.apache.kafka.coordinator.group.assignor.UniformAssignor, org.apache.kafka.coordinator.group.assignor.RangeAssignor]
	group.consumer.heartbeat.interval.ms = 5000
	group.consumer.max.heartbeat.interval.ms = 15000
	group.consumer.max.session.timeout.ms = 60000
	group.consumer.max.size = 2147483647
	group.consumer.migration.policy = disabled
	group.consumer.min.heartbeat.interval.ms = 5000
	group.consumer.min.session.timeout.ms = 45000
	group.consumer.session.timeout.ms = 45000
	group.coordinator.append.linger.ms = 10
	group.coordinator.new.enable = false
	group.coordinator.rebalance.protocols = [classic]
	group.coordinator.threads = 1
	group.initial.rebalance.delay.ms = 0
	group.max.session.timeout.ms = 1800000
	group.max.size = 2147483647
	group.min.session.timeout.ms = 6000
	group.share.delivery.count.limit = 5
	group.share.enable = false
	group.share.heartbeat.interval.ms = 5000
	group.share.max.groups = 10
	group.share.max.heartbeat.interval.ms = 15000
	group.share.max.record.lock.duration.ms = 60000
	group.share.max.session.timeout.ms = 60000
	group.share.max.size = 200
	group.share.min.heartbeat.interval.ms = 5000
	group.share.min.record.lock.duration.ms = 15000
	group.share.min.session.timeout.ms = 45000
	group.share.partition.max.record.locks = 200
	group.share.record.lock.duration.ms = 30000
	group.share.session.timeout.ms = 45000
	initial.broker.registration.timeout.ms = 60000
	inter.broker.listener.name = PLAINTEXT
	inter.broker.protocol.version = 3.9-IV0
	kafka.metrics.polling.interval.secs = 10
	kafka.metrics.reporters = []
	leader.imbalance.check.interval.seconds = 300
	leader.imbalance.per.broker.percentage = 10
	listener.security.protocol.map = CONTROLLER:PLAINTEXT,PLAINTEXT:PLAINTEXT
	listeners = PLAINTEXT://127.0.0.1:19094,CONTROLLER://127.0.0.1:19095
	log.cleaner.backoff.ms = 15000
	log.cleaner.dedupe.buffer.size = 134217728
	log.cleaner.delete.retention.ms = 86400000
	log.cleaner.enable = true
	log.cleaner.io.buffer.load.factor = 0.9
	log.cleaner.io.buffer.size = 524288
	log.cleaner.io.max.bytes.per.second = 1.7976931348623157E308
	log.cleaner.max.compaction.lag.ms = 9223372036854775807
	log.cleaner.min.cleanable.ratio = 0.5
	log.cleaner.min.compaction.lag.ms = 0
	log.cleaner.threads = 1
	log.cleanup.policy = [delete]
	log.dir = /tmp/kafka-logs
	log.dir.failure.timeout.ms = 30000
	log.dirs = /workspace/work/c-peer/kafka-logs
	log.flush.interval.messages = 9223372036854775807
	log.flush.interval.ms = null
	log.flush.offset.checkpoint.interval.ms = 60000
	log.flush.scheduler.interval.ms = 9223372036854775807
	log.flush.start.offset.checkpoint.interval.ms = 60000
	log.index.interval.bytes = 4096
	log.index.size.max.bytes = 10485760
	log.initial.task.delay.ms = 30000
	log.local.retention.bytes = -2
	log.local.retention.ms = -2
	log.message.downconversion.enable = true
	log.message.format.version = 3.0-IV1
	log.message.timestamp.after.max.ms = 9223372036854775807
	log.message.timestamp.before.max.ms = 9223372036854775807
	log.message.timestamp.difference.max.ms = 9223372036854775807
	log.message.timestamp.type = CreateTime
	log.preallocate = false
	log.retention.bytes = -1
	log.retention.check.interval.ms = 300000
	log.retention.hours = 168
	log.retention.minutes = null
	log.retention.ms = null
	log.roll.hours = 168
	log.roll.jitter.hours = 0
	log.roll.jitter.ms = null
	log.roll.ms = null
	log.segment.bytes = 1073741824
	log.segment.delete.delay.ms = 60000
	max.connection.creation.rate = 2147483647
	max.connections = 2147483647
	max.connections.per.ip = 2147483647
	max.connections.per.ip.overrides = 
	max.incremental.fetch.session.cache.slots = 1000
	max.request.partition.size.limit = 2000
	message.max.bytes = 1048588
	metadata.log.dir = null
	metadata.log.max.record.bytes.between.snapshots = 20971520
	metadata.log.max.snapshot.interval.ms = 3600000
	metadata.log.segment.bytes = 1073741824
	metadata.log.segment.min.bytes = 8388608
	metadata.log.segment.ms = 604800000
	metadata.max.idle.interval.ms = 500
	metadata.max.retention.bytes = 104857600
	metadata.max.retention.ms = 604800000
	metric.reporters = []
	metrics.num.samples = 2
	metrics.recording.level = INFO
	metrics.sample.window.ms = 30000
	min.insync.replicas = 1
	node.id = 1
	num.io.threads = 2
	num.network.threads = 2
	num.partitions = 6
	num.recovery.threads.per.data.dir = 1
	num.replica.alter.log.dirs.threads = null
	num.replica.fetchers = 1
	offset.metadata.max.bytes = 4096
	offsets.commit.required.acks = -1
	offsets.commit.timeout.ms = 5000
	offsets.load.buffer.size = 5242880
	offsets.retention.check.interval.ms = 600000
	offsets.retention.minutes = 10080
	offsets.topic.compression.codec = 0
	offsets.topic.num.partitions = 50
	offsets.topic.replication.factor = 1
	offsets.topic.segment.bytes = 104857600
	password.encoder.cipher.algorithm = AES/CBC/PKCS5Padding
	password.encoder.iterations = 4096
	password.encoder.key.length = 128
	password.encoder.keyfactory.algorithm = null
	password.encoder.old.secret = null
	password.encoder.secret = null
	principal.builder.class = class org.apache.kafka.common.security.authenticator.DefaultKafkaPrincipalBuilder
	process.roles = [broker, controller]
	producer.id.expiration.check.interval.ms = 600000
	producer.id.expiration.ms = 86400000
	producer.purgatory.purge.interval.requests = 1000
	queued.max.request.bytes = -1
	queued.max.requests = 500
	quota.window.num = 11
	quota.window.size.seconds = 1
	remote.fetch.max.wait.ms = 500
	remote.log.index.file.cache.total.size.bytes = 1073741824
	remote.log.manager.copier.thread.pool.size = -1
	remote.log.manager.copy.max.bytes.per.second = 9223372036854775807
	remote.log.manager.copy.quota.window.num = 11
	remote.log.manager.copy.quota.window.size.seconds = 1
	remote.log.manager.expiration.thread.pool.size = -1
	remote.log.manager.fetch.max.bytes.per.second = 9223372036854775807
	remote.log.manager.fetch.quota.window.num = 11
	remote.log.manager.fetch.quota.window.size.seconds = 1
	remote.log.manager.task.interval.ms = 30000
	remote.log.manager.task.retry.backoff.max.ms = 30000
	remote.log.manager.task.retry.backoff.ms = 500
	remote.log.manager.task.retry.jitter = 0.2
	remote.log.manager.thread.pool.size = 10
	remote.log.metadata.custom.metadata.max.bytes = 128
	remote.log.metadata.manager.class.name = org.apache.kafka.server.log.remote.metadata.storage.TopicBasedRemoteLogMetadataManager
	remote.log.metadata.manager.class.path = null
	remote.log.metadata.manager.impl.prefix = rlmm.config.
	remote.log.metadata.manager.listener.name = null
	remote.log.reader.max.pending.tasks = 100
	remote.log.reader.threads = 10
	remote.log.storage.manager.class.name = null
	remote.log.storage.manager.class.path = null
	remote.log.storage.manager.impl.prefix = rsm.config.
	remote.log.storage.system.enable = false
	replica.fetch.backoff.ms = 1000
	replica.fetch.max.bytes = 1048576
	replica.fetch.min.bytes = 1
	replica.fetch.response.max.bytes = 10485760
	replica.fetch.wait.max.ms = 500
	replica.high.watermark.checkpoint.interval.ms = 5000
	replica.lag.time.max.ms = 30000
	replica.selector.class = null
	replica.socket.receive.buffer.bytes = 65536
	replica.socket.timeout.ms = 30000
	replication.quota.window.num = 11
	replication.quota.window.size.seconds = 1
	request.timeout.ms = 30000
	reserved.broker.max.id = 1000
	sasl.client.callback.handler.class = null
	sasl.enabled.mechanisms = [GSSAPI]
	sasl.jaas.config = null
	sasl.kerberos.kinit.cmd = /usr/bin/kinit
	sasl.kerberos.min.time.before.relogin = 60000
	sasl.kerberos.principal.to.local.rules = [DEFAULT]
	sasl.kerberos.service.name = null
	sasl.kerberos.ticket.renew.jitter = 0.05
	sasl.kerberos.ticket.renew.window.factor = 0.8
	sasl.login.callback.handler.class = null
	sasl.login.class = null
	sasl.login.connect.timeout.ms = null
	sasl.login.read.timeout.ms = null
	sasl.login.refresh.buffer.seconds = 300
	sasl.login.refresh.min.period.seconds = 60
	sasl.login.refresh.window.factor = 0.8
	sasl.login.refresh.window.jitter = 0.05
	sasl.login.retry.backoff.max.ms = 10000
	sasl.login.retry.backoff.ms = 100
	sasl.mechanism.controller.protocol = GSSAPI
	sasl.mechanism.inter.broker.protocol = GSSAPI
	sasl.oauthbearer.clock.skew.seconds = 30
	sasl.oauthbearer.expected.audience = null
	sasl.oauthbearer.expected.issuer = null
	sasl.oauthbearer.jwks.endpoint.refresh.ms = 3600000
	sasl.oauthbearer.jwks.endpoint.retry.backoff.max.ms = 10000
	sasl.oauthbearer.jwks.endpoint.retry.backoff.ms = 100
	sasl.oauthbearer.jwks.endpoint.url = null
	sasl.oauthbearer.scope.claim.name = scope
	sasl.oauthbearer.sub.claim.name = sub
	sasl.oauthbearer.token.endpoint.url = null
	sasl.server.callback.handler.class = null
	sasl.server.max.receive.size = 524288
	security.inter.broker.protocol = PLAINTEXT
	security.providers = null
	server.max.startup.time.ms = 9223372036854775807
	socket.connection.setup.timeout.max.ms = 30000
	socket.connection.setup.timeout.ms = 10000
	socket.listen.backlog.size = 50
	socket.receive.buffer.bytes = 102400
	socket.request.max.bytes = 104857600
	socket.send.buffer.bytes = 102400
	ssl.allow.dn.changes = false
	ssl.allow.san.changes = false
	ssl.cipher.suites = []
	ssl.client.auth = none
	ssl.enabled.protocols = [TLSv1.2, TLSv1.3]
	ssl.endpoint.identification.algorithm = https
	ssl.engine.factory.class = null
	ssl.key.password = null
	ssl.keymanager.algorithm = SunX509
	ssl.keystore.certificate.chain = null
	ssl.keystore.key = null
	ssl.keystore.location = null
	ssl.keystore.password = null
	ssl.keystore.type = JKS
	ssl.principal.mapping.rules = DEFAULT
	ssl.protocol = TLSv1.3
	ssl.provider = null
	ssl.secure.random.implementation = null
	ssl.trustmanager.algorithm = PKIX
	ssl.truststore.certificates = null
	ssl.truststore.location = null
	ssl.truststore.password = null
	ssl.truststore.type = JKS
	telemetry.max.bytes = 1048576
	transaction.abort.timed.out.transaction.cleanup.interval.ms = 10000
	transaction.max.timeout.ms = 900000
	transaction.partition.verification.enable = true
	transaction.remove.expired.transaction.cleanup.interval.ms = 3600000
	transaction.state.log.load.buffer.size = 5242880
	transaction.state.log.min.isr = 1
	transaction.state.log.num.partitions = 50
	transaction.state.log.replication.factor = 1
	transaction.state.log.segment.bytes = 104857600
	transactional.id.expiration.ms = 604800000
	unclean.leader.election.enable = false
	unclean.leader.election.interval.ms = 300000
	unstable.api.versions.enable = false
	unstable.feature.versions.enable = false
	zookeeper.clientCnxnSocket = null
	zookeeper.connect = null
	zookeeper.connection.timeout.ms = null
	zookeeper.max.in.flight.requests = 10
	zookeeper.metadata.migration.enable = false
	zookeeper.metadata.migration.min.batch.size = 200
	zookeeper.session.timeout.ms = 18000
	zookeeper.set.acl = false
	zookeeper.ssl.cipher.suites = null
	zookeeper.ssl.client.enable = false
	zookeeper.ssl.crl.enable = false
	zookeeper.ssl.enabled.protocols = null
	zookeeper.ssl.endpoint.identification.algorithm = HTTPS
	zookeeper.ssl.keystore.location = null
	zookeeper.ssl.keystore.password = null
	zookeeper.ssl.keystore.type = null
	zookeeper.ssl.ocsp.enable = false
	zookeeper.ssl.protocol = TLSv1.2
	zookeeper.ssl.truststore.location = null
	zookeeper.ssl.truststore.password = null
	zookeeper.ssl.truststore.type = null
 (kafka.server.KafkaConfig)
[2026-10-02 20:47:05,380] INFO [BrokerServer id=1] Waiting for the broker to be unfenced (kafka.server.BrokerServer)
[2026-10-02 20:47:05,423] INFO [ReplicaFetcherManager on broker 1] Removed fetcher for partitions Set(__consumer_offsets-13, __consumer_offsets-46, __consumer_offsets-9, c-peer-kl04-04-harness-02-1, __consumer_offsets-42, c-peer-kl04-04-delivery-failure-3, __consumer_offsets-21, __consumer_offsets-17, c-peer-kl04-04-success-1, __consumer_offsets-30, c-peer-kl04-04-oversize-2, __consumer_offsets-26, __consumer_offsets-5, c-peer-kl04-04-success-02-4, __consumer_offsets-38, __consumer_offsets-1, c-peer-kl04-04-success-02-0, __consumer_offsets-34, __consumer_offsets-16, __consumer_offsets-45, __consumer_offsets-12, c-peer-kl04-04-harness-02-2, __consumer_offsets-41, c-peer-kl04-04-delivery-failure-2, __consumer_offsets-24, __consumer_offsets-20, c-peer-kl04-04-success-2, __consumer_offsets-49, c-peer-kl04-04-success-3, __consumer_offsets-0, c-peer-kl04-04-oversize-5, __consumer_offsets-29, c-peer-kl04-04-oversize-1, __consumer_offsets-25, c-peer-kl04-04-harness-02-3, __consumer_offsets-8, __consumer_offsets-37, c-peer-kl04-04-success-02-3, __consumer_offsets-4, __consumer_offsets-33, __consumer_offsets-15, __consumer_offsets-48, __consumer_offsets-11, __consumer_offsets-44, c-peer-kl04-04-delivery-failure-1, __consumer_offsets-23, __consumer_offsets-19, c-peer-kl04-04-success-4, __consumer_offsets-32, c-peer-kl04-04-delivery-failure-5, c-peer-kl04-04-oversize-4, __consumer_offsets-28, c-peer-kl04-04-harness-02-4, __consumer_offsets-7, c-peer-kl04-04-oversize-0, __consumer_offsets-40, __consumer_offsets-3, c-peer-kl04-04-success-02-2, __consumer_offsets-36, __consumer_offsets-47, __consumer_offsets-14, c-peer-kl04-04-harness-02-0, __consumer_offsets-43, __consumer_offsets-10, c-peer-kl04-04-delivery-failure-4, __consumer_offsets-22, c-peer-kl04-04-success-0, c-peer-kl04-04-delivery-failure-0, __consumer_offsets-18, __consumer_offsets-31, c-peer-kl04-04-success-5, c-peer-kl04-04-oversize-3, __consumer_offsets-27, __consumer_offsets-39, c-peer-kl04-04-success-02-5, c-peer-kl04-04-harness-02-5, __consumer_offsets-6, __consumer_offsets-35, c-peer-kl04-04-success-02-1, __consumer_offsets-2) (kafka.server.ReplicaFetcherManager)
[2026-10-02 20:47:05,431] INFO [BrokerLifecycleManager id=1] The broker has been unfenced. Transitioning from RECOVERY to RUNNING. (kafka.server.BrokerLifecycleManager)
[2026-10-02 20:47:05,431] INFO [BrokerServer id=1] Finished waiting for the broker to be unfenced (kafka.server.BrokerServer)
[2026-10-02 20:47:05,432] INFO authorizerStart completed for endpoint PLAINTEXT. Endpoint is now READY. (org.apache.kafka.server.network.EndpointReadyFutures)
[2026-10-02 20:47:05,432] INFO [SocketServer listenerType=BROKER, nodeId=1] Enabling request processing. (kafka.network.SocketServer)
[2026-10-02 20:47:05,432] INFO Awaiting socket connections on 127.0.0.1:19094. (kafka.network.DataPlaneAcceptor)
[2026-10-02 20:47:05,436] INFO [BrokerServer id=1] Waiting for all of the authorizer futures to be completed (kafka.server.BrokerServer)
[2026-10-02 20:47:05,436] INFO [BrokerServer id=1] Finished waiting for all of the authorizer futures to be completed (kafka.server.BrokerServer)
[2026-10-02 20:47:05,436] INFO [BrokerServer id=1] Waiting for all of the SocketServer Acceptors to be started (kafka.server.BrokerServer)
[2026-10-02 20:47:05,436] INFO [BrokerServer id=1] Finished waiting for all of the SocketServer Acceptors to be started (kafka.server.BrokerServer)
[2026-10-02 20:47:05,436] INFO [BrokerServer id=1] Transition from STARTING to STARTED (kafka.server.BrokerServer)
[2026-10-02 20:47:05,436] INFO Kafka version: 3.9.1 (org.apache.kafka.common.utils.AppInfoParser)
[2026-10-02 20:47:05,436] INFO Kafka commitId: f745dfdcee2b9851 (org.apache.kafka.common.utils.AppInfoParser)
[2026-10-02 20:47:05,436] INFO Kafka startTimeMs: 1790974025436 (org.apache.kafka.common.utils.AppInfoParser)
[2026-10-02 20:47:05,438] INFO [KafkaRaftServer nodeId=1] Kafka Server started (kafka.server.KafkaRaftServer)
[2026-10-02 20:47:05,534] INFO [GroupCoordinator 1]: Elected as the group coordinator for partition 13 in epoch 2 (kafka.coordinator.group.GroupCoordinator)
[2026-10-02 20:47:05,534] INFO [GroupMetadataManager brokerId=1] Scheduling loading of offsets and group metadata from __consumer_offsets-13 for epoch 2 (kafka.coordinator.group.GroupMetadataManager)
[2026-10-02 20:47:05,536] INFO [GroupCoordinator 1]: Elected as the group coordinator for partition 46 in epoch 2 (kafka.coordinator.group.GroupCoordinator)
[2026-10-02 20:47:05,536] INFO [GroupMetadataManager brokerId=1] Scheduling loading of offsets and group metadata from __consumer_offsets-46 for epoch 2 (kafka.coordinator.group.GroupMetadataManager)
[2026-10-02 20:47:05,536] INFO [GroupCoordinator 1]: Elected as the group coordinator for partition 9 in epoch 2 (kafka.coordinator.group.GroupCoordinator)
[2026-10-02 20:47:05,536] INFO [GroupMetadataManager brokerId=1] Scheduling loading of offsets and group metadata from __consumer_offsets-9 for epoch 2 (kafka.coordinator.group.GroupMetadataManager)
[2026-10-02 20:47:05,536] INFO [GroupCoordinator 1]: Elected as the group coordinator for partition 42 in epoch 2 (kafka.coordinator.group.GroupCoordinator)
[2026-10-02 20:47:05,536] INFO [GroupMetadataManager brokerId=1] Scheduling loading of offsets and group metadata from __consumer_offsets-42 for epoch 2 (kafka.coordinator.group.GroupMetadataManager)
[2026-10-02 20:47:05,536] INFO [GroupCoordinator 1]: Elected as the group coordinator for partition 21 in epoch 2 (kafka.coordinator.group.GroupCoordinator)
[2026-10-02 20:47:05,536] INFO [GroupMetadataManager brokerId=1] Scheduling loading of offsets and group metadata from __consumer_offsets-21 for epoch 2 (kafka.coordinator.group.GroupMetadataManager)
[2026-10-02 20:47:05,536] INFO [GroupCoordinator 1]: Elected as the group coordinator for partition 17 in epoch 2 (kafka.coordinator.group.GroupCoordinator)
[2026-10-02 20:47:05,536] INFO [GroupMetadataManager brokerId=1] Scheduling loading of offsets and group metadata from __consumer_offsets-17 for epoch 2 (kafka.coordinator.group.GroupMetadataManager)
[2026-10-02 20:47:05,536] INFO [GroupCoordinator 1]: Elected as the group coordinator for partition 30 in epoch 2 (kafka.coordinator.group.GroupCoordinator)
[2026-10-02 20:47:05,536] INFO [GroupMetadataManager brokerId=1] Scheduling loading of offsets and group metadata from __consumer_offsets-30 for epoch 2 (kafka.coordinator.group.GroupMetadataManager)
[2026-10-02 20:47:05,536] INFO [GroupCoordinator 1]: Elected as the group coordinator for partition 26 in epoch 2 (kafka.coordinator.group.GroupCoordinator)
[2026-10-02 20:47:05,536] INFO [GroupMetadataManager brokerId=1] Scheduling loading of offsets and group metadata from __consumer_offsets-26 for epoch 2 (kafka.coordinator.group.GroupMetadataManager)
[2026-10-02 20:47:05,536] INFO [GroupCoordinator 1]: Elected as the group coordinator for partition 5 in epoch 2 (kafka.coordinator.group.GroupCoordinator)
[2026-10-02 20:47:05,536] INFO [GroupMetadataManager brokerId=1] Scheduling loading of offsets and group metadata from __consumer_offsets-5 for epoch 2 (kafka.coordinator.group.GroupMetadataManager)
[2026-10-02 20:47:05,536] INFO [GroupCoordinator 1]: Elected as the group coordinator for partition 38 in epoch 2 (kafka.coordinator.group.GroupCoordinator)
[2026-10-02 20:47:05,536] INFO [GroupMetadataManager brokerId=1] Scheduling loading of offsets and group metadata from __consumer_offsets-38 for epoch 2 (kafka.coordinator.group.GroupMetadataManager)
[2026-10-02 20:47:05,536] INFO [GroupCoordinator 1]: Elected as the group coordinator for partition 1 in epoch 2 (kafka.coordinator.group.GroupCoordinator)
[2026-10-02 20:47:05,536] INFO [GroupMetadataManager brokerId=1] Scheduling loading of offsets and group metadata from __consumer_offsets-1 for epoch 2 (kafka.coordinator.group.GroupMetadataManager)
[2026-10-02 20:47:05,536] INFO [GroupCoordinator 1]: Elected as the group coordinator for partition 34 in epoch 2 (kafka.coordinator.group.GroupCoordinator)
[2026-10-02 20:47:05,536] INFO [GroupMetadataManager brokerId=1] Scheduling loading of offsets and group metadata from __consumer_offsets-34 for epoch 2 (kafka.coordinator.group.GroupMetadataManager)
[2026-10-02 20:47:05,536] INFO [GroupCoordinator 1]: Elected as the group coordinator for partition 16 in epoch 2 (kafka.coordinator.group.GroupCoordinator)
[2026-10-02 20:47:05,536] INFO [GroupMetadataManager brokerId=1] Scheduling loading of offsets and group metadata from __consumer_offsets-16 for epoch 2 (kafka.coordinator.group.GroupMetadataManager)
[2026-10-02 20:47:05,536] INFO [GroupCoordinator 1]: Elected as the group coordinator for partition 45 in epoch 2 (kafka.coordinator.group.GroupCoordinator)
[2026-10-02 20:47:05,536] INFO [GroupMetadataManager brokerId=1] Scheduling loading of offsets and group metadata from __consumer_offsets-45 for epoch 2 (kafka.coordinator.group.GroupMetadataManager)
[2026-10-02 20:47:05,536] INFO [GroupCoordinator 1]: Elected as the group coordinator for partition 12 in epoch 2 (kafka.coordinator.group.GroupCoordinator)
[2026-10-02 20:47:05,536] INFO [GroupMetadataManager brokerId=1] Scheduling loading of offsets and group metadata from __consumer_offsets-12 for epoch 2 (kafka.coordinator.group.GroupMetadataManager)
[2026-10-02 20:47:05,536] INFO [GroupCoordinator 1]: Elected as the group coordinator for partition 41 in epoch 2 (kafka.coordinator.group.GroupCoordinator)
[2026-10-02 20:47:05,536] INFO [GroupMetadataManager brokerId=1] Scheduling loading of offsets and group metadata from __consumer_offsets-41 for epoch 2 (kafka.coordinator.group.GroupMetadataManager)
[2026-10-02 20:47:05,536] INFO [GroupCoordinator 1]: Elected as the group coordinator for partition 24 in epoch 2 (kafka.coordinator.group.GroupCoordinator)
[2026-10-02 20:47:05,536] INFO [GroupMetadataManager brokerId=1] Scheduling loading of offsets and group metadata from __consumer_offsets-24 for epoch 2 (kafka.coordinator.group.GroupMetadataManager)
[2026-10-02 20:47:05,536] INFO [GroupCoordinator 1]: Elected as the group coordinator for partition 20 in epoch 2 (kafka.coordinator.group.GroupCoordinator)
[2026-10-02 20:47:05,536] INFO [GroupMetadataManager brokerId=1] Scheduling loading of offsets and group metadata from __consumer_offsets-20 for epoch 2 (kafka.coordinator.group.GroupMetadataManager)
[2026-10-02 20:47:05,536] INFO [GroupCoordinator 1]: Elected as the group coordinator for partition 49 in epoch 2 (kafka.coordinator.group.GroupCoordinator)
[2026-10-02 20:47:05,536] INFO [GroupMetadataManager brokerId=1] Scheduling loading of offsets and group metadata from __consumer_offsets-49 for epoch 2 (kafka.coordinator.group.GroupMetadataManager)
[2026-10-02 20:47:05,536] INFO [GroupCoordinator 1]: Elected as the group coordinator for partition 0 in epoch 2 (kafka.coordinator.group.GroupCoordinator)
[2026-10-02 20:47:05,536] INFO [GroupMetadataManager brokerId=1] Scheduling loading of offsets and group metadata from __consumer_offsets-0 for epoch 2 (kafka.coordinator.group.GroupMetadataManager)
[2026-10-02 20:47:05,537] INFO [GroupCoordinator 1]: Elected as the group coordinator for partition 29 in epoch 2 (kafka.coordinator.group.GroupCoordinator)
[2026-10-02 20:47:05,537] INFO [GroupMetadataManager brokerId=1] Scheduling loading of offsets and group metadata from __consumer_offsets-29 for epoch 2 (kafka.coordinator.group.GroupMetadataManager)
[2026-10-02 20:47:05,537] INFO [GroupCoordinator 1]: Elected as the group coordinator for partition 25 in epoch 2 (kafka.coordinator.group.GroupCoordinator)
[2026-10-02 20:47:05,537] INFO [GroupMetadataManager brokerId=1] Scheduling loading of offsets and group metadata from __consumer_offsets-25 for epoch 2 (kafka.coordinator.group.GroupMetadataManager)
[2026-10-02 20:47:05,537] INFO [GroupCoordinator 1]: Elected as the group coordinator for partition 8 in epoch 2 (kafka.coordinator.group.GroupCoordinator)
[2026-10-02 20:47:05,537] INFO [GroupMetadataManager brokerId=1] Scheduling loading of offsets and group metadata from __consumer_offsets-8 for epoch 2 (kafka.coordinator.group.GroupMetadataManager)
[2026-10-02 20:47:05,537] INFO [GroupCoordinator 1]: Elected as the group coordinator for partition 37 in epoch 2 (kafka.coordinator.group.GroupCoordinator)
[2026-10-02 20:47:05,537] INFO [GroupMetadataManager brokerId=1] Scheduling loading of offsets and group metadata from __consumer_offsets-37 for epoch 2 (kafka.coordinator.group.GroupMetadataManager)
[2026-10-02 20:47:05,537] INFO [GroupCoordinator 1]: Elected as the group coordinator for partition 4 in epoch 2 (kafka.coordinator.group.GroupCoordinator)
[2026-10-02 20:47:05,537] INFO [GroupMetadataManager brokerId=1] Scheduling loading of offsets and group metadata from __consumer_offsets-4 for epoch 2 (kafka.coordinator.group.GroupMetadataManager)
[2026-10-02 20:47:05,537] INFO [GroupCoordinator 1]: Elected as the group coordinator for partition 33 in epoch 2 (kafka.coordinator.group.GroupCoordinator)
[2026-10-02 20:47:05,537] INFO [GroupMetadataManager brokerId=1] Scheduling loading of offsets and group metadata from __consumer_offsets-33 for epoch 2 (kafka.coordinator.group.GroupMetadataManager)
[2026-10-02 20:47:05,537] INFO [GroupCoordinator 1]: Elected as the group coordinator for partition 15 in epoch 2 (kafka.coordinator.group.GroupCoordinator)
[2026-10-02 20:47:05,537] INFO [GroupMetadataManager brokerId=1] Scheduling loading of offsets and group metadata from __consumer_offsets-15 for epoch 2 (kafka.coordinator.group.GroupMetadataManager)
[2026-10-02 20:47:05,537] INFO [GroupCoordinator 1]: Elected as the group coordinator for partition 48 in epoch 2 (kafka.coordinator.group.GroupCoordinator)
[2026-10-02 20:47:05,537] INFO [GroupMetadataManager brokerId=1] Scheduling loading of offsets and group metadata from __consumer_offsets-48 for epoch 2 (kafka.coordinator.group.GroupMetadataManager)
[2026-10-02 20:47:05,537] INFO [GroupCoordinator 1]: Elected as the group coordinator for partition 11 in epoch 2 (kafka.coordinator.group.GroupCoordinator)
[2026-10-02 20:47:05,537] INFO [GroupMetadataManager brokerId=1] Scheduling loading of offsets and group metadata from __consumer_offsets-11 for epoch 2 (kafka.coordinator.group.GroupMetadataManager)
[2026-10-02 20:47:05,537] INFO [GroupCoordinator 1]: Elected as the group coordinator for partition 44 in epoch 2 (kafka.coordinator.group.GroupCoordinator)
[2026-10-02 20:47:05,537] INFO [GroupMetadataManager brokerId=1] Scheduling loading of offsets and group metadata from __consumer_offsets-44 for epoch 2 (kafka.coordinator.group.GroupMetadataManager)
[2026-10-02 20:47:05,537] INFO [GroupCoordinator 1]: Elected as the group coordinator for partition 23 in epoch 2 (kafka.coordinator.group.GroupCoordinator)
[2026-10-02 20:47:05,537] INFO [GroupMetadataManager brokerId=1] Scheduling loading of offsets and group metadata from __consumer_offsets-23 for epoch 2 (kafka.coordinator.group.GroupMetadataManager)
[2026-10-02 20:47:05,537] INFO [GroupCoordinator 1]: Elected as the group coordinator for partition 19 in epoch 2 (kafka.coordinator.group.GroupCoordinator)
[2026-10-02 20:47:05,537] INFO [GroupMetadataManager brokerId=1] Scheduling loading of offsets and group metadata from __consumer_offsets-19 for epoch 2 (kafka.coordinator.group.GroupMetadataManager)
[2026-10-02 20:47:05,537] INFO [GroupCoordinator 1]: Elected as the group coordinator for partition 32 in epoch 2 (kafka.coordinator.group.GroupCoordinator)
[2026-10-02 20:47:05,537] INFO [GroupMetadataManager brokerId=1] Scheduling loading of offsets and group metadata from __consumer_offsets-32 for epoch 2 (kafka.coordinator.group.GroupMetadataManager)
[2026-10-02 20:47:05,537] INFO [GroupCoordinator 1]: Elected as the group coordinator for partition 28 in epoch 2 (kafka.coordinator.group.GroupCoordinator)
[2026-10-02 20:47:05,537] INFO [GroupMetadataManager brokerId=1] Scheduling loading of offsets and group metadata from __consumer_offsets-28 for epoch 2 (kafka.coordinator.group.GroupMetadataManager)
[2026-10-02 20:47:05,537] INFO [GroupCoordinator 1]: Elected as the group coordinator for partition 7 in epoch 2 (kafka.coordinator.group.GroupCoordinator)
[2026-10-02 20:47:05,537] INFO [GroupMetadataManager brokerId=1] Scheduling loading of offsets and group metadata from __consumer_offsets-7 for epoch 2 (kafka.coordinator.group.GroupMetadataManager)
[2026-10-02 20:47:05,537] INFO [GroupCoordinator 1]: Elected as the group coordinator for partition 40 in epoch 2 (kafka.coordinator.group.GroupCoordinator)
[2026-10-02 20:47:05,537] INFO [GroupMetadataManager brokerId=1] Scheduling loading of offsets and group metadata from __consumer_offsets-40 for epoch 2 (kafka.coordinator.group.GroupMetadataManager)
[2026-10-02 20:47:05,537] INFO [GroupCoordinator 1]: Elected as the group coordinator for partition 3 in epoch 2 (kafka.coordinator.group.GroupCoordinator)
[2026-10-02 20:47:05,537] INFO [GroupMetadataManager brokerId=1] Scheduling loading of offsets and group metadata from __consumer_offsets-3 for epoch 2 (kafka.coordinator.group.GroupMetadataManager)
[2026-10-02 20:47:05,537] INFO [GroupCoordinator 1]: Elected as the group coordinator for partition 36 in epoch 2 (kafka.coordinator.group.GroupCoordinator)
[2026-10-02 20:47:05,537] INFO [GroupMetadataManager brokerId=1] Scheduling loading of offsets and group metadata from __consumer_offsets-36 for epoch 2 (kafka.coordinator.group.GroupMetadataManager)
[2026-10-02 20:47:05,537] INFO [GroupCoordinator 1]: Elected as the group coordinator for partition 47 in epoch 2 (kafka.coordinator.group.GroupCoordinator)
[2026-10-02 20:47:05,537] INFO [GroupMetadataManager brokerId=1] Scheduling loading of offsets and group metadata from __consumer_offsets-47 for epoch 2 (kafka.coordinator.group.GroupMetadataManager)
[2026-10-02 20:47:05,537] INFO [GroupCoordinator 1]: Elected as the group coordinator for partition 14 in epoch 2 (kafka.coordinator.group.GroupCoordinator)
[2026-10-02 20:47:05,537] INFO [GroupMetadataManager brokerId=1] Scheduling loading of offsets and group metadata from __consumer_offsets-14 for epoch 2 (kafka.coordinator.group.GroupMetadataManager)
[2026-10-02 20:47:05,537] INFO [GroupCoordinator 1]: Elected as the group coordinator for partition 43 in epoch 2 (kafka.coordinator.group.GroupCoordinator)
[2026-10-02 20:47:05,537] INFO [GroupMetadataManager brokerId=1] Scheduling loading of offsets and group metadata from __consumer_offsets-43 for epoch 2 (kafka.coordinator.group.GroupMetadataManager)
[2026-10-02 20:47:05,537] INFO [GroupCoordinator 1]: Elected as the group coordinator for partition 10 in epoch 2 (kafka.coordinator.group.GroupCoordinator)
[2026-10-02 20:47:05,537] INFO [GroupMetadataManager brokerId=1] Scheduling loading of offsets and group metadata from __consumer_offsets-10 for epoch 2 (kafka.coordinator.group.GroupMetadataManager)
[2026-10-02 20:47:05,537] INFO [GroupCoordinator 1]: Elected as the group coordinator for partition 22 in epoch 2 (kafka.coordinator.group.GroupCoordinator)
[2026-10-02 20:47:05,537] INFO [GroupMetadataManager brokerId=1] Scheduling loading of offsets and group metadata from __consumer_offsets-22 for epoch 2 (kafka.coordinator.group.GroupMetadataManager)
[2026-10-02 20:47:05,537] INFO [GroupCoordinator 1]: Elected as the group coordinator for partition 18 in epoch 2 (kafka.coordinator.group.GroupCoordinator)
[2026-10-02 20:47:05,537] INFO [GroupMetadataManager brokerId=1] Scheduling loading of offsets and group metadata from __consumer_offsets-18 for epoch 2 (kafka.coordinator.group.GroupMetadataManager)
[2026-10-02 20:47:05,537] INFO [GroupCoordinator 1]: Elected as the group coordinator for partition 31 in epoch 2 (kafka.coordinator.group.GroupCoordinator)
[2026-10-02 20:47:05,537] INFO [GroupMetadataManager brokerId=1] Scheduling loading of offsets and group metadata from __consumer_offsets-31 for epoch 2 (kafka.coordinator.group.GroupMetadataManager)
[2026-10-02 20:47:05,537] INFO [GroupCoordinator 1]: Elected as the group coordinator for partition 27 in epoch 2 (kafka.coordinator.group.GroupCoordinator)
[2026-10-02 20:47:05,537] INFO [GroupMetadataManager brokerId=1] Scheduling loading of offsets and group metadata from __consumer_offsets-27 for epoch 2 (kafka.coordinator.group.GroupMetadataManager)
[2026-10-02 20:47:05,537] INFO [GroupCoordinator 1]: Elected as the group coordinator for partition 39 in epoch 2 (kafka.coordinator.group.GroupCoordinator)
[2026-10-02 20:47:05,537] INFO [GroupMetadataManager brokerId=1] Scheduling loading of offsets and group metadata from __consumer_offsets-39 for epoch 2 (kafka.coordinator.group.GroupMetadataManager)
[2026-10-02 20:47:05,537] INFO [GroupCoordinator 1]: Elected as the group coordinator for partition 6 in epoch 2 (kafka.coordinator.group.GroupCoordinator)
[2026-10-02 20:47:05,537] INFO [GroupMetadataManager brokerId=1] Scheduling loading of offsets and group metadata from __consumer_offsets-6 for epoch 2 (kafka.coordinator.group.GroupMetadataManager)
[2026-10-02 20:47:05,537] INFO [GroupCoordinator 1]: Elected as the group coordinator for partition 35 in epoch 2 (kafka.coordinator.group.GroupCoordinator)
[2026-10-02 20:47:05,537] INFO [GroupMetadataManager brokerId=1] Scheduling loading of offsets and group metadata from __consumer_offsets-35 for epoch 2 (kafka.coordinator.group.GroupMetadataManager)
[2026-10-02 20:47:05,537] INFO [GroupCoordinator 1]: Elected as the group coordinator for partition 2 in epoch 2 (kafka.coordinator.group.GroupCoordinator)
[2026-10-02 20:47:05,537] INFO [GroupMetadataManager brokerId=1] Scheduling loading of offsets and group metadata from __consumer_offsets-2 for epoch 2 (kafka.coordinator.group.GroupMetadataManager)
[2026-10-02 20:47:05,540] INFO [GroupMetadataManager brokerId=1] Finished loading offsets and group metadata from __consumer_offsets-13 in 5 milliseconds for epoch 2, of which 2 milliseconds was spent in the scheduler. (kafka.coordinator.group.GroupMetadataManager)
[2026-10-02 20:47:05,541] INFO [GroupMetadataManager brokerId=1] Finished loading offsets and group metadata from __consumer_offsets-46 in 4 milliseconds for epoch 2, of which 4 milliseconds was spent in the scheduler. (kafka.coordinator.group.GroupMetadataManager)
[2026-10-02 20:47:05,541] INFO [GroupMetadataManager brokerId=1] Finished loading offsets and group metadata from __consumer_offsets-9 in 5 milliseconds for epoch 2, of which 5 milliseconds was spent in the scheduler. (kafka.coordinator.group.GroupMetadataManager)
[2026-10-02 20:47:05,541] INFO [GroupMetadataManager brokerId=1] Finished loading offsets and group metadata from __consumer_offsets-42 in 5 milliseconds for epoch 2, of which 5 milliseconds was spent in the scheduler. (kafka.coordinator.group.GroupMetadataManager)
[2026-10-02 20:47:05,541] INFO [GroupMetadataManager brokerId=1] Finished loading offsets and group metadata from __consumer_offsets-21 in 5 milliseconds for epoch 2, of which 5 milliseconds was spent in the scheduler. (kafka.coordinator.group.GroupMetadataManager)
[2026-10-02 20:47:05,541] INFO [GroupMetadataManager brokerId=1] Finished loading offsets and group metadata from __consumer_offsets-17 in 5 milliseconds for epoch 2, of which 5 milliseconds was spent in the scheduler. (kafka.coordinator.group.GroupMetadataManager)
[2026-10-02 20:47:05,541] INFO [GroupMetadataManager brokerId=1] Finished loading offsets and group metadata from __consumer_offsets-30 in 5 milliseconds for epoch 2, of which 5 milliseconds was spent in the scheduler. (kafka.coordinator.group.GroupMetadataManager)
[2026-10-02 20:47:05,541] INFO [GroupMetadataManager brokerId=1] Finished loading offsets and group metadata from __consumer_offsets-26 in 5 milliseconds for epoch 2, of which 5 milliseconds was spent in the scheduler. (kafka.coordinator.group.GroupMetadataManager)
[2026-10-02 20:47:05,541] INFO [GroupMetadataManager brokerId=1] Finished loading offsets and group metadata from __consumer_offsets-5 in 5 milliseconds for epoch 2, of which 5 milliseconds was spent in the scheduler. (kafka.coordinator.group.GroupMetadataManager)
[2026-10-02 20:47:05,541] INFO [GroupMetadataManager brokerId=1] Finished loading offsets and group metadata from __consumer_offsets-38 in 5 milliseconds for epoch 2, of which 5 milliseconds was spent in the scheduler. (kafka.coordinator.group.GroupMetadataManager)
[2026-10-02 20:47:05,541] INFO [GroupMetadataManager brokerId=1] Finished loading offsets and group metadata from __consumer_offsets-1 in 5 milliseconds for epoch 2, of which 5 milliseconds was spent in the scheduler. (kafka.coordinator.group.GroupMetadataManager)
[2026-10-02 20:47:05,541] INFO [GroupMetadataManager brokerId=1] Finished loading offsets and group metadata from __consumer_offsets-34 in 5 milliseconds for epoch 2, of which 5 milliseconds was spent in the scheduler. (kafka.coordinator.group.GroupMetadataManager)
[2026-10-02 20:47:05,542] INFO [GroupMetadataManager brokerId=1] Finished loading offsets and group metadata from __consumer_offsets-16 in 6 milliseconds for epoch 2, of which 5 milliseconds was spent in the scheduler. (kafka.coordinator.group.GroupMetadataManager)
[2026-10-02 20:47:05,542] INFO [GroupMetadataManager brokerId=1] Finished loading offsets and group metadata from __consumer_offsets-45 in 6 milliseconds for epoch 2, of which 6 milliseconds was spent in the scheduler. (kafka.coordinator.group.GroupMetadataManager)
[2026-10-02 20:47:05,542] INFO [GroupMetadataManager brokerId=1] Finished loading offsets and group metadata from __consumer_offsets-12 in 6 milliseconds for epoch 2, of which 6 milliseconds was spent in the scheduler. (kafka.coordinator.group.GroupMetadataManager)
[2026-10-02 20:47:05,542] INFO [GroupMetadataManager brokerId=1] Finished loading offsets and group metadata from __consumer_offsets-41 in 6 milliseconds for epoch 2, of which 6 milliseconds was spent in the scheduler. (kafka.coordinator.group.GroupMetadataManager)
[2026-10-02 20:47:05,542] INFO [GroupMetadataManager brokerId=1] Finished loading offsets and group metadata from __consumer_offsets-24 in 6 milliseconds for epoch 2, of which 6 milliseconds was spent in the scheduler. (kafka.coordinator.group.GroupMetadataManager)
[2026-10-02 20:47:05,542] INFO [GroupMetadataManager brokerId=1] Finished loading offsets and group metadata from __consumer_offsets-20 in 6 milliseconds for epoch 2, of which 6 milliseconds was spent in the scheduler. (kafka.coordinator.group.GroupMetadataManager)
[2026-10-02 20:47:05,542] INFO [GroupMetadataManager brokerId=1] Finished loading offsets and group metadata from __consumer_offsets-49 in 6 milliseconds for epoch 2, of which 6 milliseconds was spent in the scheduler. (kafka.coordinator.group.GroupMetadataManager)
[2026-10-02 20:47:05,542] INFO [GroupMetadataManager brokerId=1] Finished loading offsets and group metadata from __consumer_offsets-0 in 5 milliseconds for epoch 2, of which 5 milliseconds was spent in the scheduler. (kafka.coordinator.group.GroupMetadataManager)
[2026-10-02 20:47:05,542] INFO [GroupMetadataManager brokerId=1] Finished loading offsets and group metadata from __consumer_offsets-29 in 5 milliseconds for epoch 2, of which 5 milliseconds was spent in the scheduler. (kafka.coordinator.group.GroupMetadataManager)
[2026-10-02 20:47:05,543] INFO [GroupMetadataManager brokerId=1] Finished loading offsets and group metadata from __consumer_offsets-25 in 5 milliseconds for epoch 2, of which 5 milliseconds was spent in the scheduler. (kafka.coordinator.group.GroupMetadataManager)
[2026-10-02 20:47:05,543] INFO [GroupMetadataManager brokerId=1] Finished loading offsets and group metadata from __consumer_offsets-8 in 6 milliseconds for epoch 2, of which 6 milliseconds was spent in the scheduler. (kafka.coordinator.group.GroupMetadataManager)
[2026-10-02 20:47:05,543] INFO [GroupMetadataManager brokerId=1] Finished loading offsets and group metadata from __consumer_offsets-37 in 6 milliseconds for epoch 2, of which 6 milliseconds was spent in the scheduler. (kafka.coordinator.group.GroupMetadataManager)
[2026-10-02 20:47:05,544] INFO [GroupMetadataManager brokerId=1] Finished loading offsets and group metadata from __consumer_offsets-4 in 7 milliseconds for epoch 2, of which 7 milliseconds was spent in the scheduler. (kafka.coordinator.group.GroupMetadataManager)
[2026-10-02 20:47:05,544] INFO [GroupMetadataManager brokerId=1] Finished loading offsets and group metadata from __consumer_offsets-33 in 7 milliseconds for epoch 2, of which 7 milliseconds was spent in the scheduler. (kafka.coordinator.group.GroupMetadataManager)
[2026-10-02 20:47:05,544] INFO [GroupMetadataManager brokerId=1] Finished loading offsets and group metadata from __consumer_offsets-15 in 7 milliseconds for epoch 2, of which 7 milliseconds was spent in the scheduler. (kafka.coordinator.group.GroupMetadataManager)
[2026-10-02 20:47:05,544] INFO [GroupMetadataManager brokerId=1] Finished loading offsets and group metadata from __consumer_offsets-48 in 7 milliseconds for epoch 2, of which 7 milliseconds was spent in the scheduler. (kafka.coordinator.group.GroupMetadataManager)
[2026-10-02 20:47:05,544] INFO [GroupMetadataManager brokerId=1] Finished loading offsets and group metadata from __consumer_offsets-11 in 7 milliseconds for epoch 2, of which 7 milliseconds was spent in the scheduler. (kafka.coordinator.group.GroupMetadataManager)
[2026-10-02 20:47:05,544] INFO [GroupMetadataManager brokerId=1] Finished loading offsets and group metadata from __consumer_offsets-44 in 7 milliseconds for epoch 2, of which 7 milliseconds was spent in the scheduler. (kafka.coordinator.group.GroupMetadataManager)
[2026-10-02 20:47:05,544] INFO [GroupMetadataManager brokerId=1] Finished loading offsets and group metadata from __consumer_offsets-23 in 7 milliseconds for epoch 2, of which 7 milliseconds was spent in the scheduler. (kafka.coordinator.group.GroupMetadataManager)
[2026-10-02 20:47:05,544] INFO [GroupMetadataManager brokerId=1] Finished loading offsets and group metadata from __consumer_offsets-19 in 7 milliseconds for epoch 2, of which 7 milliseconds was spent in the scheduler. (kafka.coordinator.group.GroupMetadataManager)
[2026-10-02 20:47:05,544] INFO [GroupMetadataManager brokerId=1] Finished loading offsets and group metadata from __consumer_offsets-32 in 7 milliseconds for epoch 2, of which 7 milliseconds was spent in the scheduler. (kafka.coordinator.group.GroupMetadataManager)
[2026-10-02 20:47:05,544] INFO [GroupMetadataManager brokerId=1] Finished loading offsets and group metadata from __consumer_offsets-28 in 7 milliseconds for epoch 2, of which 7 milliseconds was spent in the scheduler. (kafka.coordinator.group.GroupMetadataManager)
[2026-10-02 20:47:05,544] INFO [GroupMetadataManager brokerId=1] Finished loading offsets and group metadata from __consumer_offsets-7 in 7 milliseconds for epoch 2, of which 7 milliseconds was spent in the scheduler. (kafka.coordinator.group.GroupMetadataManager)
[2026-10-02 20:47:05,544] INFO [GroupMetadataManager brokerId=1] Finished loading offsets and group metadata from __consumer_offsets-40 in 7 milliseconds for epoch 2, of which 7 milliseconds was spent in the scheduler. (kafka.coordinator.group.GroupMetadataManager)
[2026-10-02 20:47:05,544] INFO [GroupMetadataManager brokerId=1] Finished loading offsets and group metadata from __consumer_offsets-3 in 7 milliseconds for epoch 2, of which 7 milliseconds was spent in the scheduler. (kafka.coordinator.group.GroupMetadataManager)
[2026-10-02 20:47:05,544] INFO [GroupMetadataManager brokerId=1] Finished loading offsets and group metadata from __consumer_offsets-36 in 7 milliseconds for epoch 2, of which 7 milliseconds was spent in the scheduler. (kafka.coordinator.group.GroupMetadataManager)
[2026-10-02 20:47:05,544] INFO [GroupMetadataManager brokerId=1] Finished loading offsets and group metadata from __consumer_offsets-47 in 7 milliseconds for epoch 2, of which 7 milliseconds was spent in the scheduler. (kafka.coordinator.group.GroupMetadataManager)
[2026-10-02 20:47:05,544] INFO [GroupMetadataManager brokerId=1] Finished loading offsets and group metadata from __consumer_offsets-14 in 7 milliseconds for epoch 2, of which 7 milliseconds was spent in the scheduler. (kafka.coordinator.group.GroupMetadataManager)
[2026-10-02 20:47:05,545] INFO [GroupMetadataManager brokerId=1] Finished loading offsets and group metadata from __consumer_offsets-43 in 8 milliseconds for epoch 2, of which 8 milliseconds was spent in the scheduler. (kafka.coordinator.group.GroupMetadataManager)
[2026-10-02 20:47:05,545] INFO [GroupMetadataManager brokerId=1] Finished loading offsets and group metadata from __consumer_offsets-10 in 8 milliseconds for epoch 2, of which 8 milliseconds was spent in the scheduler. (kafka.coordinator.group.GroupMetadataManager)
[2026-10-02 20:47:05,545] INFO [GroupMetadataManager brokerId=1] Finished loading offsets and group metadata from __consumer_offsets-22 in 8 milliseconds for epoch 2, of which 8 milliseconds was spent in the scheduler. (kafka.coordinator.group.GroupMetadataManager)
[2026-10-02 20:47:05,545] INFO [GroupMetadataManager brokerId=1] Finished loading offsets and group metadata from __consumer_offsets-18 in 8 milliseconds for epoch 2, of which 8 milliseconds was spent in the scheduler. (kafka.coordinator.group.GroupMetadataManager)
[2026-10-02 20:47:05,545] INFO [GroupMetadataManager brokerId=1] Finished loading offsets and group metadata from __consumer_offsets-31 in 8 milliseconds for epoch 2, of which 8 milliseconds was spent in the scheduler. (kafka.coordinator.group.GroupMetadataManager)
[2026-10-02 20:47:05,545] INFO [GroupMetadataManager brokerId=1] Finished loading offsets and group metadata from __consumer_offsets-27 in 8 milliseconds for epoch 2, of which 8 milliseconds was spent in the scheduler. (kafka.coordinator.group.GroupMetadataManager)
[2026-10-02 20:47:05,545] INFO [GroupMetadataManager brokerId=1] Finished loading offsets and group metadata from __consumer_offsets-39 in 8 milliseconds for epoch 2, of which 8 milliseconds was spent in the scheduler. (kafka.coordinator.group.GroupMetadataManager)
[2026-10-02 20:47:05,545] INFO [GroupMetadataManager brokerId=1] Finished loading offsets and group metadata from __consumer_offsets-6 in 8 milliseconds for epoch 2, of which 8 milliseconds was spent in the scheduler. (kafka.coordinator.group.GroupMetadataManager)
[2026-10-02 20:47:05,545] INFO [GroupMetadataManager brokerId=1] Finished loading offsets and group metadata from __consumer_offsets-35 in 8 milliseconds for epoch 2, of which 8 milliseconds was spent in the scheduler. (kafka.coordinator.group.GroupMetadataManager)
[2026-10-02 20:47:05,545] INFO [GroupMetadataManager brokerId=1] Finished loading offsets and group metadata from __consumer_offsets-2 in 8 milliseconds for epoch 2, of which 8 milliseconds was spent in the scheduler. (kafka.coordinator.group.GroupMetadataManager)
