230198
181003
179128
129018
123072
77071
77069
77068
77067
77066
77066
77065
77065
77064
77064
77064
77054
77053
77053
77053
77052
77052
77052
77051
77051
77051
77050
77050
77050
77049
77049
77049
77048
77048
77048
77047
77045
77045
77044
77044
77044
77039
77038
77036
77036
77035
77035
77035
77034
77034
77033
77033
77032
77032
77032
77031
77031
77031
77030
77029
77029
76975
76975
76974
76974
76973
76973
76973
76970
76970
76970
76969
76969
76969
76968
76968
76968
76967
76967
76967
76967
76966
76966
76966
76966
76965
76965
76963
76963
76963
76963
76962
76962
76962
76962
76961
76961
76961
76961
76960
76959
76958
76958
76958
76958
76957
76957
76957
76956
76956
76956
76956
76955
76955
76955
76955
76954
76954
76954
76953
76953
76953
76952
76952
76952
76952
76951
76951
76951
76950
76950
76950
76950
76949
76949
76947
76947
76947
76946
76946
76945
76945
76945
76945
76944
76944
76944
76943
76943
76943
76942
76942
76941
76941
76941
76941
76940
76940
76940
76940
76939
76939
76939
76939
76938
76938
76938
76938
76937
76937
76937
76936
76936
76936
76936
76935
76935
76935
76934
76934
76934
76934
76933
76933
76933
76932
76932
76932
76932
76931
76931
76931
76929
76920
76917
76916
76914
76913
76913
76912
76912
76912
76911
76911
76911
76911
76910
76910
76910
76909
76909
76909
76908
76908
76908
76906
76906
76904
76904
76904
76904
76903
76903
76903
76902
76902
76902
76902
76901
76901
76901
76901
76900
76900
76899
76898
76898
76898
76896
76896
76896
76895
76895
76895
76894
76894
76894
76894
76893
76893
76893
76893
76892
76892
76892
76890
76887
76887
76887
76887
76886
76886
76886
76885
76885
76885
76885
76884
76884
76884
76884
76883
76883
76883
76883
76882
76882
76882
76880
76880
76880
76879
76879
76879
76879
76878
76878
76878
76877
76877
76877
76877
76876
76876
76876
76876
76875
76875
76875
76874
76873
76873
76873
76872
76872
76872
76872
76871
76871
76871
76871
76870
76870
76870
76870
76869
76869
76869
76869
76868
76868
76866
76866
76866
76865
76865
76865
76865
76864
76864
76864
76864
76863
76863
76863
76863
76862
76862
76862
76862
76861
76861
76861
76861
76860
76860
76860
76860
76859
76859
76859
76859
76858
76858
76858
76858
76857
76857
76857
76857
76856
76856
76856
76855
76855
76855
76855
76854
76854
76854
76854
76853
76853
76853
76853
76852
76852
76852
76852
76851
76851
76851
76851
76850
76849
76819
76817
76815
76813
76801
76801
76801
76800
76800
76799
76799
76799
76799
76798
76798
76798
76796
76796
76794
76794
76794
76793
76793
76793
76793
76792
76792
76792
76791
76791
76791
76791
76790
76790
76790
76790
76789
76789
76789
76787
76787
76785
76785
76785
76785
76784
76784
76784
76784
76783
76783
76783
76783
76782
76782
76782
76780
76780
76780
76779
76779
76779
76779
76778
76778
76778
76778
76777
76777
76777
76777
76776
76776
76776
76775
76775
76775
76775
76774
76773
76773
76772
76772
76771
76771
76771
76771
76770
76770
76770
76770
76769
76769
76769
76769
76768
76768
76768
76768
76767
76766
76766
76764
76764
76764
76763
76763
76763
76763
76762
76762
76762
76762
76761
76761
76761
76761
76760
76760
76758
76758
76758
76757
76757
76757
76757
76756
76754
76754
76754
76754
76753
76753
76753
76753
76752
76752
76752
76751
76751
76751
76750
76750
76750
76750
76749
76749
76749
76749
76748
76748
76748
76748
76747
76747
76747
76747
76746
76746
76746
76746
76745
76745
76745
76745
76744
76744
76744
76743
76743
76743
76743
76742
76742
76742
76742
76741
76741
76741
76741
76740
76740
76740
76740
76739
76739
76739
76739
76738
76738
76738
76733
76731
76730
76728
76727
76725
76724
76724
76724
76724
76723
76722
76722
76720
76720
76720
76719
76719
76719
76719
76718
76718
76718
76718
76717
76717
76717
76716
76716
76716
76716
76715
76715
76715
76713
76713
76711
76711
76711
76710
76710
76710
76709
76709
76709
76709
76708
76708
76708
76708
76707
76706
76705
76705
76705
76705
76704
76704
76704
76704
76703
76703
76703
76703
76702
76702
76702
76701
76701
76701
76701
76700
76700
76700
76698
76698
76698
76698
76697
76697
76697
76696
76696
76696
76696
76695
76695
76695
76695
76694
76694
76694
76694
76693
76693
76692
76691
76690
76689
76689
76689
76689
76688
76688
76688
76687
76687
76687
76687
76686
76686
76685
76684
76684
76684
76684
76683
76683
76683
76682
76682
76682
76682
76681
76681
76681
76680
76680
76680
76680
76679
76679
76679
76679
76678
76678
76678
76678
76677
76677
76677
76677
76676
76676
76676
76676
76675
76675
76675
76675
76674
76674
76674
76674
76673
76673
76673
76673
76672
76672
76672
76672
76671
76671
76671
76671
76670
76670
76670
76670
76669
76669
76669
76668
76668
76668
76668
76667
76667
76667
76667
76666
76666
76666
76666
76665
76665
76665
76665
76664
76664
76664
76661
76659
76658
76656
76655
76652
76652
76650
76650
76649
76649
76649
76648
76648
76648
76648
76647
76647
76647
76647
76646
76646
76646
76646
76645
76645
76645
76645
76643
76643
76641
76641
76641
76640
76640
76640
76640
76639
76639
76639
76639
76638
76638
76638
76637
76636
76635
76635
76635
76634
76634
76634
76634
76633
76633
76633
76633
76632
76632
76632
76632
76631
76631
76631
76630
76630
76630
76630
76628
76628
76627
76627
76627
76627
76626
76626
76626
76626
76625
76625
76625
76625
76624
76624
76624
76624
76623
76623
76623
76621
76621
76619
76619
76619
76619
76618
76618
76618
76618
76617
76617
76617
76615
76615
76615
76615
76614
76614
76614
76613
76613
76613
76613
76612
76612
76612
76612
76611
76611
76611
76611
76610
76610
76610
76610
76609
76609
76609
76608
76608
76608
76608
76607
76607
76607
76607
76606
76606
76606
76606
76605
76605
76605
76605
76604
76604
76604
76604
76603
76603
76603
76603
76602
76602
76602
76601
76601
76601
76600
76600
76600
76600
76599
76599
76599
76599
76598
76598
76597
76597
76597
76597
76596
76596
76596
76596
76595
76595
76595
76595
76594
76594
76594
76594
76593
76593
76593
76592
76592
76592
76592
76591
76588
76584
76583
76581
76579
76578
76578
76577
76577
76577
76577
76576
76576
76576
76575
76575
76575
76575
76574
76574
76574
76574
76572
76572
76570
76570
76569
76569
76569
76569
76568
76568
76568
76568
76567
76567
76567
76567
76566
76565
76565
76564
76564
76564
76563
76563
76563
76563
76562
76562
76561
76561
76561
76561
76560
76560
76560
76560
76559
76559
76559
76559
76557
76557
76555
76555
76555
76554
76554
76554
76554
76553
76553
76553
76553
76552
76552
76552
76551
76551
76551
76551
76550
76549
76548
76547
76547
76546
76546
76546
76546
76545
76545
76544
76543
76543
76543
76542
76542
76542
76542
76541
76541
76541
76541
76540
76539
76539
76538
76538
76538
76538
76537
76537
76537
76537
76536
76536
76536
76535
76535
76535
76535
76534
76534
76534
76534
76533
76533
76533
76533
76532
76532
76532
76532
76531
76531
76531
76531
76530
76530
76530
76530
76529
76529
76529
76529
76528
76528
76528
76528
76527
76527
76527
76527
76526
76526
76526
76526
76525
76525
76525
76525
76524
76524
76524
76523
76523
76523
76523
76522
76522
76522
76522
76521
76521
76521
76521
76520
76520
76520
76520
76519
76519
76519
76519
76518
76518
76518
76518
76517
76517
76515
76514
76512
76510
76509
76507
76507
76506
76506
76506
76506
76505
76505
76505
76505
76504
76503
76503
76501
76501
76501
76500
76500
76500
76500
76499
76499
76499
76498
76498
76498
76498
76497
76496
76496
76495
76495
76495
76494
76494
76494
76494
76493
76493
76493
76493
76492
76492
76492
76492
76491
76491
76491
76491
76490
76490
76488
76488
76488
76488
76487
76487
76487
76487
76486
76486
76486
76486
76485
76485
76485
76485
76484
76484
76484
76483
76483
76482
76482
76480
76480
76479
76479
76479
76478
76477
76477
76477
76476
76476
76476
76476
76475
76475
76475
76475
76474
76474
76474
76474
76472
76472
76470
76470
76470
76469
76469
76469
76469
76468
76468
76468
76467
76467
76467
76467
76466
76466
76466
76466
76465
76465
76465
76465
76464
76464
76464
76464
76461
76461
76460
76460
76460
76460
76459
76459
76459
76459
76458
76458
76458
76458
76457
76457
76457
76456
76456
76456
76456
76455
76455
76455
76455
76454
76454
76454
76454
76453
76453
76453
76453
76452
76452
76452
76452
76451
76451
76451
76451
76450
76450
76450
76450
76449
76449
76449
76449
76448
76448
76448
76448
76447
76447
76447
76447
76446
76446
76446
76445
76445
76445
76445
76443
76441
76439
76438
76436
76434
76434
76434
76433
76433
76432
76431
76430
76430
76429
76429
76429
76428
76428
76428
76428
76427
76427
76427
76427
76426
76426
76425
76424
76424
76424
76424
76423
76423
76423
76423
76422
76422
76422
76421
76421
76421
76421
76420
76420
76420
76420
76419
76419
76419
76417
76417
76417
76417
76416
76416
76416
76416
76415
76415
76415
76415
76414
76414
76414
76414
76413
76413
76413
76412
76412
76411
76411
76409
76409
76407
76407
76406
76406
76406
76406
76405
76405
76405
76405
76404
76404
76404
76404
76403
76403
76403
76403
76402
76401
76401
76399
76399
76399
76398
76398
76398
76397
76397
76397
76397
76396
76396
76396
76396
76395
76395
76395
76395
76394
76394
76394
76394
76393
76393
76393
76393
76392
76392
76392
76392
76391
76391
76391
76390
76390
76389
76389
76389
76388
76388
76388
76388
76387
76387
76387
76387
76386
76386
76386
76386
76385
76385
76385
76385
76384
76384
76384
76384
76383
76383
76383
76383
76382
76382
76382
76381
76381
76381
76381
76380
76380
76380
76380
76379
76379
76379
76379
76378
76378
76378
76378
76377
76377
76377
76377
76376
76376
76376
76375
76375
76375
76375
76374
76374
76374
76374
76371
76369
76368
76366
76364
76362
76361
76360
76360
76360
76360
76359
76359
76359
76358
76358
76358
76358
76357
76357
76357
76355
76355
76355
76355
76354
76354
76354
76354
76353
76353
76353
76352
76352
76352
76352
76351
76351
76351
76351
76350
76350
76350
76349
76348
76348
76347
76347
76347
76346
76346
76346
76346
76345
76345
76345
76345
76344
76344
76344
76344
76343
76343
76343
76343
76341
76340
76338
76338
76337
76337
76337
76336
76336
76336
76336
76335
76335
76335
76335
76334
76334
76334
76334
76333
76333
76333
76332
76331
76331
76328
76328
76327
76327
76327
76327
76326
76326
76326
76326
76325
76325
76325
76325
76324
76324
76324
76323
76323
76323
76323
76322
76322
76322
76322
76321
76321
76321
76321
76320
76320
76320
76320
76319
76319
76319
76319
76318
76318
76318
76318
76317
76317
76317
76316
76316
76316
76316
76315
76315
76315
76315
76314
76314
76314
76314
76313
76313
76313
76313
76312
76312
76312
76312
76311
76311
76311
76310
76310
76310
76310
76309
76309
76309
76309
76308
76308
76308
76308
76307
76307
76307
76307
76306
76306
76306
76306
76305
76305
76305
76305
76304
76304
76304
76304
76303
76303
76303
76302
76302
76302
76302
76299
76297
76293
76291
76290
76288
76288
76287
76287
76287
76287
76286
76286
76285
76285
76284
76283
76283
76283
76282
76282
76282
76281
76281
76281
76281
76280
76280
76280
76280
76279
76279
76279
76279
76278
76278
76278
76278
76276
76276
76276
76275
76275
76275
76275
76274
76274
76274
76273
76273
76272
76272
76272
76272
76271
76271
76271
76269
76269
76268
76267
76266
76265
76265
76264
76263
76263
76263
76263
76262
76262
76262
76262
76261
76261
76261
76260
76260
76260
76260
76259
76259
76258
76257
76256
76256
76255
76255
76255
76255
76254
76254
76254
76254
76253
76253
76253
76253
76252
76252
76252
76252
76251
76251
76251
76249
76249
76249
76248
76248
76248
76248
76247
76247
76247
76247
76246
76246
76246
76246
76245
76245
76245
76244
76244
76244
76244
76243
76243
76243
76243
76242
76242
76242
76242
76241
76241
76241
76241
76240
76240
76240
76240
76239
76239
76239
76239
76238
76238
76238
76238
76237
76237
76237
76237
76236
76236
76236
76236
76235
76235
76235
76234
76234
76234
76234
76233
76233
76233
76233
76232
76232
76232
76232
76231
76231
76231
76230
76230
76230
76230
76229
76229
76229
76229
76227
76227
76227
76226
76226
76225
76225
76223
76222
76220
76219
76217
76216
76216
76215
76215
76214
76213
76213
76213
76213
76212
76212
76212
76212
76211
76211
76211
76210
76210
76210
76210
76209
76209
76209
76209
76208
76208
76208
76206
76206
76206
76205
76205
76205
76204
76204
76204
76204
76203
76203
76203
76203
76202
76202
76201
76200
76200
76200
76200
76198
76198
76196
76196
76196
76196
76195
76195
76195
76195
76194
76194
76194
76194
76193
76193
76193
76193
76192
76192
76192
76191
76191
76190
76189
76188
76187
76187
76187
76187
76186
76186
76186
76185
76185
76185
76185
76184
76184
76184
76184
76183
76183
76183
76183
76182
76180
76179
76179
76179
76179
76178
76178
76178
76178
76177
76177
76177
76177
76176
76176
76175
76175
76175
76175
76174
76174
76174
76174
76173
76173
76173
76173
76172
76172
76171
76170
76170
76170
76169
76169
76169
76169
76168
76168
76168
76168
76167
76167
76167
76166
76166
76166
76166
76165
76165
76165
76165
76164
76164
76164
76164
76163
76163
76163
76163
76162
76162
76162
76161
76161
76161
76161
76160
76160
76160
76159
76159
76159
76159
76158
76158
76158
76156
76156
76156
76155
76155
76155
76154
76154
76154
76154
76153
76153
76153
76153
76152
76152
76150
76149
76147
76144
76143
76141
76140
76140
76140
76140
76139
76139
76139
76139
76138
76138
76138
76137
76137
76137
76137
76136
76136
76136
76136
76135
76134
76134
76133
76133
76133
76133
76132
76132
76132
76131
76131
76131
76131
76129
76129
76128
76128
76128
76128
76127
76127
76126
76126
76124
76124
76124
76123
76123
76123
76122
76122
76122
76122
76121
76121
76121
76121
76120
76120
76120
76120
76119
76119
76119
76117
76117
76115
76115
76115
76115
76114
76114
76114
76113
76113
76113
76113
76112
76112
76112
76112
76111
76111
76111
76111
76110
76109
76108
76108
76108
76107
76107
76107
76106
76106
76106
76106
76105
76105
76105
76105
76104
76104
76104
76104
76103
76103
76103
76103
76102
76102
76102
76101
76101
76101
76101
76100
76100
76100
76100
76099
76099
76099
76099
76098
76098
76098
76098
76097
76097
76097
76097
76096
76096
76096
76096
76095
76095
76095
76095
76094
76094
76094
76094
76093
76093
76093
76092
76092
76092
76091
76091
76091
76091
76090
76090
76090
76090
76089
76089
76089
76087
76087
76087
76087
76086
76086
76086
76086
76085
76085
76085
76085
76084
76084
76084
76083
76083
76083
76083
76082
76082
76082
76082
76081
76081
76078
76077
76075
76073
76071
76070
76069
76069
76069
76069
76068
76068
76068
76067
76067
76067
76067
76066
76066
76066
76064
76064
76064
76063
76063
76063
76063
76062
76062
76062
76060
76060
76060
76060
76059
76059
76059
76059
76058
76058
76058
76056
76056
76054
76054
76054
76054
76053
76053
76053
76053
76052
76052
76052
76052
76051
76051
76051
76051
76050
76050
76050
76049
76049
76048
76047
76045
76045
76044
76044
76044
76044
76043
76043
76043
76043
76042
76042
76042
76041
76041
76041
76041
76040
76040
76040
76040
76038
76038
76038
76037
76037
76037
76037
76036
76036
76036
76035
76035
76034
76034
76034
76034
76033
76033
76033
76032
76032
76032
76032
76031
76031
76031
76031
76030
76030
76030
76030
76029
76029
76029
76029
76028
76028
76028
76028
76027
76027
76027
76026
76026
76026
76026
76025
76025
76025
76025
76024
76024
76024
76024
76023
76023
76023
76023
76022
76022
76022
76022
76021
76021
76021
76021
76020
76020
76020
76019
76019
76018
76017
76017
76017
76017
76016
76016
76016
76016
76015
76015
76015
76015
76014
76014
76014
76013
76013
76013
76013
76012
76012
76012
76012
76011
76011
76011
76011
76010
76010
76010
76010
76009
76009
76007
76006
76004
76002
76001
75999
75999
75999
75998
75998
75998
75998
75997
75997
75995
75995
75995
75995
75994
75994
75993
75992
75991
75991
75991
75991
75990
75990
75990
75989
75989
75989
75989
75988
75988
75986
75986
75984
75984
75984
75983
75983
75983
75983
75982
75982
75982
75982
75981
75981
75981
75981
75980
75980
75980
75980
75979
75979
75977
75977
75975
75975
75975
75975
75973
75973
75973
75972
75972
75972
75972
75971
75971
75971
75971
75970
75970
75970
75970
75969
75969
75968
75967
75967
75967
75966
75966
75966
75966
75965
75965
75965
75965
75964
75964
75964
75964
75963
75962
75961
75961
75961
75961
75960
75960
75960
75960
75959
75959
75959
75959
75958
75958
75958
75958
75957
75957
75957
75957
75956
75956
75956
75955
75955
75955
75955
75954
75954
75954
75954
75953
75953
75953
75952
75952
75952
75952
75951
75951
75951
75951
75950
75950
75950
75950
75949
75949
75949
75949
75947
75947
75947
75946
75946
75946
75946
75945
75945
75945
75945
75944
75944
75943
75943
75943
75943
75942
75942
75942
75942
75941
75941
75941
75941
75940
75940
75940
75940
75939
75939
75939
75939
75938
75938
75938
75938
75937
75937
75937
75937
75936
75936
75933
75932
75930
75929
75927
75925
75925
75925
75923
75923
75923
75923
75921
75921
75920
75920
75920
75920
75919
75919
75919
75919
75918
75918
75918
75918
75917
75917
75917
75915
75915
75913
75913
75913
75913
75912
75912
75912
75912
75911
75911
75911
75911
75910
75910
75910
75910
75909
75909
75909
75908
75908
75907
75906
75905
75904
75904
75904
75904
75903
75903
75903
75903
75902
75902
75902
75902
75901
75901
75901
75901
75900
75900
75900
75900
75897
75897
75896
75896
75896
75896
75895
75895
75895
75894
75894
75894
75893
75893
75893
75893
75892
75891
75891
75890
75890
75890
75889
75889
75889
75889
75888
75888
75888
75888
75887
75887
75887
75887
75886
75886
75886
75886
75885
75885
75885
75885
75884
75884
75884
75884
75883
75883
75883
75882
75882
75882
75882
75880
75880
75880
75879
75879
75879
75879
75878
75878
75878
75877
75877
75875
75875
75875
75874
75874
75874
75873
75873
75873
75873
75872
75872
75872
75872
75871
75871
75871
75871
75870
75870
75870
75870
75869
75869
75869
75869
75868
75868
75868
75868
75867
75867
75867
75867
75866
75866
75866
75866
75865
75865
75865
75865
75864
75864
75864
75864
75863
75863
75863
75862
75862
75862
75860
75859
75856
75855
75853
75851
75851
75850
75850
75850
75849
75849
75849
75849
75848
75848
75848
75848
75818
75817
75817
75817
75816
75814
75814
75812
75811
75811
75811
75811
75810
75810
75810
75809
75809
75809
75808
75808
75808
75807
75807
75807
75807
75806
75806
75806
75804
75803
75802
75802
75801
75801
75801
75801
75800
75800
75800
75800
75799
75799
75799
75799
75798
75798
75797
75797
75797
75797
75796
75795
75795
75794
75794
75794
75793
75793
75793
75793
75792
75792
75792
75792
75791
75791
75791
75791
75789
75789
75788
75788
75788
75788
75787
75787
75787
75787
75786
75786
75786
75786
75785
75785
75785
75785
75784
75784
75784
75782
75782
75782
75782
75781
75781
75781
75781
75780
75780
75780
75780
75779
75779
75779
75778
75778
75778
75778
75777
75777
75777
75777
75776
75775
75774
75774
75774
75774
75773
75773
75773
75773
75772
75772
75772
75772
75771
75771
75771
75771
75770
75770
75770
75769
75769
75769
75769
75768
75768
75768
75768
75767
75767
75767
75767
75766
75766
75766
75766
75765
75765
75765
75765
75764
75764
75764
75764
75763
75763
75763
75762
75762
75762
75762
75761
75761
75761
75761
75760
75760
75760
75760
75759
75759
75756
75754
75752
75751
75749
75748
75747
75747
75747
75747
75746
75746
75746
75746
75745
75745
75745
75743
75743
75742
75741
75741
75741
75740
75740
75740
75740
75739
75739
75739
75739
75738
75738
75738
75737
75737
75737
75737
75736
75736
75735
75734
75733
75733
75733
75732
75732
75732
75731
75731
75731
75731
75730
75730
75730
75730
75729
75729
75729
75729
75728
75728
75728
75726
75726
75726
75726
75725
75725
75725
75725
75724
75724
75724
75724
75723
75723
75723
75723
75722
75719
75719
75719
75719
75718
75718
75718
75718
75717
75717
75717
75716
75716
75716
75716
75715
75715
75715
75714
75714
75714
75712
75712
75710
75710
75710
75710
75709
75709
75709
75709
75708
75708
75708
75708
75707
75707
75707
75707
75706
75706
75706
75704
75704
75704
75703
75703
75702
75702
75702
75702
75701
75701
75701
75701
75700
75700
75700
75699
75699
75699
75699
75698
75698
75698
75698
75697
75697
75697
75697
75696
75696
75696
75695
75695
75695
75695
75694
75694
75694
75694
75693
75693
75693
75693
75692
75692
75692
75692
75691
75691
75691
75691
75690
75690
75690
75690
75689
75689
75689
75689
75688
75688
75688
75687
75687
75687
75687
75686
75686
75686
75686
75684
75683
75681
75680
75678
75677
75676
75676
75676
75676
75675
75674
75673
75672
75672
75671
75671
75671
75671
75670
75670
75670
75670
75669
75669
75669
75669
75668
75668
75668
75668
75667
75667
75667
75665
75665
75664
75663
75663
75663
75663
75662
75662
75662
75662
75661
75661
75661
75661
75660
75660
75660
75660
75659
75659
75659
75659
75657
75657
75657
75656
75656
75656
75655
75654
75654
75653
75653
75653
75653
75652
75652
75652
75652
75650
75650
75650
75649
75649
75649
75648
75648
75648
75648
75647
75647
75647
75647
75646
75646
75646
75646
75645
75645
75645
75643
75643
75642
75642
75641
75641
75641
75641
75640
75640
75640
75639
75639
75639
75639
75638
75638
75638
75636
75636
75636
75636
75635
75635
75635
75635
75634
75634
75634
75634
75633
75633
75633
75633
75632
75632
75632
75632
75631
75631
75631
75631
75630
75630
75630
75630
75629
75629
75629
75629
75628
75628
75628
75628
75627
75627
75627
75626
75626
75626
75626
75625
75625
75625
75625
75624
75624
75624
75624
75623
75623
75623
75622
75622
75622
75622
75621
75621
75621
75621
75620
75620
75620
75620
75619
75619
75619
75618
75618
75618
75618
75617
75617
75617
75617
75616
75616
75615
75613
75612
75609
75608
75605
75605
75604
75603
75603
75603
75602
75602
75602
75602
75601
75601
75601
75601
75600
75600
75600
75599
75599
75599
75599
75598
75598
75596
75596
75595
75594
75594
75594
75594
75593
75593
75593
75593
75592
75592
75592
75592
75591
75591
75591
75591
75590
75590
75590
75590
75588
75588
75587
75587
75587
75587
75586
75586
75586
75585
75585
75585
75585
75584
75584
75584
75584
75581
75581
75580
75580
75580
75580
75579
75579
75579
75579
75578
75578
75578
75578
75577
75577
75577
75577
75576
75576
75576
75574
75574
75572
75572
75572
75571
75571
75571
75571
75570
75570
75570
75570
75569
75569
75567
75567
75567
75567
75566
75566
75566
75565
75565
75565
75565
75564
75564
75564
75564
75563
75563
75563
75563
75562
75562
75562
75562
75561
75560
75560
75559
75559
75559
75559
75558
75558
75558
75557
75557
75557
75557
75556
75556
75556
75556
75555
75555
75555
75555
75554
75554
75554
75554
75553
75553
75553
75552
75552
75552
75552
75551
75551
75551
75551
75550
75550
75550
75550
75549
75549
75549
75549
75548
75548
75548
75548
75547
75547
75547
75547
75546
75546
75546
75546
75545
75545
75545
75545
75544
75544
75544
75544
75542
75539
75537
75536
75535
75533
75533
75532
75532
75532
75532
75531
75531
75531
75530
75530
75530
75530
75529
75529
75529
75529
75527
75527
75526
75525
75525
75525
75525
75524
75524
75524
75523
75523
75523
75523
75522
75522
75522
75522
75521
75521
75521
75521
75520
75519
75519
75518
75518
75518
75517
75517
75517
75517
75516
75516
75516
75516
75515
75515
75515
75515
75513
75513
75512
75512
75512
75511
75511
75511
75511
75510
75510
75510
75510
75509
75509
75509
75509
75508
75508
75508
75508
75506
75506
75504
75504
75504
75504
75503
75503
75503
75503
75502
75502
75501
75500
75500
75500
75499
75499
75499
75499
75498
75498
75498
75497
75496
75496
75496
75496
75495
75495
75495
75494
75494
75494
75494
75493
75493
75493
75493
75492
75492
75492
75492
75491
75491
75491
75491
75490
75490
75490
75490
75489
75489
75489
75489
75488
75488
75488
75488
75487
75487
75487
75487
75486
75486
75486
75485
75485
75485
75485
75484
75484
75484
75484
75483
75483
75483
75483
75482
75482
75482
75482
75481
75481
75481
75480
75480
75480
75480
75479
75479
75479
75479
75478
75478
75478
75478
75477
75477
75477
75477
75476
75476
75476
75476
75475
75475
75475
75474
75471
75470
75468
75467
75465
75464
75463
75463
75463
75462
75462
75462
75462
75461
75461
75461
75459
75459
75457
75457
75457
75456
75456
75456
75456
75455
75455
75455
75455
75454
75454
75454
75454
75453
75453
75453
75453
75452
75452
75450
75450
75450
75449
75449
75449
75449
75448
75448
75448
75448
75447
75447
75447
75447
75446
75446
75444
75444
75444
75443
75443
75443
75443
75442
75442
75442
75442
75441
75441
75440
75440
75440
75439
75439
75439
75439
75438
75436
75436
75434
75434
75434
75433
75433
75433
75433
75431
75431
75430
75430
75430
75429
75429
75429
75428
75428
75428
75428
75427
75427
75425
75425
75423
75423
75423
75423
75422
75422
75422
75422
75421
75421
75421
75421
75420
75420
75420
75420
75419
75419
75419
75419
75418
75418
75418
75418
75417
75417
75417
75417
75416
75416
75416
75416
75415
75415
75415
75414
75414
75414
75414
75413
75413
75413
75413
75412
75412
75412
75412
75411
75411
75411
75411
75410
75410
75410
75410
75409
75409
75409
75409
75408
75408
75408
75408
75407
75407
75407
75407
75406
75406
75406
75406
75405
75405
75405
75404
75404
75404
75404
75403
75403
75403
75403
75402
75402
75402
75402
75401
75401
75401
75401
75399
75397
75396
75394
75393
75391
75391
75391
75390
75390
75389
75388
75387
75387
75386
75386
75386
75386
75385
75385
75385
75385
75384
75384
75384
75384
75383
75383
75383
75383
75382
75382
75382
75380
75380
75380
75380
75379
75379
75379
75379
75378
75378
75378
75377
75377
75377
75377
75376
75376
75375
75375
75374
75374
75374
75373
75373
75373
75373
75372
75372
75372
75372
75371
75370
75370
75369
75369
75369
75368
75368
75367
75366
75365
75365
75364
75364
75362
75362
75362
75362
75361
75361
75361
75361
75360
75360
75360
75360
75359
75359
75359
75359
75358
75357
75356
75355
75355
75354
75354
75354
75353
75353
75353
75353
75352
75352
75352
75352
75351
75351
75351
75351
75350
75350
75350
75350
75349
75349
75349
75349
75348
75348
75348
75348
75347
75347
75347
75347
75346
75346
75346
75345
75345
75345
75344
75344
75343
75343
75342
75342
75342
75341
75341
75341
75341
75340
75340
75340
75340
75339
75339
75339
75339
75338
75338
75338
75338
75337
75337
75337
75337
75336
75336
75336
75335
75335
75335
75335
75334
75334
75334
75334
75333
75333
75333
75333
75332
75332
75332
75332
75331
75331
75331
75330
75330
75330
75330
75329
75329
75329
75328
75327
75325
75324
75322
75320
75318
75317
75316
75316
75316
75315
75315
75315
75315
75314
75314
75314
75314
75313
75313
75313
75313
75312
75312
75312
75312
75311
75310
75309
75309
75309
75309
75308
75308
75308
75307
75307
75307
75307
75306
75306
75306
75306
75305
75304
75303
75303
75303
75303
75302
75302
75302
75302
75301
75301
75301
75301
75300
75300
75300
75300
75299
75299
75299
75298
75296
75295
75294
75292
75292
75291
75291
75291
75291
75290
75290
75290
75290
75289
75289
75289
75289
75288
75288
75288
75288
75287
75287
75285
75285
75284
75283
75283
75283
75282
75282
75282
75282
75281
75281
75281
75281
75280
75280
75280
75280
75279
75279
75279
75279
75278
75278
75278
75278
75277
75277
75277
75277
75276
75276
75276
75275
75275
75275
75275
75274
75274
75274
75272
75272
75272
75272
75271
75271
75271
75271
75270
75270
75270
75269
75269
75269
75269
75268
75268
75268
75268
75267
75267
75267
75266
75266
75266
75266
75265
75265
75265
75265
75264
75264
75264
75264
75263
75263
75263
75263
75262
75262
75262
75262
75261
75261
75261
75260
75260
75260
75260
75259
75259
75259
75259
75258
75258
75258
75258
75257
75257
75257
75257
75256
75256
75256
75253
75252
75250
75248
75247
75246
75245
75245
75245
75244
75244
75244
75244
75243
75243
75243
75243
75242
75242
75242
75242
75240
75240
75240
75239
75239
75239
75239
75238
75238
75238
75238
75237
75237
75237
75236
75236
75236
75234
75234
75234
75234
75233
75233
75233
75233
75232
75232
75232
75232
75231
75231
75231
75231
75230
75230
75230
75229
75229
75226
75226
75225
75224
75224
75224
75223
75223
75223
75222
75222
75222
75222
75221
75221
75221
75221
75220
75220
75220
75220
75219
75219
75217
75217
75216
75215
75215
75215
75215
75214
75214
75214
75214
75213
75213
75213
75213
75212
75212
75212
75212
75211
75211
75211
75211
75209
75209
75209
75208
75208
75208
75207
75207
75207
75207
75206
75206
75206
75206
75205
75205
75205
75205
75204
75204
75204
75204
75203
75203
75203
75203
75202
75202
75202
75202
75201
75201
75201
75201
75200
75200
75200
75200
75199
75199
75199
75198
75198
75198
75198
75197
75197
75197
75197
75196
75196
75196
75196
75195
75195
75195
75195
75194
75194
75194
75194
75193
75193
75193
75192
75192
75192
75192
75191
75191
75191
75191
75190
75190
75190
75190
75189
75189
75189
75189
75188
75188
75187
75186
75186
75186
75186
75183
75181
75180
75178
75177
75175
75175
75175
75174
75174
75174
75174
75173
75173
75173
75171
75171
75171
75170
75170
75170
75170
75169
75169
75169
75169
75168
75168
75168
75168
75167
75167
75165
75165
75165
75165
75164
75164
75164
75163
75163
75163
75163
75162
75162
75162
75162
75161
75161
75161
75158
75158
75158
75156
75156
75155
75154
75154
75154
75154
75153
75153
75153
75153
75152
75152
75152
75151
75151
75151
75151
75150
75150
75150
75149
75149
75148
75147
75146
75146
75145
75145
75145
75145
75144
75144
75144
75144
75143
75143
75143
75143
75142
75142
75142
75142
75141
75141
75141
75139
75139
75139
75138
75138
75138
75138
75137
75137
75137
75137
75136
75136
75136
75136
75135
75135
75135
75135
75134
75134
75134
75133
75133
75133
75133
75132
75132
75132
75131
75131
75131
75131
75130
75130
75130
75130
75129
75129
75129
75129
75128
75128
75128
75128
75127
75127
75127
75127
75126
75126
75126
75125
75125
75125
75125
75124
75124
75124
75124
75123
75123
75123
75123
75122
75122
75122
75122
75121
75121
75121
75121
75120
75120
75120
75119
75119
75119
75119
75117
75117
75117
75116
75116
75116
75115
75115
75115
75114
75114
75114
75114
75113
75111
75110
75108
75107
75105
75104
75104
75103
75103
75102
75101
75101
75101
75100
75100
75100
75100
75099
75099
75098
75098
75098
75098
75097
75097
75097
75095
75095
75095
75095
75094
75094
75094
75093
75093
75093
75093
75092
75092
75092
75092
75090
75090
75090
75089
75089
75089
75087
75087
75086
75086
75085
75085
75085
75084
75084
75084
75084
75083
75083
75083
75083
75082
75082
75081
75080
75080
75080
75080
75079
75078
75078
75076
75076
75076
75075
75075
75075
75075
75074
75074
75074
75074
75073
75073
75073
75073
75072
75072
75072
75072
75071
75071
75070
75069
75069
75069
75068
75068
75068
75068
75067
75067
75067
75067
75066
75066
75066
75066
75065
75065
75065
75065
75064
75064
75064
75064
75063
75063
75063
75063
75062
75062
75062
75062
75061
75061
75061
75061
75060
75060
75060
75059
75059
75059
75058
75058
75058
75057
75057
75057
75057
75056
75056
75056
75056
75055
75055
75055
75055
75054
75054
75054
75054
75053
75053
75053
75053
75052
75052
75052
75052
75051
75051
75051
75050
75050
75050
75050
75048
75048
75047
75047
75047
75047
75046
75046
75046
75046
75045
75045
75045
75045
75044
75044
75044
75044
75043
75043
75043
75042
75042
75040
75039
75037
75035
75033
75032
75031
75031
75031
75031
75030
75030
75030
75030
75029
75029
75029
75028
75028
75028
75026
75026
75026
75026
75025
75025
75025
75024
75024
75024
75024
75023
75021
75020
75020
75020
75020
75019
75019
75019
75019
75017
75017
75012
75011
75011
75011
75010
75010
75010
75009
75009
75008
75008
75008
75007
75007
75006
75006
75006
75005
75005
75005
75004
75001
75001
74999
74950
74950
74950
74949
74949
74949
74949
74948
74948
74948
74947
74947
74947
74946
74946
74946
74946
74945
74945
74945
74943
74943
74942
74942
74942
74942
74941
74941
74941
74941
74940
74940
74940
74940
74939
74939
74939
74939
74938
74938
74938
74938
74937
74937
74937
74936
74936
74936
74936
74935
74935
74935
74935
74934
74934
74934
74934
74933
74933
74933
74933
74931
74931
74930
74930
74930
74930
74929
74929
74929
74929
74928
74928
74927
74927
74927
74927
74926
74926
74926
74926
74925
74925
74925
74924
74924
74924
74924
74923
74923
74923
74923
74922
74921
74920
74920
74920
74920
74919
74919
74919
74919
74918
74918
74918
74918
74917
74917
74917
74916
74916
74916
74916
74915
74915
74915
74915
74914
74914
74914
74914
74913
74913
74913
74913
74911
74910
74907
74905
74904
74902
74901
74901
74901
74901
74900
74900
74900
74900
74898
74898
74897
74897
74897
74896
74896
74896
74895
74894
74894
74893
74893
74893
74893
74892
74892
74892
74892
74891
74891
74890
74889
74888
74888
74888
74887
74887
74887
74886
74886
74886
74886
74885
74885
74885
74885
74884
74884
74884
74884
74883
74883
74883
74881
74881
74880
74879
74879
74878
74878
74878
74877
74877
74877
74876
74876
74876
74876
74875
74875
74875
74875
74874
74874
74874
74874
74872
74872
74871
74871
74871
74871
74870
74870
74870
74870
74869
74869
74869
74869
74868
74868
74868
74868
74867
74867
74867
74867
74866
74865
74865
74864
74864
74864
74863
74863
74863
74863
74862
74862
74862
74862
74861
74861
74861
74861
74860
74860
74860
74860
74859
74859
74859
74859
74858
74858
74858
74858
74857
74857
74857
74857
74856
74856
74856
74856
74855
74855
74855
74854
74854
74854
74853
74853
74853
74853
74851
74851
74850
74850
74850
74850
74849
74849
74849
74849
74848
74848
74848
74848
74829
74829
74828
74828
74828
74828
74827
74827
74827
74826
74826
74826
74825
74825
74825
74824
74824
74824
74823
74823
74823
74823
74822
74822
74822
74821
74821
74817
74816
74814
74812
74811
74809
74809
74808
74807
74806
74806
74806
74805
74805
74802
74801
74801
74801
74800
74800
74800
74800
74799
74799
74799
74799
74798
74798
74798
74796
74796
74795
74794
74794
74794
74794
74793
74793
74793
74793
74792
74792
74792
74791
74791
74791
74791
74790
74790
74790
74790
74789
74788
74787
74786
74786
74785
74785
74785
74785
74784
74784
74784
74784
74783
74783
74783
74783
74782
74782
74782
74781
74781
74781
74781
74779
74779
74779
74778
74778
74778
74777
74777
74777
74777
74776
74776
74776
74775
74775
74775
74775
74774
74774
74774
74774
74773
74773
74772
74771
74771
74771
74771
74770
74770
74770
74770
74769
74769
74769
74768
74768
74768
74768
74767
74767
74767
74767
74766
74766
74766
74766
74765
74765
74765
74765
74764
74764
74764
74764
74763
74763
74763
74763
74762
74762
74762
74761
74761
74761
74761
74760
74759
74758
74758
74758
74758
74757
74757
74757
74757
74756
74756
74756
74755
74755
74755
74755
74754
74754
74754
74754
74753
74753
74753
74753
74752
74752
74752
74752
74751
74751
74751
74751
74750
74750
74750
74750
74749
74749
74749
74748
74748
74748
74748
74747
74747
74747
74747
74746
74746
74746
74744
74743
74741
74739
74736
74733
74733
74733
74732
74732
74732
74732
74731
74731
74731
74731
74730
74730
74730
74729
74729
74729
74729
74727
74727
74725
74725
74725
74725
74724
74724
74724
74724
74723
74723
74723
74722
74722
74722
74721
74721
74721
74721
74720
74720
74720
74718
74718
74717
74716
74716
74716
74716
74715
74715
74715
74715
74714
74714
74714
74714
74713
74713
74713
74711
74711
74711
74710
74710
74709
74708
74708
74708
74708
74707
74707
74707
74707
74706
74706
74706
74705
74705
74705
74705
74704
74704
74704
74704
74703
74703
74703
74701
74701
74701
74701
74700
74700
74700
74700
74699
74699
74699
74699
74698
74698
74698
74698
74697
74697
74697
74697
74696
74696
74696
74695
74695
74695
74695
74694
74694
74694
74694
74693
74693
74693
74693
74692
74692
74692
74692
74691
74691
74689
74689
74689
74689
74688
74688
74688
74688
74687
74687
74687
74687
74686
74686
74686
74686
74685
74685
74685
74684
74684
74684
74684
74683
74683
74683
74683
74682
74682
74682
74682
74681
74681
74681
74681
74680
74680
74680
74680
74679
74679
74679
74679
74678
74678
74678
74677
74677
74677
74677
74676
74676
74676
74676
74675
74675
74675
74675
74674
74673
74671
74669
74667
74666
74664
74664
74664
74663
74663
74663
74663
74662
74662
74662
74662
74661
74659
74658
74657
74657
74656
74656
74656
74656
74655
74655
74655
74654
74654
74654
74654
74653
74653
74653
74653
74652
74652
74652
74652
74650
74650
74648
74648
74648
74648
74647
74647
74647
74647
74646
74646
74646
74645
74645
74645
74645
74644
74644
74644
74644
74643
74643
74642
74641
74641
74641
74641
74640
74640
74640
74640
74639
74639
74639
74638
74638
74638
74638
74637
74637
74637
74637
74636
74636
74636
74634
74634
74634
74634
74633
74633
74633
74633
74632
74632
74632
74632
74631
74631
74631
74629
74629
74629
74628
74628
74628
74628
74627
74627
74627
74627
74626
74626
74626
74626
74625
74625
74625
74625
74624
74624
74624
74624
74622
74622
74621
74621
74619
74619
74619
74619
74618
74618
74618
74617
74617
74617
74617
74616
74616
74616
74616
74615
74615
74615
74615
74614
74614
74614
74613
74613
74613
74613
74612
74612
74612
74612
74611
74611
74611
74611
74610
74610
74610
74610
74609
74609
74609
74608
74608
74608
74608
74607
74607
74607
74606
74606
74606
74606
74605
74605
74605
74605
74604
74604
74604
74603
74603
74603
74603
74602
74601
74599
74598
74596
74595
74592
74592
74592
74591
74591
74591
74589
74589
74588
74588
74587
74587
74587
74586
74586
74586
74586
74585
74585
74585
74584
74584
74584
74584
74583
74583
74583
74583
74582
74581
74581
74579
74579
74579
74578
74578
74578
74578
74577
74577
74577
74577
74576
74576
74576
74576
74575
74575
74575
74575
74574
74574
74573
74572
74572
74572
74572
74571
74571
74571
74571
74570
74570
74570
74569
74569
74569
74569
74568
74568
74568
74568
74567
74567
74567
74565
74565
74565
74564
74564
74564
74564
74563
74563
74563
74563
74562
74562
74562
74562
74560
74560
74560
74559
74559
74559
74558
74558
74557
74556
74556
74556
74556
74555
74555
74555
74555
74554
74554
74554
74552
74552
74552
74551
74551
74551
74551
74550
74550
74550
74549
74549
74549
74549
74548
74548
74548
74547
74547
74547
74547
74546
74546
74546
74546
74545
74545
74545
74545
74544
74544
74544
74544
74543
74543
74543
74543
74542
74542
74542
74542
74541
74541
74541
74541
74540
74540
74540
74540
74539
74539
74539
74538
74538
74538
74538
74537
74537
74537
74537
74536
74536
74536
74535
74535
74535
74535
74534
74534
74534
74534
74533
74533
74533
74533
74532
74532
74529
74528
74526
74525
74523
74520
74519
74518
74518
74517
74517
74517
74516
74516
74516
74515
74515
74515
74515
74514
74514
74514
74514
74513
74513
74513
74513
74512
74511
74511
74509
74509
74509
74508
74508
74508
74507
74507
74507
74507
74506
74506
74506
74506
74505
74505
74505
74505
74504
74504
74504
74502
74502
74502
74502
74501
74501
74501
74501
74500
74500
74500
74499
74499
74499
74499
74498
74498
74498
74498
74497
74497
74497
74497
74495
74494
74494
74494
74494
74493
74493
74493
74493
74492
74492
74492
74492
74491
74491
74489
74489
74489
74489
74488
74488
74488
74487
74486
74486
74486
74485
74485
74485
74484
74484
74484
74482
74482
74482
74481
74481
74481
74481
74480
74480
74480
74480
74479
74479
74479
74479
74478
74478
74478
74477
74477
74477
74477
74476
74476
74476
74476
74475
74475
74475
74475
74474
74474
74474
74474
74473
74473
74473
74473
74472
74472
74472
74472
74471
74471
74471
74470
74470
74470
74470
74469
74469
74469
74469
74468
74468
74468
74468
74467
74467
74467
74467
74466
74466
74466
74466
74465
74465
74465
74464
74464
74464
74464
74463
74463
74463
74463
74462
74462
74462
74462
74461
74461
74461
74461
74460
74460
74458
74456
74454
74453
74451
74450
74450
74449
74449
74449
74449
74448
74448
74448
74448
74447
74447
74447
74447
74446
74446
74446
74444
74444
74443
74443
74442
74442
74442
74442
74441
74441
74441
74441
74440
74440
74440
74439
74439
74439
74439
74438
74438
74438
74438
74436
74436
74436
74435
74435
74435
74435
74434
74434
74434
74434
74433
74433
74433
74433
74432
74432
74432
74432
74430
74430
74429
74429
74428
74427
74427
74427
74427
74426
74426
74426
74425
74425
74425
74425
74424
74424
74424
74423
74422
74422
74422
74422
74421
74421
74421
74419
74419
74419
74418
74418
74418
74416
74416
74416
74415
74415
74415
74415
74414
74414
74413
74412
74412
74412
74411
74411
74411
74411
74410
74410
74410
74410
74409
74409
74409
74409
74408
74408
74408
74408
74407
74407
74407
74407
74406
74406
74406
74405
74405
74405
74405
74404
74404
74404
74404
74403
74403
74403
74403
74402
74402
74402
74402
74401
74401
74401
74401
74400
74400
74400
74400
74399
74399
74399
74398
74398
74398
74398
74397
74397
74397
74397
74396
74396
74396
74396
74395
74395
74395
74395
74394
74394
74394
74394
74393
74393
74393
74393
74392
74392
74392
74391
74391
74391
74391
74390
74387
74386
74384
74383
74382
74379
74379
74378
74378
74378
74377
74377
74377
74377
74376
74376
74375
74374
74373
74373
74372
74372
74372
74372
74371
74371
74371
74370
74370
74370
74370
74369
74369
74369
74368
74368
74368
74368
74367
74366
74366
74365
74365
74365
74365
74364
74364
74364
74364
74363
74363
74363
74363
74362
74362
74362
74361
74361
74361
74361
74360
74360
74359
74358
74358
74358
74358
74357
74357
74357
74356
74356
74356
74356
74355
74355
74355
74353
74353
74353
74353
74352
74352
74352
74351
74350
74350
74349
74348
74348
74347
74347
74347
74347
74346
74346
74346
74345
74345
74345
74343
74343
74343
74343
74342
74342
74342
74342
74341
74341
74341
74341
74340
74340
74340
74340
74339
74339
74339
74338
74338
74338
74338
74337
74337
74337
74337
74336
74335
74335
74334
74334
74334
74333
74333
74333
74333
74332
74332
74332
74332
74331
74331
74331
74330
74330
74330
74330
74329
74329
74329
74329
74328
74328
74328
74328
74327
74327
74327
74327
74326
74326
74326
74325
74325
74325
74325
74324
74324
74324
74324
74323
74323
74323
74323
74322
74322
74322
74322
74321
74321
74321
74320
74320
74320
74320
74319
74319
74319
74319
74318
74318
74316
74315
74313
74312
74310
74308
74308
74308
74307
74307
74306
74305
74304
74304
74303
74303
74303
74303
74302
74302
74302
74302
74301
74301
74301
74301
74300
74300
74300
74299
74299
74299
74299
74297
74297
74297
74296
74296
74296
74296
74295
74295
74295
74294
74294
74294
74294
74293
74293
74293
74293
74292
74292
74292
74292
74291
74290
74290
74289
74289
74289
74288
74288
74288
74288
74287
74287
74287
74287
74286
74286
74284
74284
74284
74284
74283
74283
74283
74283
74280
74280
74279
74279
74279
74279
74278
74278
74278
74278
74277
74277
74277
74276
74276
74275
74274
74273
74273
74272
74272
74272
74272
74271
74271
74271
74271
74270
74270
74270
74270
74269
74269
74269
74268
74268
74268
74268
74267
74267
74267
74267
74266
74266
74266
74266
74265
74265
74265
74265
74264
74264
74264
74264
74263
74263
74263
74263
74262
74262
74262
74262
74261
74261
74261
74260
74260
74260
74260
74259
74259
74259
74258
74258
74258
74257
74257
74257
74257
74256
74256
74256
74256
74255
74255
74255
74255
74254
74254
74254
74254
74253
74253
74253
74253
74252
74252
74252
74252
74251
74251
74251
74251
74250
74250
74250
74250
74249
74249
74249
74248
74248
74248
74245
74244
74241
74240
74236
74235
74233
74233
74233
74232
74232
74232
74231
74231
74231
74230
74230
74230
74229
74229
74229
74229
74228
74228
74228
74228
74227
74226
74226
74225
74225
74225
74225
74224
74224
74224
74224
74223
74223
74223
74223
74222
74222
74222
74222
74221
74221
74221
74221
74220
74219
74219
74218
74218
74218
74217
74217
74217
74217
74216
74216
74216
74216
74215
74215
74213
74213
74213
74213
74212
74211
74211
74210
74209
74209
74208
74208
74208
74207
74207
74207
74207
74206
74206
74206
74206
74205
74205
74203
74203
74202
74201
74201
74201
74201
74200
74200
74200
74200
74199
74199
74199
74199
74198
74198
74198
74198
74197
74197
74197
74197
74196
74196
74196
74196
74195
74195
74195
74195
74194
74194
74194
74194
74193
74193
74193
74192
74192
74192
74192
74191
74191
74191
74191
74190
74190
74190
74190
74189
74189
74189
74189
74188
74188
74188
74188
74187
74187
74187
74187
74186
74186
74186
74186
74185
74185
74185
74184
74184
74184
74184
74183
74183
74183
74183
74182
74182
74182
74182
74181
74181
74181
74181
74180
74180
74180
74180
74179
74179
74179
74179
74178
74178
74178
74177
74177
74177
74177
74176
74176
74176
74176
74173
74172
74170
74168
74167
74166
74165
74165
74165
74165
74164
74164
74164
74163
74163
74163
74163
74162
74162
74162
74162
74160
74160
74160
74159
74159
74159
74159
74158
74158
74158
74158
74157
74157
74157
74157
74156
74156
74156
74155
74155
74155
74155
74154
74153
74153
74152
74152
74152
74151
74151
74151
74151
74150
74150
74150
74150
74149
74149
74147
74147
74146
74145
74145
74144
74143
74143
74142
74141
74141
74141
74141
74140
74140
74140
74140
74139
74139
74139
74139
74138
74138
74136
74136
74135
74134
74134
74134
74133
74133
74133
74133
74132
74132
74132
74131
74131
74131
74131
74130
74130
74130
74129
74129
74129
74128
74127
74127
74127
74127
74126
74126
74126
74126
74125
74125
74125
74125
74124
74124
74124
74123
74123
74123
74123
74122
74122
74122
74122
74121
74121
74121
74121
74120
74120
74120
74119
74119
74119
74119
74118
74118
74118
74118
74117
74117
74117
74117
74116
74116
74116
74116
74115
74115
74115
74115
74114
74114
74114
74114
74113
74113
74113
74112
74112
74112
74112
74111
74111
74111
74111
74110
74110
74110
74110
74109
74109
74109
74109
74108
74108
74108
74108
74107
74107
74107
74107
74106
74106
74105
74104
74104
74102
74101
74100
74097
74095
74093
74093
74093
74092
74092
74092
74092
74091
74091
74091
74089
74089
74089
74089
74088
74088
74088
74088
74087
74087
74087
74087
74086
74086
74086
74086
74085
74085
74085
74084
74084
74084
74084
74082
74082
74082
74081
74081
74081
74081
74080
74080
74080
74079
74079
74079
74079
74077
74076
74076
74075
74075
74075
74074
74074
74074
74072
74072
74072
74072
74071
74071
74071
74071
74070
74070
74070
74069
74069
74069
74069
74067
74067
74065
74065
74065
74065
74064
74064
74064
74063
74063
74063
74063
74062
74062
74062
74062
74061
74061
74061
74061
74060
74060
74059
74058
74058
74058
74057
74057
74057
74057
74056
74056
74056
74056
74055
74055
74055
74055
74054
74054
74054
74054
74053
74053
74053
74053
74052
74052
74052
74051
74051
74050
74049
74049
74049
74049
74048
74048
74048
74048
74047
74047
74047
74047
74046
74046
74046
74046
74045
74045
74045
74044
74044
74044
74044
74043
74043
74043
74043
74042
74042
74042
74042
74041
74041
74041
74041
74040
74040
74040
74040
74039
74039
74039
74039
74038
74038
74038
74038
74037
74037
74037
74037
74035
74035
74034
74034
74034
74034
74033
74033
74033
74033
74032
74032
74031
74029
74027
74026
74024
74022
74022
74022
74021
74020
74020
74020
74019
74019
74019
74018
74018
74018
74018
74017
74017
74017
74017
74016
74016
74016
74016
74015
74015
74015
74015
74014
74013
74013
74012
74012
74012
74011
74011
74011
74011
74010
74010
74009
74008
74008
74008
74006
74006
74006
74006
74005
74005
74005
74005
74003
74003
74003
74002
74002
74002
74002
74001
74001
74001
74001
74000
74000
74000
73999
73998
73998
73996
73996
73996
73995
73995
73995
73995
73994
73994
73994
73994
73993
73993
73993
73993
73992
73992
73992
73992
73991
73991
73990
73989
73989
73989
73988
73988
73988
73988
73987
73987
73987
73987
73986
73986
73986
73986
73985
73985
73985
73985
73984
73984
73984
73984
73983
73983
73983
73982
73982
73982
73982
73981
73981
73981
73981
73980
73980
73980
73980
73979
73979
73979
73978
73978
73978
73978
73977
73977
73977
73977
73976
73976
73976
73976
73975
73975
73975
73975
73974
73974
73974
73974
73973
73973
73973
73973
73972
73972
73972
73972
73971
73971
73971
73970
73970
73970
73970
73969
73968
73968
73967
73967
73967
73967
73966
73966
73966
73966
73965
73965
73965
73965
73964
73964
73964
73964
73963
73963
73963
73960
73958
73957
73953
73952
73950
73949
73949
73949
73948
73948
73948
73948
73947
73947
73947
73947
73946
73946
73946
73946
73945
73945
73945
73944
73944
73943
73942
73942
73942
73942
73941
73941
73941
73939
73939
73939
73939
73938
73938
73938
73936
73936
73936
73936
73935
73935
73935
73935
73933
73933
73933
73932
73932
73932
73932
73931
73931
73931
73931
73930
73930
73930
73930
73928
73928
73926
73926
73926
73925
73925
73925
73925
73924
73924
73924
73924
73923
73923
73923
73922
73922
73922
73922
73921
73921
73921
73919
73919
73919
73919
73918
73918
73918
73918
73917
73917
73917
73917
73916
73916
73916
73915
73915
73915
73915
73914
73914
73914
73914
73913
73913
73913
73913
73912
73912
73912
73912
73911
73911
73911
73911
73910
73910
73910
73910
73909
73909
73909
73908
73908
73908
73908
73907
73907
73907
73907
73906
73906
73906
73906
73905
73905
73905
73905
73904
73904
73904
73904
73903
73903
73903
73903
73902
73902
73902
73902
73901
73901
73901
73900
73900
73899
73898
73898
73898
73898
73897
73897
73897
73897
73896
73896
73896
73896
73895
73895
73895
73895
73894
73894
73894
73893
73893
73893
73892
73892
73892
73892
73891
73891
73891
73889
73888
73886
73885
73884
73882
73882
73882
73881
73881
73881
73881
73880
73880
73880
73880
73879
73879
73879
73879
73877
73877
73876
73876
73876
73874
73874
73874
73874
73873
73873
73873
73872
73872
73872
73870
73870
73870
73870
73869
73869
73869
73868
73867
73867
73867
73866
73866
73865
73865
73865
73865
73864
73864
73864
73864
73863
73863
73861
73861
73860
73859
73859
73859
73857
73857
73857
73856
73856
73856
73856
73855
73855
73855
73855
73854
73854
73854
73853
73853
73853
73851
73851
73851
73850
73850
73850
73850
73849
73849
73849
73848
73848
73848
73848
73819
73818
73818
73818
73817
73817
73817
73817
73816
73814
73814
73813
73813
73813
73812
73812
73812
73811
73811
73811
73810
73810
73810
73810
73809
73809
73809
73808
73808
73808
73807
73807
73807
73806
73806
73806
73805
73805
73805
73805
73804
73804
73804
73804
73803
73803
73803
73803
73802
73802
73802
73802
73801
73801
73801
73801
73800
73800
73799
73798
73798
73798
73797
73797
73797
73797
73796
73796
73796
73796
73795
73795
73795
73795
73794
73794
73794
73794
73793
73793
73793
73793
73792
73792
73792
73791
73791
73791
73791
73790
73790
73790
73790
73789
73789
73789
73789
73787
73785
73784
73781
73780
73778
73778
73778
73777
73777
73777
73777
73776
73776
73774
73774
73773
73773
73772
73772
73772
73772
73771
73771
73771
73771
73770
73770
73770
73768
73768
73768
73768
73767
73767
73767
73767
73765
73765
73765
73764
73764
73764
73764
73763
73763
73763
73762
73762
73762
73762
73761
73760
73760
73758
73758
73757
73757
73757
73757
73756
73756
73756
73756
73755
73755
73755
73755
73754
73754
73754
73754
73753
73753
73753
73751
73751
73751
73750
73750
73750
73750
73749
73749
73749
73749
73748
73748
73748
73748
73747
73747
73747
73747
73746
73746
73746
73746
73744
73744
73743
73743
73743
73743
73742
73742
73742
73742
73741
73741
73741
73741
73740
73740
73740
73739
73739
73739
73739
73738
73738
73738
73738
73737
73737
73737
73736
73736
73735
73734
73734
73734
73734
73733
73733
73733
73733
73732
73732
73732
73732
73731
73731
73731
73729
73729
73729
73729
73728
73728
73728
73727
73727
73727
73727
73726
73726
73726
73726
73725
73725
73725
73725
73724
73724
73724
73724
73723
73723
73723
73722
73722
73722
73722
73721
73721
73721
73721
73720
73720
73720
73720
73719
73719
73719
73719
73718
73718
73718
73718
73717
73717
73714
73712
73710
73708
73707
73705
73705
73703
73702
73702
73701
73701
73701
73701
73700
73700
73700
73699
73699
73699
73699
73698
73698
73697
73696
73696
73696
73696
73695
73695
73695
73693
73693
73693
73692
73692
73692
73691
73691
73691
73691
73690
73690
73690
73690
73689
73688
73687
73686
73686
73685
73685
73685
73685
73684
73684
73684
73684
73683
73683
73683
73682
73682
73682
73682
73681
73681
73681
73681
73679
73679
73679
73678
73678
73678
73678
73677
73677
73677
73677
73676
73676
73676
73676
73675
73675
73675
73674
73674
73674
73674
73673
73672
73672
73671
73671
73671
73671
73670
73670
73670
73670
73669
73669
73669
73669
73668
73668
73668
73667
73667
73667
73667
73666
73666
73666
73666
73665
73665
73665
73665
73664
73664
73664
73664
73663
73663
73663
73663
73662
73662
73662
73662
73661
73661
73659
73659
73659
73658
73658
73658
73658
73657
73657
73657
73657
73656
73656
73656
73656
73655
73655
73655
73655
73654
73654
73654
73654
73653
73653
73653
73653
73652
73652
73652
73651
73651
73651
73651
73650
73650
73650
73650
73649
73649
73649
73649
73648
73648
73648
73648
73647
73647
73647
73647
73646
73646
73646
73646
73645
73645
73645
73642
73640
73637
73635
73634
73632
73632
73632
73632
73631
73631
73631
73631
73630
73630
73630
73630
73628
73628
73628
73627
73627
73627
73626
73626
73625
73624
73624
73624
73624
73623
73623
73623
73623
73622
73622
73622
73622
73621
73621
73620
73619
73618
73618
73617
73617
73617
73617
73616
73616
73616
73615
73615
73615
73615
73614
73614
73614
73614
73613
73613
73613
73613
73611
73611
73611
73610
73610
73610
73610
73609
73609
73609
73609
73608
73608
73608
73608
73607
73607
73607
73606
73606
73606
73606
73605
73604
73604
73603
73603
73603
73602
73602
73602
73602
73601
73601
73601
73601
73600
73600
73600
73599
73599
73599
73599
73598
73597
73596
73596
73596
73596
73595
73595
73595
73595
73594
73594
73594
73594
73593
73593
73593
73593
73592
73592
73591
73590
73590
73590
73589
73589
73589
73589
73588
73588
73588
73588
73587
73587
73587
73587
73586
73586
73586
73586
73585
73585
73585
73585
73584
73584
73584
73584
73583
73583
73583
73583
73582
73582
73582
73582
73581
73581
73581
73580
73580
73580
73580
73579
73579
73579
73579
73578
73578
73578
73578
73577
73577
73577
73577
73576
73576
73575
73575
73575
73575
73574
73574
73574
73574
73573
73572
73569
73568
73567
73565
73564
73564
73563
73563
73563
73563
73561
73561
73560
73560
73560
73559
73559
73559
73557
73557
73557
73557
73556
73556
73556
73556
73555
73555
73555
73555
73554
73554
73554
73552
73552
73551
73550
73550
73550
73549
73549
73549
73549
73548
73548
73548
73548
73547
73547
73547
73547
73546
73546
73546
73546
73545
73544
73544
73543
73543
73543
73543
73542
73541
73541
73540
73540
73540
73539
73539
73539
73539
73538
73538
73538
73538
73537
73537
73537
73535
73535
73535
73535
73534
73534
73534
73534
73533
73533
73533
73533
73532
73532
73532
73532
73531
73531
73531
73530
73530
73529
73528
73527
73527
73526
73526
73526
73525
73525
73525
73525
73524
73524
73524
73524
73523
73522
73522
73521
73521
73521
73520
73520
73520
73520
73519
73519
73519
73519
73518
73518
73518
73518
73517
73517
73517
73517
73516
73516
73516
73516
73515
73515
73515
73515
73514
73514
73514
73514
73513
73513
73513
73513
73512
73512
73512
73512
73511
73511
73511
73511
73510
73510
73510
73509
73509
73509
73509
73508
73508
73508
73508
73507
73507
73507
73507
73506
73506
73506
73506
73505
73505
73505
73505
73504
73504
73504
73504
73503
73503
73503
73501
73500
73497
73495
73494
73492
73491
73491
73491
73491
73490
73490
73490
73488
73488
73488
73487
73487
73487
73487
73486
73486
73486
73486
73485
73485
73485
73485
73483
73483
73481
73481
73481
73480
73480
73480
73479
73479
73479
73479
73478
73478
73478
73478
73477
73477
73477
73477
73476
73476
73476
73474
73474
73474
73474
73473
73473
73473
73472
73472
73472
73472
73471
73471
73471
73471
73470
73470
73470
73470
73469
73469
73469
73469
73467
73467
73466
73466
73466
73466
73465
73465
73465
73464
73464
73464
73464
73463
73463
73463
73463
73462
73462
73462
73462
73460
73460
73458
73458
73458
73458
73457
73457
73457
73456
73456
73456
73456
73454
73454
73454
73453
73453
73453
73453
73452
73452
73452
73452
73451
73451
73451
73451
73450
73450
73450
73450
73449
73448
73447
73447
73433
73433
73432
73430
73429
73429
73429
73428
73428
73427
73427
73426
73426
73425
73425
73425
73424
73424
73424
73423
73423
73423
73422
73422
73421
73395
73395
73394
73394
73393
73393
73392
73392
73392
73391
73391
73391
73390
73390
73390
73389
73389
73389
73388
73388
73388
73387
73387
73387
73386
73386
73386
73385
73385
73385
73384
73384
73384
73383
73383
73383
73379
73377
73375
73373
73371
73368
73368
73366
73366
73366
73365
73365
73365
73365
73364
73364
73364
73364
73363
73363
73363
73363
73361
73361
73359
73359
73359
73358
73358
73358
73358
73357
73357
73357
73357
73356
73356
73356
73355
73355
73355
73355
73354
73354
73354
73353
73352
73352
73352
73351
73351
73351
73351
73350
73350
73350
73350
73349
73349
73349
73349
73348
73348
73348
73347
73347
73347
73347
73345
73345
73344
73344
73344
73344
73343
73343
73343
73343
73342
73342
73342
73342
73341
73341
73341
73341
73340
73340
73340
73338
73338
73337
73336
73336
73336
73335
73335
73335
73335
73333
73333
73333
73332
73332
73332
73332
73331
73331
73331
73331
73330
73330
73330
73330
73329
73329
73329
73329
73328
73328
73328
73328
73327
73327
73327
73326
73326
73326
73326
73325
73325
73325
73325
73324
73324
73324
73324
73323
73323
73323
73323
73322
73322
73322
73322
73321
73321
73321
73321
73320
73320
73320
73319
73319
73319
73319
73318
73318
73318
73318
73317
73317
73317
73317
73316
73316
73316
73316
73315
73315
73315
73315
73314
73314
73314
73314
73313
73313
73313
73313
73312
73312
73312
73312
73311
73311
73311
73311
73310
73310
73310
73309
73307
73303
73301
73300
73298
73297
73296
73296
73296
73295
73295
73295
73295
73294
73294
73294
73292
73292
73290
73290
73290
73290
73289
73289
73289
73289
73288
73288
73288
73288
73287
73287
73287
73287
73286
73286
73286
73286
73285
73284
73283
73283
73283
73283
73282
73282
73282
73282
73281
73281
73281
73281
73280
73280
73280
73280
73279
73279
73279
73278
73278
73278
73276
73276
73276
73276
73275
73275
73275
73275
73274
73274
73274
73274
73273
73273
73273
73273
73272
73272
73272
73272
73271
73270
73269
73268
73268
73268
73267
73267
73265
73265
73265
73265
73264
73264
73264
73263
73263
73263
73261
73261
73261
73261
73260
73260
73260
73260
73259
73259
73259
73259
73233
73232
73232
73232
73232
73231
73231
73231
73230
73230
73230
73230
73229
73229
73228
73228
73228
73227
73227
73227
73227
73226
73226
73226
73226
73225
73225
73225
73225
73224
73224
73224
73224
73223
73223
73223
73222
73222
73222
73222
73221
73221
73221
73221
73220
73220
73220
73220
73219
73219
73218
73218
73218
73217
73217
73217
73217
73216
73216
73216
73216
73215
73215
73215
73214
73214
73214
73214
73213
73213
73213
73213
73212
73212
73212
73212
73211
73211
73211
73211
73209
73207
73206
73204
73202
73201
73200
73200
73200
73199
73198
73197
73196
73196
73195
73195
73195
73195
73194
73194
73194
73193
73193
73193
73193
73192
73192
73192
73192
73191
73191
73191
73191
73189
73189
73189
73188
73188
73188
73188
73187
73187
73187
73187
73186
73186
73186
73186
73185
73185
73185
73185
73184
73184
73184
73184
73182
73182
73181
73181
73181
73181
73180
73180
73178
73178
73178
73178
73177
73177
73177
73177
73176
73176
73176
73176
73175
73174
73173
73172
73172
73170
73170
73170
73170
73169
73169
73169
73168
73168
73168
73168
73167
73167
73166
73165
73165
73165
73165
73164
73164
73164
73162
73162
73162
73162
73161
73161
73161
73160
73160
73160
73160
73159
73159
73159
73159
73158
73158
73158
73158
73157
73157
73157
73157
73156
73156
73156
73156
73155
73155
73155
73155
73154
73154
73154
73154
73153
73153
73153
73153
73152
73152
73152
73152
73151
73151
73151
73151
73150
73150
73150
73150
73149
73149
73149
73148
73148
73148
73148
73147
73147
73147
73147
73146
73146
73146
73146
73145
73145
73145
73145
73144
73144
73144
73143
73143
73143
73143
73142
73142
73142
73142
73141
73141
73141
73141
73140
73140
73140
73139
73139
73137
73134
73132
73131
73129
73127
73125
73125
73125
73124
73124
73124
73124
73123
73123
73123
73123
73122
73122
73122
73122
73121
73121
73121
73121
73120
73120
73119
73118
73118
73118
73117
73117
73117
73117
73116
73116
73116
73116
73115
73115
73115
73115
73114
73114
73114
73114
73113
73113
73113
73111
73111
73111
73110
73110
73110
73110
73109
73109
73109
73109
73108
73108
73108
73107
73107
73107
73107
73106
73106
73106
73105
73103
73102
73101
73101
73101
73101
73100
73100
73099
73099
73099
73099
73098
73098
73098
73097
73096
73096
73095
73095
73095
73094
73094
73094
73092
73092
73092
73092
73091
73091
73091
73091
73090
73090
73090
73090
73089
73089
73089
73089
73088
73088
73088
73088
73087
73087
73087
73087
73086
73086
73086
73086
73085
73085
73085
73085
73083
73082
73082
73082
73082
73081
73081
73081
73081
73080
73080
73080
73079
73079
73079
73079
73078
73078
73078
73078
73077
73077
73077
73077
73076
73076
73076
73076
73075
73075
73075
73075
73074
73074
73074
73073
73073
73073
73073
73072
73072
73072
73072
73071
73071
73071
73071
73070
73070
73070
73070
73069
73069
73069
73068
73068
73068
73068
73067
73067
73067
73067
73066
73066
73063
73062
73060
73059
73058
73056
73056
73055
73055
73055
73054
73054
73054
73054
73053
73053
73053
73053
73052
73052
73052
73050
73050
73050
73049
73049
73049
73048
73048
73048
73048
73047
73047
73047
73047
73046
73046
73046
73046
73045
73045
73045
73045
73044
73043
73042
73042
73042
73042
73041
73041
73041
73041
73040
73040
73040
73040
73039
73039
73039
73039
73038
73038
73036
73036
73034
73034
73032
73032
73032
73032
73031
73031
73031
73030
73030
73030
73030
73029
73029
73029
73029
73027
73027
73026
73026
73026
73026
73025
73025
73024
73023
73023
73023
73022
73022
73022
73021
73021
73021
73021
73020
73020
73020
73020
73018
73018
73018
73017
73017
73017
73017
73016
73016
73016
73015
73015
73015
73015
73015
73014
73014
73014
73013
73013
73013
73013
73012
73012
73012
73012
73011
73011
73011
73010
73010
73010
73010
73009
73009
73009
73009
73008
73008
73008
73008
73007
73007
73007
73006
73006
73006
73006
73005
73005
73005
73004
73004
73004
73004
73003
73003
73003
73002
73002
73002
73002
73001
73001
73001
73001
73000
73000
73000
72999
72999
72999
72999
72998
72998
72998
72998
72997
72997
72997
72997
72996
72996
72996
72996
72995
72994
72990
72989
72987
72986
72984
72983
72983
72982
72982
72982
72982
72981
72981
72981
72980
72979
72979
72978
72978
72978
72978
72977
72977
72977
72977
72976
72976
72976
72976
72975
72975
72975
72975
72974
72974
72974
72974
72973
72972
72971
72971
72971
72971
72970
72970
72970
72970
72969
72969
72969
72969
72968
72968
72968
72966
72966
72966
72966
72965
72964
72964
72962
72962
72962
72961
72961
72961
72961
72960
72960
72960
72960
72959
72959
72959
72959
72957
72957
72956
72956
72956
72956
72955
72955
72954
72953
72953
72953
72952
72952
72952
72952
72951
72951
72951
72951
72950
72950
72950
72948
72948
72948
72948
72947
72947
72947
72946
72946
72946
72946
72945
72945
72945
72945
72944
72944
72944
72944
72943
72943
72943
72943
72942
72942
72942
72942
72941
72941
72941
72940
72940
72940
72940
72939
72939
72939
72939
72938
72938
72938
72938
72937
72937
72937
72937
72936
72936
72936
72936
72935
72935
72935
72934
72934
72934
72934
72933
72933
72933
72933
72932
72932
72932
72932
72931
72931
72931
72931
72930
72930
72930
72929
72929
72929
72929
72928
72928
72928
72928
72927
72927
72927
72925
72925
72925
72925
72924
72924
72924
72924
72923
72923
72921
72920
72919
72917
72916
72914
72914
72914
72913
72912
72912
72911
72911
72911
72910
72910
72910
72910
72909
72909
72909
72909
72908
72908
72908
72908
72907
72907
72907
72907
72906
72906
72904
72904
72904
72904
72903
72903
72903
72903
72902
72902
72902
72902
72901
72900
72899
72899
72899
72899
72898
72898
72898
72896
72896
72895
72894
72894
72894
72893
72893
72893
72893
72892
72891
72891
72890
72890
72890
72890
72888
72888
72888
72887
72887
72887
72887
72886
72885
72885
72884
72884
72884
72883
72883
72883
72883
72882
72882
72882
72882
72881
72881
72880
72879
72879
72879
72879
72878
72878
72878
72878
72877
72877
72877
72877
72876
72876
72876
72876
72875
72875
72875
72875
72874
72874
72874
72874
72873
72873
72873
72872
72872
72872
72872
72871
72871
72871
72871
72870
72870
72870
72870
72869
72869
72869
72869
72868
72868
72868
72867
72867
72867
72867
72866
72866
72866
72866
72865
72865
72865
72865
72864
72864
72864
72864
72863
72863
72863
72863
72862
72862
72862
72862
72861
72861
72861
72860
72860
72860
72860
72859
72859
72857
72856
72856
72856
72856
72855
72855
72855
72855
72854
72854
72854
72853
72853
72853
72853
72852
72852
72851
72849
72848
72808
72806
72804
72802
72802
72801
72801
72801
72800
72800
72800
72799
72799
72799
72799
72798
72798
72798
72798
72797
72797
72797
72797
72796
72795
72795
72794
72794
72794
72794
72793
72793
72793
72792
72791
72791
72790
72790
72790
72790
72789
72789
72789
72789
72788
72787
72787
72785
72785
72785
72784
72784
72784
72783
72783
72783
72782
72782
72782
72782
72781
72781
72780
72779
72779
72779
72778
72778
72778
72778
72776
72776
72776
72776
72775
72775
72775
72774
72774
72774
72774
72773
72773
72773
72773
72771
72771
72771
72770
72770
72770
72770
72769
72769
72769
72769
72768
72768
72768
72768
72767
72767
72767
72766
72766
72766
72766
72765
72765
72765
72765
72764
72764
72764
72764
72763
72763
72763
72763
72762
72762
72762
72762
72761
72761
72761
72759
72759
72759
72759
72758
72758
72758
72757
72757
72757
72757
72756
72756
72756
72756
72755
72755
72755
72755
72754
72754
72754
72754
72753
72753
72753
72752
72752
72752
72752
72751
72751
72751
72751
72750
72750
72749
72748
72748
72748
72747
72747
72747
72747
72746
72746
72746
72745
72745
72745
72745
72744
72744
72744
72743
72743
72743
72743
72742
72742
72742
72742
72741
72741
72739
72738
72736
72735
72733
72732
72731
72731
72731
72731
72730
72730
72730
72730
72729
72729
72729
72728
72728
72728
72727
72726
72726
72726
72725
72725
72725
72723
72723
72723
72722
72722
72722
72722
72721
72721
72721
72721
72720
72720
72720
72718
72718
72717
72716
72716
72716
72716
72715
72715
72715
72714
72714
72714
72713
72713
72713
72712
72710
72710
72710
72710
72709
72709
72709
72709
72707
72707
72707
72706
72706
72706
72706
72705
72705
72705
72704
72704
72704
72704
72703
72702
72702
72702
72701
72701
72701
72700
72700
72700
72700
72699
72699
72699
72698
72698
72698
72698
72697
72697
72697
72697
72696
72696
72695
72694
72694
72694
72694
72693
72693
72693
72692
72692
72692
72692
72691
72691
72691
72690
72690
72690
72690
72689
72689
72689
72689
72688
72688
72688
72688
72687
72687
72687
72687
72686
72686
72686
72686
72685
72685
72685
72684
72684
72684
72684
72683
72683
72683
72683
72682
72682
72682
72682
72681
72679
72678
72678
72678
72677
72677
72676
72676
72676
72675
72675
72675
72675
72674
72674
72674
72673
72673
72673
72673
72672
72672
72672
72671
72671
72671
72671
72670
72670
72670
72670
72669
72669
72669
72669
72668
72668
72665
72664
72661
72660
72658
72657
72656
72656
72656
72656
72655
72655
72655
72654
72653
72653
72652
72652
72651
72650
72650
72650
72650
72649
72649
72649
72649
72648
72648
72648
72647
72647
72647
72647
72646
72645
72645
72643
72643
72643
72643
72642
72642
72642
72642
72641
72641
72641
72640
72640
72640
72640
72638
72638
72638
72637
72637
72637
72637
72636
72635
72635
72634
72634
72634
72633
72633
72633
72633
72632
72632
72632
72631
72631
72631
72629
72629
72629
72628
72628
72628
72628
72627
72627
72627
72627
72626
72626
72626
72626
72625
72625
72625
72625
72624
72624
72624
72624
72622
72622
72622
72621
72621
72621
72620
72620
72620
72620
72619
72619
72619
72619
72618
72618
72618
72618
72617
72617
72617
72617
72616
72616
72616
72616
72615
72615
72615
72615
72614
72614
72614
72614
72613
72613
72613
72613
72612
72612
72612
72611
72611
72611
72611
72610
72610
72610
72608
72608
72608
72607
72607
72607
72607
72606
72606
72606
72606
72605
72605
72605
72605
72604
72604
72604
72604
72603
72603
72603
72603
72602
72602
72602
72602
72601
72601
72601
72601
72600
72600
72600
72599
72599
72599
72599
72598
72598
72598
72597
72597
72597
72597
72596
72595
72593
72592
72590
72589
72587
72587
72587
72585
72584
72584
72584
72583
72583
72583
72582
72582
72582
72582
72581
72581
72581
72580
72580
72580
72580
72579
72579
72579
72577
72577
72576
72575
72575
72575
72574
72574
72574
72574
72573
72573
72573
72573
72572
72572
72572
72570
72570
72570
72570
72569
72569
72569
72569
72567
72567
72567
72566
72566
72566
72566
72565
72565
72565
72563
72563
72563
72562
72562
72561
72560
72560
72560
72560
72559
72559
72559
72559
72558
72558
72558
72558
72557
72557
72557
72557
72556
72556
72556
72556
72555
72555
72553
72552
72552
72552
72551
72551
72551
72551
72550
72550
72550
72550
72549
72549
72549
72549
72548
72548
72548
72548
72547
72547
72547
72547
72546
72546
72546
72546
72545
72545
72545
72545
72544
72544
72544
72543
72543
72543
72543
72542
72542
72542
72542
72541
72541
72540
72539
72539
72539
72538
72538
72538
72538
72537
72537
72537
72537
72536
72536
72536
72536
72535
72535
72535
72535
72534
72534
72534
72533
72533
72532
72532
72532
72532
72531
72531
72531
72531
72530
72530
72530
72530
72529
72529
72529
72529
72528
72528
72528
72528
72527
72527
72527
72527
72526
72526
72526
72526
72525
72525
72523
72522
72519
72518
72516
72514
72514
72514
72513
72513
72513
72513
72512
72512
72512
72511
72511
72511
72511
72510
72510
72510
72510
72508
72508
72506
72506
72506
72506
72505
72505
72505
72505
72504
72504
72504
72504
72503
72503
72503
72501
72501
72501
72500
72500
72500
72500
72499
72498
72498
72497
72497
72497
72497
72496
72496
72496
72496
72495
72495
72495
72495
72494
72493
72492
72492
72492
72492
72491
72491
72491
72491
72490
72490
72490
72489
72489
72489
72489
72488
72488
72488
72488
72487
72487
72487
72485
72485
72485
72485
72484
72484
72484
72484
72483
72483
72483
72483
72482
72482
72482
72482
72481
72481
72481
72481
72480
72479
72478
72478
72478
72478
72477
72477
72477
72477
72476
72476
72476
72476
72475
72475
72475
72475
72474
72474
72474
72473
72471
72470
72470
72470
72470
72469
72469
72469
72469
72468
72468
72468
72467
72467
72467
72467
72466
72466
72466
72466
72465
72465
72465
72465
72464
72464
72464
72464
72463
72463
72463
72463
72462
72462
72462
72462
72461
72461
72461
72461
72460
72460
72459
72459
72459
72459
72458
72458
72458
72457
72457
72457
72457
72456
72456
72456
72456
72455
72455
72455
72455
72454
72454
72454
72452
72451
72449
72448
72446
72445
72444
72444
72444
72443
72443
72443
72443
72442
72442
72442
72442
72440
72440
72438
72438
72438
72437
72437
72437
72437
72436
72436
72436
72436
72435
72435
72435
72435
72433
72433
72432
72432
72432
72432
72431
72431
72430
72429
72429
72429
72428
72428
72428
72428
72427
72427
72427
72427
72426
72426
72426
72424
72424
72424
72424
72423
72423
72423
72423
72422
72422
72422
72422
72421
72421
72421
72421
72420
72420
72420
72420
72419
72419
72419
72417
72417
72417
72416
72416
72416
72416
72415
72415
72415
72415
72414
72414
72413
72413
72413
72413
72412
72412
72412
72412
72410
72410
72408
72407
72407
72407
72406
72406
72406
72406
72405
72405
72405
72405
72404
72404
72404
72404
72402
72402
72402
72401
72401
72401
72400
72400
72400
72400
72399
72399
72399
72399
72398
72398
72398
72398
72397
72397
72397
72397
72396
72396
72396
72396
72395
72395
72395
72395
72394
72394
72394
72393
72393
72393
72393
72392
72392
72392
72392
72391
72391
72391
72391
72390
72390
72390
72390
72389
72389
72389
72389
72388
72388
72388
72388
72387
72387
72387
72387
72386
72386
72386
72386
72385
72385
72385
72385
72384
72384
72384
72383
72381
72379
72378
72376
72375
72373
72372
72372
72372
72372
72371
72370
72369
72368
72368
72367
72367
72367
72367
72366
72366
72366
72365
72365
72365
72365
72364
72364
72362
72362
72362
72362
72361
72361
72361
72361
72359
72359
72359
72358
72358
72358
72357
72357
72357
72356
72356
72356
72356
72355
72355
72354
72353
72353
72353
72352
72352
72352
72352
72351
72351
72351
72351
72350
72350
72350
72350
72349
72349
72349
72349
72348
72348
72348
72346
72346
72346
72345
72345
72345
72345
72344
72344
72344
72344
72343
72343
72343
72343
72342
72342
72342
72342
72341
72341
72339
72339
72338
72337
72337
72337
72336
72336
72336
72335
72335
72335
72335
72334
72334
72332
72332
72332
72332
72331
72331
72331
72331
72330
72330
72330
72330
72329
72329
72329
72328
72328
72328
72328
72327
72327
72327
72327
72326
72326
72326
72326
72325
72325
72325
72325
72324
72324
72324
72324
72323
72323
72323
72323
72322
72322
72322
72322
72321
72321
72321
72320
72320
72320
72319
72319
72319
72319
72318
72318
72318
72318
72317
72317
72317
72317
72316
72316
72316
72316
72315
72315
72315
72315
72314
72314
72314
72314
72313
72313
72313
72313
72312
72312
72312
72311
72311
72310
72308
72306
72305
72303
72301
72301
72299
72299
72299
72298
72298
72298
72298
72297
72297
72297
72297
72296
72296
72296
72296
72294
72294
72294
72293
72293
72293
72293
72292
72291
72290
72290
72290
72290
72289
72289
72289
72289
72288
72288
72288
72288
72287
72287
72286
72285
72285
72285
72284
72284
72284
72284
72283
72283
72283
72283
72282
72282
72282
72282
72281
72281
72281
72279
72279
72279
72278
72277
72277
72276
72276
72276
72276
72275
72275
72275
72274
72274
72274
72273
72273
72273
72273
72272
72272
72272
72272
72271
72269
72268
72267
72267
72267
72266
72266
72266
72266
72265
72265
72265
72263
72263
72263
72262
72262
72262
72261
72261
72261
72261
72260
72260
72260
72259
72259
72259
72259
72258
72258
72258
72258
72257
72257
72257
72257
72256
72256
72256
72256
72255
72255
72255
72255
72254
72254
72254
72254
72253
72253
72253
72252
72252
72252
72252
72251
72251
72251
72251
72250
72250
72250
72250
72249
72249
72249
72249
72248
72248
72248
72248
72247
72247
72247
72247
72246
72246
72246
72246
72245
72245
72245
72245
72244
72244
72244
72243
72243
72243
72243
72242
72242
72242
72242
72241
72241
72241
72241
72240
72240
72240
72240
72238
72236
72234
72233
72231
72229
72229
72229
72229
72228
72228
72228
72228
72227
72227
72227
72225
72225
72225
72225
72224
72224
72224
72223
72222
72222
72222
72221
72221
72221
72220
72220
72220
72220
72219
72219
72219
72219
72218
72217
72217
72216
72216
72216
72216
72215
72215
72215
72215
72214
72214
72214
72213
72213
72213
72213
72212
72212
72212
72212
72211
72211
72210
72209
72209
72209
72209
72208
72208
72208
72208
72207
72207
72207
72206
72206
72206
72206
72205
72205
72205
72205
72204
72203
72202
72201
72200
72200
72200
72200
72199
72199
72198
72197
72197
72197
72197
72196
72196
72196
72196
72195
72195
72195
72195
72194
72193
72193
72192
72192
72192
72192
72191
72191
72191
72190
72190
72190
72190
72189
72189
72189
72189
72188
72188
72188
72188
72187
72186
72186
72185
72185
72185
72184
72184
72184
72184
72183
72183
72183
72182
72182
72182
72181
72181
72181
72181
72180
72180
72180
72180
72179
72179
72179
72179
72178
72178
72178
72178
72177
72177
72177
72177
72176
72176
72176
72176
72175
72175
72175
72174
72174
72174
72174
72173
72173
72173
72173
72172
72172
72172
72172
72171
72171
72171
72171
72170
72170
72170
72170
72169
72169
72167
72165
72164
72162
72161
72159
72159
72158
72158
72158
72156
72156
72156
72156
72155
72155
72154
72154
72153
72152
72152
72152
72152
72151
72151
72151
72151
72150
72150
72150
72149
72149
72149
72147
72147
72147
72147
72146
72146
72146
72146
72145
72145
72145
72145
72144
72144
72144
72144
72143
72143
72143
72143
72142
72142
72142
72140
72140
72139
72139
72139
72139
72138
72138
72138
72137
72137
72137
72137
72136
72136
72136
72135
72135
72135
72135
72134
72133
72132
72131
72130
72130
72130
72128
72127
72127
72127
72127
72126
72126
72126
72125
72125
72125
72125
72124
72124
72124
72124
72123
72122
72121
72120
72120
72119
72119
72119
72119
72118
72118
72118
72118
72117
72117
72117
72117
72116
72116
72116
72116
72115
72115
72115
72115
72114
72114
72114
72114
72113
72113
72113
72113
72112
72112
72112
72111
72111
72111
72111
72110
72110
72110
72110
72109
72109
72109
72109
72108
72108
72108
72108
72107
72107
72107
72107
72106
72106
72106
72106
72105
72105
72105
72105
72104
72104
72104
72104
72103
72103
72103
72103
72102
72102
72102
72102
72101
72101
72101
72101
72100
72100
72100
72099
72099
72099
72099
72098
72098
72098
72098
72097
72097
72094
72093
72091
72089
72087
72085
72085
72085
72084
72084
72084
72084
72082
72082
72081
72081
72081
72080
72080
72080
72080
72079
72079
72079
72079
72078
72078
72077
72076
72076
72076
72076
72075
72075
72075
72075
72074
72074
72074
72074
72073
72073
72073
72072
72072
72072
72072
72071
72071
72071
72069
72069
72069
72068
72068
72068
72068
72067
72067
72067
72067
72066
72066
72066
72066
72065
72065
72065
72064
72064
72064
72063
72062
72061
72059
72059
72059
72059
72058
72058
72058
72057
72057
72057
72057
72056
72056
72056
72056
72055
72055
72055
72055
72054
72053
72053
72051
72051
72051
72050
72050
72050
72050
72049
72049
72049
72049
72048
72048
72048
72048
72047
72047
72047
72046
72046
72046
72046
72045
72045
72045
72045
72044
72044
72044
72044
72043
72043
72043
72043
72042
72042
72042
72042
72041
72041
72041
72041
72040
72040
72040
72039
72039
72039
72039
72038
72038
72038
72038
72037
72037
72037
72037
72036
72036
72036
72036
72035
72035
72035
72035
72034
72034
72034
72034
72033
72033
72033
72033
72032
72032
72032
72032
72031
72031
72031
72030
72030
72030
72030
72029
72029
72029
72029
72028
72028
72028
72028
72027
72027
72027
72027
72025
72024
72022
72020
72017
72016
72014
72014
72014
72014
72013
72013
72013
72013
72012
72012
72012
72012
72011
72011
72011
72009
72009
72009
72008
72008
72008
72008
72007
72007
72007
72007
72006
72006
72006
72006
72005
72005
72005
72004
72004
72004
72004
72003
72002
72002
72001
72001
72001
72001
72000
72000
72000
72000
71999
71999
71999
71998
71998
71998
71998
71997
71997
71997
71995
71992
71992
71990
71990
71990
71989
71989
71989
71988
71988
71988
71988
71987
71987
71987
71987
71986
71986
71986
71986
71985
71985
71985
71983
71983
71982
71981
71981
71981
71981
71980
71980
71980
71980
71979
71979
71979
71978
71978
71978
71978
71977
71977
71977
71977
71976
71976
71976
71976
71975
71975
71975
71975
71974
71974
71974
71974
71973
71973
71973
71973
71972
71972
71972
71972
71971
71971
71971
71971
71970
71970
71970
71969
71969
71969
71969
71968
71968
71968
71968
71967
71967
71967
71967
71966
71966
71966
71966
71965
71965
71965
71964
71964
71964
71964
71963
71963
71963
71963
71962
71962
71962
71962
71961
71961
71961
71961
71960
71960
71960
71959
71959
71959
71959
71958
71958
71958
71958
71957
71957
71957
71957
71956
71956
71956
71956
71955
71953
71951
71949
71948
71946
71945
71944
71944
71944
71944
71943
71943
71943
71943
71942
71941
71941
71940
71940
71940
71940
71939
71939
71939
71939
71938
71938
71938
71938
71937
71937
71937
71936
71936
71936
71936
71935
71935
71934
71933
71933
71933
71933
71932
71932
71932
71931
71931
71931
71931
71930
71930
71930
71929
71929
71928
71923
71923
71922
71921
71920
71917
71917
71916
71915
71915
71915
71914
71914
71914
71913
71913
71912
71912
71912
71911
71911
71911
71910
71910
71910
71910
71908
71908
71906
71906
71906
71905
71905
71905
71904
71904
71904
71904
71903
71903
71903
71903
71902
71902
71902
71902
71901
71901
71901
71899
71899
71899
71899
71898
71898
71898
71897
71897
71897
71896
71896
71896
71896
71895
71895
71895
71895
71894
71894
71894
71894
71893
71892
71891
71891
71891
71891
71890
71890
71890
71890
71889
71889
71889
71889
71888
71888
71888
71888
71887
71887
71887
71887
71886
71886
71886
71885
71885
71885
71885
71884
71884
71884
71884
71883
71883
71883
71883
71882
71882
71882
71882
71881
71881
71881
71881
71880
71880
71880
71880
71879
71879
71879
71879
71878
71878
71878
71877
71876
71876
71875
71875
71875
71875
71874
71874
71872
71871
71869
71867
71865
71864
71863
71863
71863
71861
71861
71861
71861
71860
71860
71860
71859
71859
71859
71859
71858
71858
71858
71858
71857
71857
71857
71857
71856
71856
71856
71856
71854
71854
71853
71853
71853
71853
71852
71852
71852
71852
71851
71851
71851
71851
71850
71849
71849
71848
71848
71848
71723
71717
71716
71713
71712
71712
71712
71711
71711
71711
71710
71710
71710
71709
71709
71709
71709
71708
71708
71708
71708
71707
71707
71707
71705
71705
71703
71703
71703
71703
71702
71702
71702
71701
71701
71701
71700
71700
71700
71700
71699
71699
71699
71699
71698
71698
71698
71696
71696
71696
71695
71695
71695
71695
71694
71694
71694
71693
71693
71693
71693
71692
71692
71692
71692
71691
71691
71691
71691
71690
71690
71690
71689
71689
71689
71689
71688
71688
71688
71688
71687
71687
71687
71687
71686
71686
71686
71686
71685
71685
71685
71685
71684
71684
71684
71683
71683
71683
71682
71682
71682
71681
71681
71681
71681
71680
71680
71680
71680
71679
71679
71679
71679
71678
71678
71678
71678
71677
71677
71677
71677
71676
71676
71674
71674
71674
71674
71673
71673
71673
71673
71672
71672
71672
71672
71671
71671
71671
71671
71670
71667
71666
71664
71662
71660
71659
71658
71658
71658
71657
71657
71657
71656
71656
71656
71655
71655
71655
71655
71654
71654
71654
71654
71653
71653
71653
71651
71651
71651
71651
71650
71650
71650
71650
71649
71649
71649
71649
71647
71647
71646
71646
71646
71646
71645
71645
71645
71643
71643
71642
71641
71641
71641
71640
71640
71640
71640
71639
71639
71639
71639
71638
71638
71638
71638
71637
71637
71637
71637
71636
71635
71635
71633
71633
71633
71632
71632
71632
71631
71631
71631
71631
71630
71630
71630
71630
71629
71629
71629
71629
71628
71628
71628
71626
71626
71626
71625
71625
71625
71625
71624
71624
71624
71624
71623
71623
71623
71623
71622
71622
71622
71621
71621
71621
71621
71620
71620
71620
71620
71619
71619
71619
71619
71618
71618
71618
71618
71617
71617
71617
71616
71616
71616
71616
71615
71615
71615
71615
71614
71614
71614
71614
71613
71613
71613
71613
71612
71612
71612
71611
71611
71611
71611
71610
71610
71610
71609
71609
71609
71608
71608
71608
71608
71607
71607
71607
71605
71605
71605
71605
71604
71604
71604
71604
71603
71603
71603
71603
71602
71602
71602
71601
71601
71601
71600
71600
71600
71600
71599
71599
71599
71599
71597
71595
71593
71591
71590
71586
71586
71586
71585
71585
71585
71585
71584
71584
71584
71584
71583
71583
71583
71583
71581
71580
71580
71580
71580
71579
71579
71579
71579
71577
71577
71576
71576
71576
71576
71575
71575
71575
71575
71574
71574
71573
71572
71570
71569
71569
71569
71569
71568
71568
71568
71567
71567
71567
71567
71566
71566
71566
71566
71565
71565
71565
71564
71564
71561
71561
71559
71559
71559
71559
71558
71558
71558
71558
71557
71557
71557
71557
71556
71556
71556
71556
71555
71555
71555
71554
71554
71553
71552
71552
71552
71552
71551
71551
71551
71551
71550
71550
71550
71550
71549
71549
71549
71549
71548
71548
71548
71547
71547
71547
71547
71546
71546
71546
71546
71545
71545
71545
71545
71544
71544
71544
71543
71543
71543
71543
71542
71542
71542
71542
71541
71541
71541
71541
71540
71540
71540
71540
71539
71539
71539
71539
71538
71538
71538
71538
71537
71537
71537
71536
71536
71536
71536
71535
71535
71535
71535
71533
71533
71533
71532
71532
71532
71532
71531
71531
71531
71531
71530
71530
71530
71529
71529
71529
71529
71528
71528
71528
71528
71527
71527
71527
71527
71526
71526
71526
71526
71525
71525
71525
71524
71524
71523
71521
71520
71518
71517
71515
71515
71515
71514
71514
71514
71514
71513
71513
71512
71511
71511
71511
71511
71510
71509
71508
71508
71508
71508
71507
71507
71507
71507
71506
71506
71506
71505
71505
71505
71503
71503
71502
71501
71501
71501
71501
71500
71500
71500
71499
71499
71499
71499
71498
71498
71498
71498
71497
71497
71497
71497
71496
71495
71494
71493
71493
71492
71492
71492
71492
71491
71491
71491
71491
71490
71490
71490
71490
71489
71489
71489
71489
71488
71488
71488
71486
71486
71486
71485
71485
71485
71485
71484
71484
71484
71484
71483
71483
71483
71483
71482
71482
71481
71480
71480
71480
71480
71479
71479
71479
71478
71478
71478
71478
71477
71477
71477
71477
71476
71476
71476
71476
71475
71475
71475
71475
71474
71474
71474
71474
71473
71473
71471
71471
71471
71471
71470
71470
71470
71470
71469
71469
71469
71469
71468
71468
71468
71467
71467
71467
71467
71466
71465
71465
71464
71464
71464
71464
71463
71463
71463
71463
71462
71462
71462
71462
71461
71461
71461
71461
71460
71460
71460
71459
71459
71459
71459
71458
71458
71458
71458
71457
71457
71457
71457
71456
71456
71456
71456
71455
71455
71455
71455
71454
71454
71454
71452
71451
71449
71448
71446
71445
71444
71444
71443
71442
71442
71441
71441
71440
71440
71440
71439
71439
71439
71439
71438
71438
71438
71438
71437
71437
71437
71437
71436
71435
71435
71432
71432
71432
71431
71431
71431
71430
71430
71430
71430
71429
71429
71429
71429
71428
71428
71428
71428
71427
71427
71427
71425
71424
71423
71423
71422
71422
71422
71422
71421
71421
71421
71421
71420
71420
71420
71419
71419
71419
71418
71418
71418
71418
71417
71416
71416
71415
71415
71415
71414
71414
71414
71414
71413
71413
71413
71413
71412
71412
71412
71412
71410
71410
71409
71409
71409
71409
71408
71408
71408
71408
71407
71407
71407
71406
71406
71406
71406
71405
71405
71405
71405
71404
71404
71404
71404
71403
71403
71403
71403
71402
71402
71402
71402
71401
71401
71401
71400
71400
71400
71400
71399
71399
71399
71398
71398
71398
71398
71396
71396
71396
71395
71395
71395
71394
71394
71394
71394
71393
71393
71393
71393
71392
71392
71392
71392
71391
71391
71391
71391
71390
71390
71390
71390
71389
71389
71389
71388
71388
71388
71388
71387
71387
71387
71387
71386
71386
71386
71386
71385
71385
71385
71385
71384
71384
71384
71383
71383
71383
71383
71382
71379
71377
71375
71373
71372
71370
71370
71370
71369
71369
71369
71369
71368
71368
71368
71367
71367
71367
71367
71366
71366
71366
71365
71364
71364
71362
71362
71362
71361
71361
71361
71361
71360
71360
71360
71360
71359
71359
71359
71359
71358
71358
71358
71357
71357
71357
71355
71355
71354
71353
71353
71353
71352
71352
71352
71352
71351
71351
71351
71351
71350
71350
71350
71350
71349
71349
71349
71349
71348
71347
71346
71346
71346
71346
71345
71345
71345
71344
71344
71344
71344
71343
71343
71343
71343
71342
71341
71341
71340
71340
71340
71340
71339
71339
71339
71338
71338
71338
71338
71337
71337
71337
71336
71336
71336
71336
71335
71334
71333
71333
71333
71333
71332
71332
71332
71332
71331
71331
71331
71331
71330
71330
71330
71330
71329
71329
71329
71329
71328
71328
71326
71326
71326
71326
71325
71325
71325
71325
71324
71324
71324
71324
71323
71323
71323
71322
71322
71322
71322
71321
71321
71321
71321
71320
71320
71317
71317
71316
71316
71316
71316
71315
71315
71315
71315
71314
71314
71314
71314
71313
71313
71313
71313
71312
71312
71312
71312
71311
71311
71311
71311
71310
71310
71310
71310
71309
71309
71309
71308
71308
71308
71308
71306
71305
71303
71302
71300
71299
71298
71298
71298
71297
71297
71297
71297
71296
71296
71296
71296
71294
71294
71292
71292
71292
71291
71291
71291
71290
71290
71290
71290
71289
71289
71289
71289
71288
71288
71288
71288
71287
71287
71287
71285
71285
71283
71282
71282
71282
71281
71281
71281
71280
71280
71280
71280
71279
71279
71279
71278
71278
71278
71278
71277
71277
71277
71275
71274
71274
71273
71273
71273
71272
71272
71272
71272
71271
71271
71271
71271
71270
71270
71270
71268
71268
71268
71268
71267
71267
71267
71267
71266
71266
71266
71266
71265
71265
71265
71265
71264
71264
71264
71263
71263
71262
71261
71260
71260
71259
71259
71259
71258
71258
71258
71258
71257
71257
71257
71257
71256
71256
71256
71256
71255
71254
71254
71253
71253
71253
71253
71252
71252
71252
71252
71251
71251
71251
71250
71250
71250
71250
71249
71249
71249
71249
71248
71248
71248
71248
71247
71247
71247
71247
71246
71246
71246
71246
71245
71245
71245
71245
71244
71244
71244
71244
71243
71243
71243
71242
71242
71242
71242
71241
71241
71241
71241
71240
71240
71240
71240
71239
71239
71239
71238
71238
71238
71238
71237
71237
71237
71237
71236
71236
71236
71236
71234
71231
71230
71228
71227
71225
71225
71225
71224
71224
71224
71222
71222
71221
71221
71220
71220
71220
71219
71219
71219
71219
71218
71218
71218
71218
71217
71217
71217
71217
71216
71216
71216
71216
71214
71214
71212
71212
71212
71212
71211
71211
71211
71210
71210
71210
71210
71209
71209
71209
71209
71208
71208
71208
71208
71207
71207
71205
71205
71205
71205
71204
71204
71204
71203
71203
71203
71203
71202
71202
71202
71202
71201
71201
71199
71199
71199
71199
71198
71198
71198
71198
71197
71197
71197
71197
71196
71196
71196
71196
71195
71195
71195
71194
71194
71178
71178
71176
71176
71176
71176
71175
71175
71175
71175
71174
71174
71174
71174
71173
71173
71173
71171
71171
71171
71170
71170
71170
71170
71169
71169
71169
71169
71168
71168
71168
71168
71167
71166
71166
71165
71165
71165
71164
71164
71164
71164
71163
71163
71163
71163
71162
71162
71162
71162
71161
71161
71161
71161
71160
71160
71160
71160
71159
71159
71159
71159
71158
71158
71158
71158
71157
71157
71157
71156
71156
71156
71156
71155
71155
71155
71154
71154
71154
71154
71153
71153
71153
71153
71152
71152
71152
71152
71151
71151
71151
71151
71150
71150
71150
71150
71149
71148
71146
71145
71143
71141
71139
71138
71134
71133
71133
71132
71131
71131
71131
71130
71130
71130
71129
71129
71129
71128
71128
71128
71127
71127
71126
71126
71125
71122
71121
71119
71119
71118
71118
71117
71117
71117
71116
71116
71116
71115
71115
71088
71088
71088
71087
71087
71087
71086
71086
71086
71083
71083
71083
71082
71082
71082
71081
71081
71081
71080
71080
71080
71079
71079
71079
71078
71078
71076
71076
71075
71075
71074
71074
71074
71073
71073
71072
71072
71072
71071
71071
71071
71070
71070
71070
71069
71069
71069
71067
71067
71066
71065
71065
71065
71064
71064
71064
71064
71063
71063
71063
71063
71061
71061
71060
71060
71060
71060
71059
71059
71059
71059
71058
71058
71058
71058
71057
71057
71057
71056
71056
71056
71055
71055
71055
71055
71054
71054
71054
71053
71053
71053
71052
71052
71052
71052
71051
71051
71051
71050
71050
71050
71050
71049
71049
71049
71049
71048
71048
71048
71048
71047
71047
71047
71047
71046
71046
71046
71045
71045
71045
71045
71044
71044
71044
71044
71043
71043
71043
71043
71042
71042
71042
71042
71041
71041
71041
71041
71040
71040
71040
71040
71039
71039
71039
71038
71038
71038
71038
71037
71037
71034
71032
71030
71027
71025
71024
71024
71023
71023
71023
71023
71022
71022
71021
71021
71021
71021
71020
71020
71020
71020
71019
71018
71017
71016
71016
71015
71015
71015
71014
71014
71014
71014
71013
71013
71013
71013
71012
71012
71012
71012
71011
71011
71011
71011
71009
71009
71009
71008
71008
71008
71008
71007
71007
71007
71006
71006
71006
71006
71005
71005
71005
71003
71003
71003
71003
71002
71002
71002
71001
71001
71001
71001
71000
71000
71000
71000
70999
70999
70999
70999
70998
70998
70997
70996
70995
70994
70994
70994
70994
70993
70993
70993
70993
70991
70991
70991
70990
70990
70990
70989
70989
70989
70989
70988
70988
70987
70986
70986
70986
70986
70985
70985
70985
70985
70984
70984
70984
70984
70983
70983
70983
70983
70982
70982
70982
70982
70981
70981
70981
70980
70980
70980
70980
70979
70979
70979
70979
70978
70978
70978
70978
70977
70977
70977
70976
70976
70976
70976
70975
70975
70975
70975
70974
70974
70974
70974
70973
70973
70973
70973
70972
70972
70972
70972
70971
70971
70971
70971
70970
70970
70970
70969
70969
70969
70969
70968
70968
70968
70968
70967
70967
70967
70967
70966
70966
70966
70965
70965
70965
70965
70964
70963
70960
70958
70957
70955
70954
70954
70953
70953
70953
70953
70952
70952
70952
70952
70951
70950
70949
70948
70947
70947
70947
70947
70946
70946
70946
70946
70945
70945
70945
70945
70944
70944
70944
70944
70943
70943
70943
70942
70940
70939
70939
70939
70939
70938
70938
70938
70937
70937
70937
70936
70936
70936
70936
70935
70935
70933
70933
70933
70933
70932
70932
70932
70932
70930
70930
70929
70929
70929
70929
70928
70928
70928
70928
70927
70927
70927
70925
70925
70924
70923
70923
70923
70922
70922
70921
70921
70920
70920
70920
70920
70919
70919
70919
70918
70918
70918
70918
70917
70917
70916
70915
70914
70914
70914
70913
70913
70913
70912
70912
70912
70911
70911
70911
70911
70910
70910
70910
70910
70909
70909
70909
70909
70908
70908
70908
70908
70907
70907
70907
70906
70906
70906
70906
70905
70905
70905
70904
70904
70904
70904
70903
70903
70903
70903
70902
70902
70902
70902
70901
70901
70901
70901
70900
70900
70900
70900
70899
70899
70899
70899
70898
70898
70898
70898
70897
70897
70897
70896
70896
70896
70896
70895
70895
70895
70895
70894
70894
70894
70894
70893
70893
70893
70893
70892
70892
70892
70891
70891
70891
70891
70890
70889
70887
70886
70884
70882
70880
70880
70880
70880
70879
70878
70878
70876
70876
70876
70875
70875
70875
70875
70874
70863
70862
70862
70862
70862
70861
70861
70861
70861
70860
70860
70860
70860
70858
70858
70857
70857
70857
70856
70856
70856
70856
70855
70855
70855
70855
70854
70854
70854
70854
70852
70852
70852
70851
70851
70851
70850
70850
70850
70850
70849
70849
70849
70849
70848
70848
70848
70848
70750
70749
70749
70747
70746
70745
70745
70744
70743
70743
70742
70742
70742
70741
70741
70741
70741
70740
70740
70740
70740
70739
70739
70739
70739
70738
70737
70736
70735
70735
70734
70734
70734
70734
70733
70733
70733
70733
70732
70732
70732
70732
70731
70731
70731
70730
70730
70730
70730
70729
70729
70729
70729
70728
70728
70728
70728
70727
70727
70727
70725
70725
70725
70725
70724
70724
70724
70724
70723
70723
70723
70723
70722
70722
70722
70721
70721
70721
70721
70720
70720
70720
70720
70719
70719
70719
70719
70718
70718
70718
70718
70717
70717
70717
70717
70716
70716
70716
70716
70715
70715
70715
70715
70714
70714
70714
70714
70713
70713
70713
70712
70712
70712
70712
70711
70711
70711
70711
70710
70710
70710
70710
70709
70709
70707
70706
70704
70703
70700
70699
70695
70695
70695
70695
70694
70694
70694
70693
70693
70693
70693
70692
70692
70692
70691
70691
70691
70691
70690
70690
70690
70688
70688
70688
70687
70687
70687
70687
70686
70686
70686
70686
70685
70685
70685
70684
70684
70684
70682
70682
70682
70681
70681
70681
70681
70680
70680
70680
70680
70679
70679
70679
70679
70678
70678
70678
70677
70677
70677
70675
70675
70672
70672
70672
70672
70671
70671
70671
70671
70670
70670
70670
70670
70669
70669
70669
70669
70668
70668
70668
70668
70667
70666
70665
70664
70663
70663
70663
70663
70662
70662
70662
70662
70661
70661
70661
70661
70660
70660
70660
70660
70659
70659
70659
70659
70658
70658
70658
70658
70657
70657
70657
70657
70656
70656
70656
70656
70655
70655
70655
70655
70654
70654
70654
70653
70653
70653
70653
70652
70652
70652
70652
70651
70651
70651
70651
70650
70650
70650
70650
70649
70649
70649
70649
70648
70648
70648
70648
70647
70647
70647
70647
70646
70646
70646
70646
70645
70645
70645
70645
70644
70644
70644
70644
70643
70643
70643
70643
70642
70642
70642
70641
70641
70641
70641
70640
70640
70640
70640
70639
70639
70639
70639
70638
70638
70638
70634
70632
70631
70630
70628
70627
70626
70626
70625
70625
70624
70622
70621
70621
70620
70620
70620
70619
70619
70619
70618
70616
70616
70616
70615
70615
70533
70532
70532
70532
70531
70531
70531
70531
70530
70530
70530
70530
70527
70527
70527
70526
70526
70526
70526
70525
70525
70525
70525
70524
70524
70524
70524
70523
70523
70523
70523
70522
70519
70518
70517
70516
70516
70516
70515
70515
70515
70514
70514
70514
70514
70513
70513
70513
70513
70512
70512
70512
70512
70511
70511
70511
70509
70509
70507
70507
70507
70507
70506
70506
70506
70505
70505
70505
70505
70504
70504
70504
70504
70503
70503
70503
70503
70502
70502
70501
70500
70500
70500
70500
70499
70499
70499
70499
70498
70498
70498
70498
70497
70497
70497
70497
70496
70496
70496
70496
70495
70495
70495
70494
70494
70494
70494
70493
70493
70493
70493
70492
70492
70492
70492
70491
70491
70491
70491
70490
70490
70490
70490
70489
70489
70489
70489
70488
70488
70488
70488
70487
70487
70487
70487
70486
70486
70486
70485
70485
70485
70485
70484
70484
70484
70484
70483
70483
70483
70483
70482
70482
70482
70482
70481
70481
70481
70481
70480
70480
70478
70478
70478
70478
70477
70477
70476
70474
70473
70471
70470
70468
70468
70468
70467
70467
70467
70467
70466
70466
70466
70463
70463
70463
70462
70462
70462
70461
70461
70461
70461
70460
70460
70460
70460
70459
70459
70459
70457
70457
70457
70457
70456
70456
70456
70456
70455
70455
70455
70455
70454
70454
70454
70453
70453
70452
70451
70451
70451
70449
70449
70448
70447
70447
70447
70447
70446
70446
70446
70446
70444
70444
70443
70443
70443
70443
70442
70442
70442
70442
70441
70441
70440
70439
70438
70438
70437
70437
70437
70436
70436
70436
70436
70435
70435
70435
70435
70434
70434
70434
70434
70433
70433
70433
70433
70431
70431
70431
70430
70430
70430
70430
70429
70429
70429
70428
70428
70428
70428
70427
70427
70427
70427
70426
70426
70426
70426
70425
70425
70425
70425
70424
70424
70424
70424
70423
70423
70423
70422
70422
70422
70422
70421
70421
70421
70421
70420
70420
70420
70420
70419
70419
70419
70419
70418
70418
70418
70418
70417
70417
70417
70417
70416
70416
70416
70416
70415
70415
70414
70414
70414
70413
70413
70413
70413
70412
70412
70412
70412
70411
70411
70411
70411
70409
70409
70408
70408
70408
70408
70407
70407
70407
70406
70406
70406
70406
70405
70405
70403
70402
70400
70399
70397
70396
70395
70395
70395
70394
70393
70393
70393
70392
70392
70392
70392
70391
70391
70391
70391
70390
70390
70390
70390
70389
70388
70387
70387
70387
70387
70386
70386
70386
70385
70385
70385
70385
70384
70384
70383
70382
70382
70382
70382
70381
70381
70380
70379
70378
70378
70377
70377
70377
70377
70376
70376
70375
70375
70375
70375
70374
70374
70374
70373
70373
70373
70373
70372
70372
70371
70370
70369
70369
70368
70368
70368
70367
70367
70367
70367
70366
70366
70366
70366
70365
70365
70365
70365
70364
70364
70364
70364
70362
70362
70362
70361
70361
70361
70361
70360
70360
70360
70360
70359
70359
70359
70359
70358
70358
70358
70358
70357
70357
70357
70357
70356
70356
70356
70356
70355
70354
70354
70353
70351
70350
70350
70349
70347
70347
70346
70346
70346
70345
70345
70345
70344
70344
70343
70343
70342
70342
70341
70341
70340
70340
70340
70339
70339
70338
70338
70337
70336
70336
70336
70335
70335
70335
70334
70334
70333
70333
70333
70332
70332
70332
70331
70331
70328
70328
70327
70327
70327
70326
70326
70326
70325
70325
70324
70324
70324
70323
70323
70323
70322
70322
70322
70321
70321
70321
70320
70320
70317
70315
70313
70309
70305
70303
70302
70302
70301
70300
70300
70299
70299
70299
70298
70298
70297
70297
70297
70297
70295
70295
70294
70294
70294
70294
70293
70293
70293
70293
70292
70291
70291
70290
70290
70290
70289
70289
70289
70288
70288
70287
70286
70285
70285
70284
70284
70284
70284
70283
70283
70283
70283
70282
70282
70282
70282
70281
70281
70281
70280
70280
70280
70280
70278
70278
70276
70276
70276
70275
70275
70275
70275
70274
70274
70274
70274
70273
70273
70273
70273
70272
70272
70272
70272
70271
70271
70270
70269
70269
70269
70268
70268
70268
70268
70267
70267
70267
70267
70266
70266
70266
70266
70265
70265
70265
70264
70264
70264
70264
70263
70263
70263
70263
70262
70262
70262
70262
70261
70261
70261
70261
70260
70260
70260
70260
70259
70259
70259
70259
70258
70258
70258
70257
70257
70257
70257
70256
70256
70256
70256
70255
70255
70255
70255
70254
70254
70254
70254
70253
70253
70253
70253
70252
70252
70252
70251
70251
70251
70249
70249
70249
70248
70248
70248
70248
70247
70247
70247
70247
70246
70246
70246
70246
70245
70245
70245
70245
70244
70244
70244
70243
70243
70243
70243
70242
70242
70242
70242
70241
70241
70241
70238
70236
70235
70233
70232
70231
70230
70230
70230
70229
70229
70229
70229
70228
70227
70227
70226
70226
70226
70226
70225
70225
70223
70223
70223
70223
70222
70222
70222
70222
70221
70221
70221
70221
70220
70219
70218
70217
70217
70216
70216
70216
70216
70215
70215
70215
70215
70214
70214
70214
70214
70213
70213
70213
70213
70212
70212
70212
70210
70210
70208
70208
70208
70207
70207
70207
70207
70206
70206
70206
70206
70205
70205
70205
70205
70204
70204
70204
70203
70203
70203
70201
70201
70201
70201
70200
70200
70200
70200
70199
70199
70199
70198
70198
70198
70198
70197
70197
70197
70197
70196
70196
70196
70196
70194
70194
70194
70193
70193
70193
70192
70192
70192
70192
70191
70191
70191
70191
70190
70190
70190
70190
70189
70189
70189
70189
70188
70188
70188
70187
70187
70187
70186
70186
70186
70186
70185
70185
70185
70185
70184
70184
70184
70184
70183
70183
70183
70183
70182
70182
70180
70180
70180
70180
70179
70179
70179
70179
70178
70178
70178
70177
70177
70177
70177
70176
70176
70176
70176
70175
70175
70175
70175
70174
70174
70174
70174
70173
70173
70173
70173
70172
70172
70172
70172
70171
70171
70171
70170
70170
70170
70170
70168
70167
70164
70162
70161
70158
70158
70158
70156
70156
70156
70155
70155
70153
70153
70153
70153
70152
70152
70152
70152
70151
70151
70151
70150
70150
70150
70150
70149
70148
70148
70146
70146
70145
70145
70145
70145
70144
70144
70144
70144
70143
70143
70143
70143
70142
70142
70142
70142
70141
70141
70141
70139
70139
70137
70137
70137
70136
70136
70136
70136
70135
70135
70135
70133
70133
70133
70132
70132
70132
70132
70131
70131
70131
70131
70129
70128
70128
70128
70128
70127
70127
70127
70127
70126
70126
70126
70126
70125
70125
70125
70125
70124
70124
70124
70124
70123
70123
70121
70121
70121
70121
70120
70120
70120
70120
70119
70119
70118
70118
70118
70118
70117
70117
70117
70117
70116
70116
70116
70116
70115
70115
70115
70114
70114
70114
70114
70113
70113
70113
70113
70112
70112
70112
70112
70111
70111
70111
70110
70110
70110
70108
70108
70108
70108
70107
70107
70107
70107
70106
70106
70106
70105
70105
70105
70105
70104
70104
70104
70104
70103
70103
70103
70103
70102
70102
70102
70102
70101
70101
70101
70101
70100
70100
70100
70099
70099
70099
70099
70098
70098
70098
70098
70097
70097
70097
70097
70096
70096
70096
70095
70095
70094
70092
70090
70088
70087
70085
70085
70085
70084
70084
70084
70084
70083
70083
70083
70083
70082
70082
70082
70082
70081
70081
70081
70079
70079
70078
70077
70077
70077
70076
70076
70076
70076
70075
70075
70075
70075
70074
70074
70074
70074
70073
70073
70073
70073
70072
70071
70070
70069
70069
70068
70068
70068
70068
70067
70067
70067
70066
70066
70066
70066
70065
70065
70065
70064
70064
70064
70064
70063
70062
70062
70061
70061
70061
70061
70060
70060
70060
70060
70059
70059
70059
70059
70058
70058
70058
70058
70057
70057
70057
70057
70056
70055
70055
70054
70054
70054
70054
70053
70053
70053
70053
70052
70052
70052
70052
70051
70050
70050
70049
70049
70049
70048
70048
70048
70047
70047
70047
70047
70046
70046
70046
70046
70045
70045
70045
70044
70044
70043
70043
70042
70042
70040
70040
70040
70040
70039
70039
70039
70039
70038
70038
70038
70038
70037
70037
70037
70037
70036
70036
70036
70036
70035
70035
70035
70035
70034
70034
70034
70033
70033
70033
70033
70032
70032
70032
70032
70031
70031
70031
70030
70030
70030
70030
70029
70029
70029
70028
70028
70028
70028
70027
70027
70027
70027
70026
70026
70026
70026
70025
70025
70025
70023
70021
70019
70017
70015
70013
70012
70012
70012
70012
70011
70011
70011
70010
70010
70010
70010
70008
70008
70007
70006
70006
70006
70006
70005
70005
70005
70005
70004
70004
70004
70004
70003
70003
70003
70002
70002
70001
70001
70001
69999
69999
69997
69997
69997
69997
69996
69996
69996
69996
69995
69995
69995
69994
69994
69994
69994
69993
69993
69993
69993
69992
69992
69991
69990
69990
69990
69990
69989
69989
69989
69989
69988
69988
69988
69987
69987
69987
69987
69986
69986
69986
69986
69985
69985
69985
69983
69983
69983
69983
69982
69982
69981
69981
69981
69981
69980
69980
69980
69980
69979
69978
69978
69977
69977
69977
69977
69976
69976
69976
69975
69975
69975
69975
69974
69974
69974
69974
69973
69973
69973
69973
69972
69971
69971
69970
69970
69970
69970
69969
69969
69969
69969
69968
69968
69968
69967
69967
69967
69967
69966
69966
69966
69966
69965
69965
69965
69965
69964
69964
69964
69964
69963
69963
69963
69963
69962
69962
69962
69962
69961
69961
69961
69961
69960
69960
69960
69960
69959
69959
69959
69958
69958
69958
69958
69957
69957
69957
69957
69956
69956
69956
69956
69955
69955
69955
69955
69954
69954
69954
69954
69953
69951
69949
69948
69946
69945
69943
69943
69943
69942
69942
69942
69940
69940
69939
69938
69938
69938
69938
69937
69937
69937
69937
69936
69936
69936
69935
69935
69935
69935
69934
69934
69934
69934
69933
69932
69932
69930
69930
69930
69929
69929
69929
69929
69928
69928
69928
69928
69927
69927
69927
69927
69926
69926
69926
69926
69925
69925
69924
69923
69923
69923
69923
69922
69922
69922
69922
69921
69921
69921
69920
69920
69920
69920
69919
69919
69919
69919
69918
69918
69918
69916
69916
69916
69916
69915
69915
69915
69914
69914
69914
69914
69913
69913
69913
69913
69911
69911
69909
69909
69909
69909
69908
69908
69908
69907
69907
69907
69907
69906
69906
69906
69906
69905
69905
69904
69903
69903
69903
69903
69902
69902
69902
69902
69901
69901
69901
69900
69900
69900
69900
69899
69899
69899
69899
69898
69898
69898
69898
69897
69897
69897
69897
69896
69896
69896
69896
69895
69895
69895
69895
69894
69894
69894
69894
69893
69893
69893
69893
69892
69892
69892
69892
69891
69891
69891
69890
69890
69890
69890
69889
69889
69889
69889
69888
69888
69888
69888
69887
69887
69887
69887
69886
69886
69886
69885
69885
69885
69884
69884
69884
69883
69883
69881
69879
69878
69876
69874
69871
69870
69869
69869
69868
69868
69868
69867
69867
69867
69867
69866
69866
69866
69866
69865
69865
69865
69865
69864
69864
69864
69864
69862
69862
69860
69860
69860
69859
69859
69859
69859
69858
69858
69858
69858
69857
69857
69857
69857
69856
69856
69856
69856
69855
69855
69853
69853
69853
69853
69852
69852
69852
69852
69851
69851
69851
69851
69850
69849
69849
69848
69848
69848
69848
69826
69826
69826
69825
69823
69823
69822
69822
69821
69821
69821
69820
69820
69820
69819
69819
69819
69818
69818
69816
69816
69814
69814
69813
69813
69813
69813
69812
69812
69812
69811
69811
69811
69810
69810
69808
69808
69807
69807
69806
69806
69806
69805
69805
69805
69804
69804
69804
69804
69803
69803
69803
69802
69802
69802
69801
69801
69801
69800
69800
69800
69799
69799
69799
69798
69798
69798
69797
69797
69797
69796
69796
69796
69795
69795
69795
69794
69794
69794
69793
69793
69793
69792
69792
69792
69791
69791
69791
69790
69790
69790
69789
69789
69789
69788
69788
69788
69787
69787
69787
69786
69786
69786
69786
69785
69785
69785
69784
69784
69784
69783
69783
69783
69782
69782
69782
69781
69781
69781
69780
69780
69780
69778
69774
69773
69771
69769
69767
69767
69767
69766
69766
69766
69765
69765
69765
69764
69764
69764
69763
69763
69763
69762
69762
69760
69760
69758
69758
69757
69757
69757
69756
69756
69756
69755
69755
69755
69754
69754
69754
69753
69753
69753
69752
69752
69752
69751
69750
69749
69749
69749
69748
69748
69748
69747
69747
69747
69746
69746
69746
69745
69745
69745
69744
69744
69744
69743
69743
69743
69742
69741
69740
69740
69740
69739
69739
69739
69738
69738
69738
69737
69737
69737
69736
69736
69734
69734
69732
69731
69731
69731
69731
69730
69730
69730
69729
69729
69729
69727
69726
69726
69726
69725
69725
69725
69725
69724
69724
69722
69722
69721
69721
69721
69720
69720
69720
69719
69719
69719
69718
69718
69718
69717
69717
69716
69716
69716
69715
69715
69715
69713
69713
69712
69712
69711
69711
69711
69711
69710
69710
69710
69709
69709
69708
69708
69707
69707
69707
69706
69706
69706
69705
69705
69705
69704
69704
69704
69703
69703
69703
69702
69672
69671
69671
69671
69671
69670
69670
69670
69670
69669
69669
69669
69668
69668
69668
69667
69667
69667
69667
69666
69666
69666
69666
69665
69665
69665
69665
69664
69664
69664
69664
69663
69663
69661
69660
69658
69656
69654
69652
69641
69641
69640
69640
69640
69640
69639
69639
69639
69638
69637
69636
69635
69635
69634
69634
69634
69634
69633
69633
69633
69632
69632
69632
69632
69631
69631
69631
69631
69630
69630
69630
69630
69628
69628
69628
69627
69627
69627
69627
69626
69626
69626
69626
69625
69625
69625
69624
69624
69624
69624
69623
69623
69623
69623
69622
69621
69621
69620
69620
69620
69619
69619
69619
69619
69618
69618
69618
69618
69617
69617
69616
69616
69614
69614
69614
69613
69613
69613
69613
69612
69611
69611
69610
69610
69610
69609
69609
69609
69609
69608
69608
69608
69608
69606
69606
69604
69604
69604
69604
69603
69603
69603
69602
69602
69602
69602
69601
69601
69601
69601
69600
69600
69600
69600
69599
69599
69599
69599
69598
69598
69598
69598
69597
69597
69597
69597
69596
69596
69596
69596
69595
69595
69595
69595
69594
69594
69594
69593
69593
69593
69592
69592
69592
69591
69591
69591
69591
69590
69590
69590
69590
69589
69589
69589
69589
69588
69588
69588
69588
69587
69587
69587
69587
69586
69586
69586
69586
69585
69585
69585
69584
69584
69584
69584
69583
69583
69583
69583
69582
69582
69582
69582
69581
69581
69581
69576
69574
69573
69572
69570
69569
69568
69568
69568
69568
69566
69566
69564
69564
69564
69564
69563
69563
69563
69562
69562
69562
69562
69561
69561
69561
69561
69560
69560
69560
69560
69559
69559
69558
69557
69557
69557
69557
69556
69556
69556
69556
69555
69555
69555
69555
69554
69554
69554
69553
69553
69553
69553
69552
69552
69552
69550
69550
69550
69549
69549
69549
69549
69548
69548
69548
69548
69547
69547
69547
69547
69545
69545
69543
69543
69543
69542
69542
69541
69540
69540
69540
69540
69539
69539
69539
69539
69538
69538
69538
69538
69537
69537
69537
69532
69531
69530
69529
69529
69528
69528
69528
69527
69527
69527
69526
69526
69526
69525
69525
69525
69524
69524
69523
69523
69522
69522
69522
69521
69521
69521
69520
69520
69276
69275
69275
69274
69274
69274
69273
69273
69273
69273
69272
69272
69272
69271
69271
69271
69271
69270
69270
69270
69270
69269
69269
69269
69269
69268
69268
69268
69268
69267
69267
69267
69267
69266
69266
69266
69266
69265
69265
69265
69265
69264
69264
69264
69264
69263
69263
69263
69262
69262
69262
69262
69261
69261
69261
69261
69260
69260
69260
69260
69259
69234
69233
69233
69233
69232
69232
69231
69231
69227
69225
69223
69219
69216
69215
69213
69213
69212
69212
69212
69212
69211
69211
69211
69211
69210
69210
69210
69209
69209
69209
69209
69208
69208
69208
69208
69206
69206
69206
69205
69205
69205
69204
69204
69204
69204
69203
69203
69203
69203
69202
69202
69202
69202
69201
69201
69201
69201
69200
69199
69198
69198
69198
69198
69197
69197
69197
69196
69196
69196
69196
69195
69195
69194
69192
69192
69190
69190
69188
69188
69188
69188
69187
69187
69187
69187
69186
69186
69186
69186
69185
69185
69185
69185
69184
69184
69184
69182
69182
69180
69180
69180
69179
69179
69179
69178
69178
69178
69178
69177
69177
69177
69177
69176
69176
69176
69176
69175
69175
69175
69175
69174
69174
69174
69174
69173
69173
69173
69173
69172
69172
69172
69171
69171
69171
69171
69170
69170
69170
69170
69169
69169
69169
69169
69168
69168
69168
69168
69167
69167
69167
69167
69166
69166
69166
69166
69165
69165
69165
69165
69164
69164
69164
69163
69163
69163
69163
69162
69162
69162
69162
69161
69161
69161
69161
69160
69160
69160
69160
69159
69159
69159
69159
69158
69158
69158
69157
69157
69157
69157
69156
69156
69156
69156
69155
69155
69155
69155
69154
69154
69154
69151
69150
69146
69144
69143
69142
69141
69141
69141
69141
69140
69140
69140
69140
69139
69139
69139
69139
69138
69138
69138
69136
69136
69136
69136
69135
69135
69135
69135
69134
69134
69134
69134
69133
69133
69133
69132
69132
69132
69132
69131
69131
69131
69131
69129
69129
69129
69128
69128
69128
69128
69127
69127
69127
69127
69126
69126
69126
69125
69124
69122
69121
69121
69120
69120
69120
69119
69119
69119
69119
69118
69118
69118
69118
69117
69117
69117
69117
69116
69116
69116
69116
69114
69114
69112
69112
69112
69112
69111
69111
69111
69110
69110
69110
69110
69109
69109
69109
69109
69108
69108
69108
69108
69107
69107
69106
69105
69105
69105
69105
69104
69104
69104
69103
69103
69103
69103
69102
69102
69102
69102
69101
69101
69101
69100
69100
69100
69100
69098
69098
69097
69097
69097
69097
69096
69096
69096
69096
69095
69095
69095
69095
69094
69094
69093
69093
69093
69092
69092
69092
69091
69091
69091
69091
69090
69090
69090
69090
69089
69089
69089
69089
69088
69088
69088
69088
69087
69087
69087
69087
69086
69086
69086
69085
69085
69085
69085
69084
69084
69084
69084
69083
69083
69083
69083
69082
69082
69082
69080
69080
69080
69080
69078
69076
69074
69073
69071
69070
69069
69069
69069
69069
69068
69068
69068
69068
69067
69066
69066
69065
69065
69065
69065
69064
69064
69064
69063
69063
69063
69063
69062
69062
69062
69062
69061
69061
69061
69061
69060
69060
69058
69058
69058
69058
69057
69057
69057
69057
69056
69056
69056
69056
69055
69054
69054
69052
69052
69051
69050
69050
69050
69050
69049
69049
69049
69049
69048
69048
69048
69048
69047
69047
69047
69046
69046
69046
69046
69045
69044
69044
69042
69042
69042
69041
69041
69041
69041
69040
69040
69040
69040
69039
69039
69039
69039
69038
69038
69038
69038
69037
69037
69035
69035
69035
69034
69034
69034
69034
69033
69033
69033
69033
69032
69032
69032
69032
69031
69031
69031
69030
69030
69030
69030
69029
69029
69029
69029
69028
69028
69028
69028
69027
69027
69027
69027
69026
69026
69026
69026
69025
69025
69025
69025
69024
69024
69024
69023
69023
69023
69022
69022
69022
69022
69021
69021
69021
69021
69020
69020
69020
69019
69019
69019
69019
69018
69018
69018
69018
69017
69017
69017
69017
69016
69016
69016
69016
69015
69015
69015
69015
69014
69013
69012
69012
69012
69012
69011
69011
69011
69010
69010
69010
69010
69009
69007
69005
69004
69002
69000
68999
68998
68998
68998
68996
68996
68996
68995
68995
68995
68995
68994
68994
68994
68994
68993
68993
68993
68992
68992
68992
68992
68991
68991
68991
68991
68990
68989
68988
68988
68988
68988
68987
68987
68987
68987
68986
68985
68985
68984
68984
68984
68982
68982
68980
68980
68980
68980
68979
68979
68979
68979
68978
68978
68978
68978
68977
68977
68977
68977
68976
68976
68976
68975
68975
68974
68974
68972
68972
68971
68971
68971
68971
68970
68970
68970
68970
68969
68969
68969
68969
68968
68968
68968
68968
68967
68967
68967
68965
68965
68965
68965
68964
68964
68964
68964
68963
68963
68963
68962
68962
68962
68962
68961
68961
68961
68961
68960
68960
68960
68960
68959
68959
68959
68959
68958
68958
68958
68958
68957
68957
68957
68957
68956
68956
68956
68956
68955
68955
68955
68955
68954
68954
68954
68953
68953
68953
68953
68952
68952
68952
68952
68951
68951
68951
68951
68950
68950
68950
68950
68949
68949
68949
68949
68948
68948
68948
68948
68947
68947
68947
68947
68946
68946
68946
68944
68944
68944
68943
68943
68943
68943
68942
68942
68942
68942
68941
68941
68941
68941
68940
68940
68940
68939
68939
68939
68939
68937
68935
68933
68931
68929
68928
68927
68927
68927
68927
68926
68926
68926
68926
68925
68925
68925
68925
68924
68924
68924
68924
68923
68923
68923
68922
68921
68921
68920
68920
68920
68920
68919
68918
68918
68917
68917
68917
68917
68916
68916
68915
68914
68913
68913
68912
68912
68912
68911
68911
68911
68911
68910
68910
68910
68910
68909
68909
68909
68909
68908
68908
68908
68908
68905
68904
68903
68903
68903
68902
68902
68902
68901
68901
68901
68901
68900
68900
68900
68899
68899
68899
68899
68898
68898
68898
68898
68896
68896
68895
68895
68895
68895
68894
68894
68894
68894
68893
68893
68893
68893
68892
68892
68892
68892
68891
68891
68891
68890
68890
68890
68890
68889
68889
68889
68889
68888
68888
68888
68888
68887
68887
68887
68887
68886
68886
68886
68886
68885
68885
68885
68885
68884
68884
68884
68883
68883
68883
68883
68882
68882
68882
68882
68881
68881
68881
68881
68880
68880
68880
68880
68879
68879
68879
68879
68878
68878
68878
68878
68877
68877
68875
68875
68875
68875
68874
68874
68874
68874
68873
68873
68873
68873
68872
68872
68872
68871
68871
68871
68871
68870
68870
68870
68870
68869
68869
68869
68869
68868
68868
68868
68868
68866
68865
68863
68862
68860
68858
68858
68858
68857
68857
68857
68857
68856
68856
68856
68856
68855
68855
68855
68855
68853
68853
68853
68852
68851
68851
68850
68850
68849
68849
68849
68848
68848
68848
68848
68793
68793
68791
68791
68790
68790
68790
68790
68789
68789
68789
68789
68788
68788
68788
68788
68787
68787
68787
68786
68786
68786
68786
68784
68784
68782
68782
68782
68782
68781
68781
68781
68781
68780
68780
68780
68780
68779
68779
68779
68778
68778
68778
68778
68777
68777
68776
68775
68775
68775
68774
68774
68774
68774
68773
68773
68773
68773
68772
68772
68772
68771
68771
68771
68770
68770
68770
68770
68769
68768
68768
68767
68767
68767
68767
68766
68766
68766
68766
68765
68765
68765
68765
68764
68764
68764
68763
68763
68763
68763
68762
68762
68762
68760
68760
68760
68760
68759
68759
68759
68758
68758
68758
68758
68757
68757
68757
68757
68756
68756
68756
68756
68755
68755
68755
68755
68754
68753
68753
68752
68752
68752
68752
68751
68751
68751
68750
68750
68750
68750
68749
68749
68749
68749
68748
68748
68748
68748
68747
68747
68747
68747
68746
68746
68746
68746
68745
68745
68745
68744
68744
68744
68744
68743
68743
68743
68743
68739
68738
68736
68735
68734
68732
68732
68732
68731
68731
68731
68731
68730
68730
68728
68727
68727
68727
68726
68726
68726
68726
68725
68725
68725
68724
68724
68724
68724
68722
68722
68720
68720
68720
68719
68719
68719
68719
68718
68718
68718
68718
68717
68717
68717
68717
68716
68716
68716
68716
68715
68715
68714
68713
68712
68712
68711
68711
68711
68711
68710
68710
68710
68710
68709
68709
68709
68709
68708
68708
68708
68707
68707
68707
68707
68705
68705
68705
68704
68704
68704
68704
68703
68703
68703
68703
68702
68702
68702
68701
68701
68701
68701
68700
68700
68700
68700
68699
68698
68698
68697
68697
68697
68697
68696
68696
68696
68696
68695
68695
68695
68695
68694
68694
68694
68693
68693
68693
68693
68692
68692
68692
68691
68691
68691
68691
68690
68690
68690
68690
68689
68689
68689
68689
68688
68688
68688
68687
68687
68687
68687
68686
68686
68684
68684
68684
68684
68683
68683
68683
68682
68682
68682
68682
68681
68681
68681
68681
68680
68680
68680
68680
68679
68679
68679
68678
68678
68678
68678
68677
68677
68677
68677
68676
68676
68676
68675
68675
68675
68674
68674
68674
68674
68673
68673
68673
68673
68672
68672
68672
68672
68671
68668
68667
68665
68664
68662
68661
68659
68659
68657
68657
68657
68657
68656
68656
68655
68655
68655
68655
68654
68654
68654
68654
68653
68652
68651
68650
68650
68649
68649
68649
68649
68648
68648
68648
68648
68647
68647
68647
68647
68646
68646
68646
68646
68645
68645
68645
68643
68643
68642
68641
68641
68641
68640
68640
68640
68640
68639
68639
68639
68639
68638
68638
68638
68637
68637
68637
68636
68636
68636
68634
68634
68633
68633
68633
68633
68632
68632
68632
68632
68631
68631
68631
68631
68630
68630
68630
68630
68629
68629
68629
68629
68628
68627
68627
68626
68626
68626
68625
68625
68625
68625
68624
68624
68624
68624
68623
68623
68623
68623
68622
68622
68622
68622
68621
68621
68621
68621
68620
68620
68620
68620
68619
68619
68619
68618
68618
68618
68618
68617
68617
68617
68616
68616
68616
68614
68614
68614
68614
68613
68613
68613
68613
68612
68612
68612
68612
68611
68611
68611
68611
68610
68610
68610
68609
68609
68609
68609
68608
68608
68608
68608
68607
68607
68607
68607
68606
68606
68606
68606
68605
68605
68605
68605
68604
68604
68604
68603
68603
68603
68603
68602
68602
68602
68602
68601
68601
68601
68601
68600
68600
68600
68600
68596
68594
68591
68590
68588
68587
68587
68586
68586
68586
68586
68585
68585
68585
68585
68584
68584
68583
68582
68581
68581
68580
68580
68580
68580
68579
68579
68579
68579
68578
68578
68578
68578
68577
68577
68577
68577
68576
68576
68576
68574
68574
68572
68572
68572
68572
68571
68571
68571
68571
68570
68570
68570
68569
68569
68569
68569
68568
68568
68568
68568
68567
68567
68566
68564
68564
68564
68563
68563
68563
68563
68562
68562
68562
68562
68561
68561
68561
68561
68560
68560
68560
68560
68559
68559
68559
68557
68557
68556
68556
68556
68556
68555
68555
68555
68555
68554
68554
68554
68554
68553
68553
68553
68553
68552
68552
68552
68550
68550
68549
68549
68549
68549
68548
68548
68548
68548
68547
68547
68547
68547
68546
68546
68546
68546
68544
68544
68544
68543
68543
68543
68543
68542
68542
68541
68541
68541
68541
68540
68540
68540
68540
68539
68539
68539
68539
68538
68538
68538
68538
68537
68537
68537
68537
68536
68536
68536
68535
68535
68535
68535
68534
68534
68534
68534
68533
68533
68533
68533
68532
68532
68532
68532
68531
68531
68531
68531
68530
68530
68530
68530
68529
68529
68529
68528
68528
68528
68528
68527
68527
68527
68527
68525
68524
68522
68521
68519
68518
68517
68517
68517
68517
68516
68515
68515
68513
68513
68512
68512
68512
68512
68511
68511
68511
68511
68510
68510
68510
68510
68509
68509
68509
68508
68508
68508
68508
68506
68506
68504
68504
68504
68504
68503
68503
68503
68503
68502
68502
68502
68501
68501
68501
68501
68500
68500
68500
68500
68499
68499
68498
68497
68497
68497
68497
68496
68496
68496
68496
68495
68495
68495
68495
68494
68494
68494
68494
68493
68493
68493
68492
68492
68492
68490
68490
68490
68489
68489
68489
68488
68488
68488
68487
68487
68487
68487
68486
68486
68486
68486
68485
68485
68485
68485
68483
68483
68481
68481
68481
68480
68480
68480
68480
68479
68479
68479
68479
68478
68478
68477
68476
68476
68476
68476
68475
68475
68475
68474
68474
68474
68474
68471
68471
68471
68470
68470
68470
68470
68469
68469
68469
68469
68468
68468
68468
68468
68467
68467
68467
68467
68466
68466
68466
68466
68465
68465
68465
68465
68464
68464
68464
68464
68463
68463
68463
68463
68462
68462
68462
68461
68461
68461
68461
68460
68460
68460
68460
68459
68459
68459
68459
68458
68458
68458
68458
68457
68457
68457
68457
68456
68456
68456
68456
68455
68455
68453
68451
68449
68448
68446
68444
68443
68442
68441
68441
68441
68441
68440
68440
68440
68439
68439
68439
68439
68438
68438
68438
68438
68437
68437
68437
68437
68436
68435
68435
68433
68433
68433
68432
68432
68432
68432
68431
68431
68431
68430
68430
68430
68430
68429
68429
68429
68429
68428
68428
68428
68426
68426
68426
68426
68425
68425
68425
68425
68424
68424
68424
68423
68423
68423
68423
68422
68422
68422
68421
68421
68421
68421
68420
68419
68419
68418
68418
68418
68418
68417
68417
68417
68417
68416
68416
68416
68416
68415
68415
68415
68414
68414
68414
68414
68412
68412
68411
68410
68410
68410
68410
68409
68409
68409
68408
68408
68407
68406
68406
68406
68405
68405
68405
68405
68404
68404
68404
68404
68403
68403
68403
68402
68402
68402
68402
68401
68401
68401
68401
68400
68400
68400
68400
68399
68399
68399
68399
68398
68398
68398
68398
68397
68397
68397
68397
68396
68396
68396
68395
68395
68395
68395
68394
68394
68394
68394
68393
68393
68393
68393
68392
68392
68392
68392
68391
68391
68391
68391
68390
68390
68390
68390
68389
68389
68389
68389
68388
68388
68388
68388
68387
68387
68387
68387
68386
68386
68386
68386
68385
68385
68385
68381
68379
68377
68376
68373
68372
68371
68371
68371
68371
68370
68370
68370
68370
68369
68369
68369
68369
68368
68368
68368
68368
68366
68366
68364
68364
68364
68364
68363
68363
68363
68362
