216171
172560
170202
120543
113232
64554
64552
64551
64550
64549
64548
64548
64539
64539
64538
64538
64537
64537
64536
64536
64535
64533
64533
64532
64532
64532
64531
64531
64530
64530
64530
64526
64526
64525
64525
64524
64521
64521
64521
64520
64520
64519
64519
64518
64518
64518
64517
64516
64515
64515
64515
64514
64512
64512
64511
64511
64511
64510
64510
64509
64509
64509
64500
64499
64498
64498
64498
64497
64497
64497
64496
64496
64496
64495
64495
64495
64495
64494
64494
64494
64493
64493
64493
64493
64492
64492
64492
64491
64491
64490
64490
64490
64490
64489
64489
64489
64488
64488
64488
64487
64487
64487
64485
64485
64485
64484
64484
64484
64483
64483
64483
64483
64482
64482
64482
64481
64481
64481
64481
64480
64480
64480
64479
64479
64479
64479
64478
64478
64478
64478
64477
64477
64477
64476
64476
64476
64476
64475
64475
64474
64474
64474
64473
64473
64473
64472
64472
64472
64471
64471
64471
64470
64470
64470
64470
64469
64469
64469
64468
64468
64468
64467
64467
64467
64465
64464
64464
64463
64463
64463
64462
64462
64462
64461
64461
64461
64460
64460
64460
64459
64459
64459
64458
64458
64458
64457
64457
64457
64456
64456
64456
64455
64453
64450
64449
64447
64445
64432
64432
64431
64431
64430
64430
64430
64429
64429
64429
64429
64428
64428
64428
64428
64426
64426
64425
64425
64425
64424
64424
64422
64421
64421
64421
64420
64420
64419
64419
64419
64418
64418
64418
64417
64417
64414
64413
64412
64411
64411
64410
64410
64409
64409
64409
64408
64408
64407
64407
64407
64406
64406
64404
64404
64404
64403
64403
64402
64400
64400
64398
64398
64397
64397
64396
64396
64395
64395
64395
64394
64394
64394
64393
64393
64393
64391
64391
64390
64390
64390
64389
64389
64389
64388
64388
64388
64387
64387
64387
64386
64386
64386
64385
64385
64385
64384
64384
64384
64382
64382
64381
64381
64381
64380
64380
64380
64379
64379
64379
64378
64378
64378
64356
64355
64355
64354
64353
64353
64353
64352
64352
64351
64351
64351
64350
64350
64350
64349
64349
64348
64348
64348
64347
64347
64347
64347
64346
64346
64345
64345
64345
64345
64344
64344
64344
64343
64343
64343
64342
64340
64340
64340
64339
64339
64339
64338
64338
64338
64337
64337
64337
64336
64336
64336
64336
64335
64335
64334
64334
64334
64334
64333
64332
64332
64332
64332
64331
64331
64331
64330
64330
64330
64329
64329
64329
64328
64328
64327
64327
64327
64326
64326
64326
64325
64325
64325
64324
64324
64324
64323
64323
64322
64322
64322
64321
64321
64321
64320
64320
64320
64319
64319
64319
64318
64318
64318
64317
64317
64317
64316
64316
64316
64315
64315
64315
64314
64314
64313
64313
64312
64312
64312
64311
64311
64310
64310
64310
64309
64309
64309
64308
64308
64308
64308
64307
64307
64307
64306
64306
64306
64305
64305
64305
64304
64304
64304
64303
64303
64303
64302
64302
64302
64301
64301
64301
64300
64300
64300
64299
64299
64299
64299
64298
64298
64298
64297
64297
64295
64295
64294
64294
64293
64293
64293
64292
64292
64292
64291
64291
64291
64290
64290
64290
64289
64289
64289
64288
64288
64288
64287
64287
64287
64286
64286
64285
64285
64285
64285
64284
64284
64283
64283
64283
64282
64281
64281
64280
64280
64280
64279
64279
64278
64278
64278
64277
64277
64277
64276
64276
64276
64275
64275
64275
64274
64274
64274
64273
64273
64273
64273
64272
64272
64272
64271
64271
64271
64270
64270
64270
64269
64269
64269
64268
64268
64268
64267
64267
64267
64267
64266
64266
64266
64265
64265
64265
64264
64264
64264
64263
64263
64263
64262
64262
64262
64261
64261
64261
64260
64260
64259
64259
64258
64258
64258
64257
64257
64257
64256
64256
64256
64255
64255
64255
64254
64254
64254
64253
64253
64253
64252
64252
64252
64251
64251
64250
64249
64248
64248
64248
64247
64247
64247
64246
64246
64246
64246
64245
64245
64244
64244
64244
64244
64243
64243
64243
64242
64242
64242
64241
64241
64241
64240
64240
64240
64239
64239
64239
64238
64238
64238
64237
64237
64237
64236
64236
64236
64236
64235
64235
64235
64234
64234
64234
64233
64233
64232
64232
64232
64232
64231
64230
64230
64230
64229
64229
64229
64228
64228
64228
64227
64227
64227
64226
64226
64226
64225
64225
64225
64225
64224
64224
64223
64223
64223
64222
64221
64221
64220
64220
64220
64219
64219
64219
64219
64218
64218
64218
64217
64217
64217
64216
64216
64216
64215
64215
64202
64202
64202
64201
64201
64201
64200
64200
64200
64199
64199
64199
64198
64198
64198
64197
64197
64197
64196
64196
64196
64195
64195
64195
64194
64194
64194
64193
64192
64191
64191
64190
64190
64190
64189
64189
64189
64188
64188
64188
64187
64187
64187
64186
64186
64186
64186
64185
64185
64185
64184
64184
64184
64183
64183
64183
64182
64182
64182
64181
64181
64181
64180
64180
64180
64178
64177
64177
64177
64176
64176
64176
64175
64175
64175
64174
64174
64174
64174
64173
64173
64173
64172
64172
64172
64171
64171
64171
64170
64170
64170
64169
64169
64169
64168
64168
64168
64167
64167
64167
64167
64166
64166
64165
64165
64165
64164
64164
64164
64163
64163
64163
64162
64162
64162
64161
64161
64161
64160
64160
64160
64159
64159
64159
64159
64158
64158
64158
64157
64157
64157
64156
64156
64156
64155
64155
64155
64154
64154
64154
64154
64153
64153
64153
64152
64152
64152
64151
64151
64151
64150
64150
64150
64149
64149
64148
64147
64146
64146
64146
64145
64145
64144
64144
64144
64144
64143
64143
64143
64142
64142
64142
64141
64141
64141
64140
64140
64140
64139
64139
64139
64138
64138
64137
64137
64137
64136
64136
64136
64135
64135
64135
64134
64134
64134
64133
64133
64133
64133
64132
64132
64131
64131
64131
64131
64130
64130
64130
64129
64129
64129
64128
64128
64128
64128
64127
64127
64126
64126
64126
64126
64125
64125
64124
64124
64124
64123
64123
64123
64123
64122
64122
64121
64121
64121
64121
64120
64120
64120
64119
64119
64119
64118
64118
64118
64117
64117
64117
64116
64116
64116
64115
64115
64115
64114
64114
64114
64113
64113
64113
64112
64112
64112
64111
64111
64111
64110
64110
64110
64109
64109
64109
64108
64108
64108
64107
64107
64107
64107
64106
64106
64106
64105
64105
64103
64103
64102
64102
64102
64101
64101
64101
64100
64100
64100
64099
64099
64099
64098
64098
64098
64097
64097
64097
64096
64096
64096
64095
64095
64095
64094
64094
64094
64094
64093
64093
64093
64092
64092
64092
64091
64089
64089
64089
64089
64088
64088
64088
64087
64087
64087
64087
64086
64086
64086
64085
64085
64085
64084
64084
64083
64083
64083
64083
64082
64082
64082
64081
64081
64081
64081
64080
64080
64080
64079
64079
64079
64078
64078
64078
64077
64077
64077
64077
64076
64076
64076
64075
64075
64075
64074
64074
64074
64074
64073
64073
64073
64072
64072
64072
64071
64071
64071
64070
64070
64070
64069
64069
64068
64068
64068
64068
64067
64067
64066
64066
64066
64065
64065
64065
64064
64064
64064
64063
64063
64063
64063
64062
64062
64062
64061
64061
64059
64059
64058
64058
64058
64057
64057
64057
64056
64056
64056
64055
64055
64055
64054
64054
64054
64053
64053
64053
64052
64052
64052
64051
64051
64051
64051
64050
64050
64050
64049
64049
64049
64048
64048
64048
64047
64047
64047
64046
64046
64046
64045
64045
64045
64044
64044
64044
64044
64043
64043
64042
64042
64042
64042
64041
64041
64040
64040
64040
64040
64039
64039
64039
64038
64038
64038
64037
64037
64037
64036
64036
64036
64035
64035
64035
64035
64034
64034
64034
64033
64033
64033
64032
64032
64032
64031
64031
64031
64030
64030
64030
64029
64029
64029
64029
64028
64028
64028
64027
64027
64027
64026
64026
64026
64025
64025
64025
64024
64024
64024
64024
64023
64023
64023
64022
64022
64022
64021
64021
64021
64020
64020
64020
64019
64019
64019
64009
64007
64007
64006
64006
64006
64005
64005
64005
64004
64004
64004
64003
64003
64003
64002
64002
64002
64001
64001
64001
64001
64000
64000
64000
63999
63999
63999
63998
63998
63998
63997
63997
63997
63996
63996
63996
63995
63994
63993
63993
63993
63992
63992
63992
63991
63991
63991
63991
63990
63990
63989
63989
63989
63989
63988
63988
63987
63987
63987
63987
63986
63986
63985
63985
63984
63984
63984
63983
63983
63983
63982
63982
63982
63982
63981
63981
63981
63980
63980
63980
63979
63979
63979
63978
63978
63978
63977
63977
63977
63976
63976
63975
63975
63975
63975
63974
63974
63974
63973
63973
63973
63972
63972
63972
63971
63971
63971
63970
63970
63970
63969
63969
63969
63968
63968
63968
63967
63967
63967
63966
63966
63966
63965
63965
63965
63964
63964
63963
63962
63961
63961
63961
63960
63960
63960
63959
63959
63958
63958
63958
63958
63957
63957
63957
63956
63956
63956
63955
63955
63955
63954
63954
63954
63954
63953
63953
63953
63952
63952
63952
63951
63951
63951
63950
63950
63950
63950
63949
63949
63949
63948
63948
63948
63947
63947
63947
63946
63946
63946
63945
63945
63945
63945
63944
63944
63944
63943
63943
63943
63942
63942
63942
63941
63941
63941
63941
63940
63940
63940
63939
63939
63939
63938
63938
63938
63937
63937
63937
63936
63936
63936
63936
63935
63935
63935
63934
63934
63934
63933
63933
63933
63932
63932
63932
63932
63931
63931
63931
63930
63930
63930
63929
63929
63929
63928
63928
63928
63927
63927
63926
63926
63926
63926
63925
63925
63925
63924
63924
63924
63923
63923
63923
63922
63922
63922
63921
63920
63919
63919
63919
63918
63918
63918
63917
63917
63917
63916
63916
63916
63916
63915
63915
63915
63914
63914
63914
63913
63913
63913
63912
63912
63912
63911
63911
63911
63911
63910
63910
63910
63909
63909
63909
63908
63906
63906
63904
63903
63903
63902
63902
63901
63901
63901
63901
63900
63900
63900
63899
63899
63899
63898
63898
63898
63898
63897
63897
63896
63895
63894
63894
63893
63893
63893
63893
63892
63892
63890
63890
63889
63889
63889
63889
63888
63888
63888
63887
63887
63887
63887
63886
63886
63886
63885
63885
63885
63884
63884
63884
63883
63881
63879
63878
63878
63877
63877
63876
63876
63875
63875
63875
63874
63874
63874
63873
63873
63872
63872
63871
63871
63870
63870
63869
63869
63869
63868
63868
63867
63661
63660
63660
63660
63659
63659
63658
63658
63658
63658
63657
63657
63657
63656
63656
63656
63656
63655
63655
63655
63654
63654
63654
63654
63653
63653
63653
63653
63652
63652
63652
63651
63651
63651
63651
63650
63650
63650
63650
63649
63649
63649
63649
63648
63648
63648
63647
63647
63647
63647
63646
63646
63646
63646
63645
63645
63645
63644
63644
63644
63644
63643
63643
63643
63643
63642
63642
63641
63639
63638
63638
63638
63637
63637
63637
63637
63636
63636
63636
63635
63635
63635
63634
63634
63634
63634
63633
63633
63633
63632
63632
63632
63632
63631
63631
63631
63630
63630
63630
63630
63629
63629
63629
63628
63628
63628
63628
63627
63627
63627
63626
63626
63626
63625
63625
63625
63624
63624
63624
63623
63623
63623
63622
63622
63622
63622
63621
63621
63621
63620
63620
63620
63619
63619
63619
63618
63618
63618
63618
63617
63617
63617
63616
63616
63616
63615
63615
63615
63614
63614
63614
63614
63613
63613
63613
63612
63612
63612
63611
63611
63611
63611
63610
63610
63610
63609
63609
63609
63608
63608
63608
63607
63603
63603
63603
63602
63602
63602
63602
63601
63601
63601
63600
63600
63600
63599
63599
63599
63598
63598
63598
63598
63597
63597
63597
63596
63594
63594
63594
63593
63592
63592
63592
63591
63591
63591
63591
63590
63590
63590
63589
63589
63589
63589
63588
63588
63588
63587
63587
63587
63587
63586
63586
63586
63585
63585
63585
63584
63584
63584
63583
63583
63583
63583
63582
63582
63582
63581
63581
63581
63581
63580
63580
63580
63579
63579
63579
63578
63578
63578
63578
63577
63577
63577
63576
63576
63576
63576
63575
63575
63575
63574
63574
63574
63574
63573
63573
63573
63572
63572
63572
63572
63571
63571
63571
63570
63570
63570
63570
63569
63569
63569
63568
63568
63568
63568
63567
63567
63567
63566
63566
63566
63566
63565
63565
63565
63564
63564
63564
63563
63562
63561
63561
63560
63559
63557
63557
63557
63556
63556
63556
63555
63554
63553
63553
63553
63552
63552
63552
63552
63551
63551
63551
63550
63550
63550
63550
63549
63549
63549
63549
63548
63548
63548
63547
63547
63547
63547
63546
63546
63546
63546
63545
63545
63545
63544
63544
63544
63544
63543
63543
63541
63541
63539
63539
63539
63538
63538
63538
63538
63537
63537
63537
63536
63536
63536
63536
63535
63535
63535
63534
63534
63534
63534
63533
63533
63531
63531
63531
63531
63530
63530
63530
63529
63529
63529
63528
63528
63528
63528
63527
63527
63527
63526
63526
63526
63524
63524
63524
63523
63523
63523
63522
63522
63522
63521
63521
63521
63521
63520
63520
63520
63519
63519
63519
63519
63518
63518
63518
63518
63517
63517
63517
63517
63516
63516
63516
63515
63513
63513
63513
63512
63512
63512
63512
63511
63511
63511
63510
63510
63510
63510
63509
63509
63509
63508
63508
63508
63508
63507
63507
63507
63507
63506
63506
63506
63505
63505
63505
63505
63504
63504
63504
63503
63503
63503
63503
63502
63502
63502
63501
63501
63501
63501
63500
63500
63500
63499
63499
63497
63497
63497
63497
63496
63496
63495
63495
63495
63495
63494
63494
63494
63492
63491
63490
63490
63489
63488
63488
63487
63487
63487
63486
63486
63486
63485
63485
63483
63483
63483
63482
63482
63481
63481
63481
63480
63480
63480
63479
63479
63479
63477
63477
63477
63476
63476
63476
63475
63475
63475
63475
63474
63474
63474
63473
63473
63473
63473
63472
63472
63472
63470
63470
63470
63469
63469
63469
63468
63468
63468
63468
63467
63467
63467
63467
63466
63466
63466
63465
63465
63465
63465
63464
63464
63462
63462
63462
63461
63461
63461
63460
63460
63460
63460
63459
63459
63459
63458
63458
63458
63458
63457
63457
63457
63456
63456
63456
63455
63455
63455
63455
63454
63454
63454
63453
63453
63453
63453
63452
63452
63452
63451
63451
63451
63451
63450
63450
63450
63449
63449
63449
63448
63448
63448
63448
63447
63447
63447
63447
63446
63446
63446
63445
63445
63445
63444
63444
63444
63444
63443
63443
63443
63442
63442
63441
63440
63439
63439
63439
63439
63438
63438
63438
63437
63437
63437
63437
63436
63436
63436
63435
63435
63435
63434
63434
63434
63434
63433
63433
63433
63432
63432
63432
63432
63431
63431
63431
63430
63430
63430
63430
63429
63429
63429
63429
63428
63428
63428
63427
63427
63427
63426
63426
63426
63424
63423
63422
63422
63422
63421
63421
63421
63420
63420
63420
63420
63419
63419
63419
63418
63418
63418
63417
63417
63417
63417
63416
63416
63416
63415
63415
63415
63414
63414
63414
63414
63413
63413
63413
63412
63412
63412
63412
63411
63411
63411
63410
63410
63410
63408
63408
63407
63407
63405
63405
63405
63404
63404
63404
63403
63403
63403
63403
63402
63402
63402
63401
63401
63401
63401
63400
63400
63400
63399
63399
63399
63398
63398
63398
63398
63397
63397
63397
63396
63396
63396
63396
63395
63395
63395
63394
63394
63394
63393
63393
63393
63392
63392
63392
63391
63391
63391
63391
63390
63390
63390
63389
63389
63389
63388
63388
63388
63388
63387
63387
63387
63386
63386
63385
63385
63385
63385
63384
63384
63384
63383
63383
63383
63383
63382
63382
63382
63381
63381
63381
63380
63380
63380
63380
63379
63379
63379
63378
63378
63378
63378
63357
63356
63356
63355
63355
63355
63355
63354
63354
63354
63353
63353
63353
63353
63352
63352
63352
63351
63351
63351
63351
63350
63350
63350
63349
63349
63349
63348
63348
63348
63347
63346
63345
63345
63345
63344
63344
63344
63343
63343
63343
63343
63342
63342
63342
63341
63341
63341
63340
63340
63340
63339
63338
63335
63334
63334
63333
63333
63333
63332
63332
63332
63331
63331
63331
63331
63330
63330
63330
63330
63329
63329
63329
63328
63328
63328
63327
63327
63327
63327
63326
63326
63326
63325
63325
63325
63325
63324
63324
63324
63323
63323
63322
63321
63321
63321
63320
63320
63320
63319
63319
63317
63317
63317
63316
63316
63316
63316
63315
63315
63315
63314
63314
63314
63312
63312
63312
63311
63310
63309
63309
63309
63308
63308
63308
63307
63307
63307
63307
63306
63306
63306
63305
63305
63305
63304
63304
63304
63304
63303
63303
63303
63303
63302
63302
63302
63301
63301
63301
63301
63300
63300
63300
63299
63299
63299
63298
63298
63298
63298
63297
63297
63297
63296
63296
63296
63296
63295
63295
63295
63294
63294
63294
63293
63293
63293
63293
63292
63292
63292
63291
63291
63291
63290
63290
63290
63290
63289
63289
63289
63288
63288
63288
63287
63287
63287
63287
63286
63286
63286
63285
63285
63285
63284
63284
63284
63284
63283
63283
63283
63282
63282
63282
63281
63281
63281
63280
63280
63280
63280
63276
63276
63276
63275
63275
63275
63275
63274
63274
63274
63273
63273
63273
63272
63272
63272
63272
63271
63271
63271
63270
63270
63270
63269
63268
63267
63266
63266
63265
63265
63265
63264
63264
63264
63264
63263
63263
63262
63262
63262
63262
63261
63261
63261
63260
63260
63260
63260
63259
63259
63259
63258
63258
63258
63257
63257
63257
63257
63256
63256
63256
63254
63254
63253
63253
63253
63253
63252
63251
63250
63250
63250
63250
63249
63249
63249
63248
63248
63248
63247
63247
63247
63247
63246
63246
63246
63245
63245
63245
63245
63243
63242
63242
63242
63242
63241
63241
63241
63240
63240
63240
63240
63239
63239
63239
63238
63238
63238
63237
63237
63237
63237
63236
63236
63236
63235
63235
63235
63234
63234
63234
63234
63233
63233
63233
63232
63232
63232
63232
63231
63231
63231
63230
63230
63230
63230
63229
63229
63229
63228
63228
63228
63227
63227
63227
63227
63226
63226
63226
63225
63224
63223
63223
63223
63222
63222
63222
63222
63221
63221
63221
63220
63220
63220
63219
63219
63219
63219
63218
63218
63218
63218
63217
63217
63217
63216
63216
63216
63215
63215
63215
63215
63214
63214
63214
63213
63213
63213
63213
63211
63211
63210
63210
63210
63209
63209
63209
63209
63208
63208
63208
63207
63207
63207
63206
63206
63206
63206
63205
63205
63205
63204
63204
63204
63204
63203
63202
63201
63200
63198
63198
63197
63197
63197
63196
63196
63196
63195
63195
63195
63195
63194
63194
63194
63193
63193
63193
63191
63191
63191
63190
63190
63190
63190
63189
63189
63189
63188
63188
63188
63188
63187
63187
63187
63186
63186
63186
63186
63185
63185
63183
63183
63183
63182
63182
63182
63181
63181
63181
63181
63180
63180
63180
63179
63179
63179
63178
63178
63178
63177
63177
63177
63175
63175
63175
63174
63174
63174
63173
63173
63173
63173
63172
63172
63172
63171
63171
63171
63170
63170
63170
63169
63169
63169
63169
63168
63168
63168
63167
63167
63166
63166
63165
63165
63165
63164
63164
63163
63163
63163
63162
63160
63160
63159
63159
63159
63158
63158
63158
63157
63157
63157
63156
63156
63156
63155
63155
63155
63154
63154
63154
63153
63153
63152
63152
63152
63152
63151
63151
63150
63150
63150
63149
63149
63149
63148
63148
63148
63148
63147
63147
63147
63146
63146
63146
63145
63145
63145
63144
63144
63144
63144
63143
63143
63143
63142
63142
63142
63141
63141
63141
63141
63140
63140
63140
63139
63139
63139
63139
63138
63138
63137
63137
63137
63137
63136
63136
63136
63135
63135
63135
63135
63134
63134
63134
63133
63131
63131
63130
63130
63128
63127
63126
63126
63125
63125
63125
63125
63124
63124
63124
63123
63123
63123
63122
63122
63122
63121
63121
63121
63121
63120
63120
63120
63119
63119
63119
63118
63118
63118
63117
63116
63115
63115
63115
63114
63114
63114
63114
63113
63113
63113
63112
63112
63112
63112
63111
63111
63111
63110
63110
63110
63109
63109
63107
63107
63107
63106
63106
63106
63105
63105
63105
63105
63104
63104
63104
63103
63103
63103
63102
63102
63102
63102
63101
63101
63101
63100
63100
63100
63099
63099
63099
63098
63098
63098
63097
63097
63097
63097
63096
63096
63096
63095
63095
63095
63094
63094
63094
63094
63093
63093
63093
63092
63092
63092
63091
63091
63091
63091
63090
63090
63090
63089
63089
63089
63088
63088
63088
63087
63087
63087
63086
63086
63086
63086
63085
63085
63085
63084
63084
63084
63083
63083
63083
63083
63082
63082
63082
63081
63081
63081
63080
63080
63080
63079
63079
63079
63079
63078
63078
63078
63077
63077
63077
63076
63076
63074
63074
63074
63073
63073
63073
63072
63072
63072
63071
63071
63071
63071
63070
63070
63070
63069
63069
63069
63069
63068
63068
63068
63067
63067
63067
63067
63066
63066
63066
63065
63064
63062
63062
63061
63060
63058
63057
63057
63057
63056
63056
63056
63055
63055
63055
63055
63053
63053
63053
63052
63052
63052
63051
63051
63050
63050
63050
63049
63049
63049
63048
63048
63048
63047
63047
63047
63047
63045
63045
63044
63044
63044
63044
63043
63043
63043
63043
63042
63042
63042
63041
63041
63041
63041
63040
63040
63040
63039
63039
63039
63037
63037
63036
63036
63035
63034
63034
63034
63033
63033
63033
63033
63032
63032
63032
63031
63031
63031
63031
63030
63030
63030
63029
63028
63028
63027
63027
63027
63026
63026
63026
63024
63023
63023
63023
63022
63022
63022
63022
63021
63021
63021
63020
63020
63020
63020
63017
63017
63016
63016
63016
63015
63015
63015
63015
63014
63014
63014
63013
63013
63013
63013
63012
63012
63012
63011
63011
63011
63011
63010
63010
63010
63010
63009
63009
63009
63008
63008
63008
63008
63007
63007
63007
63006
63006
63006
63006
63005
63005
63005
63005
63004
63004
63004
63003
63003
63003
63003
63002
63002
63002
63002
63001
63001
63001
63000
63000
63000
63000
62999
62999
62999
62998
62998
62998
62998
62997
62997
62997
62997
62996
62996
62996
62995
62995
62995
62995
62994
62994
62994
62994
62993
62991
62989
62989
62988
62987
62985
62985
62985
62984
62984
62984
62984
62982
62981
62981
62981
62981
62980
62980
62980
62979
62978
62977
62977
62977
62976
62976
62976
62976
62975
62975
62975
62975
62974
62974
62972
62972
62971
62971
62971
62971
62970
62970
62970
62969
62969
62969
62968
62968
62968
62967
62967
62967
62967
62966
62966
62966
62965
62964
62963
62963
62963
62963
62962
62962
62962
62961
62960
62960
62960
62959
62959
62959
62958
62958
62958
62957
62957
62957
62955
62955
62954
62954
62954
62954
62953
62953
62953
62952
62952
62952
62952
62951
62951
62951
62950
62950
62950
62949
62949
62949
62949
62947
62947
62946
62946
62946
62945
62945
62945
62944
62944
62944
62944
62943
62943
62943
62942
62942
62942
62941
62941
62941
62941
62940
62940
62940
62939
62938
62937
62937
62937
62936
62936
62936
62935
62935
62935
62935
62934
62934
62934
62933
62933
62933
62932
62932
62932
62932
62931
62931
62931
62930
62930
62930
62929
62929
62928
62928
62928
62927
62927
62927
62927
62926
62926
62926
62925
62925
62925
62924
62924
62924
62924
62923
62923
62923
62922
62922
62922
62922
62921
62921
62921
62920
62920
62920
62919
62919
62919
62918
62918
62918
62917
62917
62916
62916
62914
62914
62913
62913
62913
62912
62912
62912
62911
62911
62911
62910
62910
62910
62909
62909
62909
62909
62908
62908
62908
62907
62907
62907
62906
62906
62906
62906
62905
62905
62905
62904
62904
62904
62903
62903
62903
62902
62902
62902
62902
62901
62901
62901
62900
62900
62900
62899
62899
62899
62898
62898
62898
62898
62897
62897
62897
62896
62896
62896
62895
62895
62895
62894
62894
62894
62893
62893
62893
62893
62892
62892
62890
62890
62890
62890
62889
62889
62889
62888
62888
62888
62887
62887
62887
62887
62886
62886
62886
62885
62885
62885
62884
62884
62884
62883
62883
62883
62883
62882
62882
62882
62881
62881
62881
62881
62880
62880
62879
62879
62879
62879
62878
62878
62878
62877
62877
62877
62876
62876
62876
62876
62875
62875
62875
62874
62874
62874
62873
62873
62873
62872
62872
62872
62871
62871
62871
62871
62870
62870
62870
62870
62869
62869
62869
62868
62868
62868
62867
62867
62867
62867
62866
62866
62866
62865
62865
62865
62865
62864
62864
62864
62863
62863
62863
62863
62862
62862
62862
62861
62861
62861
62861
62860
62860
62860
62859
62859
62859
62858
62858
62858
62858
62857
62857
62857
62856
62854
62852
62852
62850
62850
62848
62848
62848
62847
62847
62847
62847
62845
62845
62843
62843
62843
62842
62842
62842
62841
62841
62841
62841
62840
62840
62840
62840
62839
62838
62837
62837
62837
62837
62836
62836
62836
62835
62835
62835
62835
62834
62834
62834
62834
62833
62833
62833
62833
62832
62832
62830
62830
62830
62830
62829
62829
62829
62828
62828
62828
62827
62827
62827
62827
62826
62826
62826
62825
62825
62825
62825
62824
62823
62822
62822
62822
62821
62821
62821
62821
62820
62820
62820
62820
62819
62819
62819
62819
62818
62818
62818
62817
62817
62817
62817
62815
62815
62815
62814
62814
62814
62814
62813
62813
62813
62812
62812
62812
62812
62811
62811
62811
62810
62810
62810
62810
62809
62809
62809
62808
62808
62808
62808
62807
62807
62807
62807
62806
62806
62806
62806
62805
62805
62805
62804
62804
62804
62804
62803
62803
62803
62801
62801
62800
62800
62800
62799
62799
62799
62799
62798
62798
62798
62798
62797
62797
62797
62797
62796
62796
62796
62795
62795
62795
62795
62794
62794
62794
62794
62793
62793
62793
62792
62792
62792
62792
62791
62791
62791
62791
62790
62790
62790
62789
62789
62789
62789
62788
62788
62788
62787
62786
62784
62782
62780
62780
62777
62777
62776
62776
62776
62776
62775
62775
62775
62775
62774
62774
62774
62773
62773
62773
62773
62772
62772
62772
62770
62770
62770
62770
62769
62769
62769
62769
62768
62768
62768
62767
62767
62767
62765
62765
62765
62764
62764
62764
62763
62763
62762
62760
62760
62760
62760
62759
62759
62759
62758
62758
62758
62758
62757
62757
62757
62756
62756
62755
62754
62754
62754
62754
62752
62752
62751
62751
62751
62751
62750
62750
62750
62749
62749
62749
62749
62748
62748
62748
62748
62747
62747
62747
62747
62746
62746
62744
62744
62744
62743
62743
62743
62743
62742
62742
62742
62741
62741
62741
62741
62740
62740
62740
62740
62739
62739
62739
62738
62738
62738
62738
62737
62737
62737
62737
62736
62736
62736
62735
62735
62735
62735
62734
62734
62733
62733
62729
62729
62729
62728
62728
62727
62727
62727
62726
62726
62726
62725
62725
62724
62724
62724
62723
62722
62722
62722
62721
62721
62720
62720
62719
62719
62669
62668
62667
62667
62666
62666
62663
62663
62662
62662
62661
62661
62660
62660
62660
62659
62659
62659
62658
62658
62657
62657
62656
62656
62655
62655
62655
62464
62463
62462
62461
62461
62460
62460
62460
62459
62459
62459
62458
62458
62458
62457
62457
62457
62456
62456
62456
62456
62455
62455
62455
62455
62454
62454
62454
62454
62453
62453
62453
62452
62452
62452
62452
62451
62451
62451
62451
62450
62450
62450
62450
62449
62449
62449
62449
62448
62448
62448
62447
62447
62447
62447
62446
62446
62446
62446
62445
62445
62445
62445
62444
62444
62444
62443
62443
62443
62443
62442
62442
62442
62442
62441
62441
62441
62441
62440
62440
62440
62440
62439
62439
62439
62439
62438
62438
62438
62437
62437
62437
62437
62436
62436
62436
62435
62435
62435
62435
62434
62434
62434
62434
62433
62433
62433
62433
62432
62432
62432
62432
62431
62431
62431
62430
62430
62430
62430
62429
62429
62429
62428
62428
62428
62428
62427
62427
62427
62427
62426
62426
62426
62426
62425
62422
62422
62421
62421
62421
62420
62420
62420
62420
62419
62419
62419
62419
62418
62418
62418
62417
62417
62417
62417
62416
62416
62416
62415
62415
62415
62415
62414
62414
62414
62414
62413
62413
62413
62413
62412
62412
62412
62411
62411
62411
62411
62410
62410
62410
62409
62409
62409
62409
62408
62408
62408
62408
62407
62407
62407
62407
62406
62406
62406
62405
62405
62405
62405
62404
62404
62404
62403
62403
62403
62402
62402
62402
62402
62401
62401
62398
62398
62398
62398
62397
62397
62397
62396
62396
62396
62396
62395
62395
62395
62394
62394
62394
62394
62393
62393
62393
62392
62392
62392
62392
62391
62391
62391
62390
62390
62390
62390
62389
62389
62389
62389
62388
62388
62388
62387
62387
62387
62387
62386
62386
62386
62386
62385
62385
62385
62384
62384
62384
62383
62383
62383
62383
62382
62382
62382
62381
62381
62381
62381
62380
62380
62380
62380
62379
62379
62379
62379
62378
62378
62378
62377
62358
62358
62358
62357
62357
62356
62356
62356
62356
62355
62355
62355
62354
62354
62353
62353
62353
62352
62352
62352
62351
62351
62351
62350
62350
62349
62349
62246
62246
62245
62244
62244
62243
62243
62243
62242
62242
62242
62241
62241
62241
62241
62240
62240
62240
62239
62239
62239
62239
62238
62238
62238
62237
62237
62237
62237
62236
62236
62236
62236
62235
62235
62235
62235
62234
62234
62234
62233
62233
62233
62233
62232
62232
62232
62232
62231
62231
62231
62231
62230
62230
62230
62230
62229
62229
62229
62228
62228
62228
62228
62227
62227
62227
62226
62226
62226
62226
62225
62225
62225
62225
62224
62224
62224
62220
62220
62220
62219
62219
62219
62218
62218
62218
62218
62217
62217
62217
62216
62216
62216
62216
62215
62215
62215
62215
62214
62214
62214
62213
62213
62213
62213
62212
62212
62212
62212
62211
62211
62211
62210
62210
62210
62210
62209
62209
62209
62209
62208
62208
62208
62207
62207
62207
62207
62206
62206
62206
62206
62205
62205
62205
62205
62204
62204
62204
62204
62203
62203
62202
62200
62199
62199
62198
62198
62198
62197
62197
62197
62196
62196
62195
62195
62194
62194
62194
61556
61555
61554
61554
61553
61552
61552
61552
61552
61551
61551
61551
61550
61550
61550
61549
61549
61549
61549
61548
61548
61548
61547
61547
61545
61544
61544
61543
61543
61543
61542
61542
61541
61541
61540
61540
61539
61539
59291
59290
59289
59288
59288
59288
59287
59287
59287
59287
59286
59286
59286
59286
59285
59285
59285
59284
59284
59284
59283
59283
59283
59283
59282
59282
59282
59282
59281
59281
59281
59281
59280
59280
59280
59279
59279
59279
59279
59278
59278
59278
59277
59277
59277
59276
59276
59276
59276
59275
59275
59275
59275
59274
59274
59274
59274
59273
59273
59273
59273
59272
59272
59272
59271
59271
59271
59271
59270
59270
59270
59269
59269
59269
59268
59268
59267
59267
59267
59266
59266
59266
59266
59265
59265
59265
59264
59264
59264
59264
59263
59263
59263
59262
59262
59262
59262
59261
59261
59261
59260
59260
59260
59260
59259
59259
59259
59259
59258
59258
59258
59258
59257
59257
59257
59256
59256
59256
59256
59255
59255
59255
59255
59254
59254
59254
59253
59253
59253
59253
59252
59252
59252
59252
59251
59251
59251
59247
59247
59247
59246
59246
59246
59246
59245
59245
59245
59245
59244
59244
59244
59243
59243
59243
59243
59242
59242
59242
59242
59241
59241
59241
59240
59240
59240
59240
59239
59239
59239
59239
59238
59238
59238
59237
59237
59237
59237
59236
59236
59236
59236
59235
59235
59235
59235
59234
59234
59234
59234
59233
59233
59233
59233
59232
59232
59232
59231
59231
59231
59231
59230
59230
59230
59230
59229
59229
59229
59228
59228
59228
59228
59227
59227
59227
59227
59226
59226
59226
59226
59225
59225
59225
59225
59224
59224
59224
59224
59223
59223
59223
59223
59222
59222
59222
59221
59221
59221
59220
59220
59220
59220
59219
59219
59219
59219
59218
59218
59218
59218
59217
59217
59217
59217
59216
59216
59216
59215
59215
59215
59215
59214
59214
59214
59214
59213
59213
59213
59212
59212
59211
59211
59211
59211
59210
59210
59210
59209
59209
59208
59208
59208
59207
59207
59207
59207
59206
59206
59206
59206
59205
59205
59205
59205
59204
59204
59204
59204
59203
59203
59203
59202
59202
59202
59202
59201
59201
59201
59201
59200
59200
59200
59200
59199
59199
59199
59198
59198
59198
59198
59197
59197
59197
59197
59196
59196
59196
59196
59195
59195
59195
59194
59194
59194
59193
59193
59193
59193
59192
59192
59192
59192
59191
59191
59191
59191
59190
59190
59190
59190
59189
59189
59189
59189
59188
59188
59188
59187
59187
59187
59187
59186
59186
59186
59186
59185
59185
59185
59185
59184
59184
59184
59184
59183
59183
59183
59182
59182
59182
59182
59181
59181
59181
59181
59180
59180
59180
59180
59179
59179
59179
59179
59178
59178
59177
59176
59176
59176
59175
59175
59175
59175
59174
59174
59174
59174
59173
59173
59173
59173
59172
59172
59172
59172
59171
59171
59171
59171
59170
59170
59170
59170
59169
59169
59169
59169
59168
59168
59168
59168
59167
59167
59167
59167
59166
59166
59166
59165
59165
59165
59165
59164
59164
59164
59164
59163
59163
59163
59163
59162
59162
59162
59162
59161
59161
59161
59161
59160
59160
59160
59159
59159
59159
59158
59158
59158
59158
59157
59157
59157
59156
59156
59156
59156
59155
59155
59155
59155
59154
59154
59154
59153
59153
59153
59153
59152
59152
59152
59152
59151
59151
59151
59151
59150
59150
59150
59149
59149
59149
59149
59148
59148
59148
59148
59147
59147
59147
59147
59146
59146
59146
59146
59145
59145
59145
59145
59144
59144
59144
59144
59143
59143
59143
59143
59142
59142
59142
59142
59141
59141
59141
59140
59140
59140
59140
59139
59139
59139
59139
59138
59138
59138
59138
59137
59137
59137
59137
59136
59136
59136
59136
59135
59135
59135
59135
59134
59134
59134
59134
59133
59133
59133
59133
59132
59132
59132
59132
59131
59131
59131
59131
59130
59130
59130
59129
59129
59129
59129
59128
59128
59128
59128
59127
59127
59127
59127
59126
59126
59126
59126
59125
59125
59125
59124
59124
59124
59124
59123
59123
59123
59123
59122
59122
59122
59122
59121
59121
59121
59121
59120
59120
59120
59120
59119
59119
59119
59119
59118
59118
59118
59118
59117
59117
59116
59116
59116
59116
59115
59115
59115
59114
59114
59114
59114
59113
59113
59113
59113
59112
59112
59112
59112
59111
59111
59111
59111
59110
59110
59110
59110
59108
59107
59107
59106
59106
59105
59105
59105
59104
59104
59104
59104
59103
59103
59103
59103
59102
59102
59102
59102
59101
59101
59101
59100
59100
59100
59100
59099
59099
59099
59099
59098
59098
59098
59098
59097
59097
59097
59097
59096
59096
59096
59096
59095
59095
59095
59095
59094
59094
59094
59093
59093
59093
59093
59092
59092
59092
59092
59091
59091
59091
59091
59090
59090
59090
59090
59089
59089
59089
59089
59088
59088
59088
59088
59087
59087
59087
59086
59086
59086
59086
59085
59085
59085
59085
59084
59084
59084
59084
59083
59083
59083
59083
59082
59082
59082
59081
59081
59081
59081
59080
59080
59080
59080
59079
59079
59079
59079
59078
59078
59078
59078
59077
59077
59077
59077
59076
59076
59076
59076
59075
59075
59075
59074
59074
59074
59074
59073
59073
59073
59073
59072
59072
59072
59072
59071
59071
59071
59071
59070
59070
59070
59069
59069
59069
59069
59068
59068
59068
59068
59067
59067
59067
59067
59066
59066
59066
59066
59065
59065
59065
59064
59064
59064
59064
59063
59063
59063
59063
59062
59062
59062
59062
59061
59061
59061
59061
59060
59060
59060
59059
59059
59059
59059
59058
59058
59058
59057
59057
59057
59057
59056
59056
59056
59055
59055
59055
59054
59053
59053
59053
59053
59052
59052
59052
59051
59051
59051
59051
59050
59050
59050
59049
59049
59049
59049
59048
59048
59048
59048
59047
59047
59047
59047
59046
59046
59046
59045
59045
59045
59044
59044
59044
59043
59043
59043
59043
59042
59042
59042
59042
59041
59041
59041
59041
59040
59040
59040
59040
59039
59039
59039
59038
59038
59038
59037
59035
59035
59035
59034
59034
59034
59033
59033
59033
59033
59032
59032
59032
59032
59031
59031
59031
59030
59030
59030
59030
59029
59029
59029
59029
59028
59028
59027
59027
59027
59026
59026
59026
59025
59025
59025
59025
59024
59024
59024
59024
59023
59023
59023
59022
59022
59022
59022
59021
59021
59021
59021
59020
59020
59020
59020
59019
59019
59019
59018
59018
59018
59018
59017
59017
59017
59017
59016
59016
59016
59015
59015
59015
59015
59014
59014
59014
59014
59013
59013
59013
59013
59012
59012
59012
59012
59011
59011
59011
59010
59010
59010
59010
59009
59009
59009
59009
59008
59008
59008
59008
59007
59007
59007
59007
59006
59006
59006
59006
59005
59005
59005
59005
59004
59004
59004
59004
59003
59003
59003
59003
59002
59002
59002
59001
59001
59001
59001
59000
58999
58999
58999
58998
58992
58992
58991
58991
58991
58991
58990
58990
58990
58989
58989
58989
58989
58988
58988
58988
58988
58987
58987
58987
58987
58986
58986
58986
58986
58985
58985
58985
58985
58984
58984
58984
58984
58983
58983
58983
58983
58982
58982
58982
58981
58981
58981
58981
58980
58980
58980
58980
58979
58979
58979
58979
58978
58978
58978
58978
58977
58977
58977
58977
58976
58976
58976
58975
58975
58975
58975
58974
58974
58974
58974
58973
58973
58973
58972
58972
58972
58972
58971
58971
58971
58971
58970
58970
58970
58970
58969
58969
58969
58969
58967
58967
58967
58966
58966
58966
58965
58965
58965
58965
58964
58964
58964
58964
58963
58963
58963
58963
58962
58962
58962
58962
58961
58961
58961
58961
58960
58960
58960
58959
58959
58959
58959
58957
58957
58956
58956
58956
58956
58955
58955
58955
58955
58954
58954
58954
58954
58953
58953
58953
58953
58952
58952
58952
58952
58951
58951
58951
58951
58950
58950
58950
58949
58949
58949
58949
58948
58948
58948
58948
58947
58947
58947
58947
58946
58946
58946
58946
58945
58945
58945
58945
58944
58944
58944
58944
58943
58943
58943
58943
58942
58942
58942
58942
58941
58941
58941
58939
58938
58935
58934
58932
58930
58930
58930
58930
58929
58929
58929
58929
58928
58928
58928
58928
58927
58927
58927
58927
58926
58926
58924
58924
58923
58922
58922
58922
58921
58921
58921
58921
58920
58920
58920
58920
58919
58919
58919
58919
58918
58918
58918
58918
58917
58916
58916
58914
58914
58913
58913
58913
58913
58912
58912
58912
58912
58911
58911
58911
58911
58910
58910
58910
58909
58909
58909
58908
58907
58907
58906
58906
58906
58906
58905
58905
58905
58905
58904
58904
58904
58904
58903
58903
58903
58901
58901
58901
58901
58900
58900
58900
58900
58899
58899
58899
58899
58898
58898
58898
58898
58897
58897
58897
58897
58896
58892
58892
58892
58892
58891
58891
58891
58891
58890
58890
58890
58890
58889
58889
58889
58889
58888
58888
58888
58887
58887
58887
58887
58885
58885
58884
58884
58884
58883
58883
58883
58883
58882
58882
58882
58882
58881
58881
58881
58881
58880
58880
58880
58880
58879
58879
58879
58879
58878
58878
58878
58878
58877
58877
58877
58877
58876
58876
58876
58876
58875
58875
58875
58875
58874
58874
58874
58874
58873
58873
58873
58873
58872
58872
58872
58872
58871
58871
58871
58870
58870
58870
58870
58869
58869
58866
58865
58863
58862
58860
58859
58859
58858
58858
58858
58857
58857
58857
58857
58856
58856
58856
58854
58854
58853
58852
58852
58852
58852
58851
58851
58851
58850
58850
58850
58849
58849
58849
58849
58849
58848
58848
58848
58848
58847
58845
58845
58844
58843
58843
58843
58843
58842
58842
58842
58842
58841
58841
58841
58841
58840
58840
58840
58840
58839
58839
58839
58839
58837
58837
58836
58836
58836
58836
58836
58835
58835
58835
58834
58834
58834
58834
58834
58833
58833
58832
58831
58831
58831
58830
58830
58830
58829
58829
58829
58829
58828
58828
58828
58828
58827
58827
58827
58827
58826
58826
58825
58824
58823
58823
58822
58822
58822
58822
58821
58821
58821
58821
58820
58820
58820
58820
58819
58819
58819
58819
58817
58817
58816
58816
58816
58816
58815
58815
58815
58815
58814
58814
58814
58814
58813
58813
58813
58812
58812
58812
58812
58811
58811
58811
58811
58810
58810
58810
58810
58809
58809
58809
58809
58808
58808
58808
58808
58807
58807
58807
58807
58806
58806
58806
58806
58805
58805
58805
58805
58804
58804
58804
58804
58803
58803
58803
58803
58802
58802
58802
58802
58801
58801
58801
58801
58800
58800
58800
58800
58799
58799
58797
58765
58763
58762
58760
58758
58758
58757
58757
58757
58756
58755
58755
58753
58753
58753
58752
58752
58752
58752
58751
58751
58751
58751
58750
58750
58750
58749
58749
58749
58749
58748
58748
58748
58747
58746
58745
58745
58744
58744
58744
58744
58743
58743
58743
58743
58742
58742
58742
58742
58741
58741
58741
58741
58740
58740
58740
58738
58738
58738
58738
58737
58737
58737
58735
58735
58735
58734
58734
58734
58734
58733
58733
58733
58731
58731
58731
58731
58730
58730
58730
58730
58729
58729
58729
58729
58728
58728
58728
58727
58727
58727
58727
58726
58726
58723
58723
58721
58721
58721
58720
58720
58720
58719
58719
58719
58719
58718
58718
58718
58718
58717
58714
58713
58713
58713
58712
58712
58712
58712
58711
58711
58711
58710
58710
58710
58710
58709
58709
58709
58709
58708
58708
58708
58708
58707
58707
58707
58707
58706
58706
58706
58706
58705
58705
58705
58705
58704
58704
58704
58704
58703
58703
58703
58702
58702
58702
58702
58701
58701
58701
58701
58700
58700
58700
58699
58699
58699
58699
58698
58698
58698
58698
58697
58697
58697
58697
58696
58696
58696
58696
58695
58695
58695
58694
58694
58694
58694
58693
58693
58693
58692
58682
58680
58679
58678
58677
58676
58676
58676
58675
58675
58675
58674
58674
58673
58672
58672
58672
58671
58671
58671
58671
58670
58670
58670
58669
58669
58669
58669
58668
58668
58666
58666
58666
58666
58665
58665
58665
58665
58664
58664
58664
58663
58663
58663
58663
58662
58662
58662
58661
58661
58661
58661
58659
58658
58658
58658
58658
58657
58657
58657
58657
58656
58656
58656
58655
58655
58655
58655
58654
58654
58654
58654
58653
58653
58651
58651
58651
58650
58650
58650
58649
58649
58649
58649
58648
58648
58648
58648
58647
58647
58647
58646
58646
58646
58646
58645
58645
58643
58643
58643
58643
58642
58642
58642
58641
58641
58641
58641
58640
58640
58640
58640
58639
58639
58639
58638
58638
58638
58638
58637
58637
58637
58636
58636
58636
58636
58635
58635
58633
58633
58633
58632
58632
58632
58632
58631
58631
58631
58630
58630
58630
58630
58629
58629
58629
58629
58628
58628
58628
58627
58627
58627
58627
58626
58626
58626
58626
58625
58625
58625
58624
58624
58624
58624
58623
58623
58623
58623
58622
58622
58622
58621
58621
58621
58621
58620
58620
58620
58620
58619
58619
58619
58618
58618
58618
58618
58617
58617
58617
58617
58616
58616
58614
58613
58611
58611
58610
58609
58609
58608
58607
58607
58607
58606
58606
58606
58605
58605
58605
58605
58604
58604
58604
58604
58603
58603
58603
58602
58602
58602
58602
58601
58600
58599
58599
58599
58598
58598
58598
58598
58597
58597
58597
58597
58596
58596
58596
58595
58595
58595
58595
58594
58594
58594
58592
58592
58591
58591
58591
58590
58590
58590
58590
58589
58589
58589
58589
58588
58588
58588
58586
58586
58585
58585
58585
58584
58584
58584
58584
58583
58583
58583
58582
58582
58582
58582
58581
58581
58581
58581
58580
58580
58580
58578
58578
58577
58577
58577
58577
58576
58576
58576
58576
58575
58575
58575
58575
58574
58574
58574
58574
58573
58573
58573
58572
58572
58572
58572
58571
58571
58571
58571
58570
58570
58570
58570
58569
58569
58569
58569
58568
58568
58568
58568
58567
58566
58565
58565
58565
58565
58564
58564
58564
58564
58563
58563
58563
58563
58562
58562
58562
58561
58561
58561
58561
58560
58560
58560
58560
58559
58559
58559
58559
58558
58558
58558
58558
58557
58557
58557
58556
58556
58556
58556
58555
58555
58555
58555
58554
58554
58554
58554
58553
58553
58553
58552
58552
58552
58552
58551
58551
58551
58551
58550
58548
58545
58542
58542
58540
58540
58539
58539
58538
58538
58538
58538
58537
58537
58537
58537
58536
58536
58536
58534
58534
58534
58533
58533
58533
58532
58532
58532
58532
58531
58531
58531
58531
58530
58530
58530
58530
58529
58529
58529
58528
58528
58527
58526
58526
58526
58526
58525
58525
58525
58525
58524
58524
58524
58524
58523
58523
58523
58522
58522
58522
58522
58521
58519
58518
58517
58517
58517
58516
58516
58516
58516
58515
58515
58515
58515
58514
58514
58514
58514
58513
58513
58513
58513
58512
58512
58511
58510
58510
58510
58509
58509
58509
58509
58508
58508
58508
58508
58507
58507
58507
58507
58506
58506
58506
58505
58505
58505
58505
58504
58504
58504
58504
58503
58503
58503
58503
58502
58502
58502
58501
58501
58501
58501
58500
58500
58500
58500
58499
58499
58499
58498
58498
58498
58498
58497
58497
58497
58497
58496
58496
58495
58495
58495
58495
58494
58494
58494
58494
58493
58493
58493
58493
58492
58492
58492
58492
58491
58491
58491
58490
58490
58490
58490
58489
58489
58489
58489
58488
58488
58488
58488
58487
58487
58487
58487
58486
58486
58486
58485
58485
58485
58485
58484
58484
58484
58484
58483
58483
58483
58483
58481
58480
58478
58477
58475
58474
58472
58472
58471
58471
58471
58471
58470
58470
58470
58470
58468
58468
58467
58467
58467
58467
58466
58466
58466
58466
58465
58465
58465
58465
58464
58464
58464
58464
58463
58463
58463
58463
58462
58461
58461
58460
58460
58460
58460
58459
58459
58459
58459
58458
58458
58458
58458
58457
58457
58456
58455
58455
58455
58455
58453
58453
58451
58451
58451
58449
58449
58449
58449
58448
58448
58448
58447
58447
58447
58447
58446
58445
58445
58445
58444
58444
58444
58443
58443
58442
58441
58441
58441
58441
58440
58440
58440
58440
58439
58439
58439
58439
58438
58438
58437
58436
58436
58436
58436
58435
58435
58435
58435
58434
58434
58434
58434
58433
58433
58433
58433
58432
58432
58432
58432
58431
58431
58431
58431
58430
58430
58430
58430
58429
58429
58429
58429
58428
58428
58428
58428
58427
58427
58427
58427
58426
58426
58426
58426
58425
58425
58425
58425
58424
58424
58424
58424
58423
58423
58423
58423
58422
58422
58422
58422
58421
58421
58421
58421
58420
58420
58420
58419
58419
58419
58419
58418
58418
58418
58418
58417
58417
58417
58417
58416
58416
58416
58414
58414
58414
58413
58413
58413
58413
58412
58412
58412
58410
58409
58407
58406
58404
58399
58398
58398
58398
58395
58395
58394
58394
58393
58393
58393
58392
58392
58391
58391
58390
58390
58390
58389
58389
58389
58389
58388
58388
58388
58388
58387
58386
58386
58385
58385
58385
58385
58384
58384
58384
58384
58383
58383
58383
58381
58381
58381
58381
58380
58380
58379
58379
58358
58358
58356
58355
58355
58355
58354
58354
58354
58354
58353
58353
58353
58352
58352
58352
58351
58349
58348
58348
58348
58347
58347
58346
58346
58344
58344
58344
58343
58343
58343
58343
58342
58342
58342
58342
58341
58341
58341
58341
58339
58338
58338
58338
58337
58337
58337
58336
58336
58336
58335
58335
58335
58335
58334
58334
58334
58334
58333
58333
58333
58332
58332
58332
58332
58331
58331
58331
58330
58330
58330
58329
58329
58329
58329
58327
58327
58326
58326
58326
58325
58325
58325
58325
58324
58324
58324
58324
58323
58323
58323
58322
58322
58322
58322
58321
58321
58321
58321
58320
58320
58320
58319
58319
58319
58319
58318
58318
58318
58317
58317
58317
58317
58316
58316
58316
58315
58315
58315
58315
58314
58314
58314
58314
58313
58313
58313
58312
58312
58312
58312
58311
58311
58311
58311
58310
58310
58310
58310
58309
58309
58308
58308
58308
58307
58307
58307
58306
58306
58306
58306
58305
58305
58305
58305
58304
58304
58304
58303
58303
58303
58303
58302
58302
58302
58301
58301
58301
58300
58300
58300
58300
58299
58299
58299
58298
58298
58298
58298
58297
58297
58297
58297
58296
58296
58296
58295
58295
58295
58295
58294
58294
58294
58293
58293
58293
58293
58292
58292
58292
58291
58291
58291
58290
58290
58290
58289
58289
58289
58289
58288
58288
58288
58287
58287
58287
58287
58286
58286
58286
58286
58285
58285
58285
58284
58284
58284
58284
58283
58283
58283
58282
58282
58282
58282
58281
58281
58281
58280
58280
58280
58280
58279
58279
58279
58278
58278
58278
58277
58277
58277
58277
58276
58276
58276
58275
58275
58275
58274
58274
58274
58274
58273
58273
58273
58272
58272
58272
58272
58271
58271
58271
58270
58270
58270
58270
58269
58269
58269
58268
58268
58268
58268
58267
58267
58267
58266
58266
58266
58265
58265
58265
58264
58264
58264
58264
58263
58263
58262
58262
58261
58261
58261
58260
58260
58260
58260
58259
58259
58259
58258
58258
58258
58257
58257
58257
58257
58256
58256
58256
58255
58255
58255
58255
58254
58254
58254
58253
58253
58253
58252
58249
58248
58245
58245
58243
58242
58242
58241
58241
58241
58240
58240
58240
58240
58239
58239
58239
58239
58238
58238
58238
58238
58237
58237
58237
58235
58235
58234
58234
58234
58233
58233
58233
58233
58232
58232
58232
58232
58231
58230
58229
58229
58229
58229
58228
58228
58228
58226
58225
58225
58224
58224
58224
58224
58223
58223
58223
58223
58222
58222
58222
58222
58221
58221
58221
58220
58220
58220
58220
58219
58218
58218
58217
58217
58217
58217
58216
58216
58216
58216
58215
58215
58215
58215
58214
58213
58211
58210
58209
58209
58209
58208
58206
58206
58206
58205
58204
58204
58203
58203
58202
58202
58202
58202
58201
58201
58201
58201
58200
58200
58200
58199
58199
58199
58199
58198
58198
58198
58198
58197
58197
58197
58197
58196
58196
58196
58196
58195
58195
58195
58195
58194
58194
58194
58194
58193
58193
58193
58193
58192
58192
58192
58192
58191
58191
58191
58191
58190
58190
58190
58189
58189
58189
58189
58188
58188
58188
58188
58187
58187
58187
58187
58186
58186
58186
58186
58185
58183
58183
58183
58182
58182
58182
58181
58181
58181
58181
58180
58180
58180
58180
58179
58179
58179
58179
58178
58178
58178
58178
58177
58177
58177
58175
58173
58171
58170
58169
58167
58167
58166
58166
58166
58165
58165
58165
58165
58164
58164
58164
58163
58163
58163
58161
58161
58161
58160
58160
58160
58160
58159
58159
58159
58159
58158
58158
58158
58158
58157
58157
58157
58157
58156
58156
58156
58156
58154
58154
58154
58153
58153
58153
58152
58152
58152
58152
58151
58151
58151
58151
58150
58150
58150
58150
58149
58149
58148
58146
58145
58143
58143
58143
58143
58142
58142
58142
58142
58141
58141
58141
58140
58140
58140
58140
58139
58138
58138
58138
58137
58137
58137
58136
58136
58136
58136
58135
58135
58135
58135
58134
58134
58134
58134
58133
58133
58133
58133
58132
58132
58132
58132
58131
58131
58131
58131
58130
58130
58130
58130
58129
58129
58129
58129
58128
58128
58127
58127
58127
58127
58126
58126
58126
58125
58125
58125
58125
58125
58124
58124
58124
58123
58123
58123
58123
58122
58122
58122
58122
58121
58121
58121
58121
58120
58120
58120
58120
58119
58119
58119
58119
58118
58118
58118
58117
58117
58117
58117
58116
58116
58116
58116
58115
58115
58115
58115
58114
58114
58114
58114
58113
58113
58113
58113
58112
58112
58112
58112
58111
58111
58111
58111
58110
58110
58110
58107
58105
58102
58100
58099
58097
58096
58096
58095
58095
58095
58094
58094
58094
58093
58093
58092
58092
58091
58091
58091
58090
58090
58090
58090
58089
58089
58089
58089
58088
58088
58088
58088
58087
58087
58087
58087
58086
58086
58084
58084
58084
58084
58083
58083
58083
58083
58082
58082
58082
58082
58081
58081
58081
58081
58079
58079
58079
58078
58078
58077
58077
58075
58075
58075
58074
58074
58074
58074
58073
58073
58073
58073
58072
58072
58072
58072
58070
58070
58070
58069
58069
58069
58069
58068
58067
58067
58067
58066
58066
58066
58065
58065
58065
58065
58064
58064
58064
58064
58063
58062
58062
58062
58061
58061
58061
58060
58060
58060
58060
58059
58059
58059
58059
58058
58058
58058
58058
58057
58057
58057
58057
58056
58056
58056
58056
58055
58055
58055
58053
58053
58053
58052
58052
58052
58052
58051
58051
58051
58051
58050
58050
58050
58050
58049
58049
58049
58049
58048
58048
58048
58048
58047
58047
58047
58047
58046
58046
58046
58046
58045
58045
58045
58045
58044
58044
58044
58044
58043
58043
58043
58043
58042
58042
58042
58042
58041
58041
58041
58041
58040
58040
58040
58038
58038
58038
58037
58037
58037
58037
58036
58036
58036
58034
58033
58031
58030
58028
58027
58026
58026
58026
58024
58024
58024
58024
58023
58023
58023
58023
58022
58022
58022
58022
58021
58021
58021
58021
58020
58020
58020
58020
58019
58019
58019
58017
58017
58017
58016
58016
58016
58016
58015
58015
58015
58015
58014
58014
58012
58012
58009
58009
58008
58008
58007
58007
58005
58005
58003
58002
58002
58002
58001
58000
58000
58000
57999
57999
57999
57998
57998
57998
57997
57995
57995
57995
57994
57994
57994
57993
57993
57991
57990
57990
57989
57989
57988
57988
57988
57988
57987
57987
57986
57986
57986
57986
57984
57983
57983
57982
57982
57981
57981
57980
57980
57980
57979
57979
57979
57978
57978
57978
57978
57978
57977
57977
57977
57976
57976
57976
57976
57975
57975
57975
57975
57974
57974
57974
57974
57973
57973
57973
57973
57972
57972
57972
57972
57971
57971
57970
57970
57970
57970
57969
57969
57969
57969
57968
57968
57968
57968
57967
57967
57967
57967
57966
57966
57966
57966
57965
57965
57965
57965
57964
57964
57964
57964
57963
57963
57963
57963
57962
57962
57962
57961
57961
57958
57958
57958
57958
57957
57957
57957
57957
57956
57956
57956
57956
57955
57955
57955
57955
57954
57954
57954
57951
57950
57948
57945
57944
57942
57942
57941
57941
57941
57940
57940
57940
57939
57939
57939
57939
57938
57938
57938
57937
57937
57937
57937
57936
57936
57935
57934
57934
57934
57934
57933
57933
57933
57933
57932
57931
57931
57930
57930
57930
57930
57929
57929
57929
57929
57928
57927
57927
57925
57925
57925
57924
57924
57924
57924
57923
57923
57923
57923
57922
57922
57922
57922
57920
57919
57919
57919
57918
57918
57918
57918
57916
57916
57916
57915
57915
57915
57915
57914
57914
57914
57914
57913
57913
57913
57913
57911
57911
57911
57910
57910
57910
57910
57909
57909
57909
57909
57908
57908
57908
57908
57907
57907
57907
57907
57906
57906
57906
57906
57905
57905
57905
57904
57904
57904
57904
57903
57903
57903
57903
57902
57902
57902
57902
57901
57901
57901
57901
57900
57900
57900
57900
57899
57899
57899
57899
57898
57898
57898
57897
57897
57897
57897
57896
57896
57896
57895
57895
57895
57895
57894
57894
57894
57893
57893
57893
57893
57892
57892
57892
57892
57891
57891
57889
57889
57889
57889
57888
57888
57888
57888
57887
57887
57887
57887
57886
57886
57886
57886
57885
57885
57885
57885
57884
57884
57884
57884
57883
57883
57883
57882
57881
57879
57878
57877
57875
57874
57873
57872
57872
57872
57872
57871
57871
57871
57871
57870
57870
57870
57870
57869
57868
57868
57867
57867
57867
57867
57866
57865
57865
57865
57864
57864
57864
57864
57863
57863
57863
57862
57862
57862
57862
57860
57860
57858
57858
57858
57858
57857
57857
57857
57856
57856
57856
57856
57855
57855
57855
57855
57853
57853
57853
57852
57852
57852
57850
57850
57848
57848
57848
57848
57847
57847
57847
57847
57846
57846
57846
57846
57845
57845
57845
57843
57843
57843
57843
57842
57842
57842
57842
57841
57841
57841
57841
57840
57840
57840
57840
57839
57839
57839
57839
57838
57838
57838
57835
57835
57835
57835
57834
57834
57834
57834
57833
57833
57833
57832
57832
57832
57832
57831
57831
57831
57831
57830
57830
57830
57830
57829
57829
57829
57829
57828
57828
57828
57828
57827
57827
57827
57827
57826
57826
57826
57826
57825
57825
57825
57825
57824
57824
57824
57823
57823
57823
57823
57822
57821
57821
57820
57820
57820
57820
57819
57819
57819
57819
57818
57818
57818
57818
57817
57817
57817
57817
57816
57816
57816
57816
57815
57815
57815
57815
57814
57814
57814
57814
57813
57813
57813
57813
57812
57812
57812
57810
57809
57807
57806
57804
57802
57802
57802
57801
57801
57801
57801
57800
57800
57799
57798
57798
57798
57797
57796
57796
57796
57796
57795
57795
57795
57794
57794
57794
57794
57793
57793
57793
57793
57792
57791
57791
57789
57789
57789
57788
57788
57788
57787
57787
57787
57787
57786
57786
57786
57786
57785
57784
57784
57783
57783
57783
57783
57782
57782
57781
57780
57780
57780
57780
57779
57779
57779
57779
57778
57778
57778
57777
57777
57777
57776
57775
57775
57775
57775
57774
57774
57774
57774
57773
57773
57773
57773
57772
57772
57772
57772
57771
57771
57771
57770
57770
57770
57769
57768
57768
57768
57768
57767
57767
57767
57767
57766
57766
57766
57766
57765
57765
57765
57765
57764
57764
57764
57764
57763
57763
57763
57762
57762
57762
57762
57761
57761
57759
57759
57759
57759
57758
57758
57758
57758
57757
57757
57757
57757
57756
57756
57756
57756
57755
57755
57754
57753
57753
57753
57753
57752
57752
57752
57751
57751
57751
57751
57750
57750
57750
57750
57749
57749
57749
57749
57748
57748
57748
57748
57747
57747
57747
57747
57746
57746
57746
57746
57745
57745
57745
57745
57744
57744
57744
57743
57743
57743
57743
57742
57742
57742
57740
57739
57737
57735
57734
57731
57731
57731
57729
57728
57728
57727
57727
57727
57727
57726
57726
57726
57726
57725
57725
57725
57724
57724
57724
57724
57723
57723
57723
57721
57721
57720
57720
57719
57719
57719
57719
57718
57718
57718
57717
57717
57717
57717
57717
57716
57715
57715
57714
57714
57714
57714
57713
57713
57712
57711
57711
57711
57711
57710
57710
57710
57710
57709
57709
57709
57709
57708
57708
57707
57706
57706
57706
57706
57705
57705
57705
57704
57704
57704
57704
57703
57703
57703
57703
57702
57702
57702
57702
57701
57701
57701
57698
57698
57698
57697
57697
57697
57697
57696
57696
57696
57696
57695
57695
57695
57695
57694
57684
57683
57683
57682
57682
57682
57681
57681
57681
57681
57680
57680
57680
57680
57679
57679
57679
57679
57678
57678
57678
57678
57677
57677
57677
57677
57676
57676
57676
57674
57674
57674
57673
57673
57673
57673
57672
57672
57672
57672
57671
57671
57671
57671
57670
57670
57670
57670
57669
57669
57669
57669
57668
57668
57668
57667
57667
57667
57667
57666
57666
57666
57666
57665
57665
57665
57665
57664
57664
57664
57663
57663
57663
57663
57663
57662
57662
57662
57661
57661
57661
57661
57660
57660
57657
57656
57654
57653
57652
57650
57650
57649
57649
57649
57648
57648
57648
57648
57647
57647
57647
57646
57646
57646
57646
57645
57645
57645
57645
57643
57643
57642
57642
57641
57641
57641
57641
57640
57640
57640
57639
57639
57638
57638
57637
57636
57636
57635
57635
57634
57634
57634
57632
57632
57631
57631
57631
57630
57630
57630
57630
57629
57629
57628
57628
57628
57627
57627
57625
57625
57625
57624
57624
57624
57623
57623
57623
57623
57622
57622
57622
57621
57621
57621
57621
57620
57620
57620
57619
57619
57617
57617
57617
57616
57616
57616
57616
57615
57615
57615
57614
57614
57614
57614
57613
57613
57613
57612
57612
57612
57612
57611
57611
57611
57610
57610
57610
57610
57609
57609
57609
57608
57608
57608
57607
57607
57607
57607
57606
57606
57606
57605
57605
57605
57605
57604
57604
57604
57603
57603
57603
57603
57602
57602
57602
57601
57601
57600
57600
57600
57599
57599
57598
57598
57598
57598
57597
57597
57597
57596
57596
57596
57595
57595
57595
57594
57594
57594
57594
57593
57593
57593
57592
57592
57592
57591
57591
57591
57590
57590
57590
57590
57589
57589
57589
57588
57588
57588
57587
57587
57587
57587
57586
57586
57585
57585
57584
57584
57584
57583
57583
57583
57582
57582
57582
57581
57581
57581
57580
57580
57580
57579
57579
57579
57579
57578
57578
57578
57577
57577
57577
57576
57576
57576
57575
57575
57575
57574
57574
57574
57574
57573
57573
57573
57572
57572
57572
57571
57571
57571
57570
57570
57570
57569
57569
57569
57568
57568
57567
57567
57567
57566
57566
57566
57565
57565
57565
57565
57564
57564
57562
57562
57561
57561
57561
57560
57560
57560
57559
57559
57558
57558
57558
57558
57557
57557
57557
57556
57556
57556
57555
57555
57555
57555
57554
57554
57554
57553
57553
57553
57552
57552
57552
57552
57551
57551
57551
57550
57550
57550
57550
57549
57549
57549
57548
57548
57548
57548
57547
57547
57547
57546
57546
57546
57546
57545
57545
57544
57544
57544
57543
57543
57543
57542
57542
57541
57541
57541
57540
57540
57540
57540
57539
57539
57539
57538
57538
57538
57538
57537
57537
57537
57536
57536
57536
57536
57535
57535
57535
57534
57534
57534
57533
57533
57533
57532
57532
57532
57532
57531
57531
57531
57530
57530
57530
57529
57529
57529
57529
57528
57528
57528
57527
57527
57527
57526
57526
57526
57526
57525
57525
57525
57524
57524
57524
57524
57523
57523
57523
57522
57522
57522
57521
57521
57520
57520
57520
57520
57519
57519
57519
57518
57518
57518
57518
57517
57517
57517
57517
57516
57516
57516
57515
57515
57515
57515
57514
57514
57514
57513
57513
57513
57513
57512
57512
57512
57511
57511
57511
57511
57510
57510
57510
57509
57509
57509
57509
57508
57508
57508
57507
57507
57507
57506
57506
57506
57505
57505
57505
57504
57504
57504
57504
57503
57502
57502
57502
57501
57501
57501
57500
57500
57500
57499
57499
57499
57498
57498
57498
57498
57497
57497
57497
57497
57496
57496
57495
57495
57495
57495
57494
57494
57494
57494
57493
57493
57493
57492
57492
57491
57491
57491
57490
57490
57490
57489
57489
57489
57489
57488
57488
57487
57487
57487
57487
57486
57486
57486
57485
57485
57485
57484
57484
57484
57483
57483
57481
57481
57481
57480
57480
57480
57479
57479
57479
57479
57478
57478
57478
57477
57477
57477
57476
57476
57476
57475
57475
57475
57475
57474
57474
57474
57473
57473
57473
57472
57472
57472
57472
57471
57471
57471
57470
57470
57470
57470
57469
57469
57469
57468
57468
57468
57467
57467
57467
57467
57466
57466
57466
57465
57465
57465
57464
57464
57464
57463
57463
57463
57462
57462
57462
57461
57461
57460
57460
57460
57459
57459
57459
57458
57458
57458
57458
57457
57457
57456
57456
57456
57456
57455
57455
57454
57454
57454
57453
57453
57453
57453
57452
57452
57451
57451
57451
57450
57450
57450
57450
57449
57449
57449
57448
57448
57448
57447
57447
57447
57447
57446
57446
57446
57445
57445
57445
57444
57444
57444
57444
57443
57443
57443
57442
57442
57442
57441
57441
57441
57441
57440
57440
57440
57439
57439
57439
57438
57438
57438
57438
57437
57437
57437
57436
57436
57436
57436
57435
57435
57435
57434
57434
57434
57434
57433
57433
57433
57432
57432
57432
57432
57431
57431
57431
57431
57430
57430
57430
57429
57429
57429
57429
57428
57428
57428
57427
57427
57427
57427
57426
57426
57426
57425
57425
57425
57425
57424
57424
57424
57423
57423
57423
57423
57422
57422
57422
57421
57421
57421
57420
57420
57420
57420
57419
57419
57419
57418
57418
57418
57418
57417
57417
57417
57416
57416
57416
57416
57415
57415
57415
57415
57414
57414
57414
57414
57413
57413
57413
57412
57412
57412
57412
57411
57411
57411
57411
57410
57410
57410
57409
57409
57409
57409
57408
57408
57408
57407
57407
57407
57407
57406
57406
57406
57406
57405
57404
57403
57403
57403
57402
57402
57402
57401
57401
57401
57400
57400
57400
57400
57399
57399
57399
57399
57398
57398
57398
57398
57397
57397
57397
57396
57396
57396
57396
57395
57395
57395
57395
57394
57394
57394
57394
57393
57393
57393
57392
57392
57392
57392
57391
57391
57391
57391
57390
57390
57390
57389
57389
57389
57389
57388
57388
57388
57388
57387
57387
57387
57386
57386
57386
57386
57385
57385
57385
57384
57384
57384
57384
57383
57383
57383
57382
57382
57382
57382
57381
57381
57381
57380
57380
57380
57380
57379
57379
57379
57378
57378
57378
57378
57353
57353
57352
57352
57352
57352
57351
57351
57351
57350
57350
57350
57350
57349
57349
57349
57349
57348
57348
57347
57347
57347
57347
57346
57346
57346
57345
57345
57345
57345
57344
57344
57344
57343
57343
57343
57343
57342
57342
57342
57342
57341
57341
57341
57340
57340
57340
57340
57339
57339
57339
57339
57338
57338
57338
57337
57337
57337
57337
57336
57336
57336
57336
57335
57335
57335
57335
57334
57334
57334
57334
57333
57333
57333
57333
57332
57332
57332
57331
57331
57331
57331
57330
57330
57330
57330
57329
57329
57329
57328
57328
57328
57328
57327
57327
57327
57327
57326
57326
57326
57325
57325
57324
57324
57324
57323
57323
57323
57323
57322
57322
57322
57321
57321
57321
57321
57320
57320
57320
57319
57319
57319
57318
57318
57318
57318
57317
57317
57317
57317
57316
57316
57316
57316
57315
57315
57315
57315
57314
57314
57314
57314
57313
57313
57313
57313
57312
57312
57312
57312
57311
57311
57311
57311
57310
57310
57310
57310
57309
57309
57309
57309
57306
57306
57305
57305
57305
57305
57304
57304
57304
57304
57303
57303
57303
57303
57302
57302
57302
57301
57301
57301
57301
57300
57300
57300
57300
57299
57299
57299
57299
57298
57298
57298
57298
57297
57297
57297
57297
57296
57296
57296
57296
57295
57295
57295
57294
57294
57294
57294
57293
57293
57293
57293
57292
57292
57292
57292
57291
57291
57291
57291
57290
57290
57290
57290
57289
57289
57289
57289
57288
57288
57288
57288
57287
57287
57287
57287
57286
57286
57286
57286
57285
57285
57285
57285
57284
57284
57284
57284
57283
57283
57283
57283
57282
57282
57282
57282
57281
57281
57281
57281
57280
57280
57280
57280
57279
57279
57279
57279
57278
57278
57278
57278
57277
57277
57277
57277
57276
57276
57276
57276
57275
57275
57275
57275
57274
57274
57274
57274
57271
57267
57266
57264
57264
57261
57261
57261
57260
57260
57260
57259
57259
57259
57259
57258
57258
57258
57258
57257
57257
57256
57255
57255
57255
57255
57254
57254
57254
57254
57253
57253
57253
57252
57252
57252
57252
57251
57251
57251
57251
57250
57250
57250
57249
57248
57248
57248
57247
57247
57247
57247
57246
57246
57246
57246
57245
57245
57245
57245
57244
57244
57244
57243
57243
57243
57242
57241
57241
57240
57240
57240
57240
57239
57239
57239
57239
57238
57238
57238
57238
57237
57237
57237
57235
57235
57235
57235
57234
57233
57233
57232
57232
57232
57232
57231
57231
57231
57231
57230
57230
57230
57230
57229
57229
57229
57229
57228
57228
57228
57228
57227
57227
57227
57227
57226
57226
57226
57225
57225
57225
57225
57224
57224
57224
57224
57222
57222
57218
57218
57217
57217
57217
57217
57216
57216
57216
57216
57215
57215
57215
57215
57214
57214
57214
57214
57213
57213
57213
57212
57212
57212
57212
57211
57211
57211
57211
57210
57210
57210
57210
57209
57209
57209
57209
57208
57208
57208
57208
57207
57207
57207
57207
57206
57206
57206
57206
57205
57205
57205
57205
57204
57204
57204
57204
57203
57203
57203
57203
57202
57202
57202
57200
57199
57197
57196
57194
57193
57193
57192
57192
57192
57192
57190
57190
57190
57189
57189
57189
57189
57188
57187
57186
57186
57186
57186
57185
57185
57185
57185
57184
57184
57184
57184
57183
57183
57182
57181
57180
57180
57179
57179
57179
57178
57178
57178
57178
57177
57177
57177
57177
57176
57176
57176
57175
57175
57175
57175
57174
57173
57173
57173
57172
57172
57172
57172
57171
57171
57171
57171
57170
57170
57170
57170
57169
57169
57169
57169
57168
57168
57168
57168
57166
57166
57165
57165
57165
57165
57164
57164
57164
57164
57163
57163
57163
57163
57162
57162
57162
57162
57161
57161
57161
57159
57159
57157
57157
57157
57157
57156
57156
57156
57156
57155
57155
57155
57155
57154
57154
57153
57152
57152
57152
57152
57151
57151
57151
57151
57150
57150
57150
57150
57149
57149
57149
57149
57148
57148
57148
57147
57147
57147
57147
57146
57146
57146
57146
57146
57145
57145
57145
57145
57144
57144
57144
57144
57143
57143
57143
57142
57142
57142
57142
57141
57141
57141
57141
57140
57140
57140
57140
57139
57139
57139
57139
57138
57138
57138
57138
57137
57137
57137
57137
57136
57136
57136
57136
57135
57135
57135
57135
57134
57134
57134
57131
57130
57128
57127
57125
57122
57122
57121
57121
57121
57121
57120
57120
57119
57119
57118
57118
57118
57118
57117
57117
57117
57116
57116
57116
57116
57115
57115
57114
57114
57112
57112
57112
57111
57111
57111
57111
57110
57110
57110
57110
57109
57109
57109
57109
57108
57108
57108
57108
57107
57107
57105
57105
57105
57105
57104
57104
57104
57104
57103
57103
57103
57103
57102
57102
57102
57101
57101
57101
57101
57100
57100
57100
57100
57098
57098
57098
57097
57097
57097
57097
57096
57096
57096
57095
57095
57095
57095
57094
57094
57094
57094
57093
57093
57093
57091
57091
57090
57089
57089
57089
57089
57088
57088
57088
57088
57087
57087
57084
57084
57084
57083
57083
57083
57082
57082
57082
57082
57081
57081
57081
57081
57080
57080
57080
57080
57079
57079
57079
57079
57078
57078
57078
57078
57077
57077
57077
57077
57076
57076
57076
57076
57075
57075
57075
57075
57074
57074
57074
57074
57073
57073
57073
57073
57072
57072
57072
57071
57071
57071
57071
57070
57070
57070
57070
57069
57069
57069
57069
57068
57068
57068
57068
57067
57067
57067
57067
57066
57066
57066
57066
57065
57065
57065
57065
57064
57064
57064
57064
57063
57063
57063
57061
57060
57058
57057
57055
57053
57052
57050
57050
57050
57050
57049
57049
57049
57048
57048
57048
57048
57047
57047
57047
57047
57045
57045
57043
57043
57043
57043
57042
57042
57042
57042
57041
57041
57041
57041
57040
57040
57040
57040
57039
57039
57039
57039
57038
57037
57037
57036
57036
57036
57035
57035
57035
57035
57035
57034
57034
57034
57033
57033
57033
57033
57032
57032
57031
57031
57030
57030
57028
57028
57028
57028
57027
57027
57027
57027
57026
57026
57026
57026
57025
57025
57025
57025
57024
57024
57024
57024
57023
57022
57022
57020
57020
57019
57019
57019
57019
57018
57018
57016
57016
57016
57015
57015
57015
57015
57014
57014
57014
57014
57013
57013
57013
57013
57012
57012
57012
57012
57011
57011
57011
57011
57010
57010
57010
57010
57009
57009
57009
57009
57008
57008
57008
57008
57007
57007
57007
57007
57006
57006
57006
57006
57005
57005
57005
57005
57004
57004
57004
57004
57003
57003
57003
57003
57002
57002
57002
57002
57001
57001
57001
57001
57000
57000
57000
57000
56999
56999
56999
56998
56998
56998
56998
56997
56997
56997
56997
56996
56996
56996
56996
56995
56995
56995
56995
56994
56994
56994
56994
56993
56993
56993
56991
56989
56987
56986
56984
56982
56982
56982
56982
56981
56981
56981
56980
56980
56980
56979
56978
56978
56976
56976
56976
56976
56975
56975
56975
56975
56974
56974
56974
56974
56973
56973
56973
56973
56972
56972
56972
56972
56971
56970
56970
56969
56969
56969
56969
56968
56968
56968
56968
56967
56967
56967
56966
56966
56966
56966
56965
56965
56965
56965
56964
56964
56963
56962
56962
56962
56962
56961
56961
56961
56961
56960
56960
56960
56960
56959
56959
56959
56959
56958
56958
56958
56958
56956
56956
56954
56954
56954
56954
56953
56952
56952
56951
56951
56951
56951
56950
56950
56950
56950
56947
56947
56947
56946
56946
56946
56946
56945
56945
56945
56945
56944
56944
56944
56944
56943
56943
56943
56943
56942
56942
56942
56942
56941
56941
56941
56941
56940
56939
56939
56938
56938
56938
56938
56937
56937
56937
56937
56936
56936
56936
56936
56935
56935
56935
56935
56934
56934
56934
56934
56933
56933
56933
56932
56932
56932
56931
56931
56931
56931
56930
56930
56930
56930
56929
56929
56929
56929
56928
56928
56928
56928
56927
56927
56927
56927
56926
56926
56926
56926
56925
56925
56925
56925
56924
56924
56924
56924
56923
56923
56923
56923
56921
56920
56918
56917
56915
56914
56913
56913
56913
56913
56911
56911
56909
56909
56909
56909
56908
56908
56908
56908
56907
56907
56907
56907
56906
56906
56906
56906
56905
56905
56905
56905
56904
56903
56903
56902
56902
56902
56901
56901
56901
56901
56901
56900
56900
56900
56900
56899
56899
56899
56899
56898
56898
56898
56898
56897
56896
56895
56895
56895
56895
56894
56894
56894
56894
56893
56893
56893
56893
56892
56892
56892
56892
56891
56891
56891
56891
56889
56889
56887
56887
56885
56885
56885
56885
56884
56884
56884
56884
56883
56883
56883
56883
56882
56881
56880
56880
56880
56880
56879
56879
56879
56877
56877
56877
56876
56876
56876
56876
56875
56875
56875
56875
56874
56874
56874
56874
56873
56873
56873
56873
56872
56872
56872
56872
56871
56871
56871
56871
56870
56870
56870
56870
56869
56869
56869
56868
56868
56868
56868
56867
56867
56867
56867
56867
56866
56866
56866
56865
56865
56865
56865
56864
56864
56864
56864
56863
56863
56863
56863
56862
56862
56862
56862
56861
56861
56861
56861
56860
56860
56860
56860
56859
56859
56859
56859
56858
56858
56858
56858
56857
56857
56857
56857
56856
56856
56856
56856
56855
56855
56855
56855
56852
56850
56849
56847
56845
56844
56842
56842
56841
56841
56841
56840
56840
56840
56840
56839
56839
56839
56839
56838
56838
56838
56838
56837
56837
56837
56837
56835
56834
56834
56834
56833
56833
56832
56832
56832
56832
56831
56831
56831
56831
56830
56830
56830
56829
56829
56829
56829
56828
56828
56827
56827
56826
56826
56826
56825
56825
56825
56825
56824
56824
56824
56824
56823
56823
56823
56823
56822
56822
56822
56822
56820
56819
56817
56817
56817
56816
56816
56816
56816
56815
56815
56815
56815
56814
56814
56814
56814
56811
56811
56810
56810
56810
56810
56809
56809
56808
56807
56807
56807
56806
56806
56806
56806
56805
56805
56805
56805
56804
56804
56804
56804
56803
56803
56803
56803
56802
56802
56802
56802
56801
56801
56801
56801
56800
56800
56800
56800
56799
56799
56799
56799
56798
56798
56798
56798
56797
56797
56797
56797
56796
56796
56796
56796
56795
56795
56795
56795
56794
56794
56794
56794
56793
56793
56793
56793
56792
56792
56792
56792
56791
56791
56791
56791
56790
56790
56790
56789
56789
56789
56789
56788
56788
56788
56788
56787
56787
56787
56787
56786
56786
56786
56786
56785
56785
56785
56785
56784
56784
56784
56784
56783
56752
56749
56747
56745
56744
56742
56741
56741
56741
56740
56740
56740
56739
56739
56739
56739
56738
56738
56738
56738
56737
56736
56735
56735
56735
56735
56734
56734
56734
56733
56733
56733
56733
56733
56732
56732
56732
56731
56731
56731
56731
56730
56730
56730
56728
56728
56727
56727
56727
56726
56726
56726
56726
56725
56725
56725
56725
56724
56724
56724
56724
56723
56723
56721
56719
56718
56717
56715
56715
56715
56714
56714
56714
56714
56713
56713
56713
56713
56712
56712
56712
56712
56710
56709
56709
56709
56709
56708
56708
56708
56706
56706
56706
56705
56705
56705
56704
56704
56704
56704
56703
56703
56703
56703
56702
56701
56700
56700
56700
56700
56699
56699
56699
56699
56698
56698
56698
56697
56697
56697
56697
56696
56696
56696
56696
56695
56695
56695
56695
56694
56694
56694
56693
56693
56693
56693
56692
56692
56692
56692
56691
56691
56691
56691
56690
56690
56690
56690
56689
56689
56689
56689
56688
56688
56688
56688
56687
56687
56687
56687
56686
56686
56686
56686
56685
56685
56685
56684
56684
56684
56684
56683
56683
56683
56683
56682
56682
56682
56681
56681
56681
56681
56680
56680
56680
56680
56679
56679
56679
56679
56678
56676
56675
56673
56672
56670
56669
56667
56667
56667
56667
56666
56666
56666
56665
56665
56665
56663
56663
56663
56663
56662
56662
56662
56661
56661
56661
56661
56660
56660
56660
56660
56659
56659
56659
56659
56658
56658
56658
56658
56656
56656
56655
56655
56655
56655
56654
56654
56654
56654
56653
56653
56653
56653
56652
56652
56650
56650
56650
56650
56649
56648
56648
56646
56646
56646
56645
56645
56645
56644
56644
56644
56643
56643
56643
56642
56642
56642
56640
56640
56640
56639
56639
56639
56639
56638
56635
56635
56635
56635
56634
56634
56634
56633
56633
56633
56633
56632
56632
56632
56632
56630
56630
56629
56629
56629
56629
56628
56628
56628
56627
56627
56627
56627
56626
56626
56626
56626
56625
56625
56625
56625
56624
56624
56624
56623
56623
56623
56623
56622
56621
56620
56620
56620
56620
56619
56619
56619
56619
56618
56618
56618
56618
56617
56617
56617
56617
56616
56616
56616
56616
56615
56615
56615
56615
56614
56614
56614
56614
56613
56613
56613
56613
56612
56612
56612
56612
56611
56611
56611
56611
56610
56610
56610
56610
56609
56609
56609
56608
56608
56608
56608
56607
56607
56606
56605
56605
56605
56605
56604
56604
56604
56604
56603
56602
56600
56598
56597
56596
56595
56594
56594
56594
56592
56592
56592
56591
56591
56591
56591
56590
56590
56590
56589
56589
56588
56588
56588
56587
56587
56587
56587
56586
56586
56586
56585
56584
56583
56583
56583
56582
56582
56582
56582
56581
56581
56581
56580
56580
56580
56579
56579
56579
56578
56578
56578
56577
56577
56577
56575
56575
56574
56574
56573
56573
56573
56573
56572
56572
56572
56571
56571
56571
56570
56570
56569
56568
56568
56568
56567
56567
56566
56565
56564
56564
56564
56563
56563
56563
56562
56562
56562
56562
56561
56561
56561
56560
56559
56558
56558
56558
56558
56557
56557
56557
56556
56556
56556
56555
56555
56555
56554
56554
56554
56554
56553
56553
56553
56552
56552
56552
56551
56551
56550
56550
56550
56549
56549
56549
56548
56548
56548
56548
56547
56547
56547
56546
56546
56546
56546
56545
56545
56545
56544
56544
56544
56543
56543
56543
56543
56542
56542
56542
56541
56541
56541
56540
56540
56539
56539
56539
56539
56538
56538
56537
56537
56537
56536
56536
56536
56535
56535
56535
56534
56534
56534
56534
56533
56533
56533
56532
56532
56532
56532
56531
56531
56531
56531
56530
56530
56530
56529
56529
56529
56529
56528
56526
56526
56526
56525
56525
56525
56524
56524
56524
56523
56523
56523
56523
56522
56522
56522
56521
56521
56521
56520
56520
56520
56519
56519
56519
56518
56518
56518
56518
56517
56517
56517
56516
56516
56516
56516
56515
56515
56515
56514
56514
56514
56513
56513
56513
56512
56512
56512
56512
56511
56511
56511
56510
56510
56510
56510
56509
56509
56509
56508
56508
56508
56507
56507
56507
56507
56506
56506
56506
56505
56505
56505
56504
56504
56504
56504
56503
56503
56503
56502
56502
56502
56501
56501
56501
56500
56500
56500
56499
56499
56499
56498
56498
56498
56498
56497
56497
56497
56496
56496
56496
56495
56495
56495
56495
56494
56494
56493
56493
56493
56493
56492
56492
56492
56491
56491
56491
56490
56490
56490
56489
56489
56489
56488
56488
56488
56488
56487
56487
56487
56486
56486
56486
56485
56485
56485
56484
56484
56484
56483
56483
56483
56483
56482
56482
56481
56481
56481
56480
56480
56480
56480
56479
56479
56479
56478
56478
56478
56478
56477
56477
56477
56476
56476
56476
56475
56475
56475
56474
56474
56474
56473
56473
56473
56472
56472
56472
56471
56471
56471
56471
56470
56470
56470
56469
56469
56469
56468
56468
56468
56467
56467
56467
56466
56466
56466
56465
56465
56465
56464
56464
56464
56463
56463
56463
56462
56462
56462
56461
56461
56461
56460
56460
56460
56460
56459
56459
56459
56458
56458
56458
56457
56457
56457
56456
56456
56456
56455
56455
56455
56454
56454
56454
56453
56453
56453
56453
56452
56452
56452
56451
56451
56451
56450
56450
56450
56449
56449
56449
56448
56448
56448
56448
56447
56447
56447
56445
56445
56444
56444
56444
56443
56443
56443
56442
56442
56442
56441
56441
56441
56440
56440
56440
56440
56439
56439
56439
56438
56438
56438
56438
56437
56437
56437
56436
56436
56436
56435
56435
56435
56435
56434
56434
56434
56433
56433
56433
56432
56432
56432
56432
56431
56431
56431
56430
56430
56430
56429
56429
56429
56428
56428
56428
56428
56427
56427
56427
56426
56426
56426
56426
56425
56425
56425
56424
56424
56424
56424
56423
56423
56423
56422
56422
56422
56421
56421
56421
56421
56420
56420
56420
56419
56419
56419
56418
56418
56418
56418
56417
56417
56417
56416
56416
56416
56415
56415
56415
56414
56414
56414
56413
56413
56413
56413
56412
56412
56412
56411
56411
56411
56411
56410
56410
56410
56409
56409
56409
56408
56408
56408
56408
56407
56407
56407
56406
56406
56405
56405
56405
56404
56404
56404
56403
56403
56403
56402
56402
56402
56401
56401
56401
56400
56400
56399
56399
56399
56399
56398
56398
56398
56397
56397
56397
56396
56396
56396
56395
56395
56395
56394
56394
56394
56394
56393
56393
56393
56392
56392
56391
56391
56391
56391
56390
56390
56390
56389
56389
56389
56388
56388
56388
56387
56387
56387
56386
56386
56386
56385
56385
56385
56385
56384
56384
56384
56383
56383
56383
56382
56382
56382
56381
56381
56381
56380
56380
56380
56380
56379
56379
56379
56378
56378
56378
56377
56295
56295
56294
56293
56293
56292
56292
56292
56291
56291
56291
56290
56290
56290
56289
56289
56289
56289
56288
56288
56288
56287
56287
56286
56286
56285
56285
56285
56285
56284
56284
56284
56283
56283
56283
56283
56282
56282
56279
56278
56278
56278
56277
56277
56277
56276
56276
56276
56276
56275
56275
56275
56274
56274
56274
56273
56273
56273
56272
56272
56272
56271
56271
56271
56271
56270
56270
56270
56269
56269
56269
56268
56268
56268
56267
56267
56267
56267
56266
56266
56266
56266
56265
56265
56265
56264
56264
56263
56263
56263
56262
56262
56262
56262
56261
56261
56260
56260
56260
56259
56259
56259
56258
56258
56258
56257
56257
56257
56256
56256
56256
56255
56255
56255
56254
56254
56254
56254
56253
56253
56253
56252
56252
56252
56251
56251
56250
56250
56250
56250
56249
56249
56249
56248
56248
56248
56248
56247
56247
56246
56246
56246
56246
56245
56245
56245
56244
56244
56244
56244
56243
56243
56242
56242
56242
56241
56241
56241
56240
56240
56240
56240
56239
56239
56239
56238
56238
56238
56237
56237
56237
56236
56236
56236
56235
56235
56235
56235
56234
56234
56234
56233
56233
56233
56232
56232
56232
56231
56231
56231
56231
56230
56230
56230
56229
56229
56229
56228
56228
56228
56227
56227
56227
56227
56226
56226
56226
56225
56225
56225
56224
56224
56224
56224
56223
56223
56223
56222
56221
56221
56221
56221
56220
56220
56220
56219
56219
56219
56219
56218
56218
56217
56217
56217
56217
56216
56216
56215
56215
56215
56214
56214
56214
56213
56213
56213
56213
56212
56212
56212
56211
56211
56211
56211
56210
56210
56210
56209
56209
56209
56208
56208
56208
56208
56207
56207
56207
56206
56206
56206
56205
56205
56205
56204
56204
56204
56204
56203
56203
56203
56202
56202
56202
56202
56201
56201
56201
56200
56200
56200
56199
56199
56199
56199
56197
56196
56196
56196
56195
56195
56195
56194
56194
56194
56194
56193
56193
56193
56192
56192
56192
56191
56191
56191
56191
56190
56190
56190
56189
56189
56189
56189
56188
56188
56188
56187
56187
56186
56186
56186
56186
56185
56185
56185
56184
56184
56184
56184
56183
56183
56183
56182
56182
56182
56182
56181
56181
56181
56180
56180
56180
56180
56179
56179
56179
56178
56178
56177
56177
56177
56177
56176
56176
56176
56176
56175
56175
56175
56175
56174
56174
56174
56173
56173
56173
56172
56172
56172
56171
56171
56170
56170
56170
56169
56169
56169
56168
56168
56168
56167
56167
56167
56167
56166
56166
56166
56165
56165
56165
56165
56164
56164
56164
56163
56163
56163
56162
56162
56162
56161
56161
56161
56160
56160
56160
56160
56159
56159
56159
56158
56158
56158
56157
56157
56157
56157
56156
56156
56156
56156
56155
56155
56155
56154
56154
56154
56153
56153
56153
56152
56152
56152
56151
56151
56151
56151
56150
56150
56150
56150
56149
56149
56149
56148
56148
56148
56148
56147
56147
56147
56146
56146
56146
56146
56145
56145
56145
56145
56144
56144
56144
56143
56143
56143
56143
56142
56142
56142
56141
56141
56141
56141
56140
56140
56140
56139
56139
56139
56138
56138
56138
56137
56137
56137
56136
56136
56136
56135
56135
56135
56135
56134
56134
56134
56133
56133
56133
56132
56132
56132
56132
56131
56131
56131
56130
56130
56130
56130
56129
56129
56129
56128
56128
56128
56128
56127
56127
56127
56127
56126
56126
56126
56125
56125
56125
56125
56124
56124
56124
56124
56123
56123
56123
56122
56122
56122
56122
56121
56121
56121
56119
56119
56118
56118
56118
56117
56117
56117
56117
56116
56116
56116
56115
56115
56115
56115
56114
56114
56114
56114
56113
56113
56113
56112
56112
56112
56112
56111
56111
56111
56110
56110
56110
56110
56109
56109
56109
56109
56108
56108
56108
56107
56107
56107
56107
56106
56106
56106
56106
56105
56105
56105
56104
56104
56104
56103
56103
56102
56102
56102
56102
56101
56101
56101
56101
56100
56100
56100
56099
56099
56099
56099
56098
56098
56098
56098
56097
56097
56097
56097
56096
56096
56096
56095
56095
56095
56095
56094
56094
56094
56094
56093
56093
56093
56093
56092
56092
56092
56091
56091
56091
56091
56090
56090
56090
56090
56089
56089
56089
56088
56088
56088
56088
56087
56087
56087
56087
56086
56086
56086
56086
56085
56085
56085
56084
56084
56084
56084
56083
56083
56083
56082
56082
56082
56081
56081
56081
56081
56080
56080
56080
56079
56079
56079
56079
56078
56078
56078
56078
56077
56077
56077
56076
56076
56076
56076
56075
56075
56075
56075
56074
56074
56074
56073
56073
56073
56073
56072
56072
56072
56071
56071
56071
56071
56070
56070
56070
56070
56069
56069
56069
56068
56068
56068
56068
56067
56067
56067
56066
56066
56066
56066
56065
56065
56065
56065
56064
56064
56064
56063
56063
56063
56063
56062
56062
56062
56061
56061
56061
56061
56060
56060
56060
56060
56059
56059
56059
56059
56058
56058
56058
56057
56057
56057
56057
56056
56056
56056
56056
56055
56055
56055
56054
56054
56054
56054
56053
56053
56053
56052
56052
56052
56052
56051
56051
56051
56051
56050
56050
56050
56049
56049
56049
56049
56048
56048
56046
56046
56046
56046
56045
56045
56045
56044
56044
56044
56044
56043
56043
56043
56042
56042
56042
56042
56041
56041
56041
56041
56040
56040
56040
56039
56039
56039
56039
56038
56038
56038
56038
56037
56037
56037
56037
56036
56036
56036
56035
56035
56035
56035
56034
56034
56034
56034
56033
56033
56033
56032
56032
56032
56032
56031
56031
56031
56031
56030
56030
56030
56029
56029
56029
56028
56028
56028
56027
56027
56027
56026
56026
56026
56026
56025
56025
56025
56025
56024
56024
56024
56023
56023
56023
56023
56022
56022
56022
56021
56021
56021
56021
56020
56020
56020
56019
56019
56019
56019
56018
56018
56018
56017
56017
56017
56017
56016
56016
56016
56015
56015
56015
56015
56014
56014
56014
56013
56013
56013
56013
56012
56012
56012
56012
56011
56011
56011
56010
56010
56010
56010
56009
56009
56009
56008
56008
56008
56007
56007
56007
56007
56006
56006
56006
56005
56005
56005
56005
56004
56004
56004
56004
56003
56003
56003
56003
56002
56002
56002
56001
56001
56001
56000
56000
56000
56000
55999
55999
55999
55998
55998
55998
55998
55997
55997
55997
55997
55996
55996
55996
55995
55995
55995
55995
55994
55994
55994
55994
55993
55993
55993
55993
55992
55992
55992
55991
55991
55991
55991
55990
55990
55990
55990
55989
55989
55989
55989
55988
55988
55988
55987
55987
55987
55987
55986
55986
55986
55986
55985
55985
55985
55985
55984
55984
55984
55984
55983
55983
55983
55983
55982
55982
55982
55981
55981
55981
55981
55980
55980
55980
55980
55979
55979
55979
55978
55978
55978
55978
55977
55977
55977
55977
55976
55976
55976
55974
55974
55973
55973
55972
55972
55972
55971
55971
55971
55971
55970
55970
55970
55970
55969
55969
55969
55969
55968
55968
55968
55967
55967
55967
55967
55966
55966
55966
55966
55965
55965
55965
55965
55964
55964
55964
55964
55963
55963
55963
55962
55962
55962
55962
55961
55961
55961
55961
55960
55960
55960
55960
55959
55959
55959
55959
55958
55958
55958
55958
55957
55957
55957
55956
55956
55956
55956
55955
55955
55955
55955
55954
55954
55954
55954
55953
55953
55953
55952
55952
55952
55952
55951
55951
55951
55951
55950
55950
55950
55950
55949
55949
55949
55948
55948
55948
55948
55947
55947
55947
55947
55946
55946
55946
55945
55945
55945
55945
55944
55944
55944
55943
55943
55943
55943
55942
55942
55942
55942
55941
55941
55941
55941
55940
55940
55940
55939
55939
55939
55939
55938
55938
55938
55938
55937
55937
55937
55937
55936
55936
55936
55935
55935
55935
55935
55934
55934
55934
55934
55933
55933
55933
55933
55932
55932
55932
55931
55931
55931
55931
55930
55930
55930
55930
55929
55929
55929
55929
55928
55928
55928
55928
55927
55927
55927
55926
55926
55926
55926
55925
55925
55925
55925
55924
55924
55924
55924
55923
55923
55923
55922
55922
55922
55921
55921
55921
55920
55920
55920
55920
55919
55919
55919
55918
55918
55918
55918
55917
55917
55917
55917
55916
55916
55916
55916
55915
55915
55915
55915
55914
55914
55914
55913
55913
55913
55913
55912
55912
55912
55911
55911
55911
55911
55910
55910
55910
55910
55909
55909
55909
55908
55908
55908
55908
55907
55907
55907
55907
55906
55906
55906
55906
55905
55905
55905
55903
55903
55903
55903
55902
55902
55902
55902
55901
55901
55901
55901
55900
55900
55900
55900
55899
55899
55899
55899
55898
55898
55898
55898
55897
55897
55897
55896
55896
55896
55896
55895
55895
55895
55895
55894
55894
55894
55894
55893
55893
55893
55893
55892
55892
55892
55892
55891
55891
55891
55891
55890
55890
55890
55890
55889
55889
55889
55888
55888
55888
55888
55887
55887
55887
55887
55886
55886
55886
55886
55885
55885
55885
55885
55884
55884
55884
55884
55883
55883
55883
55883
55882
55882
55882
55881
55881
55881
55881
55880
55880
55880
55880
55879
55879
55879
55879
55878
55878
55878
55878
55877
55877
55877
55876
55876
55876
55876
55875
55875
55875
55875
55874
55874
55874
55873
55873
55873
55873
55872
55872
55872
55871
55871
55871
55871
55870
55870
55870
55870
55869
55869
55869
55868
55868
55868
55867
55867
55867
55867
55866
55866
55866
55865
55865
55865
55865
55864
55864
55864
55864
55863
55863
55863
55863
55862
55862
55862
55862
55861
55861
55861
55861
55860
55860
55860
55860
55859
55859
55859
55858
55858
55858
55858
55857
55857
55857
55857
55856
55856
55856
55856
55855
55855
55855
55855
55854
55854
55854
55854
55853
55853
55853
55853
55852
55852
55852
55852
55851
55851
55851
55850
55850
55850
55850
55849
55849
55849
55849
55848
55848
55848
55848
55847
55847
55847
55847
55846
55846
55846
55846
55845
55845
55845
55845
55844
55844
55844
55844
55843
55843
55843
55843
55842
55842
55842
55841
55841
55841
55841
55840
55840
55840
55840
55839
55839
55839
55839
55838
55838
55838
55838
55837
55837
55837
55837
55835
55835
55834
55834
55834
55833
55833
55833
55833
55832
55832
55832
55832
55831
55831
55831
55831
55830
55830
55830
55830
55829
55829
55829
55829
55828
55828
55828
55828
55827
55827
55827
55827
55826
55826
55826
55826
55825
55825
55825
55825
55824
55824
55824
55824
55823
55823
55823
55823
55822
55822
55822
55822
55821
55821
55821
55821
55820
55820
55820
55820
55819
55819
55819
55818
55817
55815
55813
55812
55810
55810
55810
55810
55809
55809
55809
55809
55808
55808
55808
55808
55807
55807
55807
55805
55805
55805
55804
55804
55804
55803
55803
55803
55803
55802
55802
55802
55802
55801
55801
55801
55801
55800
55800
55800
55798
55798
55794
55794
55793
55793
55791
55791
55790
55790
55790
55790
55789
55789
55789
55789
55788
55788
55788
55788
55787
55787
55787
55786
55785
55785
55785
55784
55784
55784
55784
55783
55783
55783
55783
55782
55782
55782
55782
55781
55780
55780
55779
55779
55779
55779
55778
55778
55778
55778
55777
55777
55777
55777
55776
55776
55776
55775
55775
55775
55775
55774
55774
55773
55772
55772
55772
55772
55771
55771
55771
55770
55770
55770
55770
55769
55769
55769
55769
55768
55768
55768
55768
55767
55767
55767
55767
55766
55766
55766
55766
55765
55765
55765
55765
55764
55764
55764
55763
55763
55763
55763
55762
55762
55762
55762
55761
55761
55761
55761
55760
55760
55760
55760
55759
55759
55759
55759
55758
55758
55758
55757
55757
55757
55757
55756
55756
55756
55756
55755
55755
55755
55755
55754
55753
55753
55752
55752
55752
55752
55751
55751
55751
55751
55750
55750
55750
55749
55749
55749
55749
55746
55744
55743
55740
55739
55737
55737
55737
55736
55736
55736
55736
55735
55735
55735
55735
55734
55734
55734
55734
55733
55733
55733
55733
55732
55732
55731
55730
55730
55730
55729
55729
55729
55729
55728
55728
55728
55728
55726
55726
55726
55725
55725
55725
55725
55724
55724
55723
55722
55721
55721
55720
55720
55720
55720
55719
55719
55719
55719
55718
55718
55718
55718
55717
55717
55717
55717
55716
55716
55716
55714
55714
55712
55712
55712
55712
55711
55711
55711
55710
55710
55710
55710
55709
55709
55709
55708
55708
55708
55708
55707
55707
55707
55705
55705
55704
55704
55704
55704
55703
55703
55703
55703
55702
55702
55702
55702
55701
55701
55701
55700
55700
55700
55700
55699
55699
55699
55699
55698
55698
55698
55698
55697
55697
55697
55697
55696
55696
55696
55696
55695
55695
55695
55695
55694
55694
55694
55694
55693
55693
55693
55693
55692
55692
55692
55692
55691
55691
55691
55691
55690
55690
55690
55690
55689
55689
55689
55689
55688
55688
55688
55688
55687
55687
55687
55687
55683
55683
55683
55682
55682
55681
55681
55681
55681
55680
55680
55680
55680
55679
55679
55679
55679
55678
55678
55678
55678
55677
55677
55677
55677
55676
55675
55673
55671
55669
55668
55666
55666
55665
55665
55665
55664
55664
55664
55664
55663
55663
55663
55663
55662
55662
55661
55660
55660
55660
55660
55659
55659
55659
55659
55657
55657
55656
55656
55656
55656
55655
55655
55655
55655
55654
55654
55651
55651
55649
55649
55649
55649
55648
55648
55648
55648
55647
55647
55647
55647
55646
55646
55646
55646
55645
55645
55645
55645
55644
55642
55641
55640
55640
55639
55639
55639
55638
55638
55638
55638
55637
55637
55637
55637
55636
55636
55636
55636
55635
55635
55635
55635
55633
55633
55633
55632
55632
55631
55631
55631
55631
55630
55630
55630
55630
55629
55629
55629
55628
55628
55628
55628
55627
55627
55627
55627
55626
55626
55626
55626
55625
55625
55625
55625
55624
55624
55624
55624
55623
55623
55623
55623
55622
55622
55622
55621
55621
55621
55621
55620
55620
55620
55620
55619
55619
55619
55619
55618
55618
55618
55618
55617
55617
55617
55617
55616
55616
55616
55616
55615
55615
55615
55613
55613
55613
55613
55612
55612
55612
55612
55611
55611
55611
55611
55610
55610
55610
55610
55609
55609
55609
55609
55608
55608
55608
55608
55607
55607
55607
55607
55606
55606
55606
55606
55605
55605
55605
55603
55602
55600
55599
55597
55596
55595
55595
55595
55595
55594
55594
55594
55593
55592
55591
55591
55591
55591
55590
55589
55589
55588
55588
55588
55588
55587
55587
55587
55586
55586
55586
55586
55585
55585
55584
55584
55582
55582
55581
55581
55581
55581
55580
55580
55580
55580
55579
55579
55579
55579
55578
55578
55578
55578
55577
55577
55577
55575
55575
55574
55573
55573
55573
55573
55572
55572
55572
55571
55571
55571
55571
55570
55570
55570
55570
55569
55569
55569
55569
55568
55567
55567
55566
55566
55566
55566
55565
55565
55565
55565
55564
55564
55564
55564
55563
55563
55563
55561
55561
55560
55560
55560
55560
55559
55559
55559
55559
55558
55558
55558
55558
55557
55557
55557
55557
55556
55556
55556
55556
55555
55555
55555
55555
55554
55554
55554
55554
55552
55552
55551
55551
55551
55551
55550
55550
55550
55550
55549
55549
55549
55549
55548
55548
55548
55548
55547
55547
55545
55545
55545
55545
55544
55544
55544
55544
55543
55543
55543
55543
55542
55542
55542
55541
55541
55541
55541
55541
55540
55540
55540
55539
55539
55539
55539
55538
55538
55538
55538
55537
55537
55537
55537
55536
55536
55536
55536
55535
55535
55535
55535
55534
55533
55531
55529
55528
55527
55525
55525
55524
55523
55523
55523
55521
55521
55521
55520
55520
55520
55520
55519
55519
55519
55519
55518
55518
55518
55518
55517
55517
55517
55514
55514
55512
55512
55512
55511
55511
55511
55511
55510
55510
55510
55510
55509
55509
55509
55509
55508
55508
55508
55507
55507
55507
55505
55505
55504
55503
55503
55503
55502
55502
55502
55502
55501
55501
55501
55501
55500
55500
55500
55500
55499
55499
55499
55499
55498
55497
55497
55496
55496
55495
55495
55495
55495
55494
55494
55494
55494
55493
55493
55493
55493
55492
55491
55490
55490
55490
55490
55489
55489
55489
55489
55488
55488
55488
55488
55487
55487
55487
55487
55486
55486
55486
55486
55485
55485
55485
55484
55484
55484
55484
55483
55483
55483
55483
55482
55482
55482
55482
55481
55481
55481
55481
55480
55480
55480
55480
55479
55479
55479
55477
55477
55477
55477
55476
55476
55476
55476
55475
55475
55475
55475
55474
55474
55474
55474
55473
55473
55473
55472
55472
55472
55472
55472
55471
55471
55471
55470
55470
55470
55470
55469
55469
55469
55469
55468
55468
55468
55468
55467
55467
55467
55467
55466
55466
55466
55465
55465
55465
55465
55464
55464
55464
55461
55459
55457
55455
55454
55452
55452
55451
55451
55451
55450
55450
55450
55449
55449
55449
55449
55448
55448
55448
55448
55447
55447
55446
55446
55444
55444
55443
55443
55443
55442
55442
55442
55442
55441
55441
55441
55441
55440
55440
55440
55439
55439
55439
55439
55438
55437
55437
55435
55435
55435
55434
55434
55434
55434
55433
55433
55433
55433
55432
55432
55432
55432
55431
55431
55431
55430
55430
55430
55428
55428
55428
55427
55427
55427
55427
55426
55426
55426
55426
55425
55425
55425
55425
55424
55424
55423
55422
55422
55422
55422
55421
55421
55421
55421
55420
55420
55420
55420
55419
55419
55419
55419
55418
55418
55418
55418
55416
55416
55416
55415
55415
55415
55414
55414
55414
55413
55413
55413
55413
55412
55412
55412
55412
55411
55411
55411
55411
55410
55410
55408
55408
55408
55408
55407
55407
55407
55407
55406
55406
55406
55406
55405
55405
55405
55405
55404
55404
55404
55404
55403
55403
55403
55402
55402
55402
55402
55402
55401
55401
55401
55400
55400
55400
55400
55399
55399
55399
55399
55398
55398
55398
55398
55397
55397
55397
55397
55396
55396
55396
55396
55395
55395
55395
55395
55394
55394
55394
55394
55393
55393
55393
55391
55390
55388
55386
55385
55383
55383
55382
55382
55382
55381
55381
55381
55381
55380
55380
55380
55378
55378
55355
55354
55354
55354
55353
55353
55353
55353
55352
55352
55352
55352
55351
55351
55351
55351
55350
55350
55350
55349
55349
55346
55346
55344
55344
55344
55344
55343
55343
55343
55343
55342
55342
55342
55342
55341
55341
55341
55341
55340
55340
55340
55340
55339
55338
55337
55336
55336
55336
55336
55335
55335
55335
55334
55334
55334
55334
55334
55333
55333
55333
55331
55331
55331
55330
55330
55330
55330
55329
55329
55329
55329
55328
55328
55328
55328
55327
55327
55327
55327
55326
55326
55325
55324
55323
55323
55323
55322
55322
55322
55321
55321
55321
55321
55320
55320
55320
55320
55319
55319
55319
55319
55317
55317
55317
55316
55316
55316
55316
55315
55315
55315
55315
55314
55314
55314
55313
55313
55313
55313
55312
55312
55312
55312
55311
55311
55311
55311
55310
55310
55310
55310
55309
55309
55309
55309
55308
55308
55308
55308
55307
55307
55307
55307
55306
55306
55306
55306
55305
55305
55305
55305
55304
55304
55304
55304
55303
55303
55303
55303
55302
55302
55302
55302
55301
55301
55301
55301
55300
55300
55300
55299
55299
55297
55296
55295
55293
55292
55290
55290
55290
55289
55289
55289
55287
55287
55285
55285
55285
55285
55284
55284
55284
55284
55283
55283
55283
55283
55282
55282
55282
55282
55281
55281
55281
55281
55280
55279
55279
55277
55277
55277
55276
55276
55276
55276
55275
55275
55275
55275
55274
55274
55274
55274
55273
55273
55273
55273
55272
55272
55271
55270
55270
55270
55269
55269
55269
55269
55268
55268
55268
55268
55267
55267
55267
55267
55266
55265
55265
55264
55264
55264
55263
55263
55263
55263
55262
55262
55262
55262
55261
55261
55261
55261
55260
55260
55260
55260
55258
55258
55257
55256
55256
55256
55255
55255
55255
55255
55254
55254
55254
55254
55253
55253
55253
55251
55251
55251
55251
55250
55250
55250
55250
55249
55249
55249
55249
55248
55248
55248
55248
55246
55246
55245
55245
55245
55245
55244
55244
55244
55243
55243
55243
55243
55242
55242
55242
55242
55241
55241
55241
55241
55240
55240
55240
55240
55239
55239
55239
55238
55238
55238
55238
55237
55237
55237
55237
55236
55236
55236
55236
55235
55235
55235
55235
55234
55234
55234
55234
55233
55233
55233
55233
55232
55232
55232
55232
55231
55231
55231
55231
55230
55230
55230
55230
55228
55226
55225
55223
55220
55218
55217
55215
55215
55214
55214
55213
55213
55213
55213
55212
55212
55212
55212
55211
55211
55211
55211
55210
55210
55210
55210
55209
55208
55208
55206
55206
55206
55205
55205
55205
55205
55204
55204
55204
55204
55203
55203
55203
55202
55202
55202
55202
55201
55201
55201
55199
55199
55199
55199
55198
55198
55198
55198
55197
55197
55197
55197
55196
55196
55196
55196
55195
55194
55194
55193
55193
55193
55193
55192
55192
55192
55191
55191
55191
55190
55190
55190
55190
55189
55189
55189
55189
55188
55187
55187
55185
55185
55185
55184
55184
55184
55184
55183
55183
55183
55183
55182
55181
55181
55180
55180
55180
55179
55179
55179
55179
55178
55178
55178
55178
55177
55177
55177
55177
55176
55176
55176
55176
55175
55175
55175
55175
55174
55174
55174
55174
55173
55173
55173
55173
55172
55172
55172
55172
55171
55171
55171
55171
55170
55170
55170
55170
55169
55169
55169
55169
55168
55168
55168
55168
55167
55167
55167
55167
55166
55166
55166
55166
55165
55165
55165
55165
55164
55164
55164
55164
55163
55163
55163
55163
55162
55162
55162
55162
55161
55161
55161
55161
55160
55160
55160
55160
55159
55159
55159
55159
55155
55153
55151
55150
55148
55147
55146
55146
55146
55146
55145
55145
55145
55145
55144
55144
55144
55144
55143
55143
55143
55143
55141
55141
55139
55139
55139
55138
55138
55138
55137
55137
55137
55137
55136
55136
55136
55136
55135
55135
55135
55135
55134
55134
55134
55132
55132
55132
55132
55131
55131
55131
55131
55130
55130
55130
55130
55129
55129
55129
55129
55128
55127
55127
55126
55126
55126
55126
55125
55125
55125
55124
55124
55124
55124
55124
55123
55123
55123
55123
55122
55122
55122
55120
55120
55118
55118
55118
55118
55117
55117
55117
55117
55116
55115
55115
55114
55114
55114
55114
55113
55113
55113
55113
55112
55112
55111
55110
55110
55110
55110
55109
55109
55109
55109
55108
55108
55108
55108
55107
55107
55107
55106
55106
55106
55106
55105
55105
55105
55105
55104
55104
55104
55104
55103
55103
55103
55103
55102
55102
55102
55102
55101
55101
55101
55101
55100
55100
55100
55100
55099
55099
55099
55099
55098
55098
55098
55098
55097
55097
55097
55097
55096
55096
55096
55096
55095
55095
55095
55095
55094
55094
55094
55093
55093
55093
55093
55092
55092
55092
55092
55092
55091
55091
55091
55090
55090
55090
55090
55090
55089
55089
55087
55085
55084
55083
55071
55064
55063
55063
55062
55062
55062
55061
55061
55061
55061
55060
55059
55059
55056
55056
55056
55055
55055
55055
55055
55054
55054
55054
55054
55053
55053
55053
55053
55052
55052
55052
55052
55051
55051
55050
55049
55049
55049
55049
55048
55048
55048
55047
55047
55047
55047
55047
55046
55046
55046
55046
55044
55044
55043
55043
55043
55043
55042
55042
55041
55040
55040
55040
55040
55039
55039
55039
55039
55038
55038
55038
55037
55036
55036
55034
55034
55034
55034
55033
55033
55032
55031
55031
55031
55031
55030
55030
55030
55030
55029
55029
55029
55029
55028
55028
55026
55026
55025
55024
55024
55024
55024
55023
55023
55023
55023
55022
55022
55022
55022
55021
55021
55021
55021
55020
55020
55020
55018
55018
55018
55018
55017
55017
55017
55016
55016
55016
55016
55015
55015
55015
55015
55014
55014
55014
55013
55013
55013
55013
55012
55012
55012
55011
55011
55011
55011
55010
55010
55010
55010
55009
55009
55009
55008
55008
55008
55007
55007
55007
55007
55006
55006
55006
55005
55005
55005
55004
55004
55004
55004
55003
55003
55003
55002
55002
55001
55001
55001
55001
55000
55000
55000
54999
54999
54999
54998
54998
54998
54997
54997
54985
54983
54983
54982
54982
54982
54981
54981
54981
54980
54980
54980
54980
54979
54979
54979
54979
54978
54978
54978
54978
54977
54977
54977
54976
54976
54976
54975
54975
54975
54974
54974
54974
54973
54973
54973
54973
54971
54971
54970
54970
54970
54969
54969
54969
54969
54968
54968
54968
54968
54967
54967
54967
54966
54966
54966
54966
54965
54965
54965
54963
54963
54963
54962
54962
54962
54962
54961
54961
54961
54960
54960
54960
54960
54959
54959
54959
54959
54958
54958
54958
54957
54957
54957
54957
54956
54956
54956
54955
54955
54955
54955
54954
54954
54954
54953
54953
54953
54953
54952
54952
54952
54952
54951
54951
54951
54950
54950
54950
54950
54949
54949
54949
54949
54948
54948
54948
54947
54947
54947
54947
54946
54946
54946
54945
54944
54944
54943
54943
54943
54942
54942
54942
54942
54941
54941
54941
54940
54940
54940
54940
54939
54939
54939
54938
54938
54938
54938
54937
54937
54937
54937
54936
54936
54936
54935
54935
54935
54935
54934
54934
54934
54934
54933
54933
54933
54932
54932
54932
54932
54931
54931
54931
54930
54930
54930
54930
54929
54929
54929
54929
54928
54928
54928
54927
54927
54927
54927
54926
54925
54923
54922
54920
54919
54918
54918
54918
54917
54917
54917
54917
54915
54915
54915
54914
54913
54913
54912
54912
54912
54912
54911
54911
54911
54911
54910
54910
54910
54909
54909
54909
54909
54907
54907
54906
54906
54906
54906
54905
54905
54905
54905
54904
54904
54904
54904
54903
54903
54903
54902
54902
54902
54902
54901
54901
54900
54899
54899
54899
54899
54898
54898
54898
54898
54897
54897
54897
54897
54896
54896
54896
54896
54895
54895
54895
54895
54894
54894
54893
54892
54892
54892
54891
54891
54891
54891
54890
54890
54890
54890
54889
54889
54889
54889
54888
54887
54887
54886
54886
54885
54884
54884
54884
54884
54883
54883
54883
54882
54882
54882
54882
54881
54881
54881
54881
54880
54880
54880
54880
54879
54879
54879
54879
54878
54878
54878
54878
54877
54877
54877
54876
54876
54876
54876
54875
54875
54875
54875
54874
54872
54872
54872
54872
54871
54871
54871
54871
54870
54870
54870
54870
54869
54869
54869
54869
54868
54868
54868
54868
54867
54867
54867
54866
54866
54866
54866
54865
54865
54865
54865
54864
54864
54864
54864
54863
54863
54863
54863
54862
54862
54862
54862
54861
54861
54861
54861
54860
54860
54860
54860
54859
54856
54855
54851
54849
54848
54848
54847
54847
54847
54846
54846
54846
54846
54845
54845
54845
54845
54844
54844
54844
54844
54843
54843
54843
54843
54841
54841
54840
54840
54840
54840
54839
54839
54839
54839
54838
54837
54837
54836
54836
54836
54836
54835
54835
54835
54835
54833
54833
54831
54831
54831
54831
54830
54830
54830
54830
54829
54829
54829
54828
54828
54828
54828
54827
54827
54827
54827
54826
54826
54825
54824
54824
54824
54824
54823
54823
54823
54822
54822
54822
54822
54821
54821
54821
54821
54820
54819
54818
54818
54818
54818
54817
54817
54817
54817
54816
54816
54816
54816
54815
54815
54815
54815
54814
54814
54814
54814
54813
54813
54813
54812
54812
54812
54812
54811
54811
54811
54811
54810
54810
54810
54810
54809
54809
54809
54809
54808
54808
54808
54808
54807
54807
54807
54806
54806
54806
54806
54805
54805
54805
54805
54804
54804
54804
54804
54803
54803
54803
54803
54802
54802
54802
54802
54801
54801
54801
54801
54800
54800
54800
54800
54799
54799
54799
54797
54797
54797
54796
54796
54796
54795
54795
54795
54795
54794
54794
54794
54794
54793
54793
54793
54793
54792
54792
54792
54791
54791
54791
54791
54790
54790
54790
54787
54786
54784
54783
54781
54780
54779
54779
54779
54779
54778
54778
54778
54778
54777
54777
54777
54777
54776
54776
54775
54774
54774
54774
54774
54773
54773
54772
54771
54771
54771
54771
54770
54770
54770
54770
54769
54769
54769
54768
54768
54767
54766
54765
54765
54764
54764
54764
54764
54763
54763
54763
54763
54762
54762
54762
54762
54761
54760
54760
54759
54759
54759
54759
54757
54757
54756
54755
54755
54755
54754
54754
54754
54754
54753
54753
54753
54753
54752
54752
54752
54750
54750
54750
54750
54749
54749
54749
54749
54748
54748
54748
54748
54747
54747
54747
54747
54746
54746
54746
54746
54745
54745
54745
54743
54743
54743
54743
54742
54742
54742
54742
54741
54741
54741
54741
54740
54740
54740
54740
54739
54739
54739
54739
54738
54738
54738
54738
54737
54737
54737
54737
54736
54736
54736
54736
54735
54735
54735
54735
54734
54734
54734
54734
54733
54733
54733
54733
54732
54732
54732
54731
54731
54731
54731
54729
54729
54729
54728
54728
54728
54727
54727
54727
54727
54726
54726
54726
54726
54725
54725
54725
54725
54724
54724
54724
54724
54723
54723
54723
54723
54722
54722
54722
54722
54721
54721
54721
54721
54720
54720
54720
54718
54717
54715
54714
54712
54710
54710
54709
54709
54709
54709
54708
54708
54708
54706
54706
54706
54706
54704
54704
54704
54703
54703
54703
54703
54702
54702
54702
54702
54701
54701
54701
54701
54700
54700
54699
54698
54697
54697
54696
54696
54696
54695
54695
54695
54695
54694
54694
54694
54694
54693
54693
54692
54692
54691
54691
54691
54691
54690
54690
54689
54688
54688
54688
54687
54687
54687
54686
54686
54686
54686
54685
54685
54685
54684
54683
54682
54682
54682
54682
54681
54681
54681
54681
54680
54680
54680
54680
54679
54679
54679
54679
54678
54678
54678
54678
54677
54677
54675
54675
54675
54674
54674
54674
54674
54673
54673
54673
54673
54672
54672
54672
54672
54671
54671
54671
54671
54670
54670
54670
54670
54669
54669
54669
54669
54668
54668
54668
54666
54666
54666
54666
54665
54665
54665
54664
54664
54664
54664
54663
54663
54663
54662
54662
54662
54662
54660
54660
54660
54659
54659
54659
54659
54658
54658
54658
54658
54657
54657
54657
54656
54656
54656
54656
54655
54655
54655
54655
54654
54654
54654
54654
54653
54653
54653
54653
54652
54652
54652
54652
54651
54651
54651
54650
54650
54650
54650
54649
54649
54649
54649
54648
54647
54645
54643
54642
54640
54639
54639
54638
54637
54636
54635
54635
54635
54635
54634
54634
54634
54634
54633
54633
54633
54633
54632
54632
54632
54632
54631
54631
54631
54630
54629
54628
54627
54627
54627
54627
54626
54626
54626
54626
54625
54625
54625
54625
54624
54624
54623
54622
54622
54622
54622
54621
54621
54621
54620
54619
54619
54619
54619
54618
54618
54618
54617
54617
54617
54617
54616
54616
54616
54615
54614
54614
54614
54614
54613
54613
54613
54613
54612
54612
54612
54612
54611
54611
54611
54611
54610
54610
54610
54609
54609
54609
54608
54607
54607
54607
54606
54606
54606
54606
54605
54605
54605
54605
54604
54604
54604
54603
54603
54603
54603
54602
54602
54602
54602
54601
54601
54601
54601
54600
54600
54600
54600
54599
54599
54599
54599
54598
54598
54598
54598
54597
54597
54597
54597
54596
54596
54594
54594
54594
54594
54593
54593
54593
54593
54592
54592
54592
54592
54591
54591
54591
54591
54590
54590
54590
54589
54589
54589
54588
54588
54588
54588
54587
54587
54587
54587
54586
54586
54586
54586
54585
54585
54585
54585
54584
54584
54584
54584
54583
54583
54583
54583
54582
54582
54582
54582
54581
54581
54581
54581
54580
54578
54576
54573
54571
54570
54568
54568
54568
54567
54567
54567
54567
54566
54566
54566
54566
54565
54565
54565
54565
54564
54564
54564
54563
54562
54561
54561
54560
54560
54560
54560
54559
54559
54559
54559
54558
54558
54558
54558
54557
54556
54555
54555
54555
54555
54554
54554
54554
54553
54552
54552
54552
54551
54551
54551
54551
54550
54550
54550
54550
54549
54549
54549
54547
54547
54547
54547
54546
54546
54546
54546
54545
54545
54545
54545
54544
54544
54544
54544
54543
54543
54543
54543
54542
54542
54542
54540
54540
54540
54540
54539
54539
54539
54538
54538
54538
54538
54537
54537
54537
54537
54536
54536
54536
54536
54535
54535
54534
54533
54533
54533
54533
54532
54532
54532
54532
54531
54531
54531
54530
54530
54530
54530
54529
54529
54529
54529
54528
54527
54527
54526
54526
54526
54526
54525
54525
54525
54525
54524
54524
54524
54524
54523
54523
54523
54523
54522
54522
54522
54522
54521
54521
54521
54521
54520
54520
54520
54520
54519
54519
54518
54518
54518
54518
54517
54517
54517
54517
54516
54516
54516
54516
54515
54515
54515
54515
54514
54514
54514
54514
54513
54513
54513
54513
54512
54512
54512
54512
54511
54511
54511
54511
54509
54507
54506
54505
54503
54501
54501
54500
54500
54500
54499
54499
54499
54499
54498
54498
54498
54496
54496
54495
54495
54494
54494
54494
54494
54493
54493
54493
54493
54492
54492
54492
54492
54491
54490
54490
54489
54489
54489
54489
54488
54488
54486
54486
54486
54486
54485
54485
54485
54485
54484
54484
54484
54484
54483
54483
54483
54481
54481
54481
54479
54479
54479
54479
54477
54477
54476
54476
54476
54476
54475
54475
54475
54474
54474
54474
54474
54473
54473
54473
54471
54471
54470
54470
54470
54470
54469
54469
54469
54468
54468
54468
54467
54467
54467
54467
54466
54466
54466
54465
54465
54463
54463
54462
54461
54461
54461
54460
54460
54460
54460
54459
54459
54458
54458
54458
54458
54457
54457
54457
54457
54456
54456
54456
54455
54455
54455
54454
54454
54454
54454
54453
54453
54453
54452
54452
54452
54451
54451
54451
54451
54450
54450
54450
54450
54449
54449
54449
54448
54448
54448
54447
54447
54447
54447
54446
54446
54446
54445
54445
54445
54444
54444
54444
54444
54443
54443
54443
54442
54442
54442
54441
54441
54441
54441
54440
54440
54440
54440
54439
54439
54439
54438
54438
54438
54437
54437
54437
54437
54436
54436
54436
54435
54435
54434
54434
54434
54433
54433
54433
54432
54432
54432
54431
54431
54431
54430
54430
54430
54429
54429
54429
54429
54428
54428
54428
54427
54426
54426
54426
54426
54425
54425
54425
54424
54424
54424
54423
54423
54422
54422
54422
54421
54421
54421
54420
54420
54420
54419
54419
54419
54418
54418
54418
54417
54417
54417
54416
54416
54416
54415
54415
54415
54414
54414
54414
54413
54413
54413
54412
54412
54412
54412
54411
54411
54410
54410
54410
54410
54409
54409
54409
54408
54408
54408
54407
54407
54407
54406
54406
54406
54405
54405
54405
54404
54404
54404
54404
54403
54403
54403
54402
54402
54401
54401
54401
54400
54400
54400
54400
54399
54399
54399
54398
54398
54398
54397
54397
54397
54397
54396
54396
54396
54395
54395
54394
54394
54394
54393
54393
54391
54391
54391
54390
54390
54390
54389
54389
54389
54388
54388
54388
54388
54387
54387
54387
54386
54386
54386
54385
54385
54385
54384
54384
54384
54383
54383
54383
54382
54382
54381
54381
54381
54380
54380
54380
54380
54379
54379
54379
54378
54378
54378
54351
54350
54350
54350
54349
54348
54348
54348
54347
54347
54346
54346
54346
54346
54345
54345
54345
54344
54344
54344
54343
54343
54342
54342
54342
54341
54341
54340
54340
54340
54340
54339
54339
54339
54338
54338
54338
54337
54337
54337
54336
54336
54335
54335
54334
54334
54334
54334
54333
54333
54333
54332
54332
54331
54331
54331
54331
54330
54330
54330
54329
54329
54329
54328
54328
54328
54327
54327
54327
54326
54326
54326
54325
54325
54325
54324
54324
54324
54324
54323
54323
54323
54322
54322
54322
54321
54321
54321
54320
54320
54320
54319
54319
54319
54319
54318
54318
54318
54317
54316
54316
54316
54316
54315
54315
54315
54314
54314
54314
54313
54313
54313
54312
54312
54312
54311
54311
54311
54310
54310
54309
54309
54309
54309
54308
54308
54308
54307
54307
54307
54306
54306
54306
54305
54305
54305
54304
54304
54304
54303
54303
54303
54303
54302
54302
54302
54301
54301
54300
54300
54300
54299
54299
54299
54298
54298
54298
54298
54297
54297
54296
54296
54296
54295
54295
54295
54295
54294
54294
54294
54293
54293
54293
54292
54292
54292
54291
54291
54291
54290
54290
54290
54289
54289
54289
54288
54288
54288
54288
54287
54287
54287
54286
54286
54286
54285
54285
54285
54284
54284
54284
54284
54283
54283
54283
54282
54282
54281
54281
54281
54280
54280
54280
54277
54277
54276
54276
54275
54275
54275
54274
54274
54274
54273
54273
54273
54272
54272
54272
54272
54271
54271
54270
54270
54270
54270
54269
54269
54269
54268
54268
54268
54267
54267
54267
54266
54266
54266
54265
54265
54265
54265
54264
54264
54264
54263
54263
54263
54262
54262
54262
54261
54261
54261
54260
54260
54259
54259
54259
54258
54258
54258
54257
54257
54257
54256
54256
54256
54255
54255
54255
54222
54221
54221
54220
54220
54219
54219
54219
54219
54218
54218
54218
54217
54217
54217
54216
54216
54215
54215
54215
54214
54214
54214
54213
54213
54213
54212
54212
54212
54211
54211
54211
54210
54210
54210
54209
54209
54209
54208
54208
54208
54207
54207
54207
54206
54206
54206
54205
54205
54205
54204
54204
54204
54204
54203
54203
54203
54202
54202
54202
54201
54201
54201
54200
54200
54200
54199
54199
54199
54198
54198
54198
54197
54197
54197
54197
54196
54195
54195
54195
54194
54194
54194
54193
54193
54193
54192
54192
54192
54192
54191
54191
54191
54190
54190
54190
54190
54189
54189
54189
54188
54188
54188
54188
54187
54187
54187
54187
54186
54186
54186
54185
54185
54185
54185
54184
54184
54184
54183
54183
54183
54183
54182
54182
54182
54181
54181
54181
54180
54180
54180
54179
54179
54179
54179
54178
54178
54178
54178
54177
54177
54177
54176
54176
54176
54175
54175
54175
54175
54174
54174
54174
54173
54173
54173
54172
54172
54172
54172
54171
54171
54171
54170
54170
54170
54169
54169
54169
54169
54168
54168
54168
54167
54167
54167
54167
54166
54166
54166
54166
54165
54165
54165
54164
54164
54164
54164
54163
54161
54161
54161
54161
54160
54160
54160
54159
54159
54159
54159
54158
54158
54158
54157
54157
54157
54157
54156
54156
54156
54155
54155
54155
54155
54154
54154
54154
54153
54153
54153
54152
54152
54152
54152
54151
54151
54151
54150
54150
54150
54150
54149
54149
54149
54148
54148
54148
54148
54147
54147
54147
54146
54146
54146
54146
54145
54145
54145
54144
54144
54144
54144
54143
54143
54143
54142
54142
54142
54142
54141
54141
54141
54141
54140
54140
54140
54139
54139
54139
54139
54138
54138
54138
54137
54137
54137
54136
54136
54136
54136
54135
54135
54135
54134
54134
54134
54133
54133
54133
54132
54132
54132
54131
54131
54131
54131
54130
54130
54130
54129
54129
54129
54129
54128
54128
54128
54127
54127
54127
54127
54126
54126
54126
54125
54125
54125
54125
54124
54124
54123
54123
54123
54122
54122
54122
54122
54121
54121
54121
54121
54120
54120
54120
54119
54119
54119
54119
54118
54118
54118
54118
54117
54117
54117
54116
54116
54116
54116
54115
54115
54115
54115
54114
54114
54114
54113
54113
54113
54112
54112
54112
54112
54111
54111
54111
54110
54110
54110
54110
54109
54109
54109
54108
54108
54108
54108
54107
54107
54107
54107
54106
54106
54106
54105
54105
54105
54105
54104
54104
54104
54103
54103
54103
54103
54102
54102
54102
54102
54101
54101
54101
54101
54100
54100
54100
54099
54099
54099
54099
54098
54098
54098
54098
54097
54097
54097
54096
54096
54096
54096
54095
54095
54095
54094
54094
54094
54094
54093
54093
54093
54092
54092
54092
54092
54091
54091
54091
54090
54090
54090
54090
54089
54089
54089
54088
54087
54086
54086
54086
54086
54085
54085
54085
54084
54084
54084
54084
54083
54083
54083
54083
54082
54082
54082
54082
54081
54081
54081
54080
54080
54080
54080
54079
54079
54079
54078
54078
54078
54078
54077
54077
54077
54076
54076
54076
54076
54075
54075
54075
54075
54074
54074
54074
54073
54073
54073
54073
54072
54072
54072
54071
54071
54071
54071
54070
54070
54070
54069
54069
54069
54068
54068
54068
54067
54067
54067
54066
54066
54066
54066
54065
54065
54065
54064
54064
54064
54064
54063
54063
54063
54062
54062
54062
54062
54061
54061
54061
54061
54060
54060
54060
54059
54059
54059
54059
54058
54058
54058
54057
54057
54057
54057
54056
54056
54056
54056
54055
54055
54055
54054
54054
54054
54054
54053
54053
54053
54052
54052
54052
54052
54051
54051
54051
54050
54050
54050
54049
54049
54049
54048
54048
54048
54048
54047
54047
54047
54046
54046
54046
54046
54045
54045
54045
54044
54044
54044
54044
54043
54043
54043
54043
54042
54042
54042
54041
54041
54041
54041
54040
54040
54040
54039
54039
54039
54039
54038
54038
54038
54038
54037
54037
54037
54036
54036
54036
54036
54035
54035
54035
54035
54034
54034
54034
54033
54033
54033
54033
54032
54032
54032
54031
54031
54031
54031
54030
54030
54030
54029
54029
54029
54029
54028
54028
54028
54027
54027
54027
54027
54026
54026
54026
54025
54025
54025
54025
54024
54024
54024
54024
54023
54023
54023
54022
54022
54022
54022
54021
54021
54021
54021
54020
54020
54020
54019
54019
54019
54019
54018
54018
54018
54017
54017
54017
54017
54016
54016
54016
54015
54015
54015
54015
54013
54013
54012
54012
54012
54011
54011
54011
54010
54010
54010
54010
54009
54009
54009
54008
54008
54008
54007
54007
54007
54007
54006
54006
54006
54006
54005
54005
54005
54004
54004
54004
54004
54003
54003
54003
54002
54002
54002
54002
54001
54001
54001
54001
54000
54000
54000
54000
53999
53999
53999
53998
53998
53998
53998
53997
53997
53997
53996
53996
53996
53996
53995
53995
53995
53995
53994
53994
53994
53993
53993
53993
53993
53992
53992
53992
53991
53991
53991
53991
53990
53990
53990
53989
53989
53989
53989
53988
53988
53988
53987
53987
53987
53987
53986
53986
53986
53986
53985
53985
53985
53984
53984
53984
53984
53983
53983
53983
53982
53982
53982
53982
53981
53981
53981
53980
53980
53980
53980
53979
53979
53979
53978
53978
53978
53978
53977
53977
53977
53976
53976
53976
53976
53975
53975
53975
53974
53974
53974
53974
53973
53973
53973
53973
53972
53972
53972
53971
53971
53971
53971
53970
53970
53970
53969
53969
53969
53969
53968
53968
53968
53967
53967
53967
53967
53966
53966
53966
53965
53965
53965
53965
53964
53964
53964
53964
53963
53963
53963
53962
53962
53962
53962
53961
53961
53961
53961
53960
53960
53960
53960
53959
53959
53958
53958
53958
53957
53957
53956
53956
53956
53955
53955
53955
53955
53954
53954
53954
53953
53953
53953
53953
53952
53952
53952
53951
53951
53951
53951
53950
53950
53950
53949
53949
53949
53949
53948
53948
53947
53947
53947
53947
53946
53946
53946
53946
53945
53945
53945
53944
53944
53944
53944
53943
53943
53943
53942
53942
53942
53942
53941
53941
53941
53940
53940
53940
53935
53935
53934
53934
53934
53933
53933
53933
53932
53932
53932
53932
53931
53931
53931
53930
53930
53930
53930
53929
53929
53929
53929
53928
53928
53928
53927
53927
53927
53927
53926
53926
53926
53926
53925
53925
53925
53924
53924
53924
53923
53923
53923
53923
53922
53922
53922
53921
53921
53921
53921
53920
53920
53920
53920
53919
53919
53919
53918
53918
53918
53918
53917
53917
53917
53917
53916
53916
53916
53915
53915
53915
53915
53914
53914
53914
53914
53913
53913
53913
53912
53912
53912
53912
53911
53911
53911
53911
53910
53910
53910
53910
53909
53909
53909
53908
53908
53908
53907
53907
53907
53907
53906
53906
53906
53906
53905
53905
53905
53904
53904
53904
53904
53903
53903
53903
53902
53902
53902
53902
53901
53901
53901
53900
53900
53900
53900
53899
53899
53899
53898
53898
53898
53897
53897
53897
53896
53896
53896
53896
53895
53895
53895
53895
53894
53894
53894
53894
53893
53893
53893
53893
53892
53892
53892
53891
53891
53891
53891
53891
53890
53890
53890
53889
53889
53889
53889
53888
53888
53888
53888
53887
53887
53887
53887
53886
53886
53886
53885
53885
53885
53884
53884
53884
53884
53883
53883
53883
53883
53882
53882
53882
53882
53881
53881
53881
53880
53880
53879
53879
53879
53879
53878
53878
53878
53878
53877
53877
53877
53876
53876
53876
53876
53875
53875
53875
53875
53874
53874
53874
53874
53873
53873
53873
53872
53872
53872
53872
53871
53871
53871
53871
53870
53870
53870
53870
53869
53869
53869
53868
53868
53868
53868
53867
53867
53867
53867
53866
53866
53866
53866
53865
53865
53865
53864
53864
53863
53862
53862
53862
53861
53861
53861
53861
53860
53860
53860
53859
53859
53859
53859
53858
53858
53858
53858
53857
53857
53857
53856
53856
53856
53856
53855
53855
53855
53855
53854
53854
53854
53853
53853
53853
53853
53852
53852
53852
53852
53851
53851
53851
53851
53850
53850
53850
53850
53849
53849
53849
53849
53848
53848
53848
53847
53847
53847
53847
53846
53846
53846
53846
53845
53845
53843
53841
53840
53839
53839
53839
53839
53838
53838
53838
53837
53837
53837
53835
53835
53835
53834
53834
53834
53833
53833
53833
53832
53832
53832
53832
53831
53831
53831
53831
53830
53830
53830
53830
53829
53829
53828
53827
53827
53827
53827
53826
53826
53826
53825
53825
53825
53825
53824
53824
53824
53824
53823
53823
53823
53823
53822
53822
53822
53821
53821
53821
53821
53820
53820
53820
53820
53819
53819
53819
53819
53818
53818
53818
53817
53817
53817
53816
53816
53816
53814
53814
53814
53813
53813
53813
53812
53812
53812
53812
53811
53811
53811
53811
53810
53810
53810
53809
53809
53809
53809
53808
53808
53807
53806
53806
53806
53806
53805
53805
53805
53804
53804
53804
53804
53803
53803
53803
53803
53802
53802
53802
53802
53801
53801
53801
53801
53800
53800
53800
53800
53799
53799
53799
53799
53798
53798
53798
53797
53797
53797
53797
53796
53796
53796
53796
53795
53795
53795
53794
53794
53794
53794
53793
53793
53793
53793
53792
53792
53792
53792
53791
53791
53791
53790
53790
53790
53790
53789
53789
53789
53788
53788
53788
53788
53787
53787
53787
53786
53786
53786
53786
53785
53785
53785
53785
53784
53784
53784
53783
53780
53779
53777
53776
53775
53774
53774
53774
53773
53773
53773
53772
53772
53771
53770
53770
53770
53769
53768
53768
53768
53767
53767
53767
53767
53766
53766
53766
53766
53765
53765
53765
