217865
172980
167872
124957
123018
76975
76972
76972
76970
76970
76968
76968
76967
76967
76967
76967
76966
76966
76965
76965
76965
76964
76964
76964
76964
76963
76963
76963
76957
76956
76956
76956
76956
76955
76955
76954
76953
76952
76952
76952
76951
76951
76951
76949
76949
76948
76948
76947
76946
76946
76946
76945
76945
76945
76945
76944
76944
76944
76944
76943
76943
76943
76941
76941
76941
76941
76940
76940
76940
76940
76939
76939
76939
76939
76938
76938
76938
76937
76937
76937
76937
76936
76936
76936
76936
76935
76935
76935
76935
76934
76934
76934
76934
76932
76932
76931
76931
76931
76931
76930
76930
76930
76930
76929
76929
76929
76929
76928
76928
76928
76928
76927
76927
76927
76927
76926
76926
76926
76926
76925
76925
76925
76924
76924
76924
76924
76923
76923
76923
76922
76922
76922
76922
76921
76921
76921
76921
76920
76920
76918
76917
76917
76917
76916
76916
76916
76916
76915
76915
76915
76915
76914
76914
76914
76913
76913
76913
76913
76912
76912
76912
76912
76911
76911
76911
76911
76910
76910
76910
76909
76909
76909
76909
76908
76908
76908
76908
76907
76907
76907
76907
76906
76906
76906
76905
76905
76905
76905
76904
76904
76904
76904
76902
76900
76897
76895
76894
76887
76887
76886
76886
76886
76886
76885
76885
76885
76885
76884
76884
76884
76884
76883
76883
76883
76883
76881
76881
76879
76879
76879
76879
76878
76878
76878
76877
76877
76877
76877
76876
76876
76876
76876
76875
76875
76875
76875
76874
76874
76873
76872
76871
76871
76870
76870
76870
76869
76869
76869
76869
76868
76868
76868
76868
76867
76867
76867
76864
76864
76864
76864
76863
76862
76862
76861
76861
76861
76860
76860
76860
76859
76859
76859
76858
76858
76858
76858
76857
76857
76856
76855
76855
76855
76855
76854
76854
76854
76854
76853
76853
76853
76853
76852
76852
76852
76852
76851
76851
76851
76851
76849
76849
76849
76848
76848
76848
76848
76847
76847
76847
76847
76846
76846
76846
76845
76845
76845
76845
76844
76844
76844
76844
76843
76842
76842
76841
76841
76840
76840
76840
76839
76839
76839
76839
76838
76838
76838
76838
76837
76837
76837
76837
76836
76836
76836
76836
76835
76835
76835
76835
76834
76834
76834
76834
76833
76833
76833
76833
76832
76832
76832
76832
76831
76831
76831
76831
76830
76830
76830
76830
76829
76829
76829
76829
76828
76828
76828
76828
76827
76827
76827
76826
76826
76826
76826
76824
76822
76821
76819
76817
76808
76808
76807
76807
76807
76807
76806
76806
76806
76805
76805
76805
76803
76803
76801
76801
76801
76801
76800
76800
76800
76800
76799
76799
76799
76798
76798
76798
76798
76797
76797
76797
76797
76796
76796
76795
76794
76793
76792
76792
76792
76792
76791
76791
76791
76791
76790
76790
76790
76790
76789
76789
76789
76789
76788
76788
76788
76788
76786
76786
76785
76785
76785
76785
76784
76784
76784
76784
76783
76783
76783
76783
76782
76782
76782
76779
76779
76779
76778
76778
76778
76777
76777
76777
76777
76776
76776
76776
76776
76775
76775
76775
76775
76774
76774
76774
76772
76772
76771
76770
76770
76770
76770
76769
76769
76769
76769
76768
76768
76768
76768
76767
76767
76767
76767
76766
76765
76765
76764
76764
76764
76763
76763
76762
76761
76761
76761
76760
76760
76760
76760
76759
76759
76759
76759
76758
76758
76758
76758
76757
76757
76757
76757
76756
76756
76756
76756
76755
76755
76755
76755
76754
76754
76754
76754
76753
76753
76753
76753
76752
76752
76752
76720
76720
76719
76719
76719
76718
76718
76718
76717
76717
76717
76716
76716
76716
76715
76715
76715
76715
76714
76714
76714
76713
76713
76713
76712
76710
76708
76707
76705
76704
76700
76700
76699
76699
76699
76699
76697
76697
76695
76695
76695
76694
76694
76694
76694
76693
76693
76693
76693
76692
76692
76692
76692
76691
76691
76691
76691
76690
76690
76689
76688
76687
76686
76686
76686
76685
76685
76685
76685
76684
76684
76684
76684
76683
76683
76683
76683
76682
76682
76682
76682
76681
76680
76679
76679
76679
76679
76678
76678
76678
76677
76677
76677
76677
76676
76676
76676
76676
76675
76674
76674
76673
76673
76673
76673
76672
76672
76672
76672
76671
76671
76671
76671
76670
76670
76670
76669
76669
76669
76669
76667
76667
76665
76665
76665
76665
76664
76664
76664
76664
76663
76663
76663
76663
76662
76662
76662
76660
76660
76660
76660
76659
76659
76659
76659
76658
76658
76658
76658
76657
76657
76657
76657
76656
76656
76656
76656
76655
76655
76655
76655
76654
76654
76654
76653
76653
76653
76653
76652
76652
76652
76652
76651
76651
76651
76651
76650
76650
76650
76650
76649
76649
76649
76649
76648
76648
76648
76648
76647
76647
76647
76647
76646
76646
76646
76646
76645
76645
76645
76645
76644
76644
76644
76644
76643
76643
76643
76643
76642
76642
76642
76642
76641
76641
76641
76641
76640
76637
76636
76634
76633
76631
76629
76628
76627
76627
76626
76626
76626
76626
76625
76625
76625
76624
76624
76624
76624
76623
76623
76623
76623
76622
76622
76622
76622
76620
76620
76618
76618
76618
76617
76617
76617
76617
76616
76616
76616
76616
76615
76615
76615
76615
76614
76614
76614
76614
76613
76613
76612
76611
76611
76611
76611
76610
76610
76610
76610
76609
76609
76609
76608
76608
76608
76608
76607
76606
76606
76605
76605
76605
76604
76604
76604
76604
76603
76603
76603
76603
76602
76602
76602
76602
76601
76601
76601
76601
76599
76599
76597
76597
76597
76597
76596
76596
76596
76595
76595
76595
76595
76594
76593
76592
76592
76592
76592
76591
76591
76591
76591
76590
76590
76590
76590
76589
76589
76589
76589
76588
76588
76588
76588
76587
76587
76587
76587
76586
76586
76586
76586
76585
76585
76585
76585
76584
76584
76584
76584
76583
76583
76583
76583
76582
76582
76582
76582
76581
76581
76581
76581
76580
76580
76580
76580
76579
76579
76579
76578
76578
76578
76578
76577
76577
76577
76577
76577
76576
76576
76576
76576
76575
76575
76575
76574
76574
76574
76574
76573
76573
76573
76573
76572
76572
76572
76572
76571
76571
76571
76571
76570
76567
76565
76563
76562
76559
76558
76557
76557
76557
76557
76556
76556
76556
76556
76555
76555
76555
76555
76554
76554
76554
76554
76552
76552
76550
76550
76550
76549
76549
76549
76549
76548
76548
76548
76548
76547
76547
76547
76547
76546
76546
76546
76546
76545
76545
76543
76543
76543
76543
76542
76542
76542
76542
76541
76541
76541
76541
76540
76540
76540
76540
76539
76538
76537
76536
76535
76535
76535
76535
76534
76534
76534
76534
76533
76533
76533
76533
76532
76532
76532
76532
76531
76531
76530
76529
76528
76528
76527
76527
76527
76527
76526
76526
76526
76524
76524
76524
76524
76523
76523
76523
76523
76522
76522
76522
76522
76520
76520
76519
76519
76519
76519
76518
76518
76518
76518
76517
76517
76517
76517
76516
76516
76516
76516
76515
76515
76515
76515
76514
76514
76514
76514
76513
76513
76513
76513
76512
76512
76512
76511
76511
76511
76511
76510
76510
76510
76510
76510
76509
76509
76509
76508
76508
76508
76508
76507
76507
76507
76507
76506
76506
76506
76506
76505
76505
76505
76505
76504
76504
76504
76504
76503
76503
76503
76503
76502
76502
76502
76502
76501
76501
76501
76501
76500
76500
76500
76500
76499
76499
76499
76499
76498
76496
76495
76493
76492
76490
76489
76489
76488
76488
76488
76488
76487
76487
76487
76487
76486
76485
76485
76483
76483
76482
76482
76482
76482
76481
76481
76481
76481
76480
76480
76480
76480
76479
76479
76479
76479
76478
76478
76478
76476
76476
76476
76476
76475
76475
76475
76475
76474
76474
76474
76474
76473
76473
76473
76473
76472
76471
76470
76470
76470
76470
76469
76469
76469
76469
76468
76468
76468
76468
76467
76467
76467
76467
76466
76466
76466
76466
76464
76464
76462
76462
76462
76461
76461
76461
76459
76459
76459
76458
76458
76458
76458
76457
76457
76457
76457
76456
76456
76456
76456
76454
76454
76452
76452
76452
76451
76451
76451
76451
76450
76450
76450
76450
76449
76449
76449
76449
76448
76448
76448
76448
76447
76447
76447
76447
76446
76446
76446
76444
76444
76444
76443
76443
76443
76443
76442
76442
76442
76442
76441
76441
76441
76441
76440
76440
76440
76440
76439
76439
76439
76439
76438
76438
76438
76438
76437
76437
76437
76437
76436
76436
76436
76436
76435
76435
76435
76435
76434
76434
76434
76433
76433
76433
76433
76432
76432
76432
76432
76431
76431
76431
76431
76430
76430
76430
76429
76429
76429
76429
76428
76428
76428
76426
76424
76422
76420
76418
76416
76416
76416
76415
76415
76414
76413
76412
76412
76411
76411
76411
76410
76410
76410
76410
76409
76409
76409
76409
76408
76408
76408
76408
76407
76407
76407
76407
76405
76405
76405
76404
76404
76404
76403
76403
76403
76403
76402
76402
76402
76402
76401
76401
76401
76399
76399
76399
76399
76398
76398
76398
76397
76397
76397
76396
76396
76396
76396
76395
76395
76395
76395
76394
76394
76394
76392
76392
76391
76390
76390
76389
76388
76388
76388
76387
76387
76387
76387
76386
76386
76386
76386
76385
76385
76385
76384
76384
76384
76382
76382
76380
76380
76380
76379
76379
76379
76379
76378
76378
76378
76378
76377
76377
76377
76377
76376
76376
76376
76376
76375
76375
76375
76374
76374
76374
76374
76373
76373
76373
76373
76372
76372
76372
76372
76371
76371
76371
76371
76370
76370
76370
76370
76369
76369
76369
76369
76368
76368
76368
76368
76367
76367
76367
76366
76366
76366
76366
76365
76365
76365
76365
76364
76364
76364
76364
76363
76363
76363
76363
76362
76362
76362
76362
76361
76361
76361
76360
76360
76360
76360
76359
76359
76359
76358
76358
76358
76358
76357
76357
76357
76357
76356
76356
76356
76356
76355
76353
76351
76350
76348
76346
76344
76343
76342
76342
76342
76342
76341
76341
76341
76340
76340
76340
76340
76339
76339
76339
76339
76338
76338
76338
76338
76337
76336
76336
76335
76335
76335
76334
76334
76334
76334
76333
76333
76333
76333
76332
76332
76332
76332
76330
76330
76330
76329
76329
76329
76329
76328
76328
76328
76327
76327
76327
76327
76326
76326
76326
76326
76325
76325
76325
76323
76323
76321
76320
76320
76320
76319
76319
76319
76318
76318
76318
76318
76317
76317
76317
76317
76316
76316
76316
76316
76315
76315
76314
76313
76312
76311
76311
76311
76311
76310
76310
76310
76310
76309
76309
76309
76309
76308
76308
76308
76308
76307
76307
76307
76307
76306
76306
76306
76306
76305
76305
76305
76305
76304
76304
76304
76304
76303
76303
76303
76303
76302
76302
76302
76302
76301
76301
76301
76301
76300
76300
76300
76300
76299
76299
76299
76299
76298
76298
76298
76298
76297
76297
76297
76297
76296
76296
76296
76295
76295
76295
76294
76294
76294
76294
76293
76293
76293
76293
76292
76292
76292
76291
76291
76291
76290
76290
76290
76290
76289
76289
76289
76289
76288
76288
76288
76288
76287
76287
76287
76286
76286
76286
76286
76285
76285
76283
76281
76279
76276
76274
76273
76273
76273
76272
76272
76272
76272
76271
76271
76271
76270
76270
76270
76270
76269
76269
76268
76267
76267
76267
76267
76266
76266
76266
76266
76265
76265
76265
76265
76264
76264
76264
76264
76262
76262
76261
76261
76261
76261
76260
76260
76260
76260
76259
76259
76259
76258
76258
76258
76258
76257
76257
76257
76256
76254
76254
76252
76252
76252
76250
76250
76249
76249
76249
76249
76248
76248
76248
76248
76247
76247
76247
76247
76246
76246
76246
76246
76244
76244
76242
76242
76242
76242
76241
76241
76241
76240
76240
76240
76240
76239
76239
76239
76239
76238
76238
76238
76237
76237
76237
76235
76235
76235
76234
76234
76234
76234
76233
76233
76233
76233
76232
76232
76232
76231
76231
76231
76231
76230
76230
76230
76230
76229
76229
76229
76229
76228
76228
76228
76228
76227
76227
76227
76227
76226
76226
76226
76226
76225
76225
76225
76225
76224
76224
76224
76224
76223
76223
76223
76223
76222
76222
76222
76222
76221
76221
76221
76221
76220
76220
76220
76220
76219
76219
76219
76218
76218
76218
76218
76217
76217
76217
76217
76216
76216
76216
76216
76215
76215
76215
76215
76213
76213
76213
76212
76212
76212
76210
76208
76207
76206
76204
76202
76202
76202
76202
76201
76201
76201
76201
76200
76200
76199
76198
76198
76198
76197
76197
76197
76197
76196
76196
76196
76196
76195
76195
76195
76195
76194
76193
76192
76192
76192
76192
76191
76191
76191
76191
76190
76190
76190
76190
76189
76189
76189
76189
76187
76187
76187
76186
76185
76185
76183
76183
76183
76182
76182
76182
76182
76181
76181
76181
76181
76180
76180
76180
76180
76179
76179
76179
76179
76178
76178
76177
76176
76175
76174
76174
76174
76174
76173
76173
76173
76172
76172
76172
76172
76171
76171
76171
76171
76170
76170
76170
76170
76169
76168
76167
76167
76167
76167
76166
76166
76166
76166
76165
76165
76165
76165
76164
76164
76164
76164
76163
76163
76163
76163
76162
76162
76162
76162
76161
76161
76161
76161
76159
76159
76159
76158
76158
76158
76157
76157
76157
76157
76156
76156
76156
76156
76155
76155
76155
76155
76154
76154
76154
76154
76153
76153
76153
76153
76152
76152
76152
76152
76151
76151
76151
76151
76150
76150
76150
76149
76149
76149
76149
76148
76148
76148
76148
76147
76147
76147
76147
76145
76145
76144
76144
76144
76144
76143
76143
76143
76143
76142
76142
76142
76142
76141
76140
76138
76136
76134
76133
76131
76130
76130
76130
76128
76128
76128
76127
76127
76127
76127
76126
76126
76126
76126
76125
76125
76125
76125
76124
76124
76123
76122
76122
76122
76121
76121
76121
76121
76120
76120
76120
76120
76119
76119
76118
76117
76117
76117
76117
76116
76116
76114
76114
76113
76113
76112
76112
76112
76111
76111
76111
76111
76110
76110
76110
76110
76109
76109
76109
76109
76108
76108
76108
76108
76106
76106
76104
76104
76104
76104
76103
76103
76103
76103
76102
76102
76102
76102
76101
76101
76101
76101
76100
76100
76100
76100
76099
76098
76097
76097
76097
76097
76096
76096
76096
76096
76095
76095
76095
76095
76094
76094
76094
76094
76093
76093
76093
76093
76092
76092
76092
76092
76091
76091
76091
76091
76090
76090
76090
76090
76089
76089
76089
76089
76088
76088
76088
76088
76087
76087
76087
76086
76086
76086
76086
76085
76085
76085
76085
76084
76084
76084
76083
76083
76083
76083
76082
76082
76082
76082
76081
76081
76081
76081
76080
76080
76080
76080
76079
76079
76079
76079
76077
76076
76076
76076
76076
76075
76075
76075
76075
76074
76074
76074
76074
76073
76073
76073
76073
76072
76072
76072
76072
76071
76071
76071
76068
76066
76065
76063
76061
76060
76059
76059
76059
76059
76058
76058
76058
76057
76057
76057
76057
76056
76056
76056
76054
76054
76054
76053
76053
76053
76053
76052
76052
76052
76052
76050
76050
76050
76049
76049
76049
76049
76048
76048
76048
76046
76046
76045
76044
76044
76044
76043
76043
76043
76043
76042
76042
76042
76042
76041
76041
76041
76041
76040
76040
76040
76040
76039
76038
76037
76036
76036
76035
76035
76034
76034
76034
76033
76033
76033
76033
76032
76032
76032
76032
76031
76031
76031
76031
76030
76030
76028
76028
76028
76028
76027
76027
76027
76027
76026
76026
76026
76026
76025
76025
76025
76025
76024
76024
76024
76024
76023
76023
76023
76023
76022
76022
76022
76022
76021
76021
76021
76021
76020
76020
76020
76019
76019
76019
76019
76018
76018
76018
76018
76017
76017
76017
76017
76016
76016
76016
76016
76015
76015
76015
76015
76014
76014
76014
76014
76013
76013
76013
76013
76012
76012
76012
76011
76011
76011
76011
76010
76010
76009
76008
76008
76008
76008
76007
76007
76007
76007
76006
76006
76006
76006
76005
76005
76005
76005
76004
76004
76004
76004
76003
76003
76003
76003
76002
76002
76002
76002
76001
76001
76001
76000
75999
75997
75995
75993
75992
75990
75990
75990
75989
75989
75989
75988
75988
75988
75986
75986
75986
75986
75985
75985
75984
75984
75983
75982
75982
75982
75982
75981
75981
75981
75981
75980
75980
75980
75980
75978
75978
75976
75976
75975
75975
75975
75975
75974
75974
75974
75974
75973
75973
75973
75973
75972
75972
75972
75972
75971
75971
75971
75969
75969
75968
75967
75967
75967
75965
75965
75965
75965
75964
75964
75964
75963
75963
75963
75963
75962
75962
75962
75962
75961
75961
75960
75959
75959
75959
75958
75958
75958
75958
75957
75957
75957
75957
75956
75956
75956
75956
75955
75955
75955
75955
75954
75954
75954
75952
75952
75952
75951
75951
75951
75951
75950
75950
75950
75950
75949
75949
75949
75949
75948
75948
75948
75948
75947
75947
75947
75946
75946
75946
75946
75945
75945
75945
75945
75944
75944
75944
75944
75943
75943
75943
75943
75942
75942
75942
75941
75941
75941
75941
75940
75939
75939
75938
75938
75938
75938
75937
75937
75937
75937
75936
75936
75936
75936
75935
75935
75935
75934
75934
75934
75934
75933
75933
75933
75933
75932
75932
75932
75932
75931
75931
75931
75931
75930
75930
75930
75930
75929
75929
75929
75929
75928
75926
75924
75923
75922
75920
75919
75918
75918
75917
75916
75916
75916
75915
75914
75914
75913
75913
75913
75913
75912
75912
75912
75912
75911
75911
75911
75911
75910
75910
75909
75908
75907
75906
75906
75906
75906
75905
75905
75905
75905
75904
75904
75904
75904
75903
75903
75903
75903
75902
75902
75902
75902
75900
75900
75898
75898
75897
75897
75897
75897
75896
75896
75896
75896
75895
75895
75895
75895
75894
75894
75894
75893
75893
75893
75893
75891
75891
75891
75890
75890
75890
75889
75889
75889
75889
75888
75888
75888
75888
75887
75887
75887
75887
75886
75886
75886
75886
75885
75884
75883
75883
75883
75883
75882
75882
75882
75882
75881
75881
75881
75880
75880
75880
75880
75879
75879
75879
75879
75878
75878
75878
75878
75877
75877
75877
75877
75876
75876
75874
75874
75874
75874
75873
75873
75873
75873
75872
75872
75872
75872
75871
75870
75869
75869
75869
75869
75868
75868
75868
75867
75867
75867
75867
75866
75866
75866
75866
75865
75865
75865
75865
75864
75864
75864
75864
75863
75863
75863
75863
75862
75862
75862
75862
75861
75861
75861
75861
75860
75860
75860
75860
75859
75859
75859
75859
75858
75858
75858
75858
75857
75857
75857
75855
75852
75850
75849
75847
75845
75845
75845
75844
75844
75844
75844
75843
75843
75843
75843
75842
75842
75842
75841
75841
75841
75841
75839
75839
75838
75837
75837
75837
75837
75836
75836
75836
75836
75835
75835
75835
75834
75834
75834
75833
75833
75833
75833
75832
75832
75830
75830
75829
75828
75828
75828
75827
75827
75827
75827
75826
75826
75826
75826
75825
75825
75825
75825
75824
75824
75824
75824
75823
75822
75822
75821
75821
75821
75820
75820
75820
75820
75819
75819
75819
75819
75818
75818
75818
75818
75817
75817
75817
75817
75816
75816
75815
75814
75814
75814
75814
75813
75813
75813
75813
75812
75812
75812
75812
75811
75811
75809
75809
75809
75809
75808
75808
75808
75808
75807
75807
75807
75807
75806
75806
75806
75806
75805
75805
75805
75805
75804
75804
75804
75804
75803
75802
75801
75801
75801
75801
75800
75800
75800
75799
75799
75799
75799
75798
75798
75798
75798
75797
75797
75797
75797
75796
75796
75796
75796
75795
75795
75795
75795
75794
75794
75794
75794
75793
75793
75793
75793
75792
75792
75792
75792
75791
75791
75791
75791
75790
75790
75790
75790
75789
75789
75789
75789
75788
75788
75788
75788
75787
75787
75787
75787
75784
75781
75779
75777
75776
75774
75774
75774
75774
75773
75773
75773
75772
75772
75772
75771
75771
75770
75770
75768
75768
75767
75767
75767
75767
75766
75766
75766
75766
75765
75765
75765
75765
75764
75764
75764
75764
75763
75763
75763
75761
75761
75760
75759
75759
75759
75758
75758
75758
75758
75757
75757
75757
75757
75756
75756
75756
75756
75755
75755
75755
75755
75754
75753
75752
75752
75752
75752
75735
75735
75734
75734
75734
75733
75733
75733
75733
75732
75732
75732
75732
75731
75731
75731
75730
75730
75728
75728
75728
75728
75727
75727
75727
75727
75726
75726
75726
75726
75725
75725
75725
75723
75723
75723
75722
75722
75722
75722
75721
75721
75721
75721
75720
75720
75720
75720
75719
75719
75719
75719
75718
75718
75718
75716
75716
75716
75715
75715
75714
75714
75714
75714
75713
75713
75713
75713
75712
75712
75712
75712
75711
75711
75711
75711
75710
75710
75710
75710
75709
75709
75709
75709
75708
75708
75708
75707
75707
75707
75707
75706
75706
75706
75706
75705
75705
75705
75705
75704
75704
75704
75704
75703
75703
75703
75703
75702
75702
75702
75702
75701
75701
75701
75700
75700
75700
75700
75699
75699
75699
75699
75698
75698
75697
75694
75692
75691
75689
75687
75687
75687
75686
75686
75686
75684
75684
75683
75682
75682
75682
75682
75681
75681
75681
75680
75680
75680
75680
75679
75679
75679
75679
75678
75678
75678
75678
75677
75676
75676
75674
75674
75674
75673
75673
75673
75673
75672
75672
75672
75672
75671
75671
75671
75671
75670
75670
75670
75670
75669
75669
75668
75667
75667
75667
75666
75666
75666
75664
75664
75664
75664
75663
75663
75663
75663
75662
75662
75662
75662
75661
75661
75661
75660
75659
75658
75658
75658
75658
75657
75657
75657
75657
75656
75656
75656
75655
75655
75655
75653
75653
75651
75651
75651
75651
75650
75650
75650
75650
75649
75649
75649
75649
75648
75648
75648
75648
75647
75646
75646
75645
75645
75645
75645
75644
75644
75644
75644
75643
75643
75643
75643
75642
75642
75642
75641
75641
75641
75641
75640
75640
75640
75640
75639
75639
75639
75639
75638
75638
75638
75638
75637
75637
75637
75637
75636
75636
75636
75636
75635
75635
75635
75635
75634
75634
75634
75634
75633
75633
75633
75633
75632
75632
75632
75632
75631
75631
75631
75631
75630
75630
75630
75630
75629
75629
75629
75628
75628
75628
75628
75627
75627
75627
75627
75626
75626
75625
75623
75621
75619
75617
75615
75614
75613
75613
75612
75612
75612
75612
75611
75611
75611
75611
75610
75610
75610
75609
75609
75609
75609
75608
75608
75608
75608
75606
75606
75604
75604
75604
75604
75603
75603
75603
75603
75602
75602
75602
75602
75601
75601
75601
75600
75600
75600
75600
75599
75599
75597
75597
75597
75597
75596
75596
75596
75596
75595
75595
75595
75595
75594
75594
75594
75593
75593
75593
75593
75592
75592
75592
75592
75590
75590
75590
75589
75589
75589
75588
75588
75588
75587
75587
75587
75587
75586
75586
75585
75584
75583
75582
75582
75582
75582
75581
75581
75581
75581
75580
75580
75580
75580
75579
75578
75577
75577
75577
75576
75576
75576
75576
75575
75575
75575
75574
75574
75574
75574
75573
75573
75573
75573
75572
75572
75572
75572
75570
75570
75569
75569
75569
75569
75568
75568
75568
75568
75567
75567
75567
75567
75566
75566
75566
75566
75565
75565
75565
75565
75564
75564
75563
75563
75563
75563
75562
75562
75562
75562
75561
75561
75561
75561
75560
75560
75560
75560
75559
75559
75559
75559
75558
75558
75558
75558
75557
75557
75557
75557
75556
75556
75556
75556
75555
75555
75555
75555
75554
75554
75554
75554
75551
75549
75547
75545
75544
75542
75542
75542
75542
75541
75541
75541
75541
75540
75540
75540
75539
75539
75539
75539
75538
75538
75537
75536
75535
75535
75534
75534
75534
75534
75533
75533
75533
75533
75532
75532
75532
75532
75531
75531
75531
75530
75530
75530
75529
75528
75528
75528
75527
75527
75527
75526
75526
75526
75526
75525
75525
75525
75525
75524
75524
75524
75524
75523
75523
75523
75522
75522
75521
75520
75520
75520
75520
75519
75519
75519
75519
75518
75518
75518
75518
75517
75517
75516
75515
75514
75514
75513
75513
75513
75513
75512
75512
75512
75511
75511
75510
75510
75509
75509
75509
75508
75508
75508
75508
75507
75506
75506
75505
75505
75505
75504
75504
75504
75504
75503
75503
75503
75503
75502
75502
75502
75502
75501
75501
75501
75501
75500
75500
75500
75499
75499
75499
75499
75498
75498
75498
75498
75497
75497
75497
75497
75496
75496
75496
75496
75495
75495
75495
75494
75494
75494
75493
75493
75493
75492
75492
75492
75492
75491
75491
75491
75491
75490
75490
75490
75490
75489
75489
75489
75489
75488
75488
75488
75488
75487
75487
75487
75486
75486
75486
75486
75485
75485
75485
75485
75484
75484
75484
75484
75483
75483
75480
75479
75477
75476
75474
75472
75472
75472
75471
75471
75471
75470
75470
75470
75469
75469
75468
75467
75466
75466
75465
75465
75465
75465
75464
75464
75464
75464
75463
75463
75463
75463
75462
75462
75462
75462
75461
75461
75461
75459
75459
75459
75458
75458
75458
75458
75457
75457
75457
75457
75456
75456
75456
75456
75455
75455
75455
75455
75454
75454
75454
75454
75452
75452
75451
75451
75451
75451
75450
75450
75450
75450
75449
75449
75449
75449
75448
75447
75447
75445
75445
75445
75444
75444
75444
75444
75443
75442
75442
75441
75441
75441
75441
75440
75440
75440
75440
75439
75439
75439
75437
75437
75436
75436
75435
75435
75435
75434
75434
75434
75434
75433
75433
75433
75433
75432
75432
75432
75432
75431
75431
75431
75431
75430
75430
75430
75430
75429
75429
75429
75429
75428
75428
75428
75428
75427
75427
75427
75427
75426
75426
75426
75425
75425
75425
75425
75424
75424
75424
75424
75423
75423
75423
75423
75422
75422
75422
75422
75421
75421
75421
75421
75420
75420
75420
75420
75419
75419
75419
75419
75418
75418
75418
75418
75417
75417
75417
75417
75416
75416
75416
75416
75415
75415
75415
75414
75414
75414
75414
75413
75413
75413
75410
75409
75407
75406
75404
75403
75402
75402
75402
75402
75400
75400
75398
75398
75398
75397
75397
75397
75397
75396
75396
75396
75395
75395
75395
75395
75394
75394
75394
75394
75393
75393
75393
75391
75391
75391
75391
75390
75390
75390
75390
75389
75389
75389
75389
75388
75388
75388
75388
75387
75387
75387
75387
75386
75386
75386
75384
75384
75384
75384
75383
75383
75383
75383
75381
75381
75380
75380
75380
75380
75379
75378
75377
75376
75376
75376
75375
75375
75373
75373
75373
75372
75372
75372
75372
75371
75371
75371
75371
75370
75370
75370
75370
75369
75368
75367
75366
75366
75366
75365
75365
75365
75365
75364
75364
75364
75363
75363
75363
75363
75362
75362
75362
75362
75361
75361
75361
75361
75360
75360
75360
75360
75359
75359
75359
75359
75358
75358
75358
75358
75357
75357
75357
75357
75356
75356
75356
75355
75355
75355
75355
75354
75354
75354
75354
75353
75353
75353
75353
75352
75352
75352
75352
75351
75351
75351
75351
75350
75350
75350
75350
75349
75349
75348
75348
75348
75348
75347
75347
75347
75347
75346
75346
75346
75346
75345
75345
75345
75345
75344
75344
75344
75344
75343
75343
75343
75342
75342
75342
75342
75341
75341
75339
75338
75336
75335
75333
75331
75330
75329
75329
75329
75328
75328
75328
75327
75327
75327
75327
75326
75326
75326
75326
75325
75325
75325
75325
75324
75324
75323
75322
75322
75322
75322
75321
75321
75321
75321
75320
75320
75320
75320
75319
75319
75319
75318
75318
75318
75318
75317
75317
75317
75315
75315
75315
75315
75314
75314
75314
75313
75313
75313
75313
75312
75312
75312
75312
75310
75310
75309
75308
75306
75306
75306
75306
75305
75305
75305
75305
75304
75304
75304
75304
75303
75303
75303
75302
75302
75302
75302
75300
75300
75298
75298
75298
75297
75297
75297
75297
75296
75296
75296
75296
75295
75295
75295
75294
75294
75294
75294
75293
75293
75293
75293
75292
75292
75292
75292
75291
75291
75291
75291
75290
75290
75290
75290
75289
75289
75289
75289
75286
75286
75285
75285
75285
75285
75284
75284
75284
75284
75283
75283
75283
75283
75282
75282
75282
75282
75281
75281
75281
75281
75280
75280
75280
75279
75279
75279
75279
75278
75278
75278
75278
75277
75277
75277
75277
75276
75276
75276
75276
75275
75275
75275
75275
75274
75274
75274
75274
75273
75273
75273
75273
75272
75272
75272
75271
75271
75271
75271
75270
75270
75270
75270
75265
75264
75262
75261
75259
75258
75257
75257
75257
75256
75256
75256
75255
75255
75255
75255
75254
75254
75254
75254
75253
75252
75252
75251
75251
75251
75251
75250
75250
75250
75250
75249
75249
75249
75248
75248
75248
75248
75247
75247
75247
75247
75246
75246
75244
75244
75244
75244
75243
75243
75243
75243
75242
75242
75242
75241
75241
75241
75241
75239
75238
75237
75236
75236
75235
75235
75235
75235
75234
75234
75234
75234
75233
75233
75233
75232
75232
75232
75232
75231
75231
75231
75229
75229
75228
75227
75227
75227
75227
75226
75226
75226
75226
75225
75225
75225
75225
75224
75224
75224
75224
75223
75223
75223
75222
75221
75220
75220
75220
75220
75219
75219
75219
75219
75218
75218
75218
75218
75217
75217
75217
75217
75216
75216
75216
75216
75215
75215
75215
75215
75214
75214
75214
75214
75213
75213
75213
75213
75212
75212
75212
75211
75211
75211
75211
75210
75210
75210
75210
75209
75209
75209
75209
75208
75208
75208
75208
75207
75207
75207
75207
75206
75206
75206
75206
75205
75205
75205
75204
75204
75204
75204
75203
75203
75203
75203
75202
75202
75202
75202
75201
75201
75201
75201
75200
75200
75200
75200
75198
75198
75197
75197
75194
75193
75191
75190
75188
75187
75187
75186
75186
75186
75185
75185
75185
75185
75184
75183
75183
75182
75182
75182
75182
75181
75181
75181
75180
75180
75180
75180
75179
75179
75179
75179
75178
75178
75178
75178
75177
75177
75176
75175
75175
75175
75174
75174
75174
75174
75173
75173
75173
75173
75172
75171
75171
75169
75169
75167
75167
75167
75167
75166
75166
75166
75166
75165
75165
75165
75164
75164
75164
75164
75163
75163
75163
75163
75162
75162
75160
75160
75159
75158
75158
75158
75158
75157
75157
75157
75157
75156
75156
75156
75156
75155
75155
75155
75155
75154
75154
75154
75153
75151
75150
75150
75150
75149
75149
75149
75149
75148
75148
75148
75148
75147
75147
75147
75147
75146
75146
75146
75146
75145
75145
75145
75145
75144
75144
75144
75144
75143
75143
75143
75143
75142
75142
75142
75142
75141
75141
75141
75141
75140
75140
75140
75140
75139
75139
75139
75139
75138
75138
75138
75138
75137
75137
75137
75137
75136
75136
75136
75136
75135
75135
75135
75134
75134
75134
75134
75133
75133
75133
75133
75132
75132
75132
75132
75131
75131
75131
75131
75130
75129
75128
75128
75128
75127
75127
75127
75126
75126
75126
75126
75125
75125
75123
75121
75120
75119
75117
75116
75115
75115
75115
75114
75113
75113
75113
75113
75112
75112
75112
75112
75111
75111
75111
75111
75110
75110
75110
75109
75109
75109
75109
75108
75108
75108
75106
75106
75106
75106
75105
75105
75105
75104
75104
75104
75102
75102
75102
75101
75101
75100
75099
75098
75098
75097
75097
75097
75097
75096
75096
75096
75096
75095
75095
75095
75095
75094
75093
75093
75092
75092
75092
75091
75090
75090
75088
75088
75088
75087
75087
75087
75087
75086
75086
75086
75086
75085
75085
75085
75085
75084
75084
75084
75084
75083
75083
75081
75081
75081
75081
75080
75080
75080
75079
75079
75079
75079
75078
75078
75078
75078
75077
75077
75077
75077
75076
75076
75076
75076
75075
75075
75075
75075
75074
75074
75074
75074
75073
75073
75073
75073
75072
75072
75072
75071
75071
75070
75070
75070
75070
75069
75069
75069
75068
75068
75068
75068
75067
75067
75067
75067
75066
75066
75066
75066
75065
75065
75065
75065
75064
75064
75064
75064
75063
75063
75063
75063
75062
75062
75062
75062
75061
75061
75060
75059
75059
75059
75059
75058
75058
75058
75058
75057
75057
75057
75056
75056
75056
75056
75055
75055
75055
75055
75054
75054
75053
75051
75050
75047
75046
75044
75044
75044
75044
75043
75043
75043
75042
75042
75042
75042
75041
75041
75041
75041
75040
75040
75040
75040
75039
75039
75038
75037
75037
75037
75036
75036
75036
75034
75034
75034
75033
75033
75033
75033
75032
75030
75030
75029
75028
75028
75028
75027
75027
75027
75027
75026
75026
75026
75026
75025
75025
75025
75025
75024
75024
75024
75024
75023
75022
75022
75020
75020
75019
75019
75019
75019
75018
75018
75018
75017
75017
75017
75017
75016
75016
75016
75016
75015
75015
75015
75015
75012
75012
75012
75011
75011
75011
75011
75010
75010
75010
75009
75009
75009
75009
75008
75008
75008
75008
75007
75007
75007
75007
75006
75006
75006
75006
75005
75005
75005
75005
75004
75004
75004
75004
75003
75003
75003
75003
75002
75002
75002
75000
75000
74999
74999
74999
74999
74998
74998
74998
74998
74997
74997
74997
74997
74996
74996
74996
74996
74995
74995
74995
74995
74994
74994
74994
74994
74993
74993
74993
74993
74992
74992
74991
74990
74989
74989
74989
74989
74988
74988
74988
74988
74987
74987
74987
74987
74986
74986
74986
74986
74985
74985
74985
74984
74984
74984
74984
74983
74983
74983
74983
74982
74982
74982
74980
74979
74976
74975
74973
74971
74971
74970
74970
74970
74970
74969
74969
74969
74969
74968
74968
74968
74968
74967
74966
74966
74965
74965
74963
74963
74963
74963
74962
74962
74962
74962
74961
74961
74961
74960
74959
74958
74958
74957
74957
74956
74956
74956
74956
74955
74955
74955
74955
74954
74954
74954
74954
74953
74953
74953
74953
74952
74951
74951
74949
74949
74948
74948
74948
74947
74947
74947
74947
74946
74946
74946
74946
74945
74945
74945
74945
74944
74944
74944
74944
74942
74942
74942
74941
74941
74941
74941
74940
74940
74940
74940
74939
74939
74939
74939
74938
74938
74938
74938
74937
74937
74937
74937
74935
74935
74934
74934
74934
74934
74933
74933
74933
74933
74932
74932
74932
74932
74931
74931
74931
74931
74930
74930
74930
74930
74929
74929
74929
74929
74928
74928
74928
74928
74927
74927
74927
74926
74926
74926
74926
74925
74925
74925
74925
74924
74924
74924
74924
74923
74923
74923
74921
74921
74921
74921
74920
74920
74920
74920
74919
74919
74919
74918
74918
74918
74918
74917
74917
74917
74917
74916
74916
74916
74916
74915
74915
74915
74915
74914
74914
74914
74914
74913
74913
74913
74913
74912
74912
74912
74912
74911
74908
74907
74906
74904
74903
74901
74901
74901
74900
74900
74900
74900
74899
74899
74898
74896
74896
74895
74895
74895
74894
74894
74894
74894
74893
74893
74893
74893
74892
74891
74891
74889
74889
74889
74888
74888
74888
74888
74887
74887
74887
74887
74886
74886
74886
74886
74885
74885
74885
74885
74884
74884
74882
74882
74880
74880
74880
74880
74879
74879
74879
74879
74878
74878
74878
74878
74877
74877
74877
74876
74876
74876
74876
74875
74875
74872
74872
74872
74872
74871
74871
74871
74871
74870
74870
74870
74870
74869
74869
74869
74869
74868
74868
74868
74868
74867
74867
74867
74865
74865
74865
74864
74864
74864
74864
74863
74863
74863
74863
74862
74862
74862
74862
74861
74861
74861
74860
74860
74860
74860
74859
74859
74859
74859
74858
74858
74858
74858
74857
74857
74857
74857
74856
74856
74856
74856
74855
74855
74855
74854
74854
74854
74854
74852
74852
74852
74851
74851
74851
74851
74850
74850
74850
74849
74849
74849
74849
74848
74848
74848
74848
74847
74847
74847
74847
74846
74846
74846
74846
74845
74845
74845
74845
74844
74844
74844
74844
74843
74843
74843
74843
74842
74842
74842
74842
74841
74841
74841
74841
74840
74840
74840
74838
74837
74835
74834
74832
74830
74829
74828
74827
74827
74826
74826
74826
74826
74825
74825
74825
74824
74824
74824
74824
74823
74823
74822
74821
74820
74820
74819
74819
74819
74819
74818
74818
74818
74818
74817
74817
74817
74817
74816
74816
74816
74816
74815
74815
74815
74813
74813
74811
74811
74811
74811
74810
74810
74810
74810
74809
74809
74809
74809
74808
74808
74808
74807
74806
74805
74805
74805
74805
74803
74803
74803
74802
74802
74802
74802
74801
74801
74801
74800
74800
74800
74800
74799
74799
74799
74799
74798
74798
74798
74798
74797
74796
74795
74795
74795
74795
74794
74794
74794
74794
74793
74793
74793
74793
74792
74792
74792
74792
74791
74791
74791
74791
74790
74790
74790
74790
74789
74789
74789
74789
74788
74788
74788
74788
74787
74787
74787
74787
74786
74786
74786
74786
74785
74784
74783
74783
74783
74783
74782
74782
74782
74782
74781
74781
74781
74781
74780
74780
74780
74780
74779
74779
74779
74779
74778
74778
74778
74778
74777
74777
74777
74777
74776
74776
74776
74776
74775
74775
74775
74774
74774
74774
74774
74773
74773
74773
74773
74772
74772
74772
74772
74771
74771
74771
74771
74770
74770
74770
74770
74769
74769
74767
74766
74764
74762
74761
74759
74759
74758
74758
74758
74758
74757
74757
74757
74757
74756
74756
74755
74754
74753
74752
74752
74752
74752
74737
74736
74736
74736
74735
74735
74735
74734
74734
74734
74734
74733
74733
74733
74733
74732
74731
74731
74729
74729
74729
74728
74728
74728
74728
74727
74727
74727
74727
74726
74726
74726
74726
74725
74725
74725
74724
74724
74724
74723
74722
74722
74722
74722
74721
74721
74721
74720
74720
74720
74720
74719
74719
74719
74719
74718
74718
74718
74718
74717
74717
74717
74715
74714
74714
74714
74713
74713
74713
74713
74712
74712
74712
74712
74711
74711
74711
74711
74710
74710
74710
74710
74709
74708
74708
74707
74707
74707
74707
74706
74706
74706
74706
74705
74705
74705
74705
74704
74704
74704
74704
74702
74702
74701
74700
74700
74699
74699
74699
74699
74698
74698
74698
74698
74697
74697
74697
74697
74696
74696
74696
74695
74695
74695
74695
74694
74694
74694
74694
74693
74693
74693
74693
74692
74692
74692
74692
74691
74691
74691
74691
74690
74690
74690
74690
74689
74689
74689
74689
74688
74688
74688
74688
74687
74687
74687
74687
74686
74686
74686
74685
74685
74685
74685
74685
74684
74684
74684
74682
74681
74679
74678
74676
74673
74673
74672
74672
74672
74672
74670
74670
74668
74668
74668
74668
74667
74667
74667
74667
74666
74666
74666
74666
74665
74665
74665
74665
74664
74664
74664
74664
74663
74662
74661
74660
74660
74659
74659
74659
74659
74658
74658
74658
74658
74657
74657
74657
74656
74656
74656
74656
74655
74655
74655
74655
74653
74653
74653
74653
74652
74652
74651
74651
74651
74651
74650
74650
74650
74650
74649
74649
74649
74649
74648
74648
74648
74648
74647
74646
74646
74645
74645
74645
74645
74644
74644
74644
74643
74643
74643
74643
74642
74642
74642
74642
74641
74641
74641
74641
74639
74639
74637
74637
74637
74637
74636
74636
74636
74636
74635
74635
74635
74635
74634
74633
74633
74632
74632
74632
74632
74631
74631
74631
74631
74630
74630
74630
74630
74629
74629
74629
74629
74628
74628
74628
74628
74627
74627
74627
74627
74626
74626
74626
74626
74625
74625
74625
74625
74624
74624
74624
74624
74623
74623
74623
74623
74622
74622
74622
74622
74621
74621
74621
74620
74620
74620
74620
74619
74619
74619
74619
74618
74618
74618
74618
74617
74617
74617
74617
74616
74616
74616
74616
74615
74615
74615
74615
74614
74614
74614
74611
74610
74608
74607
74605
74603
74602
74601
74601
74601
74600
74600
74600
74599
74599
74599
74599
74598
74598
74598
74598
74597
74597
74597
74597
74596
74596
74596
74594
74594
74593
74593
74592
74592
74592
74591
74591
74591
74591
74590
74590
74590
74590
74589
74589
74589
74588
74588
74588
74588
74587
74586
74586
74585
74585
74585
74584
74584
74584
74584
74583
74583
74583
74583
74582
74582
74582
74582
74581
74581
74580
74580
74580
74580
74577
74577
74577
74576
74576
74576
74575
74575
74575
74575
74574
74574
74574
74574
74573
74573
74573
74573
74572
74572
74572
74570
74570
74568
74568
74567
74567
74567
74567
74566
74566
74566
74566
74564
74564
74564
74563
74563
74563
74563
74562
74562
74562
74562
74561
74561
74561
74561
74560
74560
74560
74560
74559
74559
74559
74559
74558
74558
74558
74557
74557
74557
74557
74557
74556
74556
74556
74555
74555
74555
74555
74554
74554
74554
74554
74553
74553
74553
74553
74553
74552
74552
74552
74552
74551
74551
74551
74550
74550
74550
74550
74549
74549
74549
74549
74548
74548
74548
74548
74548
74547
74547
74547
74546
74546
74546
74546
74545
74545
74545
74545
74544
74544
74544
74544
74543
74543
74543
74541
74539
74537
74536
74533
74531
74531
74531
74531
74530
74530
74530
74530
74529
74529
74529
74529
74528
74528
74528
74528
74527
74526
74525
74524
74524
74523
74523
74523
74523
74522
74522
74522
74522
74521
74521
74521
74521
74520
74520
74520
74520
74519
74519
74519
74517
74517
74517
74517
74516
74516
74516
74515
74515
74515
74515
74514
74514
74514
74514
74513
74513
74513
74513
74511
74511
74511
74510
74509
74509
74508
74508
74508
74507
74507
74507
74507
74506
74506
74506
74506
74505
74505
74505
74505
74504
74504
74504
74504
74502
74502
74500
74500
74500
74499
74499
74499
74499
74497
74497
74496
74496
74496
74495
74495
74495
74495
74494
74494
74494
74494
74493
74493
74493
74492
74492
74492
74492
74491
74491
74491
74491
74490
74490
74490
74490
74489
74489
74489
74489
74488
74488
74488
74488
74487
74487
74487
74486
74486
74486
74486
74485
74485
74485
74485
74484
74484
74484
74484
74483
74483
74483
74483
74482
74482
74482
74482
74481
74481
74481
74481
74480
74480
74480
74480
74479
74479
74479
74479
74478
74478
74478
74478
74477
74477
74477
74477
74476
74476
74476
74476
74475
74475
74475
74475
74474
74474
74474
74474
74473
74473
74472
74470
74467
74466
74464
74463
74462
74461
74461
74461
74460
74460
74459
74459
74459
74459
74458
74457
74457
74455
74455
74455
74454
74454
74454
74454
74453
74453
74453
74453
74452
74452
74452
74452
74451
74451
74451
74450
74450
74450
74449
74448
74448
74448
74448
74447
74447
74447
74447
74446
74446
74446
74445
74445
74445
74445
74444
74444
74444
74444
74443
74443
74443
74442
74441
74441
74441
74440
74440
74440
74440
74439
74439
74439
74439
74438
74438
74438
74438
74437
74437
74437
74437
74436
74434
74434
74432
74432
74431
74431
74430
74429
74429
74429
74429
74428
74428
74428
74428
74427
74427
74426
74425
74425
74425
74425
74424
74424
74424
74424
74423
74423
74423
74422
74422
74422
74422
74421
74421
74421
74421
74420
74420
74420
74420
74419
74419
74419
74419
74417
74417
74417
74416
74416
74416
74416
74415
74415
74415
74415
74414
74414
74414
74414
74413
74413
74413
74412
74412
74412
74412
74411
74411
74411
74411
74410
74410
74410
74410
74409
74409
74409
74409
74408
74408
74408
74408
74407
74407
74407
74407
74406
74406
74406
74406
74405
74405
74405
74404
74404
74404
74404
74404
74403
74403
74403
74403
74402
74402
74402
74402
74401
74401
74399
74397
74396
74394
74392
74391
74391
74390
74390
74390
74388
74388
74387
74386
74386
74386
74385
74385
74385
74385
74384
74384
74384
74384
74383
74383
74383
74383
74382
74382
74382
74382
74381
74376
74375
74375
74374
74374
74374
74373
74373
74373
74372
74372
74371
74371
74371
74370
74370
74369
74369
74369
74368
74368
74368
74367
74365
74364
74364
74364
74363
74363
74362
74361
74361
74361
74360
74360
74360
74359
74359
74358
74358
74358
74277
74276
74276
74273
74273
74271
74270
74270
74269
74269
74269
74268
74268
74268
74267
74267
74267
74267
74266
74266
74264
74264
74263
74262
74262
74262
74261
74261
74261
74261
74260
74260
74260
74260
74259
74259
74259
74259
74258
74258
74258
74258
74257
74257
74257
74256
74256
74256
74256
74255
74255
74255
74255
74254
74254
74254
74254
74253
74253
74253
74253
74252
74252
74252
74252
74251
74251
74251
74250
74250
74250
74250
74249
74249
74249
74249
74248
74248
74248
74248
74247
74247
74247
74247
74246
74246
74246
74246
74245
74245
74245
74245
74244
74244
74244
74244
74243
74243
74243
74242
74242
74242
74242
74242
74241
74241
74241
74240
74240
74240
74240
74239
74239
74239
74238
74238
74238
74238
74235
74233
74230
74228
74225
74224
74222
74222
74222
74221
74221
74221
74221
74220
74220
74220
74220
74219
74219
74219
74219
74218
74218
74218
74217
74217
74217
74215
74215
74215
74215
74214
74214
74214
74213
74213
74213
74213
74212
74212
74212
74212
74211
74211
74211
74211
74210
74210
74210
74210
74208
74208
74207
74207
74207
74207
74206
74206
74206
74206
74205
74205
74205
74205
74204
74204
74204
74204
74203
74203
74203
74198
74198
74196
74196
74196
74196
74195
74195
74195
74194
74194
74194
74194
74193
74193
74193
74193
74191
74191
74189
74189
74189
74189
74188
74188
74188
74188
74187
74187
74187
74187
74186
74186
74186
74186
74185
74185
74185
74185
74184
74184
74184
74184
74183
74183
74183
74183
74182
74182
74182
74182
74181
74181
74181
74181
74180
74180
74180
74179
74179
74179
74179
74178
74178
74178
74178
74177
74177
74177
74177
74176
74176
74176
74176
74175
74174
74174
74174
74174
74173
74173
74173
74172
74172
74172
74172
74171
74171
74170
74170
74170
74170
74169
74169
74169
74169
74168
74168
74168
74168
74167
74167
74167
74167
74166
74166
74166
74166
74165
74165
74165
74165
74164
74164
74164
74163
74163
74163
74163
74162
74162
74160
74158
74157
74155
74154
74152
74152
74152
74152
74151
74151
74151
74151
74150
74150
74150
74150
74149
74149
74149
74148
74147
74146
74146
74146
74146
74145
74145
74145
74145
74144
74144
74144
74144
74143
74143
74143
74143
74142
74142
74142
74142
74141
74141
74140
74139
74139
74139
74139
74138
74138
74138
74138
74137
74137
74137
74137
74136
74136
74136
74135
74135
74134
74133
74132
74131
74131
74129
74129
74129
74128
74128
74128
74128
74127
74127
74126
74126
74126
74126
74125
74125
74123
74123
74122
74121
74121
74121
74121
74120
74120
74120
74120
74119
74119
74119
74119
74118
74118
74118
74118
74117
74117
74117
74117
74115
74114
74114
74114
74114
74113
74113
74113
74113
74112
74112
74112
74112
74111
74111
74111
74111
74110
74110
74110
74110
74109
74109
74109
74109
74108
74108
74108
74108
74107
74107
74107
74107
74106
74106
74106
74106
74105
74105
74105
74105
74104
74104
74104
74104
74103
74103
74103
74102
74102
74102
74102
74101
74101
74101
74101
74100
74100
74100
74100
74099
74099
74099
74099
74098
74098
74098
74098
74097
74097
74097
74097
74096
74096
74096
74096
74095
74095
74095
74095
74094
74094
74094
74094
74093
74092
74091
74090
74088
74087
74085
74083
74082
74081
74081
74081
74081
74080
74080
74080
74080
74079
74078
74078
74077
74077
74077
74077
74076
74076
74076
74076
74075
74075
74075
74074
74074
74074
74074
74073
74073
74073
74073
74072
74072
74071
74070
74070
74070
74070
74069
74069
74069
74069
74068
74068
74068
74068
74067
74067
74065
74065
74065
74065
74064
74064
74062
74062
74060
74060
74059
74059
74059
74059
74058
74058
74058
74058
74057
74057
74057
74057
74056
74055
74054
74052
74052
74052
74052
74051
74051
74051
74050
74050
74050
74050
74049
74049
74049
74049
74048
74048
74048
74048
74047
74047
74046
74045
74045
74045
74045
74044
74044
74044
74043
74043
74043
74043
74042
74042
74042
74042
74041
74041
74041
74041
74040
74040
74040
74040
74039
74039
74039
74038
74038
74037
74036
74036
74036
74036
74035
74035
74035
74035
74034
74034
74034
74034
74033
74033
74033
74033
74032
74032
74032
74032
74031
74031
74031
74031
74030
74030
74030
74030
74029
74029
74029
74029
74028
74028
74028
74028
74027
74027
74027
74027
74026
74026
74026
74026
74025
74025
74025
74025
74024
74024
74024
74024
74022
74022
74022
74021
74021
74021
74020
74020
74020
74020
74019
74017
74016
74014
74013
74012
74010
74009
74009
74008
74007
74007
74006
74006
74006
74005
74005
74005
74005
74004
74004
74004
74004
74003
74003
74003
74003
74002
74002
74002
74002
74001
74001
74000
73999
73999
73999
73999
73998
73998
73998
73998
73997
73997
73997
73995
73995
73995
73994
73994
73994
73994
73993
73993
73992
73991
73990
73990
73989
73989
73989
73989
73988
73988
73988
73988
73987
73987
73987
73987
73986
73985
73985
73983
73983
73982
73982
73982
73982
73981
73981
73981
73981
73980
73980
73980
73980
73979
73979
73979
73979
73978
73978
73978
73976
73976
73976
73976
73975
73975
73975
73974
73974
73974
73974
73973
73973
73973
73973
73972
73972
73972
73972
73971
73971
73971
73971
73970
73970
73970
73970
73969
73969
73969
73968
73968
73968
73968
73967
73967
73967
73967
73966
73966
73966
73965
73965
73965
73965
73964
73964
73964
73964
73963
73963
73963
73963
73962
73962
73962
73961
73961
73961
73961
73960
73960
73960
73960
73959
73959
73959
73959
73958
73958
73957
73957
73957
73957
73956
73956
73956
73956
73955
73954
73953
73953
73953
73952
73952
73952
73952
73951
73951
73951
73951
73950
73950
73950
73950
73949
73949
73949
73949
73946
73944
73943
73941
73939
73937
73936
73936
73936
73936
73935
73935
73935
73934
73934
73934
73933
73933
73933
73933
73932
73932
73932
73932
73931
73931
73929
73929
73929
73929
73928
73928
73928
73928
73927
73925
73925
73924
73924
73924
73924
73923
73923
73923
73923
73922
73922
73921
73921
73919
73919
73918
73918
73918
73918
73917
73917
73917
73917
73916
73916
73916
73916
73915
73914
73914
73912
73912
73912
73911
73911
73910
73910
73910
73910
73909
73909
73909
73909
73908
73908
73908
73908
73907
73907
73907
73906
73905
73905
73905
73904
73904
73904
73904
73903
73903
73903
73903
73902
73902
73902
73901
73901
73901
73901
73900
73900
73900
73900
73899
73899
73899
73899
73898
73898
73898
73898
73897
73897
73897
73897
73896
73896
73896
73896
73895
73895
73895
73894
73894
73894
73894
73893
73893
73893
73893
73892
73892
73892
73892
73891
73891
73891
73891
73890
73890
73890
73890
73889
73889
73889
73889
73888
73888
73888
73888
73887
73887
73887
73887
73886
73886
73886
73884
73884
73884
73884
73883
73883
73883
73883
73882
73882
73882
73882
73881
73881
73881
73880
73880
73880
73880
73879
73879
73879
73879
73878
73878
73878
73878
73877
73877
73876
73874
73873
73871
73870
73868
73868
73868
73868
73867
73867
73867
73867
73866
73866
73866
73866
73865
73865
73865
73863
73863
73863
73862
73862
73862
73860
73860
73860
73859
73859
73859
73859
73858
73858
73858
73858
73857
73857
73857
73857
73855
73855
73853
73853
73853
73853
73852
73852
73852
73852
73851
73851
73851
73851
73850
73850
73850
73848
73848
73847
73846
73846
73846
73844
73844
73844
73844
73843
73843
73843
73843
73842
73842
73842
73842
73841
73841
73841
73841
73840
73839
73838
73838
73838
73838
73837
73837
73837
73837
73836
73836
73836
73836
73835
73835
73835
73835
73834
73834
73834
73834
73833
73833
73831
73831
73831
73831
73830
73830
73830
73830
73829
73829
73829
73829
73828
73828
73828
73828
73827
73827
73827
73827
73826
73826
73826
73826
73825
73825
73825
73824
73824
73824
73824
73823
73823
73823
73823
73822
73822
73822
73822
73821
73821
73821
73821
73820
73820
73820
73820
73819
73819
73819
73817
73817
73817
73816
73816
73816
73816
73815
73815
73815
73815
73814
73814
73814
73814
73813
73813
73813
73813
73812
73812
73812
73811
73811
73811
73811
73810
73810
73810
73810
73809
73809
73809
73809
73808
73808
73808
73808
73806
73804
73803
73801
73800
73798
73798
73798
73798
73797
73797
73797
73797
73796
73795
73794
73794
73793
73792
73792
73792
73792
73791
73791
73791
73791
73790
73790
73790
73789
73789
73789
73789
73788
73788
73786
73785
73784
73784
73783
73783
73783
73782
73782
73782
73782
73781
73781
73781
73781
73780
73780
73779
73778
73777
73777
73776
73776
73776
73776
73775
73775
73775
73775
73774
73774
73774
73774
73773
73773
73773
73773
73772
73772
73772
73770
73770
73770
73770
73769
73769
73769
73769
73768
73768
73768
73768
73767
73767
73767
73767
73766
73766
73766
73765
73765
73765
73765
73763
73763
73763
73762
73762
73762
73762
73761
73761
73761
73760
73760
73760
73760
73759
73759
73758
73758
73758
73757
73757
73757
73756
73756
73756
73755
73755
73755
73755
73754
73753
73752
73752
73752
73752
73729
73728
73728
73728
73727
73727
73727
73726
73726
73726
73725
73725
73723
73723
73722
73722
73722
73721
73721
73721
73720
73720
73720
73719
73719
73719
73718
73718
73718
73718
73717
73717
73717
73716
73716
73716
73715
73715
73715
73715
73714
73714
73713
73713
73713
73712
73712
73712
73711
73711
73711
73710
73710
73710
73710
73709
73709
73709
73708
73706
73704
73703
73701
73699
73697
73697
73697
73694
73694
73694
73693
73693
73693
73693
73692
73692
73692
73692
73691
73691
73691
73691
73690
73690
73690
73689
73689
73689
73688
73687
73686
73686
73685
73685
73684
73684
73684
73684
73683
73683
73683
73683
73682
73682
73682
73680
73680
73679
73679
73678
73678
73678
73678
73677
73677
73677
73677
73676
73676
73676
73676
73675
73675
73675
73675
73674
73674
73674
73672
73672
73672
73671
73671
73671
73671
73670
73670
73670
73670
73669
73669
73669
73669
73668
73668
73668
73668
73667
73667
73667
73667
73665
73665
73664
73664
73664
73664
73663
73663
73663
73663
73662
73662
73662
73662
73661
73661
73661
73661
73660
73660
73660
73660
73659
73659
73659
73659
73658
73658
73658
73658
73657
73657
73657
73657
73656
73656
73656
73656
73655
73655
73655
73655
73654
73654
73653
73652
73652
73652
73651
73651
73651
73651
73650
73650
73650
73650
73649
73649
73649
73648
73648
73648
73648
73647
73647
73647
73647
73646
73646
73646
73646
73645
73645
73645
73645
73644
73644
73644
73644
73643
73643
73643
73643
73642
73642
73642
73642
73641
73641
73641
73640
73640
73640
73640
73640
73639
73639
73639
73638
73638
73635
73634
73631
73630
73629
73627
73627
73627
73626
73626
73626
73626
73625
73625
73624
73624
73624
73624
73623
73623
73623
73623
73622
73620
73619
73618
73618
73617
73617
73617
73617
73616
73616
73616
73615
73615
73615
73615
73614
73614
73612
73612
73611
73610
73610
73610
73610
73609
73609
73609
73608
73608
73608
73608
73607
73607
73607
73607
73606
73606
73606
73606
73605
73604
73604
73603
73603
73603
73603
73602
73602
73602
73601
73601
73601
73601
73600
73600
73600
73599
73599
73599
73599
73598
73598
73598
73596
73596
73596
73596
73595
73595
73595
73595
73594
73594
73594
73594
73593
73592
73592
73592
73592
73592
73591
73591
73591
73589
73589
73589
73588
73588
73588
73588
73587
73587
73587
73587
73586
73586
73586
73586
73585
73585
73585
73585
73584
73583
73583
73583
73582
73582
73582
73581
73581
73581
73581
73580
73580
73580
73580
73579
73579
73579
73579
73578
73578
73578
73578
73577
73577
73577
73577
73576
73576
73576
73576
73575
73575
73575
73575
73574
73574
73574
73574
73573
73573
73573
73573
73572
73572
73572
73571
73571
73571
73571
73570
73570
73570
73570
73569
73569
73569
73569
73568
73568
73568
73568
73567
73567
73567
73567
73565
73563
73561
73560
73558
73557
73557
73556
73556
73556
73556
73555
73555
73555
73555
73554
73554
73553
73552
73551
73551
73550
73550
73550
73550
73549
73549
73549
73549
73548
73548
73548
73548
73547
73546
73546
73544
73544
73544
73543
73543
73543
73543
73542
73542
73542
73542
73541
73541
73541
73541
73540
73540
73540
73540
73539
73539
73537
73537
73537
73537
73536
73536
73536
73534
73534
73534
73533
73533
73533
73533
73532
73532
73532
73532
73531
73531
73531
73531
73530
73529
73529
73528
73528
73528
73528
73527
73527
73527
73527
73526
73526
73526
73526
73525
73525
73525
73524
73524
73524
73524
73522
73522
73520
73520
73520
73519
73519
73519
73519
73518
73518
73518
73518
73517
73517
73517
73517
73515
73515
73515
73514
73514
73514
73514
73513
73513
73513
73512
73512
73512
73512
73511
73511
73511
73510
73510
73510
73510
73509
73509
73509
73509
73508
73508
73508
73508
73507
73507
73507
73507
73506
73506
73506
73506
73505
73505
73505
73505
73504
73504
73504
73504
73503
73503
73503
73503
73502
73502
73502
73502
73501
73501
73501
73501
73500
73500
73500
73500
73499
73499
73499
73499
73498
73498
73498
73498
73497
73497
73497
73496
73496
73495
73493
73492
73490
73489
73487
73487
73487
73486
73486
73486
73484
73484
73482
73481
73481
73481
73481
73480
73480
73480
73480
73479
73479
73479
73479
73478
73478
73477
73476
73475
73475
73474
73474
73474
73474
73473
73473
73473
73473
73472
73472
73472
73472
73471
73471
73471
73471
73470
73470
73470
73468
73468
73468
73467
73467
73467
73467
73466
73466
73466
73466
73465
73465
73465
73465
73464
73464
73464
73464
73463
73463
73463
73463
73461
73461
73461
73460
73460
73460
73460
73459
73459
73459
73459
73458
73458
73458
73458
73457
73457
73457
73456
73456
73456
73454
73454
73453
73452
73452
73452
73452
73451
73451
73451
73451
73450
73450
73450
73449
73448
73448
73448
73447
73447
73447
73447
73446
73446
73446
73446
73445
73445
73445
73445
73444
73444
73444
73442
73442
73442
73442
73441
73441
73441
73441
73440
73440
73440
73440
73439
73439
73439
73439
73438
73438
73438
73438
73437
73437
73437
73437
73436
73436
73436
73436
73435
73435
73435
73435
73434
73434
73434
73433
73433
73433
73433
73432
73432
73432
73432
73431
73431
73431
73431
73430
73430
73430
73430
73429
73429
73429
73429
73428
73428
73428
73428
73427
73427
73427
73427
73426
73425
73423
73421
73419
73418
73401
73400
73398
73398
73398
73397
73397
73397
73397
73396
73396
73396
73396
73395
73395
73395
73395
73393
73393
73391
73391
73391
73390
73390
73390
73390
73389
73389
73389
73389
73388
73388
73388
73388
73387
73387
73387
73386
73386
73386
73384
73384
73384
73384
73383
73383
73383
73383
73382
73382
73382
73382
73381
73381
73381
73381
73380
73380
73380
73380
73379
73379
73379
73377
73377
73377
73377
73376
73376
73376
73375
73375
73375
73375
73374
73374
73374
73374
73373
73373
73373
73373
73372
73372
73371
73370
73369
73369
73368
73368
73368
73368
73367
73367
73367
73365
73365
73365
73365
73364
73364
73364
73364
73363
73363
73363
73363
73362
73362
73362
73362
73361
73361
73361
73361
73360
73360
73360
73360
73359
73359
73359
73359
73358
73358
73358
73358
73357
73357
73357
73356
73356
73356
73356
73355
73355
73355
73355
73354
73354
73354
73354
73353
73353
73352
73352
73352
73352
73351
73351
73351
73351
73350
73350
73350
73350
73349
73349
73349
73349
73348
73348
73348
73348
73347
73347
73347
73347
73346
73346
73346
73346
73345
73345
73345
73345
73344
73344
73344
73344
73343
73343
73343
73342
73342
73342
73342
73339
73336
73335
73333
73332
73329
73329
73329
73328
73328
73328
73328
73327
73327
73327
73327
73325
73325
73323
73323
73323
73322
73322
73322
73322
73321
73321
73321
73321
73320
73320
73320
73320
73319
73319
73319
73319
73318
73318
73316
73316
73316
73316
73315
73315
73315
73315
73314
73314
73314
73314
73313
73313
73313
73313
73312
73312
73312
73312
73311
73311
73311
73309
73309
73309
73308
73308
73308
73308
73307
73307
73307
73307
73306
73306
73306
73306
73305
73305
73305
73305
73304
73304
73302
73302
73301
73300
73300
73300
73300
73299
73298
73298
73297
73297
73297
73297
73296
73296
73296
73295
73295
73295
73295
73294
73294
73293
73292
73292
73292
73292
73291
73291
73291
73290
73290
73290
73290
73289
73289
73289
73289
73288
73288
73288
73288
73287
73287
73287
73287
73286
73286
73286
73285
73285
73285
73285
73284
73284
73284
73284
73283
73283
73283
73283
73282
73282
73282
73282
73281
73281
73281
73281
73280
73280
73280
73280
73279
73279
73279
73279
73278
73278
73278
73278
73277
73277
73277
73277
73276
73276
73276
73276
73275
73275
73275
73275
73274
73274
73274
73274
73273
73273
73273
73273
73272
73272
73272
73272
73271
73271
73271
73269
73268
73266
73265
73262
73260
73260
73260
73260
73259
73258
73258
73256
73256
73256
73255
73255
73255
73255
73254
73254
73254
73254
73253
73253
73253
73253
73252
73252
73252
73252
73251
73251
73250
73249
73249
73249
73249
73248
73248
73248
73248
73247
73247
73247
73247
73246
73246
73246
73246
73245
73245
73245
73244
73244
73244
73242
73242
73242
73242
73241
73241
73241
73240
73239
73239
73238
73238
73238
73238
73237
73237
73237
73237
73236
73236
73236
73234
73234
73233
73233
73232
73231
73231
73230
73230
73230
73230
73229
73229
73229
73229
73228
73228
73228
73228
73227
73227
73227
73227
73225
73225
73223
73223
73223
73223
73222
73222
73222
73222
73221
73221
73221
73221
73220
73220
73220
73219
73219
73219
73219
73218
73218
73218
73218
73217
73217
73217
73217
73216
73216
73216
73216
73215
73215
73215
73215
73214
73214
73214
73214
73213
73213
73213
73213
73212
73212
73212
73212
73211
73211
73211
73211
73210
73210
73210
73210
73209
73209
73209
73209
73208
73208
73208
73208
73207
73207
73207
73207
73206
73206
73206
73206
73205
73205
73205
73205
73204
73204
73204
73204
73203
73203
73203
73203
73202
73202
73202
73202
73201
73201
73201
73199
73198
73196
73195
73192
73190
73188
73188
73188
73187
73187
73187
73187
73186
73186
73186
73186
73185
73185
73185
73185
73184
73184
73184
73183
73183
73183
73181
73181
73181
73181
73180
73180
73180
73180
73179
73179
73179
73179
73178
73178
73178
73178
73177
73177
73177
73177
73176
73176
73176
73174
73174
73174
73174
73173
73173
73173
73173
73172
73172
73172
73172
73171
73171
73171
73171
73170
73170
73170
73170
73169
73168
73167
73165
73165
73165
73164
73164
73164
73163
73163
73163
73163
73162
73162
73162
73161
73161
73132
73132
73131
73131
73130
73130
73127
73127
73124
73124
73124
73123
73123
73123
73122
73122
73121
73121
73121
73120
73120
73120
73119
73119
73118
73117
73117
73117
73116
73116
73116
73115
73115
73115
73114
73114
73114
73113
73113
73112
73110
73109
73109
73109
73108
73108
73108
73107
73107
73107
73106
73106
73105
73105
73105
73105
73104
73104
73104
73103
73103
73103
73102
73102
73102
73102
73101
73101
73101
73101
73100
73100
73100
73100
73099
73099
73099
73099
73098
73098
73098
73098
73097
73097
73097
73097
73096
73096
73096
73096
73095
73095
73095
73095
73094
73094
73094
73093
73093
73093
73093
73092
73092
73092
73089
73087
73086
73083
73081
73080
73080
73079
73079
73079
73078
73078
73078
73078
73077
73077
73077
73077
73076
73076
73076
73074
73074
73074
73074
73073
73073
73073
73072
73072
73072
73072
73071
73071
73071
73071
73070
73070
73070
73070
73069
73069
73069
73069
73067
73067
73067
73066
73066
73066
73066
73065
73065
73065
73065
73064
73064
73064
73064
73063
73063
73063
73063
73062
73059
73058
73057
73056
73056
73055
73055
73055
73054
73054
73054
73054
73053
73053
73053
73053
73052
73052
73052
73052
73051
73051
73051
73051
73049
73049
73047
73047
73046
73046
73046
73046
73045
73045
73045
73045
73044
73044
73044
73044
73043
73043
73043
73043
73042
73042
73042
73041
73041
73041
73041
73040
73040
73040
73040
73039
73039
73039
73039
73038
73038
73038
73038
73037
73037
73037
73036
73036
73036
73036
73035
73035
73035
73035
73034
73034
73034
73034
73033
73033
73033
73033
73032
73032
73032
73032
73031
73031
73031
73031
73030
73030
73030
73030
73029
73029
73029
73029
73028
73028
73028
73028
73027
73027
73027
73027
73026
73026
73026
73026
73025
73025
73025
73024
73024
73024
73024
73023
73023
73023
73023
73022
73022
73022
73022
73021
73021
73021
73017
73016
73014
73013
73010
73009
73009
73008
73008
73008
73007
73007
73007
73007
73006
73005
73005
73004
73004
73004
73004
73003
73003
73003
73002
73002
73002
73002
73001
73001
73001
73001
73000
73000
73000
73000
72999
72999
72998
72997
72997
72997
72997
72996
72996
72996
72996
72995
72995
72995
72995
72994
72994
72994
72994
72992
72992
72992
72991
72990
72990
72988
72988
72988
72987
72987
72987
72987
72986
72986
72985
72985
72985
72985
72984
72984
72984
72984
72983
72983
72983
72983
72981
72981
72979
72979
72979
72978
72978
72978
72978
72977
72977
72977
72977
72976
72976
72976
72976
72974
72974
72974
72973
72973
72973
72973
72972
72972
72972
72972
72971
72971
72971
72971
72970
72970
72970
72970
72969
72969
72969
72968
72968
72968
72968
72967
72967
72967
72967
72966
72966
72966
72966
72965
72965
72965
72965
72964
72964
72964
72963
72963
72963
72963
72963
72962
72962
72962
72962
72961
72961
72961
72960
72960
72960
72960
72959
72959
72959
72959
72958
72958
72958
72958
72957
72957
72957
72957
72956
72956
72956
72956
72955
72955
72955
72955
72954
72954
72954
72954
72953
72953
72953
72951
72951
72951
72950
72950
72950
72949
72949
72949
72947
72946
72944
72943
72941
72940
72940
72939
72939
72938
72937
72937
72937
72937
72936
72936
72936
72936
72935
72935
72935
72935
72934
72934
72934
72934
72933
72933
72933
72933
72932
72932
72930
72930
72930
72929
72929
72929
72929
72928
72928
72928
72928
72927
72927
72927
72925
72925
72925
72925
72924
72924
72924
72923
72922
72921
72921
72920
72920
72920
72920
72919
72919
72919
72917
72917
72916
72916
72916
72916
72915
72915
72915
72915
72914
72914
72913
72912
72911
72911
72910
72910
72910
72910
72909
72909
72909
72909
72908
72908
72908
72908
72907
72906
72905
72905
72905
72905
72904
72904
72904
72904
72903
72903
72903
72902
72902
72902
72901
72901
72901
72901
72900
72900
72900
72900
72899
72899
72899
72898
72898
72898
72898
72897
72897
72897
72897
72896
72896
72896
72896
72895
72895
72895
72895
72894
72894
72894
72893
72893
72893
72892
72892
72892
72892
72891
72891
72891
72891
72890
72890
72890
72890
72889
72889
72889
72889
72888
72888
72888
72888
72887
72887
72887
72887
72886
72886
72886
72886
72885
72885
72885
72885
72884
72883
72882
72882
72882
72882
72881
72881
72881
72881
72880
72880
72880
72880
72879
72879
72879
72879
72878
72876
72874
72872
72869
72868
72866
72866
72866
72865
72865
72865
72865
72864
72864
72864
72864
72863
72863
72863
72863
72862
72862
72862
72862
72861
72861
72860
72859
72859
72859
72859
72858
72858
72858
72858
72857
72857
72856
72855
72855
72855
72854
72854
72854
72854
72853
72853
72852
72851
72850
72850
72849
72849
72849
72849
72848
72848
72847
72847
72847
72847
72846
72846
72846
72846
72845
72845
72845
72845
72844
72843
72843
72841
72841
72841
72841
72840
72840
72840
72839
72839
72839
72839
72838
72838
72838
72838
72836
72836
72836
72835
72835
72835
72835
72834
72834
72834
72834
72833
72833
72833
72833
72832
72832
72832
72832
72831
72831
72831
72831
72830
72830
72830
72830
72829
72829
72829
72829
72828
72828
72828
72827
72827
72827
72827
72826
72826
72826
72824
72824
72824
72823
72823
72823
72823
72822
72822
72822
72822
72821
72821
72821
72821
72820
72820
72820
72820
72819
72819
72819
72819
72818
72818
72818
72818
72817
72817
72817
72816
72816
72816
72816
72815
72815
72815
72813
72813
72813
72813
72812
72812
72812
72811
72811
72811
72810
72810
72810
72810
72809
72809
72809
72809
72808
72808
72808
72808
72807
72807
72807
72807
72806
72805
72803
72802
72800
72799
72797
72796
72796
72796
72796
72795
72795
72795
72795
72794
72794
72794
72793
72793
72793
72791
72791
72791
72791
72790
72790
72790
72790
72788
72788
72788
72787
72787
72787
72786
72786
72786
72786
72785
72785
72785
72783
72783
72782
72782
72781
72781
72781
72781
72780
72780
72780
72780
72779
72779
72779
72779
72778
72778
72778
72777
72777
72777
72777
72775
72775
72774
72773
72773
72773
72773
72772
72772
72772
72772
72771
72771
72771
72771
72770
72770
72769
72768
72768
72768
72768
72767
72767
72767
72767
72766
72766
72766
72766
72765
72765
72765
72765
72764
72764
72764
72764
72763
72763
72762
72761
72761
72761
72761
72760
72760
72760
72760
72759
72759
72759
72759
72758
72758
72758
72758
72757
72757
72757
72757
72756
72756
72756
72756
72755
72755
72755
72755
72754
72754
72754
72754
72753
72753
72753
72752
72752
72752
72752
72708
72708
72708
72707
72707
72707
72706
72706
72706
72706
72705
72705
72703
72703
72703
72702
72702
72702
72702
72701
72701
72701
72701
72700
72700
72700
72700
72699
72699
72699
72698
72698
72698
72698
72697
72697
72697
72697
72696
72696
72696
72693
72693
72693
72692
72692
72692
72692
72689
72687
72685
72682
72681
72680
72679
72679
72679
72678
72678
72678
72677
72677
72676
72675
72675
72675
72675
72673
72673
72673
72672
72672
72672
72672
72671
72671
72671
72671
72670
72670
72670
72670
72669
72668
72668
72666
72666
72666
72666
72665
72665
72665
72664
72664
72664
72664
72663
72663
72663
72663
72662
72662
72662
72662
72661
72661
72660
72659
72658
72658
72657
72657
72657
72656
72656
72656
72656
72655
72655
72655
72655
72654
72654
72653
72652
72652
72652
72652
72651
72651
72651
72651
72650
72650
72650
72649
72649
72649
72649
72648
72648
72648
72648
72647
72647
72647
72645
72645
72645
72645
72644
72644
72644
72644
72643
72643
72643
72643
72642
72642
72642
72642
72641
72641
72641
72640
72640
72640
72640
72639
72639
72639
72639
72638
72638
72638
72638
72637
72637
72637
72637
72636
72636
72636
72636
72635
72635
72635
72635
72634
72634
72634
72634
72633
72633
72630
72630
72630
72630
72629
72629
72629
72629
72628
72628
72628
72628
72627
72627
72627
72627
72626
72626
72626
72626
72625
72625
72625
72624
72624
72624
72624
72624
72623
72623
72623
72623
72622
72622
72622
72621
72621
72621
72621
72620
72620
72620
72620
72619
72619
72617
72616
72614
72613
72611
72610
72610
72609
72608
72608
72607
72606
72606
72606
72605
72605
72605
72605
72604
72604
72604
72604
72603
72603
72603
72603
72602
72602
72602
72600
72600
72599
72598
72598
72598
72597
72597
72597
72597
72596
72596
72596
72596
72595
72595
72595
72595
72594
72594
72594
72594
72593
72592
72592
72590
72590
72590
72590
72589
72589
72589
72588
72588
72588
72586
72586
72586
72585
72585
72584
72583
72583
72583
72583
72582
72582
72582
72582
72581
72581
72581
72580
72580
72580
72579
72579
72579
72579
72578
72578
72578
72578
72576
72576
72575
72575
72575
72575
72574
72574
72574
72574
72573
72573
72573
72573
72572
72572
72572
72572
72571
72571
72571
72571
72570
72570
72570
72570
72569
72569
72569
72569
72568
72568
72568
72568
72567
72567
72567
72567
72566
72566
72566
72565
72565
72565
72564
72564
72562
72562
72562
72562
72561
72561
72561
72561
72560
72560
72560
72560
72559
72559
72559
72559
72558
72558
72558
72558
72557
72557
72557
72557
72556
72556
72556
72555
72555
72555
72555
72554
72554
72554
72554
72553
72553
72553
72553
72552
72552
72552
72552
72551
72551
72551
72551
72550
72550
72550
72550
72549
72549
72549
72547
72546
72543
72541
72539
72537
72537
72536
72536
72536
72536
72535
72535
72535
72535
72534
72534
72534
72533
72533
72533
72533
72532
72531
72531
72529
72529
72529
72528
72528
72528
72528
72527
72527
72527
72527
72526
72526
72526
72526
72525
72525
72525
72525
72524
72524
72523
72522
72521
72521
72520
72520
72520
72520
72519
72519
72519
72519
72518
72518
72518
72518
72517
72516
72516
72515
72515
72515
72515
72514
72514
72514
72514
72513
72513
72513
72512
72512
72512
72512
72511
72511
72511
72511
72510
72510
72509
72508
72508
72508
72507
72507
72507
72507
72506
72506
72506
72506
72505
72505
72505
72505
72504
72504
72504
72504
72503
72502
72501
72501
72501
72501
72500
72500
72500
72500
72499
72499
72499
72499
72498
72498
72498
72497
72497
72497
72497
72496
72495
72493
72493
72493
72492
72492
72492
72492
72491
72491
72491
72491
72490
72490
72490
72490
72489
72489
72489
72489
72488
72488
72488
72488
72487
72487
72487
72487
72486
72486
72485
72485
72485
72485
72484
72484
72484
72484
72483
72483
72483
72483
72482
72482
72482
72482
72481
72481
72481
72481
72480
72480
72480
72480
72479
72479
72479
72479
72478
72478
72478
72478
72477
72477
72476
72474
72473
72471
72470
72468
72467
72467
72467
72466
72466
72466
72466
72465
72465
72465
72465
72463
72463
72461
72461
72461
72461
72460
72460
72460
72460
72459
72459
72459
72459
72458
72458
72458
72458
72457
72457
72457
72457
72456
72455
72455
72453
72453
72453
72452
72452
72452
72451
72451
72451
72451
72450
72450
72450
72450
72449
72448
72448
72447
72447
72447
72447
72446
72446
72446
72445
72445
72445
72445
72444
72444
72444
72444
72443
72443
72443
72443
72442
72442
72440
72440
72440
72440
72439
72439
72439
72439
72438
72438
72438
72438
72437
72437
72437
72437
72436
72436
72436
72436
72435
72434
72434
72432
72432
72432
72432
72431
72431
72431
72431
72430
72430
72430
72430
72429
72429
72429
72428
72428
72427
72427
72426
72426
72426
72426
72425
72425
72425
72425
72424
72424
72424
72424
72423
72423
72423
72423
72422
72422
72422
72422
72421
72421
72421
72421
72420
72420
72420
72420
72419
72419
72419
72418
72418
72418
72418
72417
72417
72417
72416
72416
72416
72415
72415
72415
72415
72414
72414
72414
72414
72413
72413
72413
72413
72412
72412
72412
72411
72411
72411
72411
72410
72410
72410
72410
72409
72409
72409
72409
72408
72408
72405
72404
72401
72400
72398
72396
72396
72396
72396
72395
72395
72394
72393
72392
72391
72391
72391
72390
72390
72390
72390
72389
72389
72389
72389
72388
72388
72388
72388
72387
72387
72387
72387
72386
72385
72384
72383
72383
72382
72382
72382
72382
72381
72381
72381
72381
72380
72380
72380
72380
72379
72377
72377
72377
72377
72376
72376
72376
72376
72375
72375
72375
72375
72374
72374
72374
72374
72373
72373
72373
72373
72372
72372
72372
72370
72370
72370
72370
72369
72369
72369
72369
72368
72368
72368
72368
72367
72367
72367
72367
72366
72366
72366
72365
72365
72364
72364
72362
72362
72361
72361
72361
72360
72360
72360
72360
72359
72359
72359
72359
72358
72357
72357
72356
72356
72356
72356
72355
72355
72354
72353
72353
72353
72352
72352
72351
72351
72351
72351
72350
72350
72350
72350
72349
72349
72349
72349
72348
72348
72348
72348
72347
72347
72347
72347
72346
72346
72346
72346
72345
72345
72345
72345
72344
72344
72344
72343
72343
72343
72343
72342
72342
72342
72342
72341
72341
72341
72341
72340
72340
72340
72340
72339
72339
72339
72339
72338
72338
72338
72338
72337
72337
72337
72336
72336
72336
72336
72335
72335
72335
72335
72334
72333
72331
72329
72328
72327
72324
72324
72322
72322
72322
72322
72321
72321
72321
72320
72320
72320
72320
72319
72319
72319
72319
72318
72318
72318
72318
72317
72317
72316
72315
72314
72314
72314
72313
72313
72313
72312
72312
72312
72312
72311
72311
72311
72311
72310
72309
72309
72308
72308
72308
72308
72307
72307
72307
72307
72306
72306
72306
72306
72305
72305
72305
72304
72304
72303
72302
72302
72302
72300
72300
72300
72300
72299
72299
72299
72299
72298
72298
72298
72297
72297
72297
72297
72296
72296
72296
72296
72295
72295
72294
72293
72292
72292
72291
72291
72291
72291
72290
72290
72290
72290
72289
72288
72288
72287
72287
72287
72287
72286
72286
72286
72286
72285
72285
72285
72285
72284
72284
72284
72284
72283
72283
72283
72283
72282
72282
72282
72281
72281
72281
72281
72280
72280
72280
72280
72279
72279
72279
72279
72278
72278
72278
72278
72277
72277
72277
72277
72276
72276
72276
72276
72275
72275
72275
72275
72274
72274
72274
72274
72273
72273
72272
72272
72272
72271
72271
72271
72270
72270
72270
72270
72269
72269
72269
72269
72268
72268
72268
72267
72267
72267
72267
72266
72266
72266
72266
72265
72265
72265
72265
72264
72264
72263
72259
72258
72256
72255
72253
72253
72253
72252
72252
72252
72252
72251
72251
72251
72251
72250
72250
72250
72250
72249
72249
72247
72247
72246
72245
72245
72245
72245
72244
72244
72244
72243
72243
72243
72243
72242
72242
72242
72240
72240
72240
72240
72239
72239
72239
72239
72238
72238
72238
72237
72237
72237
72237
72236
72236
72236
72236
72235
72235
72235
72235
72233
72233
72233
72232
72232
72232
72232
72231
72231
72231
72231
72230
72230
72230
72229
72229
72229
72229
72228
72228
72228
72226
72226
72224
72224
72224
72224
72223
72223
72223
72223
72221
72221
72221
72220
72220
72220
72220
72219
72219
72219
72219
72218
72218
72217
72216
72216
72216
72216
72215
72215
72215
72215
72214
72214
72214
72214
72213
72213
72213
72213
72212
72212
72212
72212
72211
72210
72209
72209
72209
72209
72208
72208
72208
72208
72207
72207
72207
72207
72206
72206
72206
72206
72205
72205
72205
72205
72204
72204
72204
72204
72203
72203
72203
72203
72202
72202
72202
72202
72201
72201
72201
72201
72200
72200
72200
72200
72199
72199
72199
72199
72198
72198
72198
72198
72197
72197
72197
72196
72196
72196
72196
72195
72195
72195
72195
72194
72194
72194
72194
72192
72190
72189
72188
72186
72184
72184
72184
72184
72183
72183
72183
72182
72182
72182
72182
72180
72180
72179
72178
72178
72178
72177
72177
72177
72177
72176
72176
72176
72176
72175
72175
72175
72173
72173
72173
72173
72172
72172
72172
72172
72171
72171
72171
72170
72170
72170
72169
72169
72169
72169
72168
72168
72168
72168
72167
72166
72165
72165
72165
72165
72164
72164
72164
72163
72163
72163
72163
72162
72162
72162
72162
72161
72161
72161
72161
72160
72159
72159
72157
72157
72157
72156
72156
72155
72154
72154
72154
72154
72153
72153
72153
72153
72152
72152
72152
72152
72151
72151
72151
72149
72149
72147
72147
72147
72147
72146
72146
72146
72146
72145
72145
72145
72145
72144
72144
72144
72144
72143
72143
72143
72143
72142
72142
72142
72142
72141
72141
72141
72140
72140
72140
72140
72139
72139
72139
72139
72138
72138
72138
72138
72137
72137
72137
72137
72136
72136
72136
72136
72135
72135
72135
72135
72134
72134
72134
72134
72133
72133
72133
72133
72132
72132
72132
72132
72131
72131
72131
72131
72130
72130
72130
72130
72129
72129
72129
72129
72128
72128
72128
72128
72127
72127
72127
72127
72126
72126
72126
72125
72125
72125
72125
72122
72119
72118
72117
72115
72114
72113
72113
72113
72113
72111
72111
72109
72109
72108
72108
72108
72108
72107
72107
72107
72107
72106
72106
72106
72106
72105
72104
72104
72103
72103
72103
72103
72102
72102
72102
72101
72101
72101
72101
72100
72100
72100
72100
72099
72099
72099
72099
72098
72098
72097
72096
72096
72096
72096
72095
72095
72095
72095
72094
72094
72094
72093
72093
72093
72093
72092
72092
72092
72092
72091
72090
72090
72088
72088
72087
72086
72086
72086
72086
72085
72085
72085
72085
72084
72084
72084
72084
72083
72083
72083
72083
72082
72082
72080
72080
72079
72079
72078
72078
72078
72077
72077
72077
72077
72076
72076
72076
72076
72075
72075
72075
72075
72074
72074
72074
72073
72073
72073
72073
72072
72072
72072
72072
72071
72071
72071
72071
72070
72070
72070
72070
72069
72069
72069
72069
72068
72068
72068
72068
72067
72067
72067
72066
72066
72066
72066
72065
72065
72065
72065
72064
72064
72064
72064
72063
72063
72063
72063
72062
72062
72062
72062
72061
72061
72061
72061
72060
72060
72060
72060
72059
72059
72059
72059
72058
72058
72058
72058
72057
72057
72057
72056
72056
72056
72056
72055
72055
72055
72055
72054
72054
72052
72051
72049
72047
72045
72043
72042
72042
72042
72041
72041
72041
72040
72040
72040
72040
72039
72039
72039
72039
72038
72037
72036
72036
72036
72036
72035
72035
72035
72035
72034
72034
72034
72034
72033
72033
72033
72032
72032
72032
72032
72031
72031
72031
72030
72029
72029
72029
72028
72028
72028
72028
72027
72027
72027
72027
72026
72026
72026
72026
72025
72025
72025
72025
72023
72022
72020
72019
72018
72018
72018
72018
72017
72017
72017
72017
72016
72016
72016
72015
72015
72015
72015
72014
72014
72014
72014
72013
72012
72012
72010
72010
72010
72009
72009
72009
72009
72008
72008
72008
72008
72007
72007
72007
72007
72006
72006
72006
72006
72005
72005
72005
72005
72004
72004
72004
72003
72003
72003
72003
72002
72002
72002
72002
72001
72001
72001
72001
72000
72000
72000
72000
71999
71999
71999
71999
71998
71998
71998
71998
71997
71997
71997
71997
71996
71996
71996
71996
71995
71995
71995
71995
71994
71994
71994
71994
71993
71993
71993
71993
71992
71992
71992
71992
71991
71991
71991
71991
71990
71990
71990
71989
71989
71989
71989
71988
71988
71988
71988
71987
71987
71987
71987
71986
71986
71986
71986
71985
71985
71985
71985
71984
71981
71979
71978
71976
71975
71973
71973
71973
71973
71972
71972
71972
71972
71971
71971
71970
71969
71969
71969
71969
71968
71968
71968
71968
71967
71967
71967
71967
71966
71966
71966
71966
71965
71965
71965
71965
71964
71964
71962
71962
71962
71962
71961
71961
71961
71961
71960
71960
71960
71960
71959
71959
71959
71959
71958
71958
71958
71956
71956
71955
71954
71953
71953
71952
71952
71952
71952
71951
71951
71951
71951
71950
71950
71950
71950
71949
71949
71949
71949
71948
71948
71948
71946
71946
71944
71944
71944
71944
71943
71943
71943
71943
71942
71942
71942
71942
71941
71941
71941
71941
71940
71940
71940
71940
71939
71938
71938
71937
71937
71937
71937
71936
71936
71935
71935
71935
71935
71934
71934
71934
71934
71933
71933
71933
71933
71932
71932
71932
71930
71930
71930
71929
71929
71929
71929
71928
71928
71928
71928
71927
71927
71927
71927
71926
71926
71926
71926
71925
71925
71925
71925
71924
71924
71924
71924
71923
71923
71923
71923
71922
71922
71922
71922
71921
71921
71921
71921
71920
71920
71920
71919
71919
71919
71919
71918
71918
71918
71918
71917
71917
71917
71917
71916
71916
71916
71914
71914
71914
71913
71913
71913
71913
71911
71910
71908
71906
71904
71903
71902
71902
71902
71900
71900
71900
71899
71899
71899
71899
71898
71898
71898
71898
71897
71897
71897
71897
71896
71896
71896
71896
71895
71895
71895
71895
71893
71893
71892
71892
71892
71892
71891
71891
71891
71891
71890
71890
71890
71890
71889
71889
71888
71887
71887
71887
71887
71885
71885
71884
71883
71883
71883
71882
71882
71882
71882
71881
71881
71881
71881
71880
71880
71880
71880
71879
71879
71879
71879
71878
71877
71877
71875
71875
71875
71874
71874
71874
71874
71873
71873
71873
71873
71872
71872
71872
71872
71871
71871
71871
71870
71870
71870
71869
71868
71868
71868
71867
71867
71867
71867
71866
71866
71866
71866
71865
71865
71865
71865
71864
71864
71864
71864
71863
71863
71863
71863
71862
71862
71862
71862
71861
71861
71861
71860
71860
71860
71860
71859
71859
71859
71859
71858
71858
71858
71858
71857
71857
71857
71857
71856
71856
71856
71856
71855
71855
71855
71855
71854
71854
71854
71854
71853
71853
71853
71853
71852
71852
71852
71852
71851
71851
71851
71850
71850
71850
71850
71849
71849
71849
71847
71847
71847
71847
71846
71846
71846
71845
71845
71845
71845
71844
71844
71844
71844
71843
71839
71838
71836
71834
71833
71831
71831
71831
71831
71830
71830
71830
71829
71829
71829
71829
71828
71828
71828
71828
71827
71827
71827
71827
71826
71826
71825
71824
71824
71824
71824
71823
71823
71823
71823
71822
71822
71822
71822
71820
71820
71819
71819
71818
71818
71818
71818
71816
71816
71814
71814
71814
71814
71813
71813
71813
71813
71812
71812
71812
71812
71811
71811
71811
71811
71810
71810
71810
71810
71809
71808
71807
71806
71805
71805
71805
71805
71804
71804
71804
71804
71803
71803
71803
71803
71802
71802
71802
71802
71801
71801
71801
71801
71799
71799
71799
71798
71798
71798
71797
71797
71797
71797
71796
71796
71796
71796
71795
71795
71795
71794
71794
71794
71794
71793
71793
71793
71793
71792
71792
71792
71792
71791
71791
71791
71791
71790
71790
71790
71790
71789
71789
71789
71789
71788
71788
71788
71788
71787
71787
71787
71787
71786
71786
71786
71786
71785
71785
71785
71785
71784
71784
71784
71783
71783
71783
71783
71782
71782
71782
71782
71781
71781
71781
71781
71780
71780
71779
71778
71778
71778
71778
71777
71777
71777
71777
71776
71776
71776
71776
71775
71775
71775
71775
71774
71774
71774
71774
71773
71773
71773
71772
71771
71770
71768
71766
71764
71762
71762
71761
71761
71761
71761
71760
71760
71760
71760
71759
71759
71759
71759
71758
71757
71756
71756
71756
71756
71755
71755
71755
71755
71754
71753
71753
71752
71752
71752
71752
71737
71736
71736
71736
71736
71734
71734
71732
71732
71732
71731
71731
71731
71730
71730
71730
71730
71729
71729
71729
71728
71728
71728
71728
71727
71727
71727
71727
71724
71724
71722
71722
71722
71721
71721
71721
71721
71720
71720
71720
71720
71719
71719
71719
71719
71718
71718
71718
71718
71717
71717
71716
71715
71715
71715
71714
71714
71714
71714
71713
71713
71713
71713
71712
71712
71712
71712
71711
71711
71711
71711
71710
71710
71710
71710
71709
71709
71709
71709
71708
71708
71708
71708
71707
71707
71707
71706
71706
71706
71706
71705
71705
71705
71705
71704
71704
71704
71704
71703
71703
71703
71703
71702
71702
71702
71702
71701
71701
71701
71701
71700
71700
71700
71700
71699
71699
71699
71699
71698
71698
71698
71698
71695
71695
71694
71694
71694
71694
71693
71693
71693
71692
71692
71692
71692
71691
71691
71691
71691
71690
71690
71690
71690
71689
71689
71689
71689
71688
71688
71688
71688
71687
71687
71687
71687
71686
71685
71683
71682
71680
71679
71678
71677
71677
71677
71677
71676
71676
71676
71676
71674
71674
71674
71673
71673
71673
71672
71671
71671
71671
71670
71670
71670
71669
71669
71669
71668
71668
71668
71667
71667
71665
71665
71664
71663
71663
71663
71662
71662
71662
71662
71661
71661
71661
71661
71660
71660
71660
71660
71659
71659
71659
71659
71658
71657
71657
71655
71655
71654
71654
71654
71654
71653
71653
71653
71653
71652
71652
71652
71652
71651
71651
71651
71651
71650
71650
71650
71648
71648
71648
71647
71647
71647
71646
71646
71646
71646
71645
71645
71645
71645
71644
71644
71644
71642
71642
71642
71641
71641
71641
71641
71640
71640
71640
71640
71639
71639
71639
71639
71638
71638
71638
71638
71637
71637
71637
71636
71636
71636
71636
71635
71635
71635
71635
71633
71633
71633
71632
71632
71632
71632
71631
71631
71631
71631
71630
71630
71630
71629
71629
71629
71628
71628
71628
71628
71626
71626
71626
71625
71625
71625
71625
71624
71624
71624
71624
71623
71623
71623
71623
71622
71622
71622
71622
71621
71621
71621
71621
71620
71620
71620
71620
71619
71619
71619
71619
71618
71618
71618
71618
71617
71617
71617
71617
71616
71616
71616
71616
71614
71613
71611
71610
71609
71607
71607
71606
71605
71604
71604
71604
71602
71602
71602
71602
71601
71601
71601
71601
71600
71600
71600
71600
71599
71599
71599
71599
71598
71597
71596
71595
71595
71594
71594
71594
71593
71593
71593
71592
71592
71592
71592
71591
71591
71591
71591
71590
71590
71590
71590
71589
71588
71588
71586
71586
71586
71585
71585
71585
71585
71584
71584
71583
71583
71583
71583
71582
71582
71582
71582
71581
71581
71581
71581
71579
71579
71578
71578
71578
71578
71577
71577
71577
71577
71576
71576
71576
71576
71575
71575
71575
71573
71573
71573
71572
71572
71572
71572
71571
71571
71571
71571
71570
71570
71570
71570
71569
71569
71569
71569
71568
71568
71568
71568
71567
71567
71567
71567
71566
71566
71566
71566
71565
71565
71565
71565
71564
71564
71564
71564
71563
71563
71563
71563
71562
71562
71562
71561
71561
71559
71559
71558
71558
71558
71557
71557
71557
71557
71556
71556
71556
71556
71555
71555
71555
71555
71554
71554
71554
71554
71553
71553
71553
71553
71552
71552
71552
71552
71551
71551
71551
71551
71550
71550
71550
71550
71549
71549
71549
71549
71548
71548
71548
71548
71547
71547
71547
71546
71546
71546
71546
71541
71540
71538
71536
71535
71533
71533
71533
71533
71532
71532
71532
71532
71531
71531
71531
71531
71530
71530
71530
71530
71529
71529
71528
71527
71526
71526
71525
71525
71525
71525
71524
71524
71524
71524
71523
71523
71523
71523
71522
71522
71522
71522
71521
71521
71521
71519
71519
71518
71517
71517
71517
71516
71516
71516
71516
71515
71515
71515
71515
71514
71514
71514
71514
71513
71513
71513
71513
71512
71511
71510
71510
71510
71510
71509
71509
71509
71509
71508
71508
71508
71508
71507
71507
71507
71507
71505
71505
71505
71504
71504
71504
71503
71503
71503
71503
71502
71502
71502
71502
71501
71501
71501
71501
71500
71500
71500
71498
71498
71497
71497
71497
71497
71496
71496
71496
71496
71495
71495
71495
71495
71494
71494
71494
71493
71493
71493
71493
71492
71492
71492
71490
71490
71490
71490
71489
71489
71489
71489
71488
71488
71488
71488
71487
71487
71487
71487
71486
71486
71486
71486
71485
71485
71485
71484
71484
71484
71484
71483
71483
71483
71483
71482
71482
71482
71482
71481
71481
71481
71481
71480
71480
71480
71480
71479
71479
71479
71479
71478
71478
71478
71478
71477
71477
71477
71477
71476
71476
71476
71476
71475
71475
71474
71472
71471
71469
71468
71466
71466
71466
71466
71465
71465
71465
71464
71464
71464
71464
71463
71462
71462
71460
71460
71460
71459
71459
71459
71458
71458
71458
71458
71457
71457
71457
71457
71456
71456
71456
71456
71455
71455
71455
71453
71453
71452
71451
71451
71451
71451
71450
71450
71450
71450
71449
71449
71449
71449
71448
71448
71448
71448
71447
71447
71447
71447
71445
71444
71444
71443
71443
71443
71443
71442
71442
71442
71441
71441
71441
71441
71440
71440
71440
71438
71438
71438
71438
71437
71437
71437
71437
71436
71436
71436
71436
71435
71435
71435
71435
71434
71434
71434
71434
71433
71432
71431
71429
71429
71428
71428
71428
71428
71427
71427
71427
71427
71426
71426
71426
71425
71425
71425
71425
71424
71424
71423
71422
71422
71422
71422
71421
71421
71421
71421
71420
71420
71420
71420
71419
71419
71419
71419
71418
71418
71418
71418
71417
71417
71417
71417
71416
71416
71416
71415
71415
71415
71415
71414
71414
71414
71414
71413
71413
71413
71413
71412
71412
71412
71412
71411
71399
71399
71398
71398
71398
71397
71397
71397
71397
71396
71396
71396
71396
71395
71395
71395
71394
71394
71394
71394
71393
71393
71393
71393
71392
71391
71389
71387
71386
71384
71383
71383
71382
71382
71382
71381
71380
71380
71378
71378
71378
71377
71377
71377
71376
71376
71375
71373
71372
71372
71371
71371
71370
71370
71370
71369
71369
71369
71368
71366
71366
71364
71363
71363
71363
71362
71362
71361
71361
71310
71310
71309
71309
71309
71308
71308
71308
71308
71307
71307
71307
71307
71305
71304
71304
71304
71304
71303
71303
71303
71302
71302
71302
71302
71301
71301
71301
71301
71300
71299
71299
71298
71298
71298
71298
71297
71297
71297
71297
71296
71296
71296
71296
71295
71295
71295
71294
71294
71294
71294
71292
71292
71290
71290
71290
71290
71289
71289
71289
71289
71288
71288
71288
71288
71287
71287
71287
71287
71285
71285
71285
71284
71284
71284
71283
71283
71283
71283
71282
71282
71282
71282
71281
71280
71280
71279
71279
71279
71279
71278
71278
71278
71277
71277
71277
71277
71276
71276
71276
71276
71275
71275
71275
71275
71274
71274
71274
71274
71273
71273
71273
71273
71272
71272
71272
71272
71271
71271
71271
71271
71270
71270
71270
71270
71269
71269
71269
71268
71268
71268
71268
71267
71267
71267
71267
71266
71266
71266
71266
71265
71265
71265
71265
71264
71264
71264
71264
71262
71260
71259
71257
71256
71253
71252
71251
71251
71251
71250
71250
71250
71249
71249
71249
71249
71248
71248
71248
71247
71247
71247
71247
71246
71246
71246
71246
71244
71244
71242
71242
71242
71241
71241
71241
71240
71240
71240
71240
71239
71239
71239
71238
71238
71238
71238
71237
71237
71237
71237
71232
71232
71231
71231
71231
71230
71230
71230
71229
71229
71229
71228
71227
71227
71226
71226
71225
71223
71223
71222
71222
71222
71169
71168
71168
71168
71168
71167
71167
71167
71166
71166
71166
71166
71165
71165
71165
71165
71163
71162
71160
71159
71159
71159
71158
71158
71158
71158
71157
71157
71157
71157
71156
71155
71155
71154
71154
71154
71154
71153
71153
71153
71152
71152
71152
71152
71151
71151
71151
71151
71150
71150
71150
71150
71149
71149
71149
71149
71148
71148
71148
71148
71147
71147
71147
71147
71146
71146
71146
71146
71145
71145
71145
71145
71144
71144
71144
71143
71143
71143
71143
71142
71142
71142
71142
71141
71141
71141
71141
71140
71140
71140
71139
71139
71139
71139
71138
71138
71138
71138
71137
71137
71137
71137
71136
71136
71136
71136
71135
71135
71135
71135
71134
71134
71134
71134
71133
71133
71133
71133
71132
71129
71127
71126
71122
71121
71120
71119
71119
71119
71118
71118
71118
71118
71117
71117
71117
71117
71116
71116
71116
71116
71115
71114
71113
71112
71112
71111
71111
71111
71111
71110
71110
71109
71109
71109
71109
71108
71108
71108
71108
71107
71107
71107
71107
71106
71105
71104
71104
71104
71104
71103
71103
71103
71103
71102
71102
71102
71102
71101
71101
71101
71101
71099
71099
71099
71098
71098
71098
71098
71097
71097
71097
71096
71096
71096
71095
71095
71095
71095
71094
71094
71094
71094
71092
71092
71090
71090
71090
71089
71089
71089
71089
71088
71088
71088
71086
71086
71086
71086
71085
71085
71085
71084
71084
71084
71084
71082
71082
71082
71081
71081
71081
71081
71080
71080
71080
71080
71079
71079
71079
71079
71078
71078
71078
71078
71077
71077
71077
71076
71076
71076
71076
71075
71075
71075
71075
71074
71074
71074
71074
71073
71073
71073
71073
71072
71072
71072
71072
71071
71071
71071
71071
71070
71070
71070
71070
71069
71069
71069
71068
71068
71068
71068
71067
71067
71067
71067
71066
71066
71066
71066
71065
71065
71065
71065
71064
71064
71064
71064
71063
71063
71063
71063
71062
71062
71062
71062
71061
71061
71061
71060
71060
71059
71057
71056
71054
71052
71051
71051
71051
71050
71050
71050
71049
71049
71049
71049
71048
71047
71047
71045
71045
71045
71044
71044
71044
71044
71043
71043
71043
71043
71042
71042
71042
71041
71041
71041
71041
71040
71040
71040
71039
71038
71038
71038
71037
71037
71037
71037
71036
71036
71036
71036
71035
71035
71035
71035
71034
71033
71033
71032
71032
71032
71032
71031
71031
71030
71029
71029
71029
71029
71028
71028
71028
71028
71027
71027
71027
71027
71025
71025
71023
71023
71023
71022
71022
71022
71022
71019
71019
71019
71018
71018
71018
71017
71017
71017
71017
71016
71016
71016
71016
71014
71014
71012
71012
71012
71011
71011
71011
71011
71010
71010
71010
71009
71009
71009
71009
71008
71008
71008
71008
71007
71007
71007
71007
71006
71006
71006
71006
71005
71005
71005
71005
71004
71004
71004
71003
71003
71003
71003
71002
71002
71002
71002
71001
71001
71001
71001
71000
71000
71000
71000
70999
70999
70999
70999
70998
70998
70998
70998
70997
70997
70997
70997
70996
70996
70996
70996
70995
70995
70995
70995
70994
70994
70994
70994
70993
70993
70993
70993
70992
70992
70992
70992
70991
70991
70991
70991
70990
70990
70990
70990
70989
70988
70986
70985
70983
70981
70980
70980
70979
70979
70979
70977
70977
70975
70975
70975
70974
70974
70974
70973
70973
70973
70973
70972
70972
70972
70972
70971
70971
70971
70971
70970
70970
70970
70968
70968
70968
70967
70967
70967
70967
70966
70966
70966
70966
70965
70965
70965
70965
70964
70964
70963
70962
70962
70962
70962
70961
70961
70960
70960
70960
70960
70959
70959
70959
70959
70958
70958
70958
70958
70957
70957
70956
70955
70954
70954
70953
70953
70952
70951
70951
70951
70951
70950
70950
70950
70949
70949
70949
70949
70948
70948
70948
70948
70947
70946
70946
70944
70944
70943
70943
70943
70943
70942
70942
70942
70942
70941
70941
70941
70941
70940
70940
70940
70939
70939
70939
70938
70938
70938
70938
70937
70937
70937
70937
70936
70936
70936
70936
70934
70934
70933
70933
70933
70933
70932
70932
70932
70932
70931
70931
70931
70931
70930
70930
70930
70930
70929
70929
70929
70929
70928
70928
70928
70928
70927
70927
70927
70927
70926
70926
70925
70925
70925
70925
70924
70924
70924
70924
70923
70923
70923
70923
70922
70922
70922
70922
70921
70921
70921
70921
70920
70920
70920
70919
70919
70919
70919
70918
70918
70918
70918
70917
70916
70914
70913
70911
70909
70907
70905
70905
70905
70904
70904
70904
70904
70903
70903
70903
70903
70902
70902
70902
70902
70901
70901
70901
70901
70900
70900
70899
70898
70898
70898
70898
70897
70897
70897
70897
70896
70896
70896
70895
70895
70895
70895
70894
70893
70893
70892
70892
70892
70892
70891
70891
70891
70891
70890
70890
70890
70890
70889
70889
70889
70889
70888
70888
70888
70886
70886
70884
70882
70882
70881
70881
70881
70881
70880
70880
70880
70880
70879
70879
70879
70879
70878
70878
70878
70878
70877
70877
70875
70875
70874
70873
70873
70873
70873
70872
70872
70872
70872
70871
70871
70871
70871
70870
70870
70870
70870
70869
70869
70869
70868
70868
70868
70868
70867
70867
70867
70867
70866
70866
70866
70866
70865
70865
70865
70865
70864
70864
70864
70864
70863
70863
70863
70863
70862
70862
70862
70862
70861
70861
70861
70860
70860
70860
70860
70859
70859
70859
70859
70858
70858
70858
70858
70857
70857
70857
70857
70856
70856
70856
70856
70855
70855
70855
70855
70854
70854
70854
70854
70853
70853
70853
70853
70852
70852
70852
70851
70851
70851
70851
70850
70850
70850
70850
70849
70849
70849
70849
70848
70848
70848
70848
70844
70842
70841
70839
70838
70836
70836
70836
70836
70835
70835
70835
70834
70834
70834
70833
70833
70833
70833
70832
70832
70831
70831
70830
70830
70830
70830
70829
70829
70829
70828
70828
70828
70828
70827
70827
70827
70827
70825
70825
70824
70824
70824
70824
70823
70823
70823
70823
70822
70822
70822
70821
70821
70821
70821
70820
70820
70820
70820
70816
70816
70815
70814
70814
70814
70814
70813
70813
70813
70812
70812
70812
70812
70811
70811
70811
70811
70810
70810
70810
70810
70809
70808
70808
70806
70806
70806
70805
70805
70805
70805
70804
70804
70804
70804
70803
70803
70803
70802
70802
70802
70802
70801
70801
70801
70799
70799
70799
70799
70798
70798
70798
70797
70797
70797
70797
70796
70796
70796
70796
70795
70795
70795
70795
70794
70794
70794
70794
70793
70793
70793
70793
70792
70792
70792
70791
70791
70791
70791
70790
70790
70790
70790
70789
70789
70789
70789
70788
70788
70788
70788
70787
70787
70787
70787
70786
70786
70786
70786
70785
70785
70785
70785
70784
70784
70784
70783
70783
70783
70783
70782
70782
70782
70782
70781
70781
70781
70781
70780
70780
70780
70780
70779
70779
70779
70779
70778
70777
70776
70776
70776
70776
70774
70772
70771
70770
70768
70767
70766
70766
70766
70765
70765
70765
70765
70764
70764
70763
70763
70762
70762
70762
70761
70761
70760
70760
70760
70760
70759
70759
70759
70759
70758
70758
70756
70756
70756
70756
70755
70755
70755
70755
70754
70754
70754
70753
70753
70753
70753
70752
70752
70752
70709
70709
70709
70707
70707
70705
70705
70705
70704
70704
70704
70704
70703
70703
70700
70700
70700
70700
70699
70699
70699
70699
70698
70698
70698
70698
70696
70696
70694
70694
70694
70693
70693
70693
70693
70692
70692
70692
70692
70691
70691
70691
70691
70690
70690
70690
70690
70689
70689
70687
70687
70687
70687
70686
70686
70686
70686
70685
70685
70685
70685
70684
70684
70684
70684
70683
70683
70683
70683
70682
70682
70682
70682
70681
70681
70681
70681
70680
70680
70680
70680
70679
70679
70679
70679
70678
70678
70678
70678
70677
70677
70677
70677
70676
70676
70676
70676
70675
70675
70675
70675
70674
70674
70674
70674
70673
70673
70673
70673
70672
70672
70672
70672
70671
70671
70671
70670
70670
70670
70670
70669
70669
70669
70669
70668
70668
70668
70667
70666
70666
70665
70665
70665
70665
70664
70664
70664
70664
70663
70663
70663
70662
70661
70659
70658
70656
70655
70654
70653
70653
70653
70651
70651
70651
70651
70650
70650
70650
70649
70649
70649
70649
70648
70648
70648
70648
70647
70647
70646
70645
70645
70645
70644
70644
70644
70644
70643
70643
70643
70643
70642
70642
70642
70640
70640
70640
70639
70639
70639
70637
70637
70636
70635
70635
70635
70635
70634
70634
70634
70634
70633
70633
70633
70633
70632
70632
70632
70632
70631
70631
70631
70631
70629
70629
70627
70627
70627
70626
70626
70626
70626
70625
70625
70625
70625
70624
70624
70624
70624
70623
70623
70623
70623
70622
70622
70621
70620
70620
70620
70619
70619
70619
70619
70618
70618
70618
70618
70617
70617
70617
70617
70616
70616
70616
70615
70615
70615
70615
70614
70614
70614
70614
70613
70613
70613
70613
70612
70612
70612
70612
70610
70610
70609
70609
70609
70609
70608
70608
70608
70608
70607
70607
70607
70607
70606
70606
70606
70606
70605
70605
70605
70605
70604
70604
70604
70604
70603
70603
70603
70603
70602
70602
70602
70602
70601
70601
70601
70601
70600
70600
70600
70598
70598
70598
70597
70597
70597
70597
70596
70596
70596
70596
70595
70595
70595
70595
70594
70594
70594
70594
70593
70593
70593
70593
70590
70588
70587
70585
70583
70582
70581
70581
70581
70581
70580
70580
70580
70580
70579
70579
70579
70579
70578
70578
70577
70576
70576
70576
70576
70575
70575
70575
70575
70574
70574
70574
70572
70572
70572
70571
70571
70571
70571
70570
70570
70569
70568
70566
70566
70566
70565
70565
70565
70565
70564
70564
70564
70564
70563
70563
70563
70563
70562
70562
70562
70562
70561
70561
70559
70559
70558
70558
70557
70557
70557
70556
70556
70556
70556
70555
70555
70555
70555
70554
70554
70554
70554
70553
70553
70553
70553
70551
70551
70551
70550
70550
70550
70549
70549
70549
70549
70548
70548
70548
70547
70547
70547
70547
70546
70546
70546
70546
70545
70545
70545
70545
70544
70544
70544
70544
70543
70543
70543
70543
70542
70542
70542
70542
70541
70541
70541
70541
70540
70540
70540
70540
70539
70539
70539
70539
70538
70538
70538
70538
70537
70537
70537
70537
70536
70536
70536
70536
70535
70535
70535
70535
70534
70534
70534
70533
70533
70533
70533
70533
70531
70531
70530
70530
70530
70530
70529
70529
70529
70529
70528
70528
70528
70528
70527
70527
70527
70527
70526
70526
70526
70526
70525
70525
70525
70525
70524
70524
70524
70524
70523
70523
70520
70519
70517
70516
70515
70513
70513
70513
70512
70512
70512
70512
70511
70511
70509
70509
70509
70509
70508
70508
70508
70508
70507
70506
70506
70505
70505
70505
70505
70504
70504
70504
70504
70503
70503
70502
70501
70500
70500
70499
70499
70499
70499
70498
70498
70498
70497
70497
70497
70497
70496
70496
70496
70496
70495
70495
70495
70495
70493
70493
70491
70491
70491
70491
70490
70490
70490
70489
70489
70489
70489
70488
70488
70488
70488
70487
70487
70487
70487
70486
70486
70485
70484
70484
70484
70484
70483
70483
70483
70483
70482
70482
70482
70482
70481
70481
70481
70481
70480
70480
70480
70480
70479
70479
70477
70477
70477
70477
70476
70476
70476
70476
70475
70475
70475
70475
70474
70474
70474
70474
70473
70473
70473
70473
70472
70472
70472
70472
70471
70471
70471
70470
70470
70470
70470
70469
70469
70469
70469
70468
70468
70468
70468
70467
70467
70467
70467
70466
70466
70466
70466
70464
70464
70464
70463
70463
70462
70462
70462
70462
70461
70461
70461
70460
70460
70460
70460
70459
70459
70459
70459
70458
70458
70458
70458
70457
70457
70457
70457
70456
70456
70456
70456
70455
70455
70455
70455
70454
70454
70454
70454
70453
70452
70450
70448
70447
70445
70444
70444
70443
70442
70441
70441
70441
70441
70440
70439
70439
70438
70438
70438
70437
70437
70437
70437
70436
70436
70436
70436
70435
70435
70434
70433
70432
70432
70431
70431
70431
70431
70430
70430
70430
70430
70429
70429
70429
70429
70428
70428
70428
70428
70427
70427
70427
70424
70424
70423
70422
70422
70422
70422
70421
70421
70421
70421
70420
70419
70419
70418
70418
70418
70418
70417
70417
70417
70417
70416
70415
70414
70414
70414
70413
70413
70413
70413
70412
70412
70412
70411
70411
70411
70411
70410
70410
70410
70410
70409
70409
70409
70409
70407
70407
70407
70406
70406
70406
70406
70405
70405
70405
70405
70404
70404
70404
70404
70403
70403
70403
70403
70402
70402
70402
70401
70401
70401
70401
70400
70400
70400
70400
70399
70399
70399
70399
70398
70398
70397
70397
70397
70397
70396
70396
70396
70396
70394
70394
70394
70393
70393
70393
70393
70392
70392
70392
70392
70391
70391
70391
70391
70390
70390
70390
70390
70389
70389
70389
70389
70388
70388
70388
70387
70387
70387
70387
70386
70386
70386
70386
70385
70385
70385
70385
70384
70384
70384
70384
70383
70383
70383
70383
70382
70382
70382
70382
70380
70378
70376
70375
70373
70371
70371
70371
70370
70370
70370
70369
70369
70369
70369
70368
70368
70368
70368
70367
70367
70367
70367
70365
70365
70364
70363
70363
70363
70362
70362
70362
70362
70361
70361
70361
70361
70360
70360
70360
70360
70359
70359
70359
70359
70358
70357
70356
70355
70355
70354
70354
70354
70354
70353
70353
70353
70353
70352
70352
70352
70352
70351
70351
70351
70351
70350
70350
70350
70348
70348
70348
70348
70347
70347
70347
70347
70346
70346
70346
70346
70345
70345
70345
70345
70344
70344
70344
70344
70343
70343
70343
70341
70341
70341
70340
70340
70340
70340
70339
70339
70339
70339
70338
70338
70338
70338
70337
70337
70337
70337
70336
70336
70336
70336
70335
70335
70335
70335
70334
70334
70334
70334
70333
70333
70333
70333
70332
70331
70331
70330
70330
70330
70328
70328
70328
70328
70327
70327
70327
70327
70326
70326
70326
70325
70325
70325
70325
70324
70324
70324
70324
70323
70323
70323
70323
70322
70322
70322
70322
70321
70321
70321
70321
70320
70320
70320
70320
70319
70319
70319
70319
70318
70318
70318
70318
70317
70317
70317
70316
70316
70316
70316
70315
70315
70315
70315
70314
70314
70314
70314
70313
70312
70310
70308
70307
70305
70303
70303
70302
70302
70302
70301
70301
70301
70301
70300
70300
70300
70298
70298
70296
70296
70296
70295
70295
70295
70295
70294
70294
70294
70294
70293
70293
70293
70293
70292
70292
70292
70291
70291
70291
70288
70288
70286
70286
70286
70286
70285
70285
70285
70285
70284
70284
70284
70284
70283
70283
70283
70283
70282
70282
70282
70282
70281
70279
70279
70279
70279
70278
70278
70278
70278
70277
70277
70277
70277
70276
70276
70276
70276
70275
70275
70275
70275
70274
70274
70274
70272
70272
70272
70272
70271
70271
70271
70270
70270
70270
70270
70269
70269
70269
70268
70267
70267
70266
70266
70266
70265
70265
70265
70265
70264
70264
70264
70264
70263
70263
70263
70263
70262
70262
70261
70261
70261
70260
70259
70259
70258
70258
70258
70258
70257
70257
70257
70257
70256
70256
70256
70256
70255
70255
70255
70255
70254
70254
70254
70254
70253
70253
70253
70253
70252
70252
70252
70252
70251
70251
70251
70250
70250
70250
70250
70249
70249
70249
70249
70248
70248
70248
70248
70247
70247
70247
70247
70246
70246
70246
70246
70245
70245
70245
70245
70244
70244
70244
70244
70243
70243
70243
70243
70242
70242
70242
70239
70238
70236
70235
70233
70232
70231
70231
70231
70231
70230
70229
70228
70227
70227
70226
70226
70226
70226
70225
70225
70225
70225
70224
70224
70224
70224
70223
70223
70223
70223
70222
70222
70222
70220
70220
70218
70218
70218
70218
70217
70217
70216
70216
70216
70216
70215
70215
70215
70215
70214
70214
70214
70214
70213
70213
70213
70211
70211
70211
70211
70210
70210
70210
70210
70209
70209
70209
70209
70208
70208
70208
70208
70207
70207
70207
70206
70206
70206
70206
70204
70204
70203
70203
70203
70203
70202
70202
70202
70202
70201
70201
70201
70201
70200
70199
70199
70198
70198
70198
70197
70197
70197
70195
70195
70195
70195
70194
70194
70194
70194
70193
70193
70193
70193
70191
70191
70191
70190
70190
70190
70189
70189
70189
70189
70188
70188
70188
70188
70187
70187
70187
70187
70186
70186
70186
70186
70185
70185
70185
70184
70184
70184
70184
70183
70183
70183
70183
70182
70182
70182
70182
70181
70181
70181
70181
70180
70180
70180
70180
70179
70179
70179
70179
70178
70178
70178
70178
70177
70177
70177
70177
70176
70176
70176
70176
70175
70175
70175
70175
70174
70174
70174
70174
70173
70173
70173
70172
70172
70172
70172
70171
70170
70169
70167
70166
70164
70161
70161
70159
70159
70159
70159
70158
70158
70158
70158
70157
70157
70157
70156
70156
70156
70156
70155
70155
70155
70155
70154
70154
70153
70152
70150
70150
70149
70149
70149
70148
70148
70148
70148
70147
70147
70147
70147
70146
70146
70146
70146
70145
70145
70145
70145
70143
70143
70143
70142
70142
70142
70141
70141
70141
70141
70140
70140
70140
70138
70138
70138
70137
70137
70137
70137
70136
70136
70136
70134
70134
70134
70134
70133
70133
70133
70133
70132
70132
70132
70132
70131
70131
70131
70129
70129
70129
70129
70128
70128
70128
70128
70126
70126
70126
70125
70125
70125
70125
70124
70124
70123
70122
70122
70122
70121
70121
70121
70121
70120
70120
70120
70120
70119
70119
70119
70119
70118
70118
70118
70118
70117
70117
70117
70117
70116
70116
70116
70116
70115
70115
70115
70114
70114
70114
70114
70113
70113
70113
70113
70112
70112
70112
70112
70111
70111
70111
70111
70110
70110
70110
70110
70109
70109
70109
70108
70108
70108
70108
70107
70107
70107
70107
70106
70106
70106
70106
70105
70105
70105
70105
70104
70104
70104
70104
70103
70103
70103
70103
70102
70102
70102
70101
70101
70101
70101
70100
70099
70096
70095
70093
70092
70090
70090
70090
70089
70089
70089
70088
70088
70088
70088
70087
70087
70087
70087
70086
70086
70086
70084
70084
70083
70082
70082
70082
70081
70081
70081
70080
70080
70080
70080
70079
70079
70079
70079
70078
70078
70078
70078
70077
70077
70076
70075
70075
70075
70075
70074
70074
70074
70074
70073
70073
70073
70073
70072
70072
70072
70072
70071
70071
70071
70071
70070
70070
70068
70068
70068
70068
70067
70067
70067
70067
70066
70066
70066
70066
70065
70065
70065
70063
70063
70063
70063
70062
70062
70062
70061
70060
70060
70060
70059
70059
70059
70056
70056
70056
70055
70055
70055
70055
70054
70054
70053
70052
70052
70052
70052
70051
70051
70051
70051
70050
70050
70050
70050
70049
70049
70049
70049
70048
70048
70048
70047
70047
70046
70046
70045
70045
70045
70045
70044
70044
70044
70044
70043
70043
70043
70042
70042
70042
70041
70041
70041
70041
70040
70040
70040
70040
70039
70039
70039
70039
70038
70038
70038
70038
70037
70037
70037
70037
70036
70036
70036
70036
70035
70035
70035
70034
70034
70034
70034
70033
70033
70033
70033
70032
70032
70032
70032
70031
70031
70031
70031
70030
70030
70030
70030
70029
70027
70025
70024
70022
70021
70019
70019
70018
70018
70018
70018
70017
70017
70017
70017
70016
70015
70015
70012
70012
70011
70011
70011
70011
70010
70010
70010
70009
70009
70009
70009
70008
70008
70008
70008
70007
70007
70007
70007
70005
70005
70005
70004
70004
70004
70003
70003
70003
70003
70002
70002
70002
70002
70001
70001
70001
70001
70000
70000
70000
70000
69999
69998
69997
69997
69997
69997
69996
69996
69996
69996
69995
69995
69995
69994
69994
69994
69993
69992
69992
69992
69991
69991
69991
69991
69989
69989
69989
69987
69987
69987
69986
69986
69986
69986
69985
69985
69985
69984
69984
69983
69983
69982
69982
69982
69981
69981
69981
69981
69980
69980
69980
69980
69979
69979
69979
69978
69978
69978
69978
69977
69977
69977
69977
69976
69976
69976
69976
69975
69975
69975
69975
69974
69974
69974
69973
69973
69973
69973
69972
69972
69972
69972
69971
69971
69971
69971
69970
69970
69970
69969
69969
69969
69969
69968
69968
69968
69968
69967
69967
69967
69967
69966
69966
69966
69965
69965
69965
69965
69964
69964
69964
69964
69963
69963
69963
69963
69962
69962
69962
69962
69961
69961
69961
69961
69960
69960
69960
69959
69959
69959
69959
69955
69954
69952
69951
69949
69947
69947
69947
69946
69946
69945
69945
69943
69943
69942
69942
69942
69942
69941
69941
69941
69941
69940
69940
69940
69940
69939
69939
69939
69939
69938
69938
69938
69936
69936
69936
69935
69935
69935
69935
69934
69934
69934
69934
69933
69933
69933
69933
69932
69932
69932
69932
69931
69931
69931
69931
69929
69929
69928
69928
69928
69928
69927
69927
69927
69927
69926
69926
69926
69926
69925
69924
69924
69923
69923
69923
69922
69922
69922
69919
69919
69919
69919
69918
69918
69918
69918
69917
69917
69917
69917
69916
69916
69916
69914
69914
69913
69912
69912
69911
69911
69911
69911
69910
69910
69910
69910
69909
69909
69909
69908
69908
69908
69908
69907
69907
69907
69907
69906
69906
69906
69906
69905
69905
69905
69905
69904
69904
69904
69903
69903
69903
69903
69902
69902
69902
69902
69901
69901
69901
69901
69900
69900
69900
69900
69899
69899
69899
69899
69898
69898
69898
69898
69897
69897
69897
69896
69896
69896
69896
69895
69895
69895
69895
69894
69894
69894
69894
69893
69893
69893
69892
69892
69892
69892
69891
69891
69891
69891
69890
69890
69890
69890
69889
69889
69889
69888
69888
69888
69888
69887
69887
69885
69884
69883
69881
69879
69877
69876
69875
69875
69875
69874
69874
69874
69874
69873
69873
69873
69873
69872
69872
69872
69872
69871
69871
69871
69871
69870
69868
69868
69867
69867
69867
69867
69866
69866
69866
69865
69865
69865
69865
69864
69864
69864
69864
69863
69863
69863
69863
69862
69862
69861
69860
69860
69860
69860
69859
69859
69859
69858
69858
69858
69858
69857
69857
69856
69854
69854
69854
69853
69853
69852
69851
69851
69850
69849
69849
69849
69849
69848
69848
69848
69848
69847
69847
69847
69847
69846
69846
69845
69844
69843
69843
69842
69842
69842
69842
69841
69841
69841
69841
69840
69840
69840
69840
69839
69839
69839
69839
69838
69838
69838
69838
69837
69837
69837
69837
69836
69836
69836
69835
69835
69835
69835
69834
69834
69834
69834
69833
69833
69833
69833
69832
69832
69832
69832
69831
69831
69831
69831
69830
69830
69830
69830
69829
69829
69829
69829
69828
69828
69828
69828
69827
69827
69827
69826
69826
69826
69826
69825
69825
69825
69825
69824
69824
69824
69823
69823
69823
69823
69822
69822
69822
69822
69821
69821
69821
69821
69820
69820
69820
69820
69819
69819
69819
69819
69818
69818
69818
69818
69817
69817
69817
69814
69813
69811
69809
69808
69806
69806
69806
69806
69805
69805
69805
69805
69804
69804
69804
69804
69803
69803
69803
69803
69801
69801
69801
69800
69800
69800
69799
69799
69799
69799
69798
69798
69798
69798
69797
69797
69797
69797
69796
69796
69796
69795
69795
69794
69794
69793
69793
69793
69793
69792
69792
69792
69791
69791
69791
69791
69790
69790
69788
69788
69787
69787
69786
69786
69786
69786
69784
69784
69783
69783
69783
69783
69782
69782
69782
69782
69781
69781
69781
69781
69780
69779
69778
69777
69777
69777
69776
69776
69776
69775
69775
69775
69775
69774
69774
69774
69774
69773
69773
69773
69773
69772
69772
69772
69770
69770
69770
69770
69769
69769
69769
69768
69768
69768
69767
69767
69767
69767
69766
69766
69766
69766
69765
69765
69765
69765
69764
69763
69763
69762
69762
69762
69761
69761
69761
69761
69760
69760
69760
69760
69759
69759
69759
69759
69758
69758
69758
69758
69757
69757
69757
69757
69756
69756
69756
69756
69755
69755
69755
69755
69754
69754
69754
69754
69753
69753
69753
69752
69752
69752
69752
69737
69737
69736
69736
69736
69736
69735
69735
69735
69735
69734
69734
69734
69734
69733
69733
69733
69731
69731
69730
69729
69727
69726
69725
69723
69722
69721
69721
69720
69720
69720
69720
69719
69719
69719
69716
69716
69716
69716
69715
69715
69715
69714
69714
69714
69714
69713
69713
69713
69713
69712
69712
69712
69712
69711
69711
69711
69711
69709
69709
69709
69708
69708
69708
69707
69707
69707
69707
69706
69706
69706
69706
69704
69702
69702
69702
69702
69701
69701
69701
69701
69699
69698
69698
69698
69698
69697
69697
69697
69697
69696
69696
69696
69696
69695
69695
69694
69693
69692
69691
69691
69691
69691
69690
69690
69690
69690
69689
69689
69689
69688
69688
69688
69688
69687
69687
69687
69687
69686
69685
69685
69685
69684
69684
69684
69683
69683
69683
69683
69682
69682
69682
69682
69681
69681
69681
69681
69680
69680
69680
69680
69679
69679
69679
69679
69678
69678
69678
69678
69677
69677
69677
69676
69676
69676
69676
69675
69675
69675
69675
69674
69674
69674
69673
69673
69673
69673
69672
69672
69672
69672
69671
69671
69671
69671
69670
69670
69670
69670
69669
69669
69669
69669
69668
69668
69668
69668
69667
69667
69667
69667
69666
69666
69666
69666
69665
69665
69665
69665
69664
69663
69662
69662
69662
69662
69661
69661
69661
69661
69660
69660
69660
69657
69656
69654
69651
69650
69649
69648
69648
69648
69645
69645
69645
69644
69641
69641
69640
69639
69639
69638
69638
69637
69637
69636
69636
69635
69635
69634
69633
69633
69633
69632
69632
69630
69629
69628
69628
69627
69627
69626
69406
69406
69405
69404
69402
69401
69401
69401
69399
69399
69398
69398
69398
69398
69397
69397
69395
69395
69395
69394
69394
69394
69394
69393
69393
69393
69393
69392
69392
69392
69392
69390
69390
69388
69388
69387
69387
69387
69387
69386
69386
69386
69386
69385
69385
69385
69385
69384
69384
69384
69384
69383
69383
69383
69381
69381
69381
69380
69380
69380
69380
69379
69379
69379
69379
69378
69378
69378
69378
69377
69377
69377
69376
69376
69376
69376
69375
69375
69375
69375
69374
69374
69374
69374
69373
69373
69373
69373
69372
69372
69372
69372
69371
69371
69371
69371
69370
69370
69370
69369
69369
69369
69369
69368
69368
69368
69368
69367
69367
69367
69367
69366
69366
69366
69366
69365
69365
69365
69364
69364
69364
69364
69363
69363
69363
69363
69362
69362
69362
69362
69361
69361
69360
69359
69359
69359
69358
69358
69358
69358
69357
69357
69357
69357
69356
69356
69356
69356
69355
69355
69355
69355
69354
69353
69351
69350
69347
69346
69343
69342
69342
69342
69342
69341
69341
69341
69341
69340
69340
69340
69340
69339
69339
69339
69338
69338
69338
69338
69337
69336
69336
69335
69335
69335
69335
69334
69334
69333
69332
69332
69332
69332
69331
69331
69330
69329
69329
69329
69329
69328
69328
69328
69326
69326
69326
69326
69325
69325
69325
69325
69324
69324
69324
69324
69323
69323
69323
69320
69320
69318
69318
69318
69318
69317
69317
69317
69317
69316
69316
69316
69316
69315
69315
69315
69315
69314
69314
69314
69314
69313
69312
69312
69311
69311
69311
69310
69310
69310
69310
69309
69309
69309
69309
69308
69308
69308
69308
69307
69307
69307
69307
69306
69306
69306
69306
69305
69305
69305
69305
69304
69304
69304
69304
69303
69303
69303
69302
69302
69302
69302
69301
69301
69301
69301
69300
69300
69300
69300
69299
69299
69299
69299
69298
69298
69298
69298
69297
69297
69297
69297
69296
69296
69296
69296
69295
69295
69295
69295
69294
69294
69294
69294
69293
69293
69293
69291
69291
69291
69291
69290
69290
69290
69289
69289
69289
69289
69288
69288
69288
69288
69287
69287
69287
69287
69286
69286
69286
69286
69285
69285
69285
69285
69284
69284
69284
69282
69281
69279
69278
69276
69273
69273
69273
69272
69272
69272
69271
69271
69271
69271
69270
69270
69270
69270
69269
69268
69268
69267
69267
69267
69265
69265
69265
69265
69264
69264
69264
69264
69263
69263
69262
69261
69261
69261
69260
69260
69260
69260
69258
69258
69258
69257
69257
69257
69257
69256
69256
69256
69256
69255
69255
69255
69255
69253
69253
69251
69251
69251
69251
69250
69250
69250
69250
69249
69249
69249
69249
69248
69248
69248
69248
69247
69247
69247
69247
69246
69245
69245
69244
69244
69244
69244
69243
69243
69243
69243
69242
69242
69242
69242
69241
69241
69241
69241
69240
69240
69240
69240
69239
69238
69237
69237
69237
69237
69236
69236
69236
69236
69235
69235
69235
69235
69234
69234
69234
69234
69233
69233
69233
69233
69232
69232
69232
69230
69230
69230
69229
69229
69229
69229
69228
69228
69228
69228
69227
69227
69227
69227
69226
69226
69226
69226
69225
69225
69225
69225
69224
69224
69222
69222
69222
69222
69221
69221
69221
69221
69220
69220
69220
69220
69219
69219
69219
69219
69218
69218
69218
69218
69217
69217
69217
69217
69216
69216
69216
69216
69215
69215
69215
69215
69214
69214
69214
69214
69213
69213
69213
69211
69210
69208
69207
69206
69203
69203
69202
69202
69202
69202
69201
69201
69201
69199
69199
69198
69197
69197
69197
69197
69196
69196
69196
69196
69195
69195
69195
69195
69193
69193
69193
69192
69192
69192
69191
69191
69189
69189
69189
69189
69188
69188
69188
69188
69187
69187
69187
69187
69186
69186
69186
69184
69184
69182
69182
69182
69182
69181
69181
69168
69168
69167
69167
69166
69166
69166
69166
69165
69165
69165
69165
69164
69164
69164
69162
69162
69161
69129
69128
69128
69127
69127
69126
69126
69125
69125
69125
69124
69124
69123
69123
69122
69122
69122
69121
69121
69120
69117
69116
69116
69115
69115
69115
69114
69114
69113
69113
69112
69112
69112
69111
69111
69111
69110
69110
69110
69109
69109
69109
69109
69108
69107
69107
69107
69106
69106
69105
69105
69105
69104
69104
69104
69103
69103
69103
69102
69102
69102
69101
69101
69100
69100
69100
69098
69097
69097
69096
69096
69096
69095
69095
69095
69095
69094
69094
69094
69094
69093
69093
69093
69093
69092
69092
69092
69091
69091
69091
69091
69090
69090
69090
69090
69089
69089
69089
69089
69088
69088
69088
69088
69087
69087
69087
69087
69086
69086
69086
69086
69085
69074
69073
69070
69069
69067
69066
69064
69062
69062
69061
69059
69059
69059
69058
69058
69058
69057
69057
69057
69057
69056
69056
69056
69055
69055
69054
69054
69053
69053
69053
69053
69052
69052
69050
69050
69050
69050
69049
69049
69049
69049
69048
69048
69048
69048
69047
69047
69047
69045
69045
69043
69043
69043
69043
69042
69042
69042
69042
69041
69041
69041
69040
69040
69040
69040
69039
69039
69039
69039
69038
69038
69037
69036
69036
69036
69036
69035
69035
69035
69035
69034
69034
69034
69034
69033
69033
69033
69033
69032
69032
69032
69032
69031
69031
69029
69029
69029
69029
69028
69028
69028
69028
69027
69027
69027
69027
69026
69026
69026
69026
69025
69025
69025
69025
69024
69024
69024
69024
69023
69023
69023
69023
69022
69022
69022
69022
69021
69021
69021
69021
69020
69020
69020
69020
69019
69019
69019
69017
69017
69017
69016
69016
69016
69016
69015
69015
69015
69015
69014
69014
69014
69014
69013
69013
69013
69013
69012
69012
69012
69012
69011
69011
69011
69011
69010
69010
69010
69010
69009
69009
69009
69008
69008
69008
69008
69007
69007
69007
69007
69006
69006
69006
69006
69005
69005
69005
69005
69004
69004
69004
69004
69003
69003
69003
69000
68998
68996
68994
68992
68990
68990
68990
68989
68989
68989
68989
68988
68988
68988
68987
68987
68986
68986
68985
68985
68985
68984
68984
68984
68982
68982
68982
68982
68981
68981
68981
68981
68980
68980
68980
68980
68979
68979
68979
68977
68977
68976
68976
68975
68975
68975
68975
68974
68974
68974
68973
68973
68973
68973
68972
68972
68972
68972
68971
68971
68971
68971
68969
68968
68968
68967
68967
68967
68966
68966
68966
68966
68965
68965
68965
68965
68964
68964
68964
68964
68963
68963
68963
68963
68962
68961
68961
68960
68960
68960
68959
68959
68959
68959
68958
68958
68958
68958
68957
68957
68957
68957
68956
68956
68956
68955
68954
68954
68953
68953
68953
68953
68952
68952
68952
68951
68951
68951
68951
68950
68950
68950
68950
68949
68949
68948
68947
68947
68947
68946
68946
68946
68946
68945
68945
68945
68945
68944
68944
68944
68944
68943
68943
68943
68943
68942
68942
68942
68942
68941
68941
68941
68941
68940
68940
68940
68940
68939
68939
68939
68939
68938
68938
68938
68938
68937
68937
68937
68937
68936
68936
68936
68936
68935
68935
68935
68935
68934
68934
68934
68934
68933
68933
68933
68933
68932
68932
68932
68931
68931
68931
68929
68928
68926
68925
68924
68922
68922
68922
68921
68921
68921
68919
68919
68919
68919
68918
68918
68918
68918
68916
68916
68915
68915
68915
68915
68914
68914
68914
68914
68913
68913
68913
68913
68912
68911
68911
68909
68909
68909
68908
68908
68908
68908
68907
68907
68907
68907
68906
68906
68906
68905
68905
68905
68905
68904
68904
68904
68902
68902
68902
68902
68901
68901
68901
68901
68900
68900
68900
68900
68899
68899
68899
68898
68898
68898
68898
68897
68897
68897
68897
68895
68895
68895
68895
68894
68894
68894
68893
68893
68893
68893
68892
68892
68892
68892
68891
68891
68891
68891
68890
68890
68889
68889
68887
68887
68887
68886
68886
68886
68886
68885
68885
68885
68885
68884
68884
68884
68882
68882
68882
68882
68881
68881
68881
68881
68880
68880
68880
68878
68878
68878
68877
68877
68877
68877
68876
68876
68876
68876
68875
68875
68875
68874
68874
68874
68874
68873
68873
68873
68873
68872
68872
68872
68872
68871
68871
68871
68871
68870
68870
68870
68870
68869
68869
68869
68869
68868
68868
68868
68868
68867
68867
68867
68867
68866
68866
68866
68866
68865
68865
68865
68864
68864
68864
68864
68863
68863
68863
68863
68862
68862
68862
68860
68858
68857
68855
68853
68850
68850
68850
68849
68849
68849
68849
68848
68847
68847
68846
68846
68846
68845
68845
68845
68845
68844
68844
68844
68844
68843
68843
68842
68841
68840
68840
68840
68839
68839
68839
68838
68838
68838
68838
68837
68837
68837
68837
68836
68836
68836
68836
68835
68835
68835
68833
68833
68832
68832
68832
68832
68831
68831
68831
68831
68830
68830
68830
68830
68829
68829
68829
68829
68828
68828
68828
68828
68827
68826
68826
68825
68825
68825
68824
68824
68824
68824
68823
68823
68823
68823
68822
68822
68822
68822
68821
68821
68821
68821
68819
68819
68817
68817
68817
68817
68816
68816
68816
68815
68815
68815
68815
68813
68813
68813
68813
68812
68812
68812
68812
68811
68811
68811
68810
68810
68810
68810
68809
68809
68809
68809
68808
68808
68808
68808
68807
68807
68807
68807
68806
68806
68806
68806
68805
68805
68805
68805
68804
68804
68804
68804
68803
68803
68803
68803
68802
68802
68802
68802
68801
68801
68801
68801
68800
68800
68800
68799
68799
68799
68799
68798
68798
68798
68798
68797
68797
68797
68797
68796
68796
68796
68796
68795
68795
68795
68795
68794
68794
68794
68794
68793
68793
68793
68793
68792
68792
68789
68788
68787
68785
68784
68781
68781
68779
68779
68779
68778
68778
68778
68778
68777
68777
68777
68777
68776
68776
68776
68776
68774
68774
68773
68772
68772
68772
68771
68771
68771
68771
