211635
166492
159586
114484
110761
66479
66477
66476
66476
66463
66462
66461
66461
66461
66460
66460
66459
66456
66456
66455
66455
66454
66454
66453
66453
66452
66452
66451
66451
66451
66450
66449
66449
66448
66441
66441
66439
66439
66438
66437
66437
66436
66436
66434
66434
66433
66433
66432
66432
66432
66431
66430
66430
66430
66429
66429
66428
66428
66428
66427
66427
66427
66426
66426
66425
66424
66423
66423
66416
66415
66415
66414
66414
66413
66413
66413
66413
66412
66412
66412
66400
66400
66399
66399
66399
66398
66398
66398
66397
66397
66397
66396
66396
66394
66393
66393
66392
66392
66391
66391
66391
66390
66390
66390
66389
66389
66389
66388
66388
66388
66388
66387
66387
66387
66386
66386
66386
66385
66385
66385
66384
66384
66384
66383
66383
66383
66382
66382
66382
66381
66381
66381
66380
66380
66380
66379
66379
66379
66378
66377
66377
66377
66376
66376
66375
66373
66373
66373
66372
66372
66371
66371
66371
66370
66370
66369
66369
66369
66368
66368
66368
66367
66367
66366
66366
66365
66365
66364
66364
66364
66363
66363
66362
66362
66362
66361
66361
66361
66360
66360
66360
66359
66359
66359
66359
66358
66358
66357
66357
66357
66356
66356
66354
66340
66338
66336
66325
66323
66322
66321
66319
66318
66318
66318
66317
66317
66317
66316
66316
66316
66315
66315
66315
66314
66314
66312
66312
66312
66311
66311
66311
66310
66310
66308
66307
66307
66307
66306
66306
66305
66305
66304
66304
66303
66303
66303
66302
66302
66300
66300
66298
66298
66297
66297
66296
66296
66296
66295
66295
66294
66294
66293
66293
66293
66293
66292
66290
66290
66289
66289
66288
66286
66286
66286
66285
66285
66285
66284
66284
66284
66283
66283
66283
66282
66282
66282
66281
66281
66281
66280
66280
66280
66280
66279
66278
66277
66277
66277
66276
66276
66276
66275
66275
66275
66274
66274
66274
66273
66273
66272
66272
66272
66271
66271
66271
66270
66270
66270
66269
66269
66268
66268
66268
66267
66267
66267
66266
66266
66265
66265
66265
66264
66264
66264
66263
66263
66263
66262
66260
66260
66259
66259
66258
66258
66257
66257
66257
66256
66256
66256
66255
66255
66254
66254
66254
66254
66253
66253
66253
66252
66252
66252
66251
66251
66251
66250
66250
66250
66250
66249
66249
66249
66248
66248
66248
66247
66247
66247
66247
66246
66246
66246
66245
66245
66245
66244
66244
66244
66244
66243
66243
66243
66242
66242
66242
66241
66241
66240
66240
66239
66239
66239
66239
66238
66238
66238
66237
66237
66237
66236
66236
66236
66235
66235
66234
66234
66234
66233
66233
66233
66232
66232
66232
66231
66231
66231
66230
66230
66230
66229
66229
66229
66228
66228
66228
66227
66227
66227
66226
66226
66226
66225
66225
66225
66224
66224
66224
66224
66223
66223
66223
66222
66222
66222
66221
66221
66221
66220
66220
66220
66219
66219
66219
66218
66218
66218
66216
66215
66215
66215
66215
66214
66214
66214
66213
66213
66213
66212
66212
66212
66211
66211
66211
66210
66210
66210
66209
66209
66209
66208
66208
66207
66207
66207
66206
66206
66206
66205
66205
66205
66204
66204
66204
66203
66203
66203
66202
66202
66202
66201
66201
66201
66200
66200
66200
66199
66199
66199
66198
66198
66198
66197
66196
66195
66195
66195
66194
66194
66194
66193
66193
66193
66192
66192
66192
66191
66191
66191
66190
66190
66190
66189
66189
66189
66188
66188
66188
66187
66187
66187
66186
66186
66186
66185
66185
66185
66184
66184
66184
66184
66183
66183
66183
66182
66182
66182
66181
66181
66181
66180
66180
66180
66179
66179
66179
66178
66178
66178
66177
66177
66177
66177
66176
66176
66176
66175
66175
66174
66174
66173
66173
66173
66173
66172
66170
66170
66169
66169
66168
66168
66168
66167
66166
66166
66166
66165
66165
66165
66164
66164
66164
66163
66163
66163
66162
66162
66162
66161
66161
66161
66160
66160
66160
66159
66159
66159
66159
66158
66158
66158
66157
66157
66156
66156
66156
66155
66155
66155
66154
66154
66154
66153
66153
66153
66152
66152
66152
66151
66151
66151
66150
66150
66150
66150
66149
66149
66149
66148
66148
66148
66147
66147
66147
66146
66146
66146
66145
66145
66145
66144
66144
66144
66144
66143
66143
66143
66142
66142
66142
66141
66141
66140
66140
66140
66140
66139
66139
66138
66138
66138
66137
66137
66137
66137
66136
66136
66135
66135
66135
66134
66134
66134
66133
66133
66133
66133
66132
66132
66131
66131
66131
66131
66130
66130
66130
66129
66129
66129
66128
66128
66128
66127
66125
66125
66124
66124
66124
66124
66123
66123
66122
66122
66122
66121
66121
66121
66120
66120
66120
66119
66119
66119
66118
66118
66118
66117
66117
66117
66116
66116
66116
66115
66115
66115
66115
66114
66114
66114
66113
66113
66113
66112
66112
66112
66111
66111
66111
66110
66110
66109
66109
66109
66108
66108
66108
66107
66107
66107
66105
66104
66104
66104
66103
66103
66103
66102
66102
66102
66101
66101
66101
66101
66100
66100
66099
66099
66099
66098
66098
66097
66097
66097
66097
66096
66096
66096
66095
66095
66095
66094
66094
66094
66093
66093
66093
66092
66092
66092
66091
66091
66091
66090
66090
66090
66090
66089
66089
66089
66088
66088
66088
66087
66087
66087
66086
66086
66086
66085
66085
66084
66084
66084
66083
66083
66083
66083
66082
66082
66082
66081
66079
66079
66079
66078
66078
66078
66077
66077
66077
66076
66076
66076
66075
66075
66075
66074
66074
66074
66073
66073
66073
66072
66072
66072
66071
66071
66071
66070
66070
66070
66069
66069
66069
66068
66068
66068
66067
66067
66067
66066
66066
66066
66065
66065
66065
66064
66064
66064
66064
66063
66063
66063
66062
66062
66062
66061
66061
66061
66061
66060
66060
66059
66059
66059
66059
66058
66058
66058
66057
66057
66057
66056
66056
66056
66056
66055
66055
66055
66054
66054
66054
66053
66053
66053
66052
66052
66052
66051
66051
66051
66050
66050
66050
66049
66049
66048
66048
66047
66047
66047
66047
66046
66046
66045
66045
66045
66044
66044
66044
66043
66043
66043
66043
66042
66042
66042
66041
66041
66041
66040
66040
66040
66039
66039
66038
66038
66038
66037
66036
66035
66035
66034
66034
66034
66033
66033
66033
66032
66032
66032
66032
66031
66031
66030
66030
66030
66030
66029
66029
66028
66028
66028
66027
66027
66027
66026
66026
66026
66025
66025
66025
66024
66024
66024
66023
66007
66006
66006
66006
66005
66005
66004
66004
66004
66003
66003
66003
66002
66002
66002
66001
66001
66001
66000
65998
65998
65998
65997
65997
65997
65996
65996
65996
65995
65995
65995
65994
65994
65994
65993
65993
65993
65992
65992
65992
65991
65991
65991
65991
65990
65990
65989
65989
65989
65989
65988
65988
65988
65987
65987
65987
65986
65986
65986
65985
65985
65985
65985
65984
65984
65984
65983
65983
65982
65982
65982
65981
65981
65981
65981
65980
65980
65980
65979
65979
65979
65978
65978
65978
65977
65977
65977
65976
65976
65976
65975
65973
65973
65973
65972
65972
65972
65972
65971
65971
65971
65970
65970
65970
65969
65969
65969
65968
65968
65968
65967
65967
65967
65966
65966
65966
65965
65965
65965
65964
65964
65964
65963
65963
65963
65963
65962
65962
65962
65961
65961
65961
65960
65960
65960
65959
65959
65959
65958
65958
65958
65957
65957
65957
65957
65956
65956
65956
65955
65955
65955
65954
65954
65954
65953
65953
65953
65952
65952
65952
65951
65951
65951
65950
65950
65950
65949
65949
65949
65949
65948
65948
65948
65947
65947
65947
65947
65946
65946
65945
65945
65945
65944
65944
65944
65943
65943
65943
65943
65942
65942
65942
65941
65941
65941
65940
65940
65940
65939
65939
65939
65938
65938
65938
65938
65937
65937
65937
65936
65936
65936
65935
65935
65935
65934
65934
65934
65933
65933
65931
65931
65931
65930
65930
65930
65929
65929
65929
65928
65928
65928
65927
65927
65927
65926
65926
65926
65925
65925
65925
65924
65924
65924
65923
65923
65923
65922
65922
65922
65922
65921
65921
65921
65920
65920
65920
65919
65919
65919
65918
65918
65918
65917
65917
65917
65916
65916
65916
65915
65915
65915
65914
65914
65914
65914
65912
65911
65911
65911
65910
65910
65910
65909
65909
65909
65909
65908
65908
65908
65907
65907
65907
65906
65906
65906
65905
65905
65905
65905
65904
65904
65904
65903
65903
65903
65902
65902
65902
65901
65901
65901
65900
65900
65900
65899
65899
65899
65899
65898
65898
65898
65897
65897
65897
65896
65896
65896
65895
65895
65895
65894
65894
65894
65893
65893
65893
65892
65892
65892
65891
65891
65891
65890
65890
65889
65889
65880
65878
65877
65877
65877
65876
65876
65876
65875
65875
65875
65875
65874
65874
65873
65873
65873
65872
65872
65872
65871
65871
65871
65870
65870
65869
65869
65869
65869
65868
65868
65867
65867
65867
65867
65866
65866
65866
65865
65865
65865
65864
65864
65864
65863
65863
65863
65862
65862
65862
65861
65861
65861
65860
65860
65860
65860
65859
65859
65859
65858
65858
65858
65857
65857
65857
65856
65856
65856
65856
65855
65855
65855
65854
65854
65854
65853
65853
65853
65852
65852
65852
65851
65851
65851
65851
65850
65850
65850
65849
65849
65849
65848
65848
65848
65847
65847
65847
65846
65846
65846
65845
65845
65845
65845
65844
65844
65844
65843
65843
65843
65842
65842
65842
65842
65841
65841
65841
65840
65840
65840
65839
65839
65839
65838
65838
65838
65837
65837
65835
65835
65834
65834
65834
65833
65833
65833
65833
65832
65832
65832
65831
65831
65831
65830
65830
65830
65829
65829
65829
65828
65828
65828
65827
65827
65827
65826
65826
65826
65826
65825
65825
65825
65824
65824
65824
65823
65823
65823
65822
65822
65822
65822
65821
65821
65821
65820
65820
65820
65819
65819
65819
65818
65818
65818
65816
65816
65815
65814
65812
65811
65810
65810
65810
65809
65809
65809
65808
65808
65808
65808
65807
65807
65807
65806
65806
65806
65804
65804
65803
65803
65803
65802
65802
65802
65802
65801
65801
65801
65800
65800
65800
65799
65799
65799
65798
65798
65798
65798
65797
65796
65795
65795
65795
65794
65794
65794
65793
65793
65793
65792
65792
65792
65791
65791
65791
65791
65790
65790
65790
65789
65789
65789
65789
65788
65788
65788
65787
65787
65787
65786
65786
65786
65785
65785
65785
65784
65784
65784
65784
65783
65783
65783
65782
65782
65782
65781
65781
65781
65780
65780
65780
65780
65779
65779
65779
65778
65778
65778
65777
65777
65777
65777
65776
65776
65776
65775
65775
65775
65774
65774
65774
65773
65773
65773
65772
65772
65772
65772
65771
65771
65771
65770
65770
65770
65769
65769
65768
65765
65765
65765
65764
65764
65764
65763
65763
65763
65762
65762
65762
65761
65761
65761
65761
65760
65760
65760
65759
65759
65759
65758
65758
65758
65757
65757
65757
65757
65756
65756
65756
65755
65755
65755
65754
65754
65754
65753
65753
65753
65752
65752
65752
65751
65751
65751
65751
65750
65750
65750
65749
65749
65749
65749
65748
65748
65748
65747
65746
65745
65745
65745
65744
65743
65742
65742
65742
65741
65741
65741
65741
65740
65740
65740
65739
65739
65739
65739
65738
65738
65738
65736
65735
65735
65735
65734
65734
65734
65733
65733
65733
65733
65732
65732
65732
65731
65731
65731
65730
65730
65728
65728
65728
65727
65727
65727
65726
65726
65726
65725
65725
65725
65724
65724
65724
65724
65723
65723
65723
65722
65722
65722
65720
65720
65719
65719
65719
65718
65718
65718
65717
65717
65716
65716
65716
65715
65715
65715
65714
65714
65714
65713
65713
65713
65713
65712
65712
65712
65711
65711
65711
65710
65710
65710
65709
65709
65709
65709
65708
65708
65708
65707
65707
65707
65706
65704
65704
65704
65703
65703
65703
65703
65702
65702
65702
65701
65701
65701
65700
65700
65700
65699
65699
65699
65699
65698
65698
65697
65696
65696
65695
65695
65695
65694
65694
65694
65693
65693
65693
65693
65692
65692
65692
65691
65691
65691
65690
65690
65690
65689
65689
65689
65689
65688
65688
65688
65687
65687
65687
65687
65686
65686
65686
65685
65685
65685
65684
65684
65684
65684
65683
65683
65683
65682
65682
65682
65681
65681
65681
65681
65680
65680
65680
65679
65679
65679
65678
65678
65678
65678
65677
65675
65673
65673
65673
65672
65672
65672
65671
65671
65671
65670
65670
65670
65670
65669
65669
65669
65668
65668
65666
65666
65666
65666
65665
65665
65665
65664
65664
65664
65663
65663
65663
65663
65662
65662
65662
65661
65661
65661
65660
65660
65660
65658
65657
65657
65657
65656
65656
65656
65656
65655
65655
65655
65654
65654
65654
65653
65653
65653
65652
65652
65652
65652
65651
65651
65651
65650
65650
65650
65649
65649
65649
65649
65648
65648
65648
65647
65647
65647
65647
65646
65646
65646
65645
65645
65645
65644
65644
65644
65643
65643
65643
65643
65642
65642
65642
65641
65641
65641
65640
65640
65640
65639
65638
65638
65637
65637
65637
65636
65636
65636
65635
65635
65635
65634
65634
65634
65634
65633
65633
65633
65632
65632
65632
65631
65631
65629
65627
65627
65627
65626
65626
65626
65626
65625
65625
65625
65624
65624
65624
65624
65623
65623
65623
65622
65622
65622
65621
65621
65621
65621
65620
65620
65620
65619
65619
65619
65619
65618
65618
65618
65617
65617
65617
65617
65616
65616
65616
65615
65615
65615
65615
65614
65614
65614
65614
65613
65613
65613
65612
65612
65612
65611
65611
65611
65611
65610
65610
65610
65609
65609
65609
65608
65607
65606
65604
65604
65604
65603
65603
65603
65603
65602
65602
65602
65601
65601
65601
65601
65600
65600
65600
65599
65599
65599
65599
65598
65598
65598
65597
65597
65597
65597
65596
65596
65596
65595
65595
65595
65593
65593
65592
65592
65592
65591
65591
65590
65590
65589
65589
65589
65589
65588
65588
65588
65587
65587
65587
65586
65586
65586
65585
65585
65585
65584
65584
65584
65584
65583
65583
65583
65582
65582
65581
65581
65581
65580
65580
65580
65580
65579
65579
65579
65578
65578
65578
65577
65577
65577
65576
65576
65576
65575
65575
65575
65575
65574
65574
65574
65573
65573
65573
65572
65572
65572
65571
65571
65571
65570
65570
65570
65570
65569
65569
65569
65568
65568
65568
65568
65567
65567
65567
65566
65566
65565
65564
65563
65563
65563
65563
65562
65562
65561
65561
65561
65561
65560
65560
65560
65559
65559
65559
65559
65558
65558
65558
65557
65557
65557
65556
65556
65556
65555
65555
65555
65554
65554
65554
65554
65553
65553
65553
65552
65552
65552
65551
65551
65551
65550
65550
65550
65550
65549
65549
65549
65548
65548
65548
65547
65547
65547
65546
65546
65546
65545
65545
65545
65545
65544
65544
65544
65543
65543
65541
65541
65539
65539
65539
65537
65537
65536
65536
65536
65536
65535
65535
65535
65534
65534
65533
65531
65531
65530
65530
65530
65529
65529
65529
65528
65528
65528
65527
65527
65525
65525
65525
65524
65524
65524
65523
65523
65521
65521
65520
65520
65520
65520
65519
65519
65519
65518
65518
65518
65517
65517
65517
65516
65516
65516
65515
65515
65515
65515
65514
65514
65514
65513
65513
65513
65512
65512
65512
65511
65511
65511
65511
65510
65510
65510
65509
65509
65509
65508
65508
65508
65507
65507
65507
65506
65506
65506
65505
65505
65505
65505
65504
65504
65504
65503
65503
65503
65502
65502
65500
65499
65498
65498
65498
65497
65497
65497
65496
65496
65496
65495
65495
65495
65494
65494
65494
65493
65493
65493
65493
65492
65492
65492
65491
65491
65491
65490
65490
65490
65489
65489
65489
65489
65488
65488
65488
65487
65487
65487
65486
65486
65486
65485
65485
65485
65485
65484
65484
65484
65483
65483
65483
65482
65482
65482
65482
65481
65481
65481
65480
65480
65480
65479
65479
65479
65478
65478
65478
65477
65477
65477
65476
65476
65476
65475
65475
65474
65474
65474
65473
65473
65472
65472
65472
65472
65471
65471
65471
65470
65470
65470
65468
65465
65464
65463
65462
65462
65462
65461
65460
65460
65460
65460
65459
65459
65459
65457
65456
65456
65456
65455
65455
65455
65455
65454
65454
65454
65453
65453
65453
65452
65452
65452
65452
65451
65451
65451
65450
65448
65447
65447
65447
65446
65446
65446
65445
65445
65445
65444
65444
65444
65444
65443
65443
65443
65442
65442
65442
65441
65441
65441
65439
65439
65438
65438
65436
65436
65436
65435
65435
65435
65434
65434
65434
65434
65433
65433
65433
65432
65432
65432
65432
65431
65431
65431
65430
65430
65430
65429
65429
65429
65428
65428
65428
65427
65427
65427
65426
65426
65426
65424
65424
65423
65423
65423
65422
65422
65422
65422
65421
65421
65421
65420
65420
65420
65420
65419
65419
65419
65418
65418
65418
65417
65417
65417
65417
65416
65416
65415
65415
65415
65415
65414
65414
65414
65413
65413
65413
65413
65412
65412
65412
65411
65411
65411
65410
65410
65410
65410
65409
65409
65409
65409
65408
65408
65408
65407
65407
65407
65406
65406
65406
65406
65405
65405
65405
65405
65404
65404
65404
65403
65403
65403
65403
65402
65402
65402
65401
65401
65401
65400
65400
65400
65400
65399
65399
65399
65398
65398
65398
65397
65397
65397
65396
65395
65394
65393
65393
65392
65392
65392
65391
65390
65390
65389
65389
65389
65388
65388
65388
65387
65387
65387
65386
65386
65386
65386
65385
65385
65385
65384
65384
65384
65383
65382
65381
65381
65381
65380
65380
65379
65379
65379
65378
65378
65378
65378
65377
65377
65377
65376
65376
65376
65376
65375
65375
65375
65375
65374
65374
65374
65374
65373
65373
65373
65372
65372
65372
65371
65371
65371
65371
65370
65370
65370
65369
65369
65369
65369
65368
65368
65368
65367
65367
65367
65367
65366
65366
65366
65365
65365
65365
65364
65364
65364
65363
65363
65363
65363
65362
65362
65362
65360
65360
65359
65359
65359
65358
65358
65358
65357
65357
65357
65357
65356
65356
65356
65355
65355
65355
65354
65354
65354
65353
65322
65322
65321
65321
65321
65320
65320
65318
65318
65317
65317
65317
65316
65316
65316
65315
65315
65315
65315
65314
65314
65314
65313
65313
65313
65312
65312
65312
65312
65311
65311
65311
65310
65310
65310
65309
65309
65309
65308
65308
65308
65308
65307
65307
65307
65306
65306
65306
65305
65305
65305
65305
65304
65304
65304
65303
65303
65303
65302
65302
65302
65302
65301
65301
65301
65300
65300
65300
65299
65299
65299
65299
65298
65298
65297
65297
65297
65296
65296
65296
65295
65295
65295
65294
65294
65294
65293
65293
65293
65292
65292
65292
65292
65291
65291
65291
65290
65290
65290
65289
65289
65289
65288
65288
65288
65287
65287
65287
65286
65286
65286
65285
65285
65285
65285
65284
65284
65284
65283
65283
65283
65282
65282
65282
65281
65281
65281
65280
65280
65280
65280
65279
65279
65279
65278
65278
65278
65277
65277
65277
65277
65276
65276
65276
65275
65275
65275
65275
65274
65274
65274
65273
65273
65273
65272
65272
65272
65271
65271
65271
65271
65270
65270
65270
65269
65269
65269
65268
65268
65268
65267
65267
65267
65266
65266
65266
65266
65265
65265
65265
65264
65264
65264
65263
65263
65263
65263
65262
65262
65261
65261
65261
65261
65260
65260
65259
65259
65259
65259
65258
65258
65258
65257
65257
65257
65256
65256
65256
65255
65255
65255
65254
65254
65254
65253
65253
65253
65252
65252
65252
65252
65251
65251
65251
65250
65250
65250
65249
65249
65249
65248
65248
65248
65247
65247
65247
65246
65246
65246
65245
65245
65245
65244
65244
65244
65243
65243
65243
65243
65242
65242
65242
65241
65241
65241
65240
65240
65240
65238
65238
65238
65238
65237
65235
65235
65233
65233
65231
65231
65231
65230
65229
65228
65228
65228
65227
65227
65227
65227
65226
65226
65226
65225
65225
65225
65224
65224
65224
65224
65223
65223
65223
65222
65222
65222
65221
65221
65221
65220
65220
65220
65220
65219
65219
65219
65218
65218
65218
65217
65216
65216
65216
65215
65215
65215
65215
65214
65214
65214
65213
65213
65213
65212
65212
65212
65212
65211
65211
65211
65210
65210
65210
65209
65209
65209
65209
65208
65208
65208
65207
65207
65207
65206
65206
65206
65205
65205
65205
65205
65204
65204
65204
65203
65203
65203
65202
65202
65202
65201
65201
65201
65199
65199
65198
65198
65198
65197
65197
65197
65196
65196
65196
65195
65195
65195
65194
65194
65194
65193
65193
65193
65192
65192
65192
65192
65191
65191
65191
65190
65190
65190
65189
65189
65189
65188
65188
65188
65188
65187
65187
65187
65186
65186
65186
65185
65185
65185
65184
65184
65184
65184
65183
65183
65183
65182
65182
65182
65181
65181
65181
65180
65180
65180
65180
65179
65179
65179
65178
65178
65178
65177
65177
65177
65177
65176
65176
65176
65175
65175
65175
65174
65174
65174
65173
65173
65173
65173
65172
65172
65172
65171
65171
65171
65170
65170
65170
65169
65169
65168
65168
65167
65166
65166
65166
65165
65165
65165
65164
65164
65164
65163
65163
65163
65163
65162
65162
65162
65161
65161
65161
65161
65160
65160
65160
65159
65159
65159
65158
65158
65158
65156
65156
65156
65155
65155
65155
65154
65154
65154
65154
65153
65153
65153
65152
65152
65152
65151
65151
65151
65151
65150
65150
65150
65149
65149
65149
65148
65148
65148
65146
65146
65146
65145
65145
65145
65144
65144
65144
65143
65143
65143
65141
65141
65140
65140
65140
65139
65139
65139
65139
65138
65138
65138
65137
65137
65137
65136
65136
65136
65136
65135
65135
65135
65134
65134
65134
65133
65133
65133
65132
65132
65132
65131
65131
65131
65131
65130
65130
65130
65129
65129
65128
65128
65128
65127
65127
65127
65126
65126
65126
65126
65125
65125
65125
65124
65124
65124
65123
65123
65123
65122
65122
65122
65122
65121
65121
65121
65120
65120
65118
65118
65117
65117
65117
65117
65116
65116
65116
65115
65115
65115
65114
65114
65114
65114
65113
65113
65113
65112
65112
65112
65112
65111
65111
65111
65110
65110
65110
65110
65109
65109
65109
65108
65108
65108
65107
65107
65107
65107
65106
65106
65106
65106
65105
65105
65105
65104
65103
65101
65099
65099
65098
65097
65096
65096
65095
65094
65093
65093
65093
65092
65092
65092
65091
65091
65091
65091
65090
65090
65090
65089
65089
65088
65087
65087
65087
65086
65086
65086
65086
65085
65085
65085
65084
65084
65084
65084
65083
65083
65083
65082
65082
65082
65082
65081
65079
65079
65079
65079
65078
65078
65078
65078
65077
65077
65077
65076
65076
65076
65076
65075
65075
65075
65074
65074
65074
65074
65073
65072
65071
65071
65069
65069
65068
65068
65068
65068
65067
65067
65067
65066
65066
65066
65066
65065
65065
65065
65064
65064
65063
65062
65062
65062
65061
65061
65061
65061
65060
65060
65060
65059
65059
65059
65059
65058
65058
65058
65058
65057
65057
65057
65056
65056
65056
65055
65055
65055
65055
65054
65054
65054
65054
65053
65053
65053
65051
65051
65050
65050
65050
65050
65049
65049
65049
65049
65048
65048
65048
65048
65047
65047
65047
65046
65046
65046
65045
65045
65045
65045
65044
65044
65044
65044
65043
65043
65043
65042
65042
65042
65042
65041
65041
65041
65040
65040
65040
65040
65039
65039
65039
65039
65038
65038
65038
65037
65037
65037
65036
65036
65036
65035
65035
65035
65035
65034
65034
65034
65033
65033
65030
65029
65025
65024
65022
65021
65019
65019
65019
65018
65018
65018
65018
65017
65017
65017
65016
65016
65016
65015
65015
65014
65013
65013
65013
65012
65012
65012
65011
65011
65011
65011
65010
65010
65010
65009
65009
65009
65008
65008
65008
65008
65007
65007
65006
65006
65006
65005
65005
65005
65004
65004
65004
65004
65003
65003
65003
65002
65002
65002
65002
65001
65001
65001
65000
65000
65000
64998
64998
64998
64997
64997
64997
64996
64996
64996
64995
64995
64995
64995
64994
64994
64994
64993
64993
64993
64992
64992
64992
64990
64989
64989
64988
64988
64987
64987
64987
64987
64986
64986
64986
64985
64985
64985
64984
64984
64984
64984
64983
64983
64983
64982
64982
64982
64982
64981
64981
64981
64980
64980
64980
64979
64979
64979
64979
64978
64978
64978
64977
64977
64977
64977
64976
64976
64976
64975
64975
64975
64975
64974
64974
64974
64973
64973
64973
64973
64972
64972
64972
64971
64971
64971
64970
64970
64970
64970
64969
64969
64969
64968
64968
64968
64968
64967
64967
64967
64966
64966
64966
64966
64965
64965
64965
64964
64964
64964
64964
64963
64963
64963
64962
64962
64962
64961
64961
64961
64961
64960
64960
64960
64959
64959
64957
64957
64956
64956
64955
64954
64953
64953
64952
64952
64952
64951
64951
64951
64950
64950
64950
64949
64949
64949
64948
64948
64948
64948
64947
64947
64947
64946
64946
64946
64945
64945
64945
64944
64944
64944
64943
64943
64943
64942
64942
64942
64942
64941
64939
64939
64939
64939
64938
64938
64937
64937
64937
64937
64936
64936
64936
64935
64935
64934
64933
64933
64932
64932
64932
64932
64931
64931
64931
64930
64930
64930
64929
64929
64929
64928
64928
64928
64928
64927
64927
64927
64926
64926
64926
64925
64925
64925
64924
64924
64924
64923
64923
64923
64923
64922
64922
64922
64921
64921
64921
64921
64920
64920
64919
64919
64919
64919
64918
64918
64918
64917
64917
64917
64916
64916
64916
64915
64915
64915
64915
64914
64914
64914
64913
64913
64913
64913
64912
64912
64912
64911
64911
64911
64910
64910
64910
64910
64909
64909
64909
64908
64908
64908
64907
64907
64907
64906
64906
64906
64906
64905
64905
64905
64904
64904
64904
64904
64903
64903
64903
64902
64900
64900
64900
64899
64899
64899
64898
64898
64898
64898
64897
64897
64897
64896
64896
64896
64895
64895
64895
64895
64894
64894
64894
64893
64893
64893
64892
64892
64892
64892
64890
64889
64888
64886
64886
64884
64884
64884
64883
64883
64883
64883
64882
64882
64882
64882
64881
64881
64881
64880
64880
64879
64878
64878
64878
64877
64877
64877
64876
64876
64876
64876
64875
64875
64875
64874
64874
64873
64872
64872
64872
64871
64871
64871
64871
64870
64870
64870
64869
64869
64869
64869
64868
64868
64868
64867
64867
64867
64867
64866
64865
64865
64864
64864
64862
64862
64862
64861
64861
64861
64861
64860
64860
64860
64859
64859
64859
64859
64858
64858
64858
64857
64857
64856
64855
64855
64855
64854
64854
64854
64853
64853
64851
64851
64851
64851
64850
64850
64850
64849
64849
64849
64849
64848
64848
64847
64846
64846
64846
64845
64845
64845
64845
64844
64844
64844
64843
64843
64843
64843
64842
64842
64842
64841
64841
64841
64841
64840
64840
64840
64839
64839
64839
64839
64838
64838
64838
64838
64837
64837
64837
64837
64836
64836
64836
64835
64835
64835
64835
64834
64834
64834
64833
64833
64833
64833
64832
64832
64832
64831
64831
64831
64831
64830
64830
64830
64830
64829
64829
64829
64828
64828
64828
64827
64827
64827
64827
64826
64826
64826
64826
64825
64825
64825
64825
64824
64824
64824
64823
64823
64823
64822
64821
64819
64818
64817
64816
64813
64812
64812
64812
64811
64811
64810
64809
64809
64809
64808
64808
64808
64806
64806
64806
64806
64805
64805
64805
64804
64804
64804
64804
64803
64803
64803
64802
64802
64801
64800
64800
64800
64800
64799
64799
64799
64798
64798
64798
64798
64797
64797
64797
64796
64796
64796
64796
64795
64795
64794
64794
64792
64792
64792
64791
64791
64790
64790
64790
64790
64789
64789
64789
64788
64788
64788
64788
64787
64787
64787
64786
64786
64786
64784
64783
64783
64783
64782
64782
64782
64782
64781
64781
64781
64780
64780
64780
64779
64779
64779
64779
64778
64778
64778
64777
64776
64774
64774
64774
64773
64773
64773
64772
64772
64772
64772
64771
64771
64771
64770
64770
64770
64770
64769
64769
64769
64768
64768
64768
64768
64767
64767
64766
64765
64765
64764
64764
64764
64764
64763
64763
64763
64762
64762
64762
64762
64761
64761
64761
64760
64760
64760
64760
64759
64759
64759
64758
64758
64758
64758
64757
64757
64757
64756
64756
64756
64756
64755
64755
64755
64754
64754
64754
64753
64753
64753
64753
64752
64752
64752
64751
64751
64751
64750
64750
64750
64750
64749
64749
64749
64748
64748
64748
64748
64747
64747
64746
64746
64746
64745
64745
64745
64744
64744
64744
64743
64743
64743
64742
64742
64742
64741
64741
64741
64740
64740
64740
64739
64739
64739
64738
64738
64738
64737
64737
64737
64736
64736
64736
64736
64735
64735
64734
64734
64734
64734
64733
64733
64732
64732
64732
64732
64731
64731
64731
64730
64730
64730
64729
64729
64729
64728
64728
64728
64727
64727
64727
64726
64726
64726
64725
64725
64725
64724
64724
64724
64723
64723
64723
64722
64722
64722
64721
64721
64721
64720
64720
64720
64720
64719
64719
64719
64718
64718
64718
64717
64717
64717
64716
64716
64716
64715
64715
64715
64714
64714
64714
64713
64713
64713
64712
64712
64712
64711
64711
64711
64710
64710
64710
64709
64709
64709
64708
64708
64708
64707
64707
64707
64706
64706
64706
64706
64705
64704
64704
64703
64703
64700
64699
64699
64698
64698
64697
64697
64696
64696
64695
64695
64694
64694
64693
64693
64692
64692
64691
64691
64690
64690
64690
64689
64689
64688
64688
64687
64686
64686
64685
64685
64684
64684
64683
64683
64683
64635
64634
64634
64633
64632
64632
64632
64631
64631
64631
64630
64630
64630
64629
64629
64628
64628
64628
64627
64627
64627
64626
64626
64625
64625
64622
64621
64621
64621
64620
64620
64619
64619
64619
64618
64618
64618
64617
64617
64617
64616
64616
64616
64616
64615
64615
64615
64614
64614
64613
64613
64613
64612
64612
64612
64612
64611
64611
64611
64610
64610
64609
64609
64609
64609
64608
64608
64608
64607
64607
64607
64607
64606
64606
64606
64605
64605
64605
64604
64604
64604
64603
64603
64603
64602
64602
64602
64602
64601
64601
64601
64600
64600
64600
64600
64599
64599
64599
64598
64598
64598
64597
64597
64597
64597
64596
64596
64596
64595
64595
64595
64595
64594
64594
64594
64593
64593
64593
64592
64592
64592
64592
64591
64591
64591
64590
64590
64590
64589
64589
64589
64589
64588
64588
64588
64587
64587
64587
64587
64586
64586
64586
64585
64585
64585
64584
64584
64584
64583
64583
64583
64583
64582
64582
64582
64581
64581
64581
64580
64580
64580
64580
64579
64579
64579
64578
64578
64578
64578
64577
64577
64577
64576
64576
64576
64576
64575
64575
64575
64574
64574
64574
64573
64573
64573
64573
64572
64572
64572
64571
64571
64571
64570
64570
64570
64570
64569
64569
64569
64568
64568
64568
64567
64567
64567
64566
64566
64566
64566
64565
64565
64565
64564
64564
64564
64564
64563
64563
64562
64562
64562
64561
64561
64561
64560
64560
64560
64559
64559
64559
64558
64558
64558
64558
64557
64557
64557
64556
64556
64556
64555
64555
64555
64555
64554
64554
64554
64553
64553
64553
64553
64552
64552
64552
64551
64551
64551
64550
64550
64550
64549
64549
64549
64548
64548
64548
64547
64547
64547
64546
64546
64546
64545
64545
64545
64545
64544
64544
64544
64543
64543
64541
64541
64541
64540
64540
64540
64539
64539
64539
64538
64538
64538
64538
64537
64537
64537
64536
64536
64536
64535
64535
64535
64535
64534
64534
64534
64533
64533
64533
64532
64532
64532
64532
64531
64531
64531
64530
64530
64530
64530
64529
64529
64529
64528
64528
64528
64527
64527
64527
64527
64526
64526
64526
64525
64524
64523
64523
64523
64522
64522
64522
64521
64521
64521
64520
64520
64520
64520
64519
64519
64519
64518
64518
64518
64518
64517
64517
64517
64516
64516
64516
64515
64515
64515
64514
64514
64514
64514
64513
64513
64513
64512
64512
64512
64512
64511
64511
64511
64510
64510
64510
64510
64509
64509
64509
64508
64508
64508
64507
64507
64507
64507
64506
64506
64506
64505
64505
64505
64505
64504
64504
64504
64503
64503
64503
64503
64502
64502
64502
64498
64498
64496
64495
64494
64494
64494
64493
64491
64491
64491
64490
64490
64489
64489
64489
64489
64488
64488
64488
64488
64487
64487
64487
64486
64486
64486
64486
64485
64485
64483
64483
64483
64483
64482
64482
64482
64481
64481
64481
64480
64480
64480
64479
64479
64479
64478
64478
64478
64478
64477
64477
64477
64476
64476
64476
64475
64475
64475
64474
64474
64474
64474
64473
64473
64472
64472
64472
64472
64471
64471
64471
64470
64470
64470
64468
64467
64467
64467
64466
64466
64466
64466
64465
64465
64465
64464
64464
64464
64463
64463
64463
64462
64462
64462
64461
64461
64461
64459
64459
64459
64458
64458
64458
64457
64457
64457
64456
64456
64456
64455
64455
64455
64455
64454
64454
64454
64453
64453
64453
64452
64452
64452
64451
64451
64451
64451
64449
64449
64448
64448
64448
64447
64447
64447
64446
64446
64446
64446
64445
64445
64445
64444
64444
64444
64444
64443
64443
64443
64442
64442
64442
64442
64441
64441
64441
64440
64440
64440
64439
64439
64439
64439
64438
64438
64438
64437
64437
64437
64437
64436
64436
64436
64435
64435
64435
64434
64434
64434
64434
64433
64433
64433
64432
64432
64432
64432
64431
64431
64431
64430
64430
64430
64429
64429
64429
64428
64428
64427
64427
64427
64427
64426
64426
64426
64425
64425
64425
64424
64424
64424
64423
64423
64423
64422
64422
64422
64421
64421
64421
64420
64420
64420
64419
64419
64419
64418
64418
64418
64418
64417
64417
64417
64416
64416
64416
64415
64415
64415
64414
64414
64414
64413
64413
64413
64412
64412
64412
64411
64411
64411
64410
64410
64410
64410
64409
64409
64409
64408
64408
64408
64407
64407
64407
64406
64406
64406
64405
64405
64405
64404
64404
64404
64403
64403
64403
64402
64402
64402
64402
64401
64401
64400
64400
64400
64399
64399
64399
64398
64398
64398
64397
64397
64397
64396
64396
64396
64396
64395
64395
64394
64394
64394
64393
64393
64393
64392
64392
64392
64391
64391
64391
64390
64390
64390
64389
64389
64389
64389
64388
64388
64387
64387
64387
64386
64386
64386
64385
64385
64385
64384
64384
64384
64383
64383
64383
64382
64382
64382
64381
64381
64381
64380
64380
64380
64379
64379
64379
64378
64378
64378
64377
64377
64377
64376
64376
64376
64375
64375
64375
64374
64374
64374
64374
64373
64373
64373
64372
64372
64372
64371
64371
64371
64371
64370
64370
64370
64369
64369
64369
64368
64368
64368
64366
64365
64365
64364
64364
64362
64362
64362
64361
64361
64361
64360
64360
64359
64359
64359
64359
64358
64358
64358
64357
64357
64357
64356
64356
64356
64355
64355
64355
64354
64354
64354
64353
64334
64334
64331
64330
64330
64330
64329
64329
64328
64328
64328
64327
64327
64327
64326
64326
64326
64325
64325
64325
64324
64324
64324
64323
64323
64323
64322
64322
64322
64321
64321
64321
64320
64320
64320
64319
64319
64319
64318
64318
64318
64317
64317
64317
64316
64316
64316
64315
64315
64314
64314
64314
64314
64313
64313
64313
64312
64312
64312
64311
64311
64311
64310
64310
64310
64309
64309
64309
64308
64308
64308
64307
64307
64306
64306
64306
64306
64305
64305
64305
64304
64304
64304
64304
64303
64303
64303
64303
64302
64302
64302
64301
64301
64301
64301
64300
64300
64300
64300
64299
64299
64299
64298
64298
64298
64298
64297
64297
64297
64296
64296
64296
64296
64295
64295
64295
64295
64294
64294
64294
64293
64293
64293
64293
64292
64292
64292
64292
64291
64291
64291
64290
64290
64290
64290
64289
64289
64289
64288
64288
64288
64288
64287
64287
64287
64286
64286
64286
64286
64285
64285
64285
64284
64284
64284
64284
64283
64283
64283
64282
64282
64281
64279
64277
64276
64275
64275
64274
64273
64273
64273
64273
64272
64272
64272
64272
64271
64271
64271
64271
64270
64270
64270
64270
64269
64269
64269
64269
64267
64267
64267
64266
64266
64266
64265
64265
64265
64264
64264
64264
64264
64263
64263
64262
64261
64261
64261
64260
64260
64260
64260
64258
64258
64257
64257
64257
64257
64256
64256
64256
64256
64255
64255
64252
64252
64252
64251
64251
64251
64250
64250
64250
64250
64249
64248
64248
64247
64247
64247
64247
64246
64246
64246
64246
64245
64245
64245
64245
64244
64244
64244
64242
64242
64242
64241
64241
64241
64240
64240
64240
64240
64239
64239
64239
64239
64238
64238
64238
64238
64237
64237
64237
64237
64236
64236
64236
64235
64235
64235
64235
64234
64234
64234
64234
64233
64233
64233
64233
64232
64232
64232
64232
64231
64231
64231
64231
64230
64230
64230
64229
64229
64229
64229
64228
64228
64228
64228
64227
64227
64227
64227
64226
64226
64226
64226
64225
64225
64225
64225
64224
64224
64224
64224
64223
64223
64223
64223
64222
64222
64222
64222
64220
64219
64219
64219
64218
64218
64218
64218
64217
64217
64217
64216
64216
64216
64216
64215
64215
64215
64215
64214
64212
64212
64211
64209
64207
64205
64205
64205
64204
64204
64204
64204
64203
64203
64203
64203
64202
64202
64202
64202
64201
64201
64201
64200
64200
64200
64200
64198
64198
64198
64197
64197
64197
64197
64196
64196
64196
64195
64195
64195
64195
64194
64194
64194
64194
64193
64193
64193
64193
64192
64191
64190
64190
64190
64190
64189
64189
64189
64189
64188
64188
64188
64187
64187
64187
64185
64184
64183
64183
64181
64181
64181
64180
64180
64180
64180
64179
64179
64179
64178
64178
64178
64177
64177
64177
64177
64176
64176
64175
64174
64174
64174
64174
64173
64173
64173
64173
64172
64172
64172
64171
64171
64171
64171
64170
64170
64170
64170
64169
64169
64169
64169
64168
64168
64168
64168
64167
64167
64167
64167
64166
64166
64166
64165
64165
64165
64165
64164
64163
64162
64162
64162
64162
64161
64161
64161
64161
64160
64160
64160
64160
64159
64159
64159
64158
64158
64158
64158
64157
64157
64157
64156
64156
64156
64156
64155
64155
64155
64155
64154
64154
64154
64154
64153
64153
64153
64153
64152
64152
64152
64151
64151
64151
64151
64150
64150
64150
64150
64149
64149
64149
64149
64148
64148
64148
64148
64147
64147
64147
64147
64146
64146
64142
64141
64140
64138
64137
64135
64135
64134
64134
64134
64134
64133
64133
64133
64133
64132
64132
64132
64132
64131
64131
64131
64129
64129
64129
64128
64128
64128
64128
64127
64127
64127
64126
64126
64126
64126
64125
64125
64125
64123
64123
64123
64123
64122
64122
64122
64121
64121
64121
64121
64120
64120
64120
64120
64119
64119
64119
64119
64118
64118
64118
64118
64116
64116
64116
64115
64115
64115
64114
64114
64114
64114
64113
64113
64113
64113
64112
64112
64112
64112
64111
64111
64111
64109
64108
64108
64107
64107
64107
64106
64106
64106
64106
64104
64104
64104
64103
64103
64103
64103
64102
64102
64102
64101
64101
64101
64100
64099
64099
64099
64098
64098
64098
64098
64097
64097
64097
64097
64096
64096
64096
64096
64095
64095
64095
64095
64094
64094
64094
64094
64093
64093
64093
64093
64092
64092
64092
64092
64091
64091
64091
64091
64090
64090
64090
64090
64089
64089
64089
64088
64088
64088
64088
64087
64087
64087
64087
64086
64086
64086
64086
64085
64085
64085
64085
64084
64084
64084
64084
64083
64083
64083
64082
64082
64082
64082
64081
64081
64081
64081
64080
64080
64080
64080
64079
64079
64079
64079
64078
64078
64078
64078
64073
64072
64070
64069
64068
64066
64066
64065
64065
64065
64065
64064
64064
64064
64064
64063
64062
64062
64060
64060
64060
64059
64059
64059
64059
64058
64058
64058
64058
64057
64057
64057
64057
64055
64055
64055
64054
64054
64054
64054
64053
64053
64053
64053
64052
64052
64052
64052
64051
64051
64051
64051
64050
64050
64050
64049
64048
64048
64047
64047
64047
64046
64046
64046
64046
64045
64045
64045
64044
64044
64044
64044
64043
64043
64043
64043
64042
64041
64040
64039
64038
64038
64038
64038
64036
64036
64036
64035
64035
64035
64034
64034
64034
64034
64033
64033
64033
64033
64032
64032
64031
64030
64029
64029
64028
64028
64028
64028
64027
64027
64027
64027
64026
64026
64026
64025
64025
64025
64025
64024
64024
64024
64024
64023
64023
64023
64023
64022
64022
64022
64022
64021
64021
64021
64021
64020
64020
64020
64020
64019
64019
64019
64019
64018
64018
64018
64017
64017
64017
64017
64016
64016
64016
64016
64015
64015
64015
64015
64014
64014
64014
64014
64013
64013
64013
64013
64012
64012
64012
64012
64011
64011
64011
64010
64010
64010
64010
64009
64009
64009
64009
64008
64008
64008
64008
64007
64007
64007
64007
64006
64006
64006
64004
64002
64001
63999
63997
63996
63995
63995
63995
63995
63993
63993
63991
63991
63991
63990
63990
63990
63990
63989
63989
63989
63989
63988
63988
63988
63988
63986
63986
63986
63985
63985
63985
63985
63984
63984
63984
63984
63983
63983
63983
63982
63982
63982
63982
63981
63981
63981
63981
63980
63979
63979
63978
63978
63978
63978
63977
63977
63977
63976
63976
63976
63976
63975
63974
63974
63973
63973
63973
63972
63972
63971
63970
63969
63969
63967
63967
63967
63967
63966
63966
63966
63966
63965
63965
63965
63964
63964
63964
63964
63963
63963
63963
63963
63961
63961
63959
63959
63959
63959
63958
63958
63958
63958
63957
63957
63957
63956
63956
63956
63956
63955
63955
63955
63955
63954
63954
63954
63954
63953
63953
63953
63953
63952
63952
63952
63952
63951
63951
63951
63951
63950
63950
63950
63950
63949
63949
63949
63949
63948
63948
63948
63947
63947
63947
63947
63946
63946
63946
63946
63945
63945
63945
63945
63944
63944
63944
63944
63943
63943
63943
63942
63942
63942
63942
63941
63941
63941
63941
63940
63940
63940
63940
63939
63939
63939
63939
63938
63938
63938
63938
63937
63937
63937
63936
63936
63936
63936
63935
63935
63935
63935
63932
63931
63929
63928
63925
63924
63922
63922
63922
63921
63921
63921
63921
63920
63920
63920
63920
63919
63919
63919
63919
63917
63917
63916
63916
63916
63916
63915
63915
63915
63915
63914
63914
63914
63914
63913
63913
63913
63913
63912
63912
63912
63912
63911
63910
63909
63909
63909
63909
63908
63908
63908
63908
63907
63907
63907
63906
63906
63906
63906
63905
63905
63905
63905
63904
63903
63901
63900
63900
63899
63899
63899
63899
63898
63898
63898
63897
63897
63897
63897
63896
63896
63896
63896
63895
63895
63895
63894
63893
63893
63891
63891
63891
63890
63890
63890
63889
63889
63889
63889
63888
63888
63888
63888
63887
63887
63887
63887
63886
63886
63886
63886
63885
63885
63885
63884
63884
63884
63884
63883
63883
63883
63883
63882
63882
63882
63882
63881
63880
63879
63879
63879
63879
63878
63878
63878
63877
63877
63877
63877
63876
63876
63876
63875
63875
63875
63875
63874
63874
63874
63874
63873
63873
63873
63873
63872
63872
63872
63872
63871
63871
63871
63871
63870
63870
63870
63869
63869
63869
63869
63868
63868
63868
63868
63867
63867
63867
63867
63866
63866
63866
63866
63865
63865
63865
63865
63864
63864
63864
63864
63863
63863
63861
63859
63858
63856
63854
63853
63852
63852
63852
63852
63851
63851
63851
63851
63850
63849
63849
63848
63848
63848
63848
63847
63847
63847
63847
63846
63846
63846
63846
63845
63845
63845
63844
63844
63844
63844
63843
63843
63842
63841
63841
63841
63841
63840
63840
63840
63839
63839
63839
63839
63838
63838
63838
63838
63837
63837
63837
63835
63835
63833
63833
63832
63831
63831
63831
63830
63830
63830
63830
63829
63829
63829
63829
63828
63828
63828
63828
63827
63827
63827
63826
63826
63825
63824
63823
63823
63822
63822
63822
63821
63821
63821
63821
63820
63820
63820
63820
63819
63819
63819
63819
63818
63818
63818
63818
63816
63816
63816
63815
63815
63815
63815
63814
63814
63814
63813
63813
63813
63813
63812
63812
63812
63812
63811
63811
63811
63811
63810
63810
63810
63809
63809
63809
63809
63808
63808
63808
63808
63807
63807
63807
63807
63806
63806
63806
63806
63805
63805
63805
63805
63804
63804
63804
63804
63803
63803
63803
63803
63802
63802
63802
63801
63801
63801
63801
63800
63800
63800
63800
63799
63799
63799
63799
63798
63798
63798
63798
63797
63797
63797
63796
63796
63796
63796
63795
63793
63792
63792
63792
63792
63791
63791
63788
63787
63786
63784
63783
63781
63781
63780
63780
63779
63779
63778
63778
63778
63777
63777
63777
63777
63776
63776
63776
63776
63775
63775
63775
63775
63774
63774
63774
63774
63773
63773
63772
63771
63771
63771
63771
63770
63770
63770
63769
63769
63769
63769
63768
63768
63768
63768
63766
63766
63766
63765
63765
63764
63763
63762
63762
63762
63761
63761
63761
63760
63760
63760
63760
63759
63759
63759
63759
63758
63758
63758
63758
63757
63757
63757
63755
63755
63754
63753
63753
63753
63752
63752
63752
63752
63751
63751
63751
63751
63750
63750
63750
63750
63749
63749
63749
63748
63748
63747
63746
63746
63746
63746
63745
63745
63745
63745
63744
63744
63744
63744
63743
63743
63743
63743
63742
63742
63742
63741
63741
63741
63741
63740
63740
63740
63740
63739
63739
63739
63739
63738
63738
63738
63738
63737
63737
63736
63736
63736
63736
63735
63735
63735
63735
63734
63734
63734
63733
63733
63733
63733
63732
63732
63732
63732
63731
63731
63731
63731
63730
63730
63730
63729
63729
63729
63728
63728
63728
63728
63727
63727
63727
63726
63726
63726
63724
63724
63724
63724
63723
63723
63723
63722
63722
63722
63722
63721
63721
63721
63721
63720
63719
63717
63716
63713
63712
63710
63710
63710
63709
63709
63709
63709
63708
63708
63708
63708
63707
63707
63707
63706
63706
63706
63706
63705
63705
63705
63703
63703
63703
63703
63702
63702
63702
63701
63701
63701
63701
63700
63700
63698
63698
63697
63697
63697
63697
63696
63696
63695
63694
63693
63693
63692
63692
63692
63692
63691
63691
63691
63691
63690
63690
63690
63690
63689
63688
63688
63687
63687
63687
63687
63685
63685
63683
63683
63683
63683
63682
63682
63682
63682
63681
63681
63681
63681
63680
63680
63680
63679
63679
63679
63679
63678
63678
63676
63675
63675
63675
63675
63674
63674
63674
63673
63673
63673
63673
63672
63672
63672
63672
63671
63671
63671
63671
63670
63670
63670
63670
63669
63669
63669
63668
63668
63668
63668
63667
63667
63667
63667
63666
63666
63666
63666
63665
63665
63665
63665
63664
63664
63664
63664
63663
63663
63663
63663
63662
63662
63662
63662
63661
63661
63661
63661
63660
63660
63660
63659
63659
63659
63659
63658
63658
63658
63658
63657
63657
63657
63657
63655
63655
63654
63654
63654
63653
63653
63653
63653
63652
63652
63652
63652
63651
63651
63651
63651
63650
63650
63650
63650
63649
63649
63649
63648
63647
63645
63644
63641
63640
63638
63638
63638
63638
63637
63637
63637
63637
63636
63636
63636
63636
63635
63635
63635
63633
63633
63633
63633
63632
63632
63632
63631
63631
63631
63630
63629
63629
63629
63628
63628
63628
63628
63627
63627
63627
63625
63625
63624
63623
63623
63623
63623
63622
63622
63622
63622
63621
63621
63621
63620
63620
63620
63620
63619
63619
63619
63619
63618
63617
63617
63615
63615
63615
63614
63614
63614
63614
63613
63613
63613
63613
63612
63612
63612
63612
63611
63611
63611
63611
63610
63610
63608
63608
63608
63608
63607
63607
63607
63606
63606
63605
63605
63605
63605
63604
63604
63604
63604
63603
63603
63603
63603
63602
63602
63602
63601
63601
63601
63601
63600
63600
63600
63600
63599
63599
63599
63599
63598
63598
63598
63598
63597
63596
63595
63595
63595
63595
63594
63594
63594
63594
63593
63593
63593
63593
63592
63592
63592
63592
63591
63591
63591
63591
63590
63590
63590
63589
63589
63589
63589
63588
63588
63587
63586
63586
63586
63586
63585
63585
63585
63585
63584
63584
63584
63584
63583
63583
63583
63582
63582
63582
63582
63581
63581
63581
63581
63580
63580
63580
63580
63579
63579
63579
63579
63578
63578
63577
63575
63574
63572
63571
63570
63569
63569
63569
63569
63568
63568
63568
63568
63566
63566
63565
63565
63565
63565
63564
63563
63563
63562
63562
63562
63562
63561
63561
63561
63561
63560
63560
63560
63560
63558
63558
63556
63556
63556
63555
63555
63555
63555
63554
63554
63554
63554
63553
63553
63553
63553
63552
63552
63552
63552
63551
63551
63550
63549
63548
63548
63547
63547
63547
63546
63546
63546
63546
63545
63545
63545
63545
63544
63544
63544
63544
63543
63543
63543
63543
63541
63541
63540
63540
63540
63540
63539
63539
63539
63539
63538
63538
63538
63538
63537
63537
63537
63534
63534
63533
63533
63533
63532
63532
63532
63532
63531
63531
63531
63531
63530
63530
63530
63530
63529
63529
63529
63529
63528
63528
63528
63527
63527
63527
63527
63526
63526
63526
63526
63525
63525
63525
63525
63524
63524
63524
63524
63523
63523
63523
63523
63522
63522
63522
63521
63521
63521
63521
63519
63519
63519
63518
63518
63518
63518
63517
63517
63517
63516
63516
63516
63516
63515
63515
63515
63515
63514
63514
63514
63514
63513
63513
63513
63513
63512
63512
63512
63512
63511
63511
63511
63511
63510
63510
63510
63510
63509
63509
63509
63508
63508
63505
63503
63502
63500
63499
63497
63497
63497
63495
63495
63495
63495
63493
63493
63493
63492
63492
63492
63492
63491
63491
63491
63491
63490
63490
63490
63490
63489
63489
63487
63487
63486
63485
63485
63485
63485
63484
63484
63484
63484
63483
63483
63483
63483
63482
63482
63482
63482
63481
63481
63481
63480
63479
63479
63477
63477
63476
63476
63476
63476
63475
63475
63475
63475
63474
63474
63474
63474
63473
63473
63473
63473
63472
63472
63472
63470
63470
63470
63470
63469
63469
63469
63468
63468
63468
63468
63467
63467
63467
63467
63466
63466
63465
63464
63464
63464
63463
63463
63463
63463
63462
63462
63462
63462
63461
63461
63461
63461
63460
63460
63460
63460
63459
63459
63459
63459
63458
63458
63458
63458
63457
63457
63457
63457
63456
63456
63456
63455
63455
63455
63455
63454
63454
63454
63454
63453
63453
63453
63453
63452
63451
63450
63450
63450
63450
63449
63449
63449
63449
63448
63448
63448
63448
63447
63447
63447
63447
63446
63446
63446
63446
63445
63445
63445
63445
63444
63444
63444
63443
63443
63443
63443
63442
63442
63442
63442
63441
63441
63441
63441
63440
63440
63440
63440
63439
63439
63439
63438
63438
63438
63438
63437
63436
63434
63432
63430
63429
63427
63427
63426
63426
63426
63426
63425
63425
63425
63424
63424
63424
63424
63423
63423
63423
63423
63422
63421
63421
63419
63419
63419
63418
63418
63418
63417
63417
63417
63416
63416
63416
63416
63415
63415
63415
63415
63414
63414
63414
63414
63412
63412
63410
63410
63410
63409
63409
63409
63409
63408
63408
63408
63408
63407
63407
63407
63406
63406
63404
63404
63404
63404
63403
63402
63402
63402
63401
63401
63401
63401
63400
63400
63400
63399
63399
63399
63399
63398
63398
63398
63395
63395
63395
63394
63394
63394
63394
63393
63393
63393
63393
63392
63392
63392
63391
63391
63391
63391
63390
63390
63390
63389
63388
63388
63388
63387
63387
63387
63387
63386
63386
63386
63386
63385
63385
63385
63385
63384
63384
63384
63384
63383
63383
63383
63382
63381
63381
63380
63380
63380
63380
63379
63379
63379
63379
63378
63378
63378
63377
63377
63377
63377
63376
63376
63376
63376
63375
63375
63375
63375
63374
63374
63374
63373
63373
63373
63372
63372
63372
63372
63371
63371
63371
63370
63370
63370
63369
63369
63369
63368
63368
63368
63368
63367
63367
63367
63367
63366
63366
63366
63366
63365
63365
63365
63365
63364
63363
63361
63359
63358
63356
63355
63354
63354
63354
63354
63353
63337
63337
63337
63336
63336
63336
63334
63333
63332
63332
63332
63331
63331
63331
63330
63330
63330
63329
63329
63329
63329
63328
63328
63328
63328
63327
63327
63327
63327
63325
63325
63323
63323
63323
63323
63322
63322
63322
63322
63321
63321
63321
63320
63320
63320
63320
63319
63319
63319
63319
63318
63318
63317
63316
63316
63316
63316
63315
63315
63315
63314
63314
63314
63314
63313
63313
63313
63313
63312
63311
63311
63310
63310
63310
63310
63309
63309
63309
63308
63308
63308
63308
63307
63307
63306
63306
63306
63306
63305
63305
63304
63303
63302
63302
63301
63301
63301
63300
63300
63300
63300
63299
63299
63299
63299
63298
63298
63298
63297
63297
63297
63295
63295
63295
63294
63294
63294
63292
63292
63292
63291
63291
63291
63291
63290
63290
63290
63290
63289
63289
63289
63289
63288
63288
63288
63288
63287
63287
63287
63287
63286
63286
63286
63286
63285
63285
63285
63285
63284
63284
63284
63283
63283
63283
63283
63282
63282
63282
63282
63281
63281
63281
63281
63280
63280
63280
63280
63279
63279
63279
63278
63278
63278
63278
63277
63277
63277
63277
63276
63276
63276
63274
63273
63271
63270
63269
63267
63267
63267
63266
63266
63266
63264
63264
63263
63262
63262
63262
63261
63261
63261
63260
63260
63260
63260
63259
63259
63259
63258
63258
63258
63258
63257
63257
63257
63255
63255
63254
63254
63253
63253
63253
63252
63252
63252
63252
63251
63251
63251
63251
63250
63250
63250
63249
63249
63249
63249
63248
63247
63247
63247
63246
63246
63246
63245
63245
63245
63245
63244
63244
63244
63244
63243
63243
63243
63241
63241
63241
63241
63240
63240
63240
63240
63239
63239
63239
63239
63238
63238
63238
63238
63237
63237
63237
63237
63236
63233
63233
63232
63231
63231
63231
63230
63230
63230
63229
63229
63229
63229
63228
63228
63228
63228
63227
63226
63225
63225
63225
63224
63224
63224
63224
63223
63223
63223
63223
63222
63222
63222
63222
63221
63221
63221
63220
63220
63220
63220
63219
63219
63219
63219
63218
63218
63218
63217
63217
63217
63217
63216
63216
63216
63216
63215
63215
63215
63215
63214
63214
63214
63214
63213
63213
63213
63212
63212
63212
63212
63211
63211
63211
63211
63210
63210
63210
63210
63209
63209
63209
63209
63208
63208
63208
63208
63207
63207
63207
63207
63206
63206
63206
63205
63205
63205
63202
63201
63199
63197
63195
63193
63193
63191
63191
63190
63190
63190
63189
63189
63189
63189
63188
63188
63188
63188
63187
63187
63187
63187
63186
63186
63186
63186
63184
63184
63182
63182
63182
63181
63181
63181
63181
63180
63180
63180
63180
63179
63179
63179
63178
63178
63178
63178
63177
63177
63177
63175
63175
63175
63175
63174
63174
63174
63174
63173
63173
63173
63173
63172
63172
63171
63171
63171
63169
63169
63169
63169
63168
63168
63168
63167
63167
63167
63167
63166
63166
63166
63166
63165
63165
63165
63164
63164
63164
63163
63162
63161
63160
63160
63160
63160
63159
63159
63159
63158
63158
63158
63158
63157
63156
63156
63155
63155
63155
63154
63154
63154
63153
63153
63153
63153
63152
63152
63152
63152
63151
63151
63151
63151
63150
63150
63150
63149
63149
63149
63149
63148
63148
63148
63148
63147
63147
63147
63147
63146
63146
63146
63145
63145
63145
63145
63144
63144
63144
63144
63143
63143
63143
63143
63142
63142
63142
63142
63141
63141
63141
63141
63140
63140
63140
63139
63139
63139
63139
63138
63138
63138
63138
63137
63137
63137
63137
63136
63136
63136
63136
63135
63135
63135
63135
63134
63134
63134
63133
63133
63133
63133
63131
63129
63127
63126
63124
63123
63123
63122
63122
63122
63121
63121
63121
63121
63120
63120
63120
63119
63119
63119
63119
63118
63117
63117
63115
63115
63115
63114
63114
63114
63114
63113
63113
63113
63112
63112
63112
63112
63111
63111
63111
63111
63110
63110
63110
63108
63108
63108
63108
63107
63107
63107
63107
63106
63106
63106
63105
63105
63105
63105
63104
63104
63103
63102
63101
63100
63100
63100
63100
63099
63099
63099
63099
63098
63098
63098
63098
63097
63097
63097
63097
63096
63096
63093
63093
63092
63091
63091
63091
63090
63090
63090
63090
63089
63089
63087
63087
63087
63087
63086
63086
63086
63086
63085
63085
63085
63083
63083
63083
63082
63082
63082
63082
63081
63081
63081
63081
63080
63080
63079
63079
63079
63078
63078
63078
63078
63077
63077
63077
63077
63076
63076
63076
63076
63075
63075
63075
63075
63074
63074
63074
63074
63073
63073
63073
63073
63072
63072
63072
63071
63071
63071
63071
63070
63070
63070
63070
63069
63069
63069
63069
63068
63068
63068
63068
63067
63067
63067
63067
63066
63066
63066
63065
63065
63065
63065
63064
63064
63064
63064
63063
63063
63063
63063
63062
63062
63062
63062
63061
63061
63061
63061
63059
63057
63056
63055
63053
63051
63051
63050
63050
63050
63049
63049
63049
63049
63048
63048
63046
63046
63045
63044
63044
63044
63044
63043
63043
63043
63043
63042
63042
63042
63042
63041
63041
63041
63041
63040
63040
63040
63039
63038
63038
63037
63037
63037
63037
63036
63036
63036
63036
63035
63035
63035
63035
63034
63034
63034
63032
63032
63032
63032
63031
63031
63031
63031
63030
63030
63030
63029
63029
63029
63029
63028
63028
63028
63028
63027
63027
63025
63025
63024
63023
63023
63023
63023
63022
63022
63020
63020
63020
63020
63019
63019
63019
63019
63018
63018
63017
63017
63017
63017
63015
63014
63013
63012
63012
63012
63011
63011
63010
63010
63010
63009
63009
63009
63009
63008
63008
63008
63008
63007
63007
63007
63007
63006
63006
63006
63006
63005
63004
63004
63003
63003
63003
63003
63002
63002
63002
63001
63001
63001
63001
63000
63000
63000
63000
62999
62999
62999
62999
62998
62998
62998
62998
62997
62997
62997
62997
62996
62996
62996
62996
62995
62995
62995
62995
62994
62994
62994
62993
62993
62993
62993
62992
62992
62992
62992
62991
62991
62991
62991
62990
62990
62990
62989
62989
62989
62989
62988
62988
62988
62988
62987
62986
62984
62983
62981
62980
62978
62978
62978
62978
62977
62976
62976
62974
62974
62974
62973
62973
62973
62972
62972
62972
62972
62971
62971
62971
62971
62970
62970
62970
62970
62969
62969
62969
62967
62967
62967
62966
62966
62966
62966
62965
62965
62965
62965
62964
62964
62964
62963
62963
62963
62961
62961
62961
62961
62960
62960
62960
62960
62959
62959
62959
62959
62958
62958
62958
62958
62957
62957
62957
62957
62956
62955
62955
62952
62952
62952
62951
62950
62950
62949
62949
62949
62948
62948
62948
62948
62947
62947
62947
62947
62946
62946
62946
62946
62944
62944
62943
62942
62942
62942
62942
62941
62941
62941
62941
62940
62940
62940
62939
62939
62939
62939
62938
62938
62938
62938
62937
62937
62937
62937
62936
62936
62936
62936
62935
62935
62935
62935
62934
62934
62934
62933
62933
62933
62933
62932
62932
62932
62932
62931
62931
62931
62931
62930
62930
62930
62930
62929
62929
62929
62929
62928
62928
62928
62928
62927
62927
62927
62926
62926
62926
62926
62925
62925
62925
62925
62924
62924
62924
62924
62923
62923
62923
62923
62922
62922
62922
62922
62921
62921
62921
62920
62920
62920
62920
62919
62919
62919
62919
62918
62918
62918
62915
62914
62912
62911
62908
62907
62905
62905
62905
62904
62904
62904
62904
62903
62903
62903
62903
62902
62902
62902
62902
62901
62901
62901
62901
62900
62900
62898
62898
62898
62898
62897
62897
62897
62897
62896
62896
62896
62895
62895
62895
62895
62894
62894
62893
62892
62892
62892
62891
62891
62891
62891
62890
62890
62890
62889
62889
62889
62888
62888
62888
62888
62887
62887
62887
62885
62885
62884
62882
62882
62881
62881
62881
62881
62880
62880
62880
62880
62879
62879
62879
62879
62878
62878
62878
62878
62877
62877
62875
62875
62874
62873
62873
62873
62873
62872
62872
62871
62871
62871
62870
62870
62870
62870
62869
62869
62869
62868
62868
62868
62868
62867
62867
62867
62867
62866
62866
62866
62866
62865
62865
62865
62865
62864
62864
62864
62864
62863
62863
62863
62862
62862
62862
62862
62861
62861
62861
62861
62860
62860
62860
62860
62859
62859
62859
62859
62858
62858
62858
62857
62857
62857
62857
62856
62856
62856
62856
62855
62855
62855
62855
62854
62854
62854
62854
62853
62853
62853
62852
62852
62852
62852
62851
62851
62851
62851
62850
62850
62850
62849
62849
62849
62849
62848
62848
62848
62848
62847
62847
62847
62847
62846
62841
62840
62838
62837
62835
62834
62833
62833
62833
62832
62832
62832
62832
62831
62831
62831
62831
62830
62830
62830
62829
62828
62828
62827
62827
62827
62827
62826
62826
62826
62826
62825
62825
62825
62825
62824
62824
62824
62822
62822
62822
62822
62821
62821
62821
62820
62820
62820
62820
62819
62819
62819
62819
62818
62818
62818
62818
62817
62817
62815
62814
62812
62811
62811
62810
62809
62809
62809
62809
62808
62808
62808
62808
62807
62807
62807
62807
62806
62806
62806
62806
62805
62804
62804
62802
62802
62802
62801
62801
62801
62800
62800
62800
62799
62799
62798
62798
62798
62798
62797
62797
62797
62796
62796
62796
62795
62794
62794
62794
62793
62793
62793
62793
62792
62792
62792
62791
62791
62791
62791
62790
62790
62790
62789
62789
62789
62789
62788
62788
62788
62788
62787
62787
62787
62787
62786
62786
62786
62785
62785
62785
62785
62784
62784
62784
62784
62783
62783
62783
62783
62782
62782
62782
62782
62781
62781
62781
62780
62780
62780
62779
62779
62779
62779
62778
62778
62778
62778
62777
62777
62777
62777
62776
62776
62776
62775
62775
62775
62775
62774
62774
62774
62774
62773
62773
62773
62773
62771
62771
62771
62770
62770
62768
62767
62766
62764
62763
62761
62761
62761
62760
62760
62760
62759
62759
62759
62758
62757
62756
62756
62756
62756
62755
62755
62755
62755
62754
62754
62754
62733
62732
62732
62732
62731
62730
62729
62729
62729
62728
62728
62728
62727
62727
62727
62727
62726
62726
62726
62725
62725
62725
62725
62723
62723
62723
62721
62721
62720
62719
62719
62719
62718
62718
62718
62718
62717
62717
62717
62717
62716
62716
62716
62716
62715
62715
62715
62715
62714
62713
62713
62711
62711
62711
62710
62710
62710
62710
62709
62709
62709
62708
62708
62708
62708
62707
62707
62707
62707
62706
62706
62706
62704
62704
62704
62704
62703
62703
62703
62703
62702
62702
62702
62702
62701
62701
62701
62701
62700
62700
62700
62700
62699
62699
62699
62698
62698
62698
62698
62697
62697
62696
62695
62695
62695
62695
62694
62694
62694
62694
62693
62693
62693
62693
62692
62692
62692
62692
62691
62691
62691
62691
62690
62690
62690
62690
62689
62689
62689
62688
62688
62688
62688
62687
62687
62687
62687
62686
62686
62686
62686
62685
62685
62685
62685
62684
62684
62684
62684
62683
62683
62682
62681
62681
62680
62680
62679
62679
62679
62679
62678
62678
62678
62678
62677
62675
62673
62672
62670
62669
62668
62667
62667
62667
62665
62665
62665
62664
62664
62664
62664
62663
62663
62663
62662
62662
62662
62662
62661
62661
62661
62659
62659
62659
62659
62658
62658
62658
62658
62657
62657
62657
62657
62656
62656
62656
62654
62654
62654
62654
62653
62653
62650
62650
62648
62648
62648
62647
62647
62647
62647
62646
62646
62646
62645
62645
62645
62645
62644
62644
62644
62644
62643
62643
62643
62641
62641
62640
62639
62639
62639
62638
62638
62638
62638
62637
62637
62637
62637
62636
62636
62636
62636
62635
62635
62635
62635
62634
62633
62633
62632
62632
62632
62632
62631
62631
62631
62631
62630
62630
62630
62629
62629
62629
62629
62628
62628
62628
62628
62627
62627
62627
62627
62626
62626
62626
62626
62625
62625
62625
62625
62624
62624
62624
62624
62623
62623
62623
62622
62622
62622
62622
62621
62621
62621
62621
62620
62620
62620
62620
62619
62619
62619
62619
62618
62618
62618
62617
62617
62617
62617
62616
62616
62616
62616
62615
62615
62615
62615
62614
62614
62614
62614
62613
62612
62611
62611
62611
62611
62610
62610
62610
62610
62609
62609
62609
62609
62608
62608
62608
62608
62607
62607
62607
62607
62606
62606
62603
62602
62600
62598
62596
62595
62594
62594
62594
62594
62593
62593
62593
62593
62592
62592
62592
62591
62591
62591
62589
62589
62589
62588
62588
62588
62588
62587
62587
62587
62587
62586
62585
62585
62584
62584
62584
62583
62583
62583
62583
62581
62581
62579
62579
62579
62578
62578
62578
62577
62577
62577
62577
62576
62576
62576
62576
62575
62575
62575
62574
62574
62574
62574
62572
62572
62571
62570
62570
62570
62570
62569
62569
62569
62569
62568
62568
62568
62568
62567
62567
62567
62567
62566
62566
62566
62565
62563
62563
62563
62563
62562
62562
62562
62562
62561
62561
62561
62561
62560
62560
62560
62560
62559
62559
62559
62559
62558
62558
62558
62557
62557
62557
62557
62556
62556
62556
62556
62555
62555
62555
62555
62554
62554
62554
62554
62553
62553
62553
62553
62552
62552
62552
62552
62551
62551
62551
62550
62550
62550
62550
62549
62549
62549
62549
62548
62548
62548
62548
62547
62547
62547
62546
62546
62546
62546
62545
62545
62545
62545
62543
62542
62542
62542
62542
62541
62541
62540
62540
62540
62540
62539
62539
62539
62539
62538
62538
62538
62538
62537
62537
62537
62536
62536
62536
62536
62535
62535
62535
62535
62534
62534
62532
62530
62528
62526
62524
62523
62523
62522
62522
62521
62521
62521
62521
62520
62518
62518
62518
62518
62517
62517
62517
62517
62516
62515
62514
62514
62514
62513
62513
62513
62512
62512
62512
62511
62511
62509
62509
62506
62505
62505
62505
62505
62504
62504
62504
62503
62503
62503
62502
62502
62502
62502
62501
62501
62500
62500
62500
62500
62498
62497
62496
62495
62495
62495
62493
62493
62492
62492
62491
62491
62491
62490
62490
62490
62490
62489
62489
62489
62489
62488
62488
62486
62486
62485
62485
62485
62484
62484
62484
62484
62483
62483
62482
62481
62481
62481
62481
62480
62480
62480
62479
62479
62479
62479
62477
62477
62476
62476
62476
62475
62475
62475
62474
62474
62474
62474
62473
62473
62473
62473
62472
62472
62472
62471
62471
62471
62470
62470
62470
62469
62469
62469
62469
62468
62468
62468
62467
62467
62467
62466
62466
62466
62466
62465
62465
62465
62464
62464
62464
62464
62463
62463
62463
62462
62462
62462
62462
62461
62461
62461
62460
62460
62460
62460
62459
62459
62459
62458
62458
62458
62458
62457
62457
62457
62456
62456
62456
62455
62455
62455
62455
62454
62454
62454
62453
62453
62453
62452
62452
62451
62451
62451
62450
62450
62449
62449
62449
62448
62448
62448
62447
62447
62447
62446
62446
62446
62445
62445
62445
62444
62444
62444
62443
62443
62443
62442
62442
62442
62441
62441
62440
62440
62440
62439
62439
62439
62438
62438
62438
62437
62436
62436
62433
62432
62431
62431
62430
62430
62429
62429
62428
62428
62427
62427
62426
62426
62425
62425
62424
62424
62423
62423
62422
62421
62421
62420
62420
62419
62419
62418
62417
62417
62417
62416
62181
62178
62177
62177
62177
62176
62176
62176
62175
62175
62175
62174
62174
62174
62174
62173
62173
62173
62172
62172
62172
62171
62171
62171
62171
62170
62170
62170
62169
62169
62169
62169
62168
62168
62168
62168
62167
62167
62167
62167
62166
62166
62166
62165
62165
62165
62165
62164
62164
62164
62164
62163
62163
62163
62163
62162
62159
62159
62159
62158
62158
62158
62157
62157
62157
62157
62156
62156
62156
62155
62155
62155
62154
62154
62154
62154
62153
62153
62153
62152
62152
62152
62151
62151
62151
62150
62150
62150
62150
62149
62149
62149
62149
62148
62148
62148
62148
62147
62147
62147
62147
62146
62146
62146
62146
62145
62145
62145
62144
62144
62144
62144
62143
62143
62143
62143
62142
62142
62142
62141
62141
62141
62140
62140
62139
62139
62139
62138
62138
62138
62137
62137
62137
62137
62136
62136
62136
62135
62135
62135
62135
62134
62134
62134
62133
62133
62133
62133
62132
62132
62132
62131
62131
62131
62131
62130
62130
62130
62129
62129
62129
62129
62128
62128
62128
62127
62127
62127
62127
62126
62126
62126
62125
62125
62125
62125
62124
62124
62124
62123
62123
62123
62123
62122
62122
62122
62121
62121
62121
62121
62120
62120
62120
62120
62119
62119
62119
62118
62118
62118
62118
62117
62117
62117
62116
62116
62116
62116
62115
62115
62115
62114
62114
62114
62114
62113
62113
62113
62112
62112
62112
62112
62111
62111
62111
62111
62110
62110
62110
62109
62109
62109
62109
62108
62108
62108
62108
62107
62107
62107
62106
62106
62106
62106
62105
62105
62105
62105
62104
62104
62104
62103
62103
62103
62103
62102
62102
62102
62101
62101
62101
62101
62100
62100
62100
62100
62099
62099
62099
62099
62098
62098
62098
62097
62097
62097
62097
62096
62096
62096
62095
62095
62095
62095
62094
62094
62094
62094
62093
62093
62093
62092
62092
62092
62092
62091
62091
62091
62091
62090
62090
62090
62090
62089
62089
62089
62088
62088
62088
62088
62087
62087
62085
62085
62085
62084
62084
62084
62083
62083
62083
62083
62082
62082
62082
62082
62081
62081
62081
62080
62080
62080
62080
62079
62079
62079
62079
62078
62078
62078
62077
62077
62077
62077
62076
62076
62076
62075
62075
62075
62074
62074
62074
62074
62073
62073
62073
62072
62072
62072
62072
62071
62071
62071
62071
62070
62070
62070
62069
62069
62069
62069
62068
62068
62068
62068
62067
62067
62067
62067
62066
62066
62066
62065
62065
62065
62065
62064
62064
62064
62064
62063
62063
62063
62063
62062
62062
62062
62061
62061
62061
62061
62060
62060
62060
62060
62059
62059
62059
62058
62058
62058
62058
62057
62057
62057
62057
62056
62056
62056
62055
62055
62055
62055
62054
62054
62054
62054
62053
62053
62053
62053
62052
62052
62052
62051
62051
62051
62051
62050
62050
62050
62049
62049
62049
62049
62048
62048
62048
62048
62047
62047
62047
62046
62046
62046
62046
62045
62045
62045
62045
62044
62044
62044
62044
62043
62043
62043
62042
62042
62042
62042
62041
62041
62041
62041
62040
62040
62040
62039
62039
62039
62038
62038
62038
62038
62037
62037
62037
62037
62036
62036
62036
62036
62035
62035
62035
62035
62034
62034
62034
62033
62033
62033
62033
62032
62032
62031
62031
62031
62030
62030
62030
62029
62029
62029
62029
62028
62028
62028
62028
62027
62027
62027
62027
62026
62026
62026
62025
62025
62025
62025
62024
62024
62024
62024
62023
62023
62023
62023
62022
62022
62022
62022
62021
62021
62021
62021
62020
62020
62020
62019
62019
62019
62019
62018
62018
62018
62018
62017
62017
62017
62017
62016
62016
62016
62016
62015
62014
62013
62013
62013
62013
62012
62012
62012
62012
62011
62011
62011
62011
62010
62010
62010
62010
62009
62009
62009
62008
62008
62008
62008
62007
62007
62007
62007
62006
62006
62006
62005
62005
62005
62005
62004
62004
62004
62004
62003
62003
62003
62003
62002
62002
62002
62002
62001
62001
62001
62001
62000
62000
62000
61999
61999
61999
61999
61998
61998
61998
61998
61997
61997
61997
61997
61996
61996
61996
61996
61995
61995
61995
61994
61994
61994
61994
61993
61993
61993
61993
61992
61992
61992
61991
61991
61991
61991
61990
61990
61990
61990
61989
61989
61989
61989
61988
61988
61988
61988
61987
61987
61987
61987
61986
61986
61986
61986
61985
61985
61985
61985
61984
61984
61984
61984
61983
61983
61983
61983
61982
61982
61982
61982
61981
61981
61981
61980
61980
61979
61979
61978
61978
61977
61977
61977
61976
61976
61975
61975
61975
61974
61974
61974
61974
61973
61973
61973
61973
61972
61972
61972
61971
61971
61971
61971
61970
61970
61970
61969
61969
61969
61968
61968
61968
61967
61967
61967
61966
61966
61966
61966
61965
61965
61965
61965
61964
61964
61964
61964
61963
61963
61963
61962
61962
61962
61962
61961
61961
61961
61961
61960
61960
61960
61959
61959
61959
61959
61958
61958
61958
61958
61957
61957
61957
61957
61956
61956
61956
61955
61955
61955
61955
61954
61954
61954
61953
61953
61953
61952
61952
61952
61952
61951
61951
61951
61951
61950
61950
61950
61950
61949
61949
61949
61949
61948
61948
61948
61948
61947
61947
61947
61946
61946
61946
61946
61945
61945
61945
61945
61944
61944
61944
61944
61943
61943
61941
61941
61941
61941
61940
61940
61940
61939
61939
61939
61939
61938
61938
61938
61938
61937
61937
61937
61937
61936
61936
61936
61935
61935
61935
61935
61934
61934
61934
61933
61933
61933
61933
61932
61932
61932
61932
61931
61931
61931
61931
61930
61930
61930
61930
61929
61929
61929
61929
61928
61928
61928
61928
61927
61927
61927
61927
61926
61926
61926
61925
61925
61925
61925
61924
61924
61923
61923
61923
61922
61922
61922
61921
61921
61921
61921
61920
61920
61920
61920
61919
61919
61919
61919
61918
61918
61918
61917
61917
61917
61917
61916
61916
61916
61916
61915
61915
61915
61915
61914
61914
61914
61914
61913
61913
61912
61912
61912
61912
61911
61911
61911
61911
61910
61910
61910
61910
61909
61909
61909
61908
61908
61908
61908
61907
61907
61907
61907
61906
61906
61906
61906
61905
61905
61905
61905
61904
61904
61904
61904
61903
61903
61903
61903
61902
61902
61902
61902
61901
61901
61901
61900
61900
61900
61900
61899
61899
61899
61899
61898
61898
61898
61898
61897
61897
61897
61897
61896
61896
61896
61895
61895
61895
61895
61894
61894
61894
61894
61893
61893
61893
61893
61892
61892
61892
61892
61891
61891
61891
61890
61890
61890
61890
61889
61889
61889
61889
61888
61888
61888
61888
61887
61887
61887
61887
61886
61886
61886
61886
61885
61885
61885
61884
61884
61884
61884
61883
61883
61883
61883
61882
61882
61882
61882
61881
61881
61881
61881
61880
61880
61880
61880
61879
61879
61879
61878
61878
61878
61878
61877
61877
61877
61877
61876
61876
61876
61876
61875
61875
61875
61875
61874
61874
61874
61874
61873
61872
61871
61871
61871
61870
61870
61870
61869
61869
61869
61869
61868
61868
61868
61868
61867
61867
61867
61867
61866
61866
61866
61866
61865
61865
61865
61864
61864
61864
61864
61863
61863
61863
61863
61862
61862
61862
61862
61861
61861
61861
61861
61860
61860
61860
61860
61859
61859
61859
61858
61858
61858
61858
61857
61857
61857
61857
61856
61856
61856
61856
61855
61855
61855
61855
61854
61854
61854
61854
61853
61853
61853
61853
61852
61852
61852
61851
61851
61851
61851
61850
61850
61850
61850
61849
61849
61849
61849
61848
61848
61848
61848
61847
61847
61847
61847
61846
61846
61846
61846
61845
61845
61845
61845
61844
61844
61844
61843
61843
61843
61843
61842
61842
61842
61842
61841
61841
61841
61841
61840
61840
61840
61840
61839
61839
61839
61839
61838
61838
61838
61838
61837
61837
61837
61837
61836
61836
61836
61835
61835
61835
61835
61834
61834
61834
61834
61833
61833
61833
61832
61832
61832
61832
61831
61831
61831
61831
61830
61830
61830
61830
61829
61829
61829
61829
61828
61828
61828
61828
61827
61827
61827
61826
61826
61826
61826
61825
61825
61825
61825
61824
61824
61824
61824
61823
61823
61823
61823
61822
61822
61822
61822
61821
61821
61820
61820
61820
61819
61819
61819
61819
61818
61818
61818
61818
61817
61817
61817
61817
61816
61816
61816
61816
61815
61815
61814
61814
61814
61814
61813
61813
61813
61812
61812
61812
61812
61811
61811
61811
61811
61810
61810
61810
61810
61809
61809
61809
61808
61808
61808
61808
61807
61807
61807
61807
61806
61806
61806
61805
61805
61805
61804
61804
61804
61804
61803
61802
61802
61801
61801
61801
61801
61800
61800
61800
61799
61799
61799
61799
61798
61798
61798
61798
61797
61797
61797
61797
61796
61796
61796
61796
61795
61795
61795
61795
61794
61794
61794
61794
61793
61793
61793
61792
61792
61792
61792
61791
61791
61791
61790
61790
61790
61790
61789
61789
61789
61789
61788
61788
61788
61788
61787
61787
61787
61786
61786
61786
61786
61785
61785
61785
61785
61784
61784
61784
61784
61783
61783
61783
61783
61782
61782
61782
61781
61781
61781
61781
61780
61780
61780
61780
61779
61779
61779
61779
61778
61778
61778
61778
61777
61777
61777
61777
61776
61776
61776
61776
61775
61775
61775
61775
61774
61774
61774
61774
61773
61773
61773
61773
61772
61772
61772
61771
61771
61771
61771
61770
61770
61770
61770
61769
61769
61769
61769
61768
61768
61768
61767
61767
61767
61766
61766
61766
61766
61765
61765
61765
61765
61764
61764
61764
61764
61763
61763
61763
61762
61762
61762
61762
61761
61761
61761
61761
61760
61760
61760
61760
61759
61759
61759
61758
61758
61758
61758
61757
61757
61757
61757
61756
61756
61756
61756
61755
61755
61755
61754
61754
61754
61754
61753
61753
61753
61753
61752
61752
61752
61752
61751
61751
61751
61751
61750
61750
61750
61750
61749
61749
61749
61749
61748
61748
61748
61748
61747
61747
61747
61747
61746
61746
61746
61745
61745
61745
61745
61744
61744
61744
61744
61743
61743
61743
61743
61742
61742
61742
61742
61741
61741
61741
61741
61740
61740
61740
61740
61739
61739
61739
61739
61738
61738
61738
61738
61737
61737
61737
61736
61736
61736
61736
61735
61735
61735
61733
61733
61733
61733
61732
61732
61732
61732
61731
61731
61731
61731
61730
61730
61730
61730
61729
61729
61729
61729
61728
61728
61728
61728
61727
61727
61727
61727
61726
61726
61726
61726
61725
61725
61725
61724
61724
61724
61724
61723
61723
61723
61723
61722
61722
61722
61721
61721
61721
61721
61720
61720
61720
61720
61719
61719
61719
61719
61718
61718
61718
61717
61717
61717
61717
61716
61716
61716
61715
61714
61713
61713
61713
61712
61712
61712
61712
61711
61711
61711
61710
61710
61710
61709
61709
61709
61709
61708
61708
61708
61708
61707
61707
61707
61707
61706
61706
61706
61706
61705
61705
61705
61705
61704
61704
61704
61703
61703
61703
61703
61702
61702
61702
61702
61701
61701
61701
61700
61700
61700
61700
61699
61699
61699
61699
61698
61698
61698
61698
61697
61697
61697
61697
61696
61696
61696
61696
61695
61695
61695
61695
61693
61693
61693
61692
61692
61692
61692
61691
61691
61691
61691
61690
61690
61690
61689
61689
61689
61689
61688
61688
61688
61688
61687
61687
61687
61687
61686
61686
61686
61685
61685
61685
61685
61684
61684
61684
61684
61683
61683
61683
61683
61682
61682
61682
61682
61681
61681
61681
61680
61680
61680
61680
61679
61679
61679
61679
61678
61678
61678
61678
61677
61677
61677
61676
61676
61676
61676
61675
61675
61675
61675
61674
61674
61674
61674
61673
61673
61673
61673
61672
61672
61672
61672
61671
61671
61671
61670
61670
61670
61670
61669
61669
61669
61669
61668
61668
61668
61668
61667
61667
61667
61667
61666
61666
61666
61666
61665
61665
61665
61665
61664
61664
61664
61663
61663
61660
61659
61657
61656
61654
61653
61653
61652
61652
61652
61652
61651
61651
61651
61650
61650
61649
61649
61647
61647
61647
61646
61646
61646
61646
61645
61645
61645
61645
61644
61644
61644
61643
61642
61642
61642
61641
61641
61641
61641
61640
61640
61640
61640
61639
61639
61639
61638
61638
61638
61638
61637
61637
61637
61637
61636
61635
61635
61634
61634
61634
61634
61633
61633
61633
61633
61632
61632
61632
61632
61631
61631
61631
61631
61630
61630
61630
61628
61628
61627
61626
61626
61626
61625
61624
61623
61623
61623
61622
61622
61622
61622
61621
61621
61621
61621
61620
61620
61620
61620
61618
61618
61616
61616
61616
61615
61615
61615
61615
61614
61614
61614
61614
61613
61613
61613
61613
61612
61612
61612
61611
61611
61611
61611
61610
61610
61610
61610
61609
61609
61609
61609
61608
61608
61608
61608
61607
61607
61607
61607
61606
61606
61606
61606
61605
61605
61605
61605
61604
61604
61604
61604
61603
61603
61603
61602
61602
61602
61602
61601
61601
61601
61601
61600
61600
61600
61600
61599
61599
61599
61598
61598
61598
61598
61597
61597
61597
61597
61596
61596
61596
61596
61595
61595
61595
61595
61594
61594
61594
61594
61593
61593
61590
61588
61586
61582
61581
61579
61579
61579
61578
61578
61577
61576
61575
61575
61574
61574
61574
61574
61573
61573
61573
61572
61572
61572
61572
61571
61571
61570
61569
61569
61569
61568
61568
61568
61567
61567
61567
61567
61566
61566
61566
61566
61565
61565
61565
61565
61564
61564
61564
61564
61562
61562
61562
61561
61561
61561
61561
61560
61560
61560
61559
61559
61559
61559
61557
61557
61557
61556
61556
61556
61556
61554
61554
61552
61552
61550
61550
61550
61549
61549
61549
61549
61548
61548
61548
61547
61547
61547
61546
61546
61546
61546
61545
61545
61544
61543
61542
61542
61541
61541
61541
61541
61540
61540
61540
61540
61539
61539
61539
61539
61538
61538
61538
61538
61537
61537
61537
61536
61536
61536
61536
61535
61535
61535
61535
61534
61534
61534
61534
61533
61533
61533
61533
61532
61532
61532
61532
61531
61531
61531
61531
61530
61530
61530
61530
61529
61529
61529
61529
61528
61528
61528
61528
61527
61527
61527
61527
61526
61526
61526
61525
61525
61525
61525
61524
61524
61524
61524
61523
61523
61523
61523
61522
61521
61521
61521
61521
61520
61520
61520
61520
61519
61519
61519
61519
61518
61518
61518
61518
61517
61517
61517
61515
61514
61512
61511
61508
61506
61504
61504
61504
61504
61503
61503
61503
61502
61502
61502
61501
61501
61501
61501
61500
61499
61499
61498
61498
61498
61498
61497
61497
61497
61497
61496
61496
61496
61496
61495
61495
61495
61495
61494
61494
61494
61493
61493
61492
61491
61491
61491
61491
61490
61490
61490
61490
61489
61489
61489
61489
61488
61488
61488
61488
61487
61487
61487
61486
61485
61483
61482
61481
61481
61481
61481
61480
61480
61480
61480
61479
61479
61479
61478
61478
61478
61478
61477
61477
61477
61477
61476
61475
61475
61473
61473
61473
61472
61472
61472
61471
61471
61471
61470
61470
61470
61470
61469
61469
61469
61468
61468
61468
61468
61467
61467
61467
61467
61466
61466
61466
61466
61465
61465
61465
61464
61464
61464
61464
61463
61463
61463
61460
61460
61460
61459
61459
61459
61459
61458
61458
61458
61458
61457
61457
61457
61457
61456
61456
61456
61455
61455
61455
61455
61454
61454
61454
61454
61453
61453
61453
61453
61452
61452
61452
61452
61451
61451
61451
61451
61450
61450
61450
61450
61449
61449
61449
61448
61448
61448
61448
61447
61447
61447
61447
61446
61446
61446
61446
61445
61445
61445
61445
61444
61444
61444
61441
61440
61438
61437
61435
61433
61433
61433
61432
61432
61432
61432
61431
61431
61431
61429
61429
61429
61429
61428
61428
61428
61428
61427
61427
61427
61427
61426
61426
61426
61425
61425
61425
61425
61424
61424
61424
61424
61422
61422
61422
61421
61421
61421
61421
61420
61420
61420
61420
61419
61419
61419
61419
61418
61418
61418
61417
61416
61415
61414
61414
61412
61412
61412
61411
61411
61411
61411
61410
61410
61410
61409
61409
61409
61408
61408
61408
61407
61407
61407
61407
61406
61405
61405
61403
61403
61403
61402
61402
61402
61402
61401
61401
61401
61400
61400
61400
61400
61399
61399
61399
61399
61398
61398
61398
61396
61396
61396
61396
61395
61395
61395
61395
61394
61394
61394
61394
61393
61393
61393
61392
61392
61392
61392
61391
61391
61391
61391
61390
61390
61390
61390
61389
61389
61389
61389
61388
61388
61388
61388
61387
61387
61387
61387
61386
61386
61386
61386
61385
61385
61385
61384
61384
61384
61384
61383
61383
61383
61382
61382
61382
61382
61381
61381
61381
61380
61380
61380
61380
61379
61379
61379
61379
61378
61378
61378
61378
61377
61377
61377
61377
61376
61376
61376
61375
61374
61374
61373
61373
61373
61372
61372
61369
61368
61367
61365
61364
61362
61362
61362
61361
61360
61359
61359
61359
61359
61358
61358
61358
61358
61357
61357
61357
61357
61356
61356
61356
61356
61355
61355
61355
61355
61354
61354
61330
61329
61329
61329
61328
61328
61328
61327
61327
61327
61326
61326
61326
61326
61325
61325
61323
61322
61322
61322
61321
61320
61319
61318
61317
61317
61317
61316
61316
61316
61315
61315
61315
61315
61314
61314
61314
61313
61313
61313
61312
61312
61312
61311
61310
61309
61307
61307
61307
61306
61306
61306
61306
61305
61305
61305
61305
61304
61304
61304
61304
61303
61303
61303
61302
61302
61302
61299
61299
61299
61298
61298
61298
61298
61297
61297
61297
61296
61296
61296
61296
61295
61295
61295
61295
61294
61294
61294
61293
61293
61293
61293
61292
61292
61292
61292
61291
61291
61291
61291
61290
61290
61290
61290
61289
61289
61289
61288
61288
61288
61288
61287
61287
61287
61286
61286
61286
61286
61285
61285
61285
61285
61284
61284
61284
61284
61283
61283
61283
61283
61282
61282
61282
61282
61281
61281
61281
61280
61280
61280
61280
61279
61279
61279
61277
61277
61277
61276
61276
61276
61276
61275
61275
61275
61274
61274
61274
61274
61273
61273
61272
61270
61269
61266
61265
61263
61263
61263
61262
61262
61262
61261
61261
61261
61261
61260
61260
61260
61260
61259
61259
61259
61259
61258
61258
61258
61256
61256
61256
61256
61255
61255
61255
61254
61254
61254
61253
61253
61252
61250
61250
61250
61249
61249
61249
61249
61248
61247
61247
61245
61245
61245
61244
61244
61244
61243
61243
61243
61242
61242
61242
61242
61241
61241
61240
61239
61239
61239
61239
61238
61237
61236
61235
61235
61234
61234
61234
61234
61233
61233
61233
61233
61232
61232
61232
61232
61231
61231
61231
61230
61230
61230
61230
61228
61228
61228
61227
61227
61227
61227
61226
61226
61226
61226
61225
61225
61225
61225
61224
61224
61224
61224
61223
61223
61223
61222
61222
61222
61222
61221
61221
61221
61221
61220
61220
61220
61220
61219
61219
61219
61219
61218
61218
61218
61217
61217
61217
61217
61216
61216
61216
61216
61215
61215
61215
61215
61214
61214
61214
61214
61213
61213
61213
61212
61212
61212
61212
61211
61211
61211
61211
61210
61210
61210
61210
61209
61209
61207
61207
61207
61206
61206
61206
61205
61205
61205
61205
61204
61204
61204
61204
61203
61203
61203
61202
61202
61202
61202
61201
61201
61201
61201
61199
61198
61195
61194
61192
61190
61190
61190
61190
61189
61189
61189
61188
61188
61188
61188
61187
61187
61187
61187
61185
61185
61184
61184
61184
61184
61183
61183
61183
61182
61181
61181
61180
61180
61180
61180
61179
61179
61179
61179
61178
61177
61177
61175
61175
61175
61174
61174
61174
61174
61173
61173
61173
61173
61172
61172
61172
61172
61171
61171
61171
61171
61170
61170
61168
61168
61167
61166
61166
61166
61165
61165
61165
61165
61164
61164
61164
61164
61163
61163
61163
61163
61162
61162
61162
61162
61161
61159
61158
61158
61158
61158
61157
61157
61157
61156
61156
61156
61155
61155
61155
61155
61154
61154
61154
61154
61153
61153
61153
61153
61152
61152
61152
61151
61151
61151
61151
61150
61150
61150
61150
61149
61149
61149
61149
61148
61148
61148
61146
61146
61146
61145
61145
61145
61145
61144
61144
61144
61144
61143
61143
61143
61143
61142
61142
61142
61141
61141
61141
61141
61140
61140
61140
61140
61139
61139
61139
61138
61137
61137
61136
61136
61136
61136
61135
61135
61135
61134
61134
61134
61134
61133
61133
61133
61133
61132
61132
61132
61132
61131
61131
61131
61131
61130
61130
61130
61130
61129
61129
61129
61129
61128
61127
61125
61124
61122
61121
61119
61119
61119
61118
61118
61118
61118
61117
61117
61116
61115
61115
61115
61114
61114
61114
61112
61112
61112
61111
61111
61111
61111
61110
61110
61110
61110
61109
61109
61109
61107
61107
61106
61105
61105
61105
61105
61104
61104
61104
61104
61103
61103
61103
61103
61102
61102
61102
61101
61101
61101
61101
61100
61099
61099
61097
61097
61097
61096
61096
61096
61095
61095
61095
61095
61094
61094
61094
61094
61093
61093
61093
61093
61092
61092
61092
61090
61090
61089
61089
61089
61089
61088
61088
61088
61088
61087
61087
61087
61087
61086
61086
61086
61084
61084
61084
61083
61083
61083
61082
61082
61082
61082
61081
61081
61081
61081
61080
61080
61080
61080
61079
61079
61079
61079
61078
61078
61078
61077
61077
61077
61077
61076
61076
61076
61075
61075
61075
61075
61074
61074
61074
61074
61073
61073
61073
61073
61072
61072
61072
61072
61071
61071
61071
61069
61069
61069
61068
61068
61068
61067
61067
61067
61067
61066
61066
61066
61066
61065
61065
61065
61065
61064
61064
61064
61064
61063
61063
61063
61063
61062
61062
61062
61061
61061
61061
61061
61060
61060
61060
61060
61059
61059
61059
61059
61058
61058
61055
61053
61052
61050
61049
61047
61047
61047
61045
61045
61045
61044
61043
61042
61042
61042
61042
61041
61041
61041
61041
61040
61040
61040
61040
61039
61039
61039
61039
61037
61037
61035
61035
61034
61034
61034
61034
61033
61033
61033
61033
61032
61032
61032
61032
61031
61031
61031
61031
61030
61030
61029
61028
61028
61026
61026
61026
61025
61025
61025
61025
61024
61024
61024
61024
61023
61023
61023
61023
61022
61022
61022
61022
61021
61021
61018
61018
61018
61017
61017
61017
61017
61016
61016
61016
61016
61015
61015
61015
61015
61014
61014
61013
61012
61012
61012
61011
61011
61011
61011
61010
61010
61010
61010
61009
61009
61009
61009
61008
61008
61008
61008
61007
61007
61007
61006
61006
61006
61006
61005
61005
61005
61005
61004
61004
61004
61004
61003
61003
61003
61003
61002
61002
61002
61002
61001
61001
61001
61001
61000
60999
60998
60998
60998
60998
60997
60997
60997
60997
60996
60996
60996
60995
60995
60995
60995
60994
60994
60994
60994
60993
60993
60993
60993
60992
60992
60992
60992
60991
60991
60991
60991
60990
60990
60990
60989
60989
60989
60989
60988
60988
60988
60988
60987
60987
60987
60987
60986
60986
60986
60986
60985
60984
60982
60980
60978
60977
60975
60975
60975
60974
60974
60974
60974
60973
60973
60973
60973
60972
60972
60972
60972
60971
60971
60971
60969
60969
60968
60967
60967
60967
60966
60966
60966
60966
60965
60965
60965
60965
60964
60964
60964
60963
60963
60963
60963
60962
60962
60961
60960
60959
60959
60959
60958
60958
60958
60957
60957
60957
60957
60956
60956
60956
60956
60955
60955
60954
60953
60953
60953
60953
60951
60951
60951
60950
60950
60950
60950
60949
60949
60949
60949
60948
60948
60948
60947
60947
60947
60945
60945
60945
60945
60944
60944
60944
60944
60943
60943
60943
60942
60942
60942
60942
60941
60941
60941
60941
60940
60940
60938
60938
60938
60938
60937
60937
60937
60937
60936
60936
60936
60936
60935
60935
60935
60934
60934
60934
60934
60933
60933
60933
60932
60932
60930
60930
60930
60930
60929
60929
60929
60928
60928
60928
60928
60927
60927
60927
60927
60926
60926
60926
60926
60925
60925
60925
60925
60924
60924
60924
60923
60923
60923
60923
60922
60922
60922
60922
60921
60921
60921
60921
60920
60920
60920
60920
60919
60919
60919
60919
60918
60918
60918
60918
60917
60917
60917
60917
60916
60916
60916
60916
60915
60915
60915
60913
60911
60909
60908
60907
60905
60905
60904
60904
60904
60903
60903
60903
60903
60902
60902
60902
60900
60900
60898
60898
60898
60898
60897
60897
60897
60897
60896
60896
60896
60896
60895
60895
60895
60895
60894
60894
60894
60894
60893
60892
60891
60890
60889
60889
60889
60889
60888
60888
60888
60888
60887
60887
60887
60887
60886
60886
60886
60886
60885
60885
60885
60885
60883
60883
60883
60882
60882
60882
60881
60881
60881
60881
60880
60880
60880
60880
60879
60879
60879
60877
60877
60877
60877
60876
60876
60876
60875
60875
60875
60875
60874
60874
60874
60874
60873
60873
60873
60873
60872
60872
60870
60869
60868
60868
60867
60867
60867
60866
60866
60866
60866
60865
60865
60865
60865
60864
60864
60864
60864
60863
60863
60861
60861
60861
60861
60860
60860
60859
60858
60858
60858
60857
60857
60857
60857
60856
60856
60856
60856
60855
60855
60855
60855
60854
60854
60854
60854
60853
60853
60853
60853
60852
60852
60852
60851
60851
60851
60851
60850
60850
60850
60850
60849
60849
60849
60848
60848
60848
60848
60847
60847
60847
60847
60846
60846
60846
60846
60845
60845
60845
60845
60844
60844
60844
60843
60843
60843
60843
60842
60842
60842
60840
60839
60838
60836
60835
60833
60833
60833
60832
60832
60832
60830
60830
60829
60828
60828
60827
60827
60827
60827
60826
60826
60826
60825
60825
60825
60825
60824
60824
60824
60824
60823
60823
60823
60821
60821
60820
60819
60819
60819
60819
60818
60818
60818
60818
60817
60817
60817
60817
60816
60816
60816
60816
60815
60815
60815
60815
60813
60813
60812
60812
60812
60812
60811
60811
60811
60811
60810
60810
60810
60810
60809
60809
60809
60807
60807
60807
60806
60806
60806
60806
60805
60805
60805
60804
60804
60804
60804
60803
60803
60803
60803
60802
60802
60802
60800
60800
60799
60799
60798
60798
60798
60797
60797
60797
60797
60796
60796
60796
60796
60795
60795
60795
60793
60793
60793
60792
60792
60792
60791
60791
60791
60791
60790
60790
60790
60790
60789
60789
60789
60789
60788
60788
60788
60787
60787
60787
60786
60786
60786
60786
60785
60785
60785
60785
60784
60784
60784
60784
60783
60783
60783
60783
60782
60782
60782
60782
60781
60781
60781
60781
60780
60780
60780
60779
60779
60779
60779
60778
60778
60778
60778
60777
60777
60777
60777
60776
60776
60776
60776
60775
60775
60775
60774
60774
60774
60774
60773
60773
60773
60773
60772
60769
60768
60767
60763
60762
60759
60759
60757
60757
60757
60756
60756
60756
60755
60755
60755
60755
60754
60754
60754
60754
60753
60753
60753
60753
60752
60752
60752
60750
60750
60749
60749
60748
60748
60748
60747
60747
60747
60747
60746
60746
60746
60746
60745
60745
60745
60745
60744
60744
60744
60744
60742
60742
60742
60741
60741
60741
60741
60740
60740
60740
60740
60739
60739
60739
60739
60738
60738
60735
60735
60735
60735
60734
60734
60734
60734
60733
60733
60733
60733
60732
60732
60732
60732
60731
60731
60731
60731
60730
60729
60728
60727
60727
60727
60726
60726
60726
60726
60725
60725
60725
60724
60724
60724
60722
60722
60722
60721
60721
60721
60720
60720
60720
60719
60719
60719
60719
60718
60718
60718
60718
60717
60717
60717
60717
60716
60716
60716
60716
60715
60715
60715
60715
60714
60714
60714
60714
60713
60713
60713
60712
60712
60712
60712
60711
60711
60711
60711
60710
60710
60710
60710
60709
60709
60709
60709
60708
60708
60708
60708
60707
60707
60707
60707
60706
60706
60706
60705
60705
60705
60705
60704
60704
60704
60704
60703
60703
60703
60703
60702
60702
60702
60702
60701
60701
60701
60701
60700
60700
60700
60700
60699
60698
60695
60694
60692
60691
60690
60689
60689
60689
60688
60688
60688
60688
60687
60687
60687
60687
60686
60686
60686
60686
60685
60684
60683
60682
60682
60681
60681
60681
60681
60680
60680
60680
60680
60679
60679
60679
60679
60678
60678
60678
60677
60677
60677
60677
60675
60675
60675
60674
60674
60674
60674
60673
60673
60673
60673
60672
60672
60672
60671
60671
60671
60669
60669
60667
60667
60667
60667
60666
60666
60666
60666
60665
60665
60665
60665
60664
60664
60664
60663
60663
60663
60663
60661
60661
60660
60659
60659
60659
60658
60658
60658
60658
60657
60608
60606
60605
60605
60605
60604
60604
60604
60604
60603
60603
60603
60601
60601
60601
60601
60600
60600
60600
60599
60599
60598
60598
60598
60597
60597
60597
60597
60596
60596
60596
60596
60595
60595
60595
60595
60594
60594
60594
60594
60593
60593
60593
60592
60592
60592
60592
60591
60591
60591
60591
60590
60590
60590
60590
60589
60589
60589
60589
60588
60588
60588
60587
60587
60587
60587
60586
60586
60586
60586
60585
60585
60585
60585
60584
60584
60584
60584
60583
60583
60583
60583
60582
60582
60582
60582
60581
60581
60581
60580
60580
60580
60580
60579
60579
60579
60579
60578
60577
60575
60574
60572
60570
60568
60568
60568
60567
60567
60567
60566
60566
60566
60566
60565
60564
60564
60562
60562
60562
60561
60561
60561
60560
60560
60560
60560
60559
60559
60559
60558
60558
60558
60558
60557
60557
60557
60557
60555
60555
60555
60554
60554
60554
60554
60553
60553
60553
60552
60552
60552
60552
60551
60551
60551
60549
60549
60549
60549
60548
60548
60548
60547
60547
60547
60547
60546
60546
60546
60546
60545
60545
60545
60545
60544
60544
60542
60542
60539
60539
60539
60538
60538
60538
60537
60536
60536
60535
60535
60535
60535
60534
60534
60534
60534
60533
60533
60533
60533
60531
60531
60530
60529
60529
60529
60529
60528
60528
60528
60528
60527
60527
60527
60526
60526
60526
60526
60525
60525
60525
60525
60524
60524
60524
60523
60523
60523
60521
60521
60521
60520
60520
60520
60520
60519
60519
60519
60519
60518
60518
60518
60518
60517
60517
60517
60516
60516
60516
60516
60515
60515
60515
60515
60514
60514
60514
60513
60513
60513
60513
60512
60512
60512
60512
60511
60511
60511
60511
60510
60510
60510
60510
60509
60509
60509
60509
60508
60508
60508
60508
60507
60507
60507
60506
60506
60506
60506
60505
60505
60505
60505
60503
60502
60500
60499
60497
60496
60496
60496
60495
60495
60494
60493
60492
60492
60492
60491
60491
60490
60490
60490
60490
60489
60489
60489
60489
60488
60488
60488
60488
60487
60487
60487
60487
60485
60485
60484
60484
60484
60483
60483
60483
60482
60482
60482
60482
60481
60481
60481
60480
60480
60479
60478
60478
60478
60478
60477
60477
60477
60477
60476
60476
60476
60476
60475
60475
60475
60475
60474
60474
60474
60474
60472
60472
60470
60470
60470
60469
60467
60467
60467
60466
60466
60466
60465
60465
60465
60464
60464
60464
60463
60463
60463
60463
60462
60461
60460
60459
60458
60458
60458
60458
60457
60457
60457
60457
60456
60456
60456
60456
60455
60455
60455
60455
60454
60454
60454
60454
60453
60453
60453
60452
60452
60452
60452
60451
60451
60451
60451
60450
60450
60450
60450
60449
60449
60449
60449
60448
60448
60448
60448
60447
60447
60447
60447
60446
60446
60446
60445
60445
60445
60445
60444
60444
60444
60444
60443
60443
60443
60443
60442
60442
60442
60441
60441
60432
60431
60431
60431
60430
60430
60430
60430
60429
60429
60429
60429
60428
60428
60428
60427
60427
60427
60427
60426
60426
60426
60426
60425
60425
60425
60425
60424
60421
60420
60418
60417
60414
60413
60412
60411
60411
60411
60411
60410
60410
60410
60410
60409
60409
60409
60408
60408
60408
60408
60407
60407
60407
60406
60406
60405
60404
60404
60404
60404
60403
60403
60403
60403
60402
60402
60402
60402
60401
60401
60401
60400
60399
60399
60399
60398
60398
60398
60397
60397
60397
60396
60396
60396
60396
60395
60395
60395
60395
60394
60394
60394
60394
60391
60391
60388
60386
60386
60386
60385
60385
60385
60385
60384
60384
60384
60383
60383
60383
60383
60382
60382
60382
60382
60381
60381
60379
60379
60378
60377
60377
60377
60377
60376
60376
60376
60376
60375
60375
60375
60375
60374
60374
60374
60374
60373
60373
60373
60373
60372
60372
60372
60372
60371
60371
60371
60370
60370
60370
60370
60369
60369
60369
60369
60368
60368
60368
60368
60367
60367
60367
60367
60366
60366
60366
60366
60365
60365
60365
60365
60364
60364
60364
60364
60363
60363
60363
60363
60362
60362
60362
60362
60361
60361
60361
60361
60360
60360
60360
60359
60359
60359
60359
60358
60358
60358
60357
60357
60357
60357
60356
60356
60356
60356
60355
60355
60355
60355
60354
60354
60354
60354
60353
60340
60340
60339
60339
60339
60339
60338
60335
60334
60333
60331
60330
60328
60328
60327
60327
60327
60327
60326
60326
60326
60326
60325
60325
60325
60324
60324
60324
60323
60322
60322
60322
60321
60321
60321
60321
60320
60320
60320
60320
60319
60319
60319
60319
60318
60317
60316
60316
60316
60316
60315
60315
60315
60314
60314
60314
60314
60313
60313
60313
60313
60312
60312
60312
60312
60311
60309
60308
60307
60307
60306
60305
60305
60304
60304
60304
60304
60303
60303
60303
60303
60302
60302
60302
60302
60301
60301
60301
60301
60299
60299
60297
60297
60297
60297
60296
60296
60296
60296
60295
60295
60295
60295
60294
60294
60294
60294
60293
60293
60293
60293
60292
60291
60290
60290
60290
60290
60289
60289
60289
60289
60288
60288
60288
60288
60287
60287
60287
60287
60286
60286
60286
60285
60285
60285
60285
60284
60284
60284
60284
60283
60283
60283
60283
60282
60282
60282
60282
60281
60281
60281
60281
60280
60280
60280
60280
60279
60279
60279
60279
60278
60278
60278
60277
60277
60277
60277
60276
60276
60276
60276
60275
60275
60275
60275
60274
60274
60274
60274
60273
60273
60273
60273
60272
60272
60272
60272
60271
60271
60271
60271
60270
60270
60270
60268
60268
60267
60267
60267
60265
60264
60263
60261
60260
60258
60258
60258
60258
60257
60257
60256
60256
60256
60256
60254
60254
60254
60253
60253
60253
60252
60252
60252
60252
60251
60251
60251
60251
60250
60250
60250
60248
60248
60248
60247
60247
60247
60247
60246
60246
60246
60246
60245
60245
60245
60244
60244
60244
60243
60241
60241
60241
60238
60238
60236
60236
60236
60236
60235
60235
60235
60235
60234
60234
60234
60234
60233
60233
60233
60232
60232
60232
60232
60231
60231
60230
60229
60228
60228
60228
60227
60227
60227
60226
60226
60226
60226
60225
60225
60225
60225
60224
60224
60224
60224
60223
60223
60223
60221
60221
60221
60220
60220
60220
60220
60219
60219
60219
60219
60218
60218
60218
60218
60217
60217
60217
60217
60216
60216
60216
60215
60215
60215
60215
60214
60214
60214
60212
60212
60212
60212
60211
60211
60211
60211
60210
60210
60210
60210
60209
60209
60209
60209
60208
60208
60208
60207
60207
60207
60207
60206
60206
60206
60206
60205
60205
60205
60205
60204
60204
60204
60204
60203
60203
60203
60203
60202
60202
60202
60202
60201
60201
60201
60200
60200
60200
60199
60198
60198
60197
60197
60197
60197
60196
60196
60196
60195
60195
60195
60195
60194
60192
60191
60189
60188
60186
60185
60185
60184
60184
60183
60182
60182
60182
60181
60181
60181
60181
60180
60180
60180
60180
60179
60179
60179
60179
60178
60177
60177
60176
60176
60176
60176
60175
60175
60175
60174
60174
60174
60174
60173
60173
60171
60171
60171
60170
60170
60170
60168
60168
60167
60166
60166
60166
60166
60165
60165
60165
60165
60164
60164
60164
60164
60163
60163
60163
60163
60162
60162
60162
60162
60160
60160
60158
60158
60158
60158
60157
60157
60157
60157
60156
60156
60156
60156
60155
60155
60155
60155
60154
60154
60154
60154
60153
60152
60152
60151
60151
60151
60151
60150
60150
60150
60149
60149
60149
60149
60148
60148
60148
60147
60147
60147
60147
60146
60146
60146
60146
60145
60145
60145
60144
60144
60144
60144
60143
60143
60143
60143
60142
60142
60142
60142
60141
60141
60141
60141
60140
60140
60140
60139
60139
60139
60139
60138
60138
60138
60138
60137
60137
60137
60137
60136
60136
60136
60136
60135
60135
60135
60135
60134
60134
60134
60133
60133
60133
60133
60132
60132
60132
60130
60130
60129
60129
60129
60128
60128
60128
60128
60127
60127
60127
60127
60126
60126
60126
60126
60125
60125
60125
60125
60124
60124
60121
60119
60118
60115
60101
60099
60098
60098
60098
60097
60097
60097
60096
60096
60096
60096
60095
60095
60095
60095
60093
60093
60093
60092
60092
60092
60092
60091
60091
60091
60091
60090
60087
60087
60087
60086
60086
60086
60086
60085
60085
60084
60083
60082
60082
60081
60081
60081
60081
60080
60080
60080
60079
60079
60079
60079
60078
60078
60078
60078
60077
60077
60077
60077
60075
60075
60074
60073
60073
60073
60072
60072
60072
60072
60071
60071
60071
60071
60070
60070
60070
60070
60069
60069
60069
60068
60068
60067
60066
60066
60066
60065
60065
60065
60065
60064
60064
60064
60064
60063
60063
60063
60063
60062
60062
60062
60062
60061
60061
60061
59311
59305
59305
59304
59304
59303
59303
59303
59303
59302
59302
59302
59302
59301
59301
59301
59300
59300
59300
59300
59299
59299
59299
59299
59298
59298
59298
59298
59297
59297
59297
59296
59296
59296
59296
59295
59295
59295
59295
59294
59294
59294
59294
59293
59293
59293
59293
59292
59292
59292
59292
59291
59291
59291
59291
59290
59290
59290
59289
59289
59289
59289
59288
59288
59288
59288
59287
59287
59287
59287
59286
59286
59286
59286
59285
59285
59285
59285
59284
59284
59284
59284
59283
59283
59282
59282
59281
59281
59281
59281
59280
59280
59280
59280
59279
59279
59279
59279
59278
59278
59278
59277
59277
59277
59277
59276
59276
59276
59276
59275
59275
59275
59274
59274
59274
59274
59273
59273
59273
59273
59272
59272
59272
59271
59271
59271
59271
59270
59270
59270
59270
59269
59269
59269
59269
59268
59268
59268
59268
59267
59267
59267
59267
59266
59266
59266
59263
59263
59263
59262
59262
59262
59261
59261
59261
59261
59260
59260
59260
59260
59259
59259
59259
59259
59258
59258
59258
59258
59257
59257
59257
59256
59256
59256
59256
59255
59255
59255
59255
59254
59254
59254
59253
59253
59253
59253
59252
59252
59252
59251
59251
59251
59251
59250
59250
59250
59249
59249
59249
59249
59248
59248
59248
59248
59247
59247
59247
59247
59246
59246
59246
59246
59245
59245
59245
59244
59244
59244
59244
59243
59243
59243
59243
59242
59242
59242
59242
59241
59241
59241
59241
59240
59240
59240
59239
59239
59239
59239
59238
59238
59238
59238
59237
59237
59237
59237
59236
59236
59236
59236
59235
59235
59235
59235
59234
59234
59234
59233
59233
59233
59233
59232
59232
59232
59232
59231
59231
59231
59231
59230
59230
59230
59230
59229
59229
59229
59228
59228
59228
59227
59227
59227
59226
59226
59226
59226
59225
59225
59225
59225
59224
59224
59224
59223
59223
59223
59223
59222
59222
59222
59222
59221
59221
59221
59220
59220
59220
59220
59219
59219
59219
59218
59218
59218
59218
59217
59217
59217
59217
59216
59216
59216
59216
59215
59215
59215
59215
59214
59214
59214
59214
59213
59213
59213
59213
59212
59212
59212
59211
59211
59211
59211
59210
59210
59210
59210
59209
59209
59209
59209
59208
59208
59208
59208
59207
59207
59207
59207
59206
59206
59206
59206
59205
59205
59205
59204
59204
59204
59204
59203
59203
59203
59203
59202
59202
59202
59202
59201
59201
59201
59200
59200
59200
59200
59199
59199
59199
59199
59198
59198
59198
59198
59197
59197
59197
59197
59196
59196
59196
59195
59195
59195
59190
59190
59189
59189
59189
59188
59188
59188
59188
59187
59187
59187
59187
59186
59186
59186
59185
59185
59185
59184
59184
59184
59184
59183
59183
59183
59182
59182
59182
59182
59181
59181
59181
59181
59180
59180
59180
59180
59179
59179
59179
59179
59178
59178
59178
59178
59177
59177
59177
59177
59176
59176
59176
59175
59175
59175
59175
59174
59174
59174
59174
59173
59173
59173
59172
59172
59172
59171
59171
59171
59170
59170
59170
59169
59169
59169
59169
59168
59168
59168
59168
59167
59167
59167
59166
59166
59166
59166
59165
59165
59165
59165
59164
59164
59164
59164
59163
59163
59163
59163
59162
59162
59162
59162
59161
59161
59161
59161
59160
59160
59160
59159
59159
59159
59159
59158
59158
59158
59157
59157
59157
59157
59156
59156
59156
59156
59155
59155
59155
59155
59154
59154
59154
59154
59153
59153
59153
59153
59152
59152
59152
59152
59151
59151
59151
59151
59150
59150
59150
59149
59149
59149
59149
59148
59148
59148
59148
59147
59147
59147
59147
59146
59146
59146
59146
59145
59145
59145
59145
59144
59144
59144
59143
59143
59143
59143
59142
59142
59142
59142
59141
59141
59141
59141
59140
59140
59140
59139
59139
59139
59139
59138
59138
59138
59137
59137
59137
59137
59136
59136
59136
59136
59135
59135
59135
59135
59134
59134
59134
59134
59133
59133
59133
59133
59132
59132
59132
59132
59131
59131
59131
59130
59130
59130
59130
59129
59129
59129
59129
59128
59128
59128
59128
59127
59127
59127
59127
59126
59126
59126
59126
59125
59125
59125
59125
59124
59124
59124
59124
59123
59123
59123
59122
59122
59122
59122
59120
59120
59119
59119
59119
59118
59118
59118
59117
59117
59117
59117
59116
59116
59116
59115
59115
59115
59115
59114
59114
59114
59114
59113
59113
59113
59113
59112
59112
59112
59112
59111
59111
59111
59110
59110
59110
59110
59109
59109
59109
59109
59108
59108
59108
59107
59107
59107
59107
59106
59106
59106
59106
59105
59105
59105
59105
59104
59104
59104
59104
59103
59103
59103
59103
59102
59102
59102
59102
59101
59101
59101
59100
59100
59100
59100
59099
59099
59099
59099
59098
59098
59098
59098
59097
59097
59097
59097
59096
59096
59096
59096
59095
59095
59095
59094
59094
59094
59093
59093
59093
59093
59092
59092
59092
59092
59091
59091
59091
59090
59090
59089
59089
59089
59089
59088
59088
59088
59088
59087
59087
59087
59087
59086
59086
59086
59086
59085
59085
59085
59084
59084
59084
59084
59083
59083
59083
59083
59082
59082
59082
59082
59081
59081
59081
59081
59080
59080
59080
59080
59079
59079
59079
59079
59078
59078
59078
59078
59077
59077
59077
59076
59076
59076
59076
59075
59075
59075
59075
59074
59074
59074
59074
59073
59073
59073
59073
59072
59072
59072
59071
59071
59071
59071
59070
59070
59070
59070
59069
59069
59069
59069
59068
59068
59068
59067
59067
59066
59066
59066
59066
59065
59065
59065
59065
59064
59064
59064
59063
59063
59063
59062
59062
59062
59062
59061
59061
59061
59061
59060
59060
59060
59060
59059
59059
59059
59059
59058
59058
59058
59058
59057
59057
59057
59057
59056
59056
59056
59055
59055
59055
59055
59054
59054
59054
59054
59053
59053
59053
59053
59052
59052
59052
59052
59051
59051
59050
59050
59049
59049
59049
59049
59048
59048
59048
59048
59047
59047
59047
59047
59046
59046
59046
59045
59045
59045
59045
59044
59044
59044
59044
59043
59043
59043
59043
59042
59042
59042
59042
59041
59041
59041
59040
59040
59040
59040
59039
59039
59039
59039
59038
59038
59038
59038
59037
59037
59037
59037
59036
59036
59036
59036
59035
59035
59035
59035
59034
59034
59034
59034
59033
59033
59033
59032
59032
59032
59032
59031
59031
59031
59031
59030
59030
59030
59030
59029
59029
59029
59029
59028
59028
59028
59028
59027
59027
59027
59027
59026
59026
59026
59025
59025
59025
59025
59024
59024
59024
59024
59023
59023
59023
59023
59022
59022
59022
59022
59021
59021
59021
59021
59020
59020
59020
59020
59019
59019
59019
59018
59018
59018
59018
59017
59017
59017
59016
59016
59016
59015
59015
59015
59015
59014
59014
59014
59013
59013
59013
59013
59012
59012
59012
59012
59011
59011
59011
59011
59010
59010
59010
59010
59009
59009
59009
59008
59008
59008
59008
59007
59007
59007
59007
59006
59006
59006
59006
59005
59005
59005
59005
59004
59004
59004
59004
59003
59003
59003
59003
59002
59002
59002
59001
59001
59001
59001
59000
59000
59000
59000
58999
58999
58999
58999
58998
58998
58998
58998
58997
58997
58997
58997
58996
58996
58996
58996
58995
58995
58995
58994
58994
58994
58994
58993
58993
58993
58993
58992
58992
58992
58992
58991
58991
58991
58990
58990
58990
58990
58989
58989
58989
58989
58988
58988
58988
58988
58987
58987
58987
58987
58986
58986
58986
58986
58985
58985
58985
58984
58984
58984
58983
58983
58983
58983
58981
58981
58981
58980
58980
58980
58980
58979
58979
58979
58979
58978
58978
58978
58978
58977
58977
58977
58977
58976
58976
58976
58976
58975
58975
58975
58975
58974
58974
58974
58974
58973
58973
58973
58972
58972
58972
58972
58971
58971
58971
58971
58970
58970
58970
58970
58969
58969
58969
58969
58968
58968
58968
58968
58967
58967
58967
58966
58966
58966
58966
58965
58965
58965
58965
58964
58964
58963
58963
58963
58962
58962
58962
58961
58961
58961
58961
58960
58960
58960
58959
58959
58959
58959
58958
58958
58958
58958
58957
58957
58957
58957
58956
58956
58956
58956
58955
58955
58955
58955
58954
58954
58954
58954
58953
58953
58953
58953
58952
58952
58952
58952
58951
58951
58951
58951
58950
58950
58950
58949
58949
58949
58949
58948
58948
58948
58948
58947
58947
58947
58946
58946
58946
58946
58945
58945
58945
58945
58944
58944
58944
58943
58943
58943
58943
58942
58942
58942
58941
58941
58941
58941
58940
58940
58940
58940
58939
58939
58939
58939
58938
58938
58938
58938
58937
58937
58937
58936
58936
58936
58936
58935
58935
58935
58935
58934
58934
58934
58934
58933
58933
58933
58933
58932
58932
58932
58932
58931
58931
58931
58931
58930
58930
58930
58929
58929
58929
58929
58928
58928
58928
58928
58927
58927
58927
58927
58926
58926
58926
58925
58925
58925
58925
58924
58924
58924
58924
58923
58923
58923
58923
58922
58922
58921
58921
58921
58920
58920
58920
58919
58919
58919
58918
58918
58918
58918
58918
58917
58917
58917
58916
58916
58916
58916
58915
58915
58915
58915
58914
58914
58914
58914
58913
58913
58913
58913
58911
58911
58910
58910
58910
58909
58909
58909
58909
58908
58908
58908
58908
58907
58907
58907
58906
58906
58906
58905
58905
58905
58904
58904
58904
58903
58903
58903
58902
58902
58902
58902
58901
58901
58901
58901
58900
58900
58900
58899
58899
58899
58899
58898
58898
58898
58898
58897
58897
58897
58897
58896
58895
58895
58895
58895
58894
58894
58894
58894
58893
58893
58893
58893
58892
58892
58892
58892
58891
58891
58891
58891
58890
58890
58890
58890
58889
58889
58889
58889
58888
58888
58888
58888
58887
58887
58887
58887
58886
58886
58886
58885
58885
58885
58885
58884
58884
58884
58883
58883
58883
58883
58882
58882
58882
58882
58881
58881
58881
58880
58880
58880
58880
58879
58879
58879
58879
58878
58878
58878
58878
58877
58877
58877
58877
58876
58876
58876
58875
58875
58875
58875
58874
58874
58874
58874
58873
58873
58873
58873
58872
58872
58872
58872
58871
58871
58871
58871
58870
58870
58870
58870
58869
58869
58869
58868
58868
58868
58868
58867
58867
58867
58867
58866
58866
58866
58865
58865
58865
58865
58864
58864
58864
58864
58863
58863
58863
58863
58862
58862
58862
58862
58861
58861
58861
58861
58860
58860
58860
58859
58859
58859
58859
58858
58858
58857
58857
58857
58857
58856
58856
58856
58855
58855
58855
58855
58854
58854
58854
58854
58853
58853
58853
58853
58852
58852
58852
58852
58851
58851
58851
58850
58850
58850
58850
58849
58849
58849
58849
58848
58848
58848
58848
58847
58847
58847
58846
58846
58846
58845
58845
58845
58845
58844
58844
58844
58843
58843
58843
58842
58842
58842
58842
58841
58841
58841
58839
58839
58839
58839
58838
58838
58838
58838
58837
58837
58837
58836
58836
58836
58835
58835
58835
58834
58834
58834
58833
58833
58833
58832
58832
58832
58832
58831
58831
58831
58831
58830
58830
58830
58829
58829
58829
58829
58828
58828
58828
58828
58827
58827
58827
58827
58826
58826
58826
58826
58825
58825
58825
58825
58824
58824
58824
58823
58823
58823
58823
58822
58822
58822
58822
58821
58821
58821
58820
58820
58820
58820
58819
58819
58819
58819
58818
58818
58818
58817
58817
58817
58817
58816
58816
58816
58816
58815
58815
58815
58814
58814
58814
58813
58813
58813
58812
58812
58811
58811
58811
58811
58810
58810
58810
58810
58809
58809
58809
58809
58808
58808
58808
58808
58807
58807
58807
58807
58806
58806
58806
58806
58805
58805
58805
58804
58804
58804
58804
58803
58803
58803
58802
58802
58801
58801
58801
58801
58800
58800
58800
58800
58799
58799
58798
58798
58798
58797
58797
58797
58797
58796
58796
58796
58796
58795
58795
58795
58794
58794
58794
58794
58793
58793
58793
58793
58792
58792
58792
58792
58791
58791
58791
58791
58790
58790
58790
58790
58789
58789
58789
58789
58788
58788
58788
58788
58787
58787
58787
58787
58786
58786
58786
58786
58785
58785
58785
58784
58784
58784
58784
58783
58783
58783
58783
58782
58782
58782
58782
58781
58781
58781
58780
58780
58780
58780
58779
58779
58779
58778
58778
58778
58778
58777
58777
58776
58776
58776
58775
58775
58775
58774
58774
58774
58773
58773
58773
58773
58772
58772
58772
58772
58771
58771
58771
58771
58770
58770
58770
58770
58769
58769
58769
58768
58768
58768
58767
58767
58766
58766
58766
58765
58765
58765
58765
58764
58764
58764
58764
58763
58763
58763
58762
58762
58762
58762
58761
58761
58761
58761
58760
58760
58760
58759
58759
58759
58758
58758
58758
58758
58757
58757
58757
58756
58756
58756
58756
58755
58755
58755
58754
58754
58754
58733
58732
58732
58732
58731
58730
58730
58730
58729
58729
58729
58729
58728
58728
58728
58727
58727
58727
58726
58726
58726
58725
58725
58725
58724
58724
58724
58723
58723
58723
58723
58722
58722
58722
58722
58721
58721
58721
58721
58720
58720
58720
58719
58719
58719
58719
58718
58718
58718
58717
58717
58717
58717
58716
58716
58716
58716
58715
58715
58715
58715
58714
58714
58714
58714
58713
58713
58713
58712
58712
58712
58711
58711
58711
58710
58710
58710
58710
58709
58709
58709
58709
58708
58708
58708
58707
58707
58707
58707
58706
58706
58706
58705
58705
58705
58705
58704
58704
58704
58704
58703
58703
58703
58703
58702
58702
58702
58702
58701
58701
58701
58701
58700
58700
58700
58699
58699
58699
58699
58698
58698
58698
58698
58697
58697
58697
58697
58696
58696
58696
58695
58695
58695
58695
58694
58694
58694
58694
58693
58693
58693
58693
58692
58692
58692
58692
58691
58691
58691
58690
58690
58690
58690
58689
58689
58689
58688
58688
58688
58688
58687
58687
58687
58687
58686
58686
58686
58686
58685
58685
58685
58684
58684
58684
58684
58683
58683
58683
58682
58682
58682
58682
58681
58681
58681
58681
58680
58680
58680
58679
58679
58679
58679
58678
58678
58677
58677
58677
58677
58676
58676
58676
58676
58675
58675
58675
58675
58674
58674
58672
58672
58671
58671
58671
58670
58670
58670
58670
58669
58669
58669
58669
58668
58668
58668
58668
58667
58667
58667
58667
58666
58666
58666
58666
58665
58665
58665
58665
58664
58664
58663
58663
58663
58663
58662
58662
58662
58661
58661
58661
58661
58660
58660
58660
58660
58659
58659
58659
58659
58658
58658
58658
58658
58657
58657
58657
58656
58656
58656
58656
58655
58655
58655
58655
58654
58654
58654
58654
58653
58653
58653
58653
58652
58652
58652
58651
58651
58651
58651
58650
58650
58650
58650
58649
58649
58649
58648
58648
58648
58648
58647
58647
58647
58647
58646
58646
58646
58646
58645
58645
58645
58644
58644
58644
58644
58643
58643
58643
58643
58642
58642
58642
58642
58641
58641
58641
58640
58640
58640
58639
58639
58639
58639
58638
58638
58638
58638
58637
58637
58637
58637
58636
58636
58636
58636
58635
58635
58635
58635
58634
58634
58634
58634
58633
58633
58633
58633
58632
58632
58632
58631
58631
58631
58631
58630
58630
58630
58630
58629
58629
58629
58629
58628
58628
58628
58628
58627
58627
58627
58627
58626
58626
58626
58626
58625
58625
58625
58624
58624
58624
58624
58623
58623
58623
58623
58622
58622
58622
58621
58621
58621
58620
58620
58620
58619
58619
58619
58618
58618
58618
58618
58617
58617
58617
58617
58616
58616
58616
58616
58615
58615
58615
58614
58614
58614
58614
58613
58613
58613
58613
58612
58612
58612
58612
58611
58611
58611
58611
58610
58610
58610
58609
58609
58609
58609
58608
58608
58608
58608
58607
58607
58607
58607
58606
58606
58606
58606
58605
58605
58605
58605
58604
58604
58604
58603
58602
58602
58602
58601
58601
58601
58601
58600
58600
58600
58600
58599
58599
58599
58599
58598
58598
58598
58597
58597
58597
58597
58596
58596
58596
58595
58595
58595
58594
58594
58594
58594
58593
58593
58593
58593
58592
58592
58592
58592
58591
58591
58591
58591
58590
58590
58590
58589
58589
58589
58589
58588
58588
58588
58588
58587
58587
58587
58586
58586
58586
58586
58585
58585
58585
58585
58584
58584
58584
58584
58583
58583
58583
58583
58582
58582
58582
58582
58581
58581
58581
58580
58580
58580
58580
58579
58579
58579
58579
58578
58578
58578
58578
58577
58577
58577
58577
58576
58576
58576
58576
58575
58575
58575
58575
58574
58574
58574
58574
58573
58573
58573
58573
58572
58572
58572
58572
58571
58571
58571
58570
58570
58570
58570
58569
58569
58569
58569
58568
58568
58568
58567
58567
58567
58566
58566
58566
58566
58565
58565
58565
58564
58564
58564
58564
58563
58563
58563
58563
58562
58562
58562
58561
58561
58561
58561
58560
58560
58560
58560
58559
58559
58559
58559
58558
58558
58558
58558
58557
58557
58557
58557
58556
58556
58556
58556
58555
58555
58555
58555
58554
58554
58554
58554
58553
58553
58553
58553
58552
58552
58552
58551
58551
58551
58551
58550
58550
58550
58550
58549
58549
58549
58549
58548
58548
58548
58548
58547
58547
58547
58547
58546
58546
58546
58546
58545
58545
58545
58544
58544
58544
58544
58543
58543
58543
58543
58542
58542
58542
58542
58541
58541
58541
58540
58540
58540
58540
58539
58539
58539
58539
58538
58538
58538
58538
58537
58537
58537
58537
58536
58536
58536
58536
58535
58535
58535
58534
58533
58533
58533
58533
58532
58532
58532
58531
58531
58531
58531
58530
58530
58530
58530
58529
58529
58529
58529
58528
58528
58527
58527
58527
58527
58526
58526
58526
58526
58525
58525
58525
58524
58524
58524
58524
58523
58523
58523
58523
58522
58522
58522
58522
58521
58521
58521
58520
58520
58520
58520
58519
58519
58519
58519
58518
58518
58518
58518
58517
58517
58517
58516
58516
58515
58513
58510
58508
58507
58507
58507
58506
58505
58505
58505
58505
58504
58504
58504
58504
58503
58503
58503
58503
58502
58502
58502
58502
58501
58501
58501
58501
58500
58499
58498
58498
58498
58497
58497
58497
58497
58496
58496
58496
58496
58495
58495
58495
58495
58494
58494
58494
58494
58493
58493
58492
58492
58491
58491
58491
58491
58490
58490
58490
58490
58489
58489
58489
58489
58488
58488
58488
58488
58487
58487
58487
58486
58486
58485
58485
58484
58484
58484
58484
58483
58483
58483
58483
58482
58482
58482
58482
58481
58481
58481
58480
58479
58479
58479
58478
58478
58478
58478
58477
58477
58477
58477
58476
58476
58476
58476
58475
58475
58475
58475
58474
58474
58474
58474
58473
58473
58473
58473
58472
58472
58472
58471
58471
58471
58471
58470
58470
58470
58469
58468
58468
58468
58468
58467
58467
58467
58467
58466
58466
58466
58466
58465
58465
58465
58465
58464
58464
58464
58464
58463
58463
58463
58462
58462
58462
58462
58461
58461
58461
58461
58460
58460
58460
58459
58459
58459
58459
58458
58458
58458
58457
58457
58457
58456
58456
58456
58456
58455
58455
58455
58455
58454
58454
58454
58454
58453
58453
58453
58453
58452
58450
58449
58448
58447
58446
58444
58444
58444
58443
58443
58443
58443
58442
58442
58442
58442
58441
58440
58440
58439
58439
58438
58438
58438
58437
58437
58437
58437
58436
58436
58436
58436
58435
58435
58435
58435
58434
58434
58434
58434
58431
58431
58430
58430
58429
58429
58429
58429
58428
58428
58428
58428
58427
58427
58427
58426
58426
58426
58426
58425
58425
58425
58425
58423
58423
58423
58423
58422
58422
58422
58422
58421
58421
58421
58421
58420
58420
58420
58420
58419
58418
58418
58418
58417
58417
58417
58417
58416
58416
58416
58416
58415
58415
58415
58414
58414
58414
58414
58413
58413
58413
58412
58412
58410
58410
58410
58409
58409
58409
58408
58408
58408
58408
58407
58407
58407
58407
58406
58406
58406
58406
58404
58404
58404
58404
58403
58403
58403
58403
58402
58402
58402
58402
58401
58401
58401
58401
58400
58400
58400
58400
58399
58399
58399
58398
58398
58398
58398
58397
58397
58397
58397
58396
58396
58396
58396
58395
58395
58395
58395
58394
58394
58394
58394
58393
58393
58393
58393
58392
58392
58392
58392
58391
58391
58391
58391
58390
58390
58390
58389
58389
58389
58389
58388
58388
58388
58388
58387
58387
58387
58387
58386
58385
58384
58383
58382
58381
58379
58378
58378
58378
58378
58377
58376
58376
58375
58375
58374
58374
58374
58374
58373
58373
58373
58373
58372
58372
58372
58372
58371
58371
58371
58370
58370
58370
58370
58369
58368
58367
58367
58367
58366
58366
58366
58366
58365
58365
58365
58365
58364
58364
58364
58364
58363
58363
58363
58363
58362
58362
58361
58361
58360
58360
58360
58360
58359
58358
58358
58357
58357
58357
58357
58356
58356
58356
58356
58354
58354
58354
58353
58339
58339
58339
58338
58338
58338
58338
58337
58337
58337
58337
58336
58336
58336
58336
58335
58335
58334
58333
58332
58332
58332
58332
58331
58331
58331
58330
58330
58330
58330
58329
58329
58329
58329
58327
58327
58327
58326
58326
58326
58326
58325
58325
58325
58325
58324
58324
58324
58324
58323
58323
58323
58323
58322
58322
58322
58322
58321
58321
58321
58321
58320
58320
58320
58320
58319
58319
58319
58319
58318
58318
58318
58317
58317
58317
58317
58316
58316
58316
58316
58315
58315
58315
58315
58314
58314
58314
58314
58313
58313
58313
58313
58312
58312
58312
58312
58311
58311
58311
58310
58310
58310
58310
58309
58309
58309
58309
58308
58308
58308
58308
58307
58307
58307
58305
58304
58302
58301
58299
58297
58297
58295
58295
58294
58294
58294
58294
58293
58293
58293
58292
58292
58292
58292
58291
58291
58291
58291
58290
58290
58290
58290
58287
58287
58285
58285
58285
58284
58284
58284
58284
58283
58283
58283
58282
58282
58282
58282
58281
58281
58281
58281
58280
58280
58280
58278
58278
58278
58278
58277
58277
58277
58277
58276
58276
58276
58276
58275
58275
58275
58275
58274
58273
58273
58272
58272
58272
58272
58271
58271
58271
58270
58270
58270
58270
58269
58269
58269
58269
58268
58268
58268
58268
58266
58266
58264
58264
58264
58263
58263
58263
58262
58262
58262
58262
58261
58261
58260
58259
58259
58259
58259
58258
58258
58258
58257
58257
58257
58257
58256
58256
58256
58256
58255
58255
58255
58255
58254
58254
58254
58254
58253
58252
58252
58251
58251
58251
58251
58250
58250
58250
58250
58249
58249
58249
58249
58248
58248
58248
58248
58247
58247
58247
58246
58246
58246
58246
58245
58245
58245
58245
58244
58244
58244
58244
58243
58243
58243
58243
58242
58242
58242
58242
58241
58241
58241
58241
58240
58240
58240
58240
58239
58239
58239
58238
58238
58237
58237
58237
58237
58236
58236
58236
58236
58235
58235
58234
58231
58230
58228
58227
58225
58225
58225
58225
58224
58224
58224
58224
58223
58223
58223
58222
58222
58222
58222
58221
58221
58220
58220
58218
58218
58218
58217
58217
58217
58217
58216
58216
58216
58216
58215
58215
58215
58215
58214
58214
58214
58213
58213
58213
58211
58211
58211
58210
58210
58210
58210
58209
58209
58209
58209
58208
58208
58208
58207
58207
58207
58205
58205
58205
58205
58204
58204
58204
58204
58203
58203
58203
58203
58202
58202
58202
58202
58201
58201
58201
58201
58200
58199
58199
58197
58197
58197
58197
58196
58196
58196
58195
58195
58194
58193
58193
58193
58193
58192
58192
58192
58192
58191
58191
58191
58189
58189
58189
58188
58188
58188
58188
58187
58187
58187
58187
58186
58186
58186
58186
58185
58185
58185
58185
58184
58184
58184
58184
58183
58183
58183
58182
58182
58182
58182
58181
58181
58181
58181
58180
58180
58180
58180
58179
58179
58179
58179
58178
58178
58178
58178
58177
58177
58177
58176
58176
58176
58176
58175
58175
58175
58175
58174
58174
58174
58174
58173
58173
58173
58173
58172
58172
58172
58171
58171
58171
58171
58170
58170
58170
58170
58169
58169
58169
58169
58168
58168
58168
58168
58167
58167
58163
58161
58160
58159
58157
58155
58155
58155
58155
58154
58154
58154
58153
58153
58153
58153
58151
58151
58148
58148
58147
58147
58147
58147
58146
58146
58146
58145
58145
58145
58145
58144
