211177
164994
160202
117018
115330
68953
68951
68950
68949
68948
68947
68947
68947
68946
68946
68934
68934
68933
68933
68933
68932
68932
68932
68931
68931
68931
68929
68928
68928
68927
68927
68927
68926
68926
68926
68926
68924
68923
68923
68923
68923
68922
68922
68922
68921
68921
68919
68919
68919
68917
68917
68916
68916
68914
68914
68914
68913
68913
68912
68912
68912
68912
68911
68911
68911
68911
68910
68910
68909
68908
68908
68908
68907
68907
68907
68907
68906
68906
68906
68906
68905
68905
68905
68905
68904
68904
68904
68904
68903
68903
68903
68903
68902
68902
68902
68902
68901
68901
68901
68899
68899
68899
68898
68898
68898
68897
68897
68897
68897
68896
68896
68896
68896
68895
68895
68895
68894
68894
68894
68894
68893
68893
68893
68893
68892
68892
68892
68891
68891
68891
68890
68890
68890
68890
68889
68889
68889
68888
68888
68887
68887
68887
68886
68886
68886
68885
68885
68885
68885
68884
68884
68884
68884
68883
68882
68881
68881
68881
68880
68880
68880
68880
68879
68879
68879
68879
68878
68878
68878
68878
68877
68877
68877
68876
68876
68876
68876
68875
68875
68875
68875
68874
68874
68874
68873
68873
68873
68872
68872
68872
68871
68871
68869
68868
68866
68865
68863
68862
68861
68861
68861
68860
68860
68860
68860
68859
68858
68857
68857
68855
68854
68854
68854
68853
68853
68853
68853
68852
68852
68852
68852
68851
68851
68851
68851
68850
68850
68848
68848
68846
68846
68845
68845
68845
68845
68844
68844
68844
68844
68843
68843
68843
68843
68842
68840
68840
68827
68827
68827
68826
68826
68826
68826
68825
68825
68825
68822
68821
68821
68821
68821
68820
68820
68820
68819
68819
68819
68817
68817
68817
68816
68816
68816
68816
68815
68815
68815
68815
68814
68814
68814
68814
68800
68800
68799
68799
68799
68799
68798
68798
68796
68796
68796
68796
68795
68795
68795
68795
68794
68794
68794
68794
68793
68793
68793
68793
68792
68792
68792
68792
68791
68791
68791
68791
68790
68790
68790
68790
68789
68789
68789
68789
68788
68788
68788
68788
68787
68787
68787
68787
68786
68786
68786
68786
68785
68785
68785
68783
68782
68782
68782
68782
68781
68781
68781
68781
68780
68780
68780
68780
68779
68779
68779
68779
68778
68778
68778
68778
68777
68777
68777
68777
68776
68776
68776
68776
68775
68775
68775
68775
68774
68774
68774
68774
68773
68773
68773
68772
68772
68772
68772
68771
68771
68771
68769
68766
68764
68762
68760
68756
68756
68756
68740
68740
68739
68739
68739
68738
68738
68738
68738
68737
68737
68737
68736
68736
68736
68736
68735
68735
68735
68735
68734
68733
68733
68731
68731
68731
68730
68730
68730
68730
68729
68729
68729
68729
68728
68728
68728
68728
68726
68726
68724
68724
68724
68724
68723
68723
68723
68722
68722
68722
68722
68721
68721
68721
68721
68720
68720
68720
68720
68719
68719
68718
68717
68717
68717
68717
68716
68716
68716
68716
68715
68715
68715
68714
68714
68714
68714
68713
68713
68713
68713
68712
68712
68712
68710
68710
68710
68710
68709
68709
68709
68709
68708
68708
68708
68708
68707
68707
68707
68707
68706
68706
68706
68706
68705
68705
68705
68705
68704
68704
68704
68703
68703
68703
68703
68702
68702
68702
68701
68701
68699
68699
68699
68699
68698
68698
68698
68698
68696
68696
68696
68695
68695
68695
68694
68694
68694
68694
68693
68693
68693
68692
68692
68692
68692
68691
68691
68691
68691
68690
68690
68690
68690
68689
68689
68689
68689
68688
68688
68688
68688
68687
68687
68687
68687
68686
68686
68686
68685
68685
68685
68685
68684
68684
68684
68684
68683
68683
68683
68683
68682
68682
68682
68682
68680
68678
68676
68674
68672
68670
68670
68670
68670
68669
68669
68669
68668
68668
68668
68668
68667
68667
68667
68667
68666
68666
68666
68664
68664
68662
68662
68662
68661
68661
68661
68660
68660
68660
68660
68659
68659
68659
68658
68658
68657
68656
68655
68654
68654
68654
68654
68653
68653
68653
68653
68652
68652
68652
68652
68651
68651
68651
68651
68650
68650
68650
68650
68648
68648
68647
68647
68647
68647
68646
68646
68646
68646
68645
68645
68645
68645
68644
68644
68644
68644
68643
68643
68643
68643
68642
68641
68640
68640
68639
68639
68639
68639
68638
68638
68638
68638
68637
68637
68637
68637
68636
68636
68636
68636
68635
68635
68634
68633
68633
68633
68633
68632
68632
68632
68631
68631
68631
68631
68630
68630
68630
68630
68629
68629
68629
68629
68627
68627
68626
68626
68626
68626
68625
68625
68625
68625
68624
68624
68624
68623
68623
68623
68623
68622
68622
68622
68622
68621
68621
68621
68621
68620
68620
68620
68620
68619
68619
68619
68619
68618
68618
68618
68617
68617
68617
68617
68616
68616
68616
68616
68615
68615
68615
68615
68614
68614
68614
68613
68613
68613
68613
68612
68612
68612
68612
68611
68611
68611
68611
68610
68610
68607
68605
68604
68602
68599
68598
68597
68597
68597
68596
68596
68596
68596
68595
68595
68595
68594
68593
68593
68591
68591
68591
68590
68590
68590
68590
68589
68589
68589
68589
68588
68588
68588
68587
68585
68585
68583
68583
68582
68582
68581
68581
68581
68580
68580
68580
68580
68579
68579
68579
68579
68578
68578
68578
68578
68577
68577
68576
68575
68575
68575
68575
68574
68574
68574
68574
68573
68573
68573
68572
68572
68572
68572
68571
68571
68571
68571
68570
68570
68570
68568
68568
68568
68568
68567
68567
68567
68567
68566
68566
68566
68566
68565
68565
68565
68565
68564
68564
68564
68564
68563
68562
68561
68560
68559
68559
68559
68559
68558
68558
68558
68558
68557
68557
68557
68557
68556
68556
68555
68554
68554
68554
68554
68553
68553
68553
68552
68552
68552
68552
68551
68551
68551
68551
68550
68550
68550
68550
68549
68549
68549
68549
68548
68548
68548
68548
68547
68547
68547
68547
68546
68546
68546
68546
68545
68545
68545
68545
68544
68544
68544
68544
68543
68543
68543
68543
68542
68542
68542
68542
68541
68541
68541
68541
68540
68540
68540
68540
68539
68539
68539
68539
68538
68538
68538
68538
68537
68537
68537
68537
68536
68536
68533
68532
68530
68529
68527
68526
68526
68525
68525
68525
68525
68523
68523
68521
68521
68521
68521
68520
68520
68519
68519
68519
68519
68518
68518
68518
68517
68517
68516
68515
68514
68514
68513
68513
68513
68512
68512
68512
68512
68511
68511
68511
68511
68510
68510
68510
68510
68509
68509
68509
68509
68507
68507
68506
68506
68506
68506
68505
68505
68505
68504
68504
68504
68504
68502
68502
68502
68501
68501
68501
68501
68500
68500
68500
68498
68498
68498
68497
68497
68497
68497
68496
68496
68496
68496
68495
68495
68495
68495
68494
68494
68494
68494
68493
68493
68492
68491
68490
68490
68489
68489
68489
68488
68488
68487
68487
68487
68487
68487
68485
68485
68484
68484
68484
68484
68483
68483
68483
68483
68482
68482
68482
68482
68481
68481
68481
68481
68480
68480
68480
68480
68479
68479
68479
68479
68478
68478
68478
68478
68477
68477
68477
68477
68476
68476
68476
68476
68475
68475
68475
68475
68474
68474
68474
68473
68473
68473
68473
68472
68472
68472
68472
68471
68471
68471
68471
68470
68470
68470
68470
68469
68469
68469
68469
68468
68468
68468
68467
68467
68467
68467
68466
68466
68466
68466
68465
68465
68465
68465
68464
68464
68464
68462
68460
68459
68457
68454
68451
68451
68450
68449
68449
68449
68448
68448
68448
68447
68447
68447
68447
68446
68446
68446
68446
68444
68444
68442
68442
68442
68441
68441
68441
68441
68440
68440
68440
68440
68439
68439
68439
68439
68438
68438
68438
68437
68437
68437
68435
68435
68435
68435
68434
68434
68434
68434
68433
68433
68433
68433
68432
68432
68432
68432
68431
68431
68431
68431
68430
68430
68430
68428
68428
68428
68427
68427
68427
68426
68426
68426
68426
68426
68425
68425
68425
68424
68424
68424
68424
68423
68423
68423
68421
68421
68420
68419
68419
68419
68419
68418
68418
68418
68418
68416
68416
68415
68415
68415
68415
68414
68414
68414
68414
68413
68413
68413
68413
68412
68412
68412
68411
68411
68411
68411
68410
68410
68410
68410
68409
68409
68409
68407
68407
68407
68407
68406
68406
68406
68406
68405
68405
68405
68405
68404
68404
68404
68404
68403
68403
68403
68403
68402
68402
68402
68402
68401
68401
68401
68400
68400
68400
68400
68399
68399
68399
68399
68398
68398
68398
68398
68397
68397
68397
68397
68396
68396
68396
68396
68395
68395
68395
68395
68394
68394
68394
68393
68393
68393
68393
68392
68392
68392
68392
68391
68391
68390
68386
68385
68383
68381
68380
68380
68379
68379
68379
68379
68378
68378
68378
68378
68377
68376
68375
68374
68374
68373
68373
68373
68372
68372
68372
68372
68371
68371
68371
68371
68370
68370
68370
68370
68369
68369
68369
68369
68367
68367
68366
68366
68366
68366
68365
68365
68365
68365
68364
68364
68364
68364
68363
68363
68363
68363
68362
68362
68362
68361
68361
68360
68359
68359
68359
68358
68358
68358
68358
68357
68357
68357
68357
68356
68356
68356
68356
68355
68355
68355
68354
68354
68353
68352
68351
68351
68350
68350
68349
68349
68347
68347
68347
68347
68346
68346
68346
68346
68345
68345
68345
68345
68344
68344
68344
68342
68342
68342
68341
68341
68341
68341
68340
68340
68340
68340
68339
68339
68339
68338
68338
68338
68338
68337
68337
68337
68337
68336
68336
68336
68336
68335
68335
68335
68335
68334
68334
68334
68334
68333
68333
68333
68333
68332
68332
68332
68331
68331
68331
68331
68330
68330
68330
68330
68329
68329
68329
68329
68328
68328
68328
68328
68327
68327
68327
68327
68326
68326
68326
68325
68325
68325
68325
68324
68324
68324
68324
68323
68323
68323
68323
68322
68322
68322
68322
68321
68321
68321
68321
68320
68320
68317
68315
68314
68311
68310
68308
68308
68308
68307
68307
68305
68295
68293
68292
68292
68292
68291
68291
68291
68291
68290
68290
68290
68290
68289
68289
68289
68289
68288
68288
68288
68288
68287
68286
68285
68285
68285
68285
68284
68284
68284
68283
68283
68283
68282
68282
68282
68282
68281
68281
68281
68281
68280
68280
68280
68280
68278
68278
68278
68277
68277
68277
68276
68276
68276
68276
68275
68275
68275
68275
68274
68274
68274
68274
68273
68273
68273
68271
68271
68270
68269
68269
68266
68266
68266
68263
68262
68262
68261
68261
68261
68260
68260
68260
68259
68259
68258
68258
68257
68257
68255
68255
68252
68252
68252
68251
68251
68251
68250
68250
68250
68249
68249
68248
68248
68248
68247
68247
68246
68246
68246
68245
68245
68245
68244
68244
68243
67422
67420
67420
67419
67419
67418
67418
67418
67418
67417
67417
67417
67417
67416
67416
67415
67415
67415
67415
67414
67414
67414
67414
67413
67413
67413
67413
67412
67412
67412
67411
67411
67411
67410
67410
67410
67410
67409
67409
67409
67408
67408
67408
67408
67407
67407
67407
67406
67406
67406
67406
67406
67405
67405
67405
67404
67404
67404
67403
67403
67403
67403
67402
67402
67402
67398
67396
67395
67391
67388
67387
67385
67385
67385
67384
67384
67384
67384
67383
67383
67383
67383
67382
67382
67381
67381
67381
67381
67380
67380
67380
67380
67378
67378
67378
67377
67377
67377
67377
67376
67376
67376
67376
67375
67375
67375
67375
67374
67374
67374
67374
67373
67373
67373
67373
67371
67371
67370
67370
67370
67370
67369
67369
67369
67369
67368
67368
67368
67368
67366
67365
67365
67365
67365
67364
67364
67362
67362
67359
67359
67358
67358
67358
67357
67357
67357
67357
67356
67356
67356
67356
67355
67355
67355
67355
67354
67354
67354
67354
67352
67352
67350
67350
67350
67349
67349
67349
67349
67348
67348
67348
67347
67347
67347
67347
67346
67346
67346
67346
67345
67345
67345
67345
67344
67344
67344
67344
67343
67343
67343
67343
67342
67342
67342
67341
67341
67341
67341
67340
67340
67340
67340
67339
67339
67339
67339
67338
67338
67338
67338
67337
67337
67337
67337
67336
67336
67336
67336
67335
67335
67335
67334
67334
67334
67334
67333
67333
67333
67333
67332
67332
67332
67332
67331
67331
67331
67331
67330
67330
67330
67330
67329
67329
67329
67329
67328
67328
67328
67327
67327
67327
67327
67326
67326
67326
67326
67325
67323
67321
67317
67315
67313
67312
67312
67311
67311
67311
67310
67310
67310
67309
67309
67309
67309
67308
67308
67308
67308
67306
67306
67305
67305
67305
67305
67304
67304
67304
67304
67303
67303
67303
67303
67302
67302
67302
67301
67301
67301
67301
67300
67300
67299
67298
67298
67298
67298
67297
67297
67297
67297
67296
67296
67296
67296
67295
67295
67295
67294
67294
67294
67294
67292
67290
67290
67289
67289
67288
67288
67288
67287
67287
67287
67287
67286
67286
67286
67286
67285
67285
67285
67284
67284
67284
67284
67283
67282
67281
67280
67280
67279
67279
67279
67278
67278
67278
67278
67277
67277
67277
67277
67276
67276
67276
67276
67275
67275
67275
67275
67274
67274
67274
67274
67273
67273
67273
67273
67272
67272
67272
67271
67271
67271
67271
67270
67270
67269
67268
67268
67268
67267
67267
67267
67267
67266
67266
67266
67266
67265
67265
67265
67264
67264
67264
67264
67263
67263
67263
67262
67262
67262
67262
67261
67261
67261
67261
67260
67260
67260
67260
67259
67259
67259
67259
67258
67258
67258
67258
67257
67257
67257
67256
67256
67256
67256
67255
67255
67255
67255
67254
67254
67254
67254
67253
67253
67253
67253
67252
67252
67252
67249
67247
67246
67244
67241
67240
67239
67239
67239
67239
67238
67238
67238
67238
67237
67236
67235
67235
67235
67234
67234
67234
67234
67233
67233
67233
67233
67232
67232
67232
67232
67231
67231
67231
67230
67230
67230
67230
67228
67228
67227
67227
67227
67227
67226
67226
67226
67226
67225
67225
67225
67225
67224
67224
67224
67222
67222
67222
67222
67220
67219
67218
67218
67218
67217
67217
67217
67216
67216
67216
67216
67215
67215
67215
67215
67214
67214
67214
67214
67213
67213
67213
67211
67211
67209
67209
67209
67208
67208
67208
67207
67207
67207
67206
67206
67206
67206
67205
67205
67204
67203
67203
67203
67203
67202
67202
67202
67202
67201
67201
67201
67201
67200
67200
67200
67200
67199
67199
67199
67199
67198
67198
67198
67197
67197
67197
67197
67197
67196
67196
67196
67196
67195
67195
67195
67195
67194
67194
67194
67194
67193
67193
67193
67193
67192
67192
67192
67191
67191
67191
67191
67190
67190
67190
67190
67189
67189
67189
67189
67188
67188
67188
67188
67187
67187
67187
67187
67186
67186
67186
67186
67185
67185
67185
67185
67184
67184
67184
67184
67183
67183
67183
67183
67181
67181
67180
67180
67180
67180
67179
67179
67179
67176
67173
67172
67170
67169
67167
67167
67167
67167
67165
67165
67164
67164
67164
67163
67163
67163
67163
67162
67162
67162
67162
67161
67161
67161
67161
67160
67160
67160
67160
67159
67159
67157
67157
67157
67157
67156
67156
67156
67156
67155
67155
67155
67154
67154
67154
67152
67152
67152
67151
67151
67151
67151
67149
67149
67147
67147
67147
67146
67146
67146
67146
67145
67145
67145
67145
67144
67144
67144
67144
67143
67143
67143
67143
67142
67142
67141
67140
67139
67138
67138
67138
67138
67137
67137
67137
67137
67136
67136
67136
67136
67135
67135
67134
67133
67133
67133
67132
67132
67132
67132
67131
67131
67131
67131
67130
67130
67130
67130
67129
67129
67129
67129
67128
67128
67128
67127
67127
67127
67127
67126
67126
67126
67126
67125
67125
67125
67125
67124
67124
67124
67124
67123
67123
67123
67123
67122
67122
67122
67121
67121
67121
67121
67120
67120
67120
67120
67119
67119
67119
67119
67118
67118
67118
67118
67117
67117
67117
67116
67116
67116
67116
67115
67115
67115
67115
67114
67114
67114
67114
67113
67113
67113
67113
67111
67111
67111
67110
67110
67110
67109
67109
67109
67109
67108
67108
67108
67108
67107
67107
67107
67107
67105
67103
67102
67099
67098
67096
67096
67095
67095
67095
67095
67094
67094
67094
67094
67093
67093
67093
67093
67092
67092
67092
67092
67091
67091
67091
67089
67089
67088
67088
67088
67088
67087
67087
67087
67087
67086
67084
67084
67084
67084
67083
67083
67083
67082
67082
67082
67080
67080
67079
67078
67078
67078
67078
67077
67077
67077
67077
67076
67076
67076
67076
67075
67075
67073
67073
67073
67072
67072
67072
67070
67070
67069
67068
67068
67067
67067
67067
67066
67066
67066
67066
67065
67065
67065
67065
67064
67063
67063
67062
67062
67062
67062
67061
67061
67061
67061
67060
67060
67060
67059
67059
67059
67059
67058
67058
67058
67058
67057
67057
67057
67057
67056
67056
67056
67056
67055
67055
67055
67055
67054
67054
67054
67053
67053
67053
67053
67052
67052
67052
67052
67051
67051
67051
67051
67050
67050
67050
67050
67049
67049
67049
67048
67048
67048
67048
67047
67047
67047
67047
67046
67046
67046
67046
67045
67045
67045
67045
67044
67044
67044
67043
67043
67043
67043
67041
67041
67040
67040
67040
67040
67039
67039
67039
67039
67038
67038
67038
67038
67037
67037
67037
67037
67036
67036
67036
67036
67035
67035
67035
67035
67034
67033
67030
67028
67027
67025
67024
67024
67024
67023
67023
67023
67023
67022
67022
67022
67021
67021
67021
67021
67020
67019
67019
67019
67018
67018
67018
67017
67017
67016
67015
67015
67015
67015
67014
67014
67014
67013
67013
67013
67013
67013
67011
67011
67009
67009
67009
67008
67008
67008
67008
67007
67007
67007
67007
67006
67006
67006
67006
67005
67005
67005
67005
67004
67004
67003
67002
67001
67000
67000
67000
67000
66999
66999
66999
66998
66998
66998
66998
66997
66997
66997
66995
66995
66995
66995
66994
66994
66994
66994
66993
66993
66993
66993
66992
66992
66992
66992
66991
66991
66991
66990
66990
66990
66990
66988
66988
66988
66987
66987
66987
66987
66986
66986
66986
66985
66985
66985
66985
66984
66984
66984
66984
66983
66983
66983
66983
66982
66982
66981
66980
66980
66980
66980
66979
66979
66979
66979
66978
66978
66978
66978
66977
66977
66977
66977
66976
66976
66976
66975
66975
66975
66975
66974
66974
66974
66974
66972
66972
66972
66971
66971
66971
66971
66970
66970
66970
66970
66969
66969
66969
66968
66968
66968
66968
66967
66967
66967
66967
66966
66966
66966
66966
66965
66965
66965
66965
66964
66964
66964
66963
66963
66963
66961
66959
66958
66956
66955
66953
66953
66952
66952
66952
66952
66951
66951
66951
66949
66949
66949
66948
66948
66947
66946
66946
66946
66945
66945
66945
66945
66944
66944
66944
66944
66943
66943
66942
66942
66941
66940
66939
66939
66938
66938
66938
66938
66937
66937
66937
66936
66936
66936
66936
66935
66935
66935
66935
66934
66934
66934
66934
66932
66932
66930
66930
66930
66929
66929
66929
66929
66928
66928
66928
66928
66927
66927
66927
66927
66925
66925
66925
66924
66924
66924
66923
66923
66923
66923
66922
66922
66922
66922
66921
66921
66921
66921
66920
66920
66920
66920
66919
66918
66917
66917
66917
66917
66916
66916
66916
66916
66915
66915
66915
66915
66914
66914
66914
66914
66913
66913
66913
66913
66912
66912
66912
66911
66911
66911
66911
66910
66910
66910
66910
66909
66909
66909
66909
66908
66908
66908
66908
66907
66907
66907
66907
66906
66906
66906
66905
66905
66903
66903
66903
66903
66902
66902
66902
66902
66901
66901
66901
66901
66900
66900
66900
66899
66899
66899
66899
66898
66898
66898
66898
66897
66897
66897
66897
66896
66896
66896
66896
66895
66895
66895
66895
66894
66894
66894
66894
66893
66893
66893
66892
66892
66892
66888
66886
66885
66883
66882
66880
66880
66880
66878
66878
66876
66876
66875
66875
66875
66874
66874
66874
66874
66873
66873
66873
66873
66872
66872
66872
66872
66871
66871
66870
66869
66868
66868
66867
66867
66867
66867
66866
66866
66866
66866
66865
66865
66865
66864
66864
66864
66864
66863
66863
66863
66863
66861
66861
66860
66859
66859
66859
66859
66858
66858
66858
66857
66857
66857
66857
66856
66856
66856
66854
66854
66854
66854
66853
66853
66853
66853
66852
66852
66852
66852
66851
66851
66851
66851
66850
66850
66850
66850
66849
66849
66849
66847
66847
66847
66846
66846
66845
66845
66845
66845
66844
66844
66844
66844
66843
66842
66842
66842
66841
66841
66838
66837
66837
66836
66836
66836
66835
66835
66835
66834
66834
66834
66833
66833
66832
66832
66832
66831
66831
66830
66830
66830
66829
66829
66829
66828
66828
66826
66825
66752
66752
66752
66751
66751
66751
66751
66750
66750
66750
66750
66749
66749
66749
66749
66748
66748
66748
66747
66747
66747
66747
66746
66746
66746
66746
66745
66745
66745
66745
66744
66744
66744
66744
66743
66743
66743
66742
66742
66742
66742
66741
66741
66741
66741
66740
66740
66740
66740
66739
66739
66739
66737
66735
66733
66731
66730
66728
66728
66728
66727
66727
66727
66727
66726
66726
66725
66725
66725
66725
66724
66724
66724
66724
66723
66722
66721
66720
66719
66719
66719
66719
66718
66718
66718
66717
66717
66717
66717
66716
66716
66716
66716
66715
66715
66715
66715
66714
66713
66712
66711
66711
66710
66710
66710
66710
66709
66709
66709
66709
66708
66708
66708
66708
66707
66706
66704
66704
66703
66703
66703
66703
66702
66702
66702
66702
66701
66701
66701
66701
66700
66700
66700
66700
66699
66699
66699
66699
66685
66685
66684
66684
66684
66684
66683
66683
66683
66682
66682
66682
66682
66681
66681
66681
66681
66680
66680
66680
66680
66678
66678
66677
66677
66677
66677
66676
66676
66676
66676
66675
66675
66675
66675
66674
66674
66674
66674
66673
66673
66673
66673
66671
66671
66670
66670
66670
66670
66669
66669
66669
66669
66668
66668
66668
66668
66667
66667
66667
66666
66666
66666
66666
66665
66665
66665
66665
66664
66664
66664
66664
66663
66663
66663
66662
66662
66662
66661
66661
66661
66661
66660
66660
66660
66660
66659
66659
66659
66659
66658
66658
66658
66658
66657
66657
66657
66657
66656
66656
66656
66656
66655
66655
66655
66654
66651
66648
66646
66645
66643
66641
66641
66640
66640
66640
66639
66639
66639
66639
66638
66638
66638
66636
66636
66634
66634
66634
66634
66633
66633
66633
66633
66632
66632
66632
66632
66631
66631
66631
66630
66630
66630
66630
66629
66629
66628
66627
66626
66625
66625
66625
66625
66624
66624
66624
66624
66623
66623
66623
66623
66622
66622
66620
66620
66620
66620
66619
66619
66619
66619
66618
66618
66618
66618
66617
66617
66617
66616
66616
66616
66616
66616
66615
66615
66615
66613
66613
66613
66612
66612
66612
66612
66611
66611
66611
66611
66610
66610
66610
66610
66609
66609
66609
66609
66608
66608
66607
66606
66605
66605
66604
66604
66604
66604
66603
66603
66603
66603
66602
66602
66602
66602
66601
66601
66601
66599
66599
66599
66599
66598
66598
66598
66597
66596
66596
66595
66595
66595
66595
66594
66594
66594
66594
66593
66593
66593
66593
66592
66592
66592
66592
66591
66591
66591
66591
66590
66590
66590
66590
66589
66589
66589
66588
66588
66588
66588
66587
66587
66587
66587
66586
66586
66586
66586
66585
66585
66585
66585
66584
66584
66584
66584
66583
66583
66583
66583
66582
66582
66582
66582
66581
66581
66581
66581
66580
66580
66580
66578
66576
66575
66574
66572
66570
66570
66569
66569
66569
66569
66567
66567
66565
66565
66565
66564
66564
66564
66564
66563
66563
66563
66563
66562
66562
66562
66562
66561
66561
66561
66561
66560
66560
66558
66558
66556
66556
66556
66556
66555
66555
66555
66555
66554
66554
66554
66554
66553
66553
66553
66551
66551
66551
66550
66550
66550
66550
66549
66549
66549
66548
66548
66548
66547
66547
66547
66547
66546
66546
66546
66546
66545
66545
66544
66543
66543
66543
66543
66542
66542
66542
66542
66541
66541
66541
66540
66540
66540
66540
66539
66539
66539
66539
66538
66537
66536
66535
66535
66535
66534
66534
66534
66534
66533
66533
66533
66533
66532
66532
66532
66530
66530
66530
66530
66529
66529
66529
66529
66528
66528
66528
66527
66527
66527
66527
66526
66526
66526
66526
66525
66525
66525
66525
66524
66524
66524
66524
66523
66523
66523
66522
66522
66522
66522
66521
66521
66521
66521
66520
66520
66520
66520
66519
66519
66519
66519
66518
66518
66518
66518
66517
66517
66517
66516
66516
66516
66516
66515
66515
66515
66515
66514
66514
66514
66514
66513
66513
66513
66513
66512
66512
66512
66512
66511
66511
66511
66511
66510
66510
66510
66510
66505
66504
66503
66500
66498
66496
66495
66494
66494
66493
66493
66493
66492
66492
66492
66492
66491
66491
66491
66491
66490
66490
66490
66490
66489
66489
66489
66489
66487
66487
66485
66485
66485
66485
66484
66484
66484
66484
66483
66483
66483
66482
66482
66482
66481
66480
66480
66480
66479
66479
66479
66478
66478
66478
66478
66477
66477
66477
66477
66476
66476
66476
66476
66475
66475
66475
66474
66474
66473
66473
66472
66472
66472
66471
66471
66471
66471
66470
66470
66470
66470
66469
66469
66469
66469
66468
66468
66468
66468
66466
66466
66465
66464
66464
66464
66463
66463
66463
66463
66462
66462
66462
66460
66460
66460
66460
66459
66459
66459
66458
66458
66458
66458
66457
66457
66457
66457
66456
66456
66456
66456
66455
66455
66455
66455
66454
66454
66454
66454
66453
66453
66453
66453
66452
66452
66452
66452
66451
66451
66451
66451
66450
66450
66450
66450
66449
66449
66449
66449
66448
66448
66448
66447
66447
66447
66447
66446
66446
66446
66446
66446
66445
66445
66445
66445
66444
66444
66444
66443
66443
66443
66443
66443
66442
66442
66442
66441
66441
66441
66441
66440
66440
66440
66440
66439
66439
66439
66439
66438
66438
66438
66438
66436
66433
66431
66430
66428
66427
66427
66426
66426
66426
66426
66425
66425
66425
66425
66424
66424
66424
66423
66423
66423
66423
66421
66421
66420
66419
66419
66419
66419
66418
66418
66418
66418
66417
66417
66417
66417
66416
66416
66415
66414
66414
66414
66414
66413
66413
66413
66412
66412
66412
66411
66411
66411
66411
66410
66410
66410
66410
66409
66409
66409
66409
66407
66407
66405
66405
66405
66404
66404
66404
66404
66403
66403
66403
66403
66402
66402
66402
66402
66401
66401
66401
66401
66399
66399
66397
66397
66397
66396
66396
66396
66396
66395
66394
66393
66393
66393
66393
66392
66392
66392
66392
66391
66391
66391
66390
66388
66388
66387
66387
66387
66387
66386
66386
66386
66386
66385
66385
66385
66385
66384
66384
66384
66384
66383
66383
66383
66382
66382
66382
66382
66381
66381
66381
66381
66380
66380
66380
66380
66379
66379
66379
66379
66378
66378
66378
66378
66377
66377
66377
66377
66376
66376
66376
66376
66375
66375
66375
66374
66374
66374
66374
66373
66373
66373
66373
66372
66372
66372
66372
66371
66371
66371
66371
66370
66370
66370
66370
66369
66369
66369
66369
66368
66368
66368
66368
66367
66367
66367
66367
66366
66366
66364
66363
66361
66360
66358
66356
66356
66356
66356
66355
66355
66355
66355
66354
66354
66354
66352
66352
66351
66350
66350
66350
66350
66349
66349
66349
66348
66348
66348
66348
66347
66347
66347
66345
66345
66345
66345
66344
66344
66344
66344
66343
66343
66343
66342
66342
66342
66342
66341
66341
66341
66341
66340
66340
66340
66340
66338
66338
66338
66337
66337
66337
66337
66336
66336
66336
66336
66335
66335
66335
66335
66334
66334
66334
66334
66333
66333
66332
66331
66330
66330
66329
66329
66329
66327
66327
66327
66327
66326
66326
66326
66326
66325
66325
66325
66325
66324
66324
66324
66323
66322
66322
66320
66320
66320
66319
66319
66319
66319
66318
66318
66318
66317
66317
66317
66317
66316
66316
66316
66316
66315
66315
66315
66315
66314
66314
66314
66314
66312
66312
66312
66311
66311
66311
66311
66310
66310
66310
66310
66309
66309
66309
66309
66308
66308
66308
66308
66307
66307
66307
66307
66306
66306
66306
66306
66305
66305
66305
66305
66304
66304
66304
66304
66303
66303
66303
66303
66302
66302
66302
66301
66301
66301
66300
66300
66300
66300
66299
66299
66299
66298
66298
66298
66297
66297
66297
66296
66296
66296
66296
66295
66295
66293
66292
66290
66289
66287
66286
66285
66285
66285
66284
66283
66283
66281
66281
66281
66281
66280
66280
66280
66280
66279
66279
66279
66279
66278
66278
66278
66276
66276
66276
66275
66275
66275
66275
66274
66274
66274
66274
66273
66273
66273
66273
66272
66272
66272
66272
66271
66271
66271
66271
66269
66269
66269
66268
66268
66268
66267
66267
66267
66267
66266
66266
66266
66266
66265
66265
66265
66265
66264
66264
66264
66262
66262
66260
66260
66259
66258
66258
66258
66258
66257
66257
66257
66257
66256
66256
66256
66256
66255
66255
66255
66255
66254
66254
66253
66252
66250
66249
66249
66249
66249
66248
66248
66248
66248
66247
66247
66247
66247
66246
66246
66246
66245
66245
66245
66245
66244
66244
66244
66244
66243
66243
66243
66243
66242
66242
66242
66242
66241
66241
66241
66241
66240
66240
66240
66240
66239
66239
66239
66239
66238
66238
66238
66238
66237
66237
66237
66236
66236
66236
66236
66235
66235
66235
66235
66234
66234
66234
66234
66233
66233
66233
66233
66232
66232
66232
66232
66231
66231
66231
66231
66230
66230
66230
66229
66229
66229
66229
66228
66228
66228
66228
66227
66227
66227
66227
66226
66226
66226
66226
66225
66225
66222
66220
66219
66217
66215
66213
66212
66212
66211
66211
66211
66211
66210
66210
66210
66210
66209
66209
66209
66208
66208
66207
66206
66206
66206
66206
66205
66205
66205
66205
66204
66204
66204
66204
66203
66203
66203
66203
66202
66202
66202
66201
66201
66201
66199
66199
66199
66199
66198
66198
66198
66198
66197
66197
66197
66197
66196
66196
66196
66196
66195
66195
66195
66195
66194
66193
66191
66189
66189
66189
66188
66188
66187
66187
66187
66187
66186
66186
66186
66186
66186
66185
66185
66185
66184
66184
66184
66184
66182
66182
66181
66180
66180
66180
66180
66179
66179
66178
66178
66178
66177
66177
66177
66177
66176
66176
66176
66176
66175
66175
66175
66175
66174
66174
66174
66174
66173
66173
66173
66173
66172
66172
66172
66172
66171
66171
66171
66171
66170
66170
66170
66169
66169
66169
66169
66168
66168
66168
66168
66167
66167
66167
66167
66166
66166
66166
66166
66165
66165
66165
66165
66164
66164
66164
66164
66163
66163
66163
66163
66162
66162
66162
66162
66161
66161
66161
66161
66160
66160
66160
66159
66159
66159
66159
66158
66158
66158
66158
66157
66157
66157
66157
66156
66156
66155
66155
66155
66155
66154
66154
66154
66154
66151
66149
66148
66147
66145
66144
66143
66143
66143
66143
66142
66142
66142
66142
66141
66140
66139
66139
66139
66139
66138
66138
66138
66138
66137
66137
66137
66137
66136
66136
66136
66136
66135
66135
66135
66135
66134
66134
66133
66132
66132
66132
66132
66131
66131
66131
66130
66130
66130
66130
66129
66129
66129
66129
66128
66128
66128
66126
66126
66125
66125
66123
66123
66122
66121
66121
66120
66120
66120
66120
66119
66119
66119
66119
66118
66118
66117
66117
66117
66117
66116
66116
66115
66114
66112
66111
66111
66111
66111
66110
66110
66110
66110
66109
66109
66109
66109
66108
66108
66108
66108
66107
66107
66107
66106
66105
66104
66104
66104
66103
66103
66103
66103
66102
66102
66102
66102
66101
66101
66101
66101
66100
66100
66100
66100
66099
66099
66099
66099
66098
66098
66098
66098
66097
66097
66097
66097
66096
66096
66096
66096
66095
66095
66095
66095
66094
66094
66094
66094
66093
66093
66093
66093
66092
66092
66092
66092
66091
66091
66091
66091
66090
66090
66090
66090
66089
66089
66089
66089
66088
66088
66088
66088
66087
66087
66087
66087
66086
66086
66086
66086
66085
66085
66085
66085
66083
66082
66082
66082
66081
66081
66081
66079
66078
66076
66075
66073
66071
66071
66071
66071
66069
66069
66069
66069
66068
66068
66068
66068
66067
66067
66067
66067
66066
66066
66066
66066
66065
66065
66065
66064
66064
66064
66064
66062
66062
66062
66061
66061
66061
66061
66060
66060
66060
66060
66059
66059
66059
66059
66058
66057
66056
66056
66056
66056
66054
66054
66052
66052
66052
66051
66051
66051
66051
66050
66050
66050
66050
66049
66049
66049
66049
66048
66048
66048
66048
66047
66047
66046
66045
66044
66043
66043
66043
66042
66042
66042
66041
66041
66041
66041
66040
66040
66040
66040
66039
66039
66039
66039
66038
66038
66036
66036
66036
66036
66035
66035
66035
66035
66034
66034
66034
66034
66033
66033
66033
66032
66032
66032
66032
66031
66031
66031
66031
66030
66030
66030
66030
66029
66029
66027
66027
66027
66027
66026
66026
66026
66026
66025
66025
66025
66024
66024
66024
66024
66023
66023
66023
66023
66022
66022
66022
66022
66021
66021
66021
66021
66020
66020
66020
66020
66019
66019
66019
66019
66018
66018
66018
66018
66017
66017
66017
66017
66016
66016
66016
66016
66015
66014
66014
66013
66013
66013
66013
66012
66012
66012
66012
66011
66011
66011
66011
66010
66010
66008
66006
66005
66003
66001
65999
65999
65999
65999
65998
65998
65998
65998
65997
65997
65997
65997
65996
65996
65996
65996
65995
65995
65995
65995
65994
65993
65992
65992
65992
65992
65991
65991
65991
65991
65990
65990
65990
65990
65988
65988
65988
65987
65987
65987
65987
65986
65985
65984
65983
65983
65982
65982
65982
65982
65981
65981
65981
65981
65980
65980
65980
65980
65979
65979
65979
65979
65978
65978
65978
65976
65976
65974
65973
65973
65973
65972
65972
65972
65972
65971
65971
65971
65971
65970
65970
65970
65970
65969
65969
65969
65969
65968
65967
65967
65966
65966
65966
65966
65965
65965
65965
65964
65964
65964
65964
65963
65963
65963
65963
65962
65962
65962
65962
65961
65961
65961
65961
65960
65960
65960
65960
65959
65959
65959
65958
65958
65958
65958
65957
65957
65957
65957
65956
65956
65956
65956
65955
65955
65955
65955
65954
65954
65954
65954
65953
65953
65953
65953
65952
65952
65952
65951
65951
65951
65951
65950
65950
65950
65950
65949
65949
65949
65949
65948
65948
65948
65946
65946
65946
65945
65945
65945
65945
65944
65944
65944
65944
65943
65943
65943
65943
65942
65942
65942
65942
65941
65941
65941
65941
65940
65940
65937
65936
65934
65931
65930
65928
65928
65928
65928
65927
65927
65927
65926
65926
65926
65926
65925
65925
65925
65925
65923
65923
65923
65922
65922
65922
65922
65921
65921
65921
65919
65919
65919
65918
65918
65918
65918
65917
65917
65917
65916
65915
65914
65913
65913
65912
65912
65912
65912
65911
65911
65911
65911
65910
65910
65910
65910
65909
65909
65909
65908
65908
65908
65908
65906
65906
65904
65904
65904
65904
65903
65903
65903
65903
65902
65902
65902
65902
65901
65901
65901
65901
65900
65900
65900
65900
65899
65898
65898
65897
65897
65897
65896
65896
65896
65896
65896
65895
65895
65895
65894
65894
65894
65894
65893
65893
65893
65893
65892
65892
65892
65892
65891
65891
65891
65891
65890
65890
65890
65890
65889
65889
65889
65889
65888
65888
65888
65888
65887
65887
65887
65887
65886
65886
65886
65886
65885
65885
65885
65885
65884
65884
65884
65884
65883
65883
65883
65883
65882
65882
65882
65882
65881
65881
65881
65880
65880
65880
65878
65878
65878
65877
65877
65877
65877
65876
65876
65876
65876
65875
65875
65875
65875
65874
65874
65874
65874
65873
65873
65873
65873
65872
65872
65872
65872
65871
65871
65871
65871
65870
65870
65870
65868
65867
65865
65863
65862
65860
65860
65860
65859
65859
65859
65859
65858
65858
65857
65856
65856
65856
65855
65855
65855
65853
65853
65853
65852
65852
65852
65851
65851
65851
65851
65850
65850
65850
65849
65848
65848
65846
65846
65845
65845
65845
65845
65844
65844
65844
65844
65843
65843
65843
65843
65842
65842
65842
65842
65841
65841
65841
65839
65839
65837
65837
65837
65837
65834
65834
65834
65833
65833
65833
65833
65832
65832
65832
65832
65831
65831
65831
65831
65830
65830
65828
65828
65828
65828
65827
65827
65827
65827
65826
65826
65826
65826
65825
65825
65825
65825
65824
65823
65822
65822
65822
65822
65821
65821
65821
65820
65820
65820
65820
65819
65819
65819
65819
65818
65818
65818
65818
65817
65817
65817
65817
65816
65816
65816
65816
65815
65790
65790
65789
65789
65789
65788
65788
65788
65787
65787
65787
65786
65786
65786
65785
65785
65785
65784
65784
65784
65783
65783
65781
65781
65780
65780
65780
65780
65779
65779
65779
65778
65778
65778
65777
65777
65777
65776
65776
65776
65776
65775
65775
65775
65774
65774
65774
65773
65773
65773
65773
65772
65772
65772
65772
65771
65771
65771
65771
65770
65770
65770
65769
65769
65769
65767
65766
65764
65763
65761
65760
65759
65759
65758
65757
65757
65757
65755
65755
65755
65754
65754
65754
65754
65753
65753
65753
65753
65752
65752
65752
65752
65751
65751
65749
65749
65748
65747
65747
65747
65746
65746
65746
65746
65745
65745
65745
65745
65744
65744
65744
65744
65743
65743
65743
65743
65742
65741
65740
65739
65739
65738
65738
65738
65738
65737
65737
65737
65737
65736
65736
65736
65736
65735
65735
65735
65734
65734
65734
65734
65732
65732
65732
65731
65731
65731
65731
65730
65730
65730
65730
65729
65729
65729
65729
65728
65728
65726
65726
65726
65726
65725
65725
65725
65725
65724
65724
65724
65724
65723
65723
65723
65723
65722
65722
65722
65721
65721
65721
65721
65720
65720
65720
65720
65719
65719
65719
65719
65718
65718
65718
65718
65717
65716
65716
65715
65715
65715
65715
65714
65714
65714
65714
65713
65713
65711
65711
65711
65710
65710
65710
65710
65709
65709
65709
65709
65708
65708
65708
65708
65707
65707
65707
65707
65706
65706
65706
65706
65705
65705
65705
65705
65704
65704
65704
65704
65703
65703
65703
65702
65702
65702
65702
65701
65701
65701
65701
65700
65700
65700
65700
65699
65699
65699
65699
65698
65698
65697
65695
65693
65691
65688
65687
65686
65686
65686
65686
65685
65685
65685
65685
65684
65684
65684
65684
65683
65683
65683
65683
65682
65681
65681
65679
65679
65679
65678
65678
65678
65678
65677
65677
65677
65677
65676
65676
65676
65676
65675
65675
65675
65675
65674
65674
65673
65672
65671
65670
65670
65670
65670
65669
65669
65669
65669
65668
65668
65668
65668
65667
65667
65667
65667
65666
65666
65666
65666
65663
65663
65662
65662
65662
65661
65661
65661
65661
65660
65660
65660
65660
65659
65659
65659
65659
65657
65657
65657
65656
65656
65656
65656
65655
65655
65655
65655
65654
65654
65654
65654
65653
65653
65653
65653
65652
65652
65651
65650
65650
65650
65649
65649
65649
65649
65648
65648
65648
65648
65647
65647
65647
65647
65646
65646
65646
65646
65645
65645
65645
65645
65643
65643
65643
65642
65642
65642
65642
65641
65641
65641
65640
65640
65640
65640
65639
65639
65639
65639
65638
65638
65638
65638
65637
65637
65637
65637
65636
65636
65636
65636
65635
65635
65635
65635
65634
65634
65634
65633
65633
65633
65633
65632
65632
65632
65632
65631
65631
65631
65631
65630
65630
65630
65630
65629
65629
65629
65629
65628
65628
65628
65628
65625
65623
65622
65621
65619
65617
65617
65616
65616
65616
65616
65615
65615
65615
65615
65614
65614
65613
65612
65611
65611
65610
65610
65610
65610
65609
65609
65609
65609
65608
65608
65608
65607
65607
65607
65607
65607
65606
65606
65606
65604
65604
65602
65602
65602
65601
65601
65601
65601
65600
65600
65600
65600
65599
65599
65599
65599
65598
65598
65598
65598
65597
65597
65596
65595
65595
65595
65594
65594
65594
65594
65593
65593
65593
65592
65592
65592
65592
65591
65591
65589
65589
65589
65589
65588
65588
65588
65588
65587
65587
65587
65587
65586
65586
65586
65586
65585
65585
65585
65584
65584
65583
65582
65581
65581
65580
65580
65580
65580
65579
65579
65579
65579
65578
65578
65578
65577
65577
65577
65577
65576
65576
65575
65574
65574
65573
65573
65573
65572
65572
65572
65572
65571
65571
65571
65571
65570
65570
65570
65570
65569
65569
65569
65569
65568
65568
65568
65568
65567
65567
65567
65567
65566
65566
65566
65565
65565
65565
65565
65564
65564
65564
65564
65563
65563
65563
65563
65562
65562
65562
65562
65561
65561
65561
65561
65560
65560
65560
65560
65559
65559
65559
65559
65558
65558
65558
65558
65557
65557
65557
65557
65556
65555
65553
65551
65550
65548
65546
65546
65546
65545
65545
65545
65543
65543
65542
65541
65541
65541
65541
65540
65540
65540
65539
65539
65539
65539
65538
65538
65538
65538
65537
65537
65537
65537
65536
65535
65535
65533
65533
65533
65532
65532
65532
65532
65531
65531
65531
65531
65530
65530
65530
65530
65529
65529
65529
65529
65528
65528
65527
65526
65526
65526
65525
65525
65525
65522
65522
65522
65522
65521
65521
65521
65521
65520
65520
65519
65518
65518
65518
65517
65517
65517
65517
65516
65516
65516
65516
65515
65515
65515
65515
65514
65514
65514
65514
65513
65512
65512
65510
65510
65510
65509
65509
65509
65509
65508
65508
65508
65508
65507
65507
65507
65507
65506
65505
65505
65504
65504
65504
65504
65503
65503
65503
65503
65502
65502
65502
65501
65501
65501
65501
65500
65500
65500
65500
65499
65499
65499
65499
65498
65498
65498
65498
65497
65497
65497
65497
65496
65496
65496
65496
65495
65495
65495
65495
65494
65494
65494
65493
65493
65493
65493
65492
65492
65492
65492
65491
65491
65491
65491
65490
65490
65490
65490
65489
65489
65489
65489
65488
65488
65488
65488
65487
65487
65487
65487
65486
65486
65486
65486
65485
65485
65484
65483
65479
65477
65476
65474
65472
65471
65470
65469
65469
65468
65468
65468
65467
65467
65467
65467
65466
65466
65466
65465
65465
65465
65465
65464
65464
65464
65464
65462
65462
65460
65460
65460
65460
65459
65459
65459
65459
65458
65458
65458
65458
65457
65457
65457
65457
65456
65456
65456
65456
65455
65454
65454
65453
65453
65453
65453
65452
65452
65452
65451
65451
65451
65451
65450
65450
65450
65450
65448
65448
65448
65447
65447
65447
65447
65446
65446
65446
65446
65445
65445
65445
65445
65444
65444
65444
65443
65443
65443
65441
65441
65440
65440
65439
65439
65439
65438
65438
65438
65438
65437
65437
65437
65437
65435
65435
65435
65434
65434
65434
65434
65433
65433
65433
65433
65432
65432
65432
65432
65431
65431
65431
65430
65430
65430
65430
65429
65429
65428
65427
65427
65427
65427
65426
65426
65426
65426
65425
65425
65425
65425
65424
65424
65424
65424
65423
65423
65423
65423
65422
65422
65422
65422
65421
65421
65421
65421
65420
65420
65420
65419
65419
65419
65419
65418
65418
65418
65418
65417
65417
65417
65417
65416
65416
65416
65416
65415
65415
65415
65415
65414
65414
65414
65414
65413
65413
65413
65413
65412
65412
65412
65412
65410
65408
65406
65405
65403
65402
65401
65401
65401
65400
65400
65400
65400
65399
65399
65399
65399
65398
65398
65398
65398
65397
65396
65396
65394
65394
65394
65393
65393
65393
65393
65392
65392
65392
65392
65391
65391
65391
65391
65390
65390
65390
65389
65389
65389
65387
65387
65387
65387
65386
65386
65386
65386
65385
65385
65385
65385
65384
65384
65384
65383
65383
65380
65380
65380
65379
65379
65379
65379
65378
65378
65378
65378
65377
65377
65377
65377
65376
65376
65376
65376
65375
65375
65373
65373
65372
65371
65371
65371
65371
65370
65370
65370
65370
65369
65368
65368
65367
65367
65367
65367
65366
65366
65366
65366
65365
65364
65364
65363
65363
65363
65363
65362
65362
65362
65362
65361
65361
65361
65361
65360
65360
65360
65360
65359
65359
65359
65359
65358
65358
65358
65358
65357
65357
65357
65357
65356
65356
65356
65356
65355
65355
65355
65355
65354
65354
65354
65353
65353
65353
65353
65352
65352
65352
65352
65351
65351
65351
65351
65350
65350
65350
65350
65349
65349
65349
65349
65348
65348
65348
65348
65347
65347
65347
65347
65346
65346
65346
65346
65345
65345
65345
65345
65344
65344
65344
65343
65343
65343
65343
65342
65342
65338
65337
65335
65334
65332
65331
65330
65330
65330
65329
65329
65328
65328
65328
65327
65327
65326
65325
65324
65324
65323
65323
65323
65323
65322
65322
65322
65322
65321
65321
65321
65321
65320
65320
65320
65320
65319
65319
65319
65317
65317
65317
65316
65316
65316
65316
65315
65315
65315
65315
65314
65314
65314
65314
65313
65313
65311
65311
65311
65311
65310
65310
65310
65310
65309
65309
65309
65309
65308
65308
65308
65308
65307
65307
65307
65307
65306
65305
65304
65303
65302
65302
65302
65302
65301
65301
65299
65299
65299
65299
65298
65298
65298
65298
65297
65297
65297
65297
65296
65296
65295
65294
65293
65293
65292
65292
65292
65292
65291
65291
65291
65291
65290
65290
65290
65290
65289
65289
65289
65289
65288
65288
65288
65287
65287
65287
65286
65286
65286
65286
65285
65285
65285
65285
65284
65284
65284
65284
65283
65283
65283
65282
65282
65282
65282
65281
65281
65281
65281
65280
65280
65280
65280
65279
65278
65278
65278
65277
65277
65277
65276
65276
65276
65275
65275
65275
65274
65274
65274
65273
65273
65273
65273
65272
65272
65272
65272
65271
65271
65271
65271
65270
65270
65270
65270
65269
65269
65269
65269
65268
65268
65268
65266
65265
65263
65262
65261
65259
65258
65258
65258
65257
65256
65255
65253
65253
65253
65253
65252
65252
65252
65252
65251
65251
65251
65251
65250
65250
65250
65250
65249
65249
65249
65249
65248
65247
65247
65246
65246
65246
65246
65245
65245
65245
65244
65244
65244
65244
65243
65243
65243
65243
65241
65241
65240
65240
65240
65240
65239
65239
65239
65239
65238
65238
65238
65238
65235
65235
65234
65234
65234
65234
65233
65232
65231
65230
65230
65230
65229
65228
65227
65227
65227
65227
65226
65226
65226
65226
65225
65225
65225
65225
65224
65224
65224
65224
65184
65184
65182
65182
65182
65182
65181
65181
65181
65180
65180
65180
65180
65179
65179
65179
65179
65178
65178
65178
65178
65177
65177
65177
65177
65176
65176
65176
65176
65175
65175
65175
65175
65174
65174
65174
65174
65173
65173
65173
65173
65172
65172
65172
65172
65171
65171
65171
65171
65170
65170
65170
65169
65169
65169
65169
65169
65168
65168
65168
65167
65167
65167
65167
65166
65166
65166
65165
65165
65165
65165
65164
65164
65164
65164
65163
65163
65163
65163
65162
65162
65162
65162
65161
65161
65161
65161
65160
65160
65160
65160
65159
65159
65159
65159
65158
65158
65158
65156
65155
65152
65150
65148
65146
65145
65144
65144
65144
65144
65143
65143
65143
65143
65142
65142
65142
65142
65141
65141
65141
65140
65140
65140
65140
65139
65138
65137
65137
65137
65137
65136
65136
65136
65135
65135
65135
65135
65134
65134
65134
65134
65133
65132
65132
65131
65131
65131
65131
65130
65130
65130
65129
65129
65129
65129
65128
65128
65128
65128
65127
65127
65127
65127
65125
65125
65123
65122
65122
65122
65121
65121
65121
65120
65120
65120
65120
65119
65119
65119
65119
65118
65118
65118
65118
65117
65117
65116
65115
65114
65114
65113
65113
65113
65112
65112
65112
65112
65111
65111
65111
65111
65110
65110
65110
65110
65109
65109
65109
65109
65108
65108
65108
65108
65107
65107
65107
65106
65106
65106
65106
65105
65105
65105
65105
65104
65104
65102
65102
65102
65102
65101
65101
65101
65101
65100
65100
65100
65099
65099
65099
65099
65098
65098
65098
65098
65097
65097
65097
65097
65096
65096
65096
65096
65095
65095
65095
65095
65094
65094
65094
65094
65093
65093
65093
65093
65092
65092
65092
65092
65091
65091
65091
65091
65090
65090
65090
65090
65089
65089
65089
65089
65088
65088
65088
65088
65087
65087
65087
65086
65086
65084
65082
65081
65079
65078
65077
65076
65076
65076
65075
65075
65075
65075
65074
65074
65074
65074
65073
65073
65073
65072
65071
65071
65070
65070
65070
65070
65069
65069
65069
65069
65068
65068
65068
65068
65067
65067
65067
65065
65065
65065
65065
65064
65064
65064
65063
65063
65063
65063
65062
65062
65062
65062
65061
65061
65061
65061
65060
65060
65056
65055
65054
65054
65053
65053
65053
65052
65052
65052
65052
65051
65051
65051
65051
65050
65050
65050
65050
65049
65049
65049
65049
65047
65047
65045
65045
65045
65045
65044
65044
65044
65043
65043
65043
65043
65042
65042
65042
65042
65041
65041
65041
65041
65040
65040
65039
65038
65038
65038
65038
65037
65037
65037
65037
65036
65036
65036
65036
65035
65035
65035
65034
65034
65034
65034
65033
65033
65033
65032
65032
65032
65032
65031
65031
65031
65031
65030
65030
65030
65030
65029
65029
65029
65029
65028
65028
65028
65028
65027
65027
65027
65027
65026
65026
65026
65026
65025
65025
65025
65025
65024
65024
65024
65024
65023
65023
65023
65023
65022
65022
65022
65021
65021
65021
65021
65020
65020
65020
65020
65019
65019
65019
65019
65018
65018
65018
65018
65016
65016
65015
65015
65015
65012
65011
65010
65007
65006
65004
65004
65004
65004
65003
65003
65003
65002
65002
65002
65000
65000
65000
65000
64999
64999
64999
64998
64998
64998
64998
64997
64997
64997
64997
64996
64996
64995
64994
64994
64994
64994
64993
64993
64993
64992
64992
64992
64992
64991
64991
64991
64991
64990
64990
64988
64988
64988
64987
64986
64985
64984
64984
64984
64984
64983
64983
64983
64983
64982
64982
64982
64982
64981
64981
64981
64981
64980
64980
64980
64980
64978
64978
64976
64976
64975
64975
64975
64975
64974
64974
64974
64974
64973
64973
64973
64973
64972
64972
64972
64972
64971
64971
64971
64969
64969
64969
64968
64968
64968
64968
64967
64967
64967
64967
64966
64966
64966
64966
64965
64965
64965
64965
64964
64964
64964
64964
64963
64963
64963
64963
64962
64962
64962
64962
64961
64961
64961
64961
64960
64960
64960
64960
64959
64959
64959
64958
64958
64958
64958
64957
64957
64957
64957
64956
64956
64956
64956
64955
64955
64955
64955
64954
64954
64954
64954
64953
64953
64953
64953
64952
64952
64952
64952
64951
64951
64951
64951
64950
64950
64950
64950
64949
64948
64947
64947
64947
64947
64946
64946
64946
64946
64945
64945
64945
64945
64944
64943
64941
64940
64938
64937
64935
64935
64935
64935
64933
64933
64933
64932
64932
64932
64932
64931
64931
64931
64931
64930
64930
64930
64930
64929
64929
64927
64927
64927
64927
64926
64926
64926
64926
64925
64925
64925
64925
64924
64924
64924
64921
64921
64921
64920
64920
64920
64918
64918
64917
64916
64916
64916
64915
64915
64915
64915
64914
64914
64914
64914
64913
64913
64913
64911
64911
64911
64911
64910
64910
64908
64908
64907
64906
64906
64906
64905
64905
64905
64905
64904
64904
64904
64904
64903
64903
64903
64903
64902
64902
64902
64902
64901
64900
64899
64899
64899
64899
64898
64898
64898
64898
64897
64897
64897
64897
64896
64896
64896
64896
64895
64895
64895
64895
64894
64894
64894
64894
64893
64893
64893
64893
64892
64892
64892
64892
64891
64891
64891
64891
64890
64890
64890
64890
64889
64889
64889
64888
64888
64888
64888
64887
64887
64887
64887
64886
64886
64886
64886
64885
64885
64885
64885
64884
64884
64884
64884
64883
64883
64883
64883
64882
64882
64882
64882
64881
64881
64881
64881
64879
64879
64878
64878
64878
64878
64877
64877
64877
64877
64876
64876
64876
64875
64875
64875
64875
64874
64874
64874
64874
64873
64873
64872
64870
64869
64866
64865
64863
64862
64862
64862
64862
64861
64861
64860
64860
64860
64860
64859
64859
64859
64859
64857
64857
64856
64856
64856
64855
64855
64855
64855
64854
64854
64854
64852
64852
64852
64851
64851
64851
64851
64850
64850
64849
64849
64847
64847
64847
64846
64846
64846
64845
64845
64845
64845
64844
64844
64844
64844
64843
64843
64843
64843
64842
64842
64842
64840
64840
64839
64838
64838
64838
64837
64837
64837
64837
64836
64836
64836
64836
64835
64835
64835
64835
64834
64834
64834
64834
64833
64832
64831
64831
64831
64831
64830
64830
64830
64830
64829
64829
64829
64828
64828
64828
64828
64827
64827
64827
64827
64826
64826
64826
64826
64825
64825
64825
64825
64824
64824
64824
64824
64823
64823
64823
64823
64822
64822
64822
64822
64821
64820
64819
64819
64819
64819
64818
64818
64818
64818
64817
64817
64817
64816
64816
64816
64816
64815
64815
64799
64798
64798
64798
64798
64797
64797
64797
64797
64796
64796
64796
64796
64795
64793
64793
64793
64793
64792
64792
64792
64792
64791
64791
64791
64791
64790
64790
64790
64790
64789
64789
64789
64789
64788
64788
64788
64788
64787
64787
64787
64787
64786
64786
64786
64786
64784
64783
64781
64779
64778
64776
64776
64776
64776
64775
64775
64775
64775
64774
64773
64773
64772
64772
64772
64772
64771
64771
64771
64768
64768
64768
64767
64767
64767
64767
64766
64766
64766
64765
64765
64764
64763
64762
64762
64761
64761
64761
64761
64760
64760
64760
64760
64759
64759
64759
64759
64758
64758
64758
64758
64757
64757
64757
64755
64755
64754
64753
64753
64753
64752
64752
64752
64752
64751
64751
64751
64751
64750
64750
64750
64750
64749
64749
64749
64749
64748
64747
64747
64746
64746
64746
64745
64745
64745
64745
64744
64744
64744
64744
64743
64743
64743
64743
64742
64742
64742
64742
64741
64741
64740
64739
64739
64739
64739
64738
64738
64738
64738
64737
64737
64737
64736
64736
64736
64736
64735
64735
64735
64735
64734
64734
64734
64734
64733
64733
64733
64733
64732
64732
64732
64732
64731
64731
64731
64731
64730
64730
64730
64730
64729
64729
64729
64728
64728
64728
64728
64726
64726
64725
64725
64725
64725
64724
64724
64724
64724
64723
64723
64723
64723
64722
64722
64722
64722
64721
64721
64721
64721
64720
64720
64720
64720
64719
64719
64719
64719
64718
64718
64718
64718
64717
64717
64717
64717
64716
64716
64716
64713
64711
64710
64708
64707
64705
64705
64705
64704
64703
64703
64703
64702
64702
64701
64700
64700
64700
64700
64699
64699
64699
64699
64698
64698
64698
64698
64697
64697
64696
64695
64694
64693
64693
64693
64693
64692
64692
64692
64691
64691
64691
64691
64690
64690
64690
64690
64689
64689
64689
64689
64688
64687
64686
64685
64685
64684
64684
64684
64684
64683
64683
64683
64683
64682
64682
64682
64682
64681
64681
64681
64680
64680
64680
64680
64678
64678
64678
64677
64677
64677
64677
64676
64676
64676
64676
64675
64675
64675
64675
64674
64674
64674
64674
64673
64673
64673
64673
64671
64671
64670
64670
64670
64670
64669
64669
64669
64669
64668
64668
64668
64668
64667
64667
64667
64667
64666
64666
64666
64666
64665
64665
64665
64665
64664
64664
64664
64664
64663
64663
64663
64663
64662
64662
64662
64662
64661
64661
64661
64661
64660
64660
64659
64658
64658
64658
64658
64657
64657
64657
64657
64656
64656
64656
64656
64655
64655
64655
64655
64654
64654
64654
64654
64653
64653
64653
64653
64652
64652
64652
64651
64651
64651
64651
64650
64650
64650
64650
64649
64649
64649
64649
64648
64648
64648
64648
64647
64647
64647
64647
64646
64646
64643
64642
64639
64637
64636
64632
64632
64632
64631
64631
64631
64631
64630
64630
64630
64630
64629
64629
64629
64629
64628
64628
64628
64626
64626
64625
64624
64624
64624
64624
64623
64623
64623
64623
64622
64622
64622
64622
64621
64621
64621
64620
64620
64620
64620
64619
64618
64617
64616
64616
64615
64615
64615
64615
64614
64614
64614
64614
64613
64613
64613
64613
64612
64612
64610
64610
64610
64610
64609
64608
64607
64607
64607
64607
64606
64606
64606
64605
64605
64605
64605
64604
64604
64604
64604
64603
64603
64603
64603
64602
64602
64602
64600
64600
64600
64599
64599
64599
64599
64598
64598
64598
64598
64597
64597
64597
64596
64596
64596
64596
64595
64595
64595
64595
64594
64594
64594
64594
64593
64593
64593
64593
64592
64592
64592
64592
64591
64591
64591
64591
64590
64590
64590
64588
64588
64588
64588
64587
64587
64587
64586
64586
64586
64586
64585
64585
64585
64585
64584
64584
64584
64584
64583
64583
64583
64583
64582
64582
64582
64582
64581
64581
64581
64581
64580
64580
64580
64580
64579
64579
64579
64578
64578
64578
64578
64577
64577
64577
64577
64576
64576
64576
64576
64575
64575
64575
64575
64574
64574
64574
64574
64573
64572
64570
64567
64566
64565
64563
64563
64563
64562
64562
64562
64561
64561
64561
64561
64560
64560
64559
64558
64557
64556
64556
64556
64555
64555
64555
64555
64554
64554
64554
64554
64553
64553
64553
64553
64552
64552
64552
64552
64551
64550
64549
64548
64548
64547
64547
64547
64546
64546
64546
64546
64545
64545
64545
64545
64544
64544
64544
64544
64543
64543
64543
64543
64541
64541
64540
64540
64540
64540
64539
64539
64539
64539
64538
64538
64538
64538
64537
64537
64537
64537
64536
64536
64536
64536
64535
64534
64534
64533
64533
64533
64533
64532
64532
64532
64532
64531
64531
64531
64530
64530
64528
64528
64528
64528
64527
64527
64527
64527
64526
64526
64526
64525
64525
64525
64525
64524
64524
64524
64524
64523
64523
64523
64523
64521
64521
64520
64520
64519
64518
64518
64518
64517
64517
64517
64517
64516
64516
64516
64516
64515
64515
64515
64515
64514
64514
64514
64514
64513
64513
64513
64513
64512
64512
64512
64512
64511
64511
64511
64511
64510
64510
64510
64510
64509
64509
64509
64509
64508
64508
64508
64508
64507
64507
64507
64507
64506
64506
64506
64506
64505
64505
64505
64505
64504
64504
64504
64504
64503
64503
64503
64503
64501
64499
64498
64496
64495
64493
64493
64493
64492
64492
64492
64489
64489
64487
64487
64487
64487
64486
64486
64486
64486
64485
64485
64485
64484
64484
64484
64484
64483
64483
64483
64483
64482
64482
64481
64480
64479
64478
64478
64478
64478
64477
64477
64477
64477
64476
64476
64476
64476
64475
64475
64475
64475
64474
64474
64474
64474
64472
64472
64471
64471
64471
64471
64470
64470
64470
64470
64469
64469
64469
64469
64468
64468
64468
64468
64467
64467
64467
64467
64466
64465
64464
64464
64464
64464
64463
64463
64463
64462
64462
64462
64462
64461
64461
64461
64459
64459
64459
64458
64458
64458
64458
64457
64456
64456
64456
64455
64455
64455
64454
64454
64454
64454
64453
64453
64452
64451
64451
64451
64450
64450
64450
64450
64449
64449
64449
64449
64448
64448
64448
64448
64447
64447
64447
64447
64446
64446
64446
64446
64445
64445
64445
64445
64444
64444
64444
64444
64443
64443
64443
64443
64442
64442
64442
64442
64441
64441
64441
64441
64440
64440
64440
64440
64439
64439
64439
64439
64438
64438
64438
64437
64437
64437
64437
64436
64436
64436
64436
64435
64435
64435
64435
64434
64434
64434
64434
64433
64433
64433
64433
64432
64432
64429
64428
64426
64425
64424
64421
64421
64419
64419
64419
64418
64418
64418
64418
64417
64417
64417
64417
64416
64416
64416
64416
64415
64415
64415
64415
64414
64414
64412
64412
64411
64410
64410
64410
64410
64409
64409
64409
64409
64408
64408
64408
64408
64407
64407
64407
64407
64406
64406
64406
64406
64404
64404
64404
64403
64403
64403
64403
64402
64402
64402
64402
64401
64401
64401
64401
64400
64400
64400
64400
64399
64399
64399
64398
64397
64397
64396
64396
64396
64396
64395
64395
64395
64394
64394
64394
64394
64393
64393
64391
64391
64391
64391
64390
64390
64390
64389
64388
64387
64387
64387
64386
64386
64386
64386
64385
64384
64384
64383
64383
64383
64383
64382
64382
64382
64382
64381
64381
64381
64381
64380
64380
64380
64380
64379
64379
64379
64378
64378
64378
64378
64377
64377
64377
64377
64376
64376
64376
64375
64375
64375
64375
64374
64374
64374
64374
64373
64373
64373
64373
64372
64372
64372
64372
64371
64371
64371
64370
64370
64370
64369
64369
64369
64369
64368
64368
64368
64368
64367
64367
64367
64367
64366
64366
64366
64366
64365
64365
64365
64365
64364
64364
64364
64364
64363
64363
64363
64363
64362
64362
64362
64362
64360
64358
64356
64354
64352
64350
64350
64349
64349
64349
64349
64348
64348
64348
64347
64347
64347
64347
64346
64346
64346
64346
64344
64344
64342
64342
64342
64342
64341
64341
64341
64341
64340
64340
64340
64340
64339
64339
64339
64339
64338
64338
64338
64338
64337
64336
64336
64335
64335
64335
64334
64334
64334
64334
64333
64333
64333
64333
64332
64332
64332
64332
64331
64331
64330
64329
64329
64329
64328
64327
64327
64327
64326
64326
64326
64326
64325
64325
64325
64325
64324
64324
64324
64322
64322
64322
64322
64321
64321
64321
64321
64319
64319
64319
64318
64318
64318
64316
64316
64316
64316
64315
64315
64315
64315
64314
64312
64312
64312
64312
64311
64311
64311
64311
64310
64310
64310
64310
64309
64309
64309
64309
64308
64308
64308
64308
64307
64307
64307
64307
64306
64306
64306
64305
64305
64305
64305
64304
64304
64304
64304
64303
64303
64303
64303
64302
64302
64302
64302
64301
64301
64301
64301
64300
64300
64300
64300
64299
64299
64299
64299
64298
64298
64298
64298
64297
64297
64297
64297
64296
64296
64296
64296
64295
64295
64295
64295
64294
64294
64294
64293
64293
64293
64293
64292
64292
64292
64292
64291
64291
64291
64291
64288
64286
64285
64283
64282
64280
64280
64280
64280
64279
64279
64279
64278
64278
64278
64278
64276
64276
64275
64274
64274
64274
64274
64273
64273
64273
64273
64272
64272
64272
64272
64271
64271
64271
64271
64270
64270
64270
64270
64268
64268
64268
64267
64267
64267
64266
64266
64266
64266
64265
64265
64265
64265
64264
64264
64264
64263
64263
64263
64263
64262
64262
64261
64260
64260
64260
64259
64259
64259
64259
64258
64258
64258
64258
64257
64257
64257
64256
64255
64255
64255
64255
64254
64254
64254
64252
64252
64252
64250
64250
64250
64249
64249
64249
64249
64248
64248
64248
64248
64247
64246
64246
64245
64245
64245
64245
64244
64244
64244
64244
64243
64243
64243
64242
64242
64242
64242
64241
64241
64241
64241
64240
64240
64240
64240
64239
64239
64239
64237
64237
64236
64236
64236
64236
64235
64235
64235
64235
64234
64234
64234
64233
64233
64233
64233
64232
64232
64232
64232
64231
64231
64231
64231
64230
64230
64230
64229
64229
64229
64228
64228
64228
64228
64227
64227
64227
64227
64226
64226
64226
64225
64225
64225
64225
64224
64224
64224
64224
64223
64223
64223
64223
64222
64222
64222
64222
64221
64221
64221
64221
64220
64220
64219
64217
64216
64214
64212
64210
64210
64209
64209
64209
64207
64207
64206
64205
64205
64205
64205
64204
64204
64204
64204
64203
64203
64203
64203
64202
64202
64202
64202
64201
64201
64201
64200
64199
64199
64199
64198
64198
64198
64198
64197
64197
64197
64197
64196
64196
64196
64196
64195
64195
64195
64194
64194
64194
64194
64193
64192
64192
64191
64191
64191
64191
64190
64190
64190
64190
64189
64189
64189
64189
64188
64187
64186
64186
64186
64186
64185
64185
64185
64182
64182
64182
64182
64181
64181
64181
64181
64180
64180
64180
64179
64179
64179
64179
64177
64177
64176
64175
64175
64175
64175
64174
64174
64174
64174
64173
64173
64173
64173
64172
64172
64172
64172
64171
64171
64171
64171
64170
64170
64170
64170
64169
64169
64169
64169
64168
64168
64168
64168
64167
64167
64167
64167
64166
64166
64166
64166
64165
64165
64165
64165
64164
64164
64164
64163
64163
64163
64163
64162
64162
64162
64162
64161
64161
64161
64161
64160
64160
64160
64160
64159
64159
64159
64159
64158
64158
64158
64157
64157
64157
64156
64156
64156
64156
64155
64155
64155
64155
64154
64154
64154
64154
64153
64153
64153
64153
64152
64152
64152
64152
64151
64151
64148
64147
64145
64144
64141
64140
64138
64138
64138
64137
64137
64137
64137
64136
64136
64136
64135
64135
64135
64135
64134
64134
64134
64134
64133
64133
64133
64131
64131
64131
64130
64130
64130
64130
64129
64129
64129
64129
64128
64128
64128
64128
64127
64127
64127
64127
64126
64126
64126
64126
64124
64124
64124
64123
64123
64123
64123
64122
64122
64122
64121
64121
64121
64121
64121
64119
64119
64119
64118
64118
64116
64116
64116
64114
64114
64114
64114
64113
64113
64113
64113
64112
64112
64112
64112
64111
64111
64111
64109
64109
64108
64107
64107
64107
64107
64106
64106
64106
64106
64105
64105
64105
64105
64104
64104
64104
64104
64103
64103
64103
64103
64102
64102
64102
64102
64101
64101
64101
64101
64100
64100
64100
64099
64099
64099
64099
64098
64098
64098
64098
64097
64097
64097
64097
64096
64096
64096
64096
64095
64095
64095
64095
64094
64094
64094
64094
64093
64093
64093
64093
64092
64092
64092
64092
64091
64091
64091
64091
64090
64090
64090
64090
64089
64089
64089
64089
64088
64088
64088
64088
64087
64087
64087
64086
64086
64086
64086
64085
64085
64085
64085
64084
64084
64084
64084
64083
64083
64083
64083
64082
64082
64082
64079
64078
64076
64075
64072
64071
64070
64070
64070
64070
64069
64069
64069
64069
64068
64068
64068
64068
64067
64067
64067
64066
64065
64065
64065
64064
64064
64064
64064
64063
64063
64063
64063
64062
64062
64062
64062
64061
64061
64061
64061
64060
64060
64060
64058
64058
64058
64058
64057
64057
64057
64057
64056
64056
64056
64055
64055
64055
64055
64053
64053
64051
64051
64051
64049
64049
64049
64047
64047
64047
64046
64046
64046
64045
64045
64044
64043
64043
64042
64042
64042
64042
64040
64040
64038
64038
64038
64038
64037
64037
64037
64037
64036
64036
64036
64036
64035
64035
64035
64035
64034
64034
64034
64034
64033
64032
64031
64031
64031
64031
64030
64030
64030
64030
64029
64029
64029
64029
64028
64028
64028
64028
64027
64027
64027
64027
64026
64026
64026
64025
64025
64025
64025
64024
64024
64024
64024
64023
64023
64023
64023
64022
64022
64022
64022
64021
64021
64021
64020
64020
64020
64020
64019
64019
64019
64019
64018
64018
64018
64018
64017
64017
64017
64017
64016
64016
64016
64016
64015
64015
64015
64015
64014
64014
64014
64014
64013
64013
64013
64013
64012
64012
64012
64011
64011
64011
64011
64010
64010
64009
64008
64008
64007
64005
64004
64002
64001
63999
63999
63999
63998
63998
63998
63997
63997
63997
63997
63995
63995
63995
63994
63994
63994
63994
63993
63993
63993
63993
63992
63992
63992
63992
63991
63991
63991
63991
63990
63990
63990
63990
63988
63988
63987
63987
63987
63987
63986
63986
63986
63986
63985
63985
63985
63985
63983
63982
63981
63981
63981
63980
63980
63980
63980
63978
63978
63978
63977
63977
63977
63977
63976
63976
63976
63976
63975
63975
63975
63975
63973
63973
63971
63971
63971
63971
63970
63970
63969
63969
63969
63969
63968
63968
63968
63968
63967
63967
63967
63967
63966
63966
63966
63964
63964
63964
63963
63963
63963
63963
63962
63962
63962
63962
63961
63961
63961
63961
63960
63960
63960
63960
63959
63959
63959
63959
63958
63958
63958
63957
63957
63957
63955
63955
63955
63955
63954
63954
63954
63953
63953
63953
63953
63952
63952
63952
63952
63951
63951
63951
63951
63950
63950
63950
63950
63949
63949
63949
63949
63948
63948
63948
63948
63947
63947
63947
63947
63946
63946
63946
63945
63945
63945
63945
63944
63944
63944
63944
63943
63943
63943
63943
63942
63942
63941
63940
63940
63940
63939
63939
63939
63939
63938
63938
63938
63938
63936
63935
63933
63931
63929
63928
63927
63927
63927
63925
63925
63925
63925
63924
63924
63924
63924
63923
63923
63923
63923
63922
63922
63922
63922
63921
63921
63921
63921
63920
63920
63920
63918
63918
63918
63917
63917
63917
63917
63916
63916
63916
63916
63914
63914
63913
63913
63912
63911
63911
63911
63911
63910
63910
63910
63908
63908
63908
63907
63907
63907
63906
63906
63906
63905
63905
63905
63905
63904
63904
63903
63902
63901
63901
63900
63900
63900
63900
63899
63899
63899
63898
63898
63898
63897
63897
63897
63897
63896
63896
63896
63896
63895
63894
63894
63893
63893
63893
63893
63892
63892
63892
63892
63891
63891
63891
63890
63890
63890
63890
63889
63889
63889
63889
63888
63888
63888
63888
63887
63887
63887
63887
63886
63886
63886
63886
63885
63885
63885
63884
63884
63884
63884
63883
63883
63883
63883
63882
63882
63882
63882
63881
63881
63881
63881
63880
63880
63879
63879
63879
63879
63878
63878
63878
63878
63877
63877
63877
63877
63876
63876
63876
63876
63875
63875
63875
63875
63874
63874
63874
63874
63872
63872
63871
63871
63871
63871
63870
63870
63870
63870
63869
63869
63869
63869
63868
63868
63868
63868
63867
63867
63867
63863
63862
63860
63858
63857
63855
63855
63854
63854
63854
63854
63853
63853
63853
63852
63852
63852
63852
63851
63851
63851
63851
63850
63850
63850
63850
63848
63848
63848
63847
63847
63847
63846
63846
63845
63845
63844
63844
63844
63843
63843
63841
63841
63840
63840
63840
63840
63839
63839
63838
63837
63837
63837
63837
63836
63836
63836
63835
63835
63835
63835
63834
63834
63834
63832
63832
63831
63830
63830
63830
63829
63829
63829
63829
63828
63828
63828
63828
63827
63827
63827
63827
63826
63826
63826
63826
63825
63824
63824
63823
63823
63823
63823
63822
63822
63822
63821
63821
63821
63821
63820
63820
63820
63819
63819
63819
63819
63818
63818
63818
63817
63817
63817
63817
63816
63816
63816
63816
63815
63815
63797
63797
63797
63797
63796
63796
63795
63795
63795
63794
63794
63794
63794
63793
63793
63793
63793
63792
63792
63792
63792
63791
63791
63791
63791
63790
63790
63790
63790
63789
63789
63789
63789
63788
63788
63788
63787
63787
63787
63787
63786
63786
63785
63784
63784
63784
63784
63783
63783
63783
63783
63782
63782
63782
63782
63781
63781
63781
63781
63780
63780
63780
63780
63779
63779
63779
63779
63778
63778
63778
63777
63777
63776
63774
63773
63770
63769
63767
63767
63767
63766
63766
63766
63766
63765
63765
63765
63765
63764
63764
63763
63763
63762
63761
63761
63761
63760
63759
63759
63759
63758
63758
63758
63757
63757
63757
63757
63755
63755
63755
63754
63754
63754
63754
63753
63752
63752
63751
63751
63751
63751
63750
63750
63750
63750
63749
63749
63749
63748
63748
63746
63746
63744
63744
63744
63744
63742
63742
63742
63741
63741
63741
63741
63740
63740
63740
63740
63739
63739
63739
63738
63738
63738
63736
63736
63736
63736
63735
63735
63735
63735
63734
63734
63734
63734
63733
63733
63733
63732
63732
63732
63732
63731
63731
63731
63731
63729
63729
63729
63728
63728
63728
63728
63727
63727
63727
63727
63726
63726
63726
63726
63725
63725
63725
63725
63724
63724
63724
63724
63723
63723
63723
63723
63722
63722
63722
63722
63721
63721
63721
63721
63720
63720
63720
63719
63719
63719
63719
63718
63718
63718
63718
63717
63717
63717
63715
63715
63715
63715
63714
63714
63714
63714
63713
63713
63713
63713
63712
63712
63712
63712
63711
63711
63711
63711
63710
63710
63710
63710
63709
63709
63709
63709
63708
63708
63708
63707
63707
63707
63707
63706
63706
63706
63706
63704
63702
63700
63698
63697
63695
63695
63695
63694
63694
63694
63693
63693
63693
63691
63691
63690
63690
63689
63689
63689
63688
63688
63688
63688
63687
63687
63687
63686
63685
63684
63684
63684
63684
63683
63683
63683
63682
63681
63681
63681
63680
63680
63680
63680
63679
63679
63679
63679
63678
63678
63678
63676
63676
63675
63674
63674
63674
63674
63673
63673
63673
63673
63672
63672
63672
63671
63671
63671
63671
63670
63670
63670
63670
63669
63668
63668
63667
63667
63667
63667
63666
63666
63666
63666
63665
63665
63665
63665
63664
63664
63664
63664
63663
63663
63663
63663
63662
63661
63660
63660
63660
63660
63659
63659
63659
63659
63658
63658
63658
63658
63657
63657
63657
63657
63656
63656
63656
63656
63655
63655
63655
63655
63654
63654
63654
63654
63653
63652
63652
63651
63651
63651
63651
63650
63650
63650
63649
63649
63649
63649
63648
63648
63648
63646
63646
63646
63645
63645
63645
63645
63644
63644
63644
63644
63643
63643
63643
63643
63642
63642
63642
63642
63641
63641
63641
63641
63640
63640
63640
63640
63639
63639
63639
63639
63638
63638
63638
63638
63637
63637
63637
63636
63636
63636
63636
63635
63635
63635
63635
63634
63634
63633
63631
63628
63627
63626
63624
63624
63622
63621
63621
63621
63620
63620
63620
63619
63619
63619
63619
63618
63618
63618
63618
63617
63616
63616
63615
63615
63615
63614
63614
63614
63612
63612
63612
63612
63611
63611
63611
63611
63610
63610
63610
63610
63609
63609
63609
63607
63607
63606
63605
63605
63605
63605
63604
63604
63604
63604
63603
63603
63603
63603
63602
63602
63602
63601
63601
63601
63601
63600
63599
63599
63598
63598
63598
63597
63597
63597
63597
63596
63596
63596
63596
63595
63595
63595
63595
63594
63594
63594
63594
63593
63593
63592
63591
63591
63591
63591
63590
63590
63590
63590
63589
63589
63589
63589
63588
63588
63588
63587
63587
63587
63587
63586
63586
63586
63585
63585
63585
63585
63584
63584
63584
63584
63583
63583
63583
63583
63582
63582
63582
63582
63581
63581
63581
63581
63579
63579
63578
63578
63578
63578
63577
63577
63577
63577
63576
63576
63576
63576
63575
63575
63575
63575
63574
63574
63574
63574
63573
63573
63573
63573
63572
63572
63572
63572
63571
63571
63571
63571
63570
63570
63570
63570
63569
63569
63569
63568
63568
63568
63568
63567
63567
63567
63567
63566
63566
63566
63566
63565
63565
63565
63565
63562
63560
63558
63556
63554
63553
63552
63552
63552
63552
63551
63551
63551
63551
63550
63550
63550
63548
63548
63548
63547
63547
63547
63547
63546
63545
63545
63544
63544
63544
63544
63543
63543
63543
63543
63542
63542
63542
63541
63541
63540
63539
63538
63538
63537
63537
63537
63537
63536
63536
63536
63536
63535
63535
63535
63535
63534
63534
63534
63534
63533
63533
63533
63531
63531
63531
63531
63530
63530
63530
63529
63529
63529
63529
63528
63528
63528
63528
63527
63527
63527
63527
63526
63526
63526
63526
63524
63524
63524
63523
63523
63523
63523
63522
63522
63522
63522
63521
63521
63521
63520
63520
63520
63520
63519
63519
63519
63517
63517
63517
63517
63516
63516
63516
63516
63515
63515
63515
63515
63514
63514
63514
63514
63513
63513
63513
63511
63511
63511
63510
63510
63510
63509
63509
63509
63509
63508
63508
63508
63507
63507
63507
63506
63506
63506
63506
63505
63505
63505
63505
63504
63504
63504
63503
63503
63503
63503
63502
63502
63502
63502
63501
63501
63501
63501
63500
63500
63500
63500
63499
63499
63499
63499
63498
63498
63498
63498
63497
63497
63497
63496
63496
63496
63495
63495
63495
63495
63494
63494
63494
63494
63493
63492
63490
63488
63486
63485
63483
63483
63483
63482
63482
63482
63480
63480
63480
63480
63479
63479
63479
63478
63477
63477
63476
63476
63476
63475
63475
63475
63475
63474
63474
63474
63474
63473
63473
63472
63471
63470
63470
63469
63469
63469
63469
63468
63468
63468
63468
63467
63467
63467
63467
63466
63466
63466
63466
63465
63465
63465
63463
63463
63463
63463
63462
63462
63462
63460
63460
63460
63459
63459
63459
63459
63458
63458
63458
63458
63457
63457
63457
63457
63456
63455
63455
63454
63454
63454
63453
63453
63453
63453
63452
63452
63452
63452
63451
63451
63451
63451
63450
63450
63450
63450
63448
63448
63446
63446
63446
63446
63445
63445
63445
63445
63444
63444
63444
63444
63443
63443
63442
63441
63441
63441
63440
63440
63440
63440
63439
63439
63439
63439
63438
63438
63438
63438
63437
63437
63437
63437
63436
63436
63436
63436
63435
63435
63435
63435
63434
63434
63434
63434
63433
63433
63433
63432
63432
63432
63432
63431
63431
63431
63431
63430
63430
63430
63430
63429
63429
63429
63429
63428
63428
63428
63428
63427
63427
63427
63427
63426
63426
63426
63426
63425
63425
63425
63425
63424
63424
63424
63424
63423
63423
63423
63423
63421
63419
63418
63416
63415
63412
63412
63411
63411
63411
63411
63410
63410
63409
63408
63408
63408
63407
63407
63407
63407
63406
63406
63406
63405
63405
63405
63405
63403
63403
63401
63401
63401
63401
63400
63400
63400
63400
63399
63399
63399
63399
63398
63398
63398
63398
63397
63397
63397
63397
63396
63395
63394
63394
63394
63394
63393
63393
63393
63393
63392
63392
63392
63391
63391
63391
63391
63390
63390
63390
63390
63389
63389
63389
63387
63387
63387
63386
63386
63386
63386
63385
63385
63385
63385
63384
63384
63384
63384
63383
63383
63383
63383
63382
63382
63381
63380
63379
63379
63379
63378
63378
63378
63377
63377
63377
63377
63376
63375
63375
63375
63374
63374
63374
63374
63373
63373
63373
63373
63372
63372
63372
63371
63371
63371
63371
63370
63370
63369
63369
63368
63368
63368
63368
63367
63367
63367
63367
63366
63366
63366
63365
63365
63365
63365
63364
63364
63364
63364
63363
63363
63363
63363
63362
63362
63362
63361
63361
63361
63361
63360
63360
63360
63360
63359
63359
63359
63359
63358
63358
63358
63358
63357
63357
63357
63357
63356
63356
63356
63356
63355
63355
63355
63355
63354
63354
63354
63354
63353
63353
63353
63353
63351
63348
63347
63345
63344
63341
63341
63339
63339
63339
63339
63338
63338
63338
63338
63337
63337
63337
63337
63336
63336
63336
63334
63334
63333
63332
63332
63332
63332
63331
63331
63331
63330
63330
63330
63330
63329
63329
63329
63329
63328
63328
63328
63328
63327
63326
63326
63325
63325
63325
63324
63324
63324
63324
63323
63323
63323
63323
63322
63322
63322
63322
63321
63321
63321
63321
63320
63320
63318
63318
63318
63318
63317
63317
63317
63317
63316
63316
63316
63316
63315
63315
63315
63315
63314
63314
63314
63314
63313
63312
63311
63310
63310
63309
63309
63309
63308
63308
63308
63307
63306
63306
63306
63306
63305
63305
63305
63304
63304
63304
63304
63303
63303
63303
63303
63302
63302
63302
63302
63301
63301
63301
63301
63300
63300
63300
63300
63299
63299
63299
63298
63298
63298
63298
63297
63297
63297
63297
63296
63296
63296
63296
63295
63295
63295
63295
63294
63294
63294
63294
63293
63293
63293
63293
63292
63292
63292
63292
63291
63291
63291
63291
63290
63290
63290
63289
63289
63289
63289
63288
63288
63288
63288
63287
63287
63287
63287
63286
63286
63286
63286
63285
63285
63285
63285
63284
63284
63284
63284
63283
63283
63283
63279
63277
63275
63274
63272
63271
63270
63270
63270
63269
63269
63269
63269
63268
63268
63268
63266
63265
63264
63264
63263
63263
63263
63263
63262
63262
63262
63262
63261
63261
63261
63261
63260
63260
63260
63260
63259
63259
63259
63257
63257
63257
63256
63256
63256
63256
63255
63255
63255
63255
63254
63254
63254
63254
63253
63253
63253
63253
63252
63252
63252
63252
63250
63250
63249
63249
63249
63249
63248
63248
63248
63248
63247
63247
63247
63247
63246
63246
63246
63246
63245
63245
63245
63243
63243
63242
63241
63241
63241
63241
63239
63239
63239
63238
63238
63238
63238
63237
63237
63237
63235
63235
63235
63234
63234
63234
63234
63233
63233
63233
63232
63232
63232
63232
63231
63231
63231
63231
63230
63230
63230
63230
63229
63229
63229
63229
63228
63228
63228
63228
63227
63227
63227
63227
63226
63226
63226
63226
63225
63225
63225
63225
63224
63224
63224
63224
63223
63223
63223
63222
63222
63222
63222
63221
63221
63221
63221
63220
63220
63220
63220
63219
63219
63219
63219
63218
63218
63218
63218
63217
63217
63217
63216
63216
63216
63216
63215
63215
63215
63215
63214
63214
63214
63214
63213
63213
63213
63213
63212
63212
63212
63211
63209
63207
63205
63204
63202
63201
63201
63200
63200
63200
63198
63198
63197
63196
63196
63196
63196
63195
63195
63195
63194
63194
63194
63194
63193
63193
63193
63193
63192
63192
63192
63192
63191
63190
63190
63189
63189
63189
63189
63188
63188
63188
63188
63187
63187
63187
63187
63186
63186
63186
63185
63185
63185
63185
63184
63184
63183
63182
63182
63182
63182
63181
63181
63181
63179
63179
63179
63178
63178
63178
63178
63177
63177
63177
63177
63176
63176
63175
63174
63172
63172
63171
63171
63170
63170
63170
63169
63169
63169
63169
63168
63168
63168
63168
63166
63166
63166
63165
63165
63165
63165
63164
63163
63162
63162
63162
63161
63161
63161
63161
63160
63159
63159
63159
63158
63155
63155
63154
63154
63153
63153
63153
63152
63152
63152
63151
63151
63150
63150
63150
63149
63149
63148
63148
63148
63147
63147
63147
63146
63146
63146
63145
63145
63145
63144
63144
63143
63143
63142
63142
63141
63141
63141
63140
63139
63139
63076
63075
63075
63075
63074
63074
63073
63073
63073
63073
63072
63072
63072
63072
63071
63071
63071
63071
63070
63070
63070
63070
63069
63069
63069
63069
63068
63068
63068
63068
63067
63067
63067
63067
63066
63066
63064
63062
63060
63059
63056
63055
63053
63053
63053
63053
63052
63052
63052
63051
63051
63051
63051
63050
63050
63050
63050
63049
63049
63049
63049
63048
63048
63047
63046
63046
63046
63046
63045
63045
63045
63044
63044
63044
63044
63043
63043
63043
63043
63042
63042
63042
63042
63041
63041
63041
63039
63039
63039
63039
63038
63038
63038
63037
63037
63037
63037
63036
63036
63036
63036
63035
63035
63035
63035
63034
63034
63033
63031
63029
63029
63029
63029
63028
63028
63028
63028
63027
63027
63027
63027
63026
63026
63026
63024
63024
63024
63024
63023
63023
63023
63022
63021
63021
63021
63020
63020
63020
63020
63019
63019
63019
63019
63018
63018
63018
63017
63017
63017
63017
63016
63016
63016
63016
63015
63015
63015
63015
63014
63014
63014
63014
63013
63013
63011
63011
63011
63011
63010
63010
63010
63010
63009
63009
63009
63009
63008
63008
63008
63008
63007
63007
63007
63006
63006
63006
63006
63005
63005
63005
63005
63004
63004
63004
63004
63003
63003
63003
63003
63002
63002
63002
63001
63001
63001
63000
63000
63000
63000
62999
62999
62999
62999
62998
62998
62998
62997
62997
62997
62997
62996
62996
62996
62996
62995
62995
62995
62995
62990
62989
62986
62984
62983
62982
62981
62981
62981
62981
62980
62980
62980
62979
62979
62979
62979
62978
62978
62978
62978
62976
62976
62976
62975
62975
62975
62975
62974
62974
62974
62974
62973
62973
62973
62973
62972
62972
62972
62972
62971
62971
62971
62971
62969
62969
62969
62968
62968
62968
62968
62967
62967
62967
62967
62966
62966
62966
62966
62965
62965
62965
62965
62963
62963
62961
62961
62960
62959
62959
62959
62959
62958
62958
62958
62958
62957
62957
62957
62956
62956
62956
62954
62954
62954
62953
62953
62953
62953
62952
62951
62950
62950
62950
62950
62949
62949
62949
62949
62948
62948
62948
62948
62947
62947
62946
62945
62945
62945
62945
62944
62944
62944
62944
62943
62943
62943
62943
62942
62942
62942
62942
62941
62941
62941
62941
62940
62940
62940
62939
62939
62939
62939
62938
62938
62938
62938
62937
62937
62937
62937
62936
62936
62936
62936
62935
62935
62935
62934
62934
62934
62934
62933
62933
62933
62933
62932
62932
62932
62932
62931
62931
62931
62931
62930
62930
62930
62930
62929
62929
62929
62928
62928
62928
62928
62927
62927
62927
62927
62926
62926
62926
62926
62925
62925
62925
62925
62924
62924
62924
62924
62922
62919
62917
62915
62914
62913
62911
62911
62911
62910
62910
62910
62909
62909
62909
62909
62907
62907
62907
62906
62906
62906
62906
62905
62905
62905
62905
62904
62904
62904
62904
62903
62903
62903
62903
62902
62902
62902
62902
62900
62900
62899
62899
62899
62899
62898
62898
62898
62898
62897
62897
62897
62897
62896
62896
62895
62894
62894
62894
62894
62892
62892
62891
62890
62890
62890
62889
62889
62889
62889
62888
62888
62888
62887
62887
62887
62887
62885
62885
62885
62884
62884
62884
62884
62883
62882
62882
62881
62881
62881
62881
62880
62880
62880
62879
62879
62879
62878
62878
62878
62876
62876
62876
62875
62875
62875
62875
62874
62874
62874
62874
62873
62873
62873
62873
62872
62872
62872
62872
62871
62871
62871
62871
62870
62870
62870
62870
62869
62869
62869
62869
62868
62868
62868
62868
62867
62867
62867
62867
62866
62866
62866
62866
62865
62865
62865
62865
62864
62864
62864
62864
62863
62863
62863
62863
62862
62862
62862
62862
62861
62861
62861
62861
62860
62860
62860
62860
62859
62859
62859
62858
62858
62858
62858
62857
62857
62857
62857
62856
62856
62856
62856
62855
62853
62853
62852
62852
62852
62852
62851
62851
62851
62851
62849
62847
62846
62844
62842
62841
62841
62841
62840
62839
62839
62838
62838
62838
62838
62837
62837
62837
62837
62836
62836
62836
62835
62835
62835
62835
62834
62834
62834
62834
62833
62833
62832
62831
62831
62831
62831
62830
62830
62830
62830
62829
62829
62829
62829
62827
62827
62827
62826
62826
62826
62826
62825
62824
62824
62822
62822
62822
62822
62821
62821
62821
62821
62820
62819
62819
62818
62818
62818
62817
62816
62816
62816
62815
62792
62792
62791
62791
62789
62788
62788
62787
62787
62787
62786
62786
62786
62785
62785
62785
62784
62784
62784
62782
62782
62781
62781
62781
62781
62780
62780
62780
62779
62779
62779
62778
62778
62778
62777
62777
62777
62777
62776
62776
62776
62775
62775
62775
62774
62774
62774
62773
62773
62773
62772
62772
62772
62772
62771
62771
62771
62770
62770
62770
62769
62769
62769
62768
62768
62768
62768
62767
62767
62767
62767
62766
62766
62766
62766
62765
62765
62765
62765
62764
62764
62764
62764
62763
62763
62763
62762
62762
62762
62762
62761
62761
62761
62761
62760
62760
62760
62760
62759
62758
62758
62757
62757
62757
62757
62756
62756
62756
62756
62755
62755
62755
62755
62754
62754
62754
62754
62753
62752
62750
62749
62746
62745
62743
62743
62743
62742
62742
62742
62742
62741
62741
62741
62740
62740
62740
62740
62739
62739
62739
62739
62738
62738
62738
62736
62736
62736
62736
62735
62735
62735
62735
62734
62734
62733
62732
62732
62732
62732
62731
62731
62731
62731
62730
62730
62729
62728
62727
62727
62726
62726
62726
62725
62725
62725
62725
62724
62724
62724
62724
62723
62723
62721
62721
62721
62720
62720
62720
62720
62719
62718
62718
62717
62717
62717
62717
62716
62716
62716
62716
62715
62715
62715
62715
62714
62713
62713
62712
62712
62712
62712
62711
62711
62711
62710
62710
62710
62710
62710
62709
62709
62709
62709
62708
62708
62708
62707
62707
62707
62707
62706
62706
62706
62706
62705
62705
62705
62705
62704
62704
62704
62704
62703
62703
62703
62703
62699
62699
62699
62699
62698
62698
62698
62698
62697
62697
62697
62697
62696
62696
62696
62695
62695
62695
62695
62694
62694
62694
62694
62693
62693
62693
62693
62692
62692
62692
62692
62691
62691
62691
62691
62690
62689
62688
62688
62688
62687
62687
62687
62687
62686
62686
62686
62686
62685
62685
62685
62685
62684
62684
62684
62684
62683
62683
62683
62683
62682
62682
62682
62681
62680
62678
62677
62676
62674
62672
62671
62671
62671
62671
62670
62670
62670
62669
62669
62669
62669
62668
62668
62668
62666
62666
62666
62665
62665
62665
62665
62663
62663
62663
62662
62662
62662
62661
62661
62661
62661
62660
62660
62660
62660
62658
62658
62657
62656
62656
62656
62655
62655
62655
62655
62654
62654
62654
62654
62653
62653
62653
62651
62651
62651
62650
62650
62650
62650
62649
62648
62648
62647
62647
62646
62646
62646
62645
62645
62644
62644
62644
62643
62643
62643
62641
62641
62640
62640
62640
62640
62639
62639
62639
62638
62638
62638
62638
62637
62637
62637
62637
62636
62636
62636
62636
62635
62635
62634
62633
62633
62633
62633
62632
62632
62632
62632
62631
62631
62631
62631
62630
62630
62630
62630
62629
62629
62629
62629
62628
62628
62628
62627
62627
62627
62627
62626
62626
62626
62626
62625
62625
62625
62625
62624
62624
62624
62624
62623
62623
62623
62623
62622
62622
62622
62622
62621
62621
62621
62619
62619
62619
62619
62618
62618
62618
62618
62617
62617
62617
62617
62616
62616
62616
62616
62615
62615
62615
62615
62614
62614
62614
62614
62613
62613
62613
62613
62612
62612
62612
62611
62611
62611
62611
62610
62610
62608
62606
62605
62603
62602
62600
62600
62599
62599
62599
62599
62598
62598
62598
62596
62596
62596
62596
62594
62594
62594
62593
62593
62593
62592
62592
62592
62592
62591
62591
62591
62591
62590
62590
62590
62588
62588
62587
62586
62586
62586
62585
62585
62585
62584
62584
62584
62584
62583
62583
62583
62583
62581
62581
62581
62581
62580
62580
62580
62580
62578
62578
62577
62577
62577
62577
62576
62576
62576
62575
62575
62575
62575
62574
62574
62573
62572
62572
62572
62572
62571
62571
62571
62570
62570
62570
62570
62569
62569
62569
62569
62568
62568
62568
62568
62567
62567
62567
62564
62564
62564
62563
62563
62563
62563
62562
62547
62546
62546
62546
62545
62545
62545
62545
62544
62544
62544
62544
62543
62543
62543
62543
62542
62542
62542
62542
62541
62541
62541
62541
62540
62540
62540
62539
62539
62539
62539
62538
62538
62538
62538
62537
62537
62537
62537
62536
62535
62534
62534
62534
62534
62533
62533
62533
62532
62532
62532
62532
62531
62531
62531
62531
62530
62530
62530
62530
62529
62529
62529
62529
62528
62528
62528
62528
62527
62527
62527
62527
62526
62526
62526
62526
62525
62525
62525
62524
62524
62524
62523
62523
62523
62522
62521
62519
62518
62517
62515
62514
62513
62513
62512
62510
62510
62510
62510
62509
62509
62509
62509
62508
62508
62508
62507
62507
62507
62507
62507
62506
62506
62506
62506
62504
62504
62502
62502
62502
62501
62501
62501
62501
62500
62500
62500
62500
62499
62499
62499
62498
62497
62497
62496
62496
62496
62496
62495
62495
62494
62493
62493
62493
62493
62492
62492
62492
62492
62491
62490
62490
62489
62489
62489
62487
62487
62487
62486
62486
62486
62486
62485
62485
62485
62484
62484
62484
62484
62484
62483
62483
62483
62483
62482
62482
62482
62481
62480
62480
62479
62479
62479
62479
62478
62478
62478
62478
62477
62477
62477
62477
62476
62476
62476
62476
62475
62475
62475
62475
62474
62474
62474
62474
62473
62473
62473
62473
62472
62472
62472
62472
62471
62471
62471
62471
62470
62470
62470
62470
62469
62469
62469
62467
62467
62467
62466
62466
62466
62466
62465
62465
62465
62465
62464
62464
62464
62464
62463
62463
62463
62463
62462
62462
62462
62462
62461
62461
62461
62460
62460
62460
62460
62459
62459
62459
62459
62458
62458
62458
62458
62457
62457
62457
62457
62456
62456
62456
62456
62455
62455
62455
62455
62454
62454
62454
62453
62453
62450
62449
62446
62444
62443
62442
62441
62441
62441
62440
62440
62439
62439
62439
62439
62438
62438
62438
62438
62437
62437
62437
62437
62435
62435
62433
62433
62433
62432
62432
62432
62432
62431
62431
62431
62431
62430
62430
62430
62430
62428
62428
62428
62427
62427
62427
62426
62426
62425
62425
62424
62424
62424
62423
62423
62422
62422
62422
62422
62421
62421
62421
62421
62419
62419
62419
62418
62418
62418
62418
62417
62417
62417
62416
62416
62416
62416
62415
62415
62415
62415
62414
62414
62414
62414
62413
62412
62411
62411
62411
62411
62410
62410
62410
62410
62409
62409
62409
62409
62408
62408
62408
62408
62407
62407
62407
62407
62404
62404
62403
62403
62403
62402
62402
62402
62401
62401
62401
62401
62400
62400
62400
62400
62399
62399
62399
62399
62398
62396
62395
62395
62395
62394
62394
62394
62394
62393
62393
62393
62393
62392
62392
62392
62392
62391
62391
62391
62391
62390
62390
62390
62390
62389
62389
62389
62389
62388
62388
62388
62388
62387
62387
62387
62387
62386
62386
62386
62386
62385
62385
62385
62385
62384
62384
62384
62384
62383
62383
62383
62383
62382
62382
62382
62382
62381
62381
62381
62381
62380
62380
62380
62380
62378
62376
62375
62374
62372
62370
62370
62370
62369
62369
62369
62368
62368
62368
62367
62367
62367
62365
62365
62364
62363
62363
62363
62363
62362
62362
62362
62361
62361
62361
62361
62360
62360
62360
62359
62358
62358
62358
62357
62357
62357
62357
62355
62355
62355
62354
62354
62354
62354
62353
62353
62353
62353
62352
62352
62352
62352
62350
62350
62350
62349
62349
62349
62349
62348
62348
62348
62348
62347
62347
62347
62346
62346
62346
62346
62345
62345
62345
62345
62344
62343
62343
62342
62342
62342
62342
62341
62341
62341
62341
62340
62340
62340
62340
62339
62339
62339
62339
62338
62338
62338
62336
62336
62335
62334
62334
62334
62334
62333
62333
62333
62332
62332
62332
62332
62331
62331
62331
62331
62329
62329
62329
62328
62328
62328
62328
62327
62327
62327
62327
62326
62326
62326
62326
62325
62325
62325
62325
62324
62324
62324
62324
62323
62323
62323
62322
62322
62322
62322
62321
62321
62321
62321
62320
62320
62320
62320
62319
62319
62319
62319
62318
62318
62318
62318
62317
62317
62317
62317
62316
62316
62316
62316
62315
62315
62315
62314
62314
62314
62314
62313
62313
62313
62313
62312
62312
62312
62312
62311
62311
62311
62311
62308
62305
62304
62302
62301
62300
62299
62299
62299
62298
62298
62297
62296
62295
62295
62294
62294
62294
62294
62293
62293
62293
62293
62292
62292
62292
62292
62291
62290
62289
62289
62289
62289
62288
62288
62288
62286
62286
62286
62286
62285
62285
62285
62285
62284
62284
62284
62284
62283
62283
62283
62281
62281
62281
62281
62280
62280
62280
62280
62279
62279
62279
62279
62278
62278
62278
62277
62277
62277
62277
62276
62276
62276
62276
62274
62274
62274
62273
62273
62273
62273
62272
62272
62272
62272
62271
62271
62271
62271
62270
62270
62270
62270
62269
62269
62266
62266
62265
62264
62264
62264
62264
62263
62263
62263
62263
62262
62262
62262
62262
62260
62260
62260
62259
62259
62259
62259
62258
62258
62258
62258
62257
62257
62257
62257
62256
62256
62256
62255
62255
62255
62255
62254
62254
62254
62254
62253
62253
62253
62253
62252
62252
62252
62252
62251
62251
62251
62251
62250
62250
62250
62249
62249
62249
62249
62248
62248
62248
62248
62247
62247
62247
62247
62246
62246
62246
62246
62245
62245
62245
62245
62244
62244
62244
62244
62243
62243
62243
62243
62242
62242
62242
62242
62241
62241
62241
62241
62240
62240
62240
62240
62239
62238
62236
62235
62233
62232
62229
62229
62227
62227
62227
62227
62226
62226
62226
62226
62225
62225
62225
62225
62224
62224
62224
62222
62222
62222
62221
62221
62221
62221
62220
62219
62219
62218
62218
62218
62218
62217
62217
62217
62217
62216
62216
62216
62215
62215
62214
62213
62213
62213
62213
62212
62212
62212
62212
62211
62211
62211
62211
62210
62210
62210
62210
62209
62209
62207
62207
62207
62207
62205
62205
62205
62204
62204
62204
62204
62203
62203
62203
62203
62202
62202
62202
62202
62201
62201
62201
62200
62200
62200
62198
62198
62197
62197
62196
62196
62196
62196
62195
62195
62195
62195
62193
62193
62192
62192
62192
62192
62191
62191
62191
62191
62190
62190
62190
62190
62189
62189
62189
62189
62188
62188
62188
62188
62187
62187
62187
62187
62186
62186
62186
62186
62185
62185
62185
62185
62184
62184
62184
62184
62183
62183
62183
62182
62182
62182
62182
62181
62181
62181
62181
62180
62180
62180
62180
62179
62179
62179
62179
62178
62178
62177
62177
62177
62176
62176
62176
62176
62175
62175
62175
62175
62174
62174
62174
62174
62173
62173
62173
62173
62172
62172
62172
62172
62171
62171
62171
62171
62170
62170
62170
62169
62169
62168
62165
62164
62162
62160
62159
62158
62158
62158
62158
62157
62157
62157
62157
62156
62156
62155
62154
62154
62154
62154
62153
62153
62153
62151
62151
62151
62150
62150
62150
62150
62149
62149
62149
62148
62148
62148
62148
62147
62146
62146
62146
62145
62145
62145
62145
62144
62144
62144
62144
62143
62143
62143
62142
62142
62142
62142
62141
62141
62141
62141
62140
62139
62139
62138
62138
62138
62137
62137
62137
62137
62136
62136
62136
62136
62135
62135
62135
62135
62134
62134
62134
62134
62132
62132
62130
62129
62129
62129
62128
62128
62128
62126
62126
62126
62126
62125
62125
62125
62125
62124
62124
62124
62123
62123
62123
62122
62121
62121
62121
62120
62120
62120
62120
62119
62119
62119
62119
62118
62118
62118
62117
62117
62117
62117
62116
62116
62116
62114
62114
62114
62114
62113
62113
62113
62113
62112
62112
62112
62112
62111
62111
62111
62111
62110
62110
62110
62110
62109
62109
62109
62109
62108
62108
62108
62108
62107
62107
62107
62107
62106
62106
62106
62106
62105
62105
62105
62105
62104
62104
62104
62104
62103
62103
62103
62102
62102
62102
62102
62101
62101
62101
62101
62100
62100
62100
62100
62099
62099
62099
62099
62098
62097
62095
62094
62092
62091
62089
62089
62089
62089
62088
62087
62087
62086
62086
62086
62086
62085
62085
62084
62083
62083
62083
62083
62082
62082
62082
62082
62081
62081
62081
62081
62080
62080
62079
62078
62078
62078
62078
62077
62077
62077
62077
62076
62076
62076
62076
62075
62075
62075
62074
62074
62074
62074
62073
62073
62073
62071
62071
62071
62071
62070
62070
62070
62069
62069
62069
62069
62068
62068
62068
62067
62067
62067
62067
62066
62066
62066
62064
62064
62063
62062
62062
62062
62060
62060
62060
62059
62059
62059
62059
62058
62058
62058
62058
62057
62057
62057
62057
62056
62056
62054
62054
62053
62052
62052
62052
62052
62051
62051
62051
62051
62050
62050
62050
62050
62049
62049
62049
62048
62048
62048
62048
62047
62047
62047
62047
62046
62046
62046
62046
62045
62045
62045
62045
62044
62044
62044
62044
62043
62043
62043
62043
62042
62042
62042
62042
62041
62041
62041
62041
62040
62040
62040
62040
62039
62039
62039
62039
62038
62038
62038
62038
62037
62037
62037
62037
62036
62036
62036
62036
62035
62035
62035
62035
62034
62034
62034
62034
62033
62033
62033
62033
62032
62032
62032
62032
62031
62031
62031
62031
62030
62030
62027
62026
62025
62023
62020
62018
62018
62018
62018
62017
62017
62017
62015
62015
62015
62014
62014
62014
62014
62013
62013
62013
62012
62012
62012
62012
62011
62010
62010
62010
62009
62009
62009
62008
62008
62008
62008
62007
62007
62007
62007
62006
62006
62006
62006
62005
62005
62005
62005
62004
62003
62003
62002
62002
62002
62002
62001
62001
62001
62001
62000
62000
62000
62000
61999
61999
61999
61999
61998
61998
61998
61996
61996
61994
61992
61992
61992
61991
61991
61991
61991
61990
61990
61990
61990
61989
61989
61989
61989
61988
61988
61988
61988
61987
61986
61986
61984
61984
61984
61983
61983
61983
61983
61982
61982
61982
61982
61981
61981
61981
61981
61980
61980
61980
61980
61979
61979
61979
61979
61978
61978
61978
61978
61977
61977
61977
61977
61976
61976
61976
61976
61975
61975
61975
61975
61974
61974
61974
61974
61973
61973
61973
61972
61972
61972
61972
61971
61971
61971
61971
61970
61970
61970
61970
61969
61969
61969
61968
61968
61968
61968
61967
61967
61967
61967
61966
61966
61966
61966
61965
61965
61965
61965
61964
61964
61964
61964
61963
61963
61963
61963
61962
61962
61962
61962
61961
61961
61961
61961
61960
61960
61960
61958
61957
61955
61954
61951
61950
61948
61948
61948
61948
61947
61947
61947
61946
61946
61946
61946
61945
61945
61945
61945
61943
61943
61943
61942
61942
61942
61942
61941
61941
61941
61941
61940
61940
61940
61940
61939
61939
61939
61939
61938
61938
61938
61938
61936
61936
61936
61935
61935
61935
61935
61934
61934
61934
61934
61933
61933
61933
61933
61932
61932
61932
61932
61931
61930
61927
61927
61925
61925
61925
61925
61924
61924
61924
61924
61923
61923
61923
61923
61922
61922
61922
61922
61921
61921
61921
61921
61920
61919
61919
61917
61917
61917
61916
61916
61915
61915
61915
61914
61914
61914
61914
61913
61913
61913
61913
61912
61912
61912
61912
61911
61911
61911
61911
61910
61910
61910
61910
61909
61909
61909
61909
61908
61908
61908
61908
61907
61907
61907
61907
61906
61906
61906
61906
61905
61905
61905
61905
61904
61904
61904
61903
61903
61903
61903
61902
61902
61902
61902
61901
61901
61901
61901
61900
61900
61900
61900
61899
61899
61899
61899
61898
61898
61898
61898
61897
61897
61897
61897
61896
61896
61896
61896
61895
61895
61895
61895
61894
61894
61894
61893
61893
61893
61893
61892
61892
61892
61892
61891
61891
61891
61891
61888
61887
61885
61884
61883
61881
61881
61881
61880
61880
61880
61879
61879
61879
61879
61877
61877
61877
61876
61876
61876
61876
61875
61875
61875
61875
61874
61874
61874
61874
61873
61873
61873
61873
61872
61872
61872
61872
61870
61870
61870
61869
61869
61869
61869
61868
61868
61868
61868
61867
61867
61867
61867
61866
61866
61866
61864
61864
61863
61848
61848
61845
61844
61844
61844
61844
61843
61843
61843
61843
61842
61842
61842
61841
61841
61841
61841
61840
61840
61840
61840
61839
61838
61838
61836
61836
61835
61835
61835
61835
61834
61834
61834
61833
61833
61833
61833
61832
61832
61832
61832
61831
61831
61831
61831
61829
61829
61829
61828
61828
61828
61827
61827
61827
61827
61826
61826
61826
61826
61825
61825
61825
61824
61824
61824
61824
61823
61823
61822
61821
61821
61821
61821
61820
61820
61820
61820
61819
61819
61819
61819
61818
61818
61818
61818
61817
61817
61817
61817
61816
61816
61816
61815
61815
61802
61802
61802
61801
61801
61801
61801
61800
61800
61800
61800
61799
61799
61799
61799
61798
61798
61798
61798
61797
61797
61797
61797
61796
61796
61796
61796
61795
61795
61795
61793
61793
61792
61792
61792
61792
61791
61791
61790
61788
61787
61785
61784
61782
61782
61782
61782
61780
61780
61780
61779
61779
61779
61779
61778
61778
61778
61778
61777
61777
61777
61777
61776
61776
61776
61775
61775
61775
61774
61774
61773
61773
61772
61772
61772
61772
61771
61771
61771
61771
61770
61770
61770
61770
61769
61768
61767
61767
61767
61767
61766
61765
61765
61763
61763
61763
61762
61762
61762
61761
61761
61761
61760
61760
61760
61760
61759
61759
61759
61759
61758
61758
61758
61758
61756
61756
61754
61754
61754
61753
61753
61753
61753
61752
61752
61752
61752
61751
61751
61751
61751
61750
61750
61750
61750
61749
61749
61747
61747
61747
61747
61746
61746
61746
61746
61745
61745
61745
61745
61744
61744
61744
61744
61743
61743
61743
61743
61742
61742
61742
61742
61741
61741
61741
61741
61740
61740
61740
61739
61739
61739
61739
61738
61738
61738
61738
61737
61737
61737
61736
61736
61736
61736
61735
61735
61735
61734
61734
61734
61733
61733
61733
61733
61732
61732
61732
61732
61731
61731
61731
61730
61730
61730
61730
61729
61729
61729
61729
61728
61728
61728
61728
61727
61726
61726
61725
61725
61725
61725
61724
61724
61724
61724
61723
61723
61723
61723
61722
61722
61722
61719
61718
61716
61714
61712
61711
61711
61710
61710
61710
61710
61709
61709
61709
61709
61708
61708
61708
61707
61707
61707
61707
61706
61706
61706
61706
61704
61704
61704
61703
61703
61703
61703
61702
61702
61702
61702
61701
61700
61700
61699
61699
61699
61698
61698
61698
61698
61695
61694
61693
61693
61692
61692
61692
61692
61691
61691
61691
61691
61690
61690
61690
61690
61689
61689
61689
61689
61688
61688
61688
61686
61686
61685
61684
61684
61684
61684
61683
61683
61683
61683
61682
61682
61682
61682
61681
61681
61681
61681
61680
61680
61680
61680
61678
61678
61677
61677
61677
61677
61676
61676
61676
61676
61675
61675
61675
61675
61674
61674
61674
61673
61673
61673
61673
61672
61672
61672
61672
61671
61671
61671
61671
61670
61670
61670
61670
61669
61669
61669
61669
61668
61668
61668
61667
61667
61667
61667
61666
61666
61666
61666
61665
61665
61665
61665
61664
61664
61664
61664
61663
61663
61663
61663
61662
61662
61662
61662
61661
61661
61661
61661
61660
61660
61660
61660
61659
61658
61657
61657
61657
61657
61656
61656
61656
61656
61655
61655
61655
61655
61654
61654
61654
61654
61653
61653
61653
61652
61652
61652
61652
61651
61651
61648
61647
61644
61643
61642
61640
61640
61640
61639
61639
61639
61639
61638
61638
61638
61638
61637
61637
61637
61636
61635
61635
61634
61634
61634
61634
61633
61633
61633
61631
61631
61631
61631
61630
61630
61630
61630
61629
61629
61629
61629
61627
61627
61625
61625
61625
61625
61624
61624
61623
61623
61623
61623
61622
61622
61622
61622
61621
61621
61621
61621
61620
61620
61620
61617
61617
61615
61615
61615
61615
61614
61614
61614
61614
61613
61613
61613
61613
61612
61612
61612
61612
61611
61611
61611
61611
61610
61609
61609
61608
61608
61608
61608
61607
61607
61607
61607
61606
61606
61606
61606
61605
61605
61604
61604
61604
61604
61603
61603
61603
61603
61602
61602
61602
61602
61601
61601
61601
61601
61600
61600
61600
61600
61599
61599
61599
61599
61598
61598
61598
61598
61597
61597
61597
61596
61596
61596
61596
61595
61595
61595
61595
61594
61594
61594
61594
61593
61593
61593
61593
61592
61592
61592
61592
61591
61591
61591
61589
61589
61589
61588
61588
61588
61587
61587
61587
61587
61586
61586
61586
61586
61585
61585
61585
61585
61584
61584
61584
61584
61583
61583
61583
61583
61582
61582
61582
61581
61581
61581
61581
61580
61580
61579
61577
61576
61574
61573
61572
61571
61571
61571
61570
61570
61570
61570
61569
61568
61568
61567
61567
61567
61567
61565
61565
61565
61564
61564
61564
61564
61563
61563
61563
61562
61562
61562
61562
61561
61560
61560
61557
61557
61556
61556
61556
61556
61555
61555
61555
61554
61554
61554
61554
61553
61553
61553
61553
61552
61552
61552
61552
61550
61550
61548
61548
61548
61548
61547
61547
61547
61546
61546
61546
61546
61545
61545
61545
61545
61544
61544
61544
61544
61543
61543
61542
61541
61541
61541
61541
61540
61540
61540
61540
61539
61539
61539
61538
61538
61538
61538
61537
61536
61536
61535
61535
61535
61535
61534
61534
61534
61534
61533
61533
61533
61533
61532
61532
61532
61532
61531
61531
61531
61531
61530
61530
61530
61530
61529
61529
61529
61529
61527
61527
61526
61526
61526
61526
61525
61525
61525
61525
61524
61524
61524
61524
61523
61523
61523
61523
61522
61522
61521
61520
61520
61520
61520
61519
61519
61519
61518
61518
61518
61518
61517
61517
61517
61517
61516
61516
61516
61516
61515
61515
61515
61515
61514
61514
61514
61514
61513
61513
61513
61513
61512
61512
61512
61512
61511
61511
61511
61511
61510
61510
61510
61510
61508
61507
61504
61503
61501
61500
61499
61499
61498
61497
61497
61496
61496
61495
61495
61495
61494
61494
61494
61494
61493
61493
61493
61493
61492
61492
61492
61492
61491
61490
61490
61488
61488
61488
61487
61487
61487
61487
61486
61486
61486
61486
61485
61485
61485
61485
61484
61484
61484
61484
61483
61483
61482
61481
61480
61480
61479
61479
61479
61479
61478
61478
61478
61477
61477
61477
61477
61476
61476
61476
61476
61475
61475
61475
61475
61473
61473
61473
61472
61472
61472
61471
61471
61471
61471
61470
61470
61470
61470
61469
61469
61469
61467
61467
61467
61467
61466
61466
61466
61466
61465
61465
61465
61465
61464
61464
61464
61463
61463
61463
61463
61462
61462
61462
61462
61461
61461
61461
61460
61460
61460
61460
61459
61459
61459
61459
61458
61458
61458
61458
61457
61457
61457
61457
61456
61456
61456
61456
61455
61454
61454
61453
61453
61453
61453
61452
61452
61452
61451
61451
61451
61451
61450
61450
61450
61450
61449
61449
61449
61448
61448
61448
61447
61447
61447
61447
61446
61446
61446
61446
61445
61445
61445
61445
61444
61444
61444
61443
61443
61443
61443
61443
61442
61442
61442
61441
61441
61441
61441
61441
61440
61440
61437
61436
61433
61431
61430
61429
61428
61428
61428
61427
61427
61427
61427
61426
61426
61426
61426
61425
61425
61425
61425
61424
61424
61423
61422
61420
61419
61419
61419
61419
61418
61418
61418
61418
61417
61417
61417
61417
61416
61416
61416
61416
61415
61415
61415
61415
61413
61413
61411
61411
61411
61411
61410
61410
61410
61410
61409
61409
61409
61409
61408
61408
61408
61408
61407
61407
61407
61407
61406
61405
61405
61404
61404
61404
61404
61403
61403
61403
61403
61402
61402
61402
61402
61401
61401
61401
61399
61399
61399
61399
61398
61398
61398
61397
61397
61397
61397
61396
61396
61396
61396
61395
61395
61395
61395
61394
61394
61392
61392
61392
61392
61391
61391
61391
61391
61390
61390
61390
61390
61389
61389
61389
61389
61388
61388
61388
61388
61387
61387
61387
61385
61385
61385
61385
61384
61384
61384
61384
61383
61383
61383
61383
61382
61382
61382
61381
61381
61381
61381
61380
61380
61380
61380
61379
61379
61379
61379
61378
61378
61378
61378
61377
61377
61377
61377
61376
61376
61376
61376
61375
61375
61375
61375
61374
61374
61374
61374
61373
61373
61373
61373
61372
61372
61372
61372
61371
61371
61371
61371
61370
61370
61370
61368
61366
61365
61364
61362
61360
61360
61360
61359
61359
61359
61358
61358
61358
61358
61357
61357
61356
61355
61354
61354
61354
61353
61353
61353
61353
61352
61352
61352
61352
61351
61351
61351
61351
61350
61350
61350
61350
61349
61349
61348
61347
61346
61346
61346
61345
61345
61345
61345
61344
61344
61344
61344
61343
61343
61343
61343
61342
61342
61342
61342
61341
61341
61339
61338
61338
61338
61337
61337
61337
61336
61336
61336
61336
61335
61335
61335
61335
61334
61334
61333
61332
61332
61332
61332
61331
61331
61331
61331
61330
61330
61330
61330
61329
61329
61329
61328
61328
61328
61328
61327
61326
61326
61324
61323
61323
61323
61323
61322
61322
61322
61322
61321
61321
61321
61320
61320
61320
61320
61319
61319
61318
61317
61317
61317
61316
61316
61316
61316
61315
61315
61315
61315
61314
61314
61314
61314
61313
61313
61313
61313
61312
61312
61312
61312
61311
61311
61311
61311
61310
61310
61310
61310
61309
61309
61309
61309
61308
61308
61308
61307
61307
61307
61307
61306
61306
61306
61306
61305
61305
61305
61305
61304
61304
61304
61304
61303
61303
61303
61302
61302
61302
61302
61301
61301
61301
61300
61300
61300
61300
61299
61299
61298
61296
61295
61293
61292
61290
61290
61290
61289
61289
61289
61287
61287
61286
61285
61285
61285
61285
61284
61284
61284
61283
61283
61283
61283
61282
61282
61282
61282
61281
61281
61281
61281
61280
61278
61277
61276
61276
61275
61275
61275
61275
61274
61274
61274
61273
61273
61273
61273
61272
61272
61272
61272
61271
61271
61271
61270
61269
61269
61268
61268
61268
61268
61267
61267
61267
61266
61266
61266
61266
61265
61265
61265
61265
61263
61263
61263
61262
61262
61262
61262
61261
61261
61261
61260
61260
61260
61260
61259
61259
61259
61259
61258
61258
61258
61256
61256
61255
61254
61254
61254
61253
61253
61253
61253
61252
61252
61252
61252
61251
61251
61251
61249
61249
61249
61249
61248
61248
61248
61248
61247
61247
61247
61247
61246
61246
61246
61246
61244
61244
61243
61243
61243
61243
61242
61242
61242
61242
61241
61241
61241
61240
61240
61240
61240
61239
61239
61239
61239
61238
61238
61238
61238
61237
61237
61237
61236
61236
61236
61236
61235
61235
61235
61235
61234
61234
61234
61234
61233
61233
61233
61233
61232
61232
61232
61232
61231
61231
61231
61231
61230
61230
61230
61230
61229
61229
61229
61229
61228
61228
61228
61228
61226
61225
61223
61186
61184
61181
61181
61179
61179
61179
61179
61178
61178
61178
61177
61177
61177
61177
61176
61176
61176
61176
61175
61175
61175
61175
61174
61174
61173
61172
61171
61170
61170
61169
61169
61169
61169
61168
61168
61168
61168
61167
61167
61167
61167
61166
61166
61166
61166
61165
61165
61164
61163
61163
61163
61163
61162
61162
61162
61162
61161
61161
61161
61160
61160
61160
61160
61159
61158
61158
61157
61157
61157
61157
61156
61156
61156
61156
61155
61155
61155
61155
61154
61154
61154
61153
61153
61153
61153
61151
61151
61150
61149
61149
61149
61149
61148
61148
61148
61148
61147
61147
61147
61145
61145
61145
61144
61144
61144
61144
61143
61143
61143
61143
61142
61142
61142
61142
61141
61141
61141
61141
61140
61140
61140
61140
61139
61139
61139
61139
61138
61138
61138
61138
61137
61137
61137
61137
61136
61136
61136
61136
61135
61135
61135
61135
61134
61134
61134
61133
61133
61133
61133
61132
61132
61132
61132
61131
61131
61131
61131
61130
61130
61130
61130
61129
61129
61129
61129
61128
61128
61128
61128
61127
61127
61127
61127
61126
61126
61126
61126
61125
61125
61125
61124
61124
61124
61124
61123
61123
61123
61123
61120
61117
61116
61115
61113
61112
61112
61111
61111
61111
61110
61110
61110
61110
61109
61109
61109
61109
61108
61108
61108
61108
61105
61105
61103
61103
61103
61102
61102
61102
61102
61101
61101
61101
61101
61100
61100
61100
61100
61099
61099
61099
61099
61098
61098
61097
61096
61096
61096
61096
61095
61095
61095
61095
61094
61094
61094
61093
61093
61093
61093
61093
61091
61091
61090
61090
61090
61090
61089
61089
61089
61089
61088
61088
61088
61087
61087
61087
61087
61086
61086
61086
61086
61084
61084
61083
61082
61082
61082
61081
61081
61081
61081
61080
61079
61079
61079
61078
61078
61078
61077
61077
61077
61077
61076
61076
61074
61074
61074
61074
61073
61073
61072
61072
61072
61072
61071
61071
61071
61071
61070
61070
61070
61070
61069
61069
61069
61069
61068
61068
61068
61068
61067
61067
61067
61067
61066
61066
61066
61066
61065
61065
61065
61065
61064
61064
61064
61063
61063
61063
61063
61062
61062
61062
61062
61061
61061
61061
61061
61060
61060
61060
61060
61059
61059
61059
61059
61058
61058
61058
61058
61057
61057
61057
61057
61056
61056
61056
61056
61055
61055
61055
61055
61054
61054
61054
61054
61053
61053
61053
61052
61052
61051
61049
61048
61046
61045
61043
61043
61043
61042
61042
61042
61042
61041
61041
61041
61041
61039
61039
61037
61037
61037
61036
61036
61036
61036
61035
61035
61035
61035
61034
61034
61034
61034
61033
61033
61033
61033
61032
61032
61030
61030
61030
61030
61029
61029
61029
61029
61028
61028
61028
61028
61027
61027
61027
61027
61026
61025
61024
61024
61024
61023
61023
61023
61023
61021
61021
61021
61020
61020
61020
61020
61019
61019
61019
61019
61018
61018
61017
61016
61015
61014
61014
61014
61014
61013
61012
61012
61011
61011
61011
61011
61010
61010
61010
61010
61009
61009
61009
61009
61008
61007
61007
61005
61005
61004
61004
61004
61004
61003
61003
61003
61003
61002
61002
61002
61002
61001
61001
61001
61000
61000
61000
61000
60999
60999
60999
60999
60998
60998
60998
60998
60997
60997
60997
60997
60996
60996
60996
60996
60995
60995
60995
60995
60994
60994
60994
60994
60993
60993
60993
60993
60992
60992
60992
60992
60991
60991
60991
60990
60990
60990
60990
60989
60989
60989
60989
60988
60988
60988
60988
60987
60987
60987
60987
60986
60986
60986
60986
60985
60985
60985
60984
60984
60984
60984
60983
60983
60983
60983
60982
60982
60982
60980
60978
60977
60975
60974
60973
60972
60972
60972
60972
60970
60970
60967
60967
60967
60967
60966
60966
60966
60966
60965
60965
60965
60965
60964
60964
60963
60963
60963
60963
60962
60962
60962
60960
60960
60960
60960
60959
60959
60959
60959
60958
60958
60958
60958
60957
60957
60957
60957
60956
60955
60955
60955
60954
60954
60953
60953
60953
60953
60952
60952
60952
60952
60951
60951
60951
60951
60950
60950
60950
60950
60948
60948
60946
60946
60946
60944
60944
60944
60944
60943
60943
60943
60943
60942
60942
60942
60942
60941
60941
60941
60941
60940
60940
60938
60938
60937
60937
60936
60936
60936
60935
60935
60935
60935
60934
60934
60934
60934
60933
60933
60933
60933
60932
60932
60932
60932
60931
60931
60931
60931
60930
60930
60930
60930
60929
60929
60929
60927
60927
60927
60927
60926
60926
60926
60926
60925
60925
60925
60925
60924
60924
60924
60924
60923
60923
60923
60923
60922
60922
60922
60921
60921
60921
60921
60920
60920
60920
60920
60919
60919
60919
60919
60918
60918
60918
60918
60917
60917
60917
60917
60916
60916
60916
60916
60915
60915
60915
60915
60914
60914
60914
60913
60913
60913
60913
60912
60912
60912
60912
60911
60911
60910
60908
60907
60905
60903
60901
60900
60899
60899
60899
60899
60898
60898
60898
60898
60897
60897
60897
60897
60896
60896
60896
60896
60895
60895
60895
60895
60893
60893
60893
60892
60892
60892
60892
60891
60891
60891
60891
60890
60890
60890
60890
60889
60889
60887
60887
60887
60887
60886
60886
60886
60886
60885
60885
60885
60885
60884
60884
60884
60884
60883
60883
60883
60883
60882
60881
60881
60878
60878
60878
60877
60877
60877
60877
60876
60876
60876
60876
60875
60875
60875
60875
60874
60874
60874
60874
60873
60873
60871
60871
60870
60869
60869
60869
60869
60868
60868
60868
60868
60867
60867
60867
60867
60866
60866
60866
60866
60865
60865
60865
60865
60864
60864
60864
60864
60863
60863
60863
60863
60862
60862
60862
60862
60861
60861
60861
60861
60860
60860
60860
60859
60859
60859
60859
60858
60858
60858
60858
60857
60857
60857
60857
60856
60856
60856
60856
60855
60855
60855
60855
60854
60854
60854
60854
60853
60853
60853
60853
60852
60852
60852
60852
60851
60851
60851
60851
60850
60850
60850
60850
60849
60849
60849
60849
60848
60848
60848
60848
60847
60847
60847
60847
60846
60846
60846
60846
60845
60845
60845
60845
60844
60844
60840
60839
60837
60835
60834
60831
60831
60831
60831
60830
60830
60830
60830
60829
60829
60829
60828
60828
60828
60828
60827
60826
60826
60825
60825
60825
60824
60824
60824
60824
60823
60823
60823
60823
60822
60822
60822
60822
60820
60820
60820
60820
60819
60819
60819
60818
60818
60818
60818
60817
60817
60817
60817
60816
60816
60816
60816
60815
60798
60796
60796
60794
60794
60794
60793
60793
60793
60792
60792
60792
60792
60791
60791
60791
60791
60790
60790
60790
60790
60789
60789
60789
60787
60787
60786
60785
60785
60785
60784
60784
60784
60784
60783
60783
60783
60783
60782
60782
60782
60782
60781
60781
60781
60781
60780
60779
60778
60778
60778
60778
60777
60777
60777
60777
60776
60776
60776
60776
60775
60775
60775
60775
60774
60774
60774
60774
60773
60773
60773
60773
60772
60772
60772
60772
60771
60771
60771
60771
60770
60770
60770
60770
60769
60769
60769
60769
60768
60768
60768
60767
60767
60767
60767
60766
60766
60766
60766
60765
60765
60765
60765
60764
60764
60764
60764
60763
60763
60763
60763
60762
60762
60762
60762
60761
60761
60761
60761
60760
60760
60760
60760
60759
60759
60759
60759
60758
60757
60756
60756
60756
60756
60755
60754
60752
60751
60749
60748
60746
60746
60746
60746
60745
60745
60745
60744
60744
60744
60743
60742
60742
60742
60741
60741
60741
60741
60740
60740
60740
60740
60739
60739
60739
60739
60738
60737
60737
60736
60736
60736
60736
60735
60735
60735
60735
60734
60734
60734
60734
60733
60733
60733
60731
60731
60731
60730
60729
60729
60727
60727
60727
60727
60726
60726
60726
60726
60725
60724
60724
60723
60723
60723
60723
60722
60722
60722
60721
60721
60721
60719
60719
60718
60717
60717
60717
60717
60716
60716
60716
60716
60715
60715
60715
60715
60714
60714
60714
60714
60713
60713
60713
60713
60711
60711
60711
60710
60710
60710
60709
60709
60709
60709
60708
60708
60708
60708
60707
60707
60707
60707
60706
60706
60706
60706
60705
60705
60705
60704
60704
60704
60704
60703
60703
60703
60703
60702
60702
60702
60702
60701
60701
60701
60701
60700
60700
60700
60700
60699
60699
60699
60699
60698
60698
60698
60698
60697
60697
60697
60697
60696
60696
60696
60696
60695
60695
60695
60694
60694
60694
60694
60693
60693
60693
60693
60692
60692
60692
60692
60691
60691
60690
60689
60689
60689
60689
60688
60688
60688
60688
60687
60687
60687
60687
60686
60686
60685
60683
60682
60679
60678
60675
60675
60675
60674
60673
60672
60672
60672
60672
60671
60671
60671
60670
60670
60670
60670
60669
60669
60669
60669
60668
60667
60667
60666
60666
60666
60666
60665
60665
60665
60664
60664
60664
60664
60663
60662
60662
60661
60661
60661
60660
60660
60659
60658
60657
60657
60657
60656
60656
60656
60655
60655
60655
60655
60654
60654
60654
60653
60653
60653
60653
60652
60652
60652
60652
60650
60650
60648
60648
60648
60647
60647
60647
60647
60646
60646
60646
60645
60645
60645
60645
60644
60644
60644
60644
60643
60643
60643
60641
60641
60641
60641
60640
60640
60640
60640
60639
60639
60639
60639
60638
60638
60638
60638
60637
60637
60637
60637
60636
60636
60636
60636
60635
60635
60635
60635
60634
60634
60634
60634
60633
60633
60633
60631
60631
60631
60630
60630
60630
60629
60629
60629
60629
60628
60628
60628
60628
60627
60627
60627
60627
60626
60626
60626
60626
60625
60625
60625
60625
60624
60624
60624
60624
60623
60623
60623
60623
60622
60622
60622
60622
60621
60621
60620
60619
60619
60619
60619
60618
60618
60618
60617
60617
60617
60617
60616
60616
60616
60616
60615
60615
60615
60615
60614
60614
60614
60614
60612
60610
60609
60607
60605
60603
60603
60603
60603
60602
60602
60602
60602
60601
60601
60601
60601
60600
60600
60600
60598
60598
60598
60598
60597
60597
60597
60597
60596
60596
60596
60594
60594
60593
60593
60593
60592
60592
60592
60592
60591
60590
60590
60588
60588
60588
60588
60587
60587
60587
60586
60586
60586
60586
60585
60585
60585
60585
60584
60584
60584
60584
60583
60583
60582
60581
60580
60580
60579
60579
60579
60579
60578
60578
60578
60577
60577
60577
60577
60576
60576
60576
60576
60575
60575
60575
60575
60573
60573
60573
60572
60572
60572
60571
60571
60571
60571
60570
60570
60570
60570
60569
60569
60569
60569
60568
60568
60568
60567
60567
60567
60567
60566
60566
60566
60566
60565
60565
60565
60564
60564
60564
60564
60563
60563
60563
60563
60562
60562
60562
60562
60561
60561
60561
60561
60560
60560
60560
60560
60559
60559
60559
60559
60558
60558
60558
60558
60557
60557
60557
60557
60556
60556
60556
60556
60555
60555
60555
60554
60553
60552
60552
60552
60552
60551
60551
60551
60551
60550
60550
60550
60550
60549
60549
60549
60549
60548
60548
60548
60548
60547
60547
60547
60547
60546
60546
60546
60546
60545
60545
60545
60545
60542
60540
60539
60537
60535
60533
60532
60532
60532
60532
60531
60531
60530
60530
60529
60528
60528
60528
60528
60527
60527
60527
60525
60525
60525
60524
60524
60524
60524
60523
60523
60523
60523
60522
60522
60521
60520
60519
60519
60518
60518
60517
60517
60517
60517
60516
60516
60516
60516
60515
60515
60515
60515
60514
60514
60514
60514
60513
60512
60511
60510
60510
60509
60509
60509
60508
60508
60508
60508
60507
60507
60507
60507
60506
60506
60506
60506
60505
60505
60505
60505
60503
60503
60503
60502
60502
60502
60502
60501
60501
60501
60501
60500
60500
60500
60500
60499
60499
60499
60499
60498
60498
60498
60498
60496
60496
60496
60495
60495
60495
60494
60494
60494
60494
60493
60493
60493
60493
60492
60492
60492
60492
60491
60491
60491
60491
60490
60490
60490
60490
60489
60489
60489
60489
60488
60488
60488
60488
60487
60487
60487
60487
60486
60486
60486
60486
60485
60485
60485
60485
60483
60483
60483
60482
60482
60482
60481
60481
60481
60481
60480
60480
60480
60480
60479
60479
60479
60479
60478
60478
60478
60478
60477
60477
60477
60477
60476
60476
60476
60476
60475
60475
60475
60475
60474
60474
60474
60474
60473
60473
60473
60473
60471
60469
60468
60467
60465
60464
60464
60463
60462
60462
60461
60461
60461
60459
60459
60459
60459
60458
60458
60458
60458
60457
60457
60457
60457
60456
60456
60456
60456
60454
60454
60452
60452
60452
60452
60451
60451
60451
60451
60450
60450
60450
60450
60449
60449
60449
60449
60448
60448
60448
60448
60447
60446
60446
60444
60444
60444
60443
60443
60443
60442
60442
60442
60442
60440
60440
60440
60439
60439
60439
60439
60438
60438
60438
60438
60436
60436
60436
60435
60435
60435
60435
60434
60434
60434
60434
60433
60433
60433
60433
60432
60432
60432
60432
60431
60431
60431
60431
60429
60429
60429
60428
60428
60428
60427
60427
60427
60426
60426
60426
60426
60425
60425
60425
60425
60424
60424
60424
60424
60423
60423
60423
60423
60422
60422
60422
60422
60421
60421
60421
60421
60420
60420
60420
60420
60419
60419
60419
60419
60418
60418
60417
60416
60416
60416
60415
60415
60415
60415
60414
60414
60414
60414
60413
60413
60413
60413
60412
60412
60412
60412
60411
60411
60411
60411
60410
60410
60410
60410
60409
60409
60409
60409
60408
60408
60408
60408
60407
60407
60407
60407
60406
60406
60406
60406
60405
60405
60405
60405
60404
60404
60404
60402
60400
60397
60395
60393
60392
60392
60391
60391
60391
60391
60390
60390
60390
60390
60389
60389
60389
60389
60388
60388
60388
60388
60386
60386
60384
60384
60384
60384
60383
60383
60383
60383
60382
60382
60382
60382
60381
60381
60381
60381
60380
60380
60380
60380
60379
60378
60377
60376
60376
60375
60375
60375
60375
60374
60374
60374
60374
60373
60373
60373
60373
60372
60372
60372
60371
60371
60371
60371
60369
60368
60368
60368
60368
60367
60367
60367
60367
60366
60366
60366
60365
60365
60365
60365
60364
60364
60364
60364
60363
60363
60363
60361
60361
60361
60360
60360
60360
60360
60359
60359
60359
60359
60358
60358
60358
60358
60356
60356
60355
60355
60355
60355
60354
60354
60354
60354
60353
60353
60353
60352
60352
60352
60352
60351
60351
60351
60351
60349
60349
60349
60348
60347
60347
60346
60346
60346
60346
60345
60345
60345
60345
60344
60344
60344
60344
60343
60343
60343
60343
60342
60342
60342
60342
60341
60341
60341
60341
60340
60340
60340
60340
60339
60339
60339
60339
60338
60338
60338
60338
60337
60337
60337
60337
60336
60336
60336
60335
60335
60335
60335
60334
60334
60334
60334
60333
60333
60333
60333
60332
60332
60332
60330
60327
60326
60324
60323
60322
60321
60321
60321
60321
60320
60320
60320
60320
60319
60319
60319
60318
60317
60316
60316
60315
60315
60315
60315
60314
60314
60314
60314
60313
60313
60313
60313
60312
60312
60312
60312
60311
60311
60311
60309
60309
60308
60307
60307
60307
60307
60306
60306
60306
60306
60305
60305
60305
60305
60304
60304
60304
60304
60303
60303
60303
60303
60301
60301
60300
60300
60300
60300
60299
60299
60299
60299
60298
60298
60298
60298
60297
60297
60297
60297
60296
60296
60296
60296
60295
60294
60294
60293
60293
60292
60292
60292
60292
60291
60291
60291
60291
60290
60290
60290
60289
60288
60288
60288
60287
60287
60287
60287
60286
60286
60286
60286
60285
60285
60285
60285
60284
60284
60284
60284
60283
60283
60282
60281
60281
60281
60281
60280
60280
60280
60280
60279
60279
60279
60279
60278
60278
60278
60278
60277
60277
60277
60277
60276
60276
60276
60275
60275
60275
60275
60274
60274
60274
60274
60273
60273
60273
60273
60272
60272
60272
60272
60271
60271
60271
60271
60270
60270
60270
60270
60269
60269
60269
60269
60268
60268
60268
60268
60267
60267
60267
60267
60266
60266
60266
60266
60265
60265
60265
60265
60264
60261
60260
60258
60256
60254
60253
60253
60252
60252
60252
60252
60250
60250
60249
60248
60248
60248
60248
60247
60247
60247
60246
60246
60246
60246
60245
60245
60245
60245
60244
60244
60244
