212889
168925
162868
116924
110802
64906
64904
64903
64903
64902
64901
64901
64900
64900
64900
64900
64899
64899
64899
64898
64898
64898
64889
64889
64889
64888
64888
64888
64887
64887
64885
64885
64885
64885
64884
64884
64884
64884
64883
64883
64883
64881
64881
64879
64879
64879
64878
64878
64878
64878
64878
64877
64877
64877
64877
64877
64876
64876
64876
64876
64875
64875
64874
64873
64873
64873
64873
64872
64872
64872
64872
64871
64871
64871
64871
64871
64870
64870
64870
64870
64870
64869
64869
64869
64869
64869
64868
64867
64866
64866
64866
64866
64865
64865
64865
64865
64865
64864
64864
64864
64864
64864
64863
64863
64863
64863
64861
64861
64861
64860
64860
64860
64860
64860
64859
64859
64859
64859
64858
64858
64858
64858
64858
64857
64857
64857
64857
64856
64856
64856
64855
64855
64855
64855
64855
64854
64854
64854
64852
64852
64851
64851
64851
64851
64850
64850
64850
64850
64850
64849
64849
64849
64849
64848
64848
64848
64848
64848
64847
64847
64847
64847
64847
64846
64846
64846
64846
64846
64845
64845
64845
64845
64844
64844
64844
64844
64843
64843
64843
64843
64843
64842
64842
64842
64842
64841
64841
64841
64841
64841
64840
64840
64838
64837
64828
64827
64825
64824
64824
64823
64823
64823
64823
64823
64822
64822
64822
64822
64822
64821
64821
64821
64821
64820
64820
64819
64819
64817
64817
64817
64816
64816
64816
64816
64815
64815
64815
64815
64815
64814
64814
64814
64814
64813
64813
64813
64813
64813
64811
64811
64810
64809
64809
64809
64809
64809
64808
64808
64808
64808
64807
64807
64807
64807
64807
64805
64803
64803
64803
64802
64802
64802
64802
64802
64801
64801
64801
64801
64801
64800
64800
64800
64800
64800
64799
64799
64799
64799
64797
64797
64797
64796
64796
64796
64796
64796
64795
64795
64795
64795
64795
64794
64794
64794
64794
64793
64793
64793
64793
64791
64791
64791
64791
64790
64790
64790
64790
64790
64789
64789
64789
64789
64789
64788
64788
64788
64788
64787
64787
64787
64787
64785
64785
64785
64784
64784
64783
64783
64783
64783
64783
64782
64782
64782
64782
64782
64781
64781
64781
64781
64781
64780
64780
64780
64780
64779
64779
64779
64779
64779
64778
64778
64778
64778
64778
64777
64777
64777
64777
64777
64776
64776
64776
64776
64775
64775
64775
64775
64775
64774
64774
64774
64774
64774
64773
64773
64773
64773
64772
64772
64772
64772
64772
64771
64770
64768
64767
64765
64764
64754
64753
64753
64753
64753
64752
64752
64752
64752
64752
64751
64751
64749
64749
64748
64747
64747
64747
64747
64747
64746
64746
64746
64746
64745
64745
64745
64745
64744
64744
64744
64744
64743
64743
64743
64742
64741
64740
64740
64740
64739
64739
64739
64739
64739
64738
64738
64738
64738
64737
64737
64737
64735
64735
64735
64735
64735
64734
64734
64734
64734
64733
64733
64733
64733
64733
64732
64732
64732
64732
64731
64731
64731
64731
64731
64729
64729
64729
64728
64728
64728
64728
64727
64727
64727
64727
64727
64726
64726
64726
64726
64726
64725
64725
64725
64725
64723
64723
64721
64721
64721
64721
64720
64720
64720
64720
64720
64719
64719
64719
64719
64719
64718
64718
64718
64717
64716
64716
64716
64716
64715
64715
64715
64713
64713
64713
64712
64712
64712
64712
64712
64711
64711
64711
64711
64710
64710
64710
64710
64710
64709
64709
64709
64709
64709
64708
64708
64708
64708
64708
64707
64707
64707
64707
64706
64706
64706
64706
64706
64705
64705
64705
64705
64705
64704
64704
64704
64704
64704
64703
64703
64703
64703
64702
64702
64702
64702
64702
64701
64701
64701
64701
64701
64700
64700
64700
64700
64698
64697
64694
64693
64691
64689
64689
64689
64689
64689
64688
64687
64687
64685
64685
64685
64685
64685
64684
64684
64684
64684
64683
64683
64683
64683
64683
64682
64682
64682
64682
64682
64681
64681
64679
64679
64678
64677
64677
64677
64677
64677
64676
64676
64676
64676
64675
64675
64675
64675
64675
64673
64673
64673
64672
64672
64672
64672
64671
64671
64671
64671
64671
64670
64670
64670
64670
64670
64669
64669
64669
64669
64668
64668
64643
64642
64642
64642
64642
64641
64641
64641
64640
64640
64640
64640
64639
64639
64639
64638
64637
64637
64637
64636
64636
64632
64632
64630
64630
64629
64629
64629
64629
64628
64628
64628
64627
64627
64627
64627
64626
64625
64624
64624
64624
64624
64623
64623
64623
64622
64622
64622
64622
64621
64621
64621
64621
64620
64620
64620
64619
64619
64619
64619
64619
64618
64618
64618
64618
64618
64617
64617
64617
64617
64616
64616
64616
64616
64616
64615
64615
64615
64615
64615
64614
64614
64614
64614
64613
64613
64613
64613
64613
64612
64612
64612
64612
64612
64611
64611
64611
64611
64610
64610
64610
64610
64610
64609
64609
64609
64609
64609
64608
64608
64608
64608
64608
64607
64607
64607
64607
64606
64603
64602
64601
64599
64597
64595
64595
64593
64593
64593
64592
64592
64592
64592
64592
64591
64591
64591
64591
64590
64590
64590
64590
64590
64589
64589
64589
64589
64587
64587
64585
64585
64585
64585
64585
64584
64584
64584
64584
64584
64583
64583
64583
64583
64582
64581
64581
64581
64580
64580
64580
64580
64579
64579
64579
64579
64579
64578
64578
64578
64578
64578
64577
64577
64577
64577
64577
64576
64575
64575
64574
64574
64574
64574
64574
64573
64573
64573
64573
64572
64572
64572
64572
64572
64571
64571
64571
64571
64571
64569
64569
64567
64567
64567
64567
64567
64566
64566
64566
64565
64565
64565
64564
64563
64563
64563
64563
64563
64562
64562
64562
64562
64561
64561
64561
64561
64561
64560
64560
64560
64560
64560
64559
64559
64559
64558
64558
64558
64558
64558
64557
64557
64557
64557
64557
64556
64556
64556
64556
64556
64555
64555
64555
64555
64554
64554
64554
64554
64554
64553
64553
64553
64553
64553
64552
64552
64552
64552
64552
64551
64551
64551
64551
64550
64550
64550
64550
64550
64549
64549
64549
64549
64549
64548
64548
64548
64548
64548
64547
64547
64547
64547
64546
64546
64546
64546
64546
64545
64545
64545
64545
64545
64541
64538
64536
64534
64533
64532
64531
64531
64531
64531
64530
64530
64530
64530
64530
64529
64529
64529
64529
64529
64528
64528
64527
64527
64525
64525
64525
64524
64524
64524
64524
64523
64523
64523
64523
64523
64522
64522
64522
64521
64520
64520
64520
64520
64519
64519
64519
64519
64519
64518
64518
64518
64518
64518
64517
64517
64517
64517
64516
64516
64516
64516
64514
64514
64512
64512
64512
64512
64512
64511
64511
64511
64511
64510
64510
64510
64510
64510
64509
64509
64509
64509
64509
64507
64507
64506
64505
64505
64505
64505
64504
64504
64504
64503
64502
64502
64502
64502
64501
64501
64501
64501
64501
64500
64500
64500
64498
64498
64498
64498
64497
64497
64497
64497
64496
64496
64496
64496
64496
64495
64495
64495
64495
64495
64494
64494
64494
64494
64494
64493
64493
64493
64493
64492
64492
64492
64492
64492
64491
64491
64491
64491
64491
64490
64490
64490
64490
64489
64489
64489
64489
64489
64488
64488
64488
64488
64488
64487
64487
64487
64487
64487
64486
64486
64486
64486
64486
64485
64485
64485
64485
64484
64484
64484
64484
64484
64483
64483
64483
64483
64483
64482
64482
64482
64482
64482
64481
64481
64481
64481
64480
64480
64479
64477
64476
64474
64473
64471
64471
64470
64470
64470
64470
64470
64469
64469
64469
64469
64467
64467
64465
64465
64465
64465
64465
64464
64464
64464
64464
64463
64463
64463
64463
64463
64462
64461
64461
64461
64460
64460
64460
64460
64460
64459
64459
64459
64459
64458
64458
64458
64458
64458
64457
64457
64457
64457
64457
64456
64455
64454
64454
64454
64454
64453
64453
64453
64453
64453
64452
64452
64452
64452
64452
64451
64451
64451
64451
64451
64450
64449
64449
64447
64447
64447
64446
64446
64445
64444
64444
64444
64444
64443
64443
64443
64443
64443
64442
64442
64442
64442
64442
64441
64440
64440
64438
64438
64438
64438
64437
64437
64437
64437
64436
64436
64436
64436
64436
64435
64435
64435
64435
64435
64434
64434
64434
64434
64434
64433
64433
64433
64431
64431
64431
64431
64430
64430
64430
64430
64430
64429
64429
64429
64429
64428
64428
64428
64428
64428
64427
64427
64427
64427
64426
64426
64426
64426
64426
64425
64425
64425
64425
64424
64424
64424
64424
64424
64423
64423
64423
64423
64423
64422
64422
64422
64422
64422
64421
64421
64421
64421
64420
64420
64420
64420
64420
64419
64419
64419
64419
64419
64418
64418
64418
64418
64416
64413
64412
64410
64408
64407
64407
64406
64406
64406
64405
64404
64403
64403
64402
64402
64402
64402
64402
64401
64401
64401
64401
64401
64400
64400
64400
64399
64398
64398
64398
64398
64398
64397
64397
64397
64397
64397
64396
64396
64396
64396
64395
64395
64395
64395
64395
64394
64394
64394
64393
64392
64392
64392
64392
64392
64391
64391
64391
64391
64390
64390
64390
64390
64390
64389
64389
64389
64389
64389
64388
64387
64387
64385
64385
64384
64384
64383
64383
64383
64383
64383
64382
64382
64382
64382
64381
64381
64381
64381
64381
64380
64380
64380
64378
64378
64377
64377
64376
64376
64376
64376
64375
64375
64375
64375
64375
64374
64374
64374
64374
64374
64373
64373
64373
64373
64372
64372
64372
64372
64372
64371
64371
64371
64371
64371
64370
64370
64370
64370
64369
64369
64369
64369
64369
64368
64368
64368
64368
64368
64367
64367
64367
64367
64367
64366
64366
64366
64366
64365
64365
64365
64365
64365
64364
64364
64364
64364
64364
64363
64363
64363
64363
64362
64362
64362
64362
64362
64361
64361
64361
64361
64361
64360
64360
64360
64360
64359
64359
64359
64359
64359
64358
64358
64358
64358
64358
64357
64357
64357
64357
64356
64354
64352
64348
64347
64344
64343
64342
64342
64341
64341
64341
64341
64340
64340
64340
64340
64339
64339
64339
64339
64339
64337
64337
64337
64336
64336
64336
64336
64336
64335
64335
64335
64335
64334
64334
64334
64334
64333
64333
64333
64333
64333
64332
64332
64331
64330
64330
64330
64330
64330
64329
64329
64329
64329
64329
64328
64328
64328
64328
64327
64327
64327
64327
64327
64326
64325
64324
64322
64322
64321
64321
64321
64321
64321
64320
64320
64320
64320
64320
64319
64319
64319
64319
64318
64318
64318
64318
64318
64316
64316
64314
64314
64314
64314
64314
64313
64313
64313
64313
64312
64312
64312
64312
64311
64311
64311
64311
64311
64310
64310
64310
64310
64310
64309
64309
64309
64309
64308
64308
64308
64308
64308
64307
64307
64307
64307
64307
64306
64306
64306
64306
64305
64305
64305
64305
64305
64304
64304
64304
64304
64304
64303
64303
64303
64303
64303
64302
64302
64302
64302
64301
64301
64301
64301
64301
64300
64300
64300
64300
64300
64299
64299
64299
64299
64298
64298
64298
64298
64298
64297
64297
64297
64297
64297
64296
64296
64296
64296
64295
64295
64295
64295
64295
64294
64294
64294
64294
64294
64293
64293
64293
64293
64289
64288
64286
64284
64283
64281
64281
64280
64280
64280
64280
64280
64279
64279
64279
64277
64277
64277
64277
64277
64276
64276
64276
64276
64276
64275
64275
64275
64275
64274
64274
64274
64274
64274
64273
64273
64273
64273
64271
64271
64271
64271
64270
64270
64270
64270
64269
64269
64269
64269
64269
64268
64268
64268
64268
64268
64267
64266
64266
64264
64264
64263
64262
64262
64261
64261
64260
64260
64260
64260
64260
64259
64259
64259
64259
64258
64258
64258
64258
64258
64257
64257
64256
64255
64254
64254
64254
64253
64253
64253
64253
64252
64252
64252
64252
64252
64251
64251
64251
64251
64251
64250
64250
64250
64250
64248
64248
64248
64248
64247
64247
64247
64247
64247
64246
64246
64246
64246
64246
64245
64245
64245
64245
64244
64244
64244
64244
64244
64243
64243
64243
64243
64243
64242
64242
64242
64242
64242
64241
64241
64241
64241
64240
64240
64240
64240
64240
64239
64239
64239
64239
64239
64238
64238
64238
64238
64238
64237
64237
64237
64237
64237
64236
64236
64236
64236
64235
64235
64235
64235
64235
64234
64234
64234
64234
64234
64233
64233
64233
64233
64232
64232
64232
64232
64232
64230
64230
64230
64230
64229
64229
64229
64227
64226
64224
64223
64221
64220
64220
64219
64219
64218
64217
64217
64217
64217
64217
64216
64216
64216
64216
64216
64215
64215
64215
64215
64215
64214
64214
64214
64214
64213
64213
64213
64212
64211
64211
64211
64211
64210
64210
64210
64210
64210
64209
64209
64209
64209
64209
64208
64207
64207
64206
64206
64206
64205
64204
64203
64203
64203
64202
64202
64202
64202
64202
64201
64201
64201
64201
64201
64200
64200
64200
64200
64199
64199
64199
64199
64197
64197
64196
64195
64195
64195
64195
64194
64194
64194
64194
64193
64193
64193
64193
64193
64192
64192
64192
64192
64192
64191
64191
64190
64189
64189
64189
64189
64188
64188
64188
64188
64188
64187
64187
64187
64187
64187
64186
64186
64186
64186
64186
64185
64185
64185
64185
64184
64184
64184
64184
64184
64182
64182
64182
64182
64181
64181
64181
64181
64181
64180
64180
64180
64180
64180
64179
64179
64179
64179
64178
64178
64178
64178
64178
64177
64177
64177
64177
64177
64176
64176
64176
64176
64176
64175
64175
64175
64175
64174
64174
64174
64174
64174
64173
64173
64173
64173
64173
64172
64170
64169
64169
64169
64169
64169
64168
64168
64168
64168
64168
64167
64167
64167
64167
64167
64165
64163
64162
64160
64158
64156
64155
64155
64155
64155
64155
64154
64154
64154
64154
64153
64153
64153
64153
64153
64152
64152
64152
64152
64152
64151
64150
64150
64149
64149
64149
64149
64149
64148
64148
64148
64148
64147
64147
64146
64146
64145
64145
64145
64145
64145
64144
64143
64142
64141
64141
64141
64141
64140
64140
64140
64140
64139
64139
64139
64139
64139
64138
64138
64138
64138
64138
64137
64137
64137
64135
64135
64133
64133
64133
64133
64132
64132
64132
64132
64132
64131
64131
64131
64131
64131
64130
64130
64130
64130
64129
64129
64129
64128
64127
64127
64127
64127
64126
64126
64126
64126
64126
64125
64125
64125
64125
64125
64124
64124
64124
64124
64124
64123
64123
64123
64123
64122
64122
64122
64122
64122
64121
64121
64121
64121
64120
64120
64120
64120
64120
64119
64119
64119
64119
64119
64118
64118
64118
64118
64117
64117
64117
64117
64117
64116
64116
64116
64116
64116
64115
64115
64115
64115
64115
64114
64114
64114
64114
64113
64113
64113
64113
64113
64112
64112
64112
64110
64110
64110
64110
64110
64109
64109
64109
64109
64108
64108
64108
64108
64108
64107
64107
64107
64107
64107
64106
64106
64106
64106
64106
64105
64103
64101
64100
64097
64096
64094
64094
64094
64094
64093
64093
64093
64093
64093
64092
64092
64092
64092
64092
64091
64090
64089
64089
64089
64089
64089
64088
64088
64088
64088
64086
64086
64086
64086
64085
64085
64085
64085
64085
64084
64084
64083
64082
64081
64081
64081
64081
64080
64080
64080
64080
64080
64079
64079
64079
64079
64078
64078
64078
64078
64078
64077
64077
64077
64076
64075
64074
64074
64073
64073
64073
64072
64072
64072
64072
64071
64071
64071
64071
64071
64070
64070
64070
64070
64070
64069
64069
64068
64067
64067
64067
64067
64067
64066
64066
64066
64065
64065
64065
64065
64065
64064
64064
64064
64064
64063
64063
64063
64063
64063
64062
64062
64062
64062
64062
64061
64061
64061
64061
64061
64060
64060
64060
64060
64060
64059
64059
64059
64059
64058
64058
64058
64058
64058
64057
64057
64057
64057
64057
64056
64056
64056
64056
64056
64055
64055
64055
64055
64054
64054
64054
64054
64054
64053
64053
64053
64053
64053
64050
64050
64050
64050
64049
64049
64049
64049
64048
64048
64048
64048
64048
64047
64047
64047
64047
64047
64046
64046
64046
64046
64045
64045
64045
64045
64045
64044
64044
64044
64044
64044
64043
64043
64042
64040
64039
64037
64036
64034
64034
64034
64034
64034
64033
64033
64033
64033
64031
64031
64031
64031
64031
64030
64030
64029
64029
64028
64028
64028
64028
64028
64027
64027
64027
64027
64027
64026
64026
64025
64024
64023
64023
64023
64022
64022
64022
64022
64022
64021
64021
64021
64021
64021
64020
64020
64020
64020
64019
64019
64019
64019
64017
64017
64016
64016
64015
64015
64014
64014
64013
64013
64013
64013
64012
64012
64012
64012
64012
64011
64011
64011
64011
64011
64010
64009
64009
64008
64008
64008
64008
64007
64007
64007
64007
64007
64006
64006
64006
64006
64006
64005
64004
64004
64003
64003
64003
64003
64002
64002
64001
64001
64001
64001
64001
64000
64000
64000
64000
64000
63999
63999
63999
63999
63998
63998
63998
63998
63998
63997
63997
63997
63997
63997
63996
63996
63996
63996
63996
63995
63995
63995
63995
63994
63994
63994
63994
63994
63993
63993
63993
63993
63992
63991
63991
63990
63990
63990
63990
63990
63989
63989
63989
63989
63988
63988
63988
63988
63988
63987
63987
63987
63987
63987
63986
63986
63986
63986
63985
63985
63985
63985
63985
63984
63984
63984
63984
63984
63983
63983
63983
63983
63982
63982
63982
63982
63980
63978
63977
63975
63974
63973
63972
63972
63971
63971
63970
63970
63969
63968
63968
63968
63968
63968
63967
63967
63967
63967
63967
63966
63966
63966
63966
63966
63965
63964
63964
63962
63962
63962
63961
63961
63961
63961
63961
63960
63960
63960
63960
63960
63959
63959
63959
63959
63959
63958
63958
63958
63956
63956
63955
63955
63954
63954
63954
63954
63954
63953
63953
63953
63953
63953
63952
63952
63952
63952
63951
63951
63951
63951
63951
63949
63949
63949
63949
63948
63948
63948
63948
63947
63947
63947
63947
63947
63946
63946
63946
63946
63944
63944
63944
63943
63943
63943
63943
63942
63942
63942
63942
63942
63941
63941
63941
63941
63941
63940
63940
63940
63940
63940
63939
63939
63939
63939
63939
63938
63938
63938
63938
63937
63937
63937
63937
63937
63934
63934
63934
63934
63933
63933
63933
63933
63932
63932
63932
63932
63930
63930
63930
63929
63929
63929
63929
63928
63928
63928
63928
63928
63927
63927
63927
63927
63927
63926
63926
63926
63926
63926
63925
63925
63925
63925
63924
63924
63924
63924
63924
63923
63923
63923
63923
63923
63922
63922
63922
63922
63921
63921
63921
63921
63921
63920
63920
63920
63920
63920
63919
63919
63918
63916
63914
63913
63911
63909
63909
63909
63909
63908
63908
63908
63908
63908
63907
63907
63907
63907
63907
63906
63906
63906
63906
63904
63904
63903
63902
63902
63902
63902
63902
63901
63901
63901
63901
63901
63900
63900
63900
63900
63899
63899
63899
63899
63899
63898
63897
63896
63895
63895
63895
63894
63894
63894
63894
63894
63893
63893
63893
63893
63892
63892
63892
63892
63892
63891
63891
63891
63891
63889
63889
63889
63889
63889
63888
63888
63888
63888
63888
63887
63887
63887
63887
63886
63886
63886
63885
63885
63884
63884
63884
63883
63883
63883
63883
63883
63882
63882
63882
63882
63881
63881
63881
63881
63881
63880
63880
63878
63878
63878
63878
63877
63877
63877
63877
63877
63876
63876
63876
63876
63876
63875
63875
63875
63875
63875
63874
63874
63874
63874
63873
63872
63872
63872
63871
63871
63871
63871
63871
63870
63870
63870
63870
63870
63869
63869
63869
63869
63869
63868
63868
63868
63868
63867
63867
63867
63867
63867
63866
63866
63866
63866
63866
63865
63865
63865
63865
63865
63864
63864
63864
63864
63863
63863
63863
63863
63863
63862
63862
63862
63862
63862
63861
63861
63861
63861
63861
63860
63860
63860
63860
63859
63857
63855
63854
63853
63851
63850
63849
63849
63849
63849
63848
63848
63848
63848
63847
63847
63847
63846
63845
63844
63844
63843
63843
63843
63843
63842
63842
63842
63841
63841
63841
63841
63840
63840
63840
63840
63839
63839
63839
63839
63837
63837
63836
63835
63835
63835
63835
63835
63834
63834
63834
63834
63834
63833
63833
63833
63833
63833
63832
63832
63832
63832
63831
63830
63830
63830
63829
63829
63829
63829
63828
63828
63828
63828
63827
63827
63827
63827
63827
63826
63825
63825
63824
63824
63824
63824
63824
63823
63823
63823
63823
63822
63822
63822
63822
63822
63821
63821
63821
63821
63821
63819
63819
63816
63816
63816
63816
63815
63815
63815
63815
63815
63814
63814
63814
63814
63814
63813
63813
63813
63813
63812
63811
63811
63810
63810
63810
63810
63809
63809
63809
63809
63808
63808
63808
63808
63808
63807
63807
63807
63807
63807
63806
63806
63806
63806
63805
63805
63805
63805
63805
63804
63804
63804
63804
63804
63803
63803
63803
63803
63803
63802
63802
63802
63802
63801
63801
63801
63801
63801
63800
63800
63800
63800
63800
63799
63799
63799
63799
63798
63798
63798
63798
63798
63797
63797
63797
63797
63796
63796
63796
63796
63794
63793
63791
63790
63789
63787
63787
63787
63787
63786
63786
63785
63784
63783
63783
63783
63782
63782
63781
63781
63781
63781
63780
63780
63780
63780
63780
63779
63779
63779
63779
63779
63778
63778
63777
63777
63775
63775
63775
63774
63774
63774
63774
63774
63773
63773
63773
63773
63772
63772
63772
63772
63771
63771
63771
63771
63770
63769
63769
63769
63768
63768
63768
63768
63766
63766
63766
63765
63765
63765
63765
63765
63764
63764
63763
63762
63762
63762
63762
63762
63761
63761
63761
63761
63761
63760
63760
63760
63760
63759
63759
63759
63759
63759
63758
63757
63757
63755
63755
63755
63755
63754
63754
63754
63754
63753
63753
63753
63753
63752
63752
63752
63752
63750
63750
63750
63750
63749
63749
63749
63749
63749
63748
63748
63748
63748
63747
63747
63747
63747
63747
63746
63746
63746
63746
63746
63745
63745
63745
63745
63745
63744
63744
63744
63744
63743
63743
63743
63743
63743
63742
63742
63742
63742
63742
63741
63741
63741
63741
63740
63740
63740
63740
63740
63739
63739
63739
63739
63739
63738
63738
63738
63738
63738
63737
63737
63737
63737
63736
63736
63736
63736
63736
63735
63735
63735
63735
63735
63734
63734
63734
63734
63732
63731
63729
63727
63726
63723
63723
63721
63721
63721
63721
63720
63720
63720
63720
63719
63719
63719
63719
63719
63718
63718
63718
63718
63718
63717
63717
63717
63715
63715
63714
63714
63714
63713
63713
63713
63713
63712
63712
63712
63712
63712
63711
63711
63711
63711
63710
63710
63710
63710
63710
63708
63708
63708
63708
63707
63707
63707
63707
63707
63706
63706
63706
63706
63706
63705
63705
63705
63703
63703
63703
63703
63703
63702
63702
63702
63702
63701
63701
63701
63701
63701
63700
63700
63700
63700
63700
63699
63699
63697
63697
63695
63695
63694
63694
63694
63694
63693
63693
63693
63693
63693
63692
63692
63691
63691
63690
63690
63690
63690
63689
63689
63689
63689
63689
63688
63688
63688
63688
63687
63687
63687
63687
63687
63686
63686
63686
63686
63684
63684
63684
63684
63684
63683
63683
63683
63683
63682
63682
63682
63682
63682
63681
63681
63681
63681
63680
63680
63680
63680
63680
63679
63679
63679
63679
63679
63678
63678
63678
63678
63678
63677
63677
63677
63677
63676
63676
63676
63676
63676
63675
63675
63675
63675
63675
63674
63674
63674
63674
63673
63673
63673
63673
63673
63672
63672
63672
63672
63672
63671
63671
63671
63669
63646
63644
63642
63641
63639
63639
63639
63639
63638
63638
63638
63638
63638
63637
63637
63637
63637
63636
63636
63636
63636
63634
63634
63633
63632
63632
63632
63632
63632
63631
63631
63631
63631
63631
63630
63630
63630
63630
63629
63629
63629
63629
63629
63628
63627
63627
63627
63626
63626
63626
63626
63626
63625
63625
63625
63625
63625
63624
63624
63624
63624
63622
63622
63622
63622
63621
63621
63621
63621
63621
63620
63620
63620
63620
63620
63619
63619
63619
63619
63618
63618
63618
63617
63616
63615
63615
63615
63614
63614
63613
63613
63613
63613
63613
63611
63611
63611
63610
63610
63610
63610
63610
63609
63609
63609
63607
63607
63607
63607
63607
63606
63606
63606
63606
63605
63605
63605
63605
63605
63604
63604
63604
63604
63604
63603
63603
63603
63603
63603
63602
63602
63602
63602
63601
63601
63601
63601
63601
63600
63600
63600
63600
63600
63599
63599
63599
63599
63599
63598
63598
63598
63598
63597
63597
63597
63597
63597
63596
63596
63596
63596
63595
63595
63595
63595
63595
63594
63594
63594
63594
63594
63593
63593
63593
63593
63593
63592
63592
63592
63592
63591
63591
63591
63591
63591
63590
63590
63590
63590
63590
63589
63587
63585
63584
63583
63580
63579
63578
63578
63578
63578
63577
63577
63577
63577
63577
63576
63575
63575
63573
63573
63573
63573
63572
63572
63572
63572
63572
63571
63571
63571
63571
63571
63570
63570
63570
63570
63570
63569
63569
63568
63568
63567
63567
63567
63567
63566
63566
63566
63566
63566
63565
63565
63565
63565
63564
63564
63563
63562
63562
63562
63562
63562
63561
63561
63561
63561
63560
63560
63560
63560
63560
63559
63559
63559
63559
63558
63558
63557
63557
63555
63555
63555
63554
63554
63554
63554
63551
63551
63551
63551
63550
63550
63550
63550
63550
63549
63549
63549
63549
63549
63547
63547
63546
63545
63545
63545
63545
63545
63544
63544
63544
63544
63543
63543
63543
63543
63543
63542
63542
63542
63542
63542
63541
63541
63541
63541
63541
63540
63540
63540
63540
63539
63539
63539
63539
63539
63538
63538
63538
63538
63537
63537
63537
63537
63537
63536
63536
63536
63536
63536
63535
63535
63535
63535
63534
63534
63534
63534
63534
63533
63533
63533
63533
63533
63532
63532
63532
63532
63531
63531
63531
63531
63531
63530
63530
63530
63530
63530
63529
63529
63529
63529
63529
63528
63528
63528
63528
63527
63527
63527
63527
63527
63525
63524
63522
63521
63519
63518
63518
63517
63517
63517
63516
63515
63514
63514
63514
63513
63513
63513
63513
63512
63512
63512
63512
63512
63511
63511
63511
63511
63511
63510
63510
63510
63510
63508
63508
63508
63508
63508
63507
63507
63507
63507
63506
63506
63506
63506
63506
63505
63505
63505
63504
63503
63503
63503
63503
63503
63502
63502
63502
63502
63502
63501
63501
63501
63499
63499
63499
63499
63498
63498
63498
63497
63496
63495
63495
63494
63494
63493
63492
63492
63492
63492
63491
63491
63491
63491
63491
63490
63490
63490
63490
63490
63489
63489
63488
63487
63486
63486
63485
63485
63485
63485
63485
63484
63484
63484
63484
63484
63483
63483
63483
63483
63483
63482
63482
63482
63482
63481
63481
63481
63481
63481
63480
63480
63480
63480
63480
63479
63479
63479
63479
63479
63478
63478
63478
63478
63477
63477
63477
63477
63477
63476
63476
63476
63476
63476
63475
63475
63475
63475
63474
63474
63474
63474
63474
63473
63473
63473
63473
63473
63472
63472
63472
63472
63472
63471
63471
63471
63471
63470
63470
63470
63470
63470
63469
63469
63469
63469
63469
63468
63468
63468
63468
63467
63467
63467
63467
63467
63466
63466
63466
63465
63464
63462
63461
63460
63457
63456
63455
63454
63454
63454
63454
63453
63453
63453
63453
63452
63452
63452
63452
63452
63451
63451
63451
63451
63451
63450
63450
63449
63448
63448
63448
63447
63447
63447
63447
63446
63446
63446
63446
63446
63445
63445
63445
63445
63443
63443
63443
63443
63442
63442
63442
63442
63442
63441
63441
63441
63441
63441
63440
63440
63440
63440
63439
63439
63439
63438
63437
63436
63433
63433
63432
63432
63432
63432
63432
63431
63431
63431
63431
63431
63430
63430
63430
63430
63429
63429
63429
63429
63427
63427
63426
63426
63425
63425
63425
63425
63424
63424
63424
63424
63424
63423
63423
63423
63423
63423
63422
63422
63422
63422
63422
63421
63421
63421
63421
63420
63420
63420
63420
63420
63419
63419
63419
63419
63419
63418
63418
63418
63416
63416
63416
63416
63415
63415
63415
63415
63415
63414
63414
63414
63414
63414
63413
63413
63413
63413
63412
63412
63412
63412
63412
63411
63411
63411
63411
63411
63410
63410
63410
63410
63409
63409
63409
63409
63408
63408
63408
63408
63408
63407
63407
63407
63407
63407
63406
63406
63406
63406
63405
63405
63405
63405
63405
63404
63404
63404
63404
63404
63403
63403
63403
63403
63400
63399
63397
63396
63394
63392
63392
63392
63392
63391
63391
63391
63391
63391
63390
63390
63390
63390
63390
63389
63389
63388
63388
63387
63387
63387
63387
63386
63386
63386
63386
63386
63385
63385
63385
63385
63385
63384
63383
63383
63382
63382
63382
63382
63382
63381
63381
63381
63381
63380
63380
63380
63380
63380
63379
63379
63379
63379
63379
63376
63376
63375
63374
63374
63374
63374
63373
63373
63373
63373
63373
63372
63372
63372
63372
63372
63371
63371
63371
63371
63370
63370
63369
63369
63367
63367
63367
63367
63366
63366
63366
63366
63365
63365
63365
63365
63364
63364
63364
63364
63364
63363
63363
63363
63363
63361
63361
63361
63361
63361
63360
63360
63360
63360
63360
63359
63359
63359
63359
63358
63358
63358
63358
63358
63357
63357
63357
63357
63357
63356
63356
63356
63356
63355
63355
63355
63355
63355
63354
63354
63354
63354
63354
63353
63353
63353
63353
63352
63352
63352
63352
63352
63351
63351
63351
63351
63351
63350
63350
63350
63350
63349
63349
63349
63349
63349
63348
63348
63348
63348
63348
63347
63347
63347
63347
63347
63346
63346
63346
63346
63345
63345
63345
63345
63345
63344
63344
63343
63342
63342
63342
63342
63339
63338
63336
63334
63333
63332
63332
63331
63331
63331
63331
63330
63330
63330
63329
63328
63328
63328
63327
63327
63327
63327
63327
63326
63326
63326
63326
63326
63325
63325
63325
63325
63323
63323
63323
63323
63322
63322
63322
63322
63322
63321
63321
63321
63321
63320
63320
63320
63320
63320
63318
63318
63318
63316
63316
63314
63313
63313
63313
63313
63313
63312
63312
63312
63312
63311
63311
63311
63311
63311
63310
63310
63310
63310
63310
63309
63308
63308
63306
63306
63306
63306
63305
63305
63305
63305
63305
63304
63304
63304
63304
63304
63303
63303
63303
63303
63303
63302
63302
63300
63300
63300
63300
63299
63299
63299
63299
63299
63298
63298
63298
63298
63298
63297
63297
63297
63297
63296
63296
63296
63296
63296
63295
63295
63295
63295
63295
63294
63294
63294
63294
63294
63293
63293
63293
63293
63293
63292
63292
63292
63292
63291
63291
63291
63291
63291
63290
63290
63290
63290
63290
63289
63289
63289
63289
63289
63288
63288
63288
63288
63287
63287
63287
63287
63286
63286
63286
63286
63286
63285
63285
63285
63285
63284
63284
63284
63284
63284
63282
63282
63282
63282
63281
63281
63281
63281
63280
63280
63280
63280
63279
63279
63277
63276
63274
63273
63272
63270
63270
63270
63269
63268
63268
63268
63267
63267
63267
63267
63267
63266
63266
63266
63266
63266
63265
63265
63265
63265
63263
63263
63263
63262
63262
63262
63262
63262
63261
63261
63261
63261
63261
63260
63260
63259
63258
63258
63258
63258
63258
63256
63256
63255
63254
63254
63254
63254
63253
63253
63253
63253
63253
63252
63252
63252
63252
63252
63250
63250
63250
63249
63249
63249
63247
63247
63246
63246
63245
63245
63245
63245
63245
63244
63244
63244
63244
63243
63243
63243
63243
63243
63242
63242
63242
63242
63242
63240
63240
63240
63239
63239
63239
63239
63239
63238
63238
63238
63238
63238
63237
63237
63237
63237
63236
63236
63236
63236
63236
63235
63235
63235
63235
63235
63234
63234
63234
63234
63234
63233
63233
63233
63233
63232
63232
63232
63232
63232
63231
63231
63231
63231
63230
63230
63230
63230
63230
63229
63229
63229
63229
63229
63228
63228
63228
63228
63228
63227
63227
63227
63227
63226
63226
63226
63226
63226
63225
63225
63225
63225
63225
63224
63224
63222
63222
63222
63222
63221
63221
63221
63221
63221
63220
63220
63220
63220
63220
63219
63219
63219
63219
63219
63218
63218
63218
63218
63216
63215
63213
63211
63209
63208
63208
63207
63207
63207
63207
63207
63206
63206
63206
63206
63205
63205
63205
63205
63203
63203
63203
63203
63203
63202
63202
63202
63201
63201
63201
63201
63199
63199
63199
63199
63198
63198
63198
63198
63197
63196
63196
63193
63193
63193
63193
63192
63192
63192
63192
63192
63191
63191
63191
63191
63190
63190
63190
63190
63190
63189
63189
63189
63188
63187
63186
63186
63186
63185
63185
63185
63185
63184
63184
63184
63184
63184
63183
63183
63183
63183
63183
63182
63182
63182
63182
63180
63180
63180
63180
63179
63179
63179
63179
63179
63178
63178
63178
63178
63178
63177
63177
63177
63177
63176
63176
63176
63176
63176
63175
63175
63175
63175
63175
63174
63174
63174
63174
63174
63173
63173
63173
63173
63172
63172
63172
63172
63170
63170
63170
63170
63170
63169
63169
63169
63169
63169
63168
63168
63168
63168
63167
63167
63167
63167
63167
63166
63166
63166
63166
63166
63165
63165
63165
63165
63164
63164
63164
63164
63162
63162
63162
63162
63161
63161
63161
63161
63161
63160
63160
63160
63160
63159
63159
63159
63159
63159
63158
63158
63158
63158
63158
63157
63157
63157
63157
63157
63156
63156
63156
63156
63154
63152
63150
63149
63147
63146
63146
63145
63145
63145
63145
63144
63144
63144
63142
63142
63142
63142
63142
63141
63141
63141
63141
63139
63139
63139
63139
63138
63138
63138
63138
63137
63137
63137
63137
63136
63135
63134
63134
63134
63133
63133
63133
63133
63132
63132
63132
63132
63132
63131
63131
63131
63131
63131
63130
63130
63130
63130
63128
63128
63127
63127
63126
63126
63126
63126
63125
63125
63125
63125
63125
63124
63124
63124
63124
63124
63123
63123
63123
63123
63122
63121
63121
63121
63120
63120
63120
63120
63120
63119
63119
63119
63119
63118
63118
63118
63118
63117
63117
63117
63117
63117
63116
63116
63115
63115
63114
63114
63114
63114
63114
63113
63113
63113
63113
63112
63112
63112
63112
63112
63111
63111
63111
63111
63111
63110
63110
63110
63110
63109
63109
63109
63109
63109
63108
63108
63108
63108
63108
63107
63107
63107
63107
63107
63106
63106
63106
63106
63105
63105
63105
63104
63103
63103
63103
63103
63103
63102
63102
63102
63102
63101
63101
63101
63101
63101
63100
63100
63100
63100
63100
63099
63099
63099
63099
63099
63098
63098
63098
63098
63097
63097
63097
63097
63097
63096
63096
63096
63096
63096
63095
63095
63092
63091
63089
63088
63086
63085
63085
63085
63083
63083
63082
63082
63082
63082
63080
63080
63080
63079
63079
63079
63079
63079
63078
63078
63078
63078
63078
63077
63077
63076
63075
63073
63073
63072
63072
63072
63072
63072
63071
63071
63071
63071
63070
63070
63070
63070
63070
63069
63069
63069
63069
63069
63067
63067
63065
63065
63065
63065
63065
63064
63064
63064
63064
63063
63063
63063
63063
63063
63062
63062
63062
63062
63062
63061
63061
63060
63059
63059
63059
63059
63058
63058
63058
63058
63058
63057
63057
63057
63057
63056
63056
63056
63056
63055
63055
63055
63055
63055
63053
63053
63053
63052
63052
63052
63052
63052
63051
63051
63051
63051
63050
63050
63050
63050
63050
63049
63049
63049
63049
63049
63048
63048
63048
63048
63048
63047
63047
63047
63047
63047
63046
63046
63046
63046
63045
63045
63045
63045
63045
63044
63044
63044
63042
63042
63042
63042
63041
63041
63041
63041
63041
63040
63040
63040
63040
63040
63039
63039
63039
63039
63038
63038
63038
63038
63038
63037
63037
63037
63037
63037
63036
63036
63036
63036
63036
63035
63035
63035
63035
63034
63034
63034
63034
63033
63033
63033
63033
63033
63032
63032
63032
63032
63030
63028
63026
63025
63023
63020
63020
63020
63020
63020
63019
63019
63019
63019
63019
63018
63018
63018
63018
63017
63017
63017
63017
63016
63015
63014
63014
63014
63013
63013
63013
63013
63012
63012
63012
63012
63012
63011
63011
63011
63011
63011
63010
63010
63010
63010
63008
63008
63007
63006
63006
63006
63006
63006
63005
63005
63005
63005
63004
63004
63004
63004
63004
63003
63002
63002
63002
63001
63001
63000
63000
62999
62999
62999
62999
62998
62998
62998
62998
62998
62997
62997
62997
62997
62996
62996
62996
62996
62996
62995
62995
62995
62994
62993
62993
62993
62993
62993
62992
62992
62992
62992
62991
62991
62991
62991
62991
62990
62990
62990
62990
62990
62989
62989
62989
62989
62989
62988
62988
62988
62988
62987
62987
62987
62987
62987
62986
62986
62986
62986
62986
62985
62985
62984
62983
62983
62983
62983
62983
62982
62982
62982
62982
62982
62981
62981
62981
62981
62981
62980
62980
62980
62980
62979
62979
62979
62979
62979
62978
62978
62978
62978
62978
62977
62977
62977
62977
62977
62976
62976
62976
62975
62975
62975
62975
62974
62974
62974
62974
62974
62973
62973
62973
62973
62973
62972
62972
62972
62972
62971
62971
62971
62970
62968
62966
62964
62963
62962
62961
62961
62961
62961
62960
62960
62960
62960
62960
62959
62959
62958
62958
62956
62956
62956
62955
62955
62955
62955
62954
62954
62954
62954
62954
62953
62953
62953
62953
62953
62952
62952
62952
62952
62949
62949
62947
62947
62947
62947
62946
62946
62946
62946
62946
62945
62945
62945
62945
62945
62944
62944
62944
62944
62943
62943
62943
62942
62941
62941
62941
62941
62941
62940
62940
62940
62940
62940
62939
62939
62939
62939
62938
62938
62938
62938
62938
62937
62937
62937
62936
62935
62935
62935
62935
62935
62934
62934
62934
62934
62934
62933
62933
62933
62933
62931
62931
62931
62931
62930
62930
62930
62930
62930
62929
62929
62929
62929
62928
62928
62928
62928
62928
62927
62927
62927
62927
62927
62925
62925
62925
62924
62923
62923
62922
62922
62922
62922
62922
62921
62921
62921
62921
62921
62920
62920
62920
62920
62919
62919
62919
62919
62919
62918
62918
62918
62918
62918
62917
62917
62917
62917
62916
62916
62916
62916
62916
62915
62915
62915
62915
62915
62914
62914
62914
62914
62913
62913
62913
62913
62913
62912
62912
62912
62912
62912
62911
62911
62911
62911
62910
62910
62910
62910
62910
62909
62908
62906
62905
62904
62902
62900
62900
62900
62900
62900
62899
62898
62898
62896
62896
62896
62896
62896
62895
62895
62895
62895
62895
62894
62894
62894
62894
62893
62893
62893
62893
62893
62892
62892
62891
62891
62889
62889
62889
62889
62888
62888
62888
62888
62888
62887
62887
62887
62887
62886
62886
62886
62886
62886
62885
62885
62885
62883
62883
62883
62883
62883
62882
62882
62882
62882
62881
62881
62881
62881
62881
62880
62880
62880
62880
62880
62879
62879
62879
62879
62877
62877
62877
62877
62876
62876
62876
62876
62876
62875
62875
62875
62875
62875
62874
62873
62873
62872
62872
62872
62872
62872
62871
62870
62870
62870
62869
62869
62869
62869
62869
62868
62868
62868
62868
62866
62866
62866
62865
62865
62865
62865
62864
62864
62864
62864
62864
62863
62863
62863
62863
62862
62862
62862
62862
62862
62861
62861
62861
62861
62861
62860
62860
62860
62860
62860
62859
62859
62859
62859
62858
62858
62858
62858
62858
62857
62857
62857
62857
62857
62856
62856
62856
62856
62855
62855
62855
62855
62855
62854
62854
62854
62854
62854
62853
62853
62853
62853
62853
62852
62852
62852
62852
62851
62851
62851
62851
62851
62850
62850
62850
62850
62847
62846
62844
62842
62841
62839
62838
62837
62837
62836
62836
62836
62836
62835
62835
62835
62835
62835
62834
62834
62834
62834
62833
62833
62833
62833
62833
62832
62830
62830
62828
62828
62828
62828
62828
62827
62827
62827
62827
62827
62826
62826
62826
62826
62825
62825
62825
62825
62825
62824
62824
62823
62823
62822
62822
62822
62822
62822
62821
62821
62821
62821
62820
62820
62820
62820
62820
62819
62819
62819
62819
62819
62818
62818
62817
62817
62816
62816
62816
62816
62815
62815
62815
62815
62815
62814
62814
62814
62814
62812
62812
62812
62812
62812
62811
62811
62811
62809
62809
62809
62809
62809
62808
62808
62808
62808
62806
62806
62806
62806
62805
62805
62805
62805
62804
62804
62804
62804
62804
62803
62803
62803
62803
62803
62802
62802
62802
62802
62801
62801
62801
62801
62801
62800
62800
62800
62800
62800
62799
62799
62799
62799
62798
62798
62798
62798
62798
62797
62797
62797
62797
62797
62796
62796
62796
62795
62795
62795
62795
62794
62794
62794
62794
62794
62793
62793
62793
62793
62793
62792
62792
62792
62792
62792
62791
62791
62791
62791
62790
62790
62790
62790
62790
62789
62789
62789
62789
62789
62788
62788
62788
62788
62786
62784
62782
62781
62780
62778
62778
62778
62778
62777
62777
62777
62777
62777
62776
62776
62776
62776
62775
62775
62775
62775
62773
62773
62772
62772
62771
62771
62771
62771
62771
62770
62770
62770
62770
62769
62769
62769
62769
62769
62768
62768
62768
62768
62768
62766
62766
62766
62765
62765
62765
62765
62764
62764
62764
62764
62764
62763
62763
62763
62763
62763
62762
62762
62761
62761
62760
62760
62759
62759
62758
62758
62758
62758
62758
62757
62757
62757
62757
62756
62756
62756
62756
62754
62754
62754
62754
62754
62753
62753
62753
62752
62751
62751
62751
62751
62751
62749
62749
62749
62749
62748
62748
62748
62748
62748
62746
62746
62746
62746
62745
62745
62745
62745
62744
62744
62744
62744
62744
62743
62743
62743
62743
62742
62742
62742
62742
62742
62741
62741
62741
62741
62740
62740
62740
62740
62740
62739
62739
62739
62739
62739
62738
62738
62738
62738
62738
62737
62737
62737
62737
62736
62736
62736
62736
62736
62735
62735
62735
62735
62735
62734
62734
62734
62734
62733
62733
62733
62733
62733
62732
62732
62732
62732
62732
62731
62731
62731
62731
62730
62730
62730
62730
62730
62729
62729
62729
62729
62729
62728
62728
62728
62725
62724
62722
62721
62719
62718
62718
62717
62717
62717
62717
62717
62716
62716
62716
62716
62714
62714
62712
62711
62711
62711
62711
62711
62710
62710
62710
62710
62709
62709
62709
62709
62709
62708
62708
62708
62708
62708
62707
62706
62706
62705
62705
62705
62705
62704
62704
62704
62704
62704
62703
62703
62703
62703
62703
62702
62702
62702
62702
62701
62701
62701
62699
62699
62699
62698
62698
62698
62698
62697
62697
62697
62697
62697
62696
62696
62696
62695
62694
62694
62694
62694
62694
62693
62693
62692
62692
62691
62690
62690
62690
62689
62689
62689
62689
62688
62688
62688
62688
62687
62686
62685
62671
62671
62671
62670
62670
62670
62670
62670
62669
62669
62669
62669
62669
62668
62668
62668
62668
62668
62667
62667
62657
62656
62656
62656
62656
62655
62653
62653
62653
62653
62652
62652
62652
62652
62652
62651
62651
62651
62651
62651
62650
62650
62650
62650
62649
62649
62649
62649
62649
62648
62648
62648
62648
62648
62647
62647
62647
62647
62647
62646
62646
62646
62646
62645
62645
62645
62645
62644
62644
62644
62644
62644
62643
62643
62643
62643
62643
62642
62642
62642
62642
62641
62641
62641
62641
62641
62640
62640
62640
62640
62638
62637
62636
62634
62633
62631
62631
62630
62630
62630
62629
62628
62627
62627
62627
62626
62626
62626
62626
62626
62625
62625
62625
62625
62625
62624
62624
62624
62624
62623
62623
62623
62623
62621
62621
62621
62621
62621
62620
62620
62620
62620
62619
62619
62619
62619
62619
62618
62618
62618
62618
62618
62617
62617
62617
62617
62615
62615
62615
62615
62614
62614
62614
62614
62613
62613
62613
62613
62613
62612
62612
62611
62610
62610
62610
62610
62610
62609
62609
62607
62607
62606
62606
62606
62606
62606
62605
62605
62605
62605
62604
62604
62604
62604
62602
62602
62601
62600
62600
62600
62600
62599
62599
62599
62599
62599
62598
62598
62598
62598
62598
62597
62597
62597
62597
62597
62596
62596
62596
62596
62595
62595
62595
62595
62595
62594
62594
62594
62594
62594
62593
62593
62593
62593
62592
62592
62592
62592
62592
62591
62591
62591
62591
62591
62590
62590
62590
62590
62590
62589
62589
62589
62589
62588
62588
62588
62588
62588
62587
62587
62587
62587
62587
62586
62586
62586
62586
62586
62585
62585
62585
62585
62584
62584
62584
62584
62584
62583
62583
62583
62583
62583
62582
62582
62582
62582
62582
62581
62581
62581
62581
62580
62578
62576
62574
62572
62570
62569
62566
62566
62566
62566
62565
62565
62565
62564
62564
62564
62564
62564
62563
62563
62563
62563
62563
62562
62562
62562
62562
62560
62560
62560
62560
62559
62559
62559
62559
62558
62558
62558
62558
62558
62557
62557
62557
62557
62557
62556
62556
62556
62556
62555
62554
62554
62553
62553
62553
62553
62553
62552
62552
62552
62552
62552
62551
62551
62551
62550
62549
62549
62549
62549
62547
62547
62547
62545
62545
62545
62545
62544
62544
62544
62544
62544
62543
62543
62543
62543
62543
62542
62541
62541
62539
62539
62539
62539
62538
62538
62538
62538
62537
62537
62537
62537
62536
62536
62536
62536
62536
62535
62535
62535
62535
62535
62534
62534
62534
62534
62534
62533
62533
62533
62533
62533
62532
62532
62532
62532
62531
62531
62531
62531
62531
62530
62530
62530
62530
62530
62529
62529
62529
62529
62528
62528
62528
62528
62528
62527
62527
62527
62527
62527
62526
62526
62526
62526
62526
62525
62525
62525
62525
62524
62524
62524
62524
62524
62523
62523
62523
62523
62523
62522
62522
62522
62522
62522
62521
62521
62521
62521
62521
62520
62520
62520
62520
62519
62519
62519
62519
62518
62518
62518
62518
62518
62515
62514
62513
62511
62510
62509
62509
62508
62508
62508
62508
62508
62507
62507
62507
62507
62506
62506
62506
62506
62506
62504
62504
62504
62504
62503
62503
62503
62503
62502
62502
62502
62502
62502
62501
62501
62501
62501
62500
62500
62500
62500
62500
62499
62498
62498
62497
62497
62497
62497
62496
62496
62496
62496
62496
62495
62495
62495
62495
62493
62493
62492
62492
62491
62490
62490
62489
62488
62488
62488
62487
62487
62487
62487
62487
62486
62486
62486
62486
62485
62485
62485
62483
62483
62482
62482
62481
62481
62481
62480
62480
62480
62480
62480
62479
62479
62479
62479
62479
62478
62478
62478
62478
62478
62477
62476
62476
62476
62475
62475
62475
62475
62474
62474
62474
62474
62474
62473
62473
62473
62473
62473
62472
62472
62472
62472
62471
62471
62471
62471
62471
62470
62470
62470
62470
62470
62469
62469
62469
62469
62468
62468
62468
62468
62468
62467
62467
62467
62467
62467
62466
62466
62466
62466
62466
62465
62465
62465
62465
62464
62464
62464
62464
62464
62463
62463
62463
62463
62463
62462
62462
62462
62462
62461
62461
62461
62461
62461
62460
62460
62460
62460
62460
62459
62459
62459
62459
62459
62458
62457
62456
62456
62455
62454
62452
62450
62449
62447
62447
62447
62447
62446
62446
62446
62446
62446
62445
62443
62443
62442
62442
62442
62442
62442
62441
62441
62441
62441
62440
62440
62440
62440
62440
62439
62439
62439
62439
62439
62438
62438
62437
62436
62436
62436
62436
62435
62435
62435
62435
62435
62434
62434
62434
62434
62432
62431
62431
62430
62430
62430
62430
62430
62429
62428
62428
62428
62427
62427
62427
62427
62426
62426
62426
62426
62426
62425
62425
62425
62424
62423
62422
62422
62421
62421
62421
62421
62420
62420
62420
62420
62420
62419
62419
62419
62419
62419
62418
62418
62418
62418
62417
62416
62416
62416
62415
62415
62415
62415
62414
62414
62414
62414
62414
62413
62413
62413
62413
62413
62412
62412
62412
62412
62411
62411
62411
62411
62411
62410
62410
62410
62409
62408
62408
62408
62408
62407
62407
62407
62407
62407
62406
62406
62406
62406
62406
62405
62405
62405
62405
62404
62404
62404
62404
62404
62403
62403
62403
62403
62403
62402
62402
62402
62402
62402
62401
62401
62401
62401
62400
62400
62400
62400
62400
62399
62399
62399
62399
62399
62398
62398
62398
62398
62396
62396
62396
62396
62396
62395
62395
62395
62395
62394
62394
62394
62392
62391
62390
62388
62386
62385
62385
62384
62384
62383
62383
62382
62382
62382
62382
62381
62381
62381
62381
62381
62380
62380
62380
62380
62380
62379
62379
62379
62379
62379
62378
62378
62377
62376
62376
62376
62376
62375
62375
62375
62375
62375
62374
62373
62373
62373
62372
62371
62371
62371
62370
62370
62370
62370
62369
62368
62368
62368
62367
62367
62367
62367
62366
62366
62366
62366
62366
62365
62365
62365
62364
62363
62362
62362
62362
62361
62361
62361
62361
62361
62360
62360
62360
62360
62359
62359
62359
62359
62359
62358
62358
62358
62358
62356
62356
62356
62356
62355
62355
62355
62355
62355
62354
62354
62354
62354
62353
62353
62353
62353
62353
62352
62352
62352
62352
62352
62351
62351
62351
62351
62350
62350
62350
62350
62350
62349
62349
62349
62349
62349
62348
62348
62348
62348
62348
62347
62347
62347
62347
62347
62346
62346
62346
62346
62345
62345
62345
62345
62345
62344
62344
62344
62344
62344
62343
62343
62343
62343
62343
62342
62342
62342
62342
62342
62341
62341
62341
62341
62340
62340
62340
62339
62338
62338
62338
62338
62337
62337
62337
62337
62337
62336
62336
62336
62336
62336
62335
62335
62335
62335
62334
62334
62331
62330
62328
62326
62323
62322
62321
62321
62321
62321
62320
62320
62320
62320
62319
62319
62319
62319
62318
62318
62318
62318
62318
62317
62317
62317
62316
62315
62315
62315
62315
62314
62314
62314
62312
62312
62312
62312
62312
62311
62311
62310
62310
62309
62309
62309
62309
62308
62308
62307
62307
62306
62306
62306
62306
62305
62305
62305
62305
62305
62304
62304
62304
62304
62302
62302
62301
62300
62300
62300
62299
62299
62299
62299
62298
62298
62298
62298
62298
62297
62297
62297
62297
62297
62296
62296
62296
62294
62294
62294
62294
62293
62293
62293
62293
62293
62292
62292
62292
62292
62292
62291
62291
62291
62291
62291
62290
62290
62290
62290
62289
62289
62289
62289
62289
62288
62288
62288
62288
62288
62287
62287
62287
62287
62286
62286
62286
62286
62286
62285
62285
62285
62285
62285
62284
62284
62284
62284
62284
62283
62283
62283
62283
62282
62282
62282
62282
62282
62281
62281
62281
62281
62281
62280
62280
62280
62280
62279
62279
62279
62279
62279
62277
62277
62277
62277
62276
62276
62276
62276
62275
62275
62275
62275
62275
62274
62274
62274
62274
62274
62273
62273
62273
62273
62273
62272
62272
62272
62272
62271
62271
62271
62270
62268
62267
62266
62264
62263
62263
62263
62262
62262
62262
62262
62261
62261
62261
62261
62260
62260
62260
62260
62258
62258
62258
62258
62258
62256
62256
62256
62256
62255
62255
62255
62255
62254
62254
62253
62253
62253
62252
62252
62252
62252
62251
62250
62250
62250
62249
62249
62249
62249
62249
62248
62248
62248
62248
62248
62247
62247
62246
62246
62244
62244
62244
62243
62242
62242
62241
62241
62241
62241
62241
62240
62240
62240
62240
62239
62239
62239
62239
62239
62238
62237
62236
62236
62236
62236
62236
62235
62235
62235
62235
62235
62234
62234
62234
62234
62233
62233
62233
62233
62233
62232
62232
62232
62231
62230
62230
62230
62230
62229
62229
62229
62229
62229
62228
62228
62228
62228
62228
62227
62227
62227
62227
62227
62226
62226
62226
62226
62225
62225
62225
62225
62225
62224
62224
62224
62224
62224
62223
62223
62223
62223
62223
62222
62222
62222
62222
62221
62221
62221
62221
62221
62220
62219
62219
62219
62218
62218
62218
62218
62218
62217
62217
62217
62217
62216
62216
62216
62216
62216
62215
62215
62215
62215
62215
62214
62214
62214
62214
62214
62213
62213
62213
62213
62213
62212
62212
62212
62212
62211
62211
62211
62210
62208
62206
62204
62203
62200
62200
62200
62200
62199
62199
62199
62199
62199
62197
62197
62196
62195
62195
62195
62195
62194
62194
62194
62194
62194
62193
62193
62193
62192
62191
62191
62191
62191
62190
62190
62190
62189
62188
62188
62188
62188
62188
62187
62187
62187
62187
62186
62186
62186
62186
62186
62184
62184
62183
62182
62182
62182
62182
62182
62181
62181
62181
62181
62181
62180
62180
62180
62180
62180
62179
62179
62179
62179
62178
62177
62177
62176
62176
62176
62176
62176
62175
62175
62175
62175
62175
62174
62174
62174
62174
62173
62173
62173
62173
62173
62172
62172
62171
62171
62170
62170
62170
62170
62169
62169
62169
62169
62169
62168
62168
62168
62168
62168
62167
62167
62167
62167
62167
62166
62166
62166
62166
62166
62165
62165
62165
62165
62163
62163
62163
62163
62162
62162
62162
62162
62161
62161
62161
62161
62161
62160
62160
62160
62158
62158
62158
62158
62157
62157
62157
62157
62157
62156
62156
62156
62156
62156
62155
62155
62155
62155
62154
62154
62154
62154
62154
62153
62153
62153
62153
62153
62152
62152
62152
62152
62152
62151
62151
62151
62151
62150
62150
62150
62150
62150
62149
62149
62149
62149
62149
62148
62146
62145
62143
62142
62140
62139
62139
62137
62136
62136
62135
62135
62135
62135
62135
62134
62134
62134
62134
62133
62133
62133
62133
62132
62131
62131
62131
62131
62130
62130
62130
62128
62128
62128
62127
62127
62127
62127
62126
62126
62126
62126
62126
62125
62125
62125
62124
62123
62122
62122
62122
62121
62121
62121
62121
62121
62120
62120
62120
62120
62119
62119
62119
62119
62119
62118
62118
62118
62118
62116
62116
62116
62116
62115
62115
62115
62115
62114
62114
62114
62114
62114
62113
62113
62113
62113
62113
62112
62112
62112
62112
62111
62110
62110
62109
62109
62109
62109
62109
62108
62108
62108
62108
62108
62107
62107
62107
62107
62107
62106
62106
62106
62106
62105
62105
62105
62105
62105
62104
62104
62104
62104
62104
62103
62103
62103
62103
62102
62102
62102
62102
62102
62101
62101
62101
62100
62099
62099
62099
62099
62098
62098
62098
62098
62098
62097
62097
62097
62097
62097
62096
62096
62096
62096
62096
62095
62095
62095
62095
62094
62094
62094
62094
62094
62093
62093
62093
62093
62093
62092
62092
62092
62092
62091
62091
62091
62091
62091
62090
62090
62090
62090
62090
62089
62089
62089
62089
62089
62088
62088
62088
62088
62085
62083
62081
62078
62077
62075
62075
62075
62075
62074
62074
62074
62074
62074
62073
62073
62073
62071
62071
62071
62071
62071
62070
62070
62070
62069
62068
62068
62068
62068
62067
62067
62067
62067
62067
62066
62066
62066
62066
62066
62064
62064
62063
62062
62062
62062
62062
62062
62061
62061
62061
62061
62060
62060
62060
62060
62060
62059
62059
62059
62059
62059
62058
62057
62057
62056
62056
62056
62055
62055
62055
62054
62054
62054
62054
62054
62053
62053
62053
62053
62053
62052
62052
62052
62052
62052
62050
62050
62050
62050
62049
62049
62049
62049
62048
62048
62048
62048
62047
62047
62047
62047
62046
62046
62046
62046
62045
62044
62044
62044
62043
62043
62043
62043
62043
62042
62042
62042
62042
62042
62041
62041
62041
62041
62040
62040
62038
62038
62038
62038
62037
62037
62037
62037
62037
62036
62036
62036
62036
62035
62035
62035
62035
62035
62034
62034
62034
62034
62034
62033
62033
62033
62033
62033
62032
62032
62032
62032
62031
62031
62031
62031
62031
62030
62030
62030
62030
62030
62029
62029
62029
62029
62028
62028
62028
62028
62028
62027
62027
62027
62027
62027
62026
62026
62026
62026
62026
62025
62025
62025
62025
62024
62023
62021
62020
62018
62017
62015
62015
62015
62015
62014
62014
62013
62013
62012
62012
62012
62012
62011
62011
62010
62010
62009
62009
62009
62009
62008
62008
62008
62008
62008
62007
62007
62007
62007
62005
62005
62004
62004
62003
62003
62003
62003
62003
62002
62002
62002
62002
62002
62001
62001
62001
62001
62000
62000
62000
62000
62000
61998
61998
61998
61998
61997
61997
61997
61995
61995
61995
61995
61994
61994
61994
61994
61994
61993
61993
61993
61993
61992
61992
61992
61991
61990
61990
61990
61990
61989
61989
61989
61989
61989
61988
61988
61988
61988
61988
61987
61987
61987
61987
61987
61986
61985
61985
61983
61983
61982
61982
61982
61982
61982
61981
61981
61981
61981
61981
61980
61980
61978
61978
61978
61978
61978
61977
61977
61977
61977
61977
61976
61976
61976
61976
61975
61975
61975
61975
61975
61974
61974
61974
61974
61974
61973
61973
61973
61973
61972
61972
61972
61972
61972
61971
61971
61971
61971
61971
61970
61970
61970
61970
61970
61969
61969
61969
61969
61968
61968
61968
61968
61968
61967
61967
61967
61967
61966
61966
61966
61966
61966
61965
61965
61965
61965
61965
61964
61964
61964
61964
61963
61963
61963
61963
61963
61961
61960
61958
61957
61954
61952
61952
61951
61951
61951
61951
61950
61950
61949
61949
61948
61948
61948
61948
61948
61947
61947
61947
61947
61946
61946
61946
61946
61944
61944
61943
61943
61942
61942
61942
61942
61942
61941
61941
61941
61941
61941
61940
61940
61940
61940
61940
61939
61939
61939
61939
61937
61937
61937
61937
61936
61936
61936
61936
61936
61935
61935
61935
61935
61934
61934
61934
61934
61934
61933
61933
61933
61933
61933
61931
61931
61931
61930
61930
61930
61930
61930
61929
61929
61929
61929
61929
61928
61928
61928
61928
61928
61927
61927
61927
61926
61925
61924
61924
61924
61923
61923
61923
61923
61923
61922
61922
61922
61921
61920
61920
61920
61920
61919
61919
61919
61919
61919
61918
61918
61918
61918
61918
61917
61917
61917
61917
61917
61915
61915
61915
61914
61914
61914
61914
61914
61913
61913
61913
61913
61912
61912
61912
61912
61912
61911
61911
61911
61911
61911
61910
61910
61910
61910
61910
61909
61909
61909
61909
61908
61908
61908
61908
61908
61907
61907
61907
61907
61907
61906
61906
61906
61906
61906
61905
61905
61905
61905
61904
61904
61904
61904
61904
61903
61903
61903
61903
61903
61902
61902
61902
61902
61900
61899
61898
61896
61894
61891
61891
61890
61889
61889
61889
61889
61888
61888
61888
61888
61888
61887
61887
61887
61887
61886
61885
61885
61883
61883
61883
61883
61883
61882
61882
61882
61882
61881
61881
61881
61881
61881
61880
61880
61880
61880
61880
61879
61879
61878
61877
61877
61877
61877
61877
61876
61876
61876
61876
61876
61875
61875
61875
61875
61874
61874
61874
61874
61874
61873
61873
61873
61872
61871
61871
61871
61871
61870
61870
61870
61870
61870
61869
61869
61869
61869
61869
61868
61868
61868
61868
61868
61867
61866
61866
61864
61864
61864
61863
61863
61863
61863
61863
61861
61861
61861
61860
61860
61860
61860
61860
61859
61859
61859
61859
61858
61858
61858
61858
61858
61857
61857
61857
61857
61857
61856
61856
61856
61856
61856
61855
61855
61855
61855
61854
61854
61854
61854
61854
61853
61853
61853
61853
61853
61852
61852
61852
61852
61852
61851
61851
61851
61851
61850
61850
61850
61850
61850
61849
61849
61849
61849
61849
61848
61848
61848
61848
61848
61847
61847
61847
61847
61846
61846
61846
61846
61846
61845
61845
61845
61845
61845
61844
61844
61844
61844
61843
61843
61843
61843
61843
61842
61842
61842
61842
61842
61839
61836
61834
61832
61831
61830
61829
61829
61829
61829
61828
61828
61828
61828
61828
61827
61826
61826
61824
61824
61824
61824
61824
61823
61823
61823
61823
61822
61822
61822
61822
61822
61821
61821
61821
61821
61821
61820
61820
61819
61818
61818
61818
61818
61818
61817
61817
61817
61817
61816
61816
61816
61816
61816
61815
61815
61815
61815
61815
61814
61814
61814
61812
61812
61812
61812
61811
61811
61811
61811
61811
61810
61810
61810
61810
61809
61809
61809
61809
61809
61808
61808
61808
61806
61806
61805
61805
61804
61804
61804
61802
61802
61802
61802
61802
61801
61801
61801
61801
61800
61799
61799
61799
61798
61798
61798
61798
61798
61797
61797
61797
61797
61796
61796
61796
61796
61796
61795
61795
61795
61795
61795
61794
61794
61794
61794
61794
61793
61793
61793
61793
61793
61792
61792
61792
61792
61791
61791
61791
61791
61791
61790
61790
61790
61790
61789
61789
61789
61789
61789
61788
61788
61788
61788
61788
61787
61787
61787
61787
61787
61786
61786
61786
61786
61785
61785
61785
61785
61785
61784
61784
61784
61784
61784
61783
61783
61783
61783
61783
61782
61782
61782
61782
61781
61781
61781
61781
61781
61780
61780
61780
61780
61778
61777
61776
61774
61772
61771
61771
61771
61770
61770
61769
61769
61767
61767
61767
61766
61766
61766
61765
61765
61765
61765
61764
61764
61764
61764
61764
61763
61763
61763
61763
61763
61762
61761
61761
61760
61760
61760
61760
61760
61759
61759
61759
61759
61759
61758
61758
61758
61758
61757
61757
61757
61757
61757
61756
61756
61755
61754
61754
61754
61754
61753
61753
61753
61752
61751
61751
61751
61751
61751
61750
61750
61750
61750
61749
61749
61749
61748
61747
61746
61746
61745
61744
61744
61744
61744
61743
61743
61743
61743
61743
61742
61742
61742
61741
61740
61740
61740
61740
61740
61739
61739
61738
61737
61737
61737
61737
61736
61736
61736
61736
61736
61735
61735
61735
61735
61734
61734
61734
61734
61734
61733
61733
61733
61733
61733
61732
61732
61732
61732
61731
61731
61731
61731
61731
61730
61730
61730
61730
61730
61729
61729
61729
61729
61729
61728
61728
61728
61728
61727
61727
61727
61727
61727
61726
61726
61726
61726
61726
61725
61725
61725
61725
61725
61724
61724
61724
61724
61724
61723
61723
61723
61723
61722
61722
61722
61722
61722
61721
61721
61721
61721
61721
61720
61720
61720
61720
61720
61719
61719
61719
61719
61717
61716
61714
61712
61710
61708
61707
61707
61706
61706
61706
61705
61705
61705
61705
61705
61704
61704
61704
61704
61703
61703
61703
61703
61703
61702
61702
61701
61700
61700
61700
61700
61699
61699
61699
61699
61699
61698
61698
61698
61698
61698
61697
61697
61697
61697
61697
61696
61696
61696
61694
61694
61694
61694
61694
61693
61693
61693
61693
61692
61692
61692
61692
61692
61691
61691
61691
61691
61690
61690
61690
61688
61687
61686
61686
61685
61685
61685
61685
61685
61684
61684
61684
61684
61683
61683
61683
61683
61681
61681
61681
61681
61680
61680
61680
61680
61678
61678
61678
61678
61678
61677
61677
61677
61677
61677
61676
61676
61676
61676
61675
61675
61675
61675
61675
61674
61674
61674
61674
61674
61673
61673
61673
61673
61673
61672
61672
61672
61670
61670
61670
61669
61669
61669
61669
61669
61668
61668
61668
61668
61668
61667
61667
61637
61636
61636
61636
61636
61635
61635
61635
61635
61635
61634
61634
61634
61634
61634
61633
61633
61633
61633
61632
61632
61632
61632
61632
61631
61631
61631
61631
61631
61630
61630
61630
61630
61630
61629
61629
61629
61629
61628
61628
61628
61628
61628
61627
61627
61627
61627
61627
61626
61623
61622
61621
61619
61617
61616
61616
61616
61615
61615
61615
61615
61614
61614
61614
61614
61614
61613
61613
61613
61613
61611
61611
61611
61610
61610
61610
61610
61610
61609
61609
61609
61609
61608
61608
61608
61607
61607
61607
61607
61607
61606
61606
61606
61604
61604
61604
61604
61604
61603
61603
61603
61603
61602
61602
61602
61602
61602
61601
61601
61601
61601
61601
61598
61598
61597
61596
61595
61595
61594
61594
61594
61594
61594
61593
61593
61593
61593
61593
61592
61592
61592
61590
61590
61590
61590
61590
61589
61589
61589
61588
61587
61587
61587
61587
61586
61586
61586
61586
61586
61585
61585
61585
61585
61585
61583
61583
61583
61582
61582
61582
61582
61581
61581
61581
61581
61581
61580
61580
61580
61580
61580
61579
61579
61579
61579
61579
61578
61578
61578
61578
61577
61577
61577
61577
61577
61576
61576
61576
61576
61576
61575
61575
61575
61575
61574
61574
61574
61574
61574
61573
61573
61573
61573
61573
61572
61572
61572
61572
61571
61571
61571
61571
61571
61570
61570
61570
61570
61570
61569
61569
61569
61569
61568
61568
61568
61568
61568
61567
61567
61567
61567
61567
61566
61566
61566
61566
61566
61565
61565
61565
61563
61561
61558
61556
61555
61553
61552
61552
61552
61551
61551
61551
61551
61550
61550
61550
61549
61549
61548
61548
61548
61548
61547
61547
61547
61547
61547
61546
61546
61546
61546
61545
61545
61545
61545
61545
61544
61544
61544
61543
61542
61542
61542
61542
61542
61541
61541
61541
61541
61540
61540
61540
61540
61540
61539
61538
61538
61538
61537
61537
61536
61535
61534
61534
61534
61533
61533
61533
61533
61533
61532
61532
61532
61531
61531
61531
61531
61529
61529
61529
61529
61529
61528
61528
61528
61527
61526
61526
61526
61526
61525
61525
61525
61525
61525
61524
61524
61524
61524
61524
61522
61522
61522
61521
61521
61521
61521
61521
61520
61520
61520
61520
61520
61519
61519
61519
61519
61519
61518
61518
61518
61518
61517
61517
61517
61517
61517
61516
61516
61516
61516
61516
61515
61515
61515
61515
61514
61514
61514
61514
61514
61513
61513
61513
61513
61513
61512
61512
61512
61512
61512
61511
61511
61511
61511
61510
61510
61510
61510
61510
61509
61509
61509
61509
61509
61508
61508
61508
61508
61507
61507
61507
61507
61507
61506
61506
61506
61506
61506
61505
61505
61505
61505
61503
61503
61503
61503
61502
61502
61502
61502
61502
61501
61500
61498
61497
61496
61494
61493
61493
61492
61492
61491
61491
61490
61490
61490
61490
61489
61489
61489
61489
61489
61488
61488
61488
61488
61488
61487
61487
61487
61487
61486
61486
61486
61484
61484
61484
61484
61484
61483
61483
61483
61483
61483
61482
61482
61482
61480
61480
61480
61480
61480
61479
61479
61479
61478
61477
61476
61476
61476
61476
61475
61475
61475
61475
61474
61473
61473
61473
61472
61472
61472
61471
61470
61470
61470
61470
61469
61469
61469
61467
61467
61467
61467
61466
61466
61466
61466
61465
61465
61465
61465
61465
61464
61464
61463
61462
61462
61462
61462
61462
61461
61461
61461
61461
61461
61460
61460
61460
61460
61460
61459
61459
61459
61459
61458
61458
61458
61458
61458
61457
61457
61457
61457
61457
61456
61456
61456
61456
61456
61455
61455
61455
61455
61454
61454
61454
61454
61453
61453
61453
61453
61453
61452
61452
61452
61452
61451
61451
61451
61451
61451
61450
61450
61450
61450
61450
61449
61449
61449
61449
61449
61448
61448
61448
61448
61447
61447
61447
61447
61447
61446
61446
61446
61446
61444
61444
61444
61444
61444
61443
61443
61443
61443
61442
61442
61442
61442
61442
61441
61441
61441
61441
61441
61439
61436
61435
61432
61431
61430
61430
61429
61429
61429
61429
61428
61428
61428
61428
61428
61427
61427
61427
61427
61427
61426
61426
61426
61426
61426
61424
61424
61424
61423
61423
61423
61423
61422
61422
61422
61421
61420
61420
61420
61420
61419
61419
61419
61419
61419
61418
61417
61417
61415
61415
61415
61415
61415
61414
61414
61414
61414
61414
61413
61413
61413
61413
61412
61411
61411
61411
61410
61410
61410
61410
61410
61408
61408
61408
61407
61407
61407
61407
61407
61406
61406
61406
61406
61405
61405
61405
61403
61403
61403
61403
61402
61402
61402
61402
61402
61401
61401
61401
61401
61401
61400
61400
61400
61400
61399
61399
61399
61399
61399
61398
61398
61398
61397
61397
61397
61397
61396
61396
61396
61396
61396
61395
61395
61395
61395
61394
61394
61393
61393
61392
61392
61392
61392
61391
61391
61391
61391
61391
61390
61390
61390
61390
61389
61389
61389
61389
61389
61388
61388
61388
61388
61388
61387
61387
61387
61387
61386
61386
61386
61386
61386
61385
61385
61384
61384
61383
61383
61383
61383
61382
61382
61382
61382
61382
61381
61381
61381
61381
61381
61380
61380
61380
61380
61379
61379
61379
61379
61379
61378
61378
61378
61376
61375
61373
61372
61370
61369
61368
61368
61368
61368
61367
61367
61367
61367
61367
61366
61366
61366
61366
61366
61364
61364
61364
61363
61363
61363
61363
61361
61361
61361
61361
61360
61360
61360
61360
61359
61359
61359
61359
61359
61358
61357
61357
61355
61355
61355
61355
61355
61354
61354
61354
61354
61353
61353
61353
61353
61353
61352
61351
61351
61351
61350
61350
61350
61350
61349
61348
61348
61348
61347
61347
61347
61347
61347
61346
61346
61346
61346
61345
61345
61345
61344
61343
61343
61343
61343
61343
61342
61342
61342
61342
61342
61341
61341
61341
61341
61340
61340
61340
61340
61340
61339
61339
61339
61337
61337
61337
61337
61336
61336
61336
61336
61336
61335
61335
61335
61335
61335
61334
61334
61334
61334
61333
61333
61333
61333
61333
61332
61332
61332
61332
61332
61331
61331
61331
61331
61331
61330
61330
61330
61330
61329
61329
61329
61329
61329
61328
61328
61328
61328
61327
61327
61327
61327
61327
61325
61325
61325
61324
61324
61324
61324
61323
61323
61323
61323
61323
61322
61322
61322
61322
61322
61321
61321
61321
61321
61321
61320
61320
61320
61320
61319
61319
61319
61319
61319
61318
61318
61318
61318
61318
61317
61314
61312
61310
61309
61307
61306
61306
61306
61305
61305
61305
61305
61304
61304
61303
61303
61302
61302
61301
61301
61300
61300
61300
61300
61300
61299
61299
61299
61299
61299
61298
61298
61298
61298
61297
61296
61296
61294
61294
61294
61293
61293
61293
61293
61293
61292
61292
61292
61292
61292
61291
61291
61290
61289
61289
61289
61289
61289
61288
61288
61287
61286
61286
61286
61286
61285
61285
61285
61285
61285
61284
61284
61284
61284
61284
61282
61282
61282
61281
61281
61281
61281
61281
61280
61280
61280
61280
61279
61279
61279
61279
61279
61278
61278
61278
61278
61278
61277
61276
61276
61275
61275
61275
61275
61275
61274
61274
61274
61274
61273
61273
61273
61273
61273
61272
61272
61272
61272
61272
61271
61271
61271
61271
61271
61270
61270
61270
61270
61269
61269
61269
61269
61269
61268
61268
61268
61268
61268
61267
61267
61267
61267
61267
61266
61266
61266
61264
61264
61264
61264
61263
61263
61263
61263
61263
61262
61262
61262
61262
61262
61261
61261
61261
61261
61261
61260
61260
61260
61260
61259
61259
61259
61259
61259
61258
61258
61258
61258
61258
61257
61257
61257
61257
61256
61256
61256
61256
61256
61255
61255
61255
61255
61253
61252
61250
61249
61248
61246
61246
61246
61244
61243
61243
61242
61242
61242
61242
61242
61241
61241
61241
61240
61240
61240
61240
61239
61239
61239
61239
61238
61238
61237
61237
61235
61235
61235
61235
61234
61234
61234
61234
61234
61233
61233
61233
61233
61233
61232
61231
61231
61230
61230
61230
61230
61230
61229
61228
61228
61228
61227
61227
61227
61227
61226
61226
61226
61225
61224
61224
61224
61224
61222
61222
61222
61222
61222
61221
61221
61221
61221
61220
61220
61220
61220
61220
61219
61219
61219
61219
61219
61218
61218
61218
61218
61216
61216
61216
61216
61215
61215
61215
61215
61215
61214
61214
61214
61214
61214
61213
61213
61213
61213
61213
61212
61212
61212
61212
61211
61211
61211
61211
61211
61210
61210
61210
61210
61210
61209
61209
61209
61209
61209
61208
61208
61208
61208
61207
61207
61207
61205
61205
61205
61205
61204
61204
61204
61204
61204
61203
61203
61203
61203
61202
61202
61202
61202
61202
61201
61201
61201
61201
61201
61200
61200
61200
61200
61199
61199
61199
61199
61199
61198
61198
61198
61198
61198
61197
61197
61197
61197
61197
61196
61196
61196
61196
61195
61195
61195
61195
61195
61194
61194
61194
61194
61191
61190
61187
61186
61184
61183
61182
61182
61182
61182
61181
61181
61181
61181
61180
61180
61180
61180
61179
61179
61179
61179
61179
61177
61177
61176
61176
61175
61175
61175
61175
61174
61174
61174
61174
61174
61173
61173
61173
61173
61171
61171
61171
61171
61170
61170
61170
61170
61168
61168
61168
61168
61167
61167
61167
61167
61166
61166
61166
61166
61165
61165
61165
61164
61163
61163
61163
61163
61163
61162
61162
61162
61162
61161
61161
61161
61161
61161
61160
61160
61160
61160
61159
61159
61159
61159
61157
61157
61157
61157
61156
61156
61156
61156
61155
61155
61155
61155
61155
61154
61154
61154
61153
61153
61153
61153
61152
61151
61151
61151
61150
61150
61150
61150
61149
61149
61149
61149
61149
61148
61148
61148
61148
61147
61147
61147
61147
61147
61144
61144
61143
61143
61143
61143
61142
61142
61142
61142
61142
61141
61141
61141
61140
61140
61140
61140
61140
61139
61139
61139
61139
61139
61138
61138
61138
61138
61138
61137
61137
61137
61137
61136
61136
61136
61136
61136
61135
61135
61135
61135
61135
61134
61134
61134
61134
61133
61133
61133
61133
61133
61132
61132
61132
61132
61132
61131
61131
61131
61131
61131
61130
61130
61128
61127
61126
61124
61123
61121
61121
61121
61121
61120
61120
61120
61120
61119
61119
61119
61119
61118
61117
61116
61116
61116
61115
61115
61115
61115
61114
61114
61114
61114
61114
61113
61113
61113
61112
61111
61111
61111
61111
61111
61110
61110
61109
61109
61108
61108
61108
61108
61107
61107
61107
61107
61107
61106
61106
61106
61106
61104
61104
61104
61104
61103
61103
61103
61103
61103
61102
61102
61102
61102
61101
61101
61101
61101
61101
61100
61100
61100
61100
61100
61098
61098
61098
61098
61097
61097
61097
61097
61096
61096
61096
61095
61095
61095
61095
61095
61094
61094
61094
61094
61093
61092
61092
61090
61090
61090
61090
61090
61089
61089
61089
61089
61089
61088
61088
61088
61088
61087
61087
61086
61086
61085
61085
61085
61085
61084
61084
61084
61084
61084
61083
61083
61083
61083
61083
61082
61082
61082
61082
61082
61081
61081
61081
61081
61080
61080
61080
61080
61080
61079
61079
61079
61079
61079
61078
61078
61078
61078
61077
61034
61033
61032
61032
61032
61031
61031
61031
61030
61030
61030
61029
61029
61029
61028
61028
61027
61027
61027
61027
61026
61026
61026
61025
61025
61025
61024
61024
61023
61023
61023
61023
61022
61016
61014
61012
61010
61009
61006
61005
61005
61005
61005
61004
61003
61002
61001
61001
61000
61000
61000
61000
61000
60999
60999
60999
60999
60998
60998
60998
60998
60996
60996
60996
60996
60996
60995
60995
60995
60994
60993
60993
60993
60993
60992
60992
60992
60992
60992
60991
60991
60991
60991
60991
60989
60989
60989
60988
60988
60988
60988
60988
60987
60987
60987
60987
60986
60986
60986
60986
60986
60985
60985
60985
60985
60985
60984
60983
60983
60982
60982
60982
60982
60982
60981
60981
60981
60981
60980
60980
60980
60980
60980
60979
60979
60979
60979
60979
60977
60977
60975
60975
60975
60975
60975
60974
60974
60974
60974
60973
60973
60973
60973
60971
60971
60971
60971
60971
60970
60970
60970
60970
60969
60969
60969
60969
60969
60968
60968
60968
60968
60968
60967
60967
60967
60967
60966
60966
60966
60966
60966
60965
60965
60965
60965
60965
60964
60964
60964
60964
60964
60963
60963
60963
60963
60962
60962
60962
60962
60962
60961
60961
60961
60961
60961
60960
60960
60960
60960
60959
60959
60959
60959
60959
60958
60958
60958
60958
60958
60957
60957
60957
60957
60956
60956
60956
60956
60956
60955
60955
60955
60955
60955
60954
60954
60953
60951
60950
60949
60947
60945
60945
60943
60943
60943
60943
60942
60942
60942
60942
60942
60941
60941
60941
60941
60941
60940
60939
60939
60939
60938
60938
60938
60938
60938
60936
60936
60936
60935
60935
60935
60935
60935
60934
60934
60934
60934
60934
60933
60933
60932
60931
60931
60931
60931
60931
60930
60930
60930
60930
60929
60929
60929
60929
60929
60928
60928
60928
60928
60926
60926
60926
60926
60924
60924
60924
60924
60923
60923
60923
60923
60923
60922
60922
60922
60922
60922
60921
60921
60921
60921
60920
60920
60920
60919
60918
60917
60917
60917
60916
60916
60916
60916
60916
60915
60915
60913
60912
60912
60912
60912
60911
60911
60911
60911
60911
60910
60910
60910
60910
60910
60909
60909
60909
60909
60908
60908
60908
60908
60908
60907
60907
60907
60907
60907
60906
60906
60906
60906
60906
60905
60905
60905
60905
60904
60904
60904
60904
60904
60903
60903
60903
60903
60903
60902
60902
60902
60902
60901
60901
60901
60901
60901
60900
60900
60900
60900
60900
60899
60899
60899
60899
60899
60898
60898
60898
60898
60897
60897
60897
60897
60897
60896
60896
60896
60896
60896
60895
60895
60895
60895
60895
60894
60894
60894
60894
60893
60892
60889
60888
60887
60885
60884
60884
60883
60883
60883
60883
60883
60882
60882
60882
60882
60880
60880
60880
60880
60880
60879
60879
60879
60878
60877
60877
60877
60877
60876
60876
60876
60876
60876
60875
60875
60875
60875
60875
60873
60873
60873
60872
60872
60872
60872
60872
60871
60871
60871
60871
60871
60870
60870
60870
60870
60870
60869
60869
60869
60869
60868
60867
60867
60867
60867
60866
60866
60866
60866
60865
60865
60865
60865
60865
60864
60864
60864
60864
60864
60863
60863
60863
60861
60861
60860
60860
60860
60859
60859
60859
60859
60857
60857
60857
60857
60856
60856
60856
60855
60855
60855
60855
60855
60854
60854
60853
60853
60852
60852
60852
60852
60851
60851
60851
60851
60851
60850
60850
60850
60850
60850
60849
60849
60849
60849
60848
60848
60847
60847
60846
60846
60846
60846
60846
60845
60845
60845
60845
60845
60844
60844
60844
60844
60844
60843
60843
60843
60843
60842
60842
60842
60842
60842
60841
60841
60841
60841
60841
60840
60840
60840
60840
60840
60839
60839
60839
60839
60838
60838
60838
60838
60838
60837
60837
60837
60837
60837
60836
60836
60836
60836
60836
60835
60835
60835
60835
60834
60834
60834
60834
60834
60831
60830
60828
60827
60825
60824
60824
60823
60823
60823
60822
60821
60821
60821
60821
60821
60820
60820
60818
60818
60818
60818
60818
60817
60817
60817
60817
60817
60816
60816
60816
60816
60815
60814
60814
60814
60813
60813
60813
60813
60813
60812
60812
60812
60812
60812
60811
60811
60811
60811
60811
60810
60810
60810
60810
60809
60808
60808
60808
60807
60807
60807
60807
60807
60806
60806
60806
60806
60806
60805
60805
60805
60805
60804
60804
60804
60804
60803
60802
60801
60801
60800
60800
60799
60799
60798
60798
60798
60798
60797
60797
60797
60796
60796
60796
60796
60796
60795
60795
60795
60794
60793
60791
60791
60791
60790
60790
60790
60790
60790
60789
60789
60789
60789
60788
60788
60788
60788
60788
60787
60787
60787
60787
60787
60786
60786
60786
60786
60786
60785
60785
60785
60785
60785
60784
60784
60784
60784
60783
60783
60783
60783
60783
60782
60782
60782
60782
60782
60781
60781
60781
60781
60780
60780
60780
60780
60780
60779
60779
60779
60779
60779
60778
60778
60778
60778
60778
60777
60777
60777
60777
60776
60776
60776
60776
60776
60775
60775
60775
60775
60775
60774
60774
60774
60774
60774
60773
60773
60773
60773
60772
60772
60769
60768
60767
60765
60763
60761
60761
60761
60761
60761
60760
60760
60759
60759
60758
60758
60758
60758
60757
60757
60757
60757
60756
60756
60756
60756
60756
60754
60754
60754
60753
60753
60753
60753
60753
60752
60752
60752
60752
60752
60751
60751
60751
60751
60750
60750
60750
60750
60750
60749
60748
60748
60748
60747
60747
60747
60747
60746
60746
60746
60746
60746
60745
60745
60745
60745
60745
60744
60744
60744
60744
60742
60742
60741
60740
60739
60739
60739
60739
60739
60738
60738
60738
60738
60737
60737
60737
60737
60737
60736
60736
60736
60736
60736
60734
60734
60732
60732
60732
60731
60731
60731
60731
60731
60730
60730
60730
60730
60729
60729
60729
60729
60729
60728
60728
60728
60728
60728
60727
60727
60727
60727
60727
60726
60726
60726
60726
60725
60725
60725
60725
60725
60724
60724
60724
60724
60724
60723
60723
60723
60723
60722
60722
60722
60722
60722
60721
60721
60721
60721
60721
60720
60720
60720
60720
60720
60719
60719
60719
60719
60718
60718
60718
60718
60718
60717
60717
60717
60717
60717
60716
60716
60716
60716
60716
60715
60715
60715
60715
60714
60714
60714
60714
60714
60713
60713
60713
60713
60713
60712
60712
60712
60710
60709
60707
60706
60704
60702
60701
60700
60700
60700
60700
60699
60699
60699
60699
60699
60698
60698
60698
60698
60698
60696
60696
60696
60695
60695
60695
60695
60695
60694
60694
60694
60694
60694
60693
60693
60693
60693
60692
60692
60692
60692
60692
60691
60690
60690
60690
60689
60689
60689
60689
60689
60688
60688
60688
60688
60687
60687
60687
60687
60687
60686
60686
60686
60685
60682
60682
60681
60680
60680
60680
60680
60680
60679
60679
60679
60679
60678
60678
60678
60678
60678
60677
60677
60677
60677
60677
60676
60674
60674
60672
60672
60672
60672
60671
60671
60671
60671
60671
60670
60670
60670
60670
60670
60669
60669
60669
60669
60669
60668
60668
60668
60668
60667
60667
60667
60645
60644
60644
60644
60643
60643
60643
60643
60642
60642
60642
60641
60641
60641
60641
60640
60639
60639
60638
60638
60638
60637
60637
60637
60636
60636
60636
60636
60635
60635
60635
60634
60634
60634
60634
60633
60633
60633
60633
60632
60632
60632
60632
60631
60631
60631
60630
60630
60630
60630
60629
60629
60629
60629
60628
60628
60628
60628
60627
60627
60627
60626
60626
60626
60626
60625
60625
60625
60625
60624
60624
60624
60623
60623
60623
60623
60620
60619
60617
60616
60614
60613
60613
60613
60612
60612
60612
60612
60612
60611
60611
60610
60610
60609
60609
60609
60609
60608
60608
60608
60608
60607
60607
60607
60607
60607
60606
60606
60606
60606
60606
60605
60605
60605
60604
60603
60603
60603
60603
60602
60602
60602
60602
60602
60601
60601
60601
60601
60601
60600
60600
60600
60599
60598
60598
60597
60597
60595
60595
60595
60594
60594
60594
60594
60594
60593
60593
60593
60593
60593
60592
60592
60592
60592
60591
60591
60591
60591
60589
60589
60588
60587
60587
60587
60587
60587
60586
60586
60586
60586
60586
60585
60585
60585
60585
60584
60584
60584
60584
60584
60583
60582
60582
60582
60581
60581
60581
60580
60580
60580
60580
60580
60579
60579
60579
60579
60578
60578
60578
60578
60578
60577
60577
60577
60575
60575
60575
60575
60574
60574
60574
60574
60573
60573
60573
60573
60573
60572
60572
60572
60572
60572
60571
60571
60571
60571
60570
60570
60570
60570
60570
60569
60569
60569
60569
60569
60568
60568
60568
60568
60568
60567
60567
60567
60567
60566
60566
60566
60566
60566
60565
60565
60565
60565
60565
60564
60564
60564
60564
60563
60562
60562
60562
60562
60561
60561
60561
60561
60559
60558
60557
60554
60552
60550
60550
60550
60550
60548
60548
60548
60547
60547
60547
60547
60547
60546
60546
60546
60546
60546
60545
60545
60545
60545
60545
60544
60544
60544
60544
60543
60542
60542
60542
60541
60541
60541
60541
60541
60540
60540
60540
60540
60539
60539
60539
60538
60538
60537
60537
60537
60537
60535
60535
60534
60533
60533
60533
60533
60533
60532
60532
60531
60531
60531
60531
60531
60530
60530
60530
60530
60529
60529
60529
60529
60528
60527
60525
60525
60524
60524
60524
60524
60524
60523
60523
60523
60523
60523
60522
60522
60522
60522
60521
60521
60521
60521
60520
60519
60519
60518
60518
60518
60518
60517
60517
60517
60517
60517
60516
60516
60516
60516
60516
60515
60515
60515
60515
60514
60514
60514
60514
60514
60513
60513
60513
60513
60513
60512
60512
60512
60512
60511
60511
60511
60511
60511
60510
60510
60510
60510
60510
60509
60509
60509
60509
60509
60508
60508
60508
60508
60507
60507
60507
60507
60507
60506
60506
60506
60506
60506
60505
60505
60505
60505
60504
60504
60504
60504
60504
60503
60503
60503
60503
60501
60501
60501
60501
60500
60500
60500
60500
60499
60499
60499
60499
60499
60498
60498
60498
60498
60495
60494
60492
60490
60488
60487
60487
60486
60486
60486
60486
60485
60485
60485
60485
60484
60484
60484
60484
60483
60483
60483
60483
60483
60482
60482
60481
60481
60480
60480
60480
60480
60479
60479
60479
60479
60478
60478
60477
60477
60476
60476
60476
60476
60475
60475
60475
60474
60473
60472
60472
60472
60471
60471
60471
60471
60471
60470
60470
60470
60470
60470
60469
60469
60469
60469
60468
60468
60468
60468
60466
60466
60465
60464
60464
60464
60464
60464
60463
60463
60463
60463
60463
60462
60462
60462
60462
60461
60461
60461
60461
60461
60460
60459
60459
60459
60458
60458
60458
60458
60457
60457
60457
60457
60456
60456
60456
60456
60456
60455
60455
60455
60455
60455
60454
60454
60454
60454
60453
60453
60453
60453
60453
60452
60452
60452
60452
60451
60451
60451
60451
60451
60450
60450
60450
60450
60450
60449
60449
60449
60449
60449
60448
60448
60448
60448
60447
60447
60447
60447
60447
60446
60446
60446
60446
60446
60445
60445
60445
60445
60444
60444
60444
60444
60444
60443
60442
60442
60441
60441
60441
60441
60441
60440
60440
60440
60440
60439
60439
60439
60439
60439
60438
60438
60438
60438
60438
60437
60437
60437
60437
60437
60435
60433
60431
60430
60428
60426
60426
60426
60426
60426
60425
60425
60425
60425
60424
60424
60424
60424
60424
60423
60422
60422
60422
60421
60421
60421
60421
60420
60420
60419
60419
60418
60418
60418
60418
60418
60417
60417
60417
60417
60417
60415
60415
60414
60413
60413
60413
60413
60413
60412
60412
60412
60412
60411
60411
60411
60411
60411
60410
60410
60410
60410
60410
60409
60405
60405
60404
60404
60403
60403
60403
60403
60402
60402
60402
60402
60402
60401
60401
60401
60401
60401
60400
60400
60400
60400
60399
60398
60398
60397
60397
60397
60397
60397
60396
60396
60396
60396
60396
60395
60395
60395
60395
60395
60394
60394
60394
60394
60393
60393
60393
60393
60393
60392
60392
60392
60392
60392
60391
60391
60391
60391
60390
60390
60390
60390
60390
60389
60389
60389
60389
60389
60388
60388
60388
60388
60388
60387
60387
60387
60387
60386
60386
60386
60386
60386
60385
60385
60385
60385
60385
60384
60384
60384
60384
60383
60383
60382
60382
60381
60381
60381
60381
60381
60380
60380
60380
60380
60380
60379
60379
60379
60379
60378
60378
60378
60378
60378
60377
60377
60377
60377
60377
60376
60376
60376
60376
60375
60375
60375
60375
60375
60373
60372
60370
60369
60367
60366
60366
60366
60365
60365
60365
60364
60364
60364
60363
60362
60362
60362
60362
60361
60360
60360
60360
60359
60359
60359
60359
60358
60358
60358
60358
60358
60357
60357
60357
60356
60355
60354
60354
60354
60354
60353
60353
60353
60353
60352
60352
60352
60352
60352
60351
60351
60351
60351
60351
60350
60350
60350
60349
60348
60347
60347
60347
60346
60346
60346
60346
60345
60345
60345
60345
60345
60344
60344
60344
60344
60343
60343
60343
60343
60343
60341
60341
60341
60340
60340
60340
60340
60340
60339
60339
60339
60339
60339
60338
60338
60338
60338
60336
60336
60336
60336
60335
60335
60335
60335
60335
60334
60334
60334
60334
60334
60333
60333
60333
60333
60332
60332
60332
60332
60332
60331
60331
60331
60331
60331
60330
60330
60329
60329
60328
60328
60328
60328
60328
60327
60327
60327
60327
60326
60326
60326
60326
60325
60325
60325
60325
60325
60323
60323
60323
60323
60322
60322
60322
60322
60321
60321
60321
60321
60321
60320
60320
60320
60320
60320
60319
60319
60319
60319
60318
60318
60318
60318
60318
60317
60317
60317
60317
60317
60316
60316
60316
60316
60315
60315
60315
60315
60315
60314
60314
60314
60313
60311
60310
60309
60307
60305
60305
60305
60304
60304
60303
60302
60302
60302
60301
60301
60301
60301
60301
60300
60300
60300
60300
60299
60299
60299
60299
60299
60298
60297
60297
60296
60295
60295
60295
60295
60294
60294
60294
60294
60293
60293
60293
60293
60293
60292
60292
60292
60292
60292
60291
60291
60290
60289
60287
60287
60287
60287
60286
60286
60286
60286
60285
60285
60285
60285
60285
60284
60284
60284
60284
60284
60283
60283
60283
60281
60281
60281
60281
60281
60280
60280
60280
60280
60279
60279
60279
60279
60279
60278
60278
60278
60277
60276
60276
60276
60276
60276
60275
60275
60275
60275
60274
60274
60274
60274
60274
60273
60273
60273
60273
60273
60272
60272
60272
60272
60271
60271
60271
60271
60271
60270
60270
60270
60270
60270
60269
60269
60269
60269
60269
60268
60268
60268
60268
60267
60267
60267
60267
60265
60265
60265
60264
60264
60264
60264
60263
60263
60263
60263
60262
60262
60262
60262
60262
60261
60261
60261
60261
60260
60260
60260
60260
60260
60259
60259
60259
60259
60258
60258
60258
60258
60258
60257
60257
60257
60257
60257
60256
60256
60256
60256
60255
60255
60255
60255
60254
60254
60254
60254
60253
60253
60250
60249
60246
60245
60244
60242
60242
60241
60241
60241
60241
60240
60240
60240
60240
60239
60239
60239
60239
60239
60238
60238
60238
60237
60236
60235
60235
60234
60234
60234
60234
60234
60233
60233
60233
60233
60232
60232
60232
60232
60232
60231
60231
60231
60231
60231
60229
60229
60227
60227
60227
60227
60226
60226
60226
60225
60225
60225
60224
60224
60224
60223
60223
60223
60223
60222
60222
60222
60222
60220
60220
60220
60219
60219
60219
60219
60219
60218
60218
60218
60217
60217
60217
60217
60216
60216
60215
60214
60214
60214
60214
60214
60213
60213
60213
60213
60212
60212
60212
60212
60212
60211
60211
60211
60211
60211
60210
60209
60209
60208
60208
60208
60208
60208
60207
60207
60207
60207
60207
60206
60206
60206
60206
60205
60205
60205
60205
60205
60204
60204
60203
60203
60202
60202
60202
60202
60201
60201
60201
60201
60201
60200
60200
60200
60200
60200
60199
60199
60199
60199
60198
60198
60198
60198
60198
60197
60197
60197
60197
60197
60196
60196
60196
60196
60195
60195
60195
60195
60195
60194
60194
60194
60194
60194
60193
60193
60193
60193
60192
60192
60192
60192
60192
60191
60191
60191
60191
60191
60190
60190
60190
60190
60188
60187
60186
60184
60183
60182
60181
60181
60181
60181
60181
60180
60180
60180
60180
60179
60179
60178
60177
60176
60176
60176
60175
60175
60175
60175
60175
60174
60174
60174
60174
60173
60173
60173
60173
60173
60172
60172
60172
60172
60170
60170
60169
60169
60168
60168
60168
60168
60167
60167
60167
60167
60166
60166
60166
60166
60166
60165
60165
60165
60165
60165
60164
60163
60161
60160
60160
60160
60160
60160
60159
60159
60159
60159
60158
60158
60158
60158
60158
60157
60156
60156
60155
60155
60155
60155
60155
60154
60154
60154
60154
60153
60153
60153
60153
60153
60152
60152
60152
60152
60152
60150
60150
60148
60148
60148
60148
60147
60147
60147
60147
60147
60146
60146
60146
60146
60145
60145
60145
60145
60145
60143
60143
60143
60142
60142
60142
60142
60142
60141
60141
60141
60141
60141
60140
60140
60140
60140
60139
60139
60139
60139
60139
60138
60138
60138
60138
60138
60137
60137
60137
60137
60136
60136
60136
60136
60136
60135
60135
60135
60135
60135
60134
60134
60134
60134
60133
60133
60133
60133
60133
60132
60132
60132
60132
60132
60131
60131
60131
60131
60130
60130
60130
60130
60130
60129
60129
60129
60129
60129
60128
60128
60127
60125
60124
60122
60121
60120
60119
60119
60119
60119
60118
60117
60117
60116
60115
60115
60115
60115
60114
60114
60114
60114
60114
60113
60113
60113
60113
60113
60112
60112
60112
60112
60111
60111
60110
60110
60108
60108
60108
60108
60107
60107
60107
60107
60106
60106
60106
60106
60106
60105
60105
60105
60105
60105
60104
60104
60104
60103
60102
60102
60102
60102
60101
60101
60101
60101
60101
60100
60100
60100
60100
60100
60099
60099
60097
60097
60097
60097
60097
60096
60096
60096
60096
60095
60095
60095
60095
60095
60094
60094
60094
60094
60094
60093
60093
60092
60091
60090
60090
60089
60089
60089
60089
60089
60088
60088
60088
60088
60088
60087
60087
60087
60086
60085
60085
60085
60085
60085
60084
60084
60084
60084
60083
60083
60083
60083
60083
60082
60081
60080
60080
60080
60080
60079
60079
60079
60079
60079
60078
60078
60078
60078
60077
60077
60077
60077
60077
60076
60076
60076
60076
60075
60075
60075
60075
60075
60074
60074
60074
60074
60074
60073
60073
60073
60073
60072
60072
60072
60072
60072
60071
60071
60071
60071
60071
60070
60070
60070
60070
60069
60069
60069
60069
60069
60068
60068
60068
60068
60068
60067
60067
60067
60065
60064
60063
60061
60059
60057
60056
60055
60055
60055
60054
60054
60054
60054
60053
60053
60053
60053
60053
60052
60052
60052
60052
60052
60051
60051
60051
60051
60049
60049
60048
60047
60047
60047
60047
60046
60046
60046
60046
60045
60045
60045
60045
60045
60044
60044
60044
60044
60044
60043
60043
60041
60041
60040
60040
60040
60040
60039
60039
60039
60039
60039
60038
60038
60038
60038
60038
60037
60036
60036
60035
60035
60035
60035
60035
60034
60034
60034
60034
60033
60033
60033
60033
60033
60032
60032
60032
60032
60032
60030
60030
60029
60028
60028
60028
60028
60028
60027
60027
60027
60027
60027
60026
60025
60025
60025
60024
60024
60024
60024
60024
60023
60023
60023
60023
60022
60022
60022
60022
60022
60021
60021
60021
60021
60020
60020
60020
60020
60020
60019
60019
60019
60019
60019
60018
60018
60018
60018
60018
60017
60017
60017
60017
60016
60016
60016
60016
60016
60015
60015
60015
60015
60015
60014
60014
60014
60014
60013
60013
60013
60013
60013
60012
60012
60012
60012
60012
60011
60011
60011
60011
60010
60010
60010
60010
60010
60009
60009
60009
60009
60009
60008
60008
60008
60008
60008
60007
60007
60007
60007
60007
60006
60004
60001
59999
59997
59996
59994
59994
59994
59994
59993
59993
59993
59992
59992
59992
59992
59991
59991
59991
59991
59991
59990
59989
59989
59987
59987
59987
59987
59987
59986
59986
59986
59986
59986
59985
59985
59985
59985
59984
59984
59984
59983
59983
59983
59983
59981
59981
59981
59981
59980
59980
59980
59980
59980
59979
59979
59979
59979
59979
59978
59978
59978
59976
59976
59976
59976
59975
59975
59975
59975
59975
59974
59974
59974
59974
59974
59973
59973
59973
59973
59972
59972
59972
59971
59970
59969
59969
59969
59968
59968
59968
59968
59967
59967
59966
59966
59965
59965
59965
59965
59964
59964
59964
59964
59964
59963
59962
59962
59961
59961
59961
59961
59961
59960
59960
59960
59960
59960
59959
59959
59959
59959
59959
59958
59958
59958
59958
59957
59957
59957
59957
59957
59956
59956
59956
59956
59956
59955
59955
59955
59955
59955
59954
59954
59954
59954
59953
59953
59953
59953
59953
59952
59952
59952
59952
59952
59951
59951
59951
59951
59951
59950
59950
59950
59950
59949
59949
59949
59949
59949
59948
59948
59948
59948
59948
59947
59947
59947
59947
59946
59946
59946
59946
59946
59945
59945
59945
59945
59945
59944
59944
59944
59942
59941
59939
59938
59937
59935
59935
59935
59935
59934
59934
59934
59934
59934
59933
59933
59932
59931
59930
59930
59930
59930
59929
59929
59929
59929
59928
59928
59928
59928
59928
59927
59927
59927
59927
59927
59926
59926
59926
59925
59924
59924
59924
59924
59923
59923
59923
59923
59922
59922
59922
59922
59922
59921
59921
59921
59919
59919
59919
59919
59919
59918
59918
59918
59916
59915
59915
59915
59915
59914
59914
59914
59914
59914
59913
59913
59913
59911
59911
59910
59910
59910
59909
59909
59909
59908
59907
59907
59907
59907
59907
59906
59906
59906
59906
59905
59905
59905
59905
59905
59903
59903
59902
59901
59901
59901
59901
59900
59900
59900
59900
59900
59899
59899
59899
59899
59899
59898
59898
59898
59898
59897
59897
59897
59897
59897
59896
59896
59896
59896
59895
59895
59895
59895
59895
59894
59894
59894
59894
59893
59893
59893
59893
59893
59892
59892
59892
59892
59891
59891
59891
59891
59891
59890
59890
59890
59890
59890
59889
59889
59889
59889
59888
59888
59888
59888
59888
59887
59887
59887
59887
59887
59886
59886
59886
59886
59886
59885
59885
59885
59885
59884
59884
59884
59884
59884
59883
59883
59883
59883
59883
59882
59881
59879
59878
59877
59874
59873
59873
59872
59872
59872
59870
59870
59869
59869
59868
59868
59868
59868
59867
59867
59867
59867
59867
59866
59866
59866
59866
59865
59865
59865
59865
59865
59864
59863
59863
59863
59862
59862
59862
59862
59862
59861
59861
59861
59861
59861
59860
59860
59860
59860
59858
59858
59858
59858
59858
59857
59857
59857
59857
59856
59856
59856
59856
59856
59855
59855
59855
59855
59855
59854
59854
59853
59852
59851
59851
59851
59850
59849
59849
59849
59849
59848
59848
59848
59848
59848
59847
59847
59847
59847
59847
59846
59846
59846
59844
59844
59843
59842
59842
59842
59842
59842
59841
59841
59841
59841
59841
59840
59840
59840
59840
59840
59839
59839
59839
59839
59838
59838
59838
59838
59838
59837
59837
59837
59837
59837
59836
59836
59835
59835
59834
59834
59834
59834
59833
59833
59833
59833
59833
59832
59832
59832
59832
59832
59831
59831
59831
59831
59831
59830
59830
59830
59830
59829
59829
59829
59829
59829
59828
59828
59828
59828
59828
59827
59827
59827
59827
59827
59826
59826
59826
59826
59825
59825
59825
59825
59825
59824
59824
59824
59824
59824
59823
59823
59823
59823
59822
59822
59822
59822
59822
59821
59820
59818
59817
59816
59813
59812
59810
59810
59810
59810
59810
59809
59809
59809
59809
59808
59808
59808
59808
59808
59807
59807
59807
59807
59807
59806
59806
59805
59805
59804
59804
59804
59804
59803
59803
59803
59803
59802
59802
59802
59802
59802
59801
59801
59799
59799
59798
59798
59798
59798
59798
59797
59797
59797
59797
59796
59796
59796
59796
59796
59795
59795
59795
59795
59794
59793
59793
59790
59790
59790
59790
59789
59789
59789
59789
59789
59788
59788
59788
59787
59787
59787
59787
59786
59786
59786
59786
59785
59784
59784
59782
59782
59782
59782
59782
59781
59781
59781
59781
59780
59780
59780
59780
59780
59779
59779
59779
59779
59779
59778
59778
59778
59778
59777
59777
59777
59777
59777
59776
59776
59776
59776
59776
59775
59775
59775
59775
59774
59774
59774
59774
59774
59773
59773
59773
59773
59773
59772
59772
59772
59772
59772
59771
59771
59771
59771
59770
59770
59770
59770
59770
59769
59769
59769
59769
59769
59768
59768
59768
59768
59767
59767
59767
59767
59767
59766
59766
59766
59766
59766
59765
59765
59765
59765
59764
59764
59764
59764
59764
59763
59763
59763
59763
59763
59762
59762
59762
59762
59762
59761
59761
59761
59757
59756
59755
59753
59752
59751
59750
59750
59750
59750
59750
59749
59749
59749
59749
59749
59748
59748
59748
59748
59748
59746
59746
59746
59745
59745
59745
59745
59745
59744
59744
59744
59744
59743
59743
59743
59743
59743
59741
59741
59741
59740
59740
59740
59740
59739
59739
59739
59739
59739
59738
59738
59738
59738
59737
59737
59737
59737
59735
59734
59734
59732
59732
59732
59732
59731
59731
59731
59730
59730
59730
59730
59729
59729
59729
59729
59729
59728
59728
59728
59728
59728
59726
59726
59724
59724
59724
59724
59724
59723
59723
59723
59723
59723
59722
59722
59722
59722
59721
59721
59721
59721
59721
59720
59720
59719
59718
59718
59718
59718
59718
59717
59717
59717
59717
59716
59716
59716
59716
59716
59715
59715
59715
59715
59715
59714
59714
59714
59714
59714
59713
59713
59713
59713
59712
59712
59712
59712
59712
59711
59711
59711
59711
59711
59710
59710
59710
59710
59710
59709
59709
59709
59709
59708
59708
59708
59708
59708
59707
59707
59707
59707
59707
59706
59706
59706
59706
59705
59705
59705
59705
59705
59704
59704
59704
59704
59704
59703
59703
59703
59703
59703
59702
59702
59702
59702
59700
59700
59700
59700
59699
59699
59698
59696
59695
59694
59692
59691
59691
59690
59690
59690
59690
59689
59689
59689
59689
59688
59687
59687
59687
59687
59686
59686
59686
59686
59686
59685
59685
59685
59685
59684
59684
59684
59682
59682
59682
59682
59682
59681
59681
59681
59681
59681
59680
59680
59680
59680
59679
59679
59679
59677
59676
59676
59676
59675
59674
59673
59673
59673
59672
59672
59672
59672
59672
59671
59670
59669
59669
59669
59669
59669
59668
59668
59668
59668
59668
59667
59651
59651
59650
59649
59649
59649
59649
59648
59648
59648
59648
59647
59647
59647
59647
59647
59646
59646
59646
59646
59645
59645
59645
59644
59643
59643
59643
59643
59642
59642
59642
59641
59641
59641
59641
59640
59640
59640
59640
59640
59639
59639
59639
59639
59639
59638
59638
59638
59638
59638
59637
59637
59637
59637
59636
59636
59636
59636
59636
59635
59635
59635
59635
59635
59634
59634
59634
59634
59634
59633
59633
59633
59633
59632
59632
59632
59632
59632
59631
59631
59631
59631
59631
59630
59630
59630
59630
59629
59629
59629
59629
59629
59628
59628
59628
59628
59627
59627
59627
59627
59627
59625
59625
59625
59624
59624
59624
59624
59624
59623
59623
59623
59623
59623
59622
59622
59621
59619
59618
59617
59615
59614
59614
59614
59613
59612
59612
59612
59612
59611
59611
59611
59611
59611
59610
59610
59610
59610
59609
59609
59609
59609
59607
59607
59607
59607
59606
59606
59606
59606
59606
59605
59605
59605
59605
59605
59603
59603
59603
59602
59602
59602
59602
59601
59600
59599
59599
59599
59598
59598
59598
59597
59597
59597
59597
59597
59596
59596
59596
59596
59595
59595
59595
59595
59595
59594
59593
59593
59591
59591
59591
59591
59590
59590
59590
59590
59590
59589
59589
59589
59589
59589
59588
59588
59588
59588
59588
59587
59587
59586
59585
59585
59585
59585
59584
59584
59584
59584
59583
59583
59583
59583
59582
59582
59582
59582
59582
59581
59581
59581
59581
59581
59580
59580
59580
59580
59580
59579
59579
59579
59579
59578
59578
59578
59577
59576
59576
59576
59576
59575
59575
59575
59575
59575
59574
59574
59574
59574
59574
59573
59573
59573
59573
59572
59572
59572
59572
59572
59571
59571
59571
59571
59571
59570
59570
59570
59570
59569
59569
59569
59569
59569
59568
59568
59567
59566
59566
59566
59566
59566
59565
59565
59565
59565
59565
59564
59564
59564
59564
59563
59563
59563
59563
59563
59562
59562
59562
59562
59543
59542
59540
59538
59536
59535
59534
59534
59534
59534
59534
59533
59533
59533
59533
59533
59532
59532
59532
59532
59529
59529
59529
59529
59528
59528
59528
59528
59527
59527
59527
59526
59525
59525
59525
59525
59525
59524
59524
59524
59524
59522
59522
59521
59521
59520
59520
59520
59520
59520
59519
59519
59519
59519
59519
59518
59518
59518
59518
59517
59517
59517
59517
59517
59515
59515
59514
59513
59513
59513
59513
59513
59512
59512
59512
59512
59512
59511
59511
59511
59511
59510
59510
59510
59510
59510
59509
59508
59508
59507
59507
59507
59507
59507
59506
59506
59506
59506
59506
59505
59505
59505
59505
59505
59504
59504
59504
59504
59503
59503
59503
59503
59503
59502
59502
59502
59502
59502
59501
59501
59501
59501
59500
59500
59500
59500
59500
59499
59499
59499
59499
59499
59498
59498
59498
59498
59498
59497
59497
59497
59497
59496
59496
59496
59496
59496
59495
59495
59495
59495
59495
59494
59494
59494
59494
59493
59493
59493
59493
59491
59491
59491
59491
59491
59490
59490
59490
59490
59490
59489
59489
59489
59489
59488
59488
59488
59488
59488
59487
59487
59487
59487
59487
59486
59486
59486
59486
59485
59485
59485
59485
59485
59482
59481
59479
59478
59476
59475
59475
59475
59474
59474
59474
59474
59473
59473
59471
59471
59471
59471
59471
59470
59470
59470
59468
59468
59468
59468
59468
59467
59467
59467
59467
59467
59466
59466
59466
59465
59464
59463
59462
59462
59462
59462
59461
59461
59461
59461
59461
59460
59460
59460
59460
59460
59459
59459
59459
59459
59459
59458
59457
59457
59455
59455
59455
59455
59454
59454
59454
59454
59453
59453
59453
59452
59452
59452
59452
59452
59451
59451
59451
59451
59451
59449
59449
59449
59449
59448
59448
59448
59448
59447
59447
59447
59447
59447
59446
59446
59446
59446
59446
59445
59445
59445
59445
59445
59443
59443
59443
59442
59442
59442
59442
59442
59441
59441
59441
59441
59440
59440
59440
59440
59440
59439
59439
59439
59439
59439
59438
59438
59438
59438
59438
59437
59437
59437
59437
59436
59436
59436
59436
59436
59435
59435
59435
59435
59435
59434
59434
59434
59434
59433
59432
59432
59431
59431
59431
59430
59430
59430
59430
59430
59429
59429
59429
59429
59429
59428
59428
59428
59428
59428
59427
59427
59427
59427
59426
59426
59426
59426
59426
59425
59425
59425
59425
59425
59424
59424
59424
59424
59423
59423
59423
59423
59421
59420
59417
59416
59415
59413
59413
59413
59412
59411
59411
59411
59411
59408
59408
59408
59408
59407
59407
59406
59406
59406
59406
59406
59405
59405
59405
59405
59404
59403
59403
59402
59401
59401
59401
59401
59400
59400
59400
59400
59400
59399
59399
59399
59399
59399
59398
59398
59398
59398
59397
59397
59396
59396
59394
59394
59394
59394
59393
59393
59393
59393
59393
59392
59391
59391
59390
59390
59390
59390
59390
59389
59389
59389
59389
59387
59387
59387
59386
59386
59386
59386
59386
59385
59385
59385
59385
59384
59384
59384
59384
59384
59383
59383
59383
59383
59383
59382
59381
59381
59381
59380
59380
59380
59380
59379
59379
59379
59379
59379
59378
59378
59378
59378
59377
59377
59377
59377
59377
59376
59376
59376
59376
59376
59375
59375
59375
59375
59374
59374
59374
59374
59373
59373
59373
59373
59372
59372
59372
59372
59372
59370
59370
59370
59370
59369
59369
59369
59369
59369
59368
59368
59368
59368
59367
59367
59367
59367
59367
59366
59366
59366
59366
59366
59365
59365
59365
59365
59365
59364
59364
59364
59364
59363
59363
59363
59363
59363
59362
59362
59362
59362
59362
59361
59361
59361
59361
59360
59360
59360
59360
59360
59358
59357
59354
59353
59351
59350
59350
59349
59349
59349
59349
59349
59348
59348
59348
59348
59347
59347
59347
59347
59347
59346
59346
59345
59344
59343
59343
59343
59342
59342
59342
59342
59341
59341
59341
59341
59341
59340
59340
59340
59340
59339
59339
59339
59339
59339
59337
59337
59336
59336
59335
59335
59335
59335
59334
59334
59334
59333
59333
59333
59333
59333
59332
59332
59332
59332
59332
59331
59331
59330
59330
59329
59329
59329
59329
59328
59328
59328
59328
59328
59327
59327
59327
59327
59327
59326
59326
59326
59326
59325
59325
59325
59324
59324
59323
59323
59323
59323
59322
59322
59322
59322
59322
59321
59321
59321
59321
59319
59319
59319
59319
59319
59318
59318
59318
59318
59318
59317
59317
59317
59317
59316
59316
59316
59316
59316
59315
59315
59314
59314
59313
59313
59312
59311
59311
59311
59311
59311
59310
59310
59310
59310
59309
59309
59309
59309
59308
59308
59308
59308
59307
59307
59307
59307
59307
59306
59306
59306
59306
59306
59305
59305
59305
59305
59305
59304
59304
59304
59304
59304
59303
59303
59303
59303
59302
59302
59302
59302
59302
59301
59301
59301
59301
59301
59300
59300
59300
59300
59299
59299
59299
59299
59297
59295
59294
59293
59290
59288
59287
59287
59287
59287
59286
59286
59286
59286
59286
59285
59285
59284
59284
59282
59282
59282
59281
59281
59281
59281
59281
59280
59280
59280
59280
59280
59279
59279
59279
59279
59278
59278
59278
59278
59276
59276
59275
59275
59274
59274
59274
59274
59274
59273
59273
59273
59273
59272
59272
59272
59272
59272
59271
59271
59271
59271
59271
59269
59269
59269
59268
59268
59268
59268
59268
59267
59267
59267
59267
59267
59266
59266
59266
59266
59266
59265
59265
59265
59265
59264
59263
59263
59263
59263
59262
59262
59262
59262
59261
59261
59261
59261
59261
59260
59260
59259
59258
59258
59258
59258
59258
59257
59257
59257
59257
59257
59256
59256
59256
59256
59256
59255
59255
59255
59255
59254
59254
59253
59253
59252
59252
59252
59252
59251
59251
59251
59251
59251
59250
59250
59250
59250
59249
59249
59249
59249
59249
59248
59248
59248
59248
59248
59247
59247
59247
59247
59247
59246
59246
59246
59246
59245
59245
59245
59245
59245
59244
59244
59244
59244
59244
59243
59243
59243
59243
59243
59242
59242
59242
59242
59241
59241
59241
59241
59241
59240
59240
59240
59240
59240
59239
59239
59239
59239
59239
59238
59236
59234
59233
59231
59230
59229
59228
59228
59228
59228
59227
59226
59226
59224
59224
59224
59224
59224
59223
59223
59223
59223
59223
59222
59222
59222
59222
59221
59221
59221
59221
59221
59220
59220
59219
59218
59217
59217
59217
59216
59216
59216
59216
59215
59215
59215
59215
59215
59214
59214
59214
59214
59213
59213
59213
59213
59213
59211
59211
59211
59211
59210
59210
59210
59210
59210
59209
59209
59209
59209
59208
59208
59208
59208
59208
59207
59207
59207
59207
59207
59205
59205
59205
59204
59204
59204
59204
59204
59203
59203
59203
59203
59203
59202
59202
59201
59201
59199
59199
59199
59199
59198
59198
59198
59198
59198
59197
59197
59197
59197
59197
59196
59196
59196
59194
59194
59194
59194
59194
59193
59193
59193
59193
59192
59192
59192
59192
59192
59191
59191
59191
59191
59190
59190
59190
59190
59190
59189
59189
59189
59189
59189
59188
59188
59188
59188
59188
59187
59187
59187
59187
59186
59186
59186
59186
59186
59185
59185
59185
59185
59185
59184
59184
59184
59184
59183
59183
59183
59183
59183
59182
59182
59182
59182
59182
59181
59181
59181
59181
59181
59180
59180
59180
59180
59179
59179
59179
59179
59179
59178
59178
59178
59176
59175
59174
59172
59171
59167
59167
59165
59165
59165
59165
59165
59164
59164
59164
59164
59164
59163
59163
59163
59163
59163
59162
59162
59162
59162
59161
59161
59160
59160
59158
59158
59158
59158
59157
59157
59157
59157
59157
59156
59156
59156
59156
59155
59155
59155
59155
59155
59154
59154
59154
59153
59153
59152
59152
59152
59152
59151
59151
59151
59151
59151
59150
59150
59149
59148
59148
59148
59148
59148
59147
59147
59147
59147
59145
59145
59145
59145
59144
59144
59144
59144
59143
59143
59143
59143
59143
59142
59142
59141
59141
59139
59139
59139
59139
59138
59138
59138
59138
59138
59137
59137
59137
59137
59136
59135
59135
59135
59134
59134
59134
59134
59134
59133
59133
59133
59133
59133
59132
59132
59132
59132
59132
59131
59131
59131
59131
59130
59130
59130
59130
59130
59129
59129
59129
59129
59129
59128
59128
59128
59128
59127
59127
59127
59127
59127
59126
59126
59126
59126
59126
59125
59125
59125
59125
59125
59124
59124
59124
59124
59123
59123
59123
59123
59123
59122
59122
59122
59122
59122
59121
59121
59121
59121
59120
59120
59120
59120
59120
59119
59119
59119
59119
59119
59118
59118
59118
59118
59117
59117
59117
59117
59115
59113
59111
59110
59109
59108
59107
59107
59107
59107
59106
59106
59106
59106
59106
59105
59105
59105
59105
59105
59104
59104
59103
59103
59101
59101
59101
59101
59100
59100
59100
59100
59099
59099
59099
59099
59099
59098
59098
59098
59098
59097
59097
59097
59097
59096
59095
59095
59095
59095
59094
59094
59094
59094
59094
59093
59093
59093
59093
59092
59092
59092
59092
59092
59091
59091
59091
59091
59089
59089
59089
59089
59089
59088
59088
59088
59088
59088
59087
59087
59087
59087
59086
59085
59085
59083
59083
59083
59083
59082
59082
59082
59082
59081
59081
59081
59080
59080
59079
59079
59079
59079
59078
59078
59078
59078
59076
59076
59076
59076
59075
59075
59075
59075
59074
59074
59074
59074
59074
59073
59073
59073
59073
59073
59072
59072
59072
59072
59070
59070
59070
59070
59069
59069
59069
59069
59069
59068
59068
59068
59068
59067
59067
59067
59067
59067
59066
59066
59066
59066
59066
59065
59065
59065
59065
59065
59064
59064
59064
59064
59063
59063
59063
59063
59063
59062
59062
59062
59062
59062
59061
59061
59061
59061
59060
59060
59060
59060
59060
59059
59059
59059
59059
59059
59058
59058
59058
59058
59057
59057
59057
59057
59055
59054
59053
59051
59050
59047
59047
59046
59046
59046
59046
59046
59045
59045
59045
59045
59043
59043
59042
59042
59041
59041
59041
59041
59041
59040
59040
59040
59040
59040
59039
59039
59039
59039
59038
59038
59038
59038
59038
59036
59036
59036
59035
59035
59035
59035
59034
59034
59034
59034
59034
59033
59033
59033
59033
59033
59032
59032
59032
59032
59032
59031
59030
59030
59030
59029
59029
59029
59029
59028
59028
59028
59028
59028
59027
59027
59027
59026
59025
59024
59024
59024
59023
59023
59023
59023
59022
59021
59021
59021
59020
59020
59020
59020
59020
59019
59019
59019
59019
59019
59017
59017
59016
59015
59015
59015
59015
59014
59014
59014
59014
59014
59013
59013
59013
59013
59013
59012
59012
59012
59012
59012
59011
59011
59011
59011
59010
59010
59010
59010
59010
59009
59009
59009
59009
59009
59008
59008
59008
59008
59008
59007
59007
59007
59007
59006
59006
59006
59006
59006
59005
59005
59005
59005
59004
59004
59004
59004
59004
59003
59003
59003
59003
59003
59002
59002
59002
59002
59001
59001
59001
59001
59001
59000
59000
59000
59000
59000
58999
58999
58999
58999
58999
58998
58998
58998
58998
58997
58997
58997
58997
58997
58993
58992
58991
58989
58988
58987
58986
58986
58986
58985
58984
58983
58982
58982
58982
58981
58981
58981
58981
58981
58980
58980
58980
58980
58979
58979
58979
58979
58979
58978
58978
58978
58978
58976
58976
58976
58976
58976
58975
58975
58975
58974
58974
58974
58974
58974
58973
58973
58973
58973
58973
58972
58972
58972
58972
58972
58970
58970
58970
58969
58969
58969
58969
58969
58968
58968
58968
58968
58967
58967
58967
58966
58965
58964
58964
58964
58963
58963
58962
58962
58961
58961
58961
58961
58961
58960
58960
58960
58960
58960
58959
58959
58959
58959
58957
58957
58955
58955
58955
58955
58955
58954
58954
58954
58954
58954
58953
58953
58953
58953
58953
58952
58952
58952
58952
58951
58951
58951
58951
58951
58950
58950
58950
58950
58950
58949
58949
58949
58949
58948
58948
58948
58948
58948
58947
58947
58947
58947
58947
58946
58946
58946
58946
58946
58945
58945
58945
58945
58944
58944
58944
58944
58944
58943
58943
58943
58943
58943
58942
58942
58942
58942
58942
58941
58941
58941
58941
58940
58940
58940
58940
58940
58939
58939
58939
58939
58939
58938
58938
58938
58938
58937
58937
58937
58937
58937
58936
58936
58936
58936
58936
58935
58934
58933
58931
58930
58927
58925
58924
58923
58923
58923
58923
58922
58922
58922
58922
58922
58921
58921
58921
58921
58920
58920
58920
58920
58920
58919
58919
58918
58918
58917
58917
58917
58917
58917
58916
58916
58916
58916
58915
58915
58915
58915
58915
58914
58914
58914
58914
58913
58913
58913
58912
58911
58911
58911
58911
58911
58910
58910
58910
58910
58910
58909
58909
58909
58908
58906
58906
58905
58904
58903
58903
58903
58902
58902
58902
58902
58901
58901
58901
58901
58901
58900
58900
58900
58900
58900
58899
58899
58898
58898
58896
58896
58896
58896
58895
58895
58895
58895
58895
58894
58894
58894
58894
58894
58893
58893
58893
58893
58892
58892
58892
58892
58892
58891
58891
58891
58891
58891
58890
58890
58890
58890
58890
58889
58889
58889
58889
58889
58888
58888
58888
58888
58887
58887
58887
58887
58886
58886
58886
58886
58886
58885
58885
58885
58885
58885
58884
58884
58884
58884
58883
58883
58883
58883
58883
58882
58882
58882
58882
58882
58881
58881
58881
58881
58880
58880
58880
58880
58880
58879
58879
58879
58879
58878
58878
58878
58878
58878
58877
58877
58877
58877
58877
58876
58876
58876
58876
58876
58875
58875
58875
58875
58872
58871
58869
58867
58866
58865
58864
58864
58864
58864
58863
58863
58863
58863
58862
58862
58862
58862
58861
58861
58861
58860
58859
58859
58859
58858
58858
58858
58858
58857
58857
58857
58857
58856
58856
58856
58856
58856
58855
58855
58855
58855
58854
58854
58853
58853
58852
58852
58852
58852
58851
58851
58851
58851
58851
58850
58850
58850
58850
58848
58847
58846
58845
58845
58845
58845
58844
58844
58844
58844
58844
58843
58843
58843
58843
58842
58842
58842
58842
58842
58841
58841
58840
58840
58838
58838
58838
58837
58837
58837
58837
58836
58836
58836
58836
58836
58835
58835
58835
58835
58835
58834
58834
58834
58834
58832
58832
58832
58831
58831
58831
58831
58830
58830
58830
58830
58830
58829
58829
58829
58814
58813
58813
58813
58813
58813
58812
58812
58810
58810
58810
58810
58810
58809
58809
58809
58809
58808
58808
58808
58808
58808
58807
58807
58807
58807
58807
58806
58806
58806
58806
58805
58805
58805
58805
58805
58804
58804
58804
58804
58803
58803
58803
58803
58803
58802
58802
58802
58802
58801
58801
58801
58801
58801
58800
58800
58800
58800
58800
58799
58799
58799
58799
58798
58798
58798
58798
58798
58796
58796
58796
58795
58794
58792
58791
58789
58787
58786
58785
58785
58785
58785
58784
58784
58784
58784
58784
58782
58782
58782
58782
58781
58781
58781
58781
58780
58780
58780
58780
58780
58779
58779
58779
58779
58779
58778
58778
58778
58778
58778
58776
58776
58776
58776
58775
58775
58775
58775
58775
58774
58774
58774
58774
58772
58772
58771
58770
58769
58769
58769
58768
58768
58768
58768
58768
58767
58767
58767
58767
58766
58766
58766
58766
58766
58765
58765
58765
58765
58763
58763
58762
58762
58762
58761
58761
58761
58761
58760
58760
58760
58760
58760
58759
58759
58759
58759
58759
58758
58758
58758
58758
58756
58756
58756
58755
58755
58755
58755
58755
58754
58754
58754
58754
58754
58753
58753
58753
58753
58753
58752
58752
58752
58752
58751
58751
58751
58751
58751
58750
58750
58750
58750
58750
58749
58749
58749
58749
58749
58748
58748
58748
58748
58747
58747
58747
58747
58747
58746
58746
58746
58746
58746
58745
58745
58745
58745
58745
58744
58744
58744
58744
58744
58743
58743
58743
58743
58742
58742
58742
58742
58742
58741
58741
58741
58741
58741
58740
58740
58740
58740
58740
58738
58738
58738
58737
58737
58737
58737
58737
58736
58736
58736
58736
58736
58733
58732
58730
58728
58726
58725
58725
58724
58724
58723
58723
58722
58722
58722
58722
58721
58721
58721
58721
58721
58720
58720
58720
58720
58719
58719
58719
58719
58719
58718
58718
58718
58716
58716
58716
58716
58715
58715
58715
58715
58715
58714
58713
58713
58712
58712
58712
58710
58710
58709
58709
58708
58708
58708
58708
58708
58707
58707
58707
58707
58707
58706
58706
58706
58706
58706
58705
58705
58705
58705
58703
58703
58702
58701
58701
58701
58701
58701
58700
58700
58700
58700
58699
58699
58699
58699
58699
58698
58698
58698
58698
58698
58697
58696
58696
58695
58695
58695
58695
58695
58694
58694
58694
58694
58694
58693
58693
58693
58693
58692
58692
58692
58692
58692
58691
58691
58691
58691
58691
58690
58690
58690
58690
58689
58689
58689
58689
58689
58688
58688
58688
58688
58688
58687
58687
58687
58687
58687
58686
58686
58686
58686
58685
58685
58685
58685
58685
58684
58684
58684
58684
58684
58683
58683
58683
58683
58682
58682
58682
58682
58681
58681
58681
58681
58681
58680
58680
58680
58680
58679
58678
58678
58678
58677
58677
58677
58676
58676
58676
58676
58676
58675
58675
58675
58675
58674
58674
58674
58674
58673
58673
58673
58672
58670
58669
58650
58649
58647
58647
58647
58647
58646
58646
58646
58646
58646
58645
58645
58645
58645
58644
58644
58644
58644
58644
58643
58643
58643
58641
58641
58641
58641
58640
58640
58640
58639
58638
58638
58638
58638
58638
58637
58637
58636
58636
58634
58634
58634
58633
58633
58633
58633
58632
58632
58632
58632
58632
58631
58631
58631
58631
58631
58630
58630
58630
58630
58627
58627
58626
58625
58625
58625
58625
58624
58624
58624
58624
58624
58623
58623
58623
58623
58622
58622
58622
58622
58622
58621
58621
58620
58619
58619
58619
58619
58619
58618
58618
58618
58618
58617
58617
58617
58617
58617
58616
58616
58616
58616
58615
58615
58615
58615
58615
58614
58614
58614
58614
58614
58613
58613
58613
58613
58612
58612
58612
58612
58612
58611
58611
58611
58611
58611
58610
58610
58610
58610
58610
58609
58609
58609
58609
58608
58608
58608
58608
58608
58607
58607
58607
58607
58607
58606
58606
58606
58606
58606
58605
58605
58605
58605
58604
58604
58604
58603
58602
58602
58602
58602
58601
58601
58601
58601
58601
58600
58600
58600
58600
58600
58599
58599
58599
58599
58599
58598
58598
58598
58598
58597
58597
58597
58597
58597
58596
58596
58595
58593
58592
58591
58589
58587
58586
58586
58586
58586
58585
58585
58585
58585
58585
58584
58584
58584
58584
58583
58582
58582
58582
58581
58580
58579
58579
58579
58579
58578
58578
58578
58578
58578
58577
58576
58576
58575
58574
58574
58574
58574
58574
58573
58573
58573
58573
58572
58572
58572
58572
58572
58571
58571
58571
58571
58571
58570
58569
58568
58567
58567
58567
58566
58566
58566
58566
58565
58565
58565
58565
58565
58564
58564
58564
58564
58564
58563
58563
58563
58563
58561
58561
58561
58561
58560
58560
58560
58560
58559
58559
58559
58559
58559
58558
58558
58558
58558
58558
58557
58557
58557
58557
58556
58555
58555
58555
58554
58554
58554
58554
58554
58553
58553
58553
58553
58553
58552
58552
58552
58552
58551
58551
58551
58551
58551
58550
58550
58549
58549
58548
58548
58548
58548
58548
58547
58547
58547
58547
58546
58546
58546
58546
58546
58545
58545
58545
58545
58545
58544
58544
58544
58543
58542
58542
58542
58542
58541
58541
58541
58541
58541
58540
58540
58540
58540
58540
58539
58539
58539
58539
58538
58538
58538
58538
58538
58537
58537
58537
58537
58536
58536
58536
58536
58535
58535
58535
58535
58535
58534
58534
58534
58533
58531
58529
58527
58525
58524
58524
58523
58523
58523
58523
58523
58522
58522
58521
58520
58519
58519
58519
58519
58518
58518
58518
58518
58518
58517
58517
58517
58517
58515
58515
58514
58514
58513
58513
58513
58513
58512
58512
58512
58512
58512
58511
58511
58511
58511
58510
58510
58510
58510
58510
58509
58508
58508
58507
58506
58506
58506
58506
58505
58505
58505
58505
58504
58504
58504
58504
58503
58503
58503
58503
58503
58502
58502
58502
58501
58500
58500
58500
58500
58499
58499
58499
58499
58499
58498
58498
58498
58498
58498
58497
58497
58497
58497
58497
58496
58496
58496
58494
58494
58494
58494
58494
58493
58493
58493
58493
58493
58492
58492
58492
58492
58491
58491
58491
58491
58491
58490
58490
58490
58490
58490
58489
58489
58489
58489
58489
58488
58488
58488
58488
58488
58487
58487
58487
58487
58486
58486
58486
58486
58486
58485
58485
58484
58483
58483
58483
58483
58482
58482
58482
58482
58482
58481
58481
58481
58481
58481
58480
58480
58480
58480
58480
58479
58479
58479
58479
58478
58478
58478
58478
58478
58477
58477
58477
58477
58477
58476
58476
58476
58476
58476
58475
58475
58475
58475
58474
58474
58474
58474
58474
58473
58471
58469
58468
58466
58465
58464
58462
58462
58461
58460
58460
58459
58459
58459
58458
58458
58458
58458
58458
58457
58457
58457
58457
58455
58455
58454
58454
58453
58453
58453
58453
58453
58452
58452
58452
58452
58452
58451
58451
58451
58451
58450
58450
58450
58450
58450
58448
58448
58446
58446
58446
58446
58446
58445
58445
58445
58445
58444
58444
58444
58444
58444
58443
58443
58443
58443
58443
58442
58442
58441
58441
58440
58440
58440
58440
58439
58439
58439
58439
58439
58438
58438
58438
58438
58438
58437
58437
58437
58437
58437
58436
58436
58435
58434
58434
58434
58434
58433
58433
58433
58433
58432
58432
58432
58432
58432
58431
58431
58431
58431
58431
58430
58430
58430
58430
58429
58429
58429
58429
58429
58428
58428
58428
58428
58428
58427
58427
58427
58427
58427
58426
58426
58426
58426
58424
58424
58424
58424
58423
58423
58423
58423
58423
58422
58422
58422
58422
58422
58421
58421
58421
58421
58421
58420
58420
58420
58420
58419
58419
58419
58419
58419
58418
58418
58418
58418
58417
58417
58417
58417
58417
58416
58416
58416
58416
58416
58415
58415
58415
58415
58415
58414
58414
58414
58414
58413
58413
58413
58413
58413
58412
58412
58410
58409
58405
58404
58402
58401
58401
58400
58400
58400
58400
58400
58399
58399
58399
58399
58399
58397
58397
58396
58395
58395
58395
58395
58394
58394
58394
58394
58394
58393
58393
58393
58393
58393
58392
58392
58392
58392
58392
58391
58390
58390
58388
58388
58388
58388
58387
58387
58387
58387
58386
58386
58386
58386
58386
58385
58385
58385
58385
58385
58384
58384
58384
58383
58381
58381
58381
58380
58380
58380
58380
58380
58379
58379
58379
58379
58379
58378
58378
58378
58378
58378
58377
58377
58377
58377
58375
58375
58375
58375
58374
58374
58374
58374
58374
58373
58373
58373
58373
58373
58372
58372
58372
58372
58372
58371
58371
58370
58369
58369
58369
58369
58369
58368
58368
58368
58368
58368
58367
58367
58367
58367
58367
58366
58366
58364
58364
58364
58364
58364
58363
58363
58363
58363
58363
58362
58362
58362
58362
58361
58361
58361
58361
58361
58360
58360
58360
58360
58360
58359
58359
58359
58359
58359
58358
58358
58358
58358
58358
58357
58357
58357
58357
58356
58356
58356
58356
58356
58355
58355
58355
58355
58355
58354
58354
58354
58354
58353
58353
58353
58353
58353
58352
58352
58352
58352
58352
58351
58351
58351
58351
58351
58349
58348
58346
58345
58344
58342
58342
58342
58342
58341
58341
58340
58340
58338
58338
58338
58338
58337
58337
58337
58337
58337
58336
58336
58336
58336
58335
58335
58335
58335
58334
58334
58334
58334
58333
58332
58331
58331
58330
58330
58330
58330
58330
58329
58329
58329
58329
58329
58328
58328
58328
58328
58327
58327
58327
58327
58327
58325
58325
58325
58325
58324
58324
58324
58324
58323
58323
58323
58323
58323
58322
58322
58322
58322
58322
58321
58321
58321
58321
58320
58319
58319
58319
58318
58318
58318
58318
58318
58317
58317
58317
58317
58316
58316
58316
58316
58315
58315
58315
58315
58315
58313
58313
58311
58311
58311
58311
58311
58310
58310
58310
58310
58310
58309
58309
58309
58307
58307
58307
58307
58307
58306
58306
58306
58306
58305
58305
58305
58303
58303
58303
58303
58302
58302
58302
58302
58302
58301
58301
58301
58301
58301
58300
58300
58300
58300
58299
58299
58299
58299
58299
58298
58298
58298
58298
58298
58297
58297
58297
58297
58297
58296
58296
58296
58296
58295
58295
58295
58295
58295
58294
58294
58294
58294
58294
58293
58293
58293
58293
58293
58292
58292
58292
58292
58292
58291
58291
58291
58291
58290
58290
58290
58289
58285
58284
58283
58281
58278
58278
58277
58277
58276
58276
58276
58276
58275
58275
58275
58275
58275
58274
58274
58274
58274
58273
58273
58273
58273
58273
58272
58271
58271
58269
58269
58269
58269
58268
58268
58268
58268
58268
58267
58267
58267
58267
58267
58266
58266
58266
58266
58265
58265
58265
58264
58263
58263
58263
58263
58262
58262
58262
58262
58262
58261
58261
58261
58261
58260
58260
58260
58260
58260
58259
58259
58259
58259
58257
58257
58257
58257
58256
58256
58256
58256
58256
58255
58255
58255
58255
58255
58254
58254
58254
58254
58254
58253
58253
58252
58252
58250
58250
58250
58249
58249
58249
58249
58249
58248
58248
58247
58247
58246
58246
58246
58246
58246
58245
58245
58245
58245
58244
58244
58244
58244
58244
58243
58243
58243
58243
58242
58242
58242
58242
58242
58241
58241
58241
58241
58241
58240
58240
58240
58240
58240
58239
58239
58239
58239
58239
58238
58238
58238
58238
58237
58237
58237
58237
58237
58236
58236
58236
58236
58236
58235
58235
58235
58235
58234
58234
58234
58234
58234
58233
58233
58233
58233
58233
58232
58232
58232
58232
58232
58231
58231
58231
58231
58230
58230
58230
58230
58230
58229
58229
58229
58227
58224
58223
58222
58219
58218
58218
58217
58217
58217
58217
58216
58216
58216
58216
58216
58215
58215
58215
58215
58214
58214
58213
58213
58211
58211
58211
58210
58210
58210
58210
58210
