211043
165015
161132
116988
114926
69009
69007
69006
69005
69004
69004
69003
69003
69002
69002
69002
69002
69001
69001
69000
69000
69000
68999
68999
68999
68999
68998
68998
68998
68997
68997
68997
68997
68996
68996
68996
68986
68986
68986
68986
68984
68982
68982
68980
68980
68980
68980
68979
68979
68979
68979
68978
68978
68978
68978
68977
68977
68977
68976
68976
68976
68976
68974
68974
68973
68973
68973
68973
68972
68972
68972
68971
68971
68971
68971
68970
68970
68970
68970
68969
68969
68969
68969
68968
68968
68968
68968
68967
68967
68967
68967
68966
68966
68964
68964
68964
68964
68963
68963
68963
68963
68962
68962
68962
68962
68961
68961
68961
68961
68960
68960
68960
68960
68959
68959
68959
68959
68958
68958
68958
68957
68957
68957
68957
68956
68956
68956
68955
68955
68955
68955
68954
68954
68954
68953
68953
68953
68953
68952
68952
68951
68950
68949
68949
68949
68949
68948
68948
68948
68947
68947
68947
68947
68946
68946
68946
68946
68945
68945
68945
68945
68944
68944
68944
68944
68943
68943
68943
68942
68942
68942
68942
68941
68941
68941
68940
68940
68940
68939
68939
68939
68939
68938
68938
68938
68937
68937
68937
68937
68936
68936
68936
68934
68932
68930
68928
68927
68925
68925
68924
68924
68924
68924
68923
68923
68923
68923
68922
68922
68922
68921
68921
68921
68921
68920
68919
68918
68917
68917
68916
68916
68916
68916
68915
68915
68915
68915
68914
68914
68914
68914
68913
68913
68913
68913
68912
68912
68912
68904
68904
68902
68902
68902
68902
68901
68901
68901
68900
68900
68900
68900
68899
68899
68899
68899
68898
68895
68895
68895
68895
68894
68893
68892
68892
68892
68891
68891
68891
68891
68890
68890
68889
68889
68889
68889
68888
68888
68888
68888
68887
68887
68887
68887
68886
68884
68884
68884
68883
68883
68880
68879
68878
68878
68878
68877
68877
68877
68876
68875
68873
68873
68872
68872
68872
68872
68871
68871
68870
68870
68869
68869
68869
68869
68868
68868
68867
68867
68866
68866
68866
68865
68865
68864
68864
68813
68812
68812
68812
68811
68811
68811
68811
68810
68810
68810
68810
68809
68809
68809
68809
68808
68808
68808
68808
68807
68807
68807
68807
68806
68806
68806
68806
68805
68805
68805
68805
68804
68804
68804
68804
68803
68803
68803
68803
68802
68802
68802
68802
68801
68801
68801
68801
68800
68800
68800
68800
68799
68799
68799
68799
68798
68798
68798
68798
68796
68793
68792
68790
68789
68759
68759
68758
68758
68758
68757
68757
68757
68756
68756
68756
68755
68754
68753
68752
68751
68751
68751
68750
68750
68750
68749
68749
68749
68748
68748
68748
68747
68747
68747
68746
68746
68746
68746
68745
68743
68743
68742
68741
68741
68741
68741
68740
68740
68740
68740
68739
68739
68739
68739
68738
68738
68738
68738
68737
68737
68737
68737
68735
68735
68735
68734
68734
68734
68734
68733
68733
68733
68733
68732
68732
68732
68732
68731
68731
68731
68731
68730
68730
68730
68729
68728
68728
68727
68727
68727
68727
68726
68726
68726
68726
68725
68725
68725
68725
68724
68723
68722
68722
68722
68722
68721
68721
68721
68721
68720
68720
68720
68720
68719
68719
68719
68719
68718
68718
68718
68718
68717
68716
68715
68715
68715
68715
68713
68712
68712
68712
68712
68711
68711
68711
68711
68710
68710
68710
68709
68709
68709
68708
68708
68708
68708
68707
68707
68707
68707
68706
68706
68706
68706
68705
68705
68705
68705
68704
68704
68704
68704
68703
68703
68703
68703
68702
68702
68702
68702
68701
68701
68701
68701
68700
68700
68700
68700
68699
68699
68699
68698
68698
68698
68698
68697
68697
68697
68697
68696
68696
68694
68693
68691
68690
68689
68687
68687
68686
68686
68686
68685
68684
68684
68682
68682
68682
68681
68681
68681
68681
68680
68680
68680
68680
68679
68679
68679
68679
68678
68678
68678
68678
68677
68677
68674
68674
68672
68672
68672
68671
68671
68671
68670
68670
68670
68670
68669
68669
68669
68669
68668
68668
68668
68668
68667
68667
68667
68665
68665
68665
68664
68664
68664
68663
68663
68663
68663
68662
68662
68662
68662
68661
68661
68661
68661
68660
68660
68660
68660
68659
68656
68656
68656
68655
68655
68655
68655
68654
68654
68654
68654
68653
68653
68653
68653
68651
68651
68649
68649
68649
68649
68648
68648
68648
68648
68647
68647
68647
68647
68646
68646
68646
68645
68645
68644
68643
68643
68643
68643
68642
68642
68642
68642
68641
68641
68641
68641
68640
68640
68640
68639
68639
68639
68639
68638
68638
68638
68638
68637
68637
68637
68637
68636
68636
68636
68636
68635
68635
68635
68635
68634
68634
68634
68634
68633
68633
68633
68633
68632
68632
68632
68632
68631
68631
68631
68631
68630
68630
68630
68630
68629
68629
68629
68629
68628
68628
68628
68628
68627
68627
68627
68627
68626
68626
68626
68626
68625
68625
68625
68625
68624
68624
68621
68620
68618
68617
68615
68613
68612
68611
68611
68611
68610
68610
68610
68609
68609
68609
68608
68608
68608
68608
68607
68607
68607
68607
68606
68606
68606
68606
68604
68604
68602
68602
68602
68601
68601
68601
68600
68600
68600
68600
68599
68599
68599
68599
68598
68598
68598
68598
68597
68597
68597
68595
68595
68595
68594
68594
68594
68594
68593
68593
68593
68593
68592
68592
68592
68592
68591
68591
68591
68591
68590
68590
68589
68589
68588
68587
68587
68587
68587
68586
68586
68586
68586
68585
68585
68585
68585
68584
68584
68583
68582
68581
68580
68580
68580
68580
68579
68579
68579
68579
68578
68578
68578
68577
68577
68576
68575
68575
68575
68575
68574
68574
68574
68574
68573
68573
68573
68573
68572
68572
68572
68572
68571
68571
68571
68571
68570
68570
68570
68570
68569
68569
68569
68569
68568
68568
68568
68567
68567
68567
68567
68566
68566
68566
68566
68565
68565
68565
68565
68564
68564
68564
68564
68563
68563
68563
68562
68562
68562
68561
68561
68561
68561
68560
68560
68560
68560
68559
68559
68559
68559
68558
68558
68558
68558
68557
68557
68557
68557
68556
68556
68556
68556
68555
68555
68555
68554
68554
68554
68554
68553
68553
68550
68548
68546
68545
68543
68542
68541
68541
68541
68541
68540
68540
68540
68539
68539
68539
68539
68538
68538
68538
68538
68537
68536
68536
68533
68533
68533
68532
68532
68532
68532
68531
68531
68531
68531
68530
68530
68530
68530
68529
68529
68529
68529
68528
68528
68526
68526
68526
68526
68525
68525
68525
68525
68524
68524
68524
68524
68523
68523
68523
68523
68522
68522
68522
68520
68520
68520
68520
68518
68518
68518
68517
68517
68517
68517
68516
68516
68515
68515
68515
68515
68514
68514
68513
68512
68511
68511
68511
68510
68510
68510
68510
68509
68509
68509
68508
68507
68507
68506
68506
68506
68506
68505
68505
68505
68505
68503
68503
68502
68502
68502
68502
68501
68501
68501
68501
68500
68500
68500
68499
68499
68499
68499
68498
68498
68498
68498
68497
68497
68497
68497
68496
68496
68496
68496
68495
68495
68495
68495
68494
68494
68494
68494
68493
68493
68493
68493
68492
68492
68492
68492
68491
68491
68491
68491
68490
68490
68490
68490
68489
68489
68489
68489
68488
68488
68488
68487
68487
68487
68487
68486
68486
68486
68486
68485
68485
68485
68485
68484
68484
68484
68484
68483
68483
68483
68483
68482
68482
68482
68482
68481
68481
68479
68478
68476
68475
68473
68472
68472
68471
68471
68471
68470
68470
68470
68469
68469
68469
68467
68467
68466
68465
68465
68465
68465
68464
68464
68464
68464
68463
68463
68463
68462
68462
68462
68462
68461
68461
68461
68461
68460
68459
68458
68458
68458
68458
68457
68457
68457
68457
68456
68456
68456
68456
68455
68455
68455
68454
68454
68454
68454
68453
68453
68453
68451
68451
68451
68451
68450
68450
68450
68450
68449
68449
68449
68449
68448
68448
68448
68446
68446
68445
68444
68444
68444
68444
68443
68443
68443
68441
68441
68441
68441
68440
68440
68440
68439
68439
68439
68439
68438
68438
68437
68436
68435
68434
68434
68433
68433
68433
68433
68432
68432
68432
68432
68431
68431
68431
68431
68430
68430
68430
68430
68429
68429
68429
68429
68428
68428
68428
68426
68426
68426
68426
68425
68425
68425
68425
68424
68424
68424
68424
68423
68423
68423
68423
68422
68422
68422
68422
68421
68421
68421
68421
68420
68420
68420
68420
68419
68419
68419
68419
68418
68418
68418
68418
68417
68417
68417
68417
68416
68416
68416
68416
68415
68415
68415
68415
68414
68414
68414
68414
68413
68413
68413
68413
68412
68412
68412
68412
68411
68411
68411
68411
68409
68407
68405
68404
68402
68400
68400
68399
68399
68399
68398
68397
68395
68395
68394
68394
68394
68394
68393
68393
68393
68392
68392
68392
68392
68391
68391
68391
68391
68391
68390
68390
68390
68388
68388
68387
68387
68387
68387
68386
68386
68386
68386
68385
68385
68385
68385
68384
68384
68384
68384
68383
68383
68383
68383
68382
68381
68381
68380
68380
68380
68380
68379
68379
68379
68379
68378
68378
68378
68378
68377
68376
68376
68374
68374
68374
68374
68373
68372
68371
68371
68371
68370
68370
68370
68370
68369
68369
68369
68369
68369
68368
68368
68368
68366
68366
68365
68364
68364
68364
68364
68363
68363
68363
68363
68362
68362
68362
68362
68361
68361
68361
68361
68360
68360
68360
68360
68359
68359
68359
68358
68358
68358
68358
68357
68357
68357
68357
68356
68356
68356
68356
68355
68355
68355
68355
68354
68354
68354
68354
68353
68353
68353
68353
68352
68352
68352
68351
68351
68351
68351
68350
68350
68350
68350
68349
68349
68349
68349
68348
68348
68348
68348
68347
68347
68347
68347
68346
68346
68346
68346
68345
68345
68345
68345
68344
68344
68344
68344
68343
68343
68343
68343
68342
68342
68342
68342
68341
68341
68341
68341
68340
68337
68336
68334
68333
68330
68329
68327
68327
68327
68327
68326
68326
68326
68326
68325
68325
68325
68325
68324
68324
68324
68324
68323
68323
68323
68323
68322
68321
68321
68320
68320
68320
68320
68319
68319
68319
68319
68318
68318
68318
68318
68317
68317
68317
68316
68316
68316
68316
68315
68315
68314
68313
68313
68313
68313
68312
68312
68312
68312
68311
68311
68311
68311
68310
68310
68309
68308
68307
68307
68305
68304
68304
68304
68304
68303
68303
68303
68303
68302
68302
68302
68302
68301
68301
68301
68301
68300
68300
68299
68298
68297
68296
68296
68296
68296
68295
68295
68295
68294
68294
68294
68294
68293
68293
68293
68293
68292
68292
68292
68292
68291
68291
68291
68291
68290
68290
68290
68290
68289
68289
68289
68289
68288
68288
68288
68288
68287
68287
68287
68287
68286
68286
68286
68286
68285
68285
68285
68285
68284
68284
68284
68284
68283
68283
68283
68283
68282
68282
68282
68282
68281
68281
68281
68281
68280
68280
68280
68280
68279
68279
68279
68279
68278
68278
68278
68278
68277
68277
68277
68277
68276
68276
68276
68276
68275
68275
68275
68274
68274
68274
68274
68273
68273
68273
68273
68272
68272
68272
68272
68271
68271
68271
68268
68267
68265
68263
68261
68260
68259
68259
68259
68259
68258
68258
68258
68258
68257
68257
68257
68257
68257
68256
68256
68253
68253
68253
68252
68252
68252
68252
68251
68251
68251
68251
68250
68250
68250
68250
68249
68249
68249
68249
68248
68248
68248
68248
68246
68246
68246
68245
68245
68245
68245
68244
68244
68244
68244
68243
68243
68243
68243
68241
68240
68238
68238
68237
68236
68236
68235
68235
68235
68235
68234
68234
68234
68234
68233
68233
68233
68233
68232
68232
68232
68232
68230
68230
68228
68228
68228
68227
68227
68227
68227
68226
68226
68226
68226
68225
68225
68225
68225
68224
68224
68224
68224
68223
68223
68221
68221
68221
68221
68220
68220
68220
68220
68219
68219
68219
68219
68218
68218
68218
68218
68217
68217
68217
68217
68216
68216
68216
68216
68215
68215
68215
68215
68214
68214
68214
68214
68213
68213
68213
68213
68212
68212
68212
68212
68211
68211
68211
68211
68210
68210
68210
68210
68209
68209
68209
68209
68208
68208
68208
68208
68207
68207
68207
68207
68206
68206
68206
68206
68205
68205
68205
68205
68204
68204
68204
68204
68203
68203
68203
68203
68202
68202
68202
68202
68201
68201
68201
68199
68199
68199
68198
68197
68196
68194
68193
68191
68190
68189
68189
68189
68189
68188
68188
68188
68188
68187
68186
68185
68185
68185
68185
68184
68184
68184
68184
68183
68183
68183
68183
68182
68182
68182
68182
68181
68181
68180
68180
68179
68179
68177
68177
68177
68177
68176
68176
68176
68176
68175
68175
68175
68175
68174
68172
68172
68171
68170
68169
68168
68168
68168
68168
68167
68167
68167
68167
68166
68166
68166
68166
68165
68165
68165
68165
68164
68164
68164
68164
68162
68162
68160
68160
68160
68159
68159
68159
68159
68158
68158
68158
68158
68157
68157
68157
68157
68156
68156
68156
68156
68155
68155
68154
68153
68153
68153
68153
68152
68152
68152
68152
68151
68151
68151
68151
68150
68150
68149
68149
68149
68149
68148
68148
68148
68148
68147
68147
68147
68147
68146
68146
68145
68144
68144
68144
68144
68143
68143
68143
68143
68142
68142
68142
68142
68141
68141
68141
68140
68140
68140
68140
68139
68139
68139
68139
68138
68138
68138
68138
68137
68137
68137
68137
68136
68136
68136
68136
68135
68135
68135
68135
68134
68134
68134
68133
68133
68133
68133
68132
68132
68132
68132
68130
68130
68129
68129
68129
68129
68129
68128
68128
68128
68128
68127
68127
68126
68124
68123
68121
68119
68116
68116
68116
68115
68114
68113
68113
68113
68113
68112
68112
68112
68112
68111
68111
68111
68111
68110
68110
68110
68110
68109
68109
68109
68109
68108
68108
68107
68106
68106
68106
68106
68105
68105
68105
68105
68104
68103
68103
68102
68102
68102
68100
68100
68099
68098
68098
68098
68098
68097
68097
68097
68097
68096
68096
68096
68096
68095
68095
68095
68095
68094
68094
68094
68094
68092
68092
68090
68090
68090
68090
68089
68089
68089
68089
68088
68088
68088
68088
68087
68087
68087
68087
68086
68086
68086
68086
68085
68084
68084
68083
68083
68083
68083
68082
68082
68082
68082
68081
68081
68081
68081
68080
68080
68080
68080
68079
68079
68079
68079
68078
68078
68078
68078
68077
68077
68077
68076
68076
68076
68076
68075
68075
68075
68074
68074
68074
68074
68073
68073
68073
68073
68072
68072
68072
68072
68071
68071
68071
68071
68070
68070
68070
68070
68069
68069
68069
68069
68068
68068
68068
68068
68067
68067
68067
68067
68066
68066
68066
68066
68065
68065
68065
68065
68064
68063
68063
68062
68062
68062
68061
68061
68061
68061
68060
68060
68060
68060
68060
68059
68059
68059
68059
68058
68058
68058
68058
68055
68053
68052
68049
68047
68046
68046
68045
68045
68045
68045
68044
68044
68044
68044
68043
68043
68043
68043
68042
68042
68042
68042
68041
68041
68041
68039
68039
68039
68038
68038
68038
68038
68036
68036
68036
68035
68035
68035
68035
68034
68033
68033
68031
68031
68031
68031
68030
68030
68030
68030
68029
68029
68029
68029
68028
68028
68028
68028
68027
68027
68027
68027
68026
68025
68025
68023
68023
68023
68022
68022
68021
68021
68021
68020
68020
68020
68020
68019
68019
68019
68019
68018
68018
68018
68018
68017
68016
68016
68015
68015
68015
68015
68014
68014
68014
68014
68013
68013
68012
68012
68012
68012
68011
68011
68011
68011
68010
68010
68010
68010
68009
68009
68009
68009
68008
68008
68008
68008
68007
68007
68007
68007
68006
68006
68006
68006
68005
68005
68005
68005
68004
68004
68004
68004
68003
68003
68003
68003
68002
68002
68002
68002
68001
68001
68001
68001
68000
68000
68000
67999
67999
67999
67999
67998
67998
67998
67998
67998
67997
67997
67995
67995
67995
67995
67994
67994
67994
67994
67993
67993
67993
67993
67992
67992
67992
67992
67991
67991
67991
67991
67990
67990
67990
67990
67989
67989
67989
67989
67988
67988
67988
67986
67985
67983
67982
67980
67978
67978
67977
67977
67977
67976
67976
67976
67975
67975
67975
67975
67974
67974
67974
67972
67972
67971
67971
67970
67969
67969
67969
67969
67968
67968
67968
67968
67967
67967
67966
67966
67964
67964
67964
67963
67963
67963
67963
67962
67962
67962
67962
67961
67961
67961
67961
67960
67960
67960
67960
67959
67959
67957
67957
67956
67956
67955
67955
67954
67953
67953
67953
67952
67952
67952
67952
67951
67951
67951
67951
67950
67950
67950
67950
67949
67948
67948
67947
67947
67947
67947
67946
67946
67946
67946
67945
67945
67945
67944
67944
67944
67944
67943
67943
67943
67943
67942
67942
67941
67940
67940
67940
67940
67939
67939
67939
67939
67938
67938
67938
67938
67937
67937
67937
67937
67936
67936
67936
67936
67935
67935
67935
67935
67934
67934
67934
67934
67933
67933
67933
67933
67932
67932
67932
67931
67931
67931
67931
67930
67930
67930
67930
67929
67929
67929
67929
67927
67927
67926
67926
67926
67926
67925
67925
67925
67925
67924
67924
67924
67924
67923
67923
67923
67923
67922
67922
67922
67922
67921
67921
67921
67921
67920
67920
67920
67920
67919
67919
67919
67919
67918
67918
67918
67918
67917
67917
67915
67913
67912
67910
67909
67907
67907
67907
67906
67906
67906
67906
67905
67905
67904
67902
67902
67901
67901
67901
67901
67900
67900
67900
67900
67899
67899
67899
67899
67897
67897
67895
67895
67895
67895
67894
67894
67894
67894
67893
67893
67893
67893
67892
67892
67892
67892
67891
67891
67891
67891
67890
67889
67889
67887
67887
67887
67886
67886
67886
67886
67885
67885
67885
67885
67884
67884
67884
67884
67883
67883
67883
67883
67882
67882
67880
67880
67880
67880
67879
67879
67879
67879
67878
67878
67878
67878
67877
67877
67877
67876
67876
67876
67876
67876
67875
67875
67875
67873
67873
67873
67872
67872
67872
67872
67871
67871
67871
67871
67870
67870
67870
67870
67869
67869
67869
67869
67868
67868
67868
67868
67867
67867
67867
67867
67866
67866
67866
67864
67864
67864
67864
67863
67863
67863
67863
67862
67862
67862
67862
67861
67861
67861
67859
67859
67859
67859
67858
67858
67858
67858
67857
67857
67857
67857
67856
67856
67856
67856
67855
67855
67855
67855
67854
67854
67854
67854
67853
67853
67853
67853
67852
67852
67852
67852
67851
67851
67851
67851
67850
67850
67850
67850
67849
67849
67849
67849
67848
67848
67848
67848
67847
67846
67844
67843
67841
67839
67837
67835
67835
67834
67834
67833
67833
67833
67833
67832
67832
67832
67832
67831
67831
67831
67831
67830
67829
67829
67827
67827
67826
67826
67826
67826
67825
67825
67825
67825
67824
67824
67824
67824
67823
67823
67823
67823
67822
67822
67822
67820
67820
67819
67818
67818
67818
67818
67817
67817
67817
67817
67816
67816
67816
67816
67815
67815
67815
67815
67814
67814
67814
67814
67812
67812
67811
67811
67811
67811
67810
67810
67810
67810
67809
67809
67809
67809
67808
67808
67808
67807
67807
67807
67807
67807
67806
67804
67804
67804
67804
67803
67803
67803
67803
67802
67802
67802
67802
67801
67801
67801
67801
67800
67800
67800
67800
67799
67799
67799
67799
67798
67798
67798
67798
67797
67797
67797
67797
67796
67796
67796
67796
67795
67795
67795
67795
67794
67794
67793
67792
67792
67792
67792
67791
67791
67791
67791
67790
67790
67790
67790
67789
67789
67788
67788
67788
67787
67787
67787
67787
67786
67786
67786
67786
67785
67785
67785
67785
67784
67784
67784
67784
67784
67783
67783
67783
67783
67782
67782
67763
67763
67762
67762
67762
67762
67761
67761
67761
67761
67760
67760
67760
67760
67759
67759
67759
67756
67754
67751
67749
67748
67746
67746
67746
67745
67745
67745
67745
67744
67744
67744
67743
67743
67741
67741
67740
67739
67739
67739
67739
67738
67738
67738
67738
67737
67737
67737
67737
67736
67736
67736
67736
67735
67735
67735
67735
67733
67733
67732
67731
67731
67731
67731
67730
67730
67730
67730
67729
67729
67729
67728
67728
67728
67728
67727
67727
67727
67727
67727
67725
67725
67725
67724
67724
67724
67723
67723
67723
67722
67722
67721
67721
67721
67721
67720
67720
67720
67720
67719
67719
67719
67719
67717
67717
67716
67716
67716
67716
67715
67715
67715
67715
67714
67714
67714
67714
67713
67713
67713
67713
67712
67712
67712
67710
67710
67710
67710
67709
67709
67709
67709
67708
67708
67708
67708
67707
67707
67707
67707
67706
67706
67705
67704
67704
67704
67704
67703
67703
67703
67703
67702
67702
67702
67701
67701
67701
67701
67700
67700
67700
67700
67699
67699
67699
67699
67698
67698
67698
67698
67697
67697
67696
67696
67696
67696
67695
67695
67695
67695
67694
67694
67694
67694
67693
67693
67693
67693
67692
67692
67692
67692
67691
67691
67691
67691
67690
67690
67690
67690
67689
67689
67689
67689
67688
67688
67688
67688
67687
67686
67684
67683
67682
67679
67677
67677
67677
67677
67676
67676
67674
67674
67673
67673
67672
67672
67672
67671
67671
67671
67671
67670
67670
67670
67670
67669
67669
67669
67669
67668
67668
67668
67668
67666
67666
67664
67664
67664
67664
67663
67663
67663
67663
67662
67662
67662
67661
67661
67661
67661
67660
67660
67660
67660
67659
67659
67658
67657
67657
67657
67657
67656
67656
67655
67655
67654
67654
67654
67654
67653
67653
67653
67653
67652
67652
67652
67652
67651
67651
67650
67649
67649
67649
67649
67648
67648
67648
67648
67647
67647
67647
67647
67646
67646
67646
67646
67645
67645
67645
67645
67643
67643
67641
67641
67641
67641
67640
67640
67640
67640
67639
67639
67639
67639
67638
67637
67637
67636
67636
67636
67636
67635
67635
67635
67635
67634
67634
67634
67634
67633
67633
67633
67632
67632
67632
67632
67631
67631
67631
67631
67630
67630
67630
67630
67629
67629
67629
67629
67628
67628
67628
67628
67627
67627
67627
67627
67626
67626
67626
67626
67625
67625
67625
67625
67624
67624
67624
67624
67623
67623
67623
67623
67622
67622
67622
67622
67621
67621
67621
67621
67620
67620
67620
67620
67619
67619
67619
67619
67618
67618
67618
67616
67615
67613
67612
67610
67607
67607
67605
67605
67605
67605
67604
67604
67604
67604
67603
67603
67603
67603
67602
67602
67602
67602
67601
67601
67601
67601
67600
67599
67599
67597
67597
67597
67596
67596
67596
67595
67595
67595
67595
67594
67594
67594
67594
67593
67593
67593
67593
67592
67592
67592
67590
67590
67590
67590
67589
67589
67589
67589
67588
67588
67588
67587
67587
67587
67587
67586
67586
67586
67586
67585
67585
67585
67585
67583
67583
67583
67582
67582
67582
67582
67581
67581
67581
67580
67580
67580
67580
67579
67579
67579
67579
67578
67578
67578
67576
67576
67575
67574
67574
67574
67574
67573
67573
67573
67572
67572
67571
67570
67570
67570
67569
67569
67569
67568
67568
67568
67568
67567
67567
67567
67566
67566
67566
67566
67565
67565
67565
67563
67563
67563
67563
67562
67562
67562
67562
67561
67561
67561
67561
67560
67560
67560
67560
67559
67559
67559
67559
67558
67558
67558
67558
67557
67557
67557
67557
67556
67556
67556
67556
67555
67555
67555
67555
67554
67554
67554
67554
67553
67553
67553
67553
67552
67552
67552
67552
67551
67551
67551
67551
67550
67550
67550
67550
67549
67549
67549
67549
67548
67548
67548
67548
67546
67544
67541
67539
67537
67535
67534
67534
67534
67533
67533
67533
67533
67532
67532
67532
67532
67531
67531
67531
67531
67530
67529
67528
67527
67527
67526
67526
67526
67526
67525
67525
67525
67525
67524
67524
67524
67524
67523
67523
67523
67523
67522
67522
67522
67520
67520
67520
67520
67519
67519
67519
67519
67518
67518
67518
67518
67517
67517
67517
67517
67516
67516
67516
67516
67515
67515
67515
67513
67513
67513
67512
67512
67512
67512
67511
67511
67511
67511
67510
67510
67510
67510
67509
67509
67509
67509
67508
67508
67507
67506
67505
67505
67505
67504
67504
67504
67504
67502
67502
67501
67501
67501
67501
67500
67500
67500
67500
67499
67499
67499
67499
67498
67498
67498
67498
67497
67497
67497
67497
67496
67496
67496
67495
67495
67495
67495
67494
67494
67494
67494
67493
67493
67493
67493
67492
67492
67492
67492
67491
67491
67491
67491
67490
67490
67490
67490
67489
67489
67489
67489
67488
67488
67488
67488
67487
67487
67487
67487
67486
67486
67486
67486
67485
67485
67485
67485
67484
67484
67484
67484
67483
67483
67483
67483
67482
67482
67482
67482
67481
67481
67481
67481
67480
67480
67480
67480
67479
67479
67479
67479
67478
67476
67473
67471
67470
67468
67466
67466
67466
67466
67465
67465
67465
67464
67464
67464
67464
67462
67462
67460
67460
67460
67460
67459
67459
67459
67459
67458
67458
67458
67458
67457
67457
67457
67457
67456
67456
67456
67456
67455
67454
67454
67453
67453
67453
67452
67452
67452
67452
67451
67451
67451
67451
67450
67450
67450
67450
67449
67449
67449
67449
67448
67448
67447
67446
67446
67446
67445
67445
67445
67445
67444
67444
67444
67444
67443
67443
67443
67443
67442
67442
67442
67442
67441
67440
67440
67438
67438
67438
67438
67436
67436
67436
67435
67435
67435
67435
67434
67434
67434
67434
67432
67432
67432
67431
67431
67431
67431
67430
67430
67430
67430
67429
67429
67429
67429
67428
67428
67428
67428
67427
67427
67427
67427
67426
67426
67426
67425
67425
67425
67425
67424
67424
67424
67424
67423
67423
67423
67423
67422
67422
67422
67422
67421
67421
67421
67421
67420
67420
67420
67420
67419
67419
67419
67419
67418
67418
67418
67418
67417
67417
67417
67417
67416
67416
67416
67416
67415
67415
67415
67415
67414
67414
67414
67414
67413
67413
67413
67413
67412
67412
67412
67412
67411
67411
67411
67410
67410
67410
67410
67409
67409
67409
67407
67405
67403
67401
67399
67398
67398
67397
67397
67397
67395
67395
67394
67393
67393
67393
67392
67392
67392
67392
67391
67391
67390
67390
67390
67390
67389
67389
67389
67389
67388
67388
67388
67386
67386
67386
67386
67385
67385
67385
67385
67384
67384
67384
67384
67383
67383
67383
67383
67382
67382
67382
67382
67381
67381
67381
67380
67379
67379
67379
67378
67378
67378
67378
67376
67376
67376
67375
67375
67375
67374
67374
67374
67374
67373
67373
67373
67371
67371
67370
67369
67368
67368
67368
67367
67367
67367
67367
67366
67366
67366
67366
67365
67365
67364
67363
67362
67362
67362
67361
67361
67361
67360
67360
67360
67360
67359
67359
67359
67358
67358
67358
67358
67357
67357
67357
67357
67356
67356
67356
67356
67355
67355
67355
67355
67354
67354
67354
67354
67353
67353
67353
67353
67352
67352
67352
67351
67351
67351
67350
67350
67350
67350
67349
67349
67349
67349
67348
67348
67348
67348
67347
67347
67347
67347
67346
67346
67346
67346
67345
67345
67345
67345
67344
67344
67344
67344
67343
67343
67343
67343
67342
67342
67342
67342
67341
67341
67341
67341
67340
67340
67340
67340
67339
67339
67339
67339
67338
67338
67338
67337
67337
67335
67334
67332
67331
67329
67327
67326
67326
67325
67325
67325
67325
67324
67324
67324
67324
67323
67323
67323
67322
67322
67322
67322
67321
67321
67321
67321
67319
67319
67318
67318
67318
67318
67317
67317
67317
67317
67316
67316
67316
67316
67315
67315
67315
67315
67314
67314
67314
67314
67313
67312
67312
67311
67311
67311
67310
67310
67310
67310
67309
67309
67309
67309
67308
67308
67308
67308
67307
67307
67307
67307
67304
67304
67302
67302
67302
67302
67301
67301
67301
67301
67300
67300
67300
67300
67299
67299
67299
67297
67297
67296
67295
67295
67295
67295
67294
67294
67294
67294
67293
67293
67293
67293
67292
67292
67292
67292
67291
67291
67291
67291
67290
67290
67290
67290
67289
67289
67289
67289
67288
67288
67288
67288
67287
67287
67287
67287
67286
67285
67285
67284
67284
67284
67284
67283
67283
67283
67283
67282
67282
67282
67282
67281
67281
67281
67281
67280
67280
67280
67279
67279
67279
67279
67278
67278
67278
67278
67278
67277
67277
67277
67277
67276
67276
67276
67275
67275
67275
67275
67274
67274
67274
67274
67273
67273
67273
67273
67272
67272
67272
67272
67271
67271
67271
67271
67270
67270
67270
67270
67269
67269
67269
67266
67263
67262
67261
67259
67257
67256
67256
67256
67256
67255
67255
67255
67255
67254
67254
67254
67254
67253
67253
67253
67251
67251
67251
67251
67250
67250
67250
67250
67249
67249
67249
67249
67248
67248
67248
67248
67247
67247
67247
67247
67246
67246
67246
67244
67244
67244
67243
67243
67243
67243
67242
67242
67242
67242
67241
67241
67241
67241
67240
67240
67240
67238
67238
67238
67236
67236
67234
67234
67234
67233
67233
67233
67233
67232
67232
67232
67232
67231
67231
67231
67231
67229
67229
67227
67227
67227
67227
67226
67226
67226
67226
67225
67225
67225
67225
67224
67224
67224
67224
67223
67223
67223
67223
67222
67221
67221
67220
67220
67220
67220
67219
67219
67219
67219
67218
67218
67218
67217
67217
67216
67216
67216
67216
67215
67215
67215
67215
67214
67214
67214
67214
67213
67213
67213
67213
67212
67212
67212
67212
67211
67211
67211
67211
67210
67210
67210
67210
67209
67209
67209
67208
67208
67208
67208
67207
67207
67207
67207
67206
67206
67206
67206
67205
67205
67205
67205
67204
67204
67204
67204
67203
67203
67203
67203
67202
67202
67202
67202
67201
67201
67201
67201
67200
67200
67200
67200
67199
67199
67199
67197
67197
67194
67193
67191
67190
67188
67187
67186
67186
67186
67186
67185
67185
67185
67184
67184
67183
67182
67182
67182
67182
67181
67181
67181
67180
67180
67180
67180
67179
67179
67179
67179
67178
67178
67178
67178
67177
67177
67177
67175
67175
67175
67175
67174
67174
67174
67174
67173
67173
67173
67173
67172
67172
67172
67170
67170
67170
67170
67169
67169
67168
67167
67165
67165
67165
67164
67164
67161
67161
67160
67159
67159
67159
67158
67158
67158
67157
67155
67155
67153
67153
67152
67152
67152
67151
67151
67151
67150
67149
67149
67149
67148
67148
67147
67147
67146
67146
67145
67145
67144
66887
66885
66884
66884
66884
66883
66883
66883
66882
66882
66882
66882
66881
66881
66881
66881
66880
66880
66880
66880
66879
66879
66879
66879
66878
66878
66878
66878
66877
66877
66877
66877
66876
66876
66876
66876
66875
66875
66875
66875
66874
66874
66874
66874
66873
66873
66873
66873
66872
66872
66872
66872
66871
66871
66871
66871
66870
66870
66870
66870
66869
66869
66869
66868
66868
66867
66867
66867
66867
66866
66866
66866
66865
66865
66865
66865
66864
66864
66864
66864
66863
66863
66861
66861
66861
66861
66860
66860
66860
66860
66859
66859
66859
66857
66854
66851
66849
66848
66846
66846
66845
66845
66844
66843
66843
66843
66843
66842
66842
66842
66841
66841
66841
66841
66840
66840
66840
66840
66839
66839
66839
66839
66838
66838
66838
66836
66836
66836
66836
66835
66835
66835
66835
66834
66834
66834
66833
66832
66832
66831
66831
66831
66831
66830
66830
66830
66828
66828
66826
66826
66826
66826
66825
66825
66825
66825
66824
66823
66822
66822
66822
66822
66821
66820
66820
66818
66818
66817
66817
66817
66816
66816
66816
66816
66815
66815
66815
66815
66814
66814
66814
66814
66813
66813
66813
66813
66811
66811
66810
66810
66810
66810
66809
66809
66809
66809
66808
66808
66808
66808
66807
66807
66807
66807
66806
66806
66806
66806
66805
66805
66805
66805
66804
66804
66804
66804
66803
66803
66803
66803
66802
66802
66802
66802
66801
66801
66801
66801
66800
66800
66800
66800
66799
66799
66799
66799
66798
66798
66798
66798
66797
66797
66797
66797
66796
66796
66796
66796
66795
66795
66795
66795
66794
66794
66794
66794
66793
66793
66793
66793
66792
66792
66792
66792
66791
66790
66789
66789
66789
66789
66788
66788
66788
66788
66787
66787
66787
66787
66786
66786
66786
66786
66785
66785
66785
66783
66761
66759
66756
66755
66753
66753
66752
66752
66752
66751
66751
66751
66750
66750
66750
66750
66749
66749
66749
66748
66748
66748
66747
66747
66747
66745
66745
66744
66744
66744
66743
66743
66743
66742
66741
66740
66740
66740
66739
66739
66739
66739
66738
66738
66738
66737
66736
66736
66734
66734
66733
66733
66733
66733
66732
66732
66732
66732
66731
66731
66731
66731
66730
66729
66729
66727
66727
66727
66726
66726
66726
66726
66725
66725
66725
66725
66724
66724
66724
66724
66723
66723
66723
66723
66722
66722
66720
66720
66720
66719
66719
66719
66719
66718
66718
66718
66718
66717
66717
66717
66717
66716
66716
66716
66716
66715
66715
66715
66715
66714
66714
66714
66714
66713
66713
66713
66713
66712
66712
66712
66712
66711
66711
66711
66711
66710
66710
66708
66708
66708
66707
66707
66707
66707
66706
66706
66706
66706
66705
66705
66705
66705
66704
66704
66704
66703
66703
66703
66702
66702
66702
66702
66701
66701
66701
66701
66700
66700
66700
66700
66699
66699
66697
66697
66697
66697
66696
66696
66696
66696
66695
66695
66695
66695
66694
66694
66694
66694
66693
66693
66693
66693
66692
66692
66692
66692
66691
66691
66691
66691
66690
66688
66686
66685
66682
66680
66679
66678
66678
66678
66678
66677
66677
66677
66677
66676
66676
66676
66676
66675
66675
66673
66673
66673
66673
66672
66672
66671
66670
66670
66670
66669
66669
66669
66669
66668
66668
66668
66667
66667
66667
66667
66665
66665
66663
66663
66663
66663
66662
66662
66662
66662
66661
66661
66661
66661
66660
66660
66660
66658
66658
66656
66656
66656
66655
66655
66655
66654
66654
66654
66654
66653
66653
66653
66653
66652
66652
66652
66652
66651
66651
66651
66649
66649
66649
66649
66648
66648
66648
66647
66647
66647
66647
66646
66646
66646
66646
66645
66645
66645
66645
66644
66644
66644
66644
66642
66642
66641
66641
66641
66641
66640
66640
66640
66640
66639
66639
66639
66639
66638
66638
66638
66638
66637
66637
66637
66637
66636
66636
66636
66636
66635
66635
66635
66635
66634
66634
66634
66634
66633
66633
66633
66633
66632
66632
66632
66632
66631
66631
66631
66631
66630
66630
66629
66629
66628
66627
66627
66627
66627
66626
66626
66626
66626
66625
66625
66625
66625
66624
66624
66624
66624
66623
66623
66623
66623
66622
66622
66622
66622
66621
66621
66621
66621
66620
66620
66620
66620
66619
66619
66619
66618
66618
66615
66614
66612
66611
66609
66608
66607
66607
66607
66607
66606
66606
66606
66606
66604
66604
66604
66602
66602
66602
66601
66601
66601
66601
66600
66600
66600
66600
66599
66599
66599
66599
66598
66598
66598
66596
66596
66594
66594
66594
66594
66593
66593
66593
66593
66592
66592
66592
66592
66591
66591
66591
66589
66589
66588
66588
66587
66587
66587
66587
66586
66586
66586
66585
66585
66585
66584
66584
66584
66584
66583
66583
66583
66583
66582
66581
66580
66580
66580
66580
66579
66579
66579
66579
66578
66578
66578
66578
66577
66577
66577
66577
66576
66576
66576
66576
66575
66575
66574
66573
66573
66573
66573
66572
66572
66572
66572
66571
66571
66571
66571
66570
66570
66570
66570
66569
66569
66569
66569
66568
66568
66568
66568
66567
66567
66567
66567
66566
66566
66566
66566
66565
66565
66565
66565
66564
66564
66564
66564
66563
66563
66563
66563
66562
66562
66560
66560
66560
66560
66559
66559
66559
66559
66558
66558
66558
66558
66557
66557
66557
66557
66556
66556
66556
66555
66555
66555
66555
66554
66554
66554
66554
66553
66553
66553
66553
66552
66552
66552
66552
66551
66551
66551
66551
66550
66550
66550
66550
66549
66549
66549
66549
66546
66544
66543
66539
66538
66536
66536
66535
66533
66533
66532
66532
66532
66532
66531
66531
66531
66530
66530
66530
66530
66529
66529
66529
66529
66528
66528
66528
66528
66526
66526
66525
66524
66524
66524
66523
66523
66523
66523
66522
66522
66522
66522
66521
66521
66521
66519
66519
66518
66518
66517
66517
66517
66516
66516
66516
66516
66515
66515
66515
66515
66514
66514
66514
66512
66512
66512
66512
66511
66510
66509
66509
66509
66509
66508
66508
66508
66508
66507
66507
66507
66507
66506
66506
66506
66506
66505
66505
66505
66505
66504
66504
66503
66502
66502
66502
66502
66501
66501
66501
66501
66500
66500
66500
66500
66499
66499
66499
66498
66498
66498
66498
66498
66497
66497
66497
66496
66496
66496
66496
66495
66495
66495
66495
66494
66494
66494
66494
66493
66493
66493
66493
66492
66492
66492
66492
66490
66490
66489
66489
66489
66489
66488
66488
66488
66488
66487
66487
66487
66487
66486
66486
66486
66486
66485
66485
66485
66485
66484
66484
66484
66484
66483
66483
66483
66483
66482
66482
66482
66482
66481
66481
66481
66481
66480
66480
66480
66480
66479
66479
66479
66478
66478
66478
66478
66477
66477
66477
66477
66476
66476
66476
66474
66473
66470
66469
66467
66466
66466
66465
66465
66464
66464
66464
66464
66463
66463
66463
66463
66462
66462
66462
66462
66461
66461
66460
66459
66458
66458
66457
66457
66457
66457
66456
66456
66456
66456
66455
66455
66455
66455
66454
66453
66453
66451
66451
66451
66450
66450
66450
66450
66449
66449
66449
66449
66448
66448
66448
66447
66447
66447
66447
66446
66446
66446
66444
66444
66444
66443
66443
66443
66443
66442
66442
66442
66442
66441
66441
66441
66441
66440
66440
66440
66440
66439
66439
66439
66439
66437
66436
66436
66436
66435
66435
66435
66435
66434
66434
66434
66434
66433
66433
66433
66433
66432
66432
66432
66432
66431
66430
66430
66429
66429
66429
66428
66428
66428
66427
66427
66427
66427
66426
66426
66426
66426
66425
66425
66425
66424
66423
66420
66420
66420
66420
66419
66419
66419
66419
66418
66418
66418
66418
66417
66417
66417
66416
66416
66415
66415
66415
66415
66414
66414
66414
66414
66413
66413
66413
66413
66412
66412
66412
66412
66411
66411
66411
66411
66410
66410
66410
66410
66409
66409
66409
66409
66408
66408
66408
66408
66407
66407
66407
66407
66406
66406
66406
66406
66405
66405
66405
66405
66404
66404
66404
66402
66401
66399
66398
66396
66394
66394
66393
66393
66393
66393
66392
66392
66392
66392
66391
66391
66390
66389
66388
66388
66388
66387
66387
66387
66387
66386
66386
66386
66386
66385
66385
66385
66385
66383
66382
66381
66381
66380
66380
66380
66380
66379
66379
66379
66379
66378
66378
66378
66378
66377
66377
66377
66377
66376
66376
66376
66374
66374
66374
66374
66373
66373
66372
66372
66372
66372
66371
66371
66371
66371
66370
66370
66370
66370
66369
66369
66369
66369
66368
66367
66367
66366
66366
66366
66365
66365
66365
66365
66364
66364
66364
66364
66363
66363
66363
66363
66362
66362
66362
66362
66360
66360
66358
66358
66358
66358
66357
66357
66357
66357
66356
66356
66356
66356
66355
66355
66355
66353
66353
66353
66353
66352
66352
66352
66352
66351
66351
66351
66351
66350
66350
66350
66350
66349
66349
66349
66349
66348
66348
66348
66348
66347
66347
66347
66347
66346
66346
66346
66346
66345
66345
66345
66345
66344
66344
66344
66344
66343
66343
66343
66343
66342
66342
66342
66341
66341
66341
66341
66340
66340
66340
66340
66339
66339
66339
66339
66338
66338
66338
66338
66337
66337
66337
66337
66336
66336
66336
66336
66335
66335
66335
66331
66330
66328
66327
66326
66324
66324
66324
66323
66323
66323
66321
66321
66320
66319
66319
66319
66319
66318
66318
66318
66318
66317
66317
66317
66317
66316
66316
66314
66314
66313
66313
66312
66312
66312
66311
66311
66311
66311
66310
66310
66310
66310
66309
66309
66309
66309
66308
66308
66308
66308
66306
66306
66306
66306
66305
66305
66305
66304
66304
66304
66304
66303
66303
66303
66303
66302
66302
66302
66302
66301
66301
66301
66301
66299
66299
66299
66298
66298
66298
66298
66297
66297
66297
66297
66296
66296
66296
66296
66295
66295
66295
66295
66294
66294
66293
66293
66291
66291
66291
66290
66290
66290
66290
66289
66289
66289
66289
66288
66286
66285
66285
66285
66285
66284
66284
66284
66284
66283
66283
66283
66283
66282
66282
66282
66282
66281
66281
66281
66280
66280
66280
66280
66279
66279
66279
66279
66278
66278
66278
66278
66277
66277
66277
66277
66276
66276
66276
66276
66275
66275
66275
66275
66274
66274
66274
66274
66273
66273
66273
66273
66272
66272
66272
66272
66271
66271
66271
66271
66270
66270
66270
66270
66269
66269
66269
66269
66268
66268
66268
66268
66267
66267
66267
66266
66266
66266
66266
66265
66265
66265
66265
66263
66261
66260
66259
66257
66254
66254
66253
66252
66252
66252
66252
66251
66251
66251
66251
66250
66250
66250
66249
66249
66249
66247
66247
66246
66245
66245
66245
66244
66244
66244
66244
66243
66243
66243
66243
66242
66242
66242
66242
66241
66241
66241
66241
66240
66239
66239
66239
66238
66238
66238
66237
66237
66237
66237
66236
66236
66236
66236
66235
66235
66235
66235
66234
66233
66232
66232
66232
66230
66230
66230
66230
66229
66229
66229
66229
66228
66228
66228
66228
66227
66227
66227
66227
66226
66226
66226
66226
66225
66224
66223
66222
66222
66221
66221
66221
66221
66220
66220
66220
66219
66218
66218
66218
66217
66217
66217
66217
66216
66216
66216
66216
66215
66215
66215
66215
66214
66214
66214
66214
66213
66213
66213
66213
66212
66212
66212
66211
66211
66211
66211
66210
66210
66210
66210
66209
66209
66209
66209
66208
66208
66208
66208
66207
66207
66207
66207
66206
66206
66206
66206
66205
66205
66205
66205
66204
66204
66204
66204
66203
66203
66203
66203
66202
66202
66202
66202
66201
66201
66201
66201
66200
66200
66200
66200
66199
66199
66199
66199
66198
66198
66198
66198
66197
66197
66197
66197
66196
66196
66196
66196
66195
66194
66190
66189
66187
66186
66184
66184
66183
66183
66183
66182
66182
66182
66181
66181
66181
66179
66179
66177
66177
66177
66177
66176
66176
66176
66176
66175
66175
66175
66175
66174
66174
66174
66174
66173
66173
66173
66173
66172
66171
66171
66170
66170
66170
66170
66169
66169
66169
66169
66168
66168
66168
66168
66167
66167
66167
66167
66166
66166
66166
66166
66165
66164
66163
66163
66163
66163
66162
66162
66162
66162
66161
66161
66161
66161
66160
66160
66160
66160
66159
66159
66159
66159
66157
66157
66156
66155
66155
66155
66154
66154
66152
66152
66152
66152
66151
66151
66151
66151
66150
66150
66150
66150
66149
66149
66149
66146
66146
66146
66146
66145
66145
66145
66145
66144
66144
66144
66144
66143
66143
66143
66143
66142
66142
66142
66142
66141
66141
66139
66139
66139
66138
66138
66138
66138
66137
66137
66137
66137
66136
66136
66136
66135
66135
66135
66135
66134
66134
66134
66134
66133
66133
66133
66133
66132
66132
66132
66132
66131
66131
66131
66131
66130
66130
66130
66130
66129
66129
66129
66129
66128
66128
66128
66128
66127
66127
66127
66127
66126
66126
66126
66125
66125
66125
66125
66125
66124
66124
66124
66124
66123
66123
66121
66120
66118
66117
66115
66113
66113
66113
66112
66112
66111
66111
66109
66109
66109
66108
66108
66108
66108
66107
66107
66107
66107
66106
66106
66106
66106
66105
66105
66105
66105
66104
66104
66103
66102
66102
66102
66102
66101
66101
66101
66101
66100
66100
66100
66100
66099
66099
66099
66099
66098
66098
66098
66097
66097
66097
66095
66095
66095
66095
66094
66094
66094
66094
66093
66093
66093
66093
66092
66092
66092
66092
66091
66091
66091
66091
66090
66089
66089
66087
66087
66087
66085
66085
66085
66085
66084
66084
66084
66084
66083
66083
66083
66083
66082
66082
66082
66082
66081
66081
66080
66079
66078
66078
66077
66077
66077
66077
66076
66076
66076
66076
66075
66075
66075
66075
66074
66074
66074
66074
66073
66073
66073
66073
66072
66072
66072
66072
66071
66071
66071
66071
66070
66070
66070
66070
66069
66069
66069
66069
66068
66068
66068
66068
66067
66067
66067
66067
66066
66066
66066
66066
66065
66065
66065
66065
66064
66064
66064
66064
66063
66063
66063
66063
66062
66062
66062
66062
66061
66061
66061
66061
66060
66060
66060
66060
66059
66059
66059
66058
66058
66058
66058
66057
66057
66057
66057
66056
66056
66056
66056
66055
66053
66051
66050
66048
66045
66044
66042
66042
66042
66042
66041
66041
66041
66041
66040
66040
66040
66040
66039
66039
66039
66038
66038
66038
66038
66037
66037
66036
66035
66035
66035
66035
66034
66034
66034
66034
66033
66033
66033
66033
66032
66032
66032
66032
66031
66031
66031
66031
66030
66030
66029
66028
66028
66028
66028
66027
66027
66027
66027
66026
66026
66026
66026
66025
66025
66025
66025
66024
66024
66024
66024
66022
66022
66020
66019
66019
66019
66018
66018
66018
66018
66017
66017
66017
66017
66016
66016
66016
66016
66015
66015
66015
66015
66014
66012
66012
66010
66010
66009
66009
66009
66008
66008
66008
66008
66007
66007
66007
66007
66006
66006
66006
66006
66005
66005
66005
66005
66004
66004
66004
66004
66003
66003
66003
66003
66002
66002
66002
66002
66001
66001
66001
66001
66000
66000
66000
66000
65999
65999
65999
65999
65998
65998
65998
65998
65997
65997
65997
65997
65996
65996
65996
65996
65995
65995
65995
65995
65994
65994
65994
65994
65993
65993
65993
65992
65992
65992
65992
65991
65991
65991
65991
65990
65990
65990
65990
65989
65989
65989
65989
65988
65988
65988
65988
65987
65987
65986
65986
65986
65986
65985
65985
65983
65981
65980
65977
65976
65974
65974
65974
65973
65973
65973
65973
65972
65972
65972
65972
65971
65971
65971
65971
65970
65969
65968
65968
65968
65968
65967
65967
65967
65967
65966
65966
65966
65966
65965
65965
65965
65965
65964
65964
65964
65964
65963
65963
65961
65961
65961
65961
65960
65960
65960
65959
65959
65959
65958
65958
65958
65958
65957
65957
65957
65957
65956
65956
65953
65952
65952
65950
65950
65950
65949
65949
65949
65949
65948
65948
65948
65948
65947
65947
65947
65947
65946
65946
65946
65946
65945
65945
65944
65943
65942
65942
65941
65941
65941
65941
65940
65940
65940
65940
65939
65939
65939
65939
65938
65938
65938
65938
65937
65937
65937
65937
65936
65936
65936
65936
65935
65935
65935
65935
65934
65934
65934
65934
65933
65933
65933
65933
65932
65932
65932
65932
65931
65931
65931
65931
65930
65930
65930
65930
65929
65929
65929
65929
65928
65928
65928
65928
65927
65927
65927
65927
65926
65926
65926
65926
65925
65925
65925
65925
65924
65924
65924
65924
65923
65923
65923
65923
65922
65922
65922
65922
65921
65921
65921
65921
65920
65920
65920
65920
65919
65919
65919
65919
65918
65918
65918
65918
65917
65917
65917
65917
65914
65912
65911
65909
65907
65905
65905
65905
65905
65904
65904
65904
65904
65903
65903
65902
65901
65901
65901
65900
65900
65900
65900
65899
65899
65899
65899
65898
65898
65898
65898
65897
65897
65897
65897
65896
65896
65896
65894
65894
65894
65893
65893
65893
65893
65892
65892
65892
65892
65891
65891
65891
65891
65890
65890
65889
65888
65888
65888
65886
65886
65884
65884
65884
65884
65883
65883
65882
65882
65882
65882
65881
65881
65881
65881
65880
65880
65880
65880
65879
65879
65879
65878
65877
65874
65874
65874
65873
65873
65873
65873
65872
65872
65872
65872
65871
65871
65871
65871
65869
65869
65868
65868
65868
65868
65867
65867
65867
65867
65866
65866
65866
65865
65865
65865
65865
65864
65864
65864
65864
65863
65863
65863
65863
65862
65862
65862
65862
65860
65860
65859
65859
65859
65859
65858
65858
65858
65858
65857
65857
65857
65857
65856
65856
65856
65856
65855
65855
65855
65855
65854
65854
65854
65854
65853
65853
65853
65853
65852
65852
65852
65852
65851
65851
65851
65851
65850
65850
65850
65850
65849
65849
65849
65849
65848
65848
65848
65848
65847
65847
65847
65847
65846
65845
65845
65844
65844
65844
65844
65843
65843
65843
65841
65840
65839
65837
65836
65834
65834
65834
65833
65832
65832
65831
65831
65831
65831
65830
65830
65830
65830
65829
65829
65829
65829
65828
65828
65828
65828
65827
65827
65827
65827
65826
65825
65825
65824
65824
65824
65824
65823
65823
65823
65823
65822
65822
65822
65822
65820
65820
65819
65819
65819
65819
65818
65817
65816
65815
65815
65815
65814
65814
65814
65813
65813
65813
65812
65812
65812
65812
65811
65811
65811
65811
65810
65810
65810
65810
65808
65808
65806
65806
65806
65806
65805
65805
65805
65805
65804
65804
65804
65804
65803
65803
65803
65801
65801
65801
65801
65800
65800
65800
65800
65799
65799
65799
65799
65798
65798
65798
65798
65797
65797
65797
65797
65796
65796
65796
65796
65795
65795
65795
65794
65794
65794
65794
65793
65793
65793
65792
65792
65792
65792
65791
65791
65791
65791
65790
65790
65790
65790
65789
65789
65789
65789
65788
65788
65788
65788
65787
65787
65787
65786
65786
65786
65786
65785
65785
65785
65785
65784
65784
65784
65784
65783
65783
65783
65783
65782
65782
65765
65764
65764
65764
65763
65763
65761
65761
65761
65761
65760
65760
65760
65759
65759
65759
65759
65758
65758
65758
65758
65757
65757
65757
65754
65752
65751
65748
65747
65745
65745
65745
65745
65744
65744
65744
65743
65743
65742
65742
65742
65742
65741
65741
65741
65741
65740
65740
65740
65740
65738
65738
65738
65737
65737
65737
65737
65736
65736
65736
65736
65734
65733
65733
65733
65732
65732
65732
65732
65731
65731
65730
65730
65728
65728
65728
65727
65727
65727
65727
65726
65726
65726
65726
65725
65725
65725
65725
65724
65724
65724
65724
65723
65723
65721
65720
65719
65718
65718
65718
65718
65717
65717
65717
65717
65716
65716
65716
65716
65715
65715
65714
65713
65713
65713
65712
65712
65712
65712
65711
65711
65711
65711
65710
65710
65710
65710
65709
65709
65709
65709
65708
65708
65708
65708
65707
65707
65707
65707
65706
65706
65706
65706
65705
65705
65705
65705
65704
65704
65704
65704
65703
65703
65703
65703
65702
65702
65702
65702
65701
65701
65701
65701
65700
65700
65700
65700
65699
65699
65699
65698
65698
65698
65698
65698
65697
65697
65697
65696
65696
65696
65696
65695
65695
65695
65695
65694
65694
65694
65692
65692
65692
65691
65691
65691
65691
65690
65690
65690
65690
65689
65689
65689
65689
65688
65688
65688
65688
65687
65687
65687
65687
65686
65686
65686
65686
65684
65682
65681
65680
65678
65677
65677
65676
65676
65676
65675
65675
65675
65675
65674
65674
65674
65674
65673
65673
65672
65671
65671
65670
65670
65670
65670
65669
65668
65668
65668
65667
65667
65667
65667
65666
65666
65666
65666
65665
65665
65664
65663
65662
65662
65661
65661
65661
65661
65660
65660
65660
65660
65659
65659
65659
65659
65658
65658
65658
65658
65657
65657
65657
65654
65654
65652
65652
65652
65652
65651
65651
65651
65651
65650
65650
65650
65650
65649
65649
65649
65647
65647
65647
65647
65646
65646
65646
65646
65645
65645
65645
65645
65644
65644
65644
65644
65643
65643
65643
65643
65642
65642
65642
65640
65640
65640
65639
65639
65639
65639
65638
65638
65638
65638
65637
65637
65637
65636
65636
65636
65636
65635
65635
65635
65635
65634
65634
65634
65634
65633
65633
65633
65633
65632
65632
65632
65632
65631
65631
65631
65631
65630
65630
65630
65630
65629
65629
65629
65629
65628
65628
65628
65628
65627
65627
65626
65625
65625
65625
65625
65624
65624
65624
65623
65623
65623
65623
65622
65622
65622
65622
65621
65621
65621
65621
65620
65620
65620
65620
65619
65619
65619
65619
65618
65618
65618
65618
65617
65617
65617
65617
65615
65613
65612
65611
65609
65608
65607
65607
65607
65607
65606
65606
65606
65606
65604
65604
65604
65603
65603
65602
65601
65601
65601
65601
65600
65600
65600
65600
65599
65599
65599
65599
65598
65598
65598
65596
65596
65595
65594
65594
65594
65594
65593
65593
65593
65593
65592
65592
65592
65591
65591
65591
65591
65590
65590
65590
65589
65589
65588
65587
65585
65584
65584
65584
65584
65583
65583
65583
65583
65582
65582
65582
65582
65581
65581
65580
65579
65579
65579
65579
65578
65578
65578
65578
65577
65577
65577
65577
65576
65576
65576
65576
65575
65575
65575
65575
65574
65574
65573
65572
65572
65572
65572
65571
65571
65571
65571
65570
65570
65570
65570
65569
65569
65568
65568
65568
65568
65567
65567
65567
65567
65566
65566
65566
65566
65565
65565
65565
65563
65563
65563
65563
65562
65562
65562
65562
65561
65561
65561
65561
65560
65560
65560
65560
65559
65559
65559
65557
65557
65556
65556
65556
65556
65555
65555
65555
65555
65554
65554
65554
65554
65553
65553
65553
65553
65552
65552
65552
65552
65551
65551
65551
65551
65550
65550
65550
65550
65549
65549
65549
65549
65548
65548
65548
65548
65547
65547
65547
65547
65546
65546
65546
65544
65542
65541
65539
65537
65536
65535
65535
65533
65533
65532
65531
65531
65531
65531
65530
65530
65530
65530
65529
65529
65529
65529
65528
65528
65528
65528
65527
65527
65526
65525
65524
65524
65523
65523
65523
65523
65522
65522
65522
65522
65521
65521
65521
65521
65520
65520
65520
65520
65519
65519
65519
65517
65517
65516
65516
65515
65515
65515
65514
65514
65514
65513
65513
65513
65513
65512
65512
65512
65510
65510
65510
65509
65509
65509
65509
65508
65508
65508
65508
65507
65507
65507
65507
65506
65506
65506
65506
65505
65505
65505
65505
65503
65503
65502
65502
65502
65502
65501
65501
65501
65501
65500
65500
65500
65500
65499
65499
65499
65499
65498
65498
65498
65498
65497
65497
65497
65497
65496
65496
65496
65496
65495
65495
65495
65495
65494
65494
65494
65494
65493
65493
65493
65493
65492
65492
65492
65492
65490
65490
65490
65489
65489
65489
65489
65488
65488
65487
65487
65487
65487
65486
65486
65486
65486
65485
65485
65485
65485
65484
65484
65484
65484
65483
65483
65483
65483
65482
65482
65482
65482
65481
65481
65481
65481
65480
65480
65480
65480
65479
65479
65479
65479
65478
65478
65478
65478
65477
65477
65477
65477
65476
65473
65472
65469
65468
65466
65465
65464
65464
65464
65464
65463
65463
65462
65462
65462
65462
65461
65461
65461
65461
65460
65460
65460
65458
65458
65457
65457
65456
65456
65456
65455
65455
65455
65455
65454
65454
65454
65454
65453
65453
65453
65452
65452
65452
65452
65451
65450
65450
65447
65447
65446
65446
65446
65446
65445
65445
65445
65445
65444
65444
65444
65444
65443
65442
65442
65441
65441
65441
65441
65440
65440
65440
65440
65439
65439
65439
65439
65438
65438
65438
65438
65437
65437
65437
65437
65436
65435
65435
65434
65434
65434
65434
65433
65433
65433
65433
65432
65432
65432
65432
65431
65431
65431
65431
65430
65430
65430
65428
65428
65428
65428
65427
65427
65427
65427
65426
65426
65426
65426
65425
65425
65425
65424
65424
65424
65424
65423
65423
65423
65421
65421
65421
65420
65420
65420
65420
65419
65419
65419
65419
65418
65418
65418
65418
65417
65417
65417
65417
65416
65416
65416
65416
65415
65415
65415
65415
65414
65414
65414
65414
65413
65413
65413
65413
65412
65412
65412
65412
65411
65411
65411
65411
65410
65410
65410
65410
65409
65409
65409
65409
65408
65408
65408
65408
65407
65407
65407
65407
65406
65406
65406
65406
65404
65402
65400
65399
65398
65396
65396
65396
65395
65395
65395
65395
65394
65394
65394
65394
65393
65392
65392
65390
65390
65390
65390
65389
65389
65389
65389
65388
65388
65388
65388
65387
65387
65387
65387
65386
65386
65386
65386
65385
65384
65383
65382
65382
65382
65381
65381
65381
65380
65380
65380
65380
65379
65379
65379
65379
65378
65377
65377
65376
65376
65376
65376
65375
65374
65374
65373
65373
65373
65373
65372
65372
65372
65372
65371
65371
65371
65371
65370
65370
65369
65368
65368
65368
65368
65367
65367
65367
65367
65366
65366
65366
65366
65365
65365
65365
65365
65364
65364
65364
65364
65362
65362
65361
65360
65360
65360
65360
65359
65359
65359
65359
65358
65358
65358
65358
65357
65357
65357
65357
65355
65355
65355
65354
65354
65354
65353
65353
65353
65353
65352
65352
65352
65352
65351
65351
65351
65351
65350
65350
65350
65350
65349
65349
65349
65349
65348
65348
65348
65348
65347
65347
65347
65347
65346
65346
65346
65346
65345
65345
65345
65345
65344
65344
65344
65344
65343
65343
65343
65343
65342
65342
65342
65342
65341
65341
65341
65341
65340
65340
65340
65340
65339
65339
65339
65339
65338
65338
65338
65338
65337
65337
65335
65334
65333
65331
65330
65328
65328
65328
65327
65327
65327
65325
65325
65324
65323
65323
65323
65323
65322
65322
65322
65322
65321
65321
65321
65321
65320
65320
65320
65320
65319
65319
65319
65319
65317
65317
65315
65315
65315
65315
65314
65314
65314
65314
65313
65313
65313
65313
65312
65312
65312
65309
65309
65309
65308
65308
65308
65308
65307
65307
65307
65307
65306
65306
65306
65306
65305
65305
65305
65305
65304
65304
65304
65304
65302
65302
65302
65301
65301
65301
65300
65300
65300
65299
65299
65299
65298
65298
65298
65298
65297
65297
65297
65297
65296
65295
65295
65293
65293
65293
65292
65292
65292
65292
65291
65291
65291
65291
65290
65290
65290
65288
65288
65288
65288
65287
65287
65287
65286
65286
65286
65286
65285
65285
65285
65285
65284
65284
65283
65283
65282
65282
65282
65282
65281
65281
65281
65281
65280
65280
65280
65279
65279
65279
65279
65278
65278
65278
65278
65277
65277
65277
65277
65276
65276
65276
65276
65275
65275
65275
65275
65274
65274
65274
65274
65273
65273
65273
65272
65272
65272
65272
65271
65271
65271
65271
65270
65270
65270
65270
65270
65269
65269
65269
65268
65268
65268
65268
65268
65267
65267
65267
65265
65264
65262
65261
65259
65256
65256
65254
65254
65254
65254
65253
65253
65253
65253
65252
65252
65252
65252
65251
65251
65251
65251
65250
65250
65250
65250
65249
65248
65247
65246
65246
65246
65245
65245
65245
65244
65244
65244
65244
65243
65243
65243
65243
65242
65241
65241
65240
65240
65240
65240
65239
65239
65239
65239
65238
65238
65238
65238
65237
65237
65237
65237
65236
65236
65236
65236
65235
65234
65234
65233
65233
65233
65232
65232
65232
65232
65231
65231
65231
65231
65230
65230
65230
65230
65229
65229
65229
65229
65227
65227
65225
65225
65225
65225
65224
65224
65224
65224
65223
65223
65223
65221
65221
65221
65221
65220
65220
65220
65220
65219
65219
65219
65219
65218
65218
65218
65217
65217
65217
65217
65216
65216
65216
65216
65215
65215
65215
65215
65214
65214
65214
65214
65213
65213
65213
65213
65212
65212
65212
65212
65211
65211
65211
65211
65210
65210
65210
65210
65209
65209
65209
65209
65208
65208
65208
65208
65207
65207
65207
65207
65206
65206
65206
65206
65205
65205
65205
65205
65204
65204
65204
65204
65203
65203
65203
65203
65202
65202
65202
65202
65201
65201
65201
65201
65200
65200
65200
65200
65199
65199
65199
65196
65193
65162
65160
65159
65157
65157
65157
65157
65156
65156
65156
65156
65155
65155
65155
65154
65154
65154
65154
65153
65153
65152
65151
65150
65150
65149
65149
65149
65149
65148
65148
65148
65148
65147
65147
65147
65147
65146
65144
65143
65143
65142
65142
65142
65142
65141
65141
65141
65141
65140
65140
65140
65140
65139
65139
65139
65139
65138
65138
65138
65138
65136
65136
65136
65135
65135
65135
65135
65134
65134
65134
65133
65133
65133
65133
65132
65132
65132
65132
65131
65131
65131
65129
65129
65128
65128
65127
65127
65127
65127
65126
65126
65125
65124
65124
65124
65124
65123
65123
65123
65122
65122
65122
65122
65121
65120
65120
65119
65119
65119
65119
65118
65118
65118
65118
65117
65117
65117
65117
65116
65116
65116
65116
65115
65115
65115
65115
65114
65114
65114
65114
65113
65113
65113
65113
65112
65112
65112
65112
65111
65111
65111
65111
65110
65110
65110
65110
65109
65109
65109
65109
65108
65108
65108
65108
65107
65107
65107
65107
65106
65106
65106
65106
65105
65105
65105
65105
65104
65104
65104
65104
65103
65103
65103
65103
65102
65102
65102
65102
65101
65101
65101
65101
65100
65100
65100
65100
65099
65099
65099
65099
65097
65096
65094
65092
65086
65084
65084
65083
65083
65083
65082
65082
65081
65081
65080
65080
65078
65077
65075
65074
65073
65073
65072
65072
65072
65026
65026
65025
65025
65025
65025
65024
65024
65022
65022
65021
65021
65021
65021
65020
65020
65020
65020
65019
65019
65019
65019
65018
65018
65018
65018
65017
65017
65017
65017
65016
65015
65015
65014
65014
65014
65014
65013
65013
65011
65011
65011
65011
65010
65010
65010
65010
65009
65009
65009
65009
65008
65007
65006
65005
65004
65004
65004
65004
65002
65002
65002
65001
65001
65001
65001
65000
65000
65000
65000
64999
64999
64999
64999
64998
64997
64997
64995
64995
64995
64994
64994
64994
64993
64993
64993
64993
64992
64992
64992
64992
64991
64991
64991
64991
64990
64990
64990
64990
64989
64989
64989
64989
64988
64988
64988
64987
64987
64987
64986
64986
64986
64985
64985
64985
64985
64984
64984
64984
64983
64983
64983
64983
64982
64982
64982
64982
64981
64981
64981
64981
64980
64980
64980
64980
64979
64979
64979
64979
64978
64978
64978
64978
64977
64977
64977
64977
64976
64976
64976
64976
64975
64975
64975
64975
64974
64974
64974
64974
64973
64973
64973
64973
64972
64972
64972
64972
64970
64968
64966
64965
64964
64962
64962
64961
64961
64961
64960
64959
64958
64958
64957
64957
64957
64957
64956
64956
64956
64956
64955
64955
64955
64955
64954
64953
64952
64952
64952
64952
64951
64951
64951
64951
64950
64950
64950
64950
64949
64949
64949
64949
64948
64948
64948
64948
64947
64947
64944
64944
64944
64943
64943
64943
64942
64942
64942
64942
64941
64941
64941
64940
64940
64940
64940
64939
64939
64939
64939
64937
64937
64935
64935
64933
64933
64933
64933
64932
64932
64932
64932
64931
64931
64930
64930
64930
64930
64929
64929
64929
64929
64928
64927
64927
64925
64925
64925
64925
64924
64924
64924
64923
64923
64923
64923
64922
64922
64922
64922
64921
64921
64921
64921
64920
64920
64920
64920
64920
64919
64919
64919
64919
64918
64918
64918
64918
64916
64916
64916
64915
64915
64915
64914
64914
64914
64914
64913
64913
64913
64913
64912
64912
64912
64912
64911
64911
64911
64911
64910
64910
64910
64910
64909
64909
64909
64909
64908
64908
64908
64908
64907
64907
64907
64907
64906
64906
64906
64906
64905
64905
64905
64905
64904
64904
64904
64904
64903
64903
64903
64903
64902
64902
64902
64902
64901
64901
64901
64901
64900
64900
64899
64897
64896
64894
64891
64890
64888
64888
64887
64887
64887
64887
64886
64886
64886
64886
64885
64885
64885
64885
64884
64883
64883
64882
64882
64882
64882
64881
64881
64881
64881
64880
64880
64880
64880
64879
64879
64879
64879
64878
64878
64878
64878
64877
64876
64876
64875
64875
64875
64875
64874
64874
64874
64874
64873
64873
64873
64873
64872
64872
64872
64872
64871
64871
64871
64869
64866
64864
64864
64864
64864
64863
64863
64863
64863
64862
64862
64862
64861
64861
64861
64861
64860
64860
64860
64860
64859
64859
64858
64857
64856
64856
64855
64855
64855
64855
64854
64854
64854
64854
64853
64853
64853
64853
64852
64852
64852
64852
64851
64851
64851
64851
64850
64850
64850
64850
64849
64849
64849
64848
64848
64848
64848
64847
64847
64847
64847
64847
64846
64846
64846
64845
64845
64845
64845
64844
64844
64844
64844
64843
64843
64843
64843
64842
64842
64842
64842
64841
64841
64841
64840
64840
64840
64840
64839
64839
64839
64839
64838
64838
64838
64838
64837
64837
64837
64837
64836
64836
64836
64836
64835
64835
64835
64835
64834
64834
64834
64834
64833
64833
64833
64833
64832
64832
64832
64832
64831
64831
64831
64831
64830
64830
64826
64824
64822
64821
64820
64818
64818
64817
64817
64817
64817
64816
64816
64816
64816
64814
64814
64814
64813
64813
64813
64813
64812
64812
64812
64812
64811
64811
64811
64811
64810
64810
64810
64810
64809
64809
64809
64809
64806
64806
64806
64805
64805
64805
64805
64804
64804
64804
64804
64803
64803
64803
64803
64802
64802
64802
64802
64800
64800
64798
64798
64797
64797
64796
64796
64796
64795
64795
64795
64795
64794
64794
64794
64794
64793
64793
64793
64793
64792
64792
64792
64792
64790
64790
64788
64788
64788
64788
64787
64787
64787
64787
64786
64786
64786
64786
64785
64785
64784
64784
64784
64783
64783
64783
64783
64758
64757
64757
64757
64756
64756
64756
64755
64755
64755
64755
64754
64754
64754
64753
64753
64753
64752
64752
64752
64751
64751
64751
64751
64750
64750
64750
64749
64749
64749
64748
64748
64748
64748
64747
64747
64747
64746
64746
64746
64745
64745
64745
64745
64744
64744
64744
64744
64743
64743
64743
64743
64742
64742
64742
64742
64741
64741
64741
64741
64740
64740
64740
64740
64739
64739
64739
64739
64738
64738
64738
64738
64737
64737
64737
64737
64736
64736
64735
64735
64734
64733
64733
64733
64733
64732
64732
64731
64729
64728
64726
64725
64724
64723
64723
64723
64721
64721
64721
64721
64720
64720
64720
64720
64719
64719
64719
64719
64718
64718
64718
64718
64717
64717
64717
64717
64716
64716
64716
64714
64714
64714
64714
64713
64713
64713
64713
64712
64712
64712
64712
64711
64711
64711
64711
64709
64709
64709
64708
64708
64707
64706
64705
64705
64704
64704
64704
64704
64703
64703
64703
64701
64701
64701
64701
64700
64700
64700
64700
64699
64699
64699
64699
64697
64697
64695
64695
64694
64694
64694
64694
64693
64693
64693
64693
64692
64692
64692
64692
64691
64691
64691
64691
64690
64690
64690
64688
64688
64688
64688
64687
64687
64687
64687
64686
64686
64686
64685
64685
64685
64685
64684
64684
64684
64684
64683
64683
64683
64683
64682
64682
64682
64682
64681
64681
64681
64681
64680
64680
64680
64680
64679
64679
64679
64679
64678
64678
64678
64678
64677
64677
64677
64677
64676
64676
64676
64676
64675
64675
64675
64675
64674
64674
64674
64674
64673
64673
64673
64673
64672
64672
64672
64672
64671
64671
64671
64671
64670
64670
64670
64670
64669
64669
64668
64667
64667
64667
64666
64666
64666
64666
64665
64665
64665
64665
64664
64664
64664
64664
64661
64659
64658
64655
64653
64652
64652
64652
64651
64651
64651
64651
64650
64650
64650
64650
64649
64649
64649
64648
64648
64648
64648
64647
64647
64647
64644
64644
64644
64644
64643
64643
64643
64643
64642
64642
64642
64642
64641
64640
64639
64639
64639
64639
64638
64638
64638
64637
64636
64635
64635
64635
64634
64634
64634
64633
64633
64633
64633
64632
64632
64632
64632
64631
64631
64631
64631
64630
64630
64630
64628
64628
64627
64627
64626
64626
64626
64625
64625
64625
64625
64625
64624
64624
64624
64623
64623
64623
64623
64622
64622
64622
64621
64620
64620
64619
64619
64619
64619
64618
64618
64618
64618
64617
64617
64617
64617
64616
64616
64616
64616
64615
64615
64615
64615
64614
64614
64614
64614
64613
64613
64613
64613
64612
64612
64612
64612
64611
64610
64609
64609
64609
64609
64608
64608
64608
64608
64607
64607
64607
64607
64606
64606
64606
64606
64605
64605
64605
64605
64604
64604
64604
64604
64603
64603
64603
64602
64602
64602
64602
64601
64601
64601
64601
64601
64600
64600
64599
64598
64598
64597
64597
64597
64597
64596
64596
64596
64596
64595
64595
64595
64595
64594
64594
64594
64594
64593
64593
64593
64593
64592
64592
64591
64589
64588
64585
64584
64582
64582
64582
64581
64581
64581
64581
64580
64580
64580
64580
64579
64579
64579
64579
64577
64577
64577
64576
64576
64576
64576
64575
64575
64575
64574
64573
64573
64573
64572
64572
64572
64571
64571
64571
64571
64569
64569
64568
64567
64567
64567
64566
64566
64566
64566
64565
64565
64565
64565
64565
64564
64564
64564
64564
64563
64563
64563
64562
64561
64561
64559
64559
64559
64559
64558
64558
64558
64557
64557
64557
64557
64556
64556
64556
64556
64555
64555
64555
64555
64554
64554
64553
64553
64552
64552
64552
64551
64551
64551
64551
64550
64550
64550
64550
64549
64549
64549
64549
64548
64548
64548
64548
64547
64547
64547
64547
64546
64546
64546
64546
64545
64545
64545
64545
64544
64544
64544
64543
64543
64543
64543
64542
64542
64542
64542
64541
64541
64541
64541
64540
64540
64540
64540
64539
64539
64539
64539
64538
64538
64538
64538
64537
64537
64537
64537
64536
64536
64536
64536
64535
64535
64535
64533
64533
64533
64532
64532
64532
64532
64531
64531
64531
64531
64530
64530
64530
64530
64529
64529
64529
64529
64528
64528
64528
64528
64527
64527
64527
64527
64526
64526
64526
64526
64525
64525
64525
64522
64521
64519
64517
64515
64514
64514
64513
64513
64513
64513
64512
64511
64511
64509
64508
64508
64508
64508
64507
64507
64506
64505
64505
64505
64505
64504
64504
64504
64504
64503
64503
64503
64503
64502
64501
64501
64499
64499
64499
64498
64498
64498
64497
64497
64497
64497
64496
64496
64496
64496
64495
64495
64495
64495
64494
64494
64494
64492
64492
64491
64490
64490
64490
64490
64489
64489
64489
64489
64488
64488
64488
64488
64487
64487
64487
64487
64486
64486
64486
64486
64484
64484
64484
64483
64483
64483
64483
64482
64482
64482
64482
64481
64481
64481
64481
64480
64480
64479
64478
64478
64478
64478
64477
64477
64477
64477
64476
64476
64476
64476
64475
64475
64475
64475
64474
64474
64474
64474
64473
64473
64473
64473
64472
64472
64472
64472
64471
64471
64471
64471
64470
64470
64470
64470
64469
64469
64469
64469
64468
64468
64468
64467
64467
64467
64467
64466
64466
64466
64464
64464
64464
64463
64463
64463
64463
64462
64462
64462
64462
64461
64461
64461
64461
64460
64460
64460
64460
64459
64459
64459
64459
64458
64458
64458
64458
64457
64457
64457
64457
64456
64456
64456
64456
64455
64455
64455
64455
64454
64454
64454
64454
64452
64450
64449
64448
64446
64445
64444
64444
64443
64442
64442
64442
64440
64440
64440
64440
64439
64439
64439
64438
64438
64438
64438
64437
64437
64437
64437
64436
64436
64435
64434
64433
64433
64432
64432
64432
64432
64431
64431
64431
64431
64430
64430
64430
64430
64429
64429
64429
64429
64428
64428
64428
64427
64426
64425
64425
64424
64424
64424
64424
64423
64423
64423
64423
64421
64421
64420
64420
64420
64420
64419
64419
64419
64419
64418
64417
64417
64416
64416
64416
64416
64415
64415
64415
64415
64414
64414
64414
64414
64413
64413
64413
64411
64411
64411
64410
64410
64410
64410
64409
64409
64409
64409
64408
64408
64408
64408
64407
64407
64407
64407
64406
64406
64406
64406
64405
64405
64405
64405
64404
64404
64404
64404
64403
64403
64403
64403
64402
64402
64402
64402
64401
64401
64401
64401
64400
64400
64400
64400
64399
64398
64398
64397
64397
64397
64397
64396
64396
64396
64396
64395
64395
64395
64395
64394
64394
64394
64394
64393
64393
64393
64393
64392
64392
64392
64392
64391
64391
64391
64391
64390
64390
64390
64390
64389
64389
64389
64388
64388
64388
64388
64387
64387
64387
64387
64386
64386
64386
64386
64385
64385
64385
64383
64382
64379
64378
64376
64373
64373
64373
64372
64372
64372
64372
64371
64371
64371
64371
64370
64370
64370
64370
64369
64369
64369
64367
64367
64365
64365
64365
64364
64364
64364
64364
64363
64363
64363
64363
64362
64362
64362
64362
64361
64361
64361
64361
64360
64360
64359
64358
64357
64357
64356
64356
64356
64356
64355
64355
64355
64355
64354
64354
64354
64354
64353
64353
64353
64353
64352
64352
64352
64350
64350
64350
64349
64349
64349
64349
64348
64348
64348
64348
64347
64347
64347
64347
64346
64346
64344
64344
64344
64344
64343
64343
64343
64343
64342
64342
64342
64342
64341
64341
64341
64341
64340
64340
64340
64340
64339
64338
64337
64337
64337
64337
64336
64336
64336
64336
64335
64335
64335
64335
64334
64334
64334
64334
64333
64333
64333
64333
64331
64331
64331
64329
64329
64329
64328
64328
64328
64328
64327
64327
64327
64327
64326
64326
64326
64326
64325
64325
64325
64324
64324
64324
64324
64323
64323
64323
64323
64322
64322
64322
64322
64322
64321
64321
64321
64320
64320
64320
64320
64319
64319
64319
64319
64318
64318
64318
64318
64317
64317
64317
64317
64316
64316
64316
64316
64315
64315
64315
64315
64314
64314
64314
64312
64311
64309
64308
64307
64305
64304
64304
64304
64304
64303
64303
64303
64303
64302
64302
64302
64300
64300
64299
64298
64298
64298
64298
64297
64297
64297
64297
64296
64296
64296
64296
64295
64295
64295
64295
64294
64294
64294
64294
64292
64292
64290
64290
64290
64290
64289
64289
64289
64289
64288
64288
64288
64288
64287
64287
64287
64287
64286
64286
64286
64286
64285
64283
64283
64283
64283
64282
64282
64282
64282
64281
64281
64281
64281
64280
64280
64280
64280
64279
64260
64260
64260
64259
64259
64259
64259
64258
64258
64258
64258
64257
64257
64257
64257
64256
64256
64256
64256
64255
64255
64253
64253
64252
64251
64251
64251
64251
64250
64250
64250
64250
64249
64249
64249
64249
64248
64248
64248
64248
64247
64247
64245
64245
64245
64244
64244
64244
64244
64243
64243
64243
64243
64242
64242
64242
64242
64241
64241
64241
64241
64240
64240
64240
64240
64239
64239
64239
64239
64238
64238
64238
64238
64237
64237
64237
64237
64236
64236
64236
64236
64235
64235
64235
64235
64234
64234
64234
64234
64233
64233
64233
64233
64232
64232
64232
64232
64231
64231
64231
64231
64230
64230
64230
64230
64229
64229
64229
64229
64228
64228
64228
64225
64223
64222
64220
64219
64215
64215
64215
64214
64214
64214
64212
64212
64211
64210
64210
64210
64210
64209
64209
64209
64208
64208
64208
64208
64207
64207
64207
64207
64206
64206
64206
64206
64205
64204
64204
64202
64202
64202
64202
64201
64201
64201
64201
64200
64200
64200
64199
64199
64199
64199
64198
64198
64198
64198
64197
64197
64196
64195
64195
64195
64195
64194
64194
64194
64194
64193
64193
64193
64193
64192
64192
64192
64192
64190
64190
64189
64189
64189
64189
64188
64188
64188
64188
64187
64187
64187
64187
64186
64186
64186
64186
64185
64185
64185
64183
64183
64182
64181
64181
64181
64181
64180
64180
64180
64180
64179
64179
64179
64179
64178
64178
64178
64176
64176
64176
64176
64175
64175
64175
64175
64174
64174
64174
64174
64173
64173
64173
64173
64172
64172
64172
64172
64171
64171
64171
64171
64170
64170
64170
64170
64169
64169
64169
64169
64168
64168
64168
64168
64167
64167
64167
64166
64166
64166
64166
64166
64165
64165
64165
64165
64164
64164
64164
64163
64163
64163
64163
64162
64162
64162
64162
64161
64161
64161
64161
64160
64160
64160
64160
64159
64159
64159
64159
64158
64158
64158
64158
64157
64157
64157
64157
64155
64154
64152
64151
64149
64147
64146
64145
64145
64145
64144
64144
64144
64143
64143
64143
64143
64142
64142
64142
64142
64141
64141
64141
64141
64140
64140
64140
64138
64138
64137
64136
64136
64136
64136
64135
64135
64135
64135
64134
64134
64134
64134
64133
64133
64133
64133
64132
64132
64132
64132
64130
64130
64129
64129
64128
64128
64127
64127
64127
64126
64124
64123
64123
64121
64121
64120
64120
64118
64118
64117
64117
64117
64116
64116
64116
64115
64115
64114
64114
64114
64114
64113
64113
64113
64112
64112
64111
64111
64109
64109
64107
64106
64106
64106
64105
64105
64105
64104
64104
64104
64104
64103
64103
64102
64101
64101
64101
64101
64100
64100
64100
64100
64099
64099
64099
64098
64098
64098
64098
64097
64097
64097
64097
64096
64096
64096
64096
64095
64095
64095
64095
64094
64094
64094
64094
64093
64093
64093
64093
64092
64092
64092
64092
64091
64091
64091
64091
64090
64090
64090
64090
64089
64089
64089
64089
64089
64088
64088
64088
64088
64087
64087
64087
64087
64086
64086
64086
64086
64085
64085
64085
64085
64084
64084
64084
64084
64083
64083
64083
64083
64082
64082
64082
64082
64081
64081
64081
64081
64080
64080
64080
64078
64076
64074
64073
64070
64069
64069
64068
64068
64068
64067
64067
64067
64067
64066
64066
64066
64066
64065
64065
64065
64065
64063
64063
64061
64061
64061
64060
64060
64060
64060
64059
64059
64059
64059
64058
64058
64058
64058
64057
64057
64057
64057
64056
64056
64054
64054
64054
64054
64053
64053
64053
64053
64052
64052
64052
64052
64051
64051
64051
64051
64050
64049
64049
64048
64048
64048
64048
64047
64047
64047
64047
64046
64046
64046
64046
64045
64045
64045
64045
64044
64044
64044
64042
64042
64041
64040
64040
64040
64040
64039
64039
64039
64039
64038
64037
64036
64036
64036
64036
64035
64035
64035
64034
64034
64034
64032
64032
64032
64032
64031
64031
64031
64030
64030
64030
64029
64029
64029
64029
64028
64028
64028
64028
64027
64027
64027
64027
64025
64025
64024
64024
64024
64024
64023
64023
64023
64023
64022
64022
64022
64022
64021
64021
64021
64021
64020
64020
64020
64020
64019
64019
64019
64019
64018
64018
64018
64018
64017
64017
64017
64017
64016
64016
64016
64016
64015
64015
64015
64015
64014
64014
64014
64014
64013
64013
64013
64013
64012
64012
64012
64012
64011
64011
64011
64011
64010
64010
64010
64010
64009
64009
64006
64005
64003
64001
63999
63998
63997
63997
63997
63996
63996
63996
63996
63995
63995
63995
63993
63993
63992
63992
63991
63991
63991
63990
63990
63990
63990
63989
63989
63989
63989
63988
63988
63988
63988
63987
63987
63987
63987
63985
63985
63985
63984
63984
63984
63984
63983
63983
63983
63983
63982
63982
63982
63982
63981
63981
63979
63979
63979
63979
63978
63978
63978
63978
63977
63977
63977
63977
63976
63976
63976
63976
63975
63975
63975
63975
63974
63973
63972
63971
63971
63971
63970
63970
63970
63970
63968
63968
63967
63967
63967
63967
63966
63966
63966
63966
63965
63965
63965
63965
63963
63963
63961
63961
63961
63960
63960
63960
63960
63959
63959
63959
63959
63958
63958
63958
63958
63957
63957
63957
63957
63956
63956
63956
63956
63955
63955
63955
63955
63954
63954
63954
63954
63953
63953
63953
63953
63952
63952
63952
63952
63951
63951
63951
63951
63950
63950
63950
63950
63949
63949
63949
63949
63948
63948
63948
63948
63947
63947
63947
63947
63946
63946
63946
63946
63945
63945
63945
63945
63944
63944
63944
63944
63943
63943
63943
63943
63942
63942
63942
63942
63941
63941
63941
63941
63940
63940
63940
63940
63939
63939
63939
63936
63934
63933
63932
63929
63927
63927
63927
63927
63926
63925
63924
63923
63923
63922
63922
63922
63922
63921
63921
63921
63921
63920
63920
63920
63920
63919
63919
63919
63919
63918
63918
63918
63916
63916
63916
63916
63915
63915
63915
63915
63914
63914
63914
63913
63913
63913
63913
63912
63912
63910
63910
63910
63910
63909
63909
63908
63908
63908
63908
63907
63907
63907
63907
63906
63906
63906
63906
63905
63905
63905
63903
63903
63902
63901
63901
63901
63900
63899
63899
63899
63899
63898
63898
63898
63898
63897
63897
63897
63897
63896
63896
63896
63896
63894
63894
63892
63892
63892
63891
63891
63891
63891
63890
63890
63890
63890
63889
63889
63889
63889
63888
63888
63888
63888
63887
63887
63887
63887
63886
63886
63886
63886
63885
63885
63885
63885
63884
63884
63884
63884
63883
63883
63883
63883
63882
63882
63882
63882
63881
63881
63881
63881
63880
63880
63880
63880
63879
63879
63879
63879
63878
63878
63878
63878
63877
63877
63877
63877
63876
63876
63876
63876
63875
63875
63875
63875
63874
63874
63874
63874
63873
63873
63873
63872
63872
63872
63872
63871
63871
63871
63871
63870
63870
63870
63870
63869
63869
63869
63869
63868
63868
63867
63865
63863
63862
63859
63858
63857
63856
63856
63856
63855
63855
63855
63855
63854
63854
63854
63854
63854
63853
63852
63852
63852
63852
63851
63851
63851
63850
63849
63849
63849
63848
63848
63848
63848
63847
63847
63847
63847
63846
63846
63846
63846
63845
63844
63844
63843
63843
63843
63843
63842
63842
63842
63842
63841
63841
63841
63841
63840
63840
63840
63840
63839
63839
63837
63836
63836
63834
63832
63832
63831
63831
63829
63828
63828
63827
63827
63826
63826
63825
63825
63825
63824
63824
63824
63823
63823
63823
63820
63820
63817
63817
63816
63816
63816
63815
63815
63815
63814
63814
63814
63813
63813
63812
63698
63697
63697
63697
63696
63696
63696
63695
63695
63695
63695
63694
63694
63694
63694
63693
63693
63693
63693
63692
63692
63692
63692
63691
63691
63691
63691
63690
63690
63690
63690
63689
63689
63689
63689
63688
63688
63688
63688
63687
63687
63687
63687
63686
63686
63686
63686
63685
63685
63685
63685
63684
63684
63684
63684
63683
63683
63683
63683
63682
63682
63682
63682
63681
63681
63681
63681
63680
63680
63680
63680
63679
63679
63679
63679
63678
63678
63678
63678
63677
63677
63677
63677
63676
63676
63676
63676
63675
63671
63670
63668
63665
63664
63662
63662
63662
63662
63661
63661
63661
63661
63660
63660
63660
63659
63659
63659
63659
63658
63657
63657
63656
63656
63656
63655
63655
63655
63655
63654
63654
63654
63654
63653
63653
63653
63653
63651
63651
63651
63650
63650
63650
63650
63649
63649
63649
63649
63648
63648
63648
63648
63647
63647
63647
63647
63646
63646
63643
63643
63642
63641
63641
63641
63641
63640
63640
63640
63640
63639
63639
63639
63639
63638
63638
63638
63638
63637
63637
63637
63637
63635
63635
63633
63633
63632
63632
63632
63632
63631
63631
63631
63631
63630
63630
63630
63630
63629
63629
63629
63629
63628
63628
63628
63626
63626
63626
63626
63625
63625
63625
63624
63624
63624
63624
63624
63623
63623
63623
63622
63622
63622
63622
63621
63621
63621
63621
63619
63619
63618
63618
63618
63618
63617
63617
63617
63617
63616
63616
63616
63615
63615
63615
63615
63614
63614
63614
63614
63613
63613
63613
63613
63612
63612
63612
63612
63611
63611
63611
63611
63610
63610
63610
63610
63609
63609
63609
63609
63608
63608
63607
63607
63607
63606
63606
63605
63605
63605
63604
63604
63604
63603
63603
63603
63603
63602
63601
63600
63600
63600
63600
63598
63597
63595
63592
63590
63588
63588
63588
63587
63587
63586
63586
63586
63585
63585
63584
63583
63583
63583
63582
63582
63582
63582
63581
63581
63581
63581
63580
63580
63580
63580
63579
63578
63577
63577
63577
63577
63576
63576
63576
63576
63575
63575
63575
63575
63574
63574
63574
63574
63573
63572
63571
63571
63570
63569
63568
63568
63567
63567
63567
63567
63566
63566
63566
63566
63565
63565
63565
63565
63564
63564
63564
63564
63563
63563
63563
63561
63561
63560
63559
63559
63559
63558
63558
63558
63558
63557
63557
63557
63557
63556
63556
63556
63555
63555
63555
63554
63554
63554
63552
63552
63552
63552
63551
63551
63551
63550
63550
63550
63550
63549
63549
63549
63549
63548
63548
63548
63548
63547
63547
63547
63547
63546
63546
63546
63546
63545
63545
63545
63545
63544
63544
63544
63544
63543
63543
63543
63543
63542
63542
63542
63542
63541
63541
63541
63541
63540
63540
63540
63540
63539
63539
63539
63539
63538
63538
63538
63538
63537
63537
63537
63537
63536
63536
63536
63535
63535
63535
63535
63534
63534
63534
63534
63533
63533
63533
63533
63532
63531
63530
63530
63530
63530
63529
63529
63529
63529
63528
63528
63528
63528
63527
63525
63523
63521
63519
63517
63516
63516
63515
63515
63514
63513
63513
63513
63513
63512
63512
63512
63511
63511
63511
63511
63510
63510
63510
63510
63509
63508
63508
63507
63507
63507
63507
63506
63506
63506
63506
63505
63505
63505
63505
63504
63502
63502
63501
63501
63501
63501
63499
63499
63498
63497
63497
63497
63497
63496
63496
63496
63496
63495
63495
63495
63495
63494
63494
63494
63494
63493
63493
63493
63493
63491
63491
63489
63489
63489
63488
63488
63488
63488
63487
63487
63487
63487
63486
63486
63486
63486
63485
63485
63485
63485
63484
63484
63483
63483
63482
63482
63482
63481
63481
63481
63481
63480
63480
63480
63480
63479
63479
63479
63479
63478
63478
63478
63478
63477
63477
63477
63477
63476
63476
63476
63476
63475
63475
63475
63475
63474
63474
63474
63474
63473
63473
63473
63473
63472
63472
63472
63472
63471
63471
63471
63471
63470
63470
63470
63470
63469
63469
63469
63469
63468
63468
63468
63468
63467
63467
63467
63467
63466
63466
63466
63465
63465
63465
63465
63464
63464
63464
63464
63462
63462
63461
63461
63461
63461
63460
63460
63460
63460
63459
63459
63459
63459
63458
63458
63458
63458
63458
63457
63457
63457
63457
63455
63454
63452
63450
63448
63446
63446
63445
63445
63445
63445
63444
63444
63444
63444
63443
63443
63443
63443
63442
63441
63440
63440
63440
63440
63439
63439
63439
63439
63438
63438
63438
63436
63436
63436
63436
63435
63435
63435
63435
63434
63432
63432
63427
63427
63426
63426
63426
63425
63425
63425
63424
63424
63423
63423
63423
63422
63422
63421
63421
63421
63420
63420
63419
63375
63373
63370
63370
63369
63369
63368
63368
63368
63367
63367
63366
63366
63365
63365
63364
63364
63364
63363
63363
63362
63197
63196
63194
63193
63193
63193
63192
63192
63192
63191
63191
63191
63191
63190
63190
63190
63190
63189
63189
63189
63189
63188
63188
63188
63188
63187
63187
63187
63187
63186
63186
63186
63186
63185
63185
63185
63185
63184
63184
63184
63184
63183
63183
63183
63183
63182
63182
63182
63181
63181
63181
63181
63180
63180
63180
63180
63179
63179
63179
63179
63178
63178
63178
63178
63177
63177
63177
63177
63176
63176
63176
63176
63175
63175
63175
63173
63173
63173
63172
63172
63172
63172
63171
63171
63171
63171
63170
63170
63170
63170
63169
63169
63169
63169
63168
63168
63168
63168
63167
63167
63167
63167
63166
63166
63166
63166
63165
63163
63162
63159
63157
63156
63154
63154
63154
63154
63153
63153
63153
63152
63152
63151
63150
63150
63150
63150
63149
63149
63149
63149
63147
63147
63146
63146
63146
63145
63145
63145
63145
63144
63144
63144
63142
63142
63141
63140
63140
63140
63140
63139
63139
63139
63139
63138
63138
63138
63138
63137
63137
63137
63137
63136
63136
63136
63136
63134
63134
63132
63132
63132
63132
63131
63131
63131
63131
63130
63130
63130
63130
63129
63129
63129
63128
63128
63128
63128
63127
63127
63126
63126
63125
63125
63125
63125
63124
63124
63124
63124
63123
63123
63123
63123
63122
63122
63122
63122
63121
63121
63121
63121
63120
63119
63119
63118
63118
63118
63117
63117
63117
63117
63116
63116
63116
63116
63115
63115
63115
63115
63114
63114
63114
63114
63113
63113
63113
63111
63111
63111
63110
63110
63110
63110
63109
63109
63109
63109
63108
63108
63108
63107
63107
63107
63107
63106
63106
63106
63106
63105
63104
63104
63103
63103
63103
63103
63102
63102
63102
63102
63101
63101
63101
63101
63100
63100
63100
63100
63099
63099
63099
63099
63098
63098
63098
63098
63097
63097
63097
63097
63096
63096
63096
63096
63095
63095
63095
63095
63094
63094
63094
63092
63091
63090
63088
63087
63085
63084
63084
63083
63082
63082
63082
63082
63081
63080
63080
63079
63079
63079
63078
63078
63078
63078
63077
63077
63077
63077
63076
63076
63075
63074
63073
63073
63072
63072
63072
63072
63071
63071
63071
63071
63070
63070
63070
63070
63069
63069
63069
63069
63068
63068
63068
63066
63066
63065
63064
63064
63064
63063
63063
63063
63063
63062
63062
63062
63062
63061
63061
63061
63061
63060
63060
63060
63060
63059
63058
63057
63057
63057
63057
63056
63056
63056
63056
63055
63055
63055
63055
63054
63054
63054
63054
63053
63053
63053
63053
63052
63052
63048
63048
63047
63047
63047
63047
63046
63046
63046
63046
63045
63045
63045
63045
63044
63044
63044
63044
63043
63043
63043
63043
63042
63042
63042
63042
63041
63041
63041
63041
63040
63040
63040
63040
63039
63039
63039
63039
63038
63038
63038
63038
63037
63037
63036
63035
63035
63035
63035
63034
63034
63034
63034
63033
63033
63033
63033
63032
63032
63032
63032
63031
63031
63031
63031
63030
63030
63030
63030
63029
63029
63029
63029
63028
63028
63028
63028
63027
63027
63027
63026
63026
63026
63025
63025
63025
63025
63024
63024
63024
63024
63023
63023
63023
63018
63015
63013
63011
63009
63007
63006
63006
63006
63005
63005
63005
63005
63004
63004
63004
63004
63003
63003
63003
63003
63002
63002
63000
63000
62999
62998
62998
62998
62998
62997
62997
62997
62997
62996
62996
62996
62996
62995
62995
62995
62995
62994
62994
62994
62994
62992
62992
62990
62990
62990
62989
62989
62989
62989
62988
62988
62988
62988
62987
62987
62987
62987
62986
62986
62986
62985
62985
62985
62983
62983
62983
62983
62982
62982
62982
62982
62981
62981
62981
62981
62980
62980
62980
62980
62979
62979
62979
62979
62978
62978
62978
62976
62976
62976
62976
62975
62975
62975
62975
62974
62974
62974
62973
62973
62973
62973
62972
62972
62972
62972
62971
62971
62971
62971
62970
62970
62970
62970
62969
62969
62969
62969
62968
62968
62968
62967
62967
62967
62966
62966
62966
62966
62964
62964
62964
62963
62963
62963
62963
62962
62962
62962
62962
62961
62961
62961
62961
62960
62960
62960
62960
62959
62959
62959
62959
62958
62958
62958
62958
62957
62957
62957
62957
62956
62956
62956
62956
62955
62955
62955
62955
62954
62954
62954
62953
62953
62953
62953
62952
62952
62952
62952
62951
62951
62951
62951
62950
62950
62950
62950
62949
62948
62947
62944
62942
62941
62939
62939
62939
62939
62938
62938
62938
62938
62937
62937
62937
62937
62935
62935
62933
62933
62932
62932
62932
62932
62931
62931
62931
62931
62930
62930
62930
62929
62929
62929
62929
62928
62928
62928
62928
62926
62926
62924
62924
62924
62923
62923
62923
62923
62922
62922
62922
62921
62921
62921
62920
62920
62920
62920
62919
62919
62919
62919
62917
62916
62915
62915
62915
62915
62914
62914
62914
62914
62913
62913
62913
62913
62912
62912
62912
62912
62911
62911
62911
62911
62910
62909
62909
62908
62908
62908
62908
62907
62907
62907
62907
62906
62906
62906
62906
62905
62904
62904
62903
62903
62903
62903
62902
62902
62902
62902
62901
62901
62901
62901
62900
62900
62900
62900
62899
62899
62899
62899
62898
62897
62896
62896
62896
62896
62895
62895
62895
62895
62894
62894
62894
62893
62893
62893
62893
62892
62892
62892
62892
62891
62891
62891
62891
62890
62890
62890
62890
62889
62889
62889
62889
62888
62888
62888
62888
62887
62887
62887
62887
62886
62886
62886
62886
62885
62885
62885
62885
62884
62884
62884
62884
62883
62883
62883
62883
62882
62882
62882
62882
62881
62881
62881
62881
62880
62880
62880
62880
62878
62874
62873
62872
62870
62868
62868
62868
62867
62867
62867
62865
62865
62864
62863
62863
62863
62863
62862
62862
62862
62862
62861
62861
62861
62861
62860
62860
62860
62860
62859
62859
62859
62859
62857
62857
62855
62855
62855
62855
62854
62854
62854
62854
62853
62853
62853
62853
62852
62852
62852
62852
62851
62851
62851
62850
62850
62848
62848
62848
62848
62847
62847
62847
62847
62846
62846
62846
62846
62845
62845
62845
62845
62844
62844
62844
62844
62843
62843
62843
62841
62841
62841
62840
62840
62840
62839
62839
62839
62839
62838
62838
62838
62838
62837
62836
62836
62836
62835
62835
62835
62835
62834
62833
62833
62832
62832
62832
62832
62831
62831
62831
62830
62830
62829
62828
62828
62827
62827
62827
62827
62826
62826
62826
62826
62825
62825
62825
62823
62823
62823
62823
62822
62822
62822
62822
62821
62821
62821
62821
62820
62820
62820
62820
62819
62819
62819
62819
62818
62818
62818
62818
62817
62817
62817
62817
62816
62816
62816
62816
62815
62815
62815
62815
62814
62814
62814
62814
62813
62813
62813
62812
62812
62812
62812
62811
62811
62811
62811
62810
62810
62810
62810
62810
62809
62809
62809
62809
62808
62808
62808
62808
62806
62805
62803
62802
62800
62797
62797
62795
62795
62795
62795
62794
62794
62794
62794
62793
62793
62793
62793
62792
62792
62792
62792
62791
62791
62791
62790
62790
62789
62788
62787
62787
62787
62786
62786
62786
62785
62785
62785
62785
62784
62784
62784
62784
62783
62783
62783
62783
62782
62782
62782
62759
62758
62758
62758
62757
62757
62757
62756
62756
62756
62755
62755
62755
62755
62754
62754
62754
62753
62753
62753
62752
62752
62752
62750
62750
62749
62749
62749
62748
62748
62748
62748
62747
62747
62747
62746
62746
62746
62744
62744
62744
62743
62743
62743
62742
62742
62740
62740
62740
62739
62739
62739
62739
62738
62738
62737
62736
62736
62736
62736
62735
62735
62735
62735
62734
62734
62734
62734
62733
62733
62733
62733
62732
62732
62732
62732
62731
62731
62731
62731
62730
62730
62730
62730
62729
62729
62729
62729
62728
62728
62728
62727
62727
62727
62727
62726
62726
62726
62726
62725
62725
62725
62725
62724
62724
62724
62724
62723
62723
62723
62723
62722
62722
62722
62722
62721
62721
62721
62721
62720
62720
62720
62719
62719
62719
62719
62718
62718
62718
62718
62717
62717
62717
62717
62716
62716
62716
62716
62715
62715
62715
62711
62708
62706
62704
62702
62701
62700
62700
62700
62699
62699
62699
62699
62698
62698
62698
62698
62697
62697
62697
62697
62696
62695
62694
62693
62693
62692
62692
62692
62692
62691
62691
62691
62691
62690
62690
62690
62690
62689
62689
62689
62689
62688
62688
62688
62686
62686
62686
62686
62685
62685
62685
62684
62684
62684
62684
62683
62683
62683
62683
62682
62682
62682
62682
62681
62681
62681
62681
62679
62679
62679
62678
62678
62678
62678
62677
62677
62677
62677
62676
62676
62675
62675
62671
62670
62670
62670
62669
62669
62669
62668
62666
62665
62665
62665
62664
62664
62662
62661
62661
62660
62660
62660
62617
62616
62616
62614
62614
62614
62613
62613
62613
62612
62612
62612
62612
62611
62611
62611
62611
62610
62610
62610
62610
62609
62609
62609
62609
62608
62608
62608
62608
62607
62607
62607
62607
62606
62606
62606
62606
62605
62605
62605
62605
62604
62604
62604
62604
62603
62603
62603
62603
62602
62602
62602
62601
62601
62601
62600
62600
62600
62600
62599
62599
62599
62599
62598
62598
62598
62598
62597
62597
62597
62597
62596
62596
62596
62596
62595
62595
62595
62595
62594
62594
62594
62594
62593
62593
62593
62593
62592
62592
62589
62588
62586
62585
62584
62582
62582
62582
62581
62581
62581
62580
62580
62580
62580
62579
62578
62578
62576
62576
62576
62575
62575
62575
62575
62574
62574
62574
62574
62573
62573
62573
62573
62572
62572
62572
62572
62571
62571
62570
62569
62569
62569
62569
62568
62568
62568
62568
62567
62567
62567
62567
62566
62566
62566
62566
62565
62565
62565
62565
62564
62564
62562
62562
62561
62560
62560
62560
62560
62559
62559
62559
62559
62558
62558
62558
62558
62556
62556
62556
62555
62555
62555
62555
62554
62553
62553
62552
62551
62551
62550
62550
62550
62550
62549
62549
62549
62549
62548
62548
62547
62546
62546
62546
62546
62545
62545
62545
62545
62544
62544
62544
62544
62543
62543
62543
62543
62542
62542
62542
62542
62541
62541
62541
62541
62540
62540
62540
62540
62539
62539
62539
62539
62538
62538
62538
62538
62537
62537
62537
62537
62536
62536
62536
62536
62535
62535
62535
62534
62534
62534
62533
62533
62533
62532
62532
62532
62532
62531
62531
62531
62531
62530
62530
62530
62530
62529
62529
62529
62529
62528
62528
62528
62528
62527
62527
62527
62527
62526
62526
62526
62526
62525
62525
62525
62525
62524
62524
62524
62524
62523
62523
62520
62519
62517
62516
62513
62512
62511
62511
62511
62510
62509
62509
62507
62507
62507
62506
62506
62506
62506
62505
62505
62505
62505
62504
62504
62504
62504
62503
62503
62503
62503
62502
62502
62501
62500
62500
62500
62500
62499
62499
62499
62499
62498
62498
62498
62498
62497
62497
62497
62497
62496
62496
62496
62496
62495
62495
62494
62493
62493
62493
62493
62492
62492
62492
62492
62491
62491
62491
62491
62490
62490
62489
62488
62488
62488
62488
62487
62487
62487
62484
62484
62484
62484
62483
62483
62483
62483
62482
62482
62482
62482
62481
62481
62481
62479
62479
62477
62477
62477
62477
62476
62476
62476
62476
62475
62475
62475
62475
62474
62474
62474
62474
62473
62473
62473
62473
62472
62472
62472
62472
62471
62471
62471
62471
62470
62470
62470
62470
62468
62468
62468
62467
62467
62467
62467
62466
62466
62466
62466
62465
62465
62465
62464
62464
62464
62464
62463
62463
62463
62463
62463
62462
62462
62462
62462
62461
62461
62461
62461
62460
62460
62460
62460
62459
62459
62459
62459
62458
62458
62458
62457
62457
62457
62457
62456
62456
62456
62456
62455
62455
62455
62455
62454
62454
62454
62454
62453
62453
62453
62453
62452
62452
62451
62449
62448
62446
62444
62442
62441
62440
62440
62440
62440
62439
62439
62439
62439
62438
62438
62438
62438
62437
62437
62437
62437
62436
62436
62436
62436
62434
62434
62433
62433
62433
62433
62432
62432
62432
62432
62431
62431
62431
62431
62430
62430
62430
62430
62429
62429
62429
62429
62428
62427
62427
62427
62426
62426
62426
62426
62425
62425
62425
62425
62424
62424
62424
62424
62422
62422
62422
62421
62421
62420
62419
62419
62418
62417
62417
62417
62417
62416
62416
62416
62416
62415
62415
62415
62415
62414
62414
62413
62412
62411
62411
62410
62410
62410
62409
62409
62409
62409
62408
62408
62408
62408
62407
62407
62407
62407
62406
62406
62406
62406
62405
62405
62405
62405
62404
62404
62404
62404
62403
62403
62403
62403
62402
62402
62402
62401
62401
62401
62401
62400
62400
62400
62400
62399
62399
62399
62399
62398
62398
62398
62398
62397
62397
62397
62397
62396
62396
62396
62396
62395
62395
62395
62395
62394
62394
62394
62394
62393
62393
62393
62393
62392
62392
62392
62392
62391
62391
62391
62391
62390
62390
62390
62390
62389
62389
62389
62388
62388
62388
62388
62387
62387
62387
62387
62386
62386
62386
62386
62385
62385
62385
62380
62379
62377
62376
62375
62373
62373
62373
62372
62372
62372
62372
62371
62371
62371
62370
62370
62370
62370
62369
62369
62367
62367
62367
62366
62366
62366
62366
62365
62365
62365
62365
62364
62364
62364
62364
62363
62363
62363
62363
62362
62362
62362
62361
62360
62360
62359
62359
62359
62359
62358
62358
62358
62358
62357
62357
62357
62356
62356
62355
62355
62352
62352
62352
62352
62351
62351
62350
62349
62349
62349
62348
62348
62348
62347
62347
62347
62347
62346
62346
62346
62346
62344
62344
62343
62342
62342
62342
62341
62341
62341
62341
62340
62340
62340
62340
62339
62339
62339
62339
62338
62338
62338
62338
62337
62336
62336
62335
62335
62335
62335
62334
62334
62334
62334
62333
62333
62333
62333
62332
62332
62332
62332
62331
62331
62331
62331
62330
62330
62330
62330
62329
62329
62329
62329
62328
62328
62328
62328
62327
62327
62327
62327
62326
62326
62326
62326
62325
62325
62325
62325
62324
62324
62324
62324
62323
62323
62323
62323
62322
62322
62322
62322
62321
62321
62321
62320
62320
62320
62320
62319
62319
62319
62319
62318
62318
62318
62318
62317
62317
62317
62317
62316
62316
62316
62316
62315
62315
62315
62313
62313
62313
62311
62310
62308
62307
62305
62304
62304
62304
62303
62303
62303
62303
62302
62302
62302
62300
62300
62300
62300
62299
62299
62299
62298
62298
62298
62298
62297
62297
62297
62297
62296
62296
62296
62296
62295
62295
62295
62295
62293
62293
62293
62292
62292
62292
62292
62291
62291
62291
62291
62290
62290
62290
62288
62287
62287
62287
62286
62286
62286
62286
62285
62284
62284
62283
62282
62282
62281
62281
62281
62281
62280
62280
62280
62280
62279
62279
62277
62277
62275
62275
62275
62275
62274
62274
62274
62274
62273
62273
62273
62272
62272
62272
62272
62271
62271
62271
62271
62270
62270
62268
62267
62267
62267
62267
62266
62266
62266
62265
62265
62265
62265
62264
62264
62264
62264
62263
62263
62263
62263
62262
62262
62262
62262
62261
62261
62261
62261
62260
62260
62260
62260
62259
62259
62259
62259
62258
62258
62258
62258
62257
62257
62257
62257
62256
62256
62256
62256
62255
62255
62255
62255
62254
62254
62254
62254
62253
62253
62253
62253
62252
62252
62252
62251
62251
62251
62250
62250
62250
62250
62249
62249
62249
62249
62248
62248
62248
62248
62247
62247
62247
62245
62245
62245
62245
62244
62244
62244
62244
62243
62243
62243
62243
62241
62239
62238
62237
62235
62234
62234
62233
62233
62232
62231
62231
62231
62231
62230
62230
62230
62230
62229
62229
62229
62229
62228
62228
62228
62228
62227
62227
62227
62227
62226
62226
62224
62224
62224
62224
62223
62223
62223
62223
62222
62222
62222
62220
62220
62220
62220
62218
62218
62218
62217
62217
62217
62217
62216
62215
62215
62214
62214
62214
62214
62213
62213
62213
62213
62212
62212
62212
62211
62211
62210
62209
62208
62208
62207
62207
62207
62207
62206
62206
62206
62206
62205
62205
62205
62205
62204
62204
62204
62204
62203
62203
62203
62201
62201
62201
62200
62200
62200
62200
62199
62199
62199
62199
62198
62198
62198
62198
62197
62197
62197
62197
62196
62196
62196
62195
62195
62195
62195
62194
62194
62194
62194
62193
62193
62193
62193
62192
62191
62191
62191
62190
62190
62190
62189
62189
62189
62189
62188
62188
62188
62188
62187
62187
62187
62187
62186
62186
62186
62186
62185
62185
62185
62185
62184
62184
62184
62184
62183
62183
62183
62183
62182
62182
62182
62182
62181
62181
62181
62181
62180
62179
62178
62178
62178
62178
62177
62177
62177
62177
62176
62176
62176
62176
62175
62175
62175
62175
62174
62174
62174
62174
62171
62170
62168
62166
62164
62163
62162
62162
62162
62162
62161
62161
62161
62161
62160
62160
62160
62160
62159
62159
62159
62159
62158
62158
62158
62158
62156
62156
62155
62155
62155
62155
62154
62154
62153
62152
62152
62152
62152
62151
62151
62150
62149
62149
62149
62149
62148
62148
62148
62146
62146
62146
62145
62145
62145
62145
62144
62144
62144
62144
62143
62143
62143
62143
62141
62141
62139
62139
62139
62139
62138
62138
62138
62138
62137
62137
62137
62137
62136
62136
62136
62136
62135
62135
62135
62135
62134
62132
62132
62131
62131
62131
62131
62130
62130
62130
62130
62129
62129
62129
62129
62128
62128
62128
62128
62127
62127
62127
62126
62126
62126
62126
62125
62125
62125
62125
62125
62124
62124
62124
62123
62123
62123
62123
62122
62122
62122
62122
62121
62121
62121
62121
62120
62120
62120
62120
62119
62119
62119
62119
62118
62118
62118
62118
62117
62117
62117
62117
62116
62116
62116
62116
62115
62115
62115
62115
62114
62114
62114
62114
62113
62113
62112
62111
62111
62111
62111
62110
62110
62110
62110
62109
62109
62109
62109
62108
62108
62108
62108
62107
62107
62107
62107
62106
62106
62106
62106
62105
62105
62105
62105
62104
62102
62100
62099
62097
62096
62094
62094
62094
62093
62093
62093
62093
62092
62092
62092
62092
62091
62091
62091
62091
62089
62089
62089
62088
62088
62087
62086
62086
62086
62086
62085
62085
62085
62084
62084
62082
62082
62082
62082
62081
62081
62081
62080
62079
62079
62078
62078
62078
62078
62077
62077
62077
62077
62076
62076
62076
62076
62075
62074
62074
62072
62072
62072
62072
62071
62071
62071
62071
62070
62070
62070
62069
62069
62069
62069
62068
62068
62068
62068
62067
62067
62066
62065
62065
62065
62065
62064
62064
62064
62064
62063
62063
62063
62063
62062
62062
62062
62062
62061
62061
62061
62061
62060
62060
62059
62058
62058
62058
62058
62057
62057
62057
62057
62056
62056
62056
62056
62055
62055
62055
62055
62054
62054
62054
62054
62053
62053
62053
62053
62052
62052
62052
62052
62051
62051
62051
62051
62050
62050
62050
62050
62049
62049
62049
62049
62048
62048
62048
62048
62047
62047
62047
62047
62045
62045
62045
62044
62044
62044
62044
62043
62043
62043
62043
62042
62042
62042
62042
62041
62041
62041
62041
62040
62040
62040
62040
62039
62039
62039
62039
62038
62038
62038
62038
62037
62037
62037
62037
62036
62036
62036
62036
62034
62033
62030
62029
62028
62026
62026
62026
62026
62025
62025
62025
62025
62024
62023
62023
62021
62021
62021
62020
62020
62020
62019
62019
62019
62019
62018
62018
62018
62017
62016
62016
62016
62016
62015
62015
62015
62013
62013
62013
62013
62012
62012
62012
62012
62011
62011
62011
62011
62010
62010
62010
62008
62008
62007
62007
62006
62006
62006
62006
62005
62005
62005
62005
62003
62003
62002
62002
62002
62002
62001
62001
62001
62001
62000
61998
61998
61997
61997
61997
61997
61996
61996
61996
61996
61995
61995
61995
61995
61994
61994
61994
61994
61993
61993
61993
61993
61992
61991
61991
61990
61990
61990
61990
61989
61989
61989
61988
61988
61988
61987
61987
61987
61987
61986
61986
61986
61986
61985
61985
61985
61985
61984
61984
61984
61984
61983
61983
61983
61983
61982
61982
61982
61982
61981
61981
61981
61981
61980
61980
61980
61979
61979
61979
61977
61977
61977
61977
61976
61976
61976
61976
61975
61975
61975
61975
61974
61974
61974
61974
61973
61973
61973
61973
61972
61972
61972
61972
61971
61971
61971
61971
61970
61970
61970
61970
61969
61969
61969
61969
61968
61968
61968
61968
61967
61967
61967
61967
61966
61966
61966
61966
61964
61963
61961
61960
61958
61957
61957
61955
61954
61954
61953
61953
61953
61953
61952
61952
61952
61952
61951
61951
61951
61951
61950
61949
61949
61949
61948
61948
61948
61947
61947
61946
61945
61945
61945
61945
61944
61944
61944
61944
61943
61943
61943
61943
61942
61942
61941
61940
61939
61939
61938
61938
61938
61937
61937
61937
61937
61936
61936
61936
61936
61935
61935
61935
61935
61934
61934
61934
61934
61932
61932
61931
61931
61931
61931
61930
61930
61930
61930
61929
61929
61929
61929
61928
61928
61928
61928
61927
61927
61927
61927
61926
61925
61925
61924
61924
61924
61924
61923
61923
61923
61923
61922
61922
61922
61922
61921
61921
61921
61921
61920
61920
61920
61920
61919
61919
61919
61919
61918
61918
61918
61918
61917
61917
61917
61917
61916
61916
61914
61914
61914
61914
61913
61913
61913
61911
61911
61911
61911
61910
61910
61910
61910
61909
61909
61909
61909
61908
61908
61908
61908
61907
61907
61907
61907
61906
61906
61906
61906
61905
61905
61905
61905
61904
61904
61904
61904
61903
61903
61903
61903
61902
61902
61902
61902
61901
61901
61901
61901
61900
61900
61900
61900
61899
61899
61899
61899
61898
61898
61898
61898
61897
61896
61894
61892
61891
61889
61887
61887
61886
61886
61886
61885
61885
61885
61885
61884
61884
61884
61883
61882
61882
61882
61881
61881
61881
61881
61879
61879
61879
61878
61878
61878
61878
61877
61877
61876
61876
61876
61876
61875
61875
61873
61873
61872
61872
61871
61871
61871
61871
61870
61870
61870
61869
61869
61869
61869
61868
61868
61868
61868
61867
61867
61867
61867
61865
61865
61865
61864
61864
61864
61863
61863
61863
61863
61862
61862
61862
61862
61861
61861
61861
61861
61860
61860
61860
61860
61859
61857
61857
61856
61856
61856
61856
61855
61855
61855
61855
61854
61854
61854
61854
61853
61853
61853
61853
61852
61852
61852
61850
61850
61850
61849
61849
61849
61849
61848
61848
61848
61848
61847
61847
61847
61847
61846
61846
61846
61846
61844
61844
61844
61843
61843
61843
61843
61842
61842
61842
61842
61841
61841
61841
61841
61840
61840
61840
61840
61839
61839
61839
61839
61838
61838
61838
61838
61837
61837
61837
61837
61836
61836
61836
61836
61835
61835
61835
61835
61834
61834
61834
61834
61833
61833
61833
61832
61832
61832
61832
61831
61831
61831
61831
61830
61830
61830
61830
61829
61829
61829
61829
61828
61828
61828
61828
61825
61824
61822
61821
61819
61818
61818
61817
61817
61817
61817
61815
61815
61814
61814
61814
61814
61813
61813
61812
61812
61811
61811
61811
61810
61810
61810
61809
61809
61808
61808
61808
61807
61807
61805
61805
61803
61803
61803
61802
61802
61802
61801
61801
61801
61801
61800
61800
61800
61800
61799
61799
61799
61798
61798
61798
61798
61796
61796
61796
61795
61795
61795
61794
61794
61794
61794
61793
61793
61793
61792
61792
61792
61792
61791
61791
61791
61791
61790
61790
61789
61788
61788
61788
61788
61787
61787
61787
61787
61786
61786
61786
61786
61785
61785
61785
61785
61784
61784
61784
61784
61782
61760
61757
61757
61756
61756
61756
61756
61755
61755
61755
61754
61754
61754
61753
61753
61751
61751
61751
61750
61750
61750
61749
61749
61749
61748
61748
61748
61748
61747
61747
61747
61746
61746
61746
61745
61745
61745
61745
61744
61744
61744
61743
61743
61743
61742
61742
61742
61742
61741
61741
61741
61740
61740
61740
61739
61739
61739
61739
61738
61738
61738
61737
61737
61737
61736
61736
61736
61735
61735
61735
61735
61734
61734
61734
61734
61733
61733
61733
61733
61732
61732
61732
61732
61731
61731
61731
61731
61730
61730
61730
61728
61727
61725
61724
61722
61719
61719
61719
61719
61718
61718
61718
61718
61716
61715
61715
61715
61714
61714
61713
61713
61713
61712
61712
61711
61711
61711
61711
61709
61709
61707
61707
61707
61706
61706
61706
61706
61705
61705
61705
61705
61704
61704
61704
61704
61703
61703
61703
61702
61702
61702
61700
61700
61699
61699
61699
61699
61698
61698
61698
61698
61697
61697
61697
61695
61695
61695
61694
61694
61694
61694
61693
61693
61693
61690
61690
61690
61690
61689
61689
61689
61689
61688
61688
61688
61688
61687
61687
61687
61687
61686
61686
61686
61686
61685
61684
61684
61682
61682
61682
61681
61681
61681
61681
61680
61680
61680
61680
61678
61678
61678
61677
61677
61677
61677
61676
61676
61676
61676
61675
61675
61675
61675
61674
61674
61674
61673
61673
61673
61673
61672
61672
61672
61672
61671
61671
61671
61671
61670
61670
61670
61670
61669
61669
61669
61669
61668
61668
61668
61668
61667
61667
61667
61667
61666
61666
61666
61666
61665
61665
61665
61664
61664
61664
61664
61663
61663
61663
61663
61662
61662
61662
61662
61661
61661
61661
61661
61660
61660
61660
61660
61659
61659
61659
61659
61658
61658
61658
61658
61658
61657
61657
61655
61654
61653
61651
61650
61647
61647
61645
61645
61645
61645
61644
61644
61644
61644
61643
61643
61643
61643
61642
61642
61642
61640
61640
61639
61638
61638
61638
61637
61637
61637
61637
61636
61636
61636
61636
61635
61635
61635
61635
61634
61634
61634
61634
61633
61632
61631
61631
61631
61631
61630
61630
61630
61630
61629
61629
61629
61629
61628
61628
61628
61628
61627
61627
61627
61627
61626
61626
61625
61624
61624
61624
61624
61623
61623
61623
61623
61622
61622
61622
61622
61621
61621
61621
61621
61620
61620
61620
61620
61618
61618
61617
61616
61616
61616
61616
61615
61615
61615
61613
61613
61613
61613
61612
61612
61612
61612
61611
61611
61611
61611
61610
61610
61610
61610
61609
61609
61609
61609
61608
61608
61608
61608
61607
61607
61607
61607
61606
61605
61605
61604
61604
61604
61604
61603
61603
61603
61603
61602
61602
61602
61602
61601
61601
61601
61601
61600
61600
61600
61600
61599
61599
61599
61599
61598
61598
61598
61598
61597
61597
61597
61597
61596
61596
61596
61595
61595
61595
61595
61594
61594
61594
61594
61593
61593
61593
61593
61592
61592
61592
61592
61591
61591
61591
61591
61591
61590
61590
61590
61590
61589
61589
61587
61585
61583
61582
61581
61579
61578
61578
61578
61578
61577
61577
61577
61577
61576
61576
61575
61574
61573
61573
61572
61572
61572
61572
61571
61571
61571
61571
61570
61570
61570
61570
61569
61569
61569
61569
61568
61568
61568
61567
61566
61566
61566
61565
61565
61565
61565
61564
61564
61564
61564
61563
61563
61563
61563
61562
61562
61562
61562
61561
61561
61561
61559
61559
61559
61559
61558
61558
61558
61558
61557
61557
61557
61557
61556
61556
61556
61556
61555
61555
61555
61555
61554
61552
61552
61550
61550
61550
61549
61549
61548
61547
61547
61547
61547
61546
61546
61546
61546
61545
61544
61543
61543
61543
61543
61542
61542
61542
61542
61541
61541
61541
61541
61540
61540
61540
61540
61539
61539
61539
61539
61538
61538
61538
61538
61538
61537
61537
61537
61536
61536
61536
61536
61535
61535
61535
61535
61534
61534
61534
61534
61533
61533
61533
61533
61532
61532
61532
61532
61531
61531
61531
61531
61530
61530
61530
61530
61529
61529
61529
61529
61528
61528
61528
61528
61527
61527
61527
61527
61526
61526
61526
61526
61525
61525
61525
61525
61524
61524
61524
61524
61523
61523
61523
61523
61522
61522
61522
61522
61521
61521
61521
61517
61516
61514
61513
61512
61510
61510
61510
61509
61509
61508
61507
61506
61506
61505
61505
61505
61505
61504
61504
61504
61504
61503
61503
61503
61503
61502
61502
61502
61502
61501
61501
61501
61499
61499
61499
61499
61498
61498
61498
61498
61497
61497
61497
61496
61496
61496
61496
61495
61495
61495
61495
61494
61494
61494
61494
61492
61492
61491
61491
61491
61491
61490
61490
61490
61490
61489
61489
61489
61489
61488
61488
61488
61488
61487
61487
61487
61485
61485
61484
61484
61482
61482
61482
61481
61481
61481
61481
61480
61480
61480
61479
61479
61479
61477
61477
61477
61477
61476
61476
61476
61476
61474
61474
61474
61473
61473
61473
61473
61472
61472
61472
61472
61471
61471
61471
61471
61470
61470
61470
61470
61469
61469
61469
61469
61468
61468
61468
61468
61467
61467
61467
61467
61466
61466
61466
61466
61465
61465
61465
61465
61464
61464
61464
61464
61463
61463
61463
61463
61462
61462
61462
61462
61461
61461
61461
61461
61460
61460
61460
61460
61459
61459
61459
61459
61458
61458
61458
61458
61457
61457
61457
61457
61456
61456
61456
61456
61455
61455
61455
61455
61454
61454
61454
61454
61453
61453
61453
61453
61452
61452
61452
61450
61449
61447
61446
61443
61441
61440
61440
61439
61439
61439
61439
61438
61438
61438
61438
61437
61437
61437
61436
61436
61436
61436
61435
61435
61435
61435
61433
61433
61433
61432
61432
61432
61432
61431
61431
61431
61431
61430
61430
61430
61430
61429
61429
61429
61429
61428
61428
61428
61428
61426
61426
61426
61425
61425
61425
61425
61424
61424
61424
61424
61423
61423
61423
61421
61421
61421
61421
61420
61420
61420
61417
61416
61414
61414
61414
61414
61413
61413
61413
61413
61412
61412
61412
61412
61411
61411
61411
61409
61409
61409
61409
61408
61408
61408
61407
61406
61406
61405
61405
61405
61405
61404
61404
61404
61404
61403
61403
61403
61402
61402
61402
61402
61401
61401
61401
61401
61400
61400
61400
61400
61400
61399
61399
61399
61399
61398
61398
61398
61398
61397
61397
61397
61397
61396
61396
61396
61395
61395
61395
61395
61395
61394
61394
61394
61394
61393
61393
61393
61393
61392
61392
61392
61392
61391
61391
61391
61391
61390
61390
61390
61390
61389
61389
61389
61389
61388
61388
61388
61387
61387
61387
61387
61386
61386
61386
61386
61386
61385
61385
61385
61384
61384
61384
61384
61383
61383
61383
61383
61382
61382
61382
61379
61378
61376
61374
61373
61371
61371
61371
61371
61370
61370
61370
61369
61369
61369
61369
61368
61368
61368
61368
61367
61366
61366
61366
61365
61365
61365
61364
61364
61364
61364
61363
61363
61363
61363
61362
61362
61362
61362
61361
61361
61361
61361
61360
61359
61359
61359
61358
61358
61358
61357
61357
61357
61357
61356
61356
61356
61356
61355
61355
61355
61355
61354
61353
61353
61351
61351
61349
61349
61349
61349
61348
61348
61348
61348
61347
61347
61347
61347
61346
61346
61346
61344
61344
61344
61343
61343
61343
61343
61342
61341
61341
61340
61340
61340
61340
61339
61339
61339
61339
61338
61338
61338
61338
61337
61336
61336
61335
61335
61335
61335
61334
61334
61334
61334
61333
61333
61333
61333
61332
61332
61332
61332
61331
61331
61331
61331
61330
61329
61328
61328
61328
61328
61327
61327
61327
61327
61326
61326
61326
61326
61325
61325
61325
61325
61324
61324
61324
61324
61323
61323
61323
61323
61322
61322
61322
61322
61321
61321
61321
61320
61320
61320
61320
61319
61319
61319
61319
61318
61318
61318
61317
61317
61317
61317
61316
61316
61316
61316
61315
61315
61315
61315
61314
61314
61314
61314
61313
61313
61313
61313
61311
61310
61308
61307
61305
61304
61302
61302
61301
61301
61301
61300
61300
61300
61300
61300
61298
61298
61297
61297
61297
61297
61296
61296
61296
61296
61295
61295
61295
61295
61294
61294
61294
61294
61293
61293
61293
61293
61292
61291
61291
61290
61290
61290
61290
61289
61289
61289
61289
61288
61288
61288
61288
61287
61287
61286
61285
61285
61285
61285
61282
61282
61281
61280
61280
61280
61279
61279
61279
61279
61278
61278
61278
61278
61277
61277
61277
61275
61275
61275
61275
61274
61274
61274
61274
61272
61272
61272
61271
61271
61271
61271
61270
61270
61270
61270
61269
61269
61269
61269
61267
61267
61266
61266
61266
61266
61265
61265
61265
61265
61264
61264
61264
61264
61263
61263
61263
61263
61262
61262
61262
61262
61261
61261
61261
61261
61260
61260
61260
61260
61259
61259
61259
61259
61258
61258
61258
61258
61257
61257
61257
61257
61256
61256
61256
61256
61255
61255
61255
61255
61254
61254
61254
61254
61253
61253
61253
61253
61252
61252
61252
61252
61251
61251
61251
61251
61250
61250
61250
61250
61249
61249
61249
61249
61248
61248
61248
61247
61247
61247
61246
61246
61246
61244
61244
61244
61243
61243
61243
61243
61242
61242
61242
61239
61237
61236
61234
61229
61227
61227
61226
61226
61224
61224
61224
61223
61222
61222
61221
61221
61221
61220
61220
61219
61219
61219
61218
61218
61217
61217
61217
61216
61132
61131
61131
61129
61128
61128
61128
61128
61127
61127
61127
61127
61126
61126
61126
61126
61124
61124
61123
61123
61123
61123
61122
61122
61120
61120
61119
61118
61118
61118
61118
61117
61117
61117
61117
61116
61116
61116
61116
61115
61115
61113
61113
61113
61113
61112
61112
61112
61112
61110
61110
61110
61109
61109
61109
61109
61108
61108
61108
61108
61107
61107
61107
61107
61105
61105
61105
61104
61104
61104
61103
61103
61103
61103
61102
61102
61102
61102
61101
61101
61101
61101
61100
61100
61100
61100
61099
61099
61099
61099
61098
61098
61098
61098
61097
61097
61097
61096
61096
61096
61096
61095
61095
61095
61095
61094
61094
61094
61094
61093
61093
61093
61093
61092
61092
61092
61092
61091
61091
61091
61091
61090
61090
61090
61090
61089
61089
61089
61089
61088
61088
61088
61087
61087
61087
61087
61086
61086
61086
61086
61085
61085
61085
61085
61083
61083
61083
61082
61082
61082
61082
61081
61081
61081
61081
61080
61080
61080
61080
61079
61079
61079
61079
61077
61076
61074
61071
61069
61068
61067
61067
61067
61066
61066
61066
61066
61065
61065
61065
61065
61064
61064
61064
61064
61063
61063
61063
61063
61062
61061
61061
61060
61060
61060
61060
61059
61059
61059
61059
61057
61057
61056
61056
61056
61056
61055
61055
61055
61055
61054
61051
61051
61050
61049
61049
61049
61049
61048
61048
61048
61047
61047
61047
61047
61046
61046
61046
61043
61043
61042
61042
61042
61041
61041
61041
61039
61039
61038
61038
61037
61037
61037
61036
61036
61035
61035
61035
61034
61034
61034
61032
61032
61032
61031
61031
61031
61031
61030
61030
61030
61030
61029
61029
61029
61028
61028
61028
61028
61027
61027
61027
61026
61026
61026
61025
61025
61025
61025
61024
61024
61024
61024
61023
61023
61023
61023
61022
61022
61022
61022
61021
61021
61021
61021
61020
61020
61020
61020
61019
61019
61019
61019
61018
61018
61018
61018
61017
61017
61017
61017
61016
61016
61016
61016
61015
61015
61015
61015
61014
61014
61013
61013
61013
61010
61010
61009
61008
61006
61006
61005
61005
61005
61004
61004
61004
61003
61003
61002
61002
61001
61001
61001
61000
61000
61000
60999
60999
60999
60949
60949
60948
60948
60948
60947
60947
60945
60943
60941
60940
60938
60935
60935
60935
60934
60934
60934
60933
60933
60933
60933
60932
60932
60932
60932
60931
60930
60930
60929
60929
60929
60929
60928
60927
60926
60926
60926
60925
60925
60925
60925
60924
60924
60924
60924
60923
60923
60922
60921
60920
60920
60920
60919
60919
60919
60919
60918
60918
60918
60918
60917
60917
60917
60917
60915
60915
60915
60914
60914
60914
60913
60913
60912
60911
60911
60911
60911
60910
60910
60910
60910
60909
60909
60909
60909
60908
60908
60907
60906
60906
60906
60905
60905
60905
60905
60904
60904
60904
60904
60903
60903
60903
60903
60902
60902
60902
60902
60901
60901
60901
60899
60899
60899
60899
60898
60898
60898
60898
60897
60897
60896
60896
60896
60896
60895
60895
60895
60895
60894
60894
60894
60894
60893
60893
60891
60891
60891
60890
60890
60890
60890
60889
60889
60889
60889
60888
60888
60888
60888
60887
60887
60887
60887
60886
60886
60886
60885
60885
60885
60885
60884
60883
60883
60882
60882
60882
60882
60881
60881
60881
60881
60880
60880
60880
60880
60879
60879
60879
60879
60878
60878
60878
60878
60877
60877
60877
60877
60876
60876
60876
60876
60875
60875
60875
60875
60874
60874
60874
60872
60871
60869
60868
60866
60865
60864
60864
60864
60863
60863
60863
60863
60862
60861
60861
60860
60860
60859
60858
60858
60858
60858
60857
60857
60857
60857
60856
60856
60856
60856
60855
60855
60855
60855
60852
60852
60850
60850
60849
60849
60849
60849
60848
60848
60848
60848
60847
60847
60847
60847
60846
60845
60844
60844
60844
60843
60843
60843
60843
60841
60841
60841
60840
60840
60840
60840
60839
60839
60839
60839
60838
60838
60838
60838
60836
60836
60836
60835
60835
60835
60835
60834
60834
60834
60834
60833
60833
60833
60833
60832
60832
60832
60832
60831
60831
60831
60831
60829
60829
60828
60828
60828
60828
60827
60827
60827
60827
60826
60826
60826
60826
60825
60825
60825
60825
60824
60824
60824
60824
60823
60823
60823
60823
60822
60822
60822
60822
60821
60821
60821
60821
60820
60820
60820
60820
60819
60819
60819
60819
60818
60818
60818
60818
60817
60817
60815
60815
60814
60814
60814
60813
60813
60813
60813
60812
60812
60812
60812
60811
60811
60811
60811
60810
60810
60810
60810
60809
60809
60809
60809
60808
60808
60808
60808
60807
60807
60807
60807
60806
60806
60806
60806
60805
60805
60805
60805
60804
60804
60804
60804
60803
60800
60799
60798
60796
60795
60793
60793
60793
60791
60790
60790
60790
60789
60789
60789
60788
60788
60788
60788
60787
60787
60787
60787
60786
60786
60786
60786
60785
60785
60784
60783
60751
60751
60750
60750
60750
60750
60749
60749
60749
60749
60748
60748
60748
60748
60747
60746
60745
60745
60745
60745
60744
60744
60744
60742
60742
60742
60742
60741
60741
60741
60741
60740
60740
60740
60740
60739
60739
60739
60737
60737
60737
60737
60736
60736
60736
60736
60735
60735
60735
60734
60734
60734
60734
60734
60733
60733
60733
60733
60732
60732
60732
60730
60730
60730
60729
60729
60729
60729
60728
60728
60728
60728
60727
60727
60727
60727
60726
60726
60726
60726
60725
60725
60725
60725
60724
60724
60724
60724
60723
60723
60723
60723
60722
60722
60722
60721
60721
60721
60720
60720
60720
60720
60719
60719
60719
60719
60717
60717
60717
60716
60716
60716
60716
60715
60715
60715
60715
60714
60714
60714
60714
60713
60713
60713
60713
60712
60712
60712
60712
60711
60711
60711
60711
60710
60710
60710
60710
60709
60709
60709
60709
60708
60708
60708
60708
60707
60707
60707
60706
60706
60706
60706
60705
60705
60705
60705
60704
60704
60704
60704
60703
60700
60699
60696
60695
60694
60692
60692
60691
60691
60691
60691
60690
60690
60690
60690
60689
60689
60689
60689
60688
60688
60688
60688
60686
60686
60683
60683
60683
60682
60682
60682
60682
60681
60681
60681
60681
60680
60680
60680
60680
60678
60678
60678
60677
60677
60677
60677
60676
60675
60675
60674
60674
60674
60674
60673
60673
60673
60673
60672
60672
60672
60672
60671
60670
60668
60668
60668
60668
60667
60667
60667
60667
60666
60666
60666
60666
60665
60665
60665
60665
60664
60664
60664
60664
60663
60663
60661
60661
60661
60661
60660
60660
60660
60660
60659
60659
60659
60659
60658
60658
60658
60658
60657
60657
60657
60657
60656
60655
60655
60655
60654
60654
60654
60654
60653
60653
60653
60653
60652
60652
60652
60652
60651
60651
60651
60650
60650
60650
60649
60648
60648
60648
60647
60647
60647
60647
60646
60646
60646
60646
60645
60645
60645
60645
60644
60644
60644
60644
60643
60643
60643
60643
60642
60642
60642
60642
60641
60641
60641
60641
60640
60640
60640
60640
60639
60639
60639
60639
60638
60638
60638
60638
60637
60637
60637
60637
60636
60636
60636
60636
60635
60635
60635
60635
60634
60634
60634
60634
60633
60633
60633
60633
60631
60630
60628
60627
60625
60612
60612
60612
60611
60611
60611
60611
60610
60610
60610
60610
60609
60608
60608
60606
60606
60606
60605
60605
60605
60605
60604
60604
60604
60604
60603
60603
60603
60603
60601
60601
60600
60600
60600
60600
60599
60599
60598
60597
60597
60597
60597
60596
60596
60596
60596
60595
60595
60595
60595
60594
60594
60592
60592
60592
60592
60591
60591
60591
60591
60590
60590
60590
60590
60589
60589
60589
60589
60588
60588
60588
60588
60587
60587
60587
60585
60585
60585
60584
60584
60584
60583
60583
60583
60582
60582
60582
60582
60581
60581
60581
60581
60580
60580
60580
60579
60578
60577
60576
60576
60575
60575
60574
60574
60574
60573
60573
60573
60573
60572
60572
60572
60572
60571
60570
60570
60569
60569
60569
60569
60568
60568
60568
60566
60566
60566
60565
60565
60565
60565
60564
60564
60564
60564
60563
60563
60563
60562
60562
60562
60562
60561
60561
60561
60561
60560
60560
60560
60560
60559
60559
60559
60559
60558
60558
60558
60558
60557
60557
60557
60557
60556
60556
60556
60556
60555
60555
60555
60555
60554
60554
60554
60554
60553
60553
60553
60553
60552
60552
60552
60552
60551
60551
60551
60551
60550
60550
60548
60546
60544
60543
60542
60540
60539
60539
60539
60539
60538
60537
60537
60534
60534
60534
60533
60533
60533
60533
60532
60532
60532
60531
60531
60531
60531
60530
60529
60528
60528
60528
60528
60527
60527
60527
60525
60525
60525
60524
60524
60524
60524
60523
60523
60523
60523
60522
60522
60522
60522
60520
60520
60520
60519
60519
60519
60519
60518
60518
60518
60518
60517
60517
60517
60517
60516
60516
60516
60515
60515
60515
60515
60514
60513
60513
60512
60512
60512
60512
60511
60511
60511
60511
60510
60510
60510
60510
60509
60509
60509
60508
60508
60508
60507
60506
60505
60504
60504
60504
60503
60503
60503
60503
60502
60502
60502
60502
60501
60501
60500
60499
60499
60499
60499
60498
60498
60498
60498
60497
60497
60497
60497
60496
60496
60496
60495
60495
60495
60495
60494
60494
60494
60494
60493
60493
60493
60493
60492
60492
60492
60492
60491
60491
60491
60491
60490
60490
60489
60489
60489
60489
60488
60488
60488
60488
60487
60487
60487
60487
60486
60486
60486
60486
60485
60485
60485
60485
60484
60484
60484
60484
60483
60483
60483
60483
60482
60482
60481
60481
60481
60480
60480
60480
60480
60479
60479
60479
60479
60478
60478
60478
60475
60473
60472
60470
60469
60467
60466
60465
60465
60465
60464
60464
60464
60464
60463
60463
60463
60463
60462
60462
60462
60461
60460
60460
60459
60459
60459
60459
60458
60458
60457
60457
