211454
164934
160478
116969
114382
68901
68899
68898
68898
68883
68882
68882
68879
68879
68877
68877
68876
68876
68876
68875
68875
68874
68874
68874
68873
68871
68870
68870
68870
68869
68869
68867
68867
68867
68867
68866
68866
68866
68866
68865
68865
68865
68865
68864
68864
68862
68862
68862
68861
68861
68861
68861
68860
68860
68860
68860
68859
68859
68859
68859
68858
68858
68858
68857
68857
68857
68856
68856
68856
68856
68855
68855
68855
68854
68854
68854
68854
68853
68853
68853
68853
68852
68852
68852
68852
68851
68851
68851
68849
68849
68848
68848
68848
68848
68847
68846
68844
68844
68842
68842
68841
68841
68841
68840
68840
68840
68840
68839
68839
68839
68839
68838
68838
68838
68837
68837
68837
68837
68836
68836
68836
68836
68835
68835
68835
68834
68834
68834
68834
68833
68833
68833
68832
68832
68832
68832
68831
68831
68831
68830
68830
68830
68829
68829
68829
68829
68828
68828
68828
68828
68827
68827
68827
68825
68825
68824
68824
68824
68824
68823
68823
68823
68822
68822
68822
68822
68821
68821
68821
68821
68820
68820
68820
68820
68819
68819
68819
68819
68818
68818
68817
68817
68817
68816
68816
68816
68815
68815
68815
68815
68814
68814
68806
68804
68803
68801
68800
68776
68775
68774
68774
68774
68773
68773
68773
68772
68770
68770
68768
68768
68767
68767
68767
68767
68766
68766
68766
68765
68765
68765
68764
68763
68762
68761
68760
68760
68760
68759
68759
68758
68758
68758
68757
68757
68757
68756
68756
68756
68756
68755
68755
68755
68754
68754
68752
68752
68751
68750
68750
68750
68749
68749
68749
68749
68748
68748
68746
68746
68745
68745
68745
68745
68744
68744
68744
68744
68743
68742
68742
68741
68741
68741
68740
68740
68740
68740
68739
68739
68739
68739
68738
68738
68738
68738
68737
68737
68737
68737
68736
68736
68734
68734
68734
68734
68733
68733
68733
68733
68732
68732
68732
68731
68731
68731
68731
68730
68730
68730
68730
68729
68729
68729
68729
68728
68728
68728
68727
68727
68727
68727
68726
68726
68726
68726
68725
68725
68725
68724
68724
68724
68724
68723
68723
68723
68723
68722
68720
68720
68720
68720
68719
68719
68719
68718
68718
68718
68718
68717
68717
68717
68716
68716
68716
68716
68715
68715
68715
68715
68714
68714
68714
68714
68713
68713
68713
68712
68712
68712
68712
68712
68711
68711
68711
68710
68710
68710
68710
68709
68709
68709
68709
68708
68708
68708
68706
68705
68693
68692
68690
68689
68688
68687
68685
68685
68685
68684
68684
68684
68683
68683
68683
68682
68682
68682
68682
68681
68681
68679
68679
68678
68677
68677
68677
68676
68676
68676
68676
68675
68675
68674
68674
68674
68674
68673
68673
68673
68673
68672
68672
68672
68670
68670
68668
68668
68668
68668
68667
68667
68667
68666
68666
68666
68666
68665
68665
68665
68665
68664
68664
68664
68663
68663
68663
68661
68661
68660
68660
68660
68659
68659
68659
68659
68658
68658
68658
68658
68657
68657
68657
68657
68656
68656
68656
68655
68655
68655
68653
68653
68653
68652
68652
68652
68652
68651
68651
68651
68651
68650
68650
68650
68650
68649
68649
68649
68648
68648
68648
68648
68647
68647
68647
68647
68646
68646
68646
68646
68645
68645
68645
68644
68644
68644
68642
68642
68642
68641
68641
68641
68640
68637
68637
68637
68636
68636
68636
68636
68635
68635
68635
68635
68634
68634
68634
68633
68633
68633
68633
68632
68632
68632
68632
68631
68631
68631
68631
68630
68630
68630
68630
68629
68629
68629
68628
68628
68628
68628
68627
68627
68627
68627
68626
68626
68626
68626
68625
68625
68625
68625
68624
68624
68624
68623
68623
68623
68623
68622
68621
68619
68616
68614
68613
68611
68611
68610
68610
68610
68610
68609
68609
68609
68608
68608
68608
68606
68606
68604
68604
68604
68603
68603
68603
68603
68602
68602
68602
68602
68601
68601
68601
68600
68600
68600
68600
68599
68599
68599
68598
68597
68596
68595
68595
68595
68595
68594
68594
68594
68593
68593
68593
68593
68592
68592
68592
68592
68591
68591
68591
68591
68590
68587
68587
68587
68586
68586
68586
68586
68585
68585
68585
68584
68584
68584
68584
68583
68583
68583
68583
68582
68582
68582
68582
68581
68580
68579
68579
68579
68578
68578
68578
68578
68577
68577
68577
68577
68576
68576
68576
68576
68575
68575
68575
68575
68574
68573
68572
68572
68572
68572
68571
68571
68571
68570
68570
68570
68570
68569
68569
68569
68569
68568
68568
68567
68566
68566
68565
68565
68565
68564
68564
68564
68564
68563
68563
68563
68563
68562
68562
68562
68562
68561
68561
68561
68561
68560
68560
68560
68559
68559
68559
68559
68558
68558
68558
68558
68557
68557
68557
68557
68556
68556
68556
68556
68555
68555
68555
68554
68554
68554
68554
68553
68553
68553
68553
68552
68552
68552
68552
68551
68551
68551
68551
68550
68550
68550
68550
68549
68549
68549
68546
68544
68543
68541
68539
68538
68537
68537
68537
68537
68536
68535
68534
68533
68533
68532
68532
68532
68532
68531
68531
68531
68531
68530
68530
68530
68530
68529
68529
68529
68529
68528
68528
68528
68526
68526
68524
68524
68523
68523
68523
68523
68522
68522
68522
68522
68521
68521
68521
68521
68520
68520
68520
68519
68519
68519
68519
68517
68517
68517
68516
68516
68516
68516
68515
68515
68515
68514
68514
68514
68514
68513
68513
68513
68513
68512
68512
68512
68512
68511
68510
68509
68509
68509
68509
68508
68508
68508
68507
68507
68507
68507
68506
68506
68506
68505
68505
68505
68505
68504
68504
68503
68502
68501
68501
68500
68500
68500
68500
68499
68499
68499
68499
68498
68498
68498
68497
68495
68494
68494
68494
68493
68493
68493
68493
68492
68492
68492
68492
68491
68491
68491
68490
68490
68490
68490
68489
68489
68489
68489
68488
68488
68488
68487
68487
68487
68487
68486
68486
68486
68486
68485
68485
68485
68485
68484
68484
68484
68484
68483
68483
68483
68482
68482
68482
68482
68481
68481
68481
68480
68480
68480
68479
68479
68479
68479
68478
68478
68478
68478
68477
68477
68477
68477
68476
68476
68476
68476
68475
68475
68475
68474
68473
68471
68470
68468
68466
68463
68463
68461
68461
68461
68460
68460
68460
68459
68459
68459
68459
68458
68458
68458
68458
68457
68457
68457
68457
68456
68456
68456
68445
68444
68443
68443
68442
68442
68442
68441
68441
68441
68440
68440
68440
68440
68439
68439
68439
68439
68438
68438
68438
68437
68437
68436
68435
68435
68435
68435
68434
68434
68434
68434
68433
68433
68433
68432
68431
68430
68430
68430
68429
68429
68429
68429
68428
68428
68426
68426
68426
68425
68425
68425
68425
68424
68424
68424
68424
68423
68423
68423
68422
68422
68422
68422
68421
68421
68421
68419
68419
68418
68417
68417
68417
68416
68416
68416
68416
68415
68415
68415
68413
68413
68413
68412
68412
68412
68411
68411
68411
68411
68410
68410
68410
68409
68409
68409
68409
68408
68408
68408
68408
68407
68407
68407
68407
68406
68406
68406
68406
68405
68405
68405
68405
68404
68404
68404
68403
68403
68403
68403
68402
68402
68402
68402
68401
68401
68401
68401
68400
68400
68400
68400
68399
68399
68398
68398
68398
68397
68397
68397
68397
68396
68396
68396
68395
68395
68395
68395
68394
68394
68394
68394
68393
68393
68393
68393
68392
68392
68392
68391
68391
68391
68391
68390
68389
68386
68385
68383
68380
68378
68378
68377
68377
68377
68377
68376
68376
68376
68375
68375
68374
68374
68374
68374
68373
68373
68371
68371
68370
68369
68369
68369
68368
68368
68368
68368
68367
68367
68367
68367
68366
68366
68366
68366
68365
68365
68365
68365
68364
68363
68362
68362
68362
68361
68361
68361
68361
68360
68360
68360
68360
68359
68359
68359
68359
68358
68358
68358
68357
68357
68357
68357
68355
68355
68354
68354
68354
68353
68353
68353
68353
68352
68352
68352
68352
68351
68351
68351
68351
68350
68350
68350
68350
68348
68348
68346
68346
68345
68345
68345
68344
68344
68343
68341
68340
68340
68340
68340
68339
68339
68339
68339
68338
68338
68338
68338
68337
68337
68337
68336
68336
68336
68336
68335
68335
68335
68335
68334
68334
68334
68334
68333
68332
68331
68331
68331
68331
68330
68330
68330
68330
68329
68329
68329
68328
68328
68328
68328
68327
68327
68327
68327
68326
68326
68326
68326
68325
68325
68325
68325
68324
68324
68324
68324
68323
68323
68323
68322
68322
68322
68322
68321
68321
68321
68321
68320
68320
68320
68320
68319
68319
68319
68319
68318
68318
68318
68318
68317
68317
68317
68317
68316
68316
68316
68315
68315
68314
68311
68309
68308
68306
68305
68304
68304
68304
68304
68303
68303
68303
68303
68302
68302
68300
68300
68298
68298
68297
68297
68297
68297
68296
68296
68296
68295
68295
68295
68295
68294
68294
68294
68294
68293
68293
68293
68293
68291
68291
68291
68290
68290
68290
68290
68289
68289
68289
68289
68288
68288
68288
68287
68287
68287
68287
68286
68286
68286
68286
68285
68284
68284
68283
68283
68283
68282
68282
68282
68282
68281
68281
68281
68281
68280
68280
68280
68280
68279
68279
68279
68279
68277
68277
68275
68275
68274
68274
68274
68272
68272
68271
68271
68271
68270
68270
68270
68270
68269
68268
68267
68267
68267
68267
68266
68266
68266
68265
68265
68265
68265
68264
68264
68264
68264
68263
68263
68263
68263
68262
68262
68262
68262
68261
68261
68261
68260
68260
68260
68260
68259
68259
68259
68259
68258
68258
68258
68258
68257
68257
68257
68257
68256
68256
68256
68256
68255
68255
68255
68254
68254
68254
68254
68253
68253
68253
68253
68252
68252
68252
68252
68251
68251
68251
68251
68250
68250
68250
68249
68249
68249
68249
68248
68248
68248
68248
68247
68247
68247
68247
68246
68246
68246
68246
68245
68245
68245
68244
68244
68244
68244
68241
68239
68238
68237
68235
68233
68233
68233
68232
68232
68230
68230
68229
68228
68228
68228
68228
68227
68227
68227
68227
68226
68226
68226
68225
68225
68225
68225
68224
68224
68224
68224
68223
68222
68222
68221
68221
68221
68221
68220
68220
68220
68219
68219
68219
68219
68218
68218
68218
68218
68217
68217
68217
68217
68216
68216
68215
68214
68214
68214
68214
68213
68213
68213
68213
68212
68212
68212
68212
68211
68211
68211
68211
68210
68210
68210
68209
68208
68208
68206
68206
68204
68204
68204
68204
68203
68203
68203
68203
68202
68202
68202
68201
68201
68199
68198
68198
68198
68198
68197
68197
68197
68195
68195
68195
68195
68194
68194
68194
68194
68193
68193
68193
68192
68192
68192
68192
68191
68191
68191
68191
68190
68190
68190
68190
68189
68189
68189
68188
68188
68188
68188
68187
68187
68187
68187
68186
68186
68186
68186
68185
68185
68185
68185
68184
68184
68184
68184
68183
68183
68183
68182
68182
68182
68182
68181
68181
68181
68181
68180
68180
68180
68180
68179
68179
68179
68178
68178
68178
68178
68177
68177
68177
68177
68176
68176
68176
68176
68175
68175
68175
68175
68174
68174
68174
68174
68173
68173
68173
68173
68172
68172
68170
68168
68167
68165
68163
68161
68159
68159
68159
68158
68158
68158
68157
68157
68157
68157
68156
68156
68156
68156
68155
68155
68155
68155
68154
68154
68154
68152
68152
68152
68151
68151
68151
68151
68150
68150
68150
68150
68149
68149
68149
68149
68148
68148
68148
68148
68147
68147
68147
68147
68145
68144
68144
68144
68143
68143
68143
68143
68142
68142
68142
68142
68141
68141
68139
68139
68138
68138
68138
68138
68137
68135
68134
68132
68132
68132
68132
68131
68131
68131
68130
68130
68130
68130
68129
68129
68129
68129
68127
68127
68127
68126
68126
68126
68125
68125
68123
68123
68123
68122
68122
68122
68121
68121
68121
68121
68120
68120
68120
68120
68119
68119
68119
68118
68118
68118
68118
68117
68117
68117
68117
68116
68116
68116
68116
68115
68115
68115
68115
68114
68114
68114
68114
68113
68113
68113
68113
68112
68112
68112
68111
68111
68111
68111
68110
68110
68110
68110
68109
68109
68109
68109
68108
68108
68108
68107
68107
68107
68107
68106
68106
68106
68106
68105
68105
68105
68105
68104
68104
68104
68104
68103
68103
68103
68102
68102
68102
68102
68101
68101
68101
68101
68100
68100
68100
68100
68099
68099
68099
68099
68098
68098
68095
68094
68092
68091
68089
68088
68087
68087
68087
68087
68086
68086
68086
68086
68085
68085
68085
68084
68084
68084
68084
68082
68082
68081
68081
68081
68081
68080
68080
68080
68080
68079
68079
68079
68079
68078
68078
68078
68077
68077
68077
68077
68076
68076
68075
68074
68074
68074
68074
68073
68073
68073
68072
68072
68072
68072
68071
68071
68071
68071
68070
68070
68070
68068
68068
68066
68066
68064
68064
68064
68063
68063
68063
68062
68062
68062
68062
68061
68061
68061
68061
68060
68059
68058
68058
68058
68058
68057
68057
68057
68054
68054
68053
68053
68053
68053
68052
68052
68052
68052
68051
68051
68051
68050
68050
68048
68048
68048
68048
68047
68047
68047
68047
68046
68046
68046
68046
68045
68045
68045
68044
68044
68044
68044
68043
68043
68043
68043
68041
68041
68040
68040
68040
68040
68039
68039
68039
68039
68038
68038
68038
68038
68037
68037
68037
68037
68036
68036
68036
68036
68035
68035
68035
68034
68034
68034
68034
68033
68033
68033
68033
68032
68032
68032
68032
68031
68031
68031
68031
68030
68030
68030
68030
68029
68029
68029
68029
68028
68028
68028
68028
68027
68027
68027
68027
68026
68026
68026
68026
68025
68025
68023
68022
68020
68018
68017
68015
68013
68013
68013
68013
68012
68012
68012
68011
68011
68011
68010
68009
68009
68009
68008
68008
68007
68007
68007
68006
68006
68006
68006
68005
68005
68005
68005
68004
68004
68004
68004
68003
68003
68002
68001
68001
68001
68000
68000
68000
68000
67999
67999
67999
67998
67998
67998
67998
67997
67996
67995
67995
67995
67994
67993
67993
67991
67991
67991
67990
67990
67990
67989
67989
67989
67989
67988
67988
67988
67988
67987
67986
67985
67985
67985
67984
67984
67984
67983
67982
67981
67981
67981
67981
67980
67980
67980
67980
67979
67979
67979
67979
67978
67978
67976
67976
67976
67976
67975
67975
67975
67974
67974
67974
67974
67973
67973
67973
67973
67972
67972
67972
67972
67971
67971
67971
67971
67970
67970
67970
67969
67969
67969
67969
67968
67968
67968
67968
67967
67967
67967
67967
67966
67966
67966
67966
67965
67965
67965
67965
67964
67964
67964
67963
67963
67963
67963
67962
67962
67962
67962
67961
67961
67961
67961
67960
67960
67960
67960
67959
67959
67959
67959
67958
67958
67958
67958
67957
67957
67957
67956
67956
67956
67956
67955
67955
67955
67953
67953
67952
67952
67952
67952
67951
67951
67951
67950
67947
67946
67944
67943
67941
67940
67939
67939
67939
67937
67937
67937
67936
67936
67936
67936
67935
67935
67935
67935
67934
67934
67934
67934
67933
67933
67933
67933
67932
67932
67932
67932
67930
67930
67929
67929
67929
67928
67928
67928
67928
67927
67927
67927
67926
67925
67925
67924
67924
67924
67923
67923
67923
67921
67921
67919
67919
67919
67919
67918
67918
67918
67918
67917
67917
67917
67916
67916
67916
67916
67913
67913
67912
67912
67912
67912
67911
67911
67910
67909
67909
67909
67908
67908
67908
67907
67907
67907
67907
67906
67906
67906
67906
67904
67903
67903
67903
67903
67902
67902
67902
67902
67901
67901
67901
67901
67900
67900
67900
67899
67899
67899
67899
67898
67898
67898
67898
67897
67897
67897
67897
67896
67896
67896
67896
67895
67895
67895
67895
67894
67894
67894
67894
67893
67893
67893
67893
67892
67892
67892
67891
67891
67891
67891
67890
67890
67890
67890
67889
67889
67889
67889
67888
67888
67888
67887
67887
67887
67887
67886
67886
67886
67886
67885
67885
67885
67885
67884
67884
67884
67884
67883
67883
67881
67881
67881
67880
67880
67880
67880
67879
67879
67879
67879
67878
67878
67878
67878
67877
67877
67877
67877
67875
67874
67872
67869
67867
67866
67865
67865
67865
67864
67864
67864
67864
67863
67863
67863
67862
67862
67862
67862
67861
67861
67861
67861
67860
67860
67858
67858
67858
67858
67857
67857
67857
67857
67856
67856
67854
67854
67854
67853
67853
67853
67853
67852
67852
67852
67852
67850
67850
67848
67848
67848
67847
67847
67847
67847
67846
67846
67846
67845
67845
67845
67845
67844
67842
67842
67841
67841
67841
67841
67840
67840
67839
67838
67838
67838
67838
67837
67837
67837
67836
67836
67836
67836
67835
67835
67835
67833
67833
67833
67832
67832
67831
67831
67831
67831
67830
67830
67830
67830
67829
67829
67829
67829
67828
67828
67828
67827
67827
67827
67827
67826
67826
67826
67826
67825
67825
67825
67825
67824
67824
67824
67824
67823
67823
67823
67823
67822
67822
67822
67822
67821
67821
67821
67820
67820
67820
67820
67819
67819
67819
67819
67818
67818
67818
67818
67817
67817
67817
67816
67816
67816
67816
67815
67815
67815
67815
67814
67814
67814
67814
67813
67813
67813
67811
67811
67810
67810
67810
67810
67809
67809
67809
67808
67808
67808
67808
67807
67807
67807
67807
67806
67806
67806
67806
67805
67805
67805
67805
67804
67804
67804
67802
67801
67799
67783
67781
67780
67779
67779
67779
67779
67778
67778
67778
67778
67777
67777
67777
67777
67776
67776
67774
67774
67774
67774
67773
67773
67772
67771
67771
67771
67770
67770
67770
67770
67769
67769
67769
67769
67768
67768
67768
67766
67766
67765
67764
67764
67764
67764
67763
67763
67763
67763
67762
67762
67762
67762
67761
67761
67759
67759
67759
67759
67758
67758
67758
67758
67755
67755
67754
67754
67754
67754
67753
67753
67753
67752
67752
67752
67752
67751
67751
67750
67749
67749
67749
67749
67748
67748
67748
67747
67747
67747
67747
67746
67746
67746
67746
67745
67745
67745
67745
67744
67744
67744
67742
67742
67742
67742
67741
67741
67741
67741
67740
67740
67740
67739
67739
67739
67739
67738
67738
67738
67738
67737
67737
67737
67737
67736
67735
67735
67734
67734
67734
67733
67733
67733
67733
67732
67732
67732
67732
67731
67731
67731
67731
67730
67730
67730
67730
67729
67729
67729
67729
67728
67728
67726
67726
67726
67725
67725
67725
67724
67724
67724
67723
67723
67723
67722
67722
67722
67722
67721
67721
67721
67721
67720
67720
67720
67720
67719
67719
67719
67718
67718
67718
67718
67717
67717
67717
67717
67716
67716
67714
67713
67711
67710
67708
67706
67705
67705
67705
67705
67704
67704
67704
67704
67702
67701
67701
67700
67699
67699
67698
67698
67697
67697
67697
67697
67696
67696
67696
67696
67695
67695
67695
67695
67694
67693
67693
67691
67690
67690
67690
67690
67689
67689
67689
67689
67688
67688
67688
67688
67687
67687
67685
67685
67685
67685
67684
67684
67684
67684
67682
67682
67681
67681
67681
67681
67680
67680
67680
67680
67679
67679
67679
67679
67678
67677
67676
67676
67675
67675
67675
67675
67674
67674
67674
67673
67673
67673
67673
67672
67672
67672
67672
67671
67671
67671
67671
67670
67669
67668
67668
67668
67668
67667
67667
67667
67667
67666
67666
67666
67666
67665
67665
67665
67665
67664
67664
67664
67663
67663
67663
67663
67662
67662
67662
67661
67661
67661
67661
67660
67660
67660
67660
67659
67659
67659
67659
67658
67658
67658
67658
67657
67657
67657
67656
67656
67654
67654
67654
67654
67653
67653
67653
67653
67652
67652
67652
67651
67651
67651
67651
67650
67650
67650
67649
67649
67649
67649
67648
67648
67648
67648
67647
67647
67647
67647
67646
67646
67646
67646
67645
67645
67645
67645
67644
67644
67644
67643
67643
67643
67643
67642
67640
67638
67635
67633
67632
67630
67630
67629
67627
67626
67626
67626
67625
67625
67625
67624
67624
67624
67624
67623
67623
67623
67623
67622
67622
67622
67622
67621
67621
67620
67619
67618
67617
67617
67617
67617
67616
67616
67616
67616
67615
67615
67615
67615
67614
67614
67611
67611
67611
67610
67610
67610
67610
67609
67608
67608
67607
67607
67607
67606
67606
67606
67606
67605
67605
67605
67605
67604
67604
67603
67602
67602
67602
67601
67601
67601
67601
67600
67600
67600
67600
67599
67599
67599
67599
67598
67598
67598
67597
67597
67597
67597
67595
67595
67594
67594
67594
67594
67593
67593
67593
67593
67592
67592
67592
67592
67591
67591
67591
67591
67590
67590
67590
67589
67589
67589
67589
67588
67588
67588
67588
67587
67587
67587
67586
67586
67586
67586
67585
67585
67585
67585
67584
67584
67584
67584
67583
67581
67581
67581
67581
67580
67580
67580
67580
67579
67579
67579
67578
67578
67578
67578
67577
67577
67577
67577
67576
67576
67576
67576
67575
67575
67575
67575
67574
67574
67574
67574
67573
67573
67573
67572
67572
67572
67572
67571
67571
67571
67571
67570
67570
67570
67570
67569
67569
67569
67569
67568
67568
67568
67567
67567
67566
67564
67562
67560
67559
67557
67556
67556
67556
67556
67555
67555
67555
67555
67554
67554
67554
67553
67553
67553
67552
67552
67552
67550
67550
67548
67548
67548
67547
67547
67547
67547
67546
67546
67546
67545
67545
67545
67545
67544
67543
67543
67542
67542
67542
67542
67541
67541
67539
67539
67539
67539
67538
67538
67538
67537
67537
67537
67537
67536
67536
67536
67536
67534
67533
67533
67532
67532
67532
67532
67531
67531
67531
67530
67530
67530
67530
67529
67529
67529
67529
67528
67528
67528
67528
67527
67526
67525
67525
67525
67525
67524
67524
67524
67524
67523
67523
67523
67523
67522
67522
67522
67522
67521
67521
67521
67521
67518
67518
67518
67515
67515
67514
67514
67513
67513
67513
67512
67512
67512
67511
67511
67510
67510
67509
67509
67509
67508
67505
67505
67505
67504
67504
67503
67503
67503
67502
67502
67501
67501
67501
67500
67500
67500
67499
67499
67395
67395
67394
67394
67394
67393
67393
67393
67392
67392
67392
67392
67391
67391
67391
67391
67390
67390
67390
67390
67389
67389
67389
67388
67388
67388
67388
67387
67387
67387
67387
67386
67386
67386
67386
67385
67385
67385
67385
67384
67384
67384
67384
67383
67383
67383
67377
67376
67374
67373
67372
67370
67370
67370
67369
67369
67369
67368
67368
67368
67367
67367
67367
67366
67365
67364
67363
67363
67363
67363
67362
67362
67362
67362
67361
67361
67361
67360
67360
67360
67358
67358
67358
67358
67357
67357
67357
67357
67355
67355
67355
67354
67354
67354
67354
67353
67353
67353
67352
67352
67352
67352
67351
67348
67348
67348
67348
67347
67347
67347
67346
67346
67346
67346
67345
67345
67345
67345
67344
67344
67344
67344
67343
67343
67343
67343
67341
67341
67340
67340
67340
67340
67339
67339
67339
67339
67338
67338
67338
67338
67337
67337
67337
67336
67336
67336
67336
67334
67334
67332
67332
67332
67332
67331
67331
67331
67330
67330
67330
67329
67329
67329
67329
67328
67328
67326
67326
67326
67326
67325
67325
67325
67324
67324
67322
67322
67322
67321
67321
67321
67321
67320
67320
67320
67320
67319
67319
67319
67319
67318
67318
67318
67318
67317
67317
67317
67317
67316
67316
67316
67316
67315
67315
67315
67315
67314
67314
67314
67314
67313
67313
67313
67312
67312
67312
67312
67311
67311
67311
67311
67310
67310
67310
67310
67309
67309
67309
67309
67308
67308
67308
67307
67307
67307
67307
67306
67306
67306
67304
67303
67301
67299
67298
67296
67296
67296
67296
67295
67295
67293
67293
67291
67291
67291
67291
67290
67290
67290
67289
67289
67289
67288
67288
67288
67288
67287
67286
67286
67286
67285
67285
67285
67284
67284
67283
67282
67282
67282
67281
67281
67281
67281
67280
67280
67280
67280
67279
67279
67279
67277
67277
67277
67276
67276
67276
67276
67275
67275
67275
67275
67274
67274
67274
67274
67273
67273
67273
67273
67272
67272
67272
67271
67270
67270
67269
67269
67269
67268
67268
67268
67267
67267
67267
67267
67266
67266
67266
67266
67265
67265
67265
67265
67264
67263
67262
67261
67260
67260
67260
67259
67259
67259
67259
67258
67258
67258
67258
67257
67256
67255
67255
67255
67254
67254
67254
67254
67253
67253
67253
67253
67252
67252
67252
67252
67251
67251
67251
67251
67250
67250
67250
67249
67249
67249
67249
67248
67248
67248
67248
67247
67247
67247
67246
67246
67246
67246
67245
67245
67245
67245
67244
67244
67244
67244
67243
67243
67243
67243
67242
67242
67242
67241
67241
67241
67241
67240
67240
67240
67240
67239
67239
67239
67238
67238
67238
67238
67237
67237
67237
67237
67236
67236
67236
67236
67235
67235
67235
67235
67234
67234
67231
67229
67227
67226
67224
67222
67221
67220
67219
67219
67219
67219
67218
67218
67218
67218
67217
67217
67217
67217
67216
67216
67215
67214
67214
67214
67213
67213
67213
67212
67210
67210
67209
67209
67209
67209
67208
67208
67208
67208
67207
67207
67207
67207
67206
67205
67205
67204
67204
67204
67204
67203
67203
67203
67203
67202
67202
67202
67201
67201
67201
67201
67200
67200
67200
67200
67199
67199
67197
67197
67197
67197
67196
67196
67196
67196
67195
67195
67195
67194
67194
67194
67194
67193
67193
67193
67193
67192
67192
67190
67190
67189
67188
67188
67188
67187
67187
67187
67187
67186
67186
67184
67184
67184
67184
67183
67183
67183
67183
67182
67182
67182
67182
67181
67181
67181
67180
67180
67180
67180
67179
67179
67179
67179
67178
67178
67178
67177
67177
67177
67177
67176
67176
67176
67176
67175
67175
67175
67175
67174
67174
67174
67173
67173
67173
67173
67172
67172
67172
67172
67171
67171
67171
67171
67170
67170
67170
67169
67169
67169
67169
67168
67168
67168
67168
67167
67167
67167
67167
67166
67166
67166
67166
67165
67165
67165
67164
67164
67164
67164
67163
67163
67163
67163
67162
67162
67162
67162
67161
67161
67161
67161
67159
67157
67155
67154
67152
67151
67150
67150
67149
67149
67149
67149
67148
67148
67148
67148
67146
67146
67146
67145
67145
67145
67144
67144
67143
67143
67142
67142
67142
67141
67141
67141
67141
67140
67140
67140
67139
67139
67139
67137
67137
67137
67136
67136
67136
67136
67135
67135
67135
67135
67134
67134
67134
67134
67133
67133
67133
67133
67132
67132
67132
67131
67130
67130
67128
67128
67128
67128
67127
67127
67127
67126
67126
67126
67126
67125
67125
67125
67125
67124
67124
67124
67124
67122
67122
67120
67120
67120
67119
67119
67119
67118
67117
67117
67116
67116
67116
67116
67115
67115
67115
67114
67114
67114
67114
67113
67112
67111
67111
67111
67111
67110
67110
67110
67109
67109
67109
67109
67108
67108
67108
67107
67107
67107
67107
67106
67106
67106
67106
67105
67105
67105
67104
67104
67104
67104
67103
67103
67103
67103
67102
67102
67102
67102
67101
67101
67101
67101
67100
67099
67099
67099
67099
67098
67098
67098
67098
67097
67097
67097
67097
67096
67096
67096
67096
67095
67095
67095
67095
67094
67094
67094
67094
67093
67093
67093
67092
67092
67092
67091
67091
67091
67091
67090
67090
67090
67090
67089
67089
67089
67088
67088
67087
67085
67084
67082
67080
67079
67078
67078
67078
67078
67076
67076
67076
67075
67075
67075
67074
67074
67073
67072
67072
67072
67071
67071
67071
67071
67070
67070
67070
67070
67069
67069
67069
67067
67067
67067
67067
67066
67066
67066
67065
67065
67065
67065
67064
67064
67064
67064
67063
67063
67063
67063
67062
67062
67062
67062
67059
67059
67058
67058
67058
67058
67057
67057
67057
67057
67056
67056
67056
67056
67055
67055
67055
67054
67054
67054
67054
67052
67052
67050
67050
67050
67049
67048
67048
67047
67047
67047
67047
67046
67046
67046
67046
67045
67045
67045
67045
67044
67044
67044
67042
67042
67041
67040
67040
67040
67040
67039
67039
67039
67038
67038
67038
67038
67037
67037
67037
67037
67036
67036
67036
67035
67035
67035
67035
67034
67034
67034
67032
67032
67031
67031
67031
67030
67030
67030
67030
67029
67029
67029
67029
67028
67028
67028
67028
67027
67027
67027
67027
67026
67026
67026
67026
67025
67025
67025
67024
67024
67024
67024
67023
67023
67023
67023
67022
67022
67022
67022
67021
67021
67021
67021
67020
67020
67020
67019
67019
67019
67019
67018
67018
67018
67018
67017
67017
67017
67016
67016
67016
67016
67015
67015
67013
67012
67010
67009
67007
67005
67005
67004
67004
67004
67004
67003
67002
67002
67001
67001
67001
67001
67000
67000
67000
67000
66999
66999
66999
66998
66998
66997
66996
66996
66996
66996
66995
66995
66995
66994
66994
66994
66994
66993
66993
66993
66993
66992
66992
66992
66992
66991
66991
66991
66989
66989
66989
66988
66988
66988
66988
66987
66987
66987
66987
66986
66986
66986
66985
66985
66985
66985
66984
66984
66984
66982
66982
66980
66979
66979
66978
66978
66978
66977
66977
66977
66977
66976
66976
66976
66975
66975
66975
66974
66974
66974
66973
66973
66972
66971
66970
66969
66969
66969
66968
66968
66968
66968
66967
66967
66967
66967
66966
66966
66966
66965
66965
66965
66965
66964
66964
66964
66964
66963
66963
66963
66963
66962
66962
66962
66962
66961
66961
66961
66960
66960
66960
66960
66959
66959
66959
66958
66958
66958
66958
66957
66957
66957
66956
66956
66956
66956
66955
66955
66955
66955
66954
66954
66954
66954
66953
66953
66953
66953
66952
66952
66952
66952
66951
66951
66951
66951
66950
66950
66950
66950
66949
66949
66949
66948
66948
66948
66948
66947
66947
66947
66947
66946
66946
66946
66946
66945
66945
66945
66945
66944
66941
66940
66938
66937
66934
66932
66931
66930
66930
66930
66930
66929
66929
66929
66928
66928
66928
66928
66927
66927
66927
66924
66924
66924
66924
66923
66923
66923
66923
66922
66922
66922
66921
66921
66921
66921
66920
66920
66920
66920
66919
66919
66919
66919
66917
66917
66917
66916
66916
66916
66915
66915
66915
66915
66914
66914
66914
66914
66913
66913
66913
66913
66912
66912
66912
66909
66909
66907
66907
66907
66906
66906
66906
66906
66905
66905
66905
66905
66904
66904
66904
66904
66903
66903
66903
66902
66902
66902
66900
66900
66898
66898
66898
66898
66897
66897
66897
66897
66896
66896
66896
66896
66895
66895
66895
66895
66894
66894
66894
66894
66893
66893
66893
66892
66892
66892
66892
66891
66891
66891
66891
66890
66890
66890
66890
66889
66889
66889
66889
66888
66888
66888
66888
66887
66887
66887
66887
66886
66886
66886
66886
66885
66885
66885
66884
66884
66884
66884
66883
66883
66883
66883
66882
66882
66882
66882
66881
66881
66881
66881
66880
66880
66880
66880
66879
66879
66879
66878
66878
66878
66878
66877
66877
66877
66877
66876
66876
66876
66876
66875
66875
66875
66875
66874
66874
66874
66874
66873
66873
66873
66873
66872
66870
66868
66867
66865
66864
66862
66862
66861
66861
66861
66861
66860
66860
66860
66859
66858
66858
66857
66857
66857
66857
66856
66856
66856
66856
66855
66855
66855
66855
66854
66854
66854
66854
66853
66853
66853
66852
66852
66851
66850
66850
66850
66849
66849
66849
66849
66848
66848
66848
66848
66847
66847
66847
66846
66846
66846
66844
66844
66844
66842
66842
66840
66840
66839
66838
66837
66837
66837
66836
66836
66836
66835
66835
66835
66835
66834
66834
66834
66833
66833
66833
66832
66831
66830
66829
66828
66828
66828
66827
66827
66827
66826
66826
66826
66825
66825
66825
66824
66824
66823
66822
66822
66822
66821
66821
66821
66821
66820
66820
66820
66820
66819
66819
66819
66818
66818
66818
66818
66817
66817
66817
66816
66816
66816
66816
66815
66815
66815
66815
66814
66814
66814
66814
66813
66813
66812
66812
66812
66812
66811
66811
66811
66810
66810
66810
66809
66809
66809
66808
66808
66808
66808
66807
66807
66807
66806
66806
66806
66805
66805
66805
66805
66804
66804
66804
66804
66803
66803
66803
66802
66802
66802
66801
66801
66801
66800
66800
66800
66799
66799
66799
66799
66776
66776
66775
66775
66775
66774
66774
66772
66772
66771
66771
66770
66770
66769
66769
66768
66768
66767
66767
66767
66766
66766
66765
66765
66765
66764
66764
66764
66763
66763
66762
66762
66762
66761
66761
66760
66760
66760
66759
66759
66758
66758
66758
66757
66757
66756
66756
66756
66755
66755
66754
66754
66754
66753
66753
66752
66752
66751
66751
66751
66751
66750
66750
66750
66749
66749
66748
66748
66748
66747
66747
66747
66746
66746
66746
66745
66745
66745
66744
66744
66744
66743
66743
66743
66742
66742
66742
66741
66741
66741
66740
66740
66740
66739
66739
66739
66738
66738
66738
66737
66737
66737
66736
66736
66736
66735
66735
66735
66734
66734
66734
66733
66733
66733
66732
66732
66732
66731
66731
66731
66730
66730
66730
66729
66729
66729
66728
66728
66728
66727
66727
66727
66726
66726
66725
66725
66725
66724
66722
66721
66721
66721
66720
66720
66720
66719
66719
66719
66718
66718
66718
66718
66717
66717
66716
66716
66716
66715
66715
66715
66715
66714
66714
66714
66713
66713
66713
66712
66712
66711
66711
66711
66710
66710
66710
66710
66709
66709
66709
66708
66708
66708
66708
66707
66707
66707
66706
66706
66706
66705
66705
66705
66705
66704
66704
66704
66703
66703
66703
66702
66702
66702
66701
66701
66701
66700
66700
66699
66699
66699
66698
66698
66698
66697
66697
66697
66696
66696
66696
66695
66695
66695
66695
66694
66694
66694
66693
66693
66693
66693
66692
66692
66692
66691
66691
66691
66690
66690
66690
66690
66689
66689
66688
66688
66688
66687
66687
66687
66687
66686
66686
66686
66685
66685
66685
66684
66684
66684
66683
66683
66683
66682
66682
66682
66681
66681
66681
66680
66680
66680
66679
66679
66679
66678
66678
66678
66677
66677
66677
66676
66676
66676
66675
66675
66675
66674
66674
66674
66674
66673
66673
66673
66672
66672
66672
66671
66671
66671
66670
66670
66670
66670
66669
66669
66669
66668
66668
66668
66667
66667
66667
66666
66666
66666
66666
66665
66665
66665
66664
66664
66664
66663
66663
66663
66663
66662
66662
66662
66661
66661
66661
66660
66660
66660
66659
66659
66659
66659
66658
66658
66658
66657
66657
66657
66656
66656
66656
66655
66655
66655
66654
66654
66654
66653
66653
66653
66652
66652
66652
66652
66651
66651
66651
66650
66650
66650
66650
66649
66649
66649
66648
66648
66648
66647
66647
66647
66646
66646
66646
66645
66645
66645
66644
66644
66644
66643
66643
66643
66642
66642
66642
66641
66641
66641
66639
66638
66638
66637
66637
66637
66636
66636
66636
66635
66635
66634
66634
66634
66633
66633
66633
66632
66632
66632
66631
66631
66631
66630
66630
66630
66629
66629
66629
66629
66628
66628
66628
66627
66627
66626
66626
66626
66625
66625
66625
66625
66624
66624
66624
66623
66623
66623
66622
66622
66622
66621
66621
66621
66620
66620
66620
66619
66619
66619
66619
66618
66618
66618
66617
66617
66616
66616
66616
66616
66615
66615
66615
66614
66614
66614
66613
66613
66613
66612
66612
66612
66611
66611
66611
66610
66610
66610
66609
66609
66609
66609
66608
66608
66607
66607
66607
66606
66606
66606
66605
66605
66605
66605
66604
66604
66604
66603
66603
66603
66602
66602
66602
66601
66601
66601
66601
66600
66600
66600
66599
66599
66599
66598
66598
66598
66597
66597
66597
66597
66596
66596
66596
66595
66595
66595
66594
66594
66594
66593
66593
66593
66592
66592
66592
66591
66591
66591
66590
66590
66590
66590
66589
66589
66589
66588
66588
66588
66587
66587
66587
66587
66586
66586
66586
66585
66585
66585
66584
66584
66584
66583
66583
66583
66582
66582
66582
66581
66581
66581
66580
66580
66580
66579
66579
66579
66578
66578
66578
66578
66577
66577
66576
66576
66576
66575
66575
66573
66572
66572
66572
66571
66571
66571
66570
66570
66570
66570
66569
66569
66569
66568
66568
66568
66568
66567
66567
66567
66566
66566
66566
66566
66565
66565
66565
66564
66564
66564
66563
66563
66563
66562
66562
66562
66562
66561
66561
66561
66560
66560
66560
66559
66559
66559
66559
66558
66558
66558
66557
66557
66557
66556
66556
66556
66555
66555
66554
66553
66553
66553
66552
66552
66552
66551
66551
66551
66550
66550
66550
66550
66549
66549
66549
66548
66548
66546
66546
66546
66545
66545
66545
66544
66544
66544
66543
66543
66543
66542
66542
66542
66541
66541
66541
66541
66540
66540
66540
66539
66539
66539
66538
66538
66538
66537
66537
66537
66536
66536
66536
66535
66535
66535
66535
66534
66534
66534
66533
66533
66533
66532
66532
66532
66531
66531
66531
66531
66530
66530
66530
66529
66529
66529
66528
66528
66528
66527
66527
66527
66527
66526
66526
66526
66525
66525
66525
66524
66524
66524
66523
66523
66523
66522
66522
66522
66522
66521
66521
66521
66520
66520
66520
66520
66519
66519
66519
66518
66518
66518
66518
66517
66517
66517
66516
66516
66516
66515
66515
66515
66515
66514
66514
66514
66513
66513
66511
66510
66508
66508
66505
66503
66503
66503
66502
66502
66502
66501
66501
66499
66499
66498
66498
66498
66496
66496
66496
66495
66495
66495
66495
66494
66494
66494
66493
66493
66493
66493
66492
66492
66492
66490
66489
66488
66488
66488
66488
66487
66487
66487
66486
66486
66486
66485
66485
66485
66485
66484
66483
66483
66482
66482
66482
66481
66481
66481
66481
66480
66480
66480
66480
66479
66479
66479
66478
66478
66478
66478
66477
66477
66476
66475
66475
66475
66474
66474
66474
66474
66473
66473
66473
66473
66472
66472
66472
66471
66471
66471
66471
66470
66470
66470
66469
66468
66467
66467
66467
66467
66466
66466
66466
66465
66465
66465
66465
66464
66464
66464
66464
66463
66463
66463
66462
66462
66462
66462
66461
66461
66461
66460
66460
66460
66459
66459
66458
66457
66457
66457
66457
66456
66456
66456
66455
66455
66455
66455
66454
66454
66454
66453
66453
66451
66449
66449
66449
66449
66448
66448
66448
66447
66447
66447
66446
66446
66446
66445
66445
66445
66444
66444
66444
66444
66443
66443
66443
66442
66442
66442
66441
66441
66441
66441
66440
66440
66440
66439
66439
66439
66439
66438
66438
66438
66438
66437
66437
66437
66436
66436
66434
66433
66432
66431
66430
66428
66428
66428
66426
66426
66426
66425
66425
66425
66425
66424
66424
66424
66423
66423
66423
66422
66422
66422
66422
66421
66421
66421
66421
66420
66420
66419
66418
66418
66418
66417
66417
66417
66417
66416
66416
66416
66414
66414
66414
66413
66413
66412
66411
66411
66411
66411
66410
66410
66409
66408
66408
66408
66408
66407
66407
66407
66407
66406
66406
66406
66405
66405
66405
66405
66403
66403
66402
66402
66402
66402
66401
66401
66401
66400
66400
66400
66400
66399
66399
66399
66399
66398
66398
66398
66397
66397
66396
66395
66395
66395
66394
66394
66394
66394
66393
66393
66393
66393
66392
66392
66392
66391
66391
66391
66391
66390
66390
66390
66390
66389
66389
66389
66388
66388
66388
66388
66387
66387
66387
66387
66386
66386
66386
66385
66385
66385
66385
66384
66384
66384
66384
66383
66383
66383
66383
66382
66382
66382
66381
66381
66381
66381
66380
66380
66380
66379
66379
66379
66379
66378
66378
66378
66378
66377
66377
66377
66376
66376
66376
66376
66375
66375
66375
66375
66373
66372
66372
66372
66371
66371
66371
66371
66370
66370
66370
66369
66369
66369
66369
66368
66368
66368
66368
66367
66367
66366
66364
66362
66361
66360
66358
66356
66356
66356
66355
66355
66355
66354
66354
66354
66354
66353
66353
66353
66352
66352
66352
66352
66351
66351
66351
66351
66348
66348
66347
66347
66347
66347
66346
66346
66346
66345
66345
66345
66345
66344
66344
66344
66344
66342
66342
66341
66341
66341
66340
66340
66340
66340
66339
66339
66339
66339
66338
66338
66338
66337
66337
66337
66337
66336
66336
66335
66333
66331
66331
66331
66330
66330
66330
66329
66329
66329
66329
66328
66328
66328
66328
66327
66327
66326
66326
66326
66326
66325
66324
66323
66323
66323
66323
66322
66322
66322
66322
66321
66321
66321
66320
66320
66320
66320
66319
66319
66319
66319
66318
66318
66318
66317
66317
66317
66317
66316
66316
66316
66315
66315
66315
66315
66314
66314
66314
66314
66313
66313
66313
66312
66312
66312
66311
66311
66311
66311
66310
66310
66310
66310
66309
66309
66309
66308
66308
66308
66308
66307
66307
66307
66306
66306
66306
66306
66305
66305
66305
66305
66304
66304
66304
66304
66303
66303
66303
66302
66302
66302
66302
66301
66301
66301
66301
66300
66300
66300
66300
66299
66299
66299
66298
66298
66298
66298
66297
66297
66297
66297
66296
66296
66296
66296
66293
66291
66290
66289
66287
66285
66285
66284
66284
66284
66284
66283
66283
66283
66283
66282
66281
66280
66280
66280
66280
66279
66279
66279
66278
66278
66278
66278
66277
66277
66277
66277
66276
66276
66276
66275
66275
66275
66273
66273
66273
66272
66272
66272
66272
66271
66271
66271
66270
66270
66270
66270
66269
66269
66269
66269
66268
66268
66268
66267
66267
66266
66265
66265
66264
66263
66263
66263
66262
66262
66262
66262
66261
66261
66261
66261
66260
66260
66260
66259
66259
66259
66259
66257
66256
66255
66255
66255
66254
66254
66254
66252
66252
66252
66252
66251
66251
66251
66251
66250
66250
66250
66249
66249
66249
66249
66247
66247
66246
66246
66246
66246
66245
66245
66245
66244
66244
66244
66244
66243
66243
66243
66243
66242
66242
66242
66241
66241
66241
66241
66240
66240
66240
66240
66239
66239
66239
66238
66238
66238
66238
66237
66237
66237
66237
66236
66236
66236
66235
66235
66235
66235
66234
66234
66234
66234
66233
66233
66233
66233
66232
66232
66232
66232
66231
66231
66231
66230
66230
66230
66230
66229
66229
66229
66229
66228
66228
66228
66227
66227
66227
66227
66226
66226
66226
66226
66225
66225
66225
66225
66224
66224
66223
66221
66220
66219
66218
66216
66216
66216
66215
66215
66215
66213
66212
66211
66211
66211
66211
66210
66210
66210
66209
66209
66209
66208
66208
66208
66208
66207
66207
66207
66207
66206
66206
66206
66204
66204
66204
66203
66203
66203
66203
66202
66202
66202
66201
66201
66201
66201
66200
66200
66200
66200
66199
66199
66199
66198
66197
66197
66196
66196
66196
66195
66195
66195
66194
66194
66194
66194
66193
66193
66193
66192
66192
66192
66192
66191
66191
66191
66191
66189
66189
66189
66188
66188
66188
66188
66187
66187
66187
66186
66186
66186
66186
66185
66185
66184
66183
66183
66183
66182
66182
66182
66179
66179
66179
66178
66178
66178
66177
66177
66177
66177
66176
66176
66176
66175
66173
66173
66173
66173
66172
66172
66172
66172
66171
66171
66171
66170
66169
66168
66168
66168
66168
66167
66167
66167
66166
66166
66166
66166
66165
66165
66165
66164
66164
66164
66164
66163
66163
66163
66163
66162
66162
66162
66161
66161
66161
66161
66160
66160
66160
66159
66159
66159
66159
66158
66158
66158
66157
66157
66157
66157
66156
66156
66156
66155
66155
66155
66155
66154
66154
66154
66154
66153
66153
66153
66152
66152
66152
66152
66151
66151
66150
66148
66147
66146
66145
66143
66143
66142
66141
66141
66141
66140
66139
66138
66138
66138
66138
66137
66137
66137
66136
66136
66136
66136
66135
66135
66135
66135
66134
66133
66131
66131
66131
66130
66130
66130
66129
66129
66129
66129
66128
66128
66128
66128
66127
66127
66127
66127
66126
66126
66125
66125
66124
66123
66123
66123
66122
66122
66122
66122
66121
66121
66121
66121
66120
66120
66120
66119
66119
66119
66119
66118
66118
66118
66116
66116
66116
66115
66115
66115
66115
66114
66114
66114
66113
66113
66113
66113
66112
66112
66112
66111
66111
66111
66111
66110
66110
66109
66108
66108
66108
66108
66107
66107
66107
66106
66106
66106
66105
66105
66105
66104
66104
66104
66104
66103
66103
66103
66102
66102
66102
66102
66101
66101
66101
66101
66100
66100
66100
66100
66099
66099
66099
66098
66098
66098
66098
66097
66097
66097
66095
66095
66095
66094
66094
66094
66094
66093
66093
66093
66093
66092
66092
66092
66092
66091
66091
66091
66091
66090
66090
66090
66089
66089
66089
66088
66088
66088
66088
66087
66087
66087
66086
66086
66086
66086
66085
66085
66085
66085
66084
66084
66084
66084
66083
66083
66083
66083
66082
66082
66082
66081
66079
66076
66074
66073
66072
66070
66070
66070
66069
66069
66069
66068
66068
66068
66068
66067
66067
66067
66066
66066
66066
66066
66065
66065
66065
66063
66063
66063
66062
66062
66062
66062
66061
66061
66061
66060
66060
66058
66058
66058
66058
66057
66057
66057
66057
66056
66056
66054
66053
66052
66052
66052
66051
66051
66051
66051
66050
66050
66050
66049
66049
66049
66049
66048
66048
66048
66047
66047
66047
66047
66045
66045
66045
66044
66044
66044
66043
66043
66043
66043
66042
66042
66042
66041
66041
66041
66039
66039
66039
66038
66038
66038
66038
66037
66037
66036
66036
66036
66035
66035
66035
66034
66034
66034
66034
66033
66033
66033
66032
66032
66032
66032
66031
66031
66031
66031
66030
66030
66030
66029
66029
66029
66029
66028
66028
66028
66028
66027
66027
66027
66027
66026
66026
66026
66025
66025
66025
66025
66024
66024
66024
66023
66023
66023
66023
66022
66022
66022
66022
66021
66021
66021
66021
66020
66020
66020
66020
66019
66019
66019
66018
66018
66018
66018
66017
66015
66015
66015
66015
66014
66014
66014
66013
66013
66013
66013
66012
66012
66012
66012
66011
66011
66011
66010
66010
66010
66010
66009
66009
66009
66009
66008
66007
66004
66003
66002
66001
66000
65999
65999
65999
65998
65998
65998
65997
65997
65997
65996
65996
65996
65996
65995
65994
65993
65993
65993
65993
65992
65992
65992
65992
65991
65991
65991
65990
65990
65990
65990
65989
65989
65989
65988
65988
65988
65988
65986
65986
65986
65985
65985
65985
65984
65984
65984
65984
65983
65983
65983
65983
65982
65982
65981
65980
65979
65979
65978
65977
65976
65975
65975
65974
65974
65974
65974
65973
65973
65973
65973
65972
65972
65972
65971
65971
65971
65969
65969
65969
65969
65968
65968
65968
65967
65967
65967
65967
65966
65966
65966
65965
65965
65965
65965
65964
65964
65964
65964
65962
65962
65961
65961
65961
65961
65960
65960
65960
65959
65959
65959
65959
65958
65958
65958
65957
65957
65957
65957
65956
65956
65956
65956
65955
65955
65955
65954
65954
65954
65954
65953
65953
65953
65953
65952
65952
65952
65951
65951
65951
65951
65950
65950
65950
65949
65949
65949
65949
65948
65948
65948
65948
65947
65947
65947
65947
65946
65946
65946
65946
65945
65945
65945
65945
65944
65944
65944
65943
65943
65943
65943
65942
65942
65942
65942
65941
65941
65941
65941
65940
65940
65940
65939
65939
65938
65937
65937
65935
65934
65933
65932
65931
65929
65929
65928
65928
65928
65927
65927
65927
65926
65926
65926
65924
65924
65924
65923
65923
65923
65922
65922
65922
65921
65921
65921
65921
65920
65920
65920
65920
65919
65919
65919
65918
65918
65917
65916
65916
65916
65915
65915
65915
65915
65914
65914
65914
65914
65913
65913
65913
65912
65912
65912
65912
65911
65911
65911
65910
65909
65909
65908
65908
65908
65907
65907
65907
65907
65906
65906
65906
65905
65905
65905
65905
65903
65902
65901
65901
65901
65900
65900
65900
65899
65898
65897
65897
65897
65897
65896
65896
65896
65895
65895
65895
65895
65894
65894
65893
65892
65892
65892
65892
65891
65891
65891
65890
65890
65890
65890
65889
65889
65889
65888
65888
65888
65888
65887
65887
65887
65887
65886
65886
65886
65885
65885
65884
65883
65883
65883
65883
65882
65882
65882
65881
65881
65881
65881
65880
65880
65880
65879
65879
65879
65879
65878
65878
65878
65878
65877
65877
65877
65876
65876
65876
65876
65875
65875
65875
65874
65874
65874
65874
65873
65873
65873
65873
65872
65872
65872
65871
65871
65871
65871
65870
65870
65870
65869
65869
65869
65869
65868
65868
65868
65867
65867
65867
65867
65866
65866
65864
65863
65861
65861
65860
65858
65858
65858
65857
65857
65857
65854
65853
65852
65852
65852
65852
65851
65851
65851
65850
65850
65849
65849
65849
65849
65848
65848
65847
65846
65846
65846
65846
65845
65845
65845
65845
65844
65844
65844
65843
65843
65843
65843
65842
65842
65842
65841
65841
65841
65840
65839
65839
65839
65838
65838
65838
65838
65837
65837
65837
65837
65836
65836
65836
65835
65835
65835
65835
65834
65834
65834
65834
65832
65832
65831
65831
65830
65830
65830
65830
65829
65829
65829
65829
65828
65828
65828
65828
65827
65827
65827
65827
65826
65826
65825
65823
65823
65823
65822
65822
65822
65821
65821
65821
65820
65820
65820
65820
65819
65818
65818
65817
65817
65817
65817
65816
65816
65816
65815
65815
65815
65815
65814
65814
65814
65814
65813
65813
65813
65812
65812
65812
65812
65811
65811
65810
65810
65810
65810
65809
65809
65809
65808
65808
65808
65808
65807
65807
65807
65807
65806
65806
65806
65806
65805
65805
65805
65805
65804
65804
65804
65803
65803
65803
65803
65802
65802
65802
65801
65801
65801
65801
65800
65800
65800
65799
65799
65799
65799
65784
65784
65783
65783
65783
65782
65782
65782
65782
65781
65781
65781
65778
65776
65775
65775
65773
65772
65771
65768
65768
65767
65767
65767
65766
65766
65766
65765
65765
65765
65765
65764
65764
65764
65764
65762
65762
65761
65761
65761
65760
65760
65758
65758
65758
65758
65757
65757
65757
65756
65756
65756
65756
65755
65755
65755
65754
65754
65753
65752
65752
65752
65752
65751
65751
65751
65751
65750
65750
65750
65750
65749
65749
65749
65748
65748
65748
65748
65747
65747
65745
65745
65745
65744
65744
65744
65744
65743
65743
65743
65743
65742
65742
65742
65742
65741
65741
65741
65740
65740
65740
65740
65739
65738
65738
65737
65737
65737
65736
65736
65736
65736
65735
65735
65735
65735
65734
65734
65734
65733
65733
65733
65733
65732
65732
65732
65731
65731
65731
65731
65730
65730
65730
65730
65729
65729
65729
65728
65728
65728
65728
65727
65727
65727
65726
65726
65726
65724
65724
65723
65723
65723
65723
65722
65722
65722
65721
65721
65721
65721
65720
65720
65720
65720
65719
65719
65719
65719
65718
65718
65718
65717
65717
65717
65717
65716
65716
65716
65715
65715
65715
65715
65714
65714
65714
65713
65713
65713
65713
65712
65712
65712
65712
65711
65711
65711
65711
65710
65710
65710
65709
65709
65709
65709
65707
65706
65702
65701
65700
65698
65698
65697
65697
65697
65696
65696
65696
65695
65695
65695
65695
65694
65694
65692
65692
65692
65692
65691
65691
65691
65690
65690
65690
65690
65689
65688
65688
65687
65687
65687
65686
65686
65686
65685
65685
65684
65681
65681
65680
65680
65680
65680
65679
65679
65679
65678
65678
65678
65678
65677
65677
65677
65677
65676
65676
65676
65675
65675
65672
65672
65672
65671
65671
65671
65671
65670
65670
65670
65670
65669
65669
65669
65668
65668
65668
65668
65667
65667
65667
65667
65665
65665
65664
65664
65664
65663
65663
65663
65662
65662
65662
65662
65661
65661
65661
65661
65660
65660
65660
65660
65659
65659
65659
65658
65658
65658
65658
65657
65657
65657
65657
65656
65656
65656
65655
65655
65655
65655
65654
65654
65654
65654
65653
65653
65653
65652
65652
65652
65652
65651
65651
65651
65650
65650
65650
65650
65649
65649
65649
65649
65648
65648
65648
65648
65647
65647
65647
65646
65646
65646
65646
65645
65645
65643
65643
65643
65642
65642
65642
65642
65641
65641
65641
65640
65640
65640
65640
65639
65639
65639
65639
65638
65638
65638
65637
65637
65637
65637
65636
65636
65636
65636
65635
65635
65635
65635
65633
65631
65630
65629
65628
65627
65626
65626
65626
65625
65625
65625
65625
65624
65623
65623
65622
65622
65622
65621
65621
65621
65621
65620
65620
65620
65620
65619
65619
65619
65618
65618
65618
65618
65617
65617
65617
65615
65615
65615
65615
65614
65614
65614
65613
65613
65613
65612
65612
65612
65612
65611
65611
65611
65610
65610
65608
65608
65608
65606
65605
65604
65604
65604
65604
65603
65603
65603
65602
65602
65602
65602
65601
65601
65601
65600
65600
65600
65600
65599
65599
65599
65597
65597
65597
65596
65596
65596
65596
65595
65595
65595
65595
65594
65594
65594
65593
65593
65593
65593
65592
65592
65592
65592
65590
65589
65589
65589
65589
65588
65588
65588
65588
65587
65587
65587
65587
65586
65586
65586
65585
65585
65585
65585
65584
65584
65584
65584
65582
65582
65582
65581
65581
65581
65581
65580
65580
65580
65579
65579
65579
65578
65578
65578
65578
65577
65577
65577
65577
65576
65576
65576
65576
65575
65575
65575
65574
65574
65574
65574
65573
65573
65573
65573
65572
65572
65572
65572
65571
65571
65571
65571
65570
65570
65570
65569
65569
65569
65569
65568
65568
65568
65568
65567
65565
65565
65565
65565
65564
65564
65564
65564
65562
65561
65559
65559
65558
65557
65556
65556
65556
65556
65555
65554
65553
65553
65553
65553
65552
65552
65552
65551
65551
65551
65551
65550
65550
65550
65550
65549
65549
65549
65549
65548
65547
65546
65546
65546
65545
65545
65545
65544
65544
65544
65543
65543
65543
65543
65542
65542
65542
65541
65541
65541
65540
65540
65540
65538
65538
65538
65537
65537
65537
65536
65536
65536
65535
65535
65535
65534
65534
65534
65534
65533
65533
65533
65531
65531
65531
65530
65529
65528
65528
65528
65527
65527
65527
65526
65526
65526
65526
65525
65525
65525
65524
65524
65524
65522
65522
65522
65521
65521
65521
65520
65520
65520
65519
65519
65519
65518
65518
65518
65517
65517
65517
65517
65516
65516
65516
65515
65515
65515
65514
65514
65514
65513
65513
65513
65512
65512
65512
65512
65511
65511
65511
65510
65510
65510
65509
65509
65509
65508
65508
65508
65507
65507
65507
65507
65506
65506
65505
65505
65505
65504
65504
65504
65503
65503
65503
65502
65502
65502
65501
65501
65501
65500
65500
65500
65499
65499
65499
65499
65498
65498
65497
65497
65497
65497
65496
65496
65496
65495
65495
65495
65495
65494
65494
65494
65493
65493
65493
65492
65492
65492
65490
65490
65489
65489
65488
65488
65488
65487
65487
65487
65486
65486
65486
65486
65485
65485
65484
65484
65484
65483
65482
65482
65482
65482
65481
65481
65481
65480
65480
65479
65479
65478
65478
65478
65477
65477
65477
65476
65476
65476
65476
65475
65475
65474
65474
65474
65473
65473
65472
65472
65472
65471
65471
65471
65471
65470
65470
65469
65469
65469
65469
65468
65468
65468
65467
65467
65467
65466
65466
65466
65465
65465
65465
65464
65464
65464
65464
65463
65463
65462
65462
65462
65462
65461
65461
65461
65460
65460
65460
65459
65459
65459
65458
65458
65458
65457
65457
65457
65456
65456
65456
65455
65455
65455
65455
65454
65454
65453
65453
65453
65453
65452
65452
65452
65451
65451
65451
65450
65450
65450
65449
65449
65449
65448
65448
65448
65447
65447
65447
65446
65446
65446
65445
65445
65445
65444
65444
65444
65443
65443
65443
65443
65442
65442
65442
65441
65441
65441
65440
65440
65440
65439
65439
65439
65438
65438
65438
65438
65437
65437
65436
65436
65436
65435
65435
65435
65435
65434
65434
65434
65433
65433
65433
65432
65432
65432
65431
65431
65431
65431
65430
65430
65430
65429
65429
65429
65428
65428
65428
65427
65427
65427
65426
65426
65426
65425
65425
65424
65424
65424
65424
65423
65423
65423
65422
65422
65422
65421
65421
65421
65420
65420
65420
65420
65419
65419
65419
65418
65418
65417
65417
65417
65416
65416
65416
65415
65415
65414
65414
65414
65414
65413
65413
65413
65412
65412
65412
65411
65411
65411
65410
65410
65410
65409
65409
65409
65408
65408
65408
65408
65407
65407
65407
65406
65406
65406
65404
65403
65403
65403
65402
65402
65402
65401
65401
65401
65401
65400
65400
65400
65399
65399
65399
65398
65398
65398
65397
65397
65397
65397
65396
65396
65395
65395
65395
65395
65394
65394
65394
65393
65393
65393
65392
65392
65392
65391
65391
65391
65390
65390
65390
65390
65389
65389
65389
65388
65388
65388
65387
65387
65387
65387
65386
65386
65386
65385
65385
65385
65384
65384
65383
65383
65383
65383
65382
65382
65382
65381
65381
65381
65380
65380
65380
65380
65379
65379
65379
65378
65378
65378
65377
65377
65377
65376
65376
65376
65375
65375
65375
65374
65374
65374
65374
65373
65373
65373
65372
65372
65372
65372
65371
65371
65371
65370
65370
65370
65369
65369
65369
65368
65368
65368
65367
65367
65366
65366
65365
65365
65364
65364
65363
65363
65362
65362
65362
65361
65361
65360
65360
65360
65359
65359
65359
65359
65358
65358
65358
65357
65357
65357
65356
65356
65356
65355
65355
65355
65354
65354
65354
65353
65353
65353
65352
65352
65352
65352
65351
65351
65350
65350
65350
65350
65349
65349
65349
65348
65348
65348
65347
65347
65347
65346
65346
65346
65346
65345
65345
65345
65344
65344
65344
65343
65343
65343
65342
65342
65342
65341
65341
65341
65340
65340
65340
65339
65339
65339
65339
65338
65338
65338
65337
65337
65337
65336
65336
65336
65336
65335
65335
65335
65334
65334
65334
65333
65333
65333
65333
65332
65332
65332
65331
65331
65331
65330
65330
65330
65329
65329
65329
65328
65328
65328
65328
65327
65327
65327
65326
65326
65326
65325
65325
65325
65325
65324
65324
65324
65323
65323
65323
65322
65322
65322
65320
65320
65319
65319
65319
65318
65318
65318
65318
65317
65317
65317
65316
65316
65316
65315
65315
65315
65314
65314
65314
65313
65313
65313
65313
65312
65312
65312
65311
65311
65311
65310
65310
65310
65309
65309
65309
65309
65308
65308
65308
65307
65307
65307
65306
65306
65306
65305
65305
65305
65304
65304
65304
65304
65303
65303
65303
65302
65302
65302
65301
65301
65301
65301
65300
65300
65299
65299
65299
65298
65298
65298
65297
65297
65297
65296
65296
65296
65296
65295
65295
65295
65294
65294
65293
65293
65293
65293
65292
65292
65292
65291
65291
65291
65291
65290
65290
65290
65289
65289
65289
65289
65288
65288
65288
65287
65287
65287
65287
65286
65286
65286
65285
65285
65285
65284
65284
65284
65284
65283
65283
65283
65282
65282
65282
65281
65281
65281
65281
65280
65280
65280
65279
65279
65279
65279
65278
65278
65278
65277
65277
65277
65277
65276
65276
65276
65275
65275
65275
65275
65274
65274
65274
65273
65273
65273
65272
65272
65272
65272
65271
65271
65271
65270
65270
65270
65269
65269
65269
65269
65268
65268
65268
65267
65267
65267
65267
65266
65266
65266
65265
65265
65265
65265
65264
65264
65264
65263
65263
65263
65262
65262
65262
65262
65261
65261
65261
65260
65260
65260
65259
65259
65259
65258
65258
65258
65257
65257
65257
65257
65256
65256
65256
65255
65255
65255
65254
65254
65254
65254
65253
65253
65253
65252
65252
65252
65252
65251
65251
65251
65250
65250
65250
65249
65249
65249
65249
65248
65248
65248
65247
65247
65247
65247
65246
65246
65246
65245
65245
65245
65244
65244
65244
65243
65243
65243
65240
65239
65239
65239
65238
65238
65238
65237
65237
65237
65236
65236
65236
65235
65235
65235
65234
65234
65234
65233
65233
65233
65232
65232
65232
65232
65231
65231
65231
65230
65230
65230
65229
65229
65229
65229
65228
65228
65228
65227
65227
65227
65226
65226
65226
65226
65225
65225
65225
65224
65224
65224
65224
65223
65223
65223
65222
65222
65222
65221
65221
65221
65221
65220
65220
65220
65219
65219
65219
65218
65218
65218
65218
65217
65217
65217
65216
65216
65216
65216
65215
65215
65214
65214
65214
65213
65213
65213
65212
65212
65212
65211
65211
65211
65210
65210
65210
65209
65209
65209
65208
65208
65208
65207
65207
65207
65206
65206
65206
65206
65205
65205
65205
65204
65204
65204
65203
65203
65203
65203
65202
65202
65202
65201
65201
65201
65201
65200
65200
65200
65180
65179
65179
65178
65178
65178
65178
65177
65177
65177
65176
65176
65176
65175
65175
65175
65174
65174
65174
65174
65173
65173
65173
65172
65172
65172
65171
65171
65171
65171
65170
65170
65170
65169
65169
65169
65168
65168
65168
65167
65167
65167
65167
65166
65166
65166
65165
65165
65165
65164
65164
65164
65163
65163
65163
65163
65162
65162
65162
65161
65161
65161
65160
65160
65160
65159
65159
65158
65158
65158
65158
65157
65157
65157
65156
65156
65156
65156
65155
65155
65155
65154
65154
65154
65154
65153
65153
65153
65153
65152
65152
65152
65151
65151
65151
65151
65150
65150
65149
65149
65149
65149
65148
65148
65148
65147
65147
65147
65146
65146
65146
65146
65145
65145
65145
65144
65144
65144
65144
65143
65143
65143
65142
65142
65142
65142
65139
65139
65139
65138
65138
65138
65137
65137
65137
65136
65136
65136
65136
65135
65135
65135
65134
65134
65134
65133
65133
65132
65132
65132
65131
65131
65131
65130
65130
65130
65130
65129
65129
65129
65129
65128
65128
65128
65127
65127
65127
65127
65126
65126
65126
65126
65125
65125
65125
65124
65124
65124
65123
65123
65123
65123
65122
65122
65122
65121
65121
65121
65120
65120
65120
65120
65119
65119
65119
65119
65118
65118
65118
65117
65117
65117
65117
65116
65116
65116
65115
65115
65115
65115
65114
65114
65114
65113
65113
65113
65113
65112
65112
65112
65111
65111
65111
65110
65110
65110
65110
65109
65109
65109
65108
65108
65108
65107
65107
65107
65107
65106
65106
65106
65106
65105
65105
65105
65104
65104
65104
65104
65103
65103
65103
65102
65102
65102
65102
65101
65101
65100
65100
65100
65099
65099
65099
65099
65098
65098
65098
65097
65097
65097
65096
65096
65096
65096
65095
65095
65095
65094
65094
65094
65094
65093
65093
65093
65092
65092
65092
65092
65091
65091
65091
65091
65090
65090
65090
65090
65089
65089
65089
65088
65088
65088
65088
65087
65087
65087
65087
65086
65086
65086
65086
65085
65085
65085
65084
65084
65084
65084
65083
65083
65083
65082
65082
65082
65082
65081
65081
65081
65080
65080
65080
65080
65079
65079
65079
65078
65078
65078
65078
65077
65077
65077
65076
65076
65076
65076
65075
65075
65075
65075
65074
65074
65074
65073
65073
65073
65073
65072
65072
65072
65071
65071
65071
65071
65070
65070
65070
65069
65069
65069
65069
65068
65068
65068
65068
65067
65067
65067
65066
65066
65066
65066
65064
65064
65063
65063
65063
65062
65062
65062
65062
65061
65061
65061
65060
65060
65060
65060
65059
65059
65059
65058
65058
65058
65058
65057
65057
65057
65056
65056
65056
65056
65055
65055
65055
65054
65054
65054
65054
65053
65053
65053
65052
65052
65052
65052
65051
65051
65051
65051
65050
65050
65050
65049
65049
65049
65049
65048
65048
65048
65047
65047
65047
65047
65046
65046
65044
65041
65040
65038
65038
65037
65036
65036
65036
65035
65035
65034
65032
65032
65032
65031
65031
65031
65030
65030
65030
65030
65029
65029
65029
65029
65028
65028
65028
65028
65027
65027
65027
65025
65025
65025
65024
65024
65024
65024
65023
65023
65023
65023
65022
65022
65022
65021
65021
65021
65021
65020
65020
65020
65020
65019
65018
65017
65017
65017
65017
65016
65016
65016
65016
65015
65015
65015
65015
65014
65014
65014
65013
65012
65012
65011
65011
65010
65010
65010
65009
65009
65009
65009
65008
65008
65008
65008
65007
65007
65007
65007
65006
65006
65006
65004
65003
65003
65002
65002
65002
65002
65001
65001
65001
65001
65000
65000
65000
64999
64999
64998
64997
64997
64997
64996
64996
64996
64996
64995
64995
64995
64995
64994
64994
64994
64994
64993
64993
64993
64993
64992
64992
64992
64991
64991
64990
64990
64990
64990
64989
64989
64989
64989
64988
64988
64988
64988
64987
64987
64987
64987
64986
64986
64986
64985
64985
64985
64985
64984
64984
64984
64984
64983
64983
64983
64983
64982
64982
64982
64982
64981
64981
64981
64980
64980
64980
64980
64979
64979
64979
64979
64978
64978
64978
64978
64977
64977
64977
64977
64976
64976
64973
64972
64970
64969
64968
64967
64967
64965
64963
64963
64962
64962
64962
64961
64961
64961
64960
64960
64960
64960
64959
64959
64959
64957
64957
64957
64956
64956
64956
64955
64954
64954
64953
64953
64953
64952
64952
64952
64952
64951
64951
64951
64951
64950
64950
64949
64948
64948
64948
64947
64947
64947
64947
64946
64946
64946
64945
64945
64945
64945
64944
64944
64944
64944
64943
64943
64943
64943
64941
64941
64940
64940
64940
64940
64939
64939
64939
64938
64938
64938
64938
64937
64937
64937
64937
64936
64936
64936
64936
64935
64935
64933
64933
64933
64933
64932
64932
64932
64932
64931
64931
64931
64931
64930
64930
64930
64929
64929
64929
64929
64928
64928
64928
64927
64927
64927
64927
64926
64926
64926
64926
64925
64925
64925
64925
64924
64924
64924
64923
64923
64923
64922
64922
64922
64922
64921
64919
64919
64919
64918
64918
64918
64917
64917
64917
64917
64916
64916
64916
64915
64915
64915
64915
64914
64914
64914
64914
64913
64913
64913
64913
64912
64912
64912
64912
64911
64911
64911
64910
64910
64910
64910
64909
64909
64909
64909
64908
64908
64908
64908
64907
64907
64907
64907
64906
64906
64906
64905
64905
64905
64905
64904
64903
64900
64897
64896
64895
64894
64893
64893
64893
64892
64892
64892
64892
64891
64891
64891
64890
64890
64890
64890
64889
64889
64889
64889
64888
64887
64887
64886
64886
64886
64886
64885
64883
64883
64882
64882
64882
64882
64881
64881
64881
64879
64878
64877
64877
64877
64876
64876
64876
64876
64875
64875
64875
64875
64874
64874
64874
64874
64873
64873
64873
64873
64872
64871
64869
64869
64869
64868
64868
64868
64868
64867
64867
64867
64867
64866
64866
64866
64865
64865
64865
64865
64864
64864
64864
64864
64862
64862
64861
64861
64861
64860
64860
64860
64859
64859
64859
64859
64858
64858
64858
64858
64857
64857
64857
64857
64856
64856
64856
64856
64855
64855
64855
64855
64854
64854
64854
64854
64853
64853
64853
64852
64852
64852
64852
64851
64851
64851
64851
64850
64850
64850
64850
64849
64849
64849
64848
64848
64848
64848
64847
64847
64847
64847
64846
64846
64846
64846
64845
64845
64845
64844
64844
64844
64844
64843
64843
64843
64843
64842
64841
64841
64840
64840
64840
64840
64839
64839
64839
64839
64838
64838
64838
64837
64837
64837
64837
64836
64836
64836
64836
64835
64835
64835
64834
64834
64834
64834
64833
64833
64833
64833
64831
64829
64828
64827
64826
64825
64824
64824
64824
64824
64823
64823
64823
64822
64821
64821
64820
64820
64820
64820
64819
64819
64819
64818
64818
64818
64818
64817
64817
64817
64817
64816
64816
64816
64816
64815
64815
64814
64813
64813
64813
64813
64812
64812
64812
64812
64811
64811
64811
64810
64810
64810
64810
64809
64809
64809
64808
64807
64806
64805
64803
64803
64803
64803
64802
64802
64802
64801
64801
64801
64801
64800
64800
64800
64800
64799
64799
64799
64785
64784
64784
64783
64782
64782
64782
64781
64781
64781
64780
64780
64780
64780
64779
64779
64779
64779
64778
64778
64778
64777
64777
64777
64777
64776
64775
64774
64774
64774
64774
64773
64773
64773
64772
64772
64772
64772
64771
64771
64771
64771
64770
64770
64770
64770
64769
64769
64769
64769
64767
64767
64766
64766
64766
64765
64765
64765
64765
64764
64764
64764
64764
64763
64763
64763
64762
64762
64762
64762
64761
64761
64761
64761
64760
64760
64760
64759
64759
64759
64759
64758
64758
64758
64758
64757
64757
64757
64757
64756
64756
64756
64755
64755
64755
64755
64754
64754
64754
64754
64753
64753
64753
64753
64752
64752
64752
64750
64750
64750
64749
64749
64749
64748
64747
64745
64744
64742
64742
64739
64739
64739
64738
64737
64737
64736
64736
64736
64736
64735
64735
64735
64734
64734
64734
64734
64733
64733
64733
64732
64732
64732
64732
64731
64731
64731
64729
64729
64729
64728
64728
64728
64728
64727
64727
64727
64727
64726
64726
64726
64726
64725
64725
64725
64725
64724
64724
64724
64724
64722
64722
64721
64721
64721
64721
64720
64720
64720
64719
64719
64719
64719
64718
64718
64718
64718
64717
64717
64717
64716
64716
64715
64713
64713
64713
64711
64711
64711
64711
64710
64710
64710
64710
64709
64709
64709
64709
64708
64708
64708
64707
64707
64707
64705
64705
64705
64704
64704
64704
64704
64703
64703
64703
64703
64702
64702
64702
64702
64701
64701
64701
64701
64700
64700
64700
64699
64699
64699
64699
64698
64698
64698
64698
64697
64697
64697
64697
64696
64696
64696
64695
64695
64695
64695
64694
64694
64694
64694
64693
64693
64693
64693
64692
64692
64692
64691
64691
64691
64691
64690
64690
64690
64690
64689
64689
64689
64689
64688
64688
64688
64688
64687
64687
64687
64686
64686
64686
64686
64685
64685
64685
64685
64684
64684
64684
64684
64683
64683
64683
64682
64682
64682
64682
64681
64681
64681
64678
64677
64674
64672
64672
64669
64668
64667
64667
64667
64667
64666
64666
64666
64665
64665
64665
64665
64664
64664
64664
64664
64663
64663
64663
64663
64662
64661
64661
64660
64660
64660
64659
64659
64659
64659
64658
64658
64658
64657
64657
64657
64656
64656
64656
64656
64655
64655
64655
64655
64653
64653
64653
64652
64652
64652
64652
64651
64651
64651
64650
64650
64650
64650
64649
64649
64649
64649
64648
64648
64648
64648
64647
64646
64646
64645
64645
64645
64645
64644
64644
64644
64643
64643
64643
64643
64642
64642
64642
64640
64640
64640
64640
64639
64639
64639
64637
64637
64637
64637
64636
64636
64636
64636
64635
64635
64633
64633
64633
64632
64632
64632
64631
64631
64631
64631
64630
64630
64630
64629
64629
64629
64629
64628
64628
64628
64627
64627
64627
64627
64626
64626
64626
64626
64625
64625
64625
64625
64624
64624
64624
64624
64623
64623
64623
64623
64622
64622
64622
64621
64621
64621
64621
64620
64620
64620
64620
64619
64619
64619
64619
64618
64618
64618
64618
64617
64617
64617
64616
64616
64616
64616
64615
64615
64615
64614
64614
64614
64614
64613
64613
64613
64613
64612
64612
64612
64611
64611
64611
64611
64610
64610
64608
64606
64604
64603
64602
64601
64600
64600
64600
64599
64599
64599
64598
64598
64598
64598
64597
64597
64597
64597
64596
64596
64596
64594
64593
64593
64592
64592
64592
64592
64591
64591
64591
64590
64590
64590
64590
64589
64589
64589
64588
64588
64588
64588
64587
64586
64585
64585
64585
64585
64584
64584
64584
64584
64583
64583
64583
64583
64582
64582
64582
64581
64581
64581
64578
64578
64577
64577
64576
64575
64575
64575
64574
64574
64574
64574
64573
64573
64573
64573
64572
64572
64572
64571
64571
64570
64570
64569
64569
64569
64569
64568
64568
64568
64567
64567
64567
64567
64566
64566
64566
64566
64565
64565
64565
64565
64564
64563
64563
64562
64562
64562
64561
64561
64561
64561
64560
64560
64560
64560
64559
64559
64559
64558
64558
64558
64558
64557
64557
64557
64555
64555
64555
64554
64554
64554
64554
64553
64553
64553
64553
64552
64552
64552
64551
64551
64551
64551
64550
64550
64550
64550
64549
64549
64549
64549
64548
64548
64548
64548
64547
64547
64546
64546
64546
64546
64545
64545
64545
64545
64544
64544
64544
64543
64543
64543
64543
64542
64542
64542
64542
64541
64541
64541
64541
64540
64540
64540
64540
64539
64539
64538
64537
64535
64534
64533
64532
64531
64530
64530
64530
64530
64529
64529
64529
64529
64528
64528
64528
64527
64527
64526
64525
64525
64525
64525
64524
64524
64524
64522
64522
64521
64521
64521
64521
64520
64520
64520
64520
64519
64519
64519
64518
64517
64516
64515
64515
64515
64514
64514
64514
64514
64513
64513
64513
64512
64512
64512
64512
64511
64511
64511
64511
64510
64510
64509
64508
64508
64508
64507
64507
64507
64507
64506
64506
64506
64506
64505
64505
64505
64505
64504
64503
64502
64502
64502
64502
64501
64501
64501
64501
64500
64500
64500
64500
64499
64499
64499
64498
64498
64498
64497
64497
64497
64497
64495
64495
64494
64494
64494
64494
64493
64493
64493
64493
64492
64492
64492
64492
64491
64491
64491
64490
64490
64490
64490
64489
64489
64489
64489
64487
64487
64487
64486
64486
64486
64485
64485
64485
64485
64484
64484
64484
64484
64483
64483
64483
64483
64482
64482
64482
64482
64481
64481
64481
64480
64480
64478
64478
64478
64478
64477
64477
64477
64476
64476
64476
64476
64475
64475
64475
64474
64474
64474
64474
64473
64473
64473
64473
64472
64472
64472
64472
64471
64471
64471
64471
64470
64470
64470
64469
64469
64469
64468
64466
64465
64463
64462
64461
64460
64460
64459
64459
64459
64458
64458
64458
64458
64456
64456
64456
64455
64455
64455
64455
64454
64454
64454
64454
64453
64453
64453
64453
64452
64452
64452
64451
64451
64451
64451
64450
64449
64448
64448
64448
64448
64447
64447
64447
64447
64446
64446
64446
64445
64445
64444
64443
64442
64442
64442
64441
64441
64441
64440
64439
64439
64438
64438
64438
64438
64437
64437
64437
64437
64436
64436
64436
64435
64435
64434
64433
64433
64433
64433
64432
64432
64432
64432
64431
64431
64431
64431
64430
64430
64430
64429
64429
64429
64429
64428
64428
64428
64427
64426
64426
64426
64425
64425
64425
64425
64424
64424
64424
64424
64423
64423
64423
64422
64422
64422
64422
64421
64421
64421
64421
64420
64420
64420
64419
64419
64419
64419
64418
64418
64418
64418
64417
64417
64417
64417
64416
64416
64416
64415
64415
64415
64415
64414
64414
64414
64414
64413
64413
64413
64413
64412
64412
64412
64412
64411
64411
64411
64411
64410
64410
64410
64409
64409
64409
64408
64408
64408
64408
64407
64407
64407
64407
64406
64406
64406
64406
64405
64405
64402
64402
64402
64401
64401
64401
64401
64400
64400
64400
64399
64399
64399
64396
64395
64393
64392
64391
64390
64390
64389
64389
64387
64387
64387
64387
64386
64386
64386
64385
64385
64385
64385
64384
64384
64384
64383
64383
64383
64383
64382
64382
64382
64382
64381
64380
64380
64379
64379
64379
64379
64378
64378
64378
64378
64377
64377
64377
64377
64376
64376
64376
64374
64374
64374
64373
64373
64373
64373
64372
64372
64372
64371
64371
64371
64371
64370
64370
64370
64370
64369
64369
64369
64368
64367
64365
64365
64365
64364
64363
64363
64362
64362
64362
64362
64361
64361
64361
64361
64360
64360
64360
64359
64359
64359
64359
64357
64357
64357
64356
64356
64356
64356
64355
64355
64355
64355
64354
64354
64354
64353
64353
64353
64353
64352
64352
64352
64352
64351
64351
64351
64351
64350
64350
64350
64350
64349
64349
64349
64348
64348
64348
64348
64347
64347
64347
64347
64346
64346
64346
64346
64345
64345
64345
64344
64344
64344
64344
64343
64343
64343
64343
64342
64342
64342
64342
64341
64341
64341
64340
64340
64340
64340
64339
64339
64339
64339
64338
64338
64338
64337
64337
64337
64337
64337
64336
64336
64336
64335
64335
64335
64335
64334
64334
64334
64334
64333
64333
64333
64333
64332
64332
64332
64331
64331
64330
64328
64327
64325
64325
64321
64320
64319
64319
64319
64318
64318
64318
64318
64317
64317
64317
64317
64316
64316
64316
64314
64314
64314
64314
64313
64313
64313
64312
64312
64312
64312
64311
64311
64311
64310
64310
64310
64310
64309
64309
64309
64309
64308
64307
64307
64306
64306
64306
64305
64305
64305
64305
64304
64304
64304
64304
64303
64303
64303
64302
64302
64302
64302
64300
64300
64300
64298
64298
64298
64297
64297
64297
64296
64296
64296
64296
64295
64295
64295
64295
64294
64294
64294
64293
64293
64293
64293
64292
64291
64289
64289
64289
64289
64288
64288
64287
64287
64287
64287
64285
64285
64285
64284
64284
64284
64284
64283
64283
64283
64283
64282
64282
64282
64282
64281
64281
64281
64280
64280
64280
64280
64279
64279
64279
64278
64278
64278
64278
64277
64277
64277
64277
64276
64276
64276
64276
64275
64275
64275
64275
64274
64274
64274
64273
64273
64273
64273
64272
64272
64272
64272
64271
64271
64271
64271
64270
64270
64270
64270
64269
64269
64269
64269
64268
64268
64268
64267
64267
64267
64267
64266
64266
64266
64266
64265
64265
64265
64264
64264
64264
64264
64263
64263
64263
64263
64262
64262
64262
64262
64261
64261
64259
64257
64254
64253
64253
64251
64251
64251
64250
64250
64250
64249
64249
64249
64248
64248
64248
64246
64245
64245
64245
64244
64244
64244
64243
64243
64243
64243
64242
64242
64242
64242
64241
64241
64241
64241
64240
64240
64240
64238
64238
64238
64237
64237
64237
64237
64236
64236
64236
64236
64235
64235
64235
64235
64234
64234
64234
64234
64233
64233
64233
64232
64231
64231
64230
64230
64230
64230
64229
64229
64228
64228
64228
64227
64227
64227
64227
64226
64226
64226
64226
64225
64225
64225
64224
64223
64223
64222
64222
64222
64222
64221
64221
64221
64221
64220
64220
64220
64219
64219
64219
64217
64217
64217
64217
64216
64216
64216
64216
64215
64215
64215
64214
64214
64214
64214
64213
64213
64213
64213
64212
64212
64212
64212
64211
64209
64209
64209
64207
64207
64206
64206
64206
64206
64205
64205
64205
64205
64204
64204
64204
64204
64203
64203
64203
64202
64202
64202
64202
64201
64201
64201
64201
64200
64200
64200
64200
64199
64199
64199
64198
64198
64198
64198
64197
64197
64197
64197
64196
64196
64196
64195
64195
64195
64195
64194
64194
64194
64194
64193
64193
64193
64193
64192
64192
64192
64192
64191
64191
64191
64191
64190
64189
64187
64186
64184
64184
64183
64182
64182
64182
64181
64181
64181
64181
64179
64179
64179
64178
64178
64178
64178
64177
64176
64176
64175
64175
64175
64174
64174
64174
64174
64173
64173
64173
64173
64172
64171
64170
64169
64169
64169
64168
64168
64168
64168
64167
64167
64167
64167
64166
64166
64166
64165
64165
64165
64164
64164
64164
64162
64162
64162
64162
64161
64161
64161
64160
64160
64160
64160
64159
64159
64159
64158
64158
64158
64158
64157
64157
64157
64156
64156
64155
64154
64154
64154
64154
64153
64153
64153
64153
64152
64152
64152
64151
64151
64151
64151
64150
64150
64150
64150
64149
64149
64149
64147
64147
64147
64146
64146
64146
64145
64145
64145
64145
64144
64144
64144
64144
64143
64143
64143
64142
64142
64142
64142
64141
64141
64141
64141
64140
64140
64140
64140
64139
64139
64139
64139
64138
64138
64138
64138
64137
64137
64137
64136
64136
64136
64136
64135
64135
64134
64133
64133
64133
64133
64132
64132
64132
64131
64131
64131
64131
64130
64130
64130
64130
64129
64129
64129
64129
64128
64128
64128
64127
64127
64127
64127
64126
64126
64126
64126
64125
64125
64125
64125
64124
64124
64124
64124
64123
64123
64123
64123
64120
64118
64116
64115
64115
64113
64113
64113
64111
64111
64110
64110
64110
64110
64109
64109
64109
64109
64108
64108
64108
64108
64107
64107
64107
64106
64106
64106
64106
64105
64105
64102
64102
64102
64101
64101
64101
64101
64100
64100
64100
64099
64099
64099
64099
64098
64097
64096
64096
64096
64096
64095
64095
64093
64092
64092
64091
64091
64091
64090
64090
64090
64090
64089
64089
64089
64089
64088
64088
64088
64088
64087
64087
64087
64087
64085
64085
64085
64084
64084
64084
64084
64083
64083
64082
64082
64082
64082
64081
64081
64081
64080
64079
64079
64078
64078
64078
64078
64077
64077
64077
64077
64076
64076
64076
64075
64075
64075
64075
64074
64074
64074
64074
64073
64073
64073
64073
64072
64072
64072
64072
64071
64071
64071
64070
64070
64070
64070
64069
64069
64069
64069
64068
64068
64068
64068
64067
64067
64067
64066
64066
64066
64066
64065
64065
64065
64065
64064
64064
64064
64063
64063
64063
64063
64062
64062
64062
64062
64061
64061
64061
64061
64060
64060
64060
64060
64059
64059
64059
64058
64058
64058
64058
64057
64056
64055
64055
64055
64055
64054
64054
64054
64054
64053
64053
64053
64052
64052
64052
64052
64051
64051
64050
64048
64047
64045
64044
64042
64041
64041
64040
64040
64040
64039
64039
64039
64039
64038
64038
64038
64038
64037
64037
64037
64037
64036
64036
64036
64034
64034
64034
64033
64033
64033
64033
64032
64032
64032
64032
64031
64031
64031
64030
64030
64030
64030
64029
64029
64029
64029
64028
64027
64027
64026
64026
64026
64025
64025
64025
64025
64024
64024
64024
64024
64023
64023
64022
64020
64020
64020
64019
64019
64018
64017
64016
64016
64015
64015
64015
64015
64014
64014
64014
64014
64013
64013
64013
64012
64012
64011
64010
64010
64010
64009
64009
64008
64008
64008
64008
64007
64007
64007
64007
64006
64006
64006
64006
64005
64005
64005
64005
64004
64004
64004
64003
64003
64003
64003
64002
64002
64002
64002
64001
64001
64001
64001
64000
64000
64000
64000
63999
63999
63999
63999
63998
63998
63998
63997
63997
63997
63997
63996
63996
63996
63996
63995
63995
63995
63995
63994
63994
63994
63993
63993
63993
63993
63992
63992
63992
63992
63991
63991
63991
63991
63990
63990
63990
63990
63989
63989
63989
63989
63988
63988
63988
63987
63987
63987
63987
63986
63986
63986
63986
63985
63985
63985
63985
63984
63984
63984
63984
63983
63983
63983
63980
63979
63977
63976
63975
63973
63973
63973
63973
63972
63972
63972
63971
63971
63971
63971
63970
63970
63970
63970
63969
63968
63968
63967
63967
63967
63967
63966
63966
63966
63966
63965
63965
63965
63964
63964
63964
63963
63963
63963
63963
63962
63962
63962
63960
63960
63960
63959
63959
63959
63959
63958
63958
63958
63958
63957
63957
63957
63956
63956
63956
63956
63955
63955
63955
63955
63954
63953
63952
63952
63952
63952
63951
63951
63951
63951
63950
63950
63950
63949
63949
63949
63949
63947
63946
63945
63945
63945
63945
63944
63944
63944
63943
63943
63943
63940
63940
63939
63939
63939
63938
63938
63938
63938
63937
63936
63936
63935
63935
63935
63935
63934
63934
63934
63934
63933
63933
63933
63932
63932
63932
63932
63931
63931
63931
63931
63930
63930
63928
63928
63928
63928
63927
63927
63927
63927
63926
63926
63926
63925
63925
63925
63925
63924
63924
63924
63924
63923
63923
63923
63922
63922
63922
63922
63921
63921
63921
63921
63920
63920
63920
63919
63919
63919
63919
63918
63918
63918
63918
63917
63917
63917
63917
63916
63916
63916
63916
63915
63915
63915
63915
63914
63914
63914
63913
63913
63913
63913
63912
63912
63912
63911
63910
63908
63907
63905
63905
63904
63903
63903
63903
63903
63902
63902
63902
63902
63901
63901
63901
63899
63898
63898
63897
63897
63897
63896
63896
63896
63896
63895
63895
63895
63895
63894
63894
63894
63893
63893
63893
63893
63892
63891
63890
63890
63890
63890
63889
63889
63889
63889
63888
63888
63888
63888
63887
63887
63887
63886
63885
63885
63884
63884
63884
63884
63883
63883
63883
63883
63882
63882
63882
63882
63881
63881
63881
63881
63880
63880
63880
63880
63879
63878
63878
63877
63877
63877
63876
63876
63876
63876
63875
63875
63875
63875
63874
63874
63874
63874
63873
63873
63873
63873
63872
63871
63869
63869
63869
63868
63868
63868
63867
63867
63867
63867
63866
63866
63866
63866
63865
63865
63865
63863
63863
63863
63862
63862
63862
63861
63861
63860
63860
63860
63859
63859
63856
63855
63855
63854
63854
63853
63853
63853
63852
63852
63852
63851
63851
63850
63850
63850
63849
63849
63849
63848
63848
63848
63847
63847
63846
63846
63846
63845
63844
63844
63843
63843
63842
63842
63841
63841
63840
63840
63840
63839
63838
63838
63838
63837
63837
63836
63836
63835
63835
63835
63834
63834
63833
63807
63806
63806
63806
63805
63805
63804
63800
63799
63782
63780
63779
63777
63777
63776
63776
63776
63775
63775
63775
63773
63772
63772
63770
63770
63769
63769
63769
63768
63768
63768
63767
63767
63767
63766
63766
63764
63764
63764
63763
63763
63763
63762
63761
63760
63760
63760
63759
63759
63759
63759
63758
63758
63757
63757
63757
63756
63756
63755
63754
63754
63754
63754
63753
63753
63753
63752
63752
63752
63752
63751
63751
63751
63751
63750
63750
63750
63749
63749
63749
63749
63747
63747
63746
63746
63746
63746
63745
63745
63745
63745
63744
63744
63744
63744
63743
63743
63743
63742
63742
63742
63742
63741
63741
63740
63739
63739
63739
63738
63738
63738
63738
63737
63737
63737
63737
63736
63736
63736
63736
63735
63735
63735
63735
63734
63734
63734
63733
63733
63733
63733
63732
63732
63732
63732
63731
63731
63731
63730
63730
63730
63730
63729
63729
63729
63729
63728
63728
63728
63727
63727
63725
63725
63725
63725
63724
63724
63724
63723
63723
63723
63723
63722
63722
63722
63722
63721
63721
63721
63721
63720
63720
63720
63719
63719
63719
63719
63718
63718
63718
63718
63717
63717
63717
63717
63716
63716
63716
63716
63715
63715
63715
63715
63714
63714
63714
63714
63713
63713
63711
63709
63706
63704
63703
63702
63701
63701
63700
63699
63699
63699
63699
63698
63698
63698
63697
63697
63697
63697
63696
63696
63696
63695
63695
63694
63693
63693
63693
63692
63692
63692
63692
63691
63691
63691
63691
63690
63690
63690
63688
63688
63688
63688
63687
63687
63687
63685
63684
63684
63683
63683
63683
63683
63682
63682
63682
63682
63681
63681
63681
63680
63680
63680
63678
63678
63678
63677
63677
63676
63675
63675
63675
63674
63674
63674
63674
63673
63673
63673
63673
63672
63672
63672
63672
63671
63671
63671
63670
63670
63670
63670
63668
63668
63668
63667
63667
63667
63667
63666
63666
63666
63665
63665
63665
63665
63664
63664
63664
63664
63663
63663
63663
63663
63662
63662
63662
63662
63661
63661
63661
63660
63660
63660
63660
63659
63659
63659
63659
63658
63658
63658
63657
63657
63657
63657
63656
63656
63656
63656
63655
63655
63655
63654
63654
63654
63654
63653
63653
63653
63653
63652
63652
63652
63651
63651
63651
63651
63650
63650
63650
63650
63649
63649
63649
63649
63648
63648
63647
63646
63646
63646
63646
63645
63645
63645
63645
63644
63644
63643
63643
63643
63643
63642
63642
63642
63642
63641
63641
63641
63640
63640
63639
63637
63636
63633
63632
63631
63631
63630
63630
63630
63630
63629
63629
63629
63628
63628
63628
63628
63627
63627
63626
63625
63625
63625
63625
63624
63624
63624
63623
63623
63623
63623
63622
63622
63621
63621
63621
63621
63620
63620
63620
63619
63619
63618
63617
63617
63617
63616
63616
63616
63616
63615
63615
63615
63615
63614
63614
63614
63614
63613
63613
63613
63613
63612
63612
63609
63607
63607
63607
63607
63606
63606
63606
63605
63605
63605
63605
63604
63604
63604
63603
63603
63603
63603
63602
63602
63602
63600
63600
63600
63599
63599
63599
63599
63598
63598
63598
63598
63597
63597
63597
63597
63596
63596
63596
63595
63595
63595
63595
63594
63594
63594
63594
63593
63593
63593
63593
63592
63592
63592
63592
63591
63591
63591
63591
63590
63590
63590
63588
63588
63588
63587
63587
63587
63587
63586
63586
63586
63586
63585
63585
63585
63584
63584
63584
63584
63583
63583
63583
63582
63582
63582
63582
63581
63581
63581
63580
63580
63580
63579
63579
63579
63579
63578
63578
63578
63578
63577
63577
63577
63577
63576
63576
63576
63575
63575
63575
63575
63574
63574
63574
63574
63573
63573
63573
63573
63572
63572
63572
63571
63571
63571
63568
63567
63565
63564
63563
63561
63560
63560
63560
63560
63559
63559
63559
63558
63558
63557
63556
63556
63556
63555
63555
63555
63555
63554
63554
63554
63554
63553
63553
63553
63553
63552
63552
63552
63552
63551
63551
63551
63549
63549
63549
63548
63548
63548
63548
63547
63547
63547
63547
63546
63546
63546
63545
63545
63545
63545
63544
63544
63544
63544
63543
63542
63541
63541
63541
63541
63540
63540
63540
63540
63539
63539
63539
63539
63538
63538
63538
63537
63537
63537
63537
63536
63536
63534
63533
63532
63532
63532
63531
63530
63530
63529
63529
63529
63528
63528
63528
63528
63527
63526
63526
63525
63525
63525
63525
63524
63524
63524
63524
63523
63523
63523
63522
63522
63522
63522
63521
63521
63521
63521
63520
63520
63520
63520
63519
63519
63519
63519
63518
63518
63518
63517
63517
63517
63517
63516
63516
63516
63516
63515
63515
63515
63515
63514
63514
63514
63514
63513
63513
63513
63512
63512
63512
63512
63511
63511
63511
63511
63510
63510
63510
63510
63509
63509
63509
63509
63508
63508
63508
63507
63507
63507
63507
63506
63506
63506
63506
63505
63505
63505
63505
63504
63504
63504
63504
63503
63503
63503
63503
63502
63502
63502
63498
63497
63495
63494
63493
63492
63491
63491
63491
63490
63490
63489
63487
63487
63487
63487
63486
63486
63486
63486
63485
63485
63485
63484
63484
63484
63484
63483
63483
63483
63483
63482
63482
63480
63480
63480
63480
63479
63479
63479
63479
63478
63478
63478
63478
63477
63477
63477
63476
63476
63476
63476
63475
63475
63475
63475
63473
63473
63472
63472
63472
63472
63471
63471
63471
63470
63470
63470
63470
63469
63469
63469
63469
63468
63468
63468
63468
63467
63467
63466
63465
63465
63465
63464
63464
63464
63463
63463
63463
63463
63462
63462
63462
63462
63461
63460
63458
63458
63458
63458
63457
63457
63457
63457
63456
63456
63456
63455
63455
63455
63455
63454
63454
63453
63452
63452
63452
63451
63451
63451
63450
63450
63450
63450
63449
63449
63449
63449
63448
63448
63448
63448
63447
63447
63447
63447
63446
63446
63446
63445
63445
63445
63445
63444
63444
63444
63444
63443
63443
63443
63442
63442
63442
63442
63441
63441
63441
63441
63440
63440
63440
63439
63439
63439
63439
63438
63438
63438
63438
63437
63437
63437
63436
63436
63436
63436
63435
63435
63435
63434
63434
63434
63434
63433
63433
63433
63433
63432
63432
63432
63431
63431
63430
63428
63427
63425
63425
63423
63423
63421
63421
63421
63419
63419
63419
63419
63418
63418
63418
63417
63417
63417
63417
63416
63416
63416
63416
63415
63415
63415
63415
63413
63411
63411
63411
63411
63410
63410
63410
63409
63409
63409
63408
63408
63408
63408
63407
63407
63407
63407
63406
63406
63406
63403
63403
63403
63402
63402
63402
63401
63401
63401
63401
63400
63400
63400
63398
63398
63398
63398
63397
63397
63397
63397
63396
63396
63395
63394
63394
63394
63393
63393
63393
63393
63392
63392
63392
63392
63391
63391
63391
63390
63390
63389
63388
63388
63388
63388
63387
63387
63387
63387
63386
63386
63386
63386
63385
63385
63385
63384
63384
63384
63384
63383
63383
63383
63383
63382
63382
63382
63382
63381
63381
63381
63380
63380
63380
63380
63379
63379
63379
63379
63378
63378
63378
63378
63377
63377
63377
63377
63375
63375
63375
63374
63374
63374
63374
63373
63373
63373
63372
63372
63372
63372
63371
63371
63371
63371
63370
63370
63370
63370
63369
63369
63369
63368
63368
63368
63368
63367
63367
63367
63367
63366
63366
63366
63366
63365
63365
63365
63364
63364
63364
63364
63363
63363
63363
63363
63362
63362
63362
63362
63361
63361
63360
63358
63356
63354
63354
63351
63351
63351
63351
63350
63350
63350
63349
63349
63349
63349
63348
63348
63348
63348
63347
63347
63347
63347
63346
63345
63345
63344
63344
63344
63343
63343
63343
63343
63342
63341
63340
63340
63340
63340
63339
63338
63338
63337
63337
63337
63336
63336
63335
63334
63334
63334
63333
63333
63333
63333
63332
63332
63332
63332
63331
63331
63331
63329
63329
63329
63329
63328
63328
63328
63327
63327
63327
63326
63326
63326
63326
63325
63325
63325
63324
63324
63324
63324
63323
63323
63322
63321
63321
63321
63321
63320
63320
63320
63320
63319
63319
63319
63318
63318
63318
63317
63317
63317
63317
63316
63316
63316
63316
63315
63315
63315
63315
63314
63314
63314
63313
63313
63313
63313
63312
63312
63312
63312
63311
63311
63311
63311
63309
63309
63308
63308
63308
63308
63307
63307
63307
63307
63306
63306
63306
63306
63305
63305
63305
63304
63304
63304
63304
63303
63303
63303
63303
63302
63302
63302
63302
63301
63301
63301
63301
63300
63300
63298
63298
63298
63297
63297
63297
63297
63296
63296
63296
63295
63295
63295
63295
63294
63294
63294
63294
63293
63293
63293
63292
63292
63292
63292
63291
63291
63291
63291
63289
63288
63286
63285
63285
63283
63283
63283
63282
63282
63282
63282
63281
63281
63281
63281
63280
63280
63280
63279
63278
63278
63277
63277
63277
63277
63276
63276
63276
63275
63275
63275
63275
63274
63274
63274
63274
63273
63273
63273
63272
63272
63272
63270
63270
63270
63270
63269
63269
63269
63269
63268
63268
63268
63268
63267
63267
63267
63266
63264
63262
63262
63262
63262
63261
63261
63261
63260
63260
63260
63260
63259
63259
63259
63259
63258
63258
63258
63257
63257
63257
63255
63255
63255
63255
63254
63254
63254
63253
63253
63253
63253
63252
63252
63252
63252
63251
63251
63251
63251
63250
63250
63250
63250
63248
63248
63248
63247
63247
63247
63247
63246
63246
63246
63245
63245
63245
63245
63244
63244
63244
63244
63243
63243
63243
63243
63242
63242
63242
63242
63241
63241
63241
63240
63240
63240
63240
63239
63239
63239
63239
63238
63238
63238
63237
63237
63237
63237
63236
63236
63236
63236
63235
63235
63235
63234
63234
63234
63234
63233
63233
63233
63232
63232
63232
63231
63231
63231
63231
63230
63230
63230
63230
63229
63229
63229
63229
63228
63228
63228
63227
63227
63227
63227
63226
63226
63226
63223
63223
63223
63222
63222
63219
63218
63216
63215
63214
63213
63212
63212
63212
63212
63211
63211
63211
63211
63210
63209
63208
63208
63208
63208
63207
63207
63207
63207
63206
63206
63206
63206
63205
63205
63205
63204
63203
63203
63202
63202
63202
63202
63201
63201
63201
63200
63200
63200
63200
63199
63199
63199
63199
63198
63198
63198
63197
63197
63197
63195
63195
63195
63195
63194
63194
63194
63193
63193
63193
63193
63192
63192
63192
63192
63191
63191
63191
63191
63190
63190
63190
63188
63187
63186
63186
63186
63186
63185
63184
63183
63183
63183
63183
63182
63182
63182
63181
63181
63181
63181
63180
63180
63180
63178
63178
63178
63178
63177
63177
63177
63176
63176
63176
63176
63175
63175
63175
63174
63174
63174
63174
63173
63173
63173
63173
63172
63172
63172
63171
63171
63171
63171
63170
63170
63170
63170
63169
63169
63169
63168
63168
63168
63168
63167
63167
63167
63167
63166
63166
63166
63166
63165
63165
63165
63164
63164
63164
63164
63163
63163
63163
63163
63162
63162
63162
63162
63161
63161
63160
63159
63159
63159
63158
63158
63157
63157
63157
63156
63156
63156
63155
63155
63155
63154
63154
63154
63154
63153
63153
63153
63152
63152
63151
63151
63151
63151
63150
63150
63148
63143
63143
63142
63141
63141
63141
63139
63139
63138
63138
63138
63138
63137
63137
63137
63136
63136
63136
63136
63135
63135
63135
63134
63134
63134
63133
63133
63133
63133
63131
63131
63130
63130
63130
63129
63129
63129
63128
63128
63128
63127
63127
63127
63127
63126
63126
63126
63125
63125
63125
63124
63124
63124
63123
63123
63123
63122
63122
63122
63122
63121
63120
63119
63119
63119
63118
63118
63118
63118
63117
63117
63117
63116
63116
63116
63115
63115
63115
63114
63114
63114
63113
63113
63113
63112
63112
63111
63111
63110
63110
63108
63107
63107
63107
63107
63106
63106
63106
63105
63105
63105
63104
63104
63104
63103
63103
63103
63102
63102
63102
63102
63101
63101
63101
63100
63100
63100
63099
63099
63098
63098
63098
63098
63097
63097
63097
63096
63096
63096
63095
63095
63095
63094
63094
63094
63093
63093
63093
63092
63092
63092
63091
63091
63091
63091
63090
63090
63089
63089
63089
63088
63088
63088
63087
63087
63087
63087
63086
63086
63085
63085
63085
63085
63084
63084
63084
63083
63083
63083
63082
63082
63082
63081
63081
63081
63080
63080
63080
63079
63079
63079
63078
63078
63078
63077
63077
63077
63076
63076
63076
63075
63075
63075
63074
63074
63074
63073
63073
63073
63072
63072
63072
63071
63071
63071
63070
63070
63070
63069
63069
63068
63068
63068
63067
63067
63067
63066
63066
63066
63065
63065
63065
63065
63064
63064
63064
63063
63063
63062
63062
63062
63062
63061
63061
63061
63060
63060
63059
63059
63059
63058
63058
63058
63057
63057
63057
63056
63056
63056
63055
63055
63055
63054
63054
63054
63054
63053
63053
63052
63051
63051
63051
63050
63050
63050
63049
63049
63049
63048
63048
63048
63047
63047
63047
63046
63046
63046
63045
63045
63045
63044
63044
63044
63043
63043
63043
63042
63042
63042
63041
63041
63041
63040
63040
63040
63039
63039
63039
63038
63038
63038
63037
63037
63037
63036
63036
63036
63035
63035
63035
63034
63034
63034
63033
63033
63033
63033
63031
63031
63030
63030
63029
63029
63029
63028
63028
63028
63027
63027
63027
63027
63026
63026
63026
63025
63025
63024
63024
63024
63024
63023
63023
63023
63022
63022
63021
63021
63020
63020
63020
63020
63019
63019
63019
63018
63018
63017
63017
63017
63016
63016
63016
63016
63015
63015
63015
63014
63014
63014
63013
63013
63012
63012
63012
63012
63011
63011
63011
63010
63010
63010
63009
63009
63008
63008
63008
63007
63007
63007
63006
63006
63006
63005
63005
63005
63005
63004
63004
63004
63003
63003
63002
63002
63002
63001
63001
63001
63000
63000
63000
63000
62995
62995
62994
62994
62994
62994
62993
62993
62993
62992
62992
62992
62991
62991
62990
62990
62989
62989
62989
62988
62988
62988
62987
62987
62987
62986
62986
62986
62985
62985
62985
62984
62984
62984
62983
62983
62983
62982
62982
62982
62981
62981
62981
62980
62980
62980
62980
62979
62978
62978
62978
62977
62977
62977
62977
62976
62976
62976
62975
62975
62975
62974
62974
62974
62973
62973
62973
62972
62972
62972
62971
62971
62971
62970
62970
62969
62969
62969
62968
62968
62968
62968
62967
62967
62967
62966
62966
62966
62965
62965
62965
62964
62964
62964
62963
62963
62963
62962
62962
62962
62961
62961
62961
62961
62960
62960
62960
62959
62959
62959
62958
62958
62958
62957
62957
62957
62956
62956
62956
62955
62955
62955
62954
62954
62954
62953
62953
62953
62952
62952
62952
62952
62951
62951
62950
62950
62949
62949
62949
62948
62948
62948
62947
62947
62947
62946
62946
62946
62945
62945
62945
62944
62944
62944
62943
62943
62943
62942
62942
62942
62942
62941
62939
62939
62938
62938
62937
62937
62936
62936
62936
62936
62935
62935
62935
62934
62934
62934
62933
62933
62933
62932
62932
62932
62931
62931
62931
62930
62930
62930
62929
62929
62928
62928
62928
62927
62927
62927
62927
62926
62926
62925
62925
62925
62924
62924
62924
62924
62923
62923
62923
62922
62922
62922
62921
62921
62921
62920
62920
62919
62919
62919
62918
62918
62918
62918
62917
62917
62917
62916
62916
62916
62915
62915
62915
62914
62914
62914
62913
62913
62913
62912
62912
62912
62911
62911
62911
62911
62910
62910
62910
62909
62909
62909
62908
62908
62908
62907
62907
62907
62906
62906
62906
62905
62905
62904
62904
62904
62903
62903
62903
62903
62902
62902
62902
62901
62901
62900
62900
62900
62900
62899
62899
62899
62898
62898
62898
62898
62897
62897
62896
62896
62896
62895
62895
62895
62894
62894
62894
62894
62893
62893
62892
62892
62892
62892
62891
62891
62891
62890
62890
62890
62889
62889
62889
62888
62888
62888
62888
62887
62887
62887
62886
62886
62886
62885
62885
62885
62884
62884
62884
62883
62883
62883
62882
62882
62882
62881
62881
62881
62880
62880
62880
62880
62879
62879
62879
62878
62878
62878
62877
62877
62877
62876
62876
62876
62875
62875
62874
62874
62873
62873
62873
62872
62872
62872
62871
62871
62871
62871
62870
62870
62870
62869
62869
62869
62868
62868
62868
62867
62867
62867
62866
62866
62866
62865
62865
62865
62864
62864
62864
62864
62863
62863
62862
62862
62862
62862
62861
62861
62861
62860
62860
62860
62859
62859
62859
62858
62858
62858
62857
62857
62857
62857
62856
62856
62855
62855
62853
62853
62853
62852
62852
62852
62851
62851
62850
62850
62850
62849
62849
62849
62848
62848
62848
62848
62847
62847
62847
62846
62846
62846
62845
62845
62845
62844
62844
62844
62844
62843
62843
62843
62842
62842
62842
62842
62841
62841
62840
62840
62840
62840
62839
62839
62839
62839
62838
62838
62838
62837
62837
62837
62836
62836
62836
62836
62835
62835
62834
62834
62834
62834
62833
62833
62833
62832
62832
62832
62831
62831
62831
62830
62830
62830
62829
62829
62829
62829
62828
62828
62828
62827
62827
62827
62826
62826
62826
62825
62825
62825
62824
62824
62824
62823
62823
62822
62822
62822
62822
62821
62821
62821
62820
62820
62820
62819
62819
62819
62819
62818
62818
62818
62817
62817
62817
62816
62816
62816
62816
62815
62815
62815
62814
62814
62814
62813
62813
62812
62812
62812
62811
62811
62811
62810
62810
62810
62809
62809
62809
62809
62808
62808
62808
62807
62807
62807
62806
62806
62806
62805
62805
62805
62805
62804
62804
62804
62803
62803
62803
62802
62802
62802
62802
62801
62801
62801
62800
62800
62800
62799
62799
62799
62731
62731
62730
62730
62730
62729
62729
62729
62728
62728
62728
62727
62727
62727
62727
62726
62726
62726
62725
62725
62725
62725
62724
62724
62724
62723
62723
62723
62723
62722
62722
62722
62722
62721
62721
62721
62720
62720
62720
62720
62719
62719
62719
62719
62718
62718
62718
62717
62717
62717
62717
62716
62716
62716
62716
62715
62715
62715
62714
62714
62714
62714
62713
62713
62713
62713
62712
62712
62712
62712
62711
62711
62711
62710
62710
62710
62710
62709
62709
62709
62709
62708
62706
62706
62705
62705
62705
62704
62704
62704
62704
62703
62703
62703
62703
62702
62702
62702
62701
62701
62701
62701
62700
62700
62700
62700
62699
62699
62699
62698
62698
62698
62698
62697
62697
62697
62696
62696
62696
62696
62695
62695
62695
62694
62694
62694
62693
62693
62693
62693
62692
62692
62692
62691
62691
62691
62691
62690
62690
62690
62689
62689
62689
62688
62688
62688
62687
62687
62687
62686
62686
62686
62685
62685
62685
62685
62684
62684
62684
62683
62683
62683
62683
62682
62682
62682
62681
62681
62681
62681
62680
62680
62680
62680
62679
62679
62679
62679
62678
62678
62678
62677
62677
62677
62677
62676
62676
62676
62676
62675
62675
62675
62675
62674
62674
62674
62673
62673
62673
62673
62672
62672
62672
62672
62671
62671
62671
62671
62670
62670
62670
62670
62669
62669
62669
62669
62668
62668
62668
62667
62667
62667
62667
62666
62666
62666
62665
62665
62664
62664
62664
62664
62663
62663
62663
62663
62662
62662
62662
62661
62661
62661
62661
62660
62660
62660
62660
62659
62659
62659
62659
62658
62658
62657
62657
62657
62657
62656
62656
62656
62656
62655
62655
62655
62654
62654
62654
62654
62653
62653
62653
62653
62652
62652
62652
62652
62651
62651
62651
62651
62650
62650
62650
62650
62649
62649
62649
62649
62648
62648
62648
62647
62647
62647
62647
62646
62646
62646
62646
62645
62645
62645
62645
62644
62644
62644
62643
62643
62643
62643
62642
62642
62642
62642
62641
62641
62641
62641
62640
62640
62640
62639
62639
62639
62639
62638
62638
62638
62638
62637
62637
62637
62637
62636
62636
62636
62636
62635
62634
62633
62633
62632
62632
62632
62631
62631
62630
62630
62630
62629
62629
62629
62629
62628
62628
62628
62628
62627
62627
62627
62627
62626
62626
62626
62625
62625
62625
62625
62624
62624
62624
62623
62623
62623
62622
62622
62622
62622
62621
62621
62621
62621
62620
62620
62620
62620
62619
62619
62619
62619
62618
62618
62618
62617
62617
62617
62617
62616
62616
62616
62616
62615
62615
62615
62614
62614
62614
62614
62613
62613
62613
62612
62612
62612
62612
62611
62611
62611
62611
62610
62610
62610
62609
62609
62609
62609
62608
62608
62608
62608
62607
62607
62607
62607
62606
62606
62606
62605
62605
62605
62605
62604
62604
62604
62604
62603
62603
62602
62601
62601
62601
62598
62598
62597
62597
62596
62596
62596
62595
62595
62595
62594
62594
62593
62593
62593
62592
62592
62592
62591
62591
62591
62590
62590
62590
62589
62589
62588
62559
62559
62558
62558
62558
62557
62557
62557
62557
62556
62556
62556
62556
62555
62555
62555
62555
62554
62554
62554
62553
62553
62553
62553
62552
62552
62552
62552
62551
62551
62551
62550
62550
62550
62550
62549
62549
62549
62548
62548
62548
62548
62547
62547
62547
62547
62546
62546
62546
62546
62545
62545
62544
62544
62543
62541
62540
62540
62539
62538
62538
62538
62537
62537
62537
62536
62536
62536
62535
62535
62535
62534
62534
62533
62533
62533
62532
62532
62532
62531
62531
62456
62455
62454
62454
62454
62454
62453
62453
62452
62452
62452
62452
62451
62451
62451
62450
62450
62450
62450
62449
62449
62449
62449
62448
62448
62448
62448
62447
62447
62447
62446
62446
62446
62446
62445
62443
62443
62442
62442
62442
62441
62441
62441
62441
62440
62440
62440
62440
62439
62439
62439
62439
62438
62438
62438
62438
62437
62437
62437
62436
62436
62436
62436
62435
62435
62435
62435
62434
62434
62434
62434
62433
62433
62433
62433
62432
62432
62432
62432
62431
62431
62431
62431
62430
62430
62430
62430
62429
62429
62429
62428
62428
62428
62428
62427
62427
62427
62427
62426
62426
62426
62426
62425
62425
62425
62425
62424
62424
62424
62424
62423
62423
62423
62422
62422
62422
62422
62421
62421
62421
62420
62420
62420
62420
62419
62419
62419
62419
62418
62418
62418
62417
62417
62417
62417
62416
62416
62416
62416
62415
62415
62415
62415
62414
62414
62414
62413
62413
62413
62412
62412
62412
62411
62411
62411
62411
62410
62410
62410
62410
62409
62409
62409
62408
62408
62408
62407
62407
62406
62406
62406
62405
62405
62405
62404
62404
62404
62404
62403
62403
62403
62403
62402
62402
62402
62402
62401
62401
62401
62401
62400
62400
62400
62400
62399
62399
62399
62399
62398
62398
62398
62397
62397
62397
62397
62396
62396
62396
62396
62395
62395
62395
62395
62394
62394
62394
62394
62393
62393
62393
62393
62392
62392
62392
62392
62391
62391
62391
62391
62390
62390
62390
62390
62389
62389
62388
62388
62388
62388
62387
62387
62387
62387
62386
62386
62386
62386
62385
62385
62385
62384
62384
62384
62384
62383
62383
62383
62383
62382
62382
62382
62381
62381
62381
62381
62380
62380
62380
62380
62379
62379
62379
62378
62378
62378
62378
62377
62377
62377
62377
62376
62376
62376
62376
62375
62375
62375
62375
62374
62374
62374
62372
62372
62372
62371
62371
62371
62371
62370
62369
62369
62369
62366
62365
62365
62365
62364
62364
62364
62363
62363
62363
62362
62362
62361
62361
62361
62360
62359
62359
62290
62290
62289
62289
62288
62288
62288
62288
62287
62287
62287
62286
62286
62286
62286
62285
62285
62285
62284
62284
62284
62284
62283
62283
62283
62283
62282
62282
62282
62282
62281
62281
62281
62281
62280
62280
62279
62279
62278
62278
62278
62277
62277
62277
62277
62276
62276
62276
62276
62275
62275
62275
62275
62274
62274
62274
62273
62273
62273
62273
62272
62272
62272
62272
62271
62271
62271
62270
62270
62270
62270
62269
62269
62269
62269
62268
62268
62268
62267
62267
62267
62267
62266
62266
62266
62266
62265
62265
62265
62265
62264
62264
62264
62264
62263
62263
62263
62263
62262
62262
62262
62262
62261
62261
62261
62260
62260
62260
62260
62259
62259
62259
62258
62258
62258
62257
62257
62257
62256
62256
62256
62256
62255
62255
62255
62255
62254
62254
62254
62254
62253
62253
62253
62253
62252
62252
62252
62252
62251
62251
62251
62250
62250
62250
62250
62249
62249
62249
62249
62248
62248
62248
62248
62247
62247
62247
62247
62246
62246
62246
62246
62245
62245
62245
62244
62244
62244
62244
62243
62243
62243
62242
62242
62242
62242
62241
62241
62241
62241
62240
62240
62240
62239
62239
62239
62239
62238
62238
62238
62238
62237
62237
62237
62237
62236
62236
62236
62236
62235
62235
62235
62235
62234
62234
62234
62234
62233
62233
62233
62232
62232
62232
62232
62231
62231
62231
62231
62230
62230
62230
62230
62229
62229
62229
62229
62228
62228
62225
62224
62224
62224
62223
62223
62223
62222
62222
62222
62222
62221
62221
62221
62220
62220
62220
62220
62219
62219
62219
62219
62218
62218
62218
62218
62217
62217
62217
62216
62216
62216
62216
62215
62215
62215
62214
62214
62214
62214
62213
62213
62213
62213
62212
62212
62212
62212
62211
62211
62211
62211
62210
62210
62210
62210
62209
62209
62209
62208
62208
62208
62208
62207
62207
62207
62207
62206
62206
62206
62206
62205
62205
62205
62205
62204
62204
62204
62203
62203
62203
62203
62202
62202
62202
62202
62201
62201
62200
62200
62200
62200
62199
62199
62199
62198
62198
62198
62198
62197
62197
62197
62197
62196
62196
62196
62196
62195
62195
62195
62194
62194
62194
62194
62193
62193
62193
62192
62192
62192
62192
62191
62191
62191
62190
62190
62190
62190
62189
62189
62189
62189
62188
62188
62188
62188
62187
62187
62187
62187
62186
62186
62185
62185
62185
62185
62184
62184
62184
62184
62183
62183
62183
62182
62182
62182
62182
62181
62181
62181
62181
62180
62180
62180
62180
62179
62179
62179
62179
62178
62178
62178
62177
62177
62177
62177
62176
62176
62176
62176
62175
62175
62175
62175
62174
62174
62174
62174
62173
62173
62173
62173
62172
62172
62171
62171
62171
62170
62170
62170
62169
62169
62169
62168
62168
62168
62168
62167
62167
62167
62167
62166
62166
62166
62166
62165
62165
62165
62165
62164
62164
62164
62164
62163
62163
62163
62163
62162
62162
62162
62161
62161
62161
62161
62160
62160
62160
62160
62159
62159
62159
62158
62158
62158
62158
62157
62157
62157
62157
62156
62156
62156
62155
62155
62155
62155
62153
62152
62152
62152
62152
62151
62151
62151
62151
62150
62150
62150
62150
62149
62149
62149
62149
62148
62148
62148
62147
62147
62147
62147
62146
62146
62146
62146
62145
62145
62145
62145
62144
62144
62144
62144
62143
62143
62143
62142
62142
62142
62142
62141
62141
62141
62141
62140
62140
62140
62140
62139
62139
62139
62139
62138
62138
62138
62138
62137
62137
62137
62137
62136
62136
62136
62135
62135
62135
62135
62134
62134
62134
62134
62133
62133
62133
62133
62132
62132
62132
62132
62131
62131
62131
62131
62130
62130
62130
62130
62129
62129
62129
62128
62128
62128
62128
62127
62127
62127
62127
62126
62126
62126
62126
62125
62125
62125
62125
62124
62124
62124
62124
62123
62123
62123
62123
62122
62122
62122
62122
62121
62121
62121
62120
62120
62120
62120
62119
62119
62119
62118
62118
62114
62113
62113
62113
62113
62112
62112
62112
62112
62111
62111
62111
62110
62110
62110
62110
62109
62109
62109
62109
62108
62108
62108
62108
62107
62107
62107
62106
62106
62106
62106
62105
62105
62105
62105
62104
62104
62104
62104
62103
62103
62103
62103
62102
62102
62102
62102
62101
62101
62101
62101
62100
62100
62100
62100
62099
62099
62099
62099
62098
62098
62098
62098
62097
62097
62097
62096
62096
62096
62096
62095
62095
62094
62093
62093
62093
62092
62092
62092
62092
62091
62091
62091
62091
62090
62090
62090
62090
62089
62089
62089
62088
62088
62088
62088
62087
62087
62087
62087
62086
62086
62086
62086
62085
62085
62085
62084
62084
62084
62083
62083
62083
62083
62082
62082
62082
62082
62081
62081
62081
62081
62080
62080
62076
62076
62076
62075
62075
62075
62075
62074
62074
62074
62073
62073
62073
62073
62072
62072
62072
62072
62071
62071
62071
62071
62070
62070
62068
62068
62068
62067
62067
62067
62067
62066
62066
62066
62066
62065
62065
62065
62065
62064
62064
62064
62064
62063
62063
62063
62062
62062
62062
62062
62061
62061
62061
62061
62060
62060
62060
62060
62059
62059
62059
62059
62058
62058
62056
62055
62053
62052
62051
62049
62049
62049
62048
62048
62048
62047
62047
62047
62045
62044
62044
62043
62043
62043
62042
62042
62042
62041
62041
62041
62041
62040
62040
62038
62038
62037
62036
62036
62036
62036
62035
62035
62035
62035
62034
62034
62034
62033
62033
62033
62033
62032
62032
62032
62032
62031
62030
62030
62028
62028
62028
62027
62027
62027
62027
62026
62026
62026
62026
62025
62025
62025
62024
62024
62024
62024
62023
62023
62023
62021
62021
62021
62020
62020
62020
62020
62019
62019
62019
62019
62018
62018
62018
62018
62017
62017
62017
62017
62016
62016
62016
62015
62014
62014
62013
62013
62013
62013
62012
62012
62012
62012
62011
62011
62011
62011
62010
62010
62010
62010
62009
62009
62009
62008
62008
62008
62008
62007
62007
62007
62007
62006
62006
62006
62006
62005
62005
61995
61995
61995
61994
61994
61994
61994
61993
61993
61993
61991
61991
61990
61990
61990
61990
61989
61989
61989
61989
61988
61988
61988
61988
61987
61987
61987
61986
61986
61986
61986
61985
61985
61985
61985
61984
61984
61984
61984
61983
61983
61983
61983
61982
61982
61982
61982
61981
61981
61981
61981
61980
61980
61980
61980
61979
61979
61979
61979
61976
61974
61973
61971
61970
61968
61967
61966
61965
61964
61964
61964
61963
61963
61963
61963
61962
61962
61962
61962
61961
61961
61961
61959
61959
61958
61957
61957
61956
61956
61956
61956
61955
61955
61955
61955
61954
61954
61954
61953
61953
61953
61953
61952
61952
61952
61950
61950
61949
61948
61948
61948
61947
61947
61947
61947
61946
61946
61946
61946
61945
61945
61945
61945
61944
61944
61944
61944
61943
61942
61942
61941
61941
61941
61941
61940
61940
61940
61940
61939
61939
61939
61938
61938
61937
61937
61937
61937
61936
61936
61936
61935
61932
61932
61932
61931
61931
61931
61930
61930
61930
61930
61929
61929
61929
61929
61928
61928
61928
61928
61927
61927
61927
61927
61926
61926
61926
61926
61925
61925
61925
61924
61924
61924
61924
61923
61923
61923
61923
61922
61922
61922
61922
61921
61920
61919
61919
61919
61918
61918
61918
61918
61917
61917
61917
61916
61916
61916
61916
61915
61915
61915
61915
61914
61914
61914
61914
61913
61913
61913
61913
61912
61912
61912
61912
61911
61911
61911
61911
61910
61910
61910
61909
61909
61909
61909
61908
61908
61908
61908
61907
61907
61907
61907
61906
61906
61906
61906
61905
61905
61905
61905
61902
61900
61898
61896
61894
61893
61892
61892
61892
61892
61891
61891
61891
61890
61890
61890
61890
61888
61887
61886
61886
61885
61885
61885
61885
61884
61884
61884
61884
61883
61883
61883
61882
61882
61882
61882
61881
61881
61881
61881
61879
61879
61878
61877
61877
61877
61877
61876
61876
61876
61875
61875
61875
61875
61874
61874
61874
61874
61873
61873
61873
61873
61872
61859
61857
61857
61856
61856
61856
61856
61855
61855
61855
61854
61854
61854
61854
61853
61853
61853
61853
61852
61852
61852
61852
61851
61850
61849
61849
61849
61849
61848
61848
61848
61847
61847
61847
61847
61846
61846
61846
61846
61845
61845
61845
61845
61844
61843
61843
61842
61842
61842
61842
61841
61841
61841
61841
61840
61840
61840
61840
61839
61839
61839
61838
61837
61837
61837
61836
61836
61836
61835
61835
61835
61835
61834
61834
61834
61834
61833
61833
61833
61833
61832
61832
61832
61832
61831
61831
61831
61831
61830
61830
61830
61829
61829
61829
61829
61828
61828
61828
61828
61827
61827
61827
61827
61826
61826
61826
61826
61825
61825
61825
61825
61824
61824
61824
61823
61823
61823
61823
61822
61822
61822
61822
61821
61821
61821
61821
61820
61820
61820
61818
61817
61815
61814
61812
61811
61810
61810
61810
61810
61809
61808
61808
61806
61806
61805
61805
61805
61804
61804
61804
61804
61803
61803
61803
61803
61802
61802
61802
61802
61801
61801
61801
61801
61799
61799
61778
61777
61777
61777
61776
61776
61776
61775
61775
61775
61774
61774
61774
61773
61773
61773
61772
61772
61772
61772
61771
61769
61769
61769
61769
61768
61768
61768
61767
61767
61767
61767
61766
61766
61766
61766
61765
61765
61765
61765
61764
61764
61764
61764
61762
61762
61761
61761
61761
61761
61760
61760
61760
61759
61759
61759
61759
61758
61758
61758
61758
61757
61757
61757
61757
61755
61755
61752
61752
61752
61751
61751
61751
61751
61750
61750
61750
61750
61749
61749
61747
61747
61747
61747
61746
61746
61746
61746
61745
61745
61745
61745
61743
61743
61743
61742
61742
61742
61742
61741
61741
61741
61740
61740
61740
61740
61739
61739
61739
61739
61738
61738
61738
61738
61737
61737
61737
61737
61736
61736
61736
61735
61735
61735
61734
61734
61734
61734
61733
61733
61733
61732
61732
61724
61723
61723
61722
61722
61722
61722
61721
61721
61721
61720
61720
61720
61719
61719
61719
61719
61718
61718
61718
61718
61717
61717
61715
61713
61712
61710
61709
61706
61706
61704
61704
61704
61704
61703
61703
61703
61703
61702
61702
61702
61701
61701
61701
61701
61700
61700
61700
61700
61699
61699
61698
61697
61696
61696
61695
61695
61695
61694
61694
61694
61694
61693
61693
61693
61693
61692
61692
61692
61692
61691
61691
61691
61691
61689
61689
61689
61688
61688
61688
61688
61687
61687
61687
61687
61686
61686
61686
61686
61685
61685
61685
61684
61684
61684
61684
61683
61682
61682
61681
61681
61681
61680
61680
61680
61679
61679
61679
61679
61678
61678
61678
61678
61677
61677
61677
61677
61676
61675
61675
61673
61673
61673
61673
61672
61672
61672
61672
61671
61671
61670
61669
61669
61669
61669
61668
61668
61668
61667
61667
61667
61667
61666
61666
61666
61666
61665
61665
61665
61665
61664
61664
61664
61664
61663
61663
61663
61662
61662
61662
61662
61661
61661
61661
61661
61660
61660
61660
61660
61659
61659
61659
61659
61658
61658
61658
61658
61657
61657
61657
61656
61656
61656
61656
61655
61655
61655
61655
61654
61654
61654
61654
61653
61653
61653
61653
61652
61652
61652
61652
61651
61651
61651
61650
61650
61650
61650
61649
61649
61649
61649
61648
61648
61648
61648
61645
61642
61641
61639
61637
61635
61635
61635
61634
61634
61634
61634
61633
61633
61633
61633
61632
61632
61632
61632
61631
61631
61630
61629
61628
61628
61627
61627
61627
61626
61626
61626
61626
61625
61625
61625
61625
61624
61624
61624
61623
61623
61623
61623
61622
61621
61621
61620
61620
61620
61620
61619
61619
61619
61619
61618
61618
61618
61618
61617
61617
61617
61617
61616
61616
61616
61616
61615
61614
61613
61613
61613
61613
61612
61612
61612
61612
61611
61611
61611
61611
61610
61610
61610
61609
61609
61609
61609
61608
61606
61605
61604
61603
61603
61603
61603
61602
61602
61601
61600
61600
61600
61599
61599
61599
61599
61598
61598
61598
61597
61597
61597
61597
61596
61596
61596
61595
61595
61595
61595
61594
61594
61594
61594
61593
61593
61593
61593
61592
61592
61592
61592
61591
61591
61591
61591
61590
61590
61590
61589
61589
61589
61589
61588
61588
61588
61588
61587
61587
61587
61587
61586
61586
61586
61585
61585
61585
61585
61584
61584
61584
61584
61583
61583
61583
61583
61582
61582
61582
61582
61581
61581
61581
61581
61580
61580
61580
61580
61579
61579
61579
61579
61578
61578
61578
61578
61577
61577
61577
61576
61576
61576
61574
61572
61571
61568
61567
61565
61565
61564
61564
61564
61563
61563
61563
61563
61562
61562
61561
61561
61559
61558
61558
61558
61558
61557
61557
61557
61557
61556
61556
61556
61556
61555
61555
61555
61555
61554
61554
61554
61554
61552
61552
61551
61551
61551
61551
61550
61550
61550
61550
61549
61549
61549
61549
61548
61548
61548
61548
61547
61547
61547
61546
61546
61545
61544
61543
61543
61542
61542
61542
61542
61541
61541
61541
61540
61540
61540
61540
61539
61539
61539
61539
61538
61538
61536
61536
61535
61535
61534
61534
61533
61532
61532
61531
61531
61531
61531
61530
61530
61530
61530
61528
61528
61527
61527
61527
61527
61526
61526
61526
61526
61525
61525
61525
61524
61524
61524
61524
61523
61523
61523
61523
61522
61522
61522
61522
61521
61521
61521
61521
61520
61520
61520
61520
61519
61519
61519
61518
61518
61518
61518
61517
61517
61517
61509
61508
61508
61508
61508
61507
61507
61507
61506
61506
61506
61506
61505
61505
61505
61505
61504
61504
61504
61503
61503
61503
61503
61502
61502
61502
61502
61501
61501
61501
61501
61500
61500
61500
61500
61499
61499
61499
61499
61498
61498
61498
61497
61497
61497
61497
61496
61496
61496
61494
61493
61491
61490
61488
61486
61486
61486
61486
61485
61484
61484
61482
61482
61482
61481
61481
61481
61481
61480
61480
61480
61480
61479
61479
61479
61479
61478
61478
61478
61477
61477
61477
60393
60388
60387
60387
60386
60386
60386
60385
60385
60385
60385
60384
60384
60384
60384
60383
60383
60383
60382
60382
60382
60382
60381
60380
60379
60379
60379
60379
60378
60378
60378
60378
60377
60377
60377
60377
60376
60376
60375
60375
60375
60374
60374
60374
60373
60373
60372
60371
60371
60371
60370
60370
60370
60370
60369
60369
60369
60369
60368
60368
60368
60367
60366
60365
60365
60365
60364
60364
60364
60364
60363
60363
60363
60362
60362
60362
60362
60361
60361
60361
60361
60360
60360
60360
60360
60359
60359
60359
60359
60358
60358
60358
60358
60357
60357
60356
60355
60355
60355
60355
60354
60354
60354
60354
60353
60353
60353
60353
60352
60352
60352
60351
60351
60351
60351
60350
60350
60350
60350
60349
60349
60349
60348
60348
60348
60348
60347
60347
60347
60347
60346
60346
60346
60346
60345
60345
60345
60345
60344
60344
60344
60343
60343
60343
60343
60342
60342
60342
60342
60341
60341
60341
60341
60340
60340
60340
60340
60339
60339
60339
60338
60338
60338
60337
60337
60337
60336
60336
60336
60336
60335
60335
60335
60334
60334
60334
60334
60333
60333
60333
60332
60332
60332
60331
60331
60331
60331
60330
60330
60330
60330
60329
60329
60329
60328
60328
60328
60328
60327
60327
60327
60327
60326
60326
60326
60326
60325
60325
60325
60324
60324
60324
60324
60323
60323
60323
60323
60322
60322
60322
60322
60321
60321
60321
60321
60320
60320
60320
60320
60319
60319
60319
60318
60318
60318
60318
60317
60317
60317
60317
60316
60316
60316
60315
60314
60314
60314
60313
60313
60310
60309
60309
60308
60307
60307
60307
60306
60306
60306
60305
60305
60305
60304
60304
60303
60303
60302
60302
60302
60301
60301
60301
60300
60300
60300
60299
60299
60299
60298
60298
60297
60297
60297
60296
60296
60296
60156
60156
60156
60155
60155
60154
60154
60154
60153
60153
60153
60152
60152
60152
60152
60151
60151
60151
60151
60150
60150
60150
60149
60149
60149
60149
60148
60148
60148
60148
60147
60147
60147
60147
60146
60146
60146
60146
60145
60145
60145
60144
60144
60144
60144
60143
60143
60143
60143
60142
60142
60142
60141
60141
60141
60141
60140
60140
60140
60140
60139
60139
60139
60139
60138
60136
60135
60135
60134
60134
60134
60134
60133
60133
60133
60132
60132
60132
60132
60131
60131
60131
60130
60130
60130
60130
60129
60129
60129
60129
60128
60128
60128
60128
60127
60127
60127
60127
60126
60126
60126
60125
60125
60125
60125
60124
60124
60124
60124
60123
60123
60123
60122
60122
60122
60122
60121
60121
60121
60121
60120
60120
60120
60120
60119
60119
60119
60119
60118
60118
60118
60117
60117
60117
60117
60116
60116
60116
60116
60115
60115
60115
60115
60114
60114
60114
60114
60113
60112
60112
60112
60111
60109
60108
60108
60107
60107
60106
60106
60106
60105
60105
60104
60104
60103
60103
60103
60102
60102
60101
60063
60063
60062
60062
60062
60061
60061
60061
60061
60060
60060
60060
60060
60059
60059
60059
60058
60058
60058
60058
60057
60057
60057
60057
60056
60056
60056
60056
60055
60055
60055
60055
60054
60054
60054
60054
60053
60053
60053
60052
60052
60052
60051
60051
60051
60051
60050
60050
60050
60050
60049
60049
60049
60049
60048
60048
60048
60048
60047
60047
60047
60046
60046
60046
60046
60045
60045
60045
60045
60044
60044
60044
60044
60043
60043
60043
60043
60042
60042
60042
60042
60041
60041
60041
60041
60040
60040
60040
60039
60039
60039
60038
60038
60037
60037
60037
60037
60036
60036
60036
60035
60035
60035
60035
60034
60034
60034
60034
60033
60033
60033
60033
60032
60032
60032
60032
60031
60031
60031
60030
60030
60030
60030
60029
60029
60029
60029
60028
60028
60028
60028
60027
60027
60027
60027
60026
60026
60026
60026
60025
60025
60025
60024
60024
60024
60024
60023
60023
60023
60023
60022
60020
60020
60020
60019
60019
60019
60019
60018
60018
60018
60017
60017
60017
60016
60016
60016
60016
60015
60015
60015
60014
60014
60014
60014
60013
60013
60013
60013
60012
60012
60012
60012
60011
60011
60011
60011
60010
60010
60010
60010
60009
60009
60009
60009
60008
60008
60008
60007
60007
60007
60007
60006
60006
60006
60006
60005
60005
60005
60005
60004
60004
60004
60004
60003
60003
60003
60003
60002
60002
60002
60002
60001
60001
60001
60001
60000
60000
60000
60000
59999
59999
59999
59999
59998
59998
59998
59997
59997
59997
59997
59996
59996
59996
59996
59995
59995
59995
59995
59994
59994
59994
59994
59993
59993
59993
59993
59992
59992
59992
59992
59991
59991
59991
59991
59990
59990
59990
59990
59989
59989
59989
59989
59988
59988
59988
59988
59987
59987
59987
59986
59986
59986
59985
59985
59985
59984
59984
59984
59984
59983
59983
59983
59983
59982
59982
59982
59982
59981
59981
59981
59981
59980
59980
59980
59980
59979
59979
59979
59979
59978
59978
59978
59977
59977
59977
59977
59976
59976
59976
59976
59975
59975
59975
59975
59974
59974
59974
59974
59973
59973
59973
59973
59972
59972
59972
59972
59971
59971
59971
59970
59970
59970
59970
59969
59969
59969
59969
59968
59968
59968
59968
59967
59967
59967
59967
59966
59966
59966
59966
59965
59965
59965
59965
59964
59964
59964
59964
59963
59963
59963
59962
59962
59962
59962
59961
59961
59961
59961
59960
59960
59960
59960
59959
59959
59959
59959
59958
59958
59958
59957
59957
59957
59957
59956
59956
59956
59956
59955
59955
59955
59955
59954
59954
59954
59954
59953
59952
59952
59952
59951
59951
59951
59950
59950
59950
59950
59949
59949
59949
59949
59948
59948
59948
59947
59947
59947
59947
59946
59946
59946
59946
59945
59945
59945
59945
59944
59944
59944
59943
59943
59943
59943
59942
59942
59942
59942
59941
59941
59941
59941
59940
59940
59940
59940
59939
59939
59939
59939
59938
59938
59938
59937
59937
59937
59937
59936
59936
59936
59936
59935
59935
59935
59934
59934
59934
59933
59933
59933
59932
59932
59932
59932
59931
59931
59931
59931
59930
59930
59930
59930
59929
59929
59929
59928
59928
59928
59928
59927
59927
59927
59927
59926
59926
59926
59925
59925
59925
59925
59924
59924
59924
59923
59923
59923
59923
59922
59922
59922
59922
59921
59921
59920
59920
59920
59920
59919
59919
59919
59919
59918
59918
59918
59918
59917
59917
59917
59917
59916
59916
59916
59915
59915
59915
59915
59914
59914
59914
59914
59913
59913
59912
59912
59912
59912
59911
59911
59911
59911
59910
59910
59910
59909
59909
59909
59909
59908
59908
59908
59908
59907
59907
59907
59907
59906
59906
59906
59906
59905
59905
59905
59905
59904
59904
59904
59904
59903
59903
59903
59902
59902
59902
59902
59901
59901
59901
59901
59900
59900
59900
59900
59899
59899
59899
59899
59898
59898
59898
59897
59897
59897
59897
59896
59896
59896
59896
59895
59895
59895
59895
59894
59894
59894
59894
59893
59893
59893
59892
59892
59892
59892
59891
59891
59891
59891
59890
59890
59890
59889
59889
59889
59889
59888
59888
59888
59888
59887
59887
59887
59887
59886
59886
59886
59885
59885
59885
59885
59884
59884
59884
59884
59883
59883
59882
59881
59881
59881
59880
59880
59880
59880
59879
59879
59879
59878
59878
59878
59878
59877
59877
59877
59877
59876
59876
59876
59875
59875
59875
59875
59874
59874
59874
59874
59873
59873
