258108
214323
209234
162258
157257
110284
110278
110276
110273
110270
110268
110266
110260
110257
110253
110222
110219
110217
110215
110214
110212
110210
110208
110205
110203
110201
110199
110189
110185
110152
110104
110080
110076
110071
110068
110051
110037
110023
110017
110001
109998
109984
109982
109980
109978
109975
109968
109952
109948
109924
109919
109916
109903
109901
109899
109896
109891
109876
109869
109856
109850
109847
109830
109827
109814
109807
109804
109785
109771
109757
109752
109749
109735
109733
109731
109730
109728
109726
109725
109723
109721
109719
109718
109716
109714
109712
109709
109707
109705
109703
109702
109700
109698
109696
109695
109693
109691
109690
109688
109686
109684
109683
109681
109679
109678
109676
109674
109673
109671
109669
109668
109666
109664
109663
109661
109659
109657
109656
109654
109652
109651
109649
109647
109646
109644
109642
109640
109639
109637
109635
109633
109632
109630
109628
109627
109625
109623
109621
109620
109618
109616
109615
109613
109611
109609
109607
109606
109604
109602
109600
109599
109596
109593
109592
109590
109588
109586
109584
109583
109581
109579
109577
109576
109574
109572
109571
109569
109567
109565
109564
109562
109560
109558
109557
109553
109552
109550
109548
109547
109545
109543
109541
109540
109538
109536
109534
109532
109531
109529
109527
109526
109524
109519
109515
109512
109507
109503
109496
109494
109492
109491
109489
109487
109486
109484
109482
109481
109479
109477
109476
109474
109472
109471
109469
109467
109465
109463
109461
109458
109456
109455
109453
109451
109449
109448
109446
109444
109443
109441
109438
109436
109435
109433
109431
109430
109428
109426
109424
109423
109392
109389
109385
109382
109380
109378
109376
109374
109372
109371
109369
109367
109366
109364
109362
109360
109359
109355
109353
109351
109350
109348
109346
109343
109341
109338
109336
109335
109333
109331
109330
109328
109326
109325
109323
109321
109320
109318
109316
109314
109311
109310
109308
109306
109305
109303
109301
109300
109298
109296
109294
109293
109291
109289
109288
109286
109284
109283
109281
109279
109277
109276
109274
109272
109270
109269
109267
109265
109264
109262
109260
109259
109257
109255
109254
109252
109250
109248
109247
109245
109243
109242
109240
109238
109237
109235
109233
109231
109230
109228
109226
109224
109222
109221
109219
109217
109215
109213
109211
109210
109208
109206
109204
109202
109201
109199
109197
109195
109193
109192
109190
109188
109186
109185
109183
109181
109180
109178
109175
109173
109171
109170
109168
109166
109164
109163
109161
109159
109158
109156
109154
109153
109151
109149
109148
109146
109144
109143
109141
109139
109138
109136
109134
109133
109131
109127
109123
109120
109116
109113
109101
109044
109040
109038
109037
109035
109033
109031
109030
109028
109026
109024
109023
109021
109019
109015
109013
109012
109010
109008
109007
109005
109003
109000
108998
108996
108994
108993
108991
108989
108988
108986
108984
108982
108981
108979
108976
108974
108971
108970
108968
108966
108965
108963
108961
108960
108958
108956
108955
108952
108947
108944
108940
108891
108889
108887
108885
108883
108882
108877
108876
108869
108864
108835
108833
108831
108829
108827
108825
108824
108822
108820
108818
108817
108815
108813
108810
108808
108807
108805
108803
108801
108799
108798
108796
108794
108793
108791
108789
108788
108786
108784
108782
108781
108779
108777
108776
108774
108772
108769
108768
108766
108764
108763
108761
108759
108757
108756
108754
108752
108750
108748
108747
108745
108743
108741
108740
108738
108736
108735
108733
108731
108729
108726
108724
108722
108721
108719
108717
108715
108714
108712
108710
108709
108707
108705
108704
108702
108700
108698
108697
108695
108693
108692
108690
108688
108687
108685
108683
108681
108680
108676
108675
108673
108671
108670
108668
108666
108664
108663
108661
108659
108658
108656
108654
108652
108650
108649
108647
108645
108644
108642
108640
108638
108637
108635
108633
108632
108630
108628
108626
108625
108623
108621
108619
108618
108616
108612
108608
108605
108601
108598
108592
108590
108588
108587
108585
108583
108581
108579
108578
108575
108573
108571
108569
108568
108564
108563
108561
108559
108558
108556
108554
108553
108551
108549
108548
108546
108544
108542
108541
108539
108536
108534
108531
108529
108527
108526
108524
108522
108520
108519
108517
108515
108514
108512
108510
108509
108507
108505
108504
108502
108500
108499
108497
108494
108492
108489
108487
108486
108484
108482
108480
108478
108477
108475
108473
108472
108470
108468
108467
108465
108462
108460
108458
108457
108455
108453
108451
108450
108448
108446
108445
108443
108441
108440
108438
108436
108435
108433
108431
108429
108427
108426
108424
108387
108385
108383
108381
108379
108378
108376
108374
108372
108370
108369
108367
108365
108363
108362
108360
108358
108357
108355
108353
108352
108350
108348
108346
108344
108342
108341
108339
108337
108336
108334
108332
108331
108329
108327
108325
108324
108322
108320
108319
108317
108315
108313
108312
108310
108308
108307
108305
108303
108300
108298
108296
108292
108288
108286
108282
108227
108223
108222
108220
108218
108216
108214
108212
108211
108209
108207
108205
108204
108202
108200
108199
108197
108195
108194
108192
108190
108188
108185
108183
108181
108179
108178
108176
108174
108173
108171
108169
108167
108166
108164
108162
108161
108159
108153
108150
108146
108143
108139
108136
108134
108133
108130
108128
108125
108123
108121
108120
108118
108116
108114
108113
108111
108109
108108
108106
108104
108103
108101
108099
108098
108096
108094
108091
108089
108086
108085
108083
108081
108079
108078
108076
108074
108073
108071
108069
108067
108065
108064
108062
108060
108059
108057
108055
108054
108052
108049
108047
108044
108042
108040
108038
108037
108035
108033
108032
108030
108028
108026
108025
108023
108021
108019
108016
108015
108013
108011
108009
108008
108006
108004
108003
108001
107999
107997
107996
107994
107992
107991
107989
107987
107986
107984
107982
107981
107979
107976
107974
107972
107971
107969
107967
107965
107963
107961
107960
107958
107956
107955
107953
107951
107949
107948
107946
107944
107943
107941
107939
107938
107936
107934
107933
107931
107929
107928
107926
107924
107922
107921
107919
107917
107915
107914
107912
107910
107909
107907
107905
107904
107902
107900
107899
107895
107894
107892
107890
107888
107887
107885
107883
107882
107880
107878
107877
107875
107873
107872
107870
107868
107867
107865
107863
107861
107859
107858
107856
107854
107852
107851
107849
107847
107846
107844
107842
107840
107839
107837
107835
107834
107832
107830
107829
107827
107825
107823
107822
107820
107818
107817
107815
107813
107811
107810
107808
107806
107805
107799
107795
107791
107788
107783
107779
107776
107774
107772
107771
107769
107767
107765
107764
107762
107760
107759
107757
107755
107754
107752
107750
107748
107745
107744
107741
107739
107737
107735
107734
107732
107730
107729
107727
107725
107723
107722
107720
107718
107717
107715
107713
107711
107710
107708
107706
107703
107701
107698
107696
107694
107692
107691
107689
107687
107686
107684
107682
107681
107679
107677
107675
107674
107670
107667
107665
107664
107662
107660
107659
107657
107655
107654
107652
107650
107649
107647
107645
107644
107642
107640
107638
107637
107635
107633
107631
107628
107627
107625
107623
107622
107620
107618
107617
107615
107613
107612
107610
107608
107606
107605
107603
107601
107599
107597
107596
107594
107591
107589
107587
107586
107584
107582
107581
107579
107577
107576
107574
107572
107571
107569
107567
107566
107564
107562
107561
107559
107557
107556
107553
107551
107549
107547
107546
107544
107542
107541
107539
107537
107536
107534
107532
107530
107529
107527
107525
107524
107522
107520
107519
107517
107515
107513
107512
107510
107508
107507
107505
107503
107502
107500
107498
107496
107494
107493
107491
107489
107487
107486
107484
107482
107480
107479
107477
107475
107474
107472
107470
107469
107467
107465
107463
107462
107460
107458
107456
107454
107452
107451
107449
107447
107445
107442
107438
107435
107431
107428
107425
107423
107421
107364
107362
107360
107358
107357
107355
107353
107351
107350
107346
107345
107342
107340
107338
107337
107335
107333
107332
107330
107328
107326
107325
107323
107321
107320
107318
107316
107315
107313
107311
107310
107308
107305
107303
107300
107299
107297
107295
107294
107292
107290
107288
107287
107285
107283
107282
107280
107278
107276
107273
107271
107270
107268
107266
107265
107263
107261
107260
107258
107256
107255
107253
107251
107250
107248
107246
107245
107243
107241
107240
107238
107236
107233
107231
107230
107228
107226
107224
107223
107221
107219
107217
107216
107214
107212
107211
107209
107207
107205
107204
107202
107201
107199
107196
107194
107191
107189
107188
107186
107184
107183
107181
107180
107178
107176
107175
107173
107171
107169
107168
107166
107164
107161
107160
107158
107156
107155
107153
107151
107149
107146
107145
107143
107141
107139
107138
107136
107135
107133
107131
107129
107128
107126
107124
107123
107121
107119
107117
107116
107114
107112
107111
107109
107107
107106
107104
107102
107101
107099
107097
107096
107094
107092
107091
107089
107087
107085
107084
107082
107080
107079
107077
107075
107074
107072
107070
107068
107062
107059
107056
107007
107004
107002
107000
106998
106997
106995
106993
106992
106990
106988
106986
106985
106983
106979
106973
106970
106967
106962
106958
106957
106955
106953
106951
106950
106947
106945
106942
106940
106939
106937
106935
106934
106932
106930
106929
106927
106925
106924
106922
106920
106919
106917
106915
106914
106912
106910
106908
106905
106903
106900
106898
106897
106895
106893
106892
106890
106888
106887
106885
106883
106881
106880
106878
106877
106873
106872
106870
106868
106867
106865
106863
106862
106860
106858
106857
106855
106853
106851
106849
106847
106846
106844
106842
106841
106839
106837
106836
106832
106831
106810
106808
106806
106804
106803
106801
106799
106797
106796
106794
106792
106790
106789
106787
106785
106784
106782
106780
106778
106775
106773
106770
106768
106767
106765
106763
106762
106760
106758
106756
106755
106753
106751
106750
106748
106745
106743
106741
106740
106738
106736
106735
106733
106731
106729
106728
106726
106724
106723
106721
106719
106717
106716
106714
106712
106711
106709
106707
106706
106704
106702
106701
106699
106697
106695
106694
106692
106690
106689
106687
106685
106684
106682
106680
106679
106677
106675
106674
106672
106670
106669
106667
106665
106664
106662
106660
106659
106657
106655
106654
106652
106650
106649
106647
106645
106644
106642
106640
106639
106637
106635
106634
106632
106630
106628
106627
106625
106623
106622
106620
106618
106617
106615
106613
106612
106610
106605
106602
106598
106595
106591
106587
106585
106582
106580
106578
106577
106575
106572
106567
106564
106535
106532
106531
106529
106527
106525
106523
106522
106520
106518
106517
106515
106513
106510
106508
106505
106503
106501
106499
106498
106496
106494
106493
106491
106489
106487
106485
106484
106482
106480
106477
106476
106474
106472
106470
106469
106467
106465
106464
106462
106460
106459
106457
106455
106454
106452
106450
106449
106447
106445
106444
106442
106440
106437
106435
106434
106431
106430
106428
106426
106425
106423
106421
106333
106331
106329
106327
106326
106324
106322
106320
106318
106316
106315
106311
106310
106307
106305
106303
106302
106300
106298
106296
106294
106292
106290
106289
106286
106284
106282
106281
106279
106278
106276
106274
106273
106271
106269
106268
106266
106264
106263
106261
106259
106258
106256
106254
106253
106251
106249
106248
106246
106244
106242
106241
106239
106237
106236
106234
106232
106230
106229
106227
106225
106224
106222
106220
106218
106217
106215
106213
106212
106210
106208
106206
106205
106203
106201
106200
106198
106196
106194
106193
106191
106189
106188
106183
106180
106177
106149
106146
106144
106142
106141
106139
106137
106136
106134
106132
106130
106128
106127
106125
106123
106122
106120
106118
106117
106115
106113
106111
106110
106108
106106
106104
106102
106101
106096
106092
106088
106081
106078
106074
106072
106070
106068
106066
106064
106063
106061
106059
106058
106056
106054
106052
106051
106049
106047
106045
106042
106040
106037
106035
106034
106032
106030
106029
106027
106025
106023
106021
106020
106018
106016
106015
106013
106010
106008
106006
106005
106003
106001
106000
105998
105996
105995
105993
105991
105989
105988
105986
105984
105983
105981
105979
105977
105976
105974
105972
105969
105968
105964
105962
105961
105959
105957
105956
105954
105952
105950
105949
105947
105945
105944
105942
105940
105938
105937
105935
105933
105930
105928
105925
105923
105922
105920
105918
105916
105914
105912
105909
105907
105906
105904
105902
105901
105899
105897
105896
105894
105892
105890
105889
105886
105884
105882
105880
105879
105877
105875
105874
105872
105870
105869
105867
105865
105864
105862
105860
105859
105857
105855
105854
105852
105850
105849
105847
105845
105844
105842
105840
105839
105837
105835
105833
105832
105830
105828
105826
105825
105823
105821
105820
105818
105816
105814
105813
105811
105810
105808
105806
105804
105803
105801
105799
105798
105796
105794
105793
105791
105789
105788
105786
105784
105782
105781
105779
105777
105776
105774
105772
105767
105764
105761
105757
105710
105708
105706
105705
105703
105701
105700
105698
105696
105695
105693
105691
105689
105687
105683
105680
105676
105673
105669
105666
105664
105662
105661
105659
105657
105656
105654
105652
105650
105649
105646
105644
105641
105639
105637
105636
105634
105632
105631
105629
105627
105625
105623
105621
105620
105618
105616
105613
105612
105610
105608
105607
105605
105603
105602
105600
105598
105597
105595
105593
105591
105590
105588
105586
105571
105569
105568
105566
105564
105563
105559
105557
105555
105554
105552
105550
105548
105546
105545
105543
105541
105539
105537
105535
105534
105532
105530
105528
105527
105525
105523
105520
105519
105516
105514
105512
105510
105509
105505
105504
105502
105500
105499
105497
105495
105493
105492
105490
105488
105487
105485
105483
105481
105480
105477
105475
105472
105471
105469
105467
105466
105464
105462
105461
105459
105457
105456
105454
105452
105450
105449
105447
105445
105444
105442
105440
105439
105437
105435
105434
105432
105430
105427
105425
105424
105422
105395
105392
105389
105387
105385
105383
105381
105379
105377
105375
105374
105372
105370
105368
105367
105365
105363
105362
105360
105358
105356
105355
105353
105351
105350
105348
105346
105345
105343
105341
105339
105338
105336
105335
105333
105331
105330
105328
105326
105324
105323
105321
105319
105317
105316
105314
105312
105311
105309
105307
105305
105304
105302
105300
105298
105297
105295
105293
105292
105290
105286
105283
105279
105274
105269
105266
105264
105262
105260
105259
105255
105254
105251
105249
105247
105245
105244
105242
105240
105239
105237
105235
105233
105232
105230
105228
105227
105224
105222
105220
105218
105217
105215
105213
105212
105210
105208
105206
105204
105203
105201
105199
105198
105196
105194
105192
105191
105189
105187
105185
105183
105181
105179
105177
105176
105174
105172
105171
105169
105167
105166
105164
105162
105160
105158
105156
105154
105153
105151
105149
105148
105144
105143
105140
105138
105135
105133
105132
105130
105128
105127
105125
105123
105121
105120
105118
105116
105115
105113
105111
105110
105108
105106
105104
105100
105098
105095
105093
105092
105090
105088
105087
105085
105083
105081
105080
105078
105076
105075
105073
105071
105070
105068
105066
105065
105063
105061
105060
105058
105056
105054
105052
105051
105049
105047
105046
105044
105042
105041
105039
105037
105035
105034
105032
105030
105029
105027
105025
105024
105022
105020
105019
105017
105015
105013
105012
105010
105008
105006
105005
105003
105001
105000
104998
104996
104994
104993
104991
104989
104988
104986
104984
104982
104981
104979
104977
104976
104974
104972
104970
104969
104967
104965
104964
104962
104960
104958
104957
104955
104953
104951
104950
104948
104946
104944
104943
104941
104939
104937
104936
104934
104932
104927
104924
104920
104917
104912
104909
104906
104904
104902
104900
104899
104897
104895
104893
104891
104889
104888
104886
104884
104883
104881
104878
104876
104874
104873
104871
104869
104867
104865
104863
104861
104859
104858
104856
104854
104852
104851
104849
104847
104846
104844
104842
104840
104838
104835
104834
104832
104830
104828
104827
104825
104823
104822
104820
104818
104817
104815
104813
104812
104810
104808
104807
104805
104803
104801
104798
104795
104792
104791
104789
104787
104786
104784
104782
104780
104779
104777
104775
104774
104772
104770
104768
104767
104765
104763
104761
104760
104758
104755
104753
104750
104748
104747
104745
104743
104741
104740
104738
104736
104734
104733
104731
104729
104727
104726
104724
104722
104720
104719
104717
104715
104714
104712
104710
104708
104707
104705
104703
104702
104700
104698
104697
104695
104693
104691
104690
104688
104686
104684
104683
104681
104679
104677
104676
104674
104672
104670
104669
104667
104665
104663
104661
104659
104658
104656
104654
104653
104651
104649
104647
104646
104644
104642
104641
104639
104637
104636
104634
104632
104630
104628
104627
104625
104623
104622
104620
104618
104617
104615
104613
104612
104610
104608
104606
104605
104603
104601
104600
104598
104596
104594
104593
104591
104589
104588
104586
104584
104583
104581
104579
104577
104575
104570
104567
104562
104559
104555
104552
104550
104548
104546
104544
104543
104541
104539
104538
104536
104533
104531
104529
104528
104526
104524
104522
104520
104518
104517
104515
104513
104512
104510
104508
104506
104505
104503
104501
104499
104497
104495
104494
104490
104489
104487
104485
104484
104482
104480
104478
104476
104474
104473
104471
104469
104464
104461
104458
104455
104452
104449
104195
104191
104188
104186
104182
104181
104179
104175
104173
104172
104170
104168
104166
104165
104163
104161
104159
104158
104156
104154
104153
104150
104148
104146
104145
104142
104140
104137
104135
104133
104131
104130
104128
104126
104124
104122
104120
104118
104117
104115
104113
104112
104110
104108
104107
104105
104103
104101
104098
104096
104095
104093
104091
104089
104088
104086
104084
104083
104081
104079
104078
104076
104074
104073
104071
104069
104067
104066
104064
104062
104060
104058
104057
104055
104053
104051
104050
104048
104046
104045
104043
104041
104039
104038
104036
104034
104033
104031
104029
104027
104026
104024
104022
104021
104019
104017
104016
104014
104012
104011
104009
104007
104005
104004
104002
104000
103998
103997
103995
103993
103991
103989
103988
103986
103984
103983
103981
103979
103978
103976
103974
103973
103971
103969
103967
103966
103964
103962
103959
103958
103956
103954
103953
103951
103949
103945
103942
103938
103935
103931
103928
103926
103924
103923
103920
103918
103916
103915
103913
103911
103910
103908
103906
103905
103903
103901
103900
103898
103896
103894
103893
103891
103889
103887
103886
103884
103882
103879
103877
103876
103874
103872
103870
103868
103867
103865
103863
103861
103860
103858
103856
103854
103853
103850
103848
103846
103844
103843
103840
103838
103835
103833
103831
103829
103828
103826
103824
103823
103821
103819
103818
103816
103814
103812
103811
103809
103807
103805
103804
103802
103800
103797
103796
103792
103791
103789
103787
103786
103784
103782
103780
103778
103777
103775
103773
103771
103770
103768
103766
103765
103763
103761
103760
103758
103755
103753
103751
103750
103748
103746
103744
103743
103741
103739
103738
103736
103734
103733
103731
103729
103727
103725
103724
103722
103720
103718
103717
103715
103713
103712
103710
103708
103707
103703
103702
103700
103698
103697
103695
103693
103692
103690
103688
103687
103685
103683
103682
103680
103678
103677
103675
103673
103672
103670
103668
103667
103665
103663
103662
103660
103658
103657
103655
103653
103652
103650
103648
103646
103644
103643
103641
103639
103637
103635
103633
103631
103629
103628
103626
103624
103623
103619
103618
103616
103614
103613
103611
103609
103607
103606
103599
103596
103593
103590
103587
103325
103319
103313
103306
103302
103297
103294
103290
103288
103286
103285
103283
103281
103280
103278
103276
103275
103273
103271
103270
103268
103266
103264
103263
103261
103259
103258
103256
103253
103251
103249
103248
103246
103245
103243
103241
103240
103238
103236
103234
103232
103229
103227
103226
103224
103222
103220
103219
103217
103214
103212
103209
103208
103206
103204
103203
103201
103199
103198
103196
103194
103193
103191
103189
103188
103186
103184
103182
103181
103179
103177
103175
103172
103171
103168
103166
103164
103163
103161
103159
103158
103156
103154
103153
103151
103149
103148
103146
103144
103143
103141
103139
103137
103136
103134
103131
103129
103127
103126
103124
103122
103121
103119
103117
103116
103114
103112
103111
103109
103107
103106
103104
103102
103100
103099
103097
103095
103094
103092
103090
103089
103087
103085
103084
103082
103080
103079
103077
103075
103074
103072
103070
103069
103067
103065
103064
103062
103060
103059
103057
103055
103054
103052
103051
103049
103047
103046
103044
103042
103041
103039
103037
103036
103034
103032
103030
103028
103027
103025
103023
103021
103020
103018
103016
103014
103013
103011
103009
103008
103000
102997
102994
102949
102945
102943
102942
102940
102938
102936
102934
102932
102931
102929
102927
102926
102924
102922
102921
102919
102917
102916
102914
102912
102910
102902
102898
102895
102885
102861
102856
102854
102853
102851
102849
102847
102845
102844
102842
102840
102838
102837
102835
102833
102832
102809
102803
102800
102797
102774
102772
102770
102769
102767
102765
102761
102759
102758
102756
102754
102753
102751
102749
102747
102746
102744
102741
102739
102736
102734
102733
102731
102729
102728
102726
102724
102723
102718
102714
102711
102691
102689
102688
102686
102684
102683
102681
102679
102677
102674
102672
102669
102667
102665
102664
102662
102660
102658
102656
102655
102653
102651
102649
102648
102646
102644
102643
102641
102639
102638
102633
102630
102608
102605
102603
102602
102600
102598
102597
102595
102593
102591
102589
102588
102586
102584
102582
102581
102579
102577
102575
102574
102572
102570
102569
102567
102565
102564
102562
102560
102558
102556
102555
102552
102547
102544
102529
102526
102525
102523
102521
102520
102517
102516
102514
102512
102510
102509
102507
102505
102504
102502
102500
102499
102497
102495
102493
102488
102485
102483
102480
102476
102404
102399
102397
102394
102392
102390
102387
102385
102382
102380
102379
102374
102372
102370
102368
102367
102365
102363
102361
102360
102358
102356
102355
102353
102351
102349
102348
102346
102344
102343
102341
102339
102337
102336
102334
102332
102331
102329
102327
102325
102324
102322
102320
102318
102317
102312
102306
102303
102300
102296
102293
102291
102289
102288
102286
102285
102283
102281
102280
102277
102275
102273
102272
102270
102268
102267
102263
102262
102260
102258
102256
102254
102253
102251
102249
102247
102245
102243
102241
102240
102236
102234
102231
102229
102228
102226
102224
102223
102221
102219
102218
102216
102214
102213
102211
102209
102207
102205
102204
102202
102200
102199
102197
102194
102192
102189
102187
102186
102184
102181
102179
102177
102176
102174
102172
102171
102169
102168
102166
102164
102162
102161
102159
102157
102155
102154
102151
102149
102147
102146
102144
102142
102140
102139
102137
102136
102134
102132
102131
102129
102127
102125
102124
102121
102119
102117
102116
102114
102112
102111
102109
102107
102106
102104
102102
102100
102099
102097
102095
102094
102092
102091
102089
102087
102086
102084
102082
102081
102079
102077
102076
102074
102072
102071
102069
102067
102066
102064
102062
102061
102059
102057
102056
102054
102052
102051
102049
102047
102046
102044
102042
102041
102039
102037
102034
102032
102031
102029
102027
102026
102024
102022
102021
102019
102017
102016
102014
102012
102010
102008
102007
102005
102003
102002
102000
101998
101997
101995
101993
101992
101990
101988
101987
101985
101983
101982
101980
101978
101977
101975
101973
101972
101970
101968
101967
101965
101963
101960
101956
101950
101947
101944
101940
101938
101937
101933
101932
101930
101928
101925
101924
101922
101920
101918
101917
101915
101913
101912
101910
101908
101907
101905
101903
101902
101900
101898
101895
101893
101890
101888
101886
101885
101883
101881
101880
101878
101876
101874
101873
101871
101869
101868
101866
101864
101862
101861
101859
101857
101856
101853
101851
101848
101846
101845
101843
101841
101839
101838
101836
101834
101833
101828
101826
101825
101823
101821
101820
101818
101816
101814
101813
101811
101808
101806
101804
101803
101801
101799
101798
101796
101794
101793
101791
101789
101787
101786
101784
101782
101781
101777
101776
101774
101772
101770
101769
101767
101765
101763
101762
101760
101758
101756
101755
101753
101751
101749
101748
101745
101740
101737
101734
101731
101728
101668
101665
101663
101661
101659
101658
101656
101654
101652
101651
101649
101647
101639
101636
101612
101610
101609
101607
101605
101603
101601
101600
101598
101596
101593
101591
101589
101587
101585
101583
101582
101580
101578
101576
101574
101572
101570
101569
101567
101565
101563
101562
101560
101557
101552
101549
101527
101525
101523
101522
101520
101518
101516
101515
101513
101511
101509
101508
101506
101504
101503
101501
101499
101497
101496
101494
101492
101491
101489
101487
101486
101484
101482
101481
101479
101477
101470
101467
101461
101457
101454
101450
101449
101447
101445
101444
101442
101440
101438
101437
101435
101433
101432
101430
101428
101427
101425
101424
101422
101399
101396
101392
101389
101387
101384
101382
101380
101377
101375
101374
101372
101370
101368
101367
101365
101363
101362
101360
101358
101357
101355
101353
101350
101348
101346
101344
101342
101341
101339
101337
101335
101334
101332
101330
101329
101327
101325
101324
101322
101320
101318
101317
101315
101313
101311
101308
101306
101305
101303
101301
101300
101298
101297
101295
101293
101291
101290
101288
101286
101285
101283
101281
101278
101276
101275
101273
101271
101270
101268
101266
101265
101263
101261
101259
101257
101256
101254
101252
101251
101249
101247
101245
101244
101241
101239
101237
101236
101234
101232
101231
101229
101227
101225
101224
101222
101220
101219
101217
101215
101213
101212
101210
101208
101207
101205
101203
101201
101198
101197
101195
101193
101192
101190
101188
101187
101185
101183
101181
101180
101178
101176
101175
101173
101171
101170
101168
101166
101164
101163
101161
101159
101157
101156
101154
101152
101151
101149
101147
101146
101144
101142
101141
101139
101137
101135
101134
101132
101130
101129
101127
101125
101124
101122
101120
101118
101117
101115
101113
101112
101110
101108
101107
101105
101103
101102
101100
101099
101097
101091
101088
101085
101081
101076
101072
101071
101069
101067
101065
101064
101062
101060
101059
101057
101055
101053
101050
101048
101045
101044
101042
101040
101039
101037
101035
101034
101032
101030
101029
101027
101025
101023
101021
101020
101018
101016
101014
101013
101011
101008
101006
101003
101001
101000
100998
100996
100995
100993
100991
100989
100988
100986
100985
100983
100981
100980
100978
100976
100974
100973
100971
100969
100966
100964
100963
100961
100959
100957
100956
100954
100952
100950
100949
100947
100945
100943
100942
100940
100938
100935
100934
100932
100930
100929
100927
100925
100924
100922
100920
100919
100917
100915
100913
100912
100910
100908
100906
100905
100903
100901
100898
100896
100893
100891
100890
100888
100886
100885
100883
100881
100880
100878
100876
100875
100873
100871
100870
100868
100866
100865
100863
100860
100858
100857
100855
100853
100851
100849
100847
100846
100844
100843
100841
100839
100837
100836
100834
100832
100831
100829
100827
100826
100824
100823
100821
100819
100818
100816
100814
100813
100811
100809
100808
100806
100804
100802
100800
100799
100797
100795
100794
100792
100790
100789
100787
100785
100784
100782
100780
100779
100777
100775
100773
100772
100770
100768
100767
100765
100763
100761
100760
100758
100756
100755
100753
100751
100750
100748
100746
100744
100743
100738
100734
100731
100728
100724
100721
100719
100718
100716
100714
100713
100710
100708
100705
100703
100701
100700
100698
100696
100695
100693
100691
100690
100688
100686
100685
100683
100681
100680
100678
100676
100674
100673
100671
100668
100666
100663
100661
100660
100658
100656
100655
100653
100651
100649
100648
100646
100644
100643
100641
100639
100637
100636
100634
100632
100630
100629
100626
100624
100622
100620
100619
100617
100615
100612
100611
100609
100607
100606
100604
100602
100601
100599
100597
100594
100593
100591
100589
100587
100585
100584
100582
100580
100579
100577
100575
100574
100572
100570
100569
100567
100565
100564
100562
100560
100557
100555
100552
100550
100549
100547
100545
100544
100542
100540
100539
100537
100535
100533
100532
100530
100528
100527
100523
100522
100520
100518
100517
100515
100513
100512
100510
100508
100506
100505
100503
100501
100499
100498
100496
100494
100493
100491
100489
100488
100486
100484
100482
100481
100479
100477
100476
100474
100472
100471
100469
100467
100465
100464
100462
100460
100459
100457
100455
100454
100452
100450
100449
100447
100445
100443
100442
100440
100438
100436
100435
100433
100431
100430
100428
100426
100425
100423
100421
100404
100402
100401
100399
100397
100396
100394
100392
100391
100389
100387
100385
100384
100382
100380
100378
100377
100375
100371
100368
100364
100361
100357
100352
100350
100347
100345
100344
100342
100340
100338
100337
100335
100333
100331
100330
100328
100326
100325
100323
100321
100320
100318
100316
100315
100313
100310
100308
100305
100303
100301
100300
100298
100296
100294
100293
100291
100289
100288
100286
100284
100283
100281
100279
100278
100276
100274
100273
100271
100268
100266
100264
100263
100261
100259
100258
100256
100254
100253
100251
100249
100247
100246
100244
100242
100240
100238
100236
100234
100232
100231
100229
100227
100226
100224
100222
100221
100219
100217
100215
100214
100212
100210
100209
100207
100205
100203
100200
100198
100195
100193
100192
100190
100188
100186
100185
100183
100181
100180
100178
100176
100175
100172
100170
100168
100166
100165
100163
100161
100160
100158
100155
100153
100152
100150
100148
100147
100145
100143
100141
100140
100138
100136
100134
100133
100131
100126
100125
100123
100121
100119
100118
100116
100114
100112
100110
100109
100107
100105
100103
100101
100100
100098
100096
100095
100093
100092
100090
100088
100087
100085
100083
100082
100080
100078
100077
100075
100073
100071
100070
100068
100066
100065
100063
100061
100060
100058
100056
100055
100053
100051
100049
100048
100046
100044
100042
100040
100038
100036
100034
100033
100031
100029
100027
100025
100024
100022
100020
100019
100017
100014
100009
100005
100002
99999
99995
99993
99992
99990
99988
99986
99985
99983
99981
99980
99978
99976
99975
99973
99971
99970
99968
99965
99963
99960
99959
99957
99955
99953
99952
99950
99948
99947
99945
99943
99941
99939
99938
99936
99934
99933
99931
99929
99928
99926
99923
99921
99919
99918
99916
99914
99912
99911
99909
99907
99906
99904
99902
99901
99899
99897
99896
99893
99891
99889
99887
99885
99884
99882
99880
99879
99876
99870
99867
99864
99861
99858
99856
99853
99849
99804
99801
99799
99795
99793
99790
99788
99786
99785
99783
99781
99780
99778
99776
99774
99771
99769
99767
99766
99764
99762
99761
99759
99757
99756
99754
99751
99749
99747
99746
99744
99742
99741
99739
99737
99736
99730
99727
99724
99721
99719
99717
99716
99714
99712
99711
99709
99707
99705
99703
99702
99700
99698
99697
99692
99688
99644
99642
99641
99639
99637
99635
99634
99632
99630
99629
99627
99625
99624
99622
99620
99618
99617
99615
99613
99612
99610
99608
99606
99605
99603
99601
99600
99598
99596
99595
99593
99591
99589
99588
99586
99584
99582
99581
99579
99577
99576
99574
99572
99570
99569
99567
99565
99564
99562
99560
99559
99557
99555
99554
99552
99550
99544
99541
99537
99534
99530
99527
99525
99523
99522
99520
99518
99517
99515
99513
99511
99509
99506
99504
99501
99500
99498
99496
99494
99493
99491
99489
99488
99486
99484
99483
99481
99479
99478
99476
99474
99472
99471
99469
99467
99464
99462
99461
99459
99457
99455
99454
99452
99450
99449
99447
99445
99444
99442
99440
99439
99437
99434
99432
99430
99429
99427
99425
99424
99422
99400
99397
99395
99392
99390
99388
99385
99383
99380
99378
99376
99374
99373
99370
99368
99365
99363
99361
99360
99358
99356
99355
99352
99350
99348
99346
99345
99343
99341
99340
99338
99336
99334
99333
99331
99329
99326
99324
99319
99318
99316
99314
99313
99311
99309
99308
99306
99304
99302
99300
99299
99297
99295
99293
99291
99289
99287
99285
99283
99281
99280
99278
99276
99275
99272
99267
99264
99261
99258
99032
99025
99023
99021
99019
99017
99016
99014
99012
99010
99008
99007
99005
99003
99001
99000
98998
98996
98995
98993
98991
98989
98988
98986
98984
98982
98980
98979
98977
98975
98974
98972
98970
98968
98966
98965
98963
98961
98960
98958
98956
98955
98953
98951
98950
98948
98946
98945
98943
98941
98939
98937
98935
98933
98932
98930
98928
98926
98925
98917
98913
98910
98906
98903
98900
98898
98896
98894
98893
98889
98887
98884
98883
98881
98879
98878
98876
98874
98873
98871
98869
98867
98865
98864
98862
98860
98859
98857
98855
98854
98852
98850
98847
98845
98844
98842
98840
98838
98837
98835
98833
98832
98830
98803
98802
98800
98798
98796
98795
98791
98790
98788
98786
98784
98782
98781
98779
98777
98776
98774
98772
98771
98769
98765
98764
98762
98761
98759
98757
98755
98752
98751
98748
98746
98744
98742
98739
98737
98736
98734
98732
98730
98728
98727
98725
98723
98722
98720
98718
98716
98714
98713
98711
98708
98706
98703
98702
98700
98698
98696
98695
98693
98691
98690
98688
98686
98684
98683
98681
98679
98678
98676
98674
98673
98671
98670
98668
98666
98665
98663
98661
98660
98658
98656
98655
98653
98651
98649
98648
98646
98644
98643
98641
98639
98637
98636
98634
98632
98631
98629
98628
98626
98624
98622
98621
98619
98617
98616
98614
98612
98611
98609
98607
98605
98604
98602
98600
98599
98597
98596
98594
98592
98590
98588
98587
98585
98583
98582
98580
98578
98577
98575
98573
98572
98570
98568
98566
98565
98563
98561
98560
98558
98556
98555
98553
98551
98550
98548
98546
98544
98543
98539
98536
98532
98529
98524
98521
98518
98516
98514
98512
98511
98509
98507
98506
98504
98502
98500
98499
98497
98495
98493
98488
98484
98481
98478
98474
98471
98466
98463
98460
98358
98356
98354
98352
98350
98348
98347
98345
98343
98341
98339
98338
98336
98334
98330
98326
98322
98319
98316
98311
98309
98267
98264
98263
98260
98254
98251
98248
98246
98244
98242
98241
98239
98237
98236
98232
98230
98227
98224
98222
98221
98219
98217
98215
98213
98211
98210
98208
98206
98204
98203
98201
98199
98197
98196
98193
98192
98190
98187
98185
98180
98178
98176
98175
98173
98172
98170
98168
98166
98165
98163
98161
98159
98157
98156
98154
98152
98150
98149
98147
98144
98139
98137
98133
98046
98043
98042
98040
98038
98036
98035
98033
98031
98030
98028
98026
98025
98023
98018
98017
98015
98013
98012
98010
98008
98007
98005
98003
98001
98000
97998
97996
97994
97993
97991
97989
97988
97986
97984
97982
97981
97979
97977
97976
97974
97972
97971
97969
97967
97966
97964
97962
97960
97959
97957
97955
97953
97952
97950
97948
97946
97945
97943
97941
97939
97938
97936
97934
97933
97931
97929
97928
97926
97924
97922
97921
97919
97917
97916
97914
97912
97911
97905
97902
97896
97893
97889
97886
97884
97882
97880
97879
97877
97875
97874
97872
97870
97869
97867
97865
97864
97862
97860
97857
97855
97854
97852
97850
97849
97847
97845
97844
97842
97840
97839
97837
97835
97833
97832
97830
97827
97825
97823
97822
97820
97818
97817
97815
97814
97812
97810
97808
97807
97805
97803
97802
97800
97798
97797
97795
97793
97789
97787
97784
97783
97781
97779
97777
97775
97774
97772
97770
97768
97766
97764
97763
97761
97759
97757
97756
97754
97752
97750
97748
97745
97744
97741
97739
97737
97736
97734
97732
97730
97729
97727
97725
97724
97722
97720
97718
97717
97715
97714
97712
97710
97709
97707
97704
97702
97701
97699
97697
97696
97694
97692
97691
97689
97687
97686
97684
97682
97680
97678
97677
97675
97673
97672
97670
97668
97667
97665
97663
97661
97660
97658
97657
97655
97653
97651
97650
97648
97646
97645
97643
97641
97640
97638
97636
97635
97633
97631
97629
97628
97626
97624
97622
97620
97618
97617
97615
97613
97611
97610
97608
97606
97604
97602
97601
97599
97597
97595
97594
97592
97590
97589
97587
97585
97583
97582
97580
97578
97576
97575
97573
97571
97570
97568
97566
97565
97561
97560
97558
97556
97555
97550
97546
97543
97539
97536
97533
97531
97529
97528
97526
97524
97522
97521
97519
97517
97514
97512
97510
97508
97507
97505
97503
97502
97500
97499
97497
97495
97493
97492
97490
97489
97487
97484
97482
97480
97478
97477
97475
97473
97472
97470
97468
97467
97465
97463
97461
97459
97458
97456
97454
97451
97449
97448
97445
97443
97437
97434
97431
97337
97333
97331
97330
97328
97326
97324
97322
97321
97319
97317
97315
97314
97312
97310
97308
97306
97305
97300
97298
97290
97286
97085
97078
97075
97073
97072
97070
97068
97066
97065
97063
97061
97060
97058
97056
97055
97053
97051
97050
97048
97043
97041
97039
97037
97036
97034
97032
97030
97028
97026
97025
97023
97021
97019
97017
97015
97013
97011
97010
97008
97006
97005
97003
97001
97000
96994
96991
96872
96867
96865
96863
96861
96860
96858
96856
96854
96853
96851
96849
96847
96846
96844
96842
96841
96839
96837
96835
96834
96832
96830
96828
96827
96825
96823
96822
96820
96818
96817
96815
96813
96811
96809
96807
96806
96804
96802
96801
96799
96797
96796
96794
96792
96791
96789
96787
96785
96784
96782
96780
96776
96774
96773
96771
96769
96767
96765
96763
96762
96760
96758
96756
96755
96753
96749
96746
96742
96736
96733
96729
96728
96726
96724
96721
96719
96718
96716
96714
96713
96711
96709
96708
96706
96704
96702
96701
96699
96697
96696
96694
96691
96689
96687
96686
96684
96682
96680
96678
96677
96675
96673
96672
96670
96668
96667
96664
96662
96661
96659
96657
96655
96653
96651
96648
96646
96644
96642
96641
96639
96637
96636
96634
96632
96630
96629
96627
96625
96624
96620
96618
96617
96615
96613
96612
96609
96607
96604
96602
96600
96598
96597
96595
96593
96591
96589
96588
96586
96584
96582
96577
96574
96570
96567
96564
96561
96558
96507
96500
96497
96493
96491
96489
96487
96485
96484
96482
96480
96478
96477
96475
96473
96472
96470
96468
96466
96465
96463
96461
96460
96458
96456
96455
96453
96451
96450
96448
96447
96445
96443
96441
96440
96438
96436
96435
96433
96431
96429
96427
96426
96424
96422
96421
96272
96270
96269
96267
96265
96263
96262
96260
96258
96257
96255
96253
96251
96250
96248
96246
96241
96238
96235
96233
96231
96229
96227
96226
96224
96222
96220
96218
96217
96215
96213
96209
96207
96206
96204
96202
96201
96199
96197
96195
96193
96192
96190
96188
96186
96184
96182
96181
96179
96177
96175
96174
96172
96170
96166
96163
96159
96155
96151
96148
96146
96144
96142
96140
96138
96137
96135
96133
96132
96130
96128
96127
96125
96123
96120
96118
96117
96115
96113
96112
96110
96108
96106
96105
96103
96101
96098
96096
96094
96093
96091
96089
96088
96086
96084
96081
96079
96076
96075
96073
96071
96070
96068
96066
96065
96063
96061
96059
96057
96055
96053
96051
96050
96048
96046
96045
96043
96041
96038
96036
96031
96029
96027
96026
96024
96022
96020
96019
96017
96015
96014
96012
96010
96008
96006
96004
96002
96001
95999
95997
95996
95993
95991
95989
95987
95985
95983
95981
95979
95977
95976
95974
95972
95971
95969
95967
95966
95964
95962
95961
95959
95957
95956
95954
95952
95951
95949
95947
95945
95943
95942
95940
95938
95937
95935
95933
95932
95930
95928
95926
95925
95923
95920
95918
95916
95914
95913
95911
95909
95908
95906
95904
95902
95901
95899
95897
95895
95893
95892
95890
95888
95887
95885
95883
95882
95880
95878
95876
95875
95873
95871
95867
95863
95860
95752
95747
95745
95743
95742
95740
95738
95736
95735
95733
95731
95729
95724
95721
95718
95715
95480
95478
95477
95475
95473
95471
95470
95468
95466
95464
95463
95461
95459
95457
95456
95454
95448
95444
95441
95437
95434
95428
95426
95424
95422
95401
95397
95395
95392
95390
95385
95383
95380
95378
95376
95374
95372
95371
95369
95366
95364
95362
95360
95358
95357
95355
95353
95351
95349
95347
95345
95342
95340
95337
95335
95334
95332
95330
95329
95327
95325
95324
95322
95320
95318
95317
95315
95313
95312
95310
95308
95307
95305
95303
95300
95298
95295
95294
95292
95290
95288
95286
95285
95279
95276
95273
95193
95190
95188
95186
95185
95183
95181
95180
95178
95176
95174
95171
95169
95167
95166
95164
95162
95161
95159
95157
95155
95150
95147
94950
94941
94939
94937
94935
94934
94932
94930
94928
94927
94925
94920
94918
94916
94915
94913
94911
94910
94908
94906
94904
94903
94901
94899
94897
94895
94893
94892
94890
94888
94886
94884
94883
94881
94879
94877
94876
94874
94872
94871
94869
94867
94866
94864
94862
94861
94859
94857
94856
94854
94852
94850
94849
94847
94845
94844
94842
94840
94836
94835
94833
94831
94805
94803
94801
94800
94798
94796
94794
94793
94791
94789
94788
94786
94784
94782
94780
94779
94777
94775
94773
94772
94770
94768
94766
94765
94763
94761
94751
94749
94747
94746
94744
94742
94741
94739
94737
94735
94733
94727
94724
94720
94717
94714
94710
94708
94707
94704
94702
94700
94698
94696
94695
94691
94689
94688
94686
94684
94683
94681
94679
94677
94676
94674
94672
94671
94669
94667
94664
94662
94659
94658
94656
94654
94652
94651
94649
94647
94646
94644
94642
94640
94638
94637
94635
94633
94631
94630
94628
94626
94624
94621
94620
94614
94612
94611
94609
94607
94606
94604
94602
94600
94599
94597
94595
94593
94591
94590
94588
94586
94585
94583
94581
94579
94576
94575
94573
94571
94570
94568
94566
94564
94563
94561
94559
94558
94556
94554
94553
94551
94549
94548
94546
94544
94543
94541
94539
94536
94534
94532
94531
94529
94527
94526
94524
94522
94520
94519
94517
94515
94514
94512
94510
94508
94507
94505
94503
94502
94500
94498
94497
94495
94493
94491
94490
94488
94486
94484
94483
94481
94479
94478
94476
94474
94472
94470
94469
94467
94465
94464
94462
94459
94457
94455
94454
94452
94450
94449
94447
94445
94443
94442
94440
94438
94436
94435
94433
94431
94429
94427
94426
94424
94422
94399
94395
94393
94390
94388
94385
94383
94382
94380
94378
94377
94375
94373
94371
94370
94368
94366
94365
94363
94361
94359
94358
94356
94354
94353
94351
94349
94347
94343
94339
94335
94332
94328
94324
94322
94320
94318
94317
94315
94313
94312
94310
94308
94307
94305
94303
94302
94300
94298
94296
94294
94291
94290
94287
94285
94283
94281
94280
94278
94276
94275
94273
94271
94270
94268
94266
94265
94263
94261
94259
94258
94256
94254
94253
94250
94248
94245
94243
94241
94239
94237
94236
94234
94232
94231
94229
94228
94226
94224
94223
94221
94219
94216
94214
94212
94211
94209
94206
94204
94203
94201
94199
94198
94196
94194
94193
94191
94189
94187
94186
94184
94182
94180
94179
94177
94175
94174
94172
94170
94169
94166
94164
94162
94160
94159
94157
94155
94153
94152
94147
94144
94141
94137
94134
94069
94065
94063
94061
94059
94057
94055
94054
94052
94050
94048
94047
94045
94043
94042
94040
94038
94037
94035
94033
94032
94030
94028
94027
94025
94023
94021
94018
94016
94014
94012
94011
94009
94007
94006
94004
94002
94000
93999
93997
93995
93993
93992
93990
93988
93987
93985
93983
93982
93980
93978
93976
93975
93973
93971
93970
93968
93966
93964
93962
93961
93959
93957
93955
93954
93952
93950
93949
93947
93945
93944
93942
93940
93938
93936
93935
93933
93931
93929
93928
93926
93924
93922
93921
93919
93917
93911
93907
93902
93899
93896
93892
93891
93889
93887
93885
93884
93882
93880
93879
93877
93875
93874
93871
93869
93866
93864
93862
93861
93859
93857
93855
93854
93852
93850
93849
93847
93845
93843
93842
93840
93838
93836
93835
93833
93831
93828
93826
93823
93821
93820
93818
93817
93815
93813
93811
93810
93808
93806
93805
93803
93801
93799
93798
93796
93794
93793
93791
93789
93784
93782
93780
93779
93777
93775
93774
93772
93770
93769
93767
93765
93763
93761
93759
93758
93756
93754
93753
93751
93749
93748
93746
93743
93741
93740
93738
93736
93735
93733
93731
93730
93728
93726
93725
93723
93721
93720
93717
93715
93713
93711
93710
93708
93706
93705
93703
93701
93695
93692
93689
93686
93658
93656
93654
93652
93651
93649
93647
93645
93644
93640
93638
93637
93635
93631
93630
93628
93626
93624
93622
93621
93619
93617
93616
93614
93612
93610
93609
93606
93601
93598
93574
93571
93569
93568
93566
93564
93563
93561
93559
93557
93556
93554
93552
93551
93549
93547
93546
93544
93542
93540
93539
93537
93535
93534
93532
93530
93528
93526
93525
93523
93521
93516
93513
93509
93486
93484
93483
93481
93479
93478
93476
93474
93472
93470
93468
93466
93464
93460
93457
93453
93450
93446
93443
93441
93439
93438
93436
93434
93426
93398
93393
93391
93389
93387
93385
93383
93382
93380
93378
93376
93375
93373
93371
93370
93368
93366
93364
93363
93361
93359
93358
93354
93352
93349
93347
93345
93344
93342
93339
93334
93331
93308
93305
93304
93302
93300
93298
93297
93295
93293
93292
93290
93288
93287
93284
93278
93275
93246
93242
93239
93236
93233
93230
93227
93225
93222
93220
93217
93215
93212
93210
93207
93205
93202
93199
93196
93195
93191
93189
93187
93185
93184
93182
93181
93179
93177
93175
93174
93172
93170
93168
93167
93164
93162
93160
93159
93157
93155
93153
93152
93148
93147
93145
93143
93142
93140
93138
93137
93135
93133
93132
93130
93127
93125
93124
93122
93120
93118
93116
93114
93113
93111
93109
93108
93105
93104
93102
93100
93098
93097
93095
93093
93092
93090
93088
93087
93085
93083
93081
93080
93078
93076
93075
93073
93071
93070
93067
93066
93064
93062
93061
93059
93057
93056
93054
93052
93050
93049
93047
93045
93043
93042
93040
93038
93037
93035
93033
93031
93030
93028
93026
93025
93023
93021
93019
93017
93015
93013
93012
93010
93008
93007
93005
93003
93001
93000
92998
92996
92994
92989
92983
92979
92976
92973
92968
92966
92963
92961
92960
92958
92957
92955
92953
92951
92949
92948
92946
92944
92943
92941
92939
92938
92936
92934
92933
92931
92929
92926
92924
92921
92919
92918
92916
92914
92913
92911
92909
92908
92906
92904
92903
92901
92899
92897
92896
92894
92892
92890
92888
92887
92881
92879
92877
92876
92874
92872
92871
92869
92867
92866
92864
92862
92861
92859
92857
92855
92854
92852
92850
92849
92847
92845
92843
92840
92839
92837
92835
92834
92832
92830
92828
92827
92825
92823
92822
92820
92818
92817
92814
92812
92810
92809
92807
92805
92804
92802
92799
92797
92795
92789
92786
92782
92779
92777
92775
92772
92770
92769
92767
92765
92763
92762
92760
92758
92757
92755
92753
92752
92750
92748
92747
92745
92743
92742
92740
92738
92736
92735
92733
92731
92729
92727
92725
92724
92722
92720
92719
92717
92715
92713
92712
92710
92708
92707
92705
92704
92702
92700
92699
92697
92695
92694
92692
92690
92688
92687
92685
92683
92681
92679
92678
92676
92674
92673
92671
92669
92668
92666
92664
92663
92661
92659
92657
92656
92654
92652
92651
92649
92647
92646
92644
92642
92641
92639
92637
92636
92634
92632
92630
92629
92627
92623
92618
92615
92612
92608
92604
92603
92601
92599
92598
92596
92594
92592
92591
92589
92587
92586
92584
92582
92580
92579
92577
92574
92572
92569
92567
92566
92564
92562
92561
92559
92557
92555
92554
92552
92550
92549
92547
92545
92544
92542
92540
92539
92537
92535
92532
92530
92529
92527
92525
92524
92522
92520
92518
92517
92515
92513
92512
92510
92508
92507
92505
92503
92501
92498
92496
92495
92493
92490
92488
92487
92485
92484
92482
92480
92479
92477
92475
92473
92472
92470
92468
92466
92463
92462
92460
92458
92456
92455
92453
92451
92448
92446
92445
92443
92441
92439
92436
92434
92433
92431
92429
92428
92426
92424
92423
88597
88576
88535
88531
88528
88525
88523
88522
88520
88518
88516
88514
88513
88511
88509
88507
88506
88504
88502
88500
88498
88497
88495
88493
88491
88489
88488
88486
88484
88482
88480
88478
88477
88475
88473
88472
88470
88468
88466
88465
88463
88461
88459
88457
88456
88454
88452
88451
88449
88447
88446
88444
88442
88440
88439
88437
88436
88434
88432
88430
88428
88427
88425
88423
88422
88393
88389
88386
88384
88381
88379
88377
88374
88372
88369
88366
88364
88362
88361
88359
88357
88356
88354
88352
88351
88349
88341
88190
88183
88176
88172
88168
88166
88164
88163
88161
88159
88158
88156
88154
88152
88151
88148
88146
88143
88141
88139
88137
88136
88134
88132
88131
88129
88127
88125
88124
88122
88120
88118
88116
88115
88113
88111
88109
88107
88104
88102
88100
88098
88097
88095
88093
88092
88090
88088
88087
88085
88083
88081
88080
88078
88076
88074
88073
88071
88069
88067
88066
88063
88061
88059
88057
88056
88054
88052
88051
88049
88047
88046
88044
88042
88040
88039
88036
88034
88032
88031
87767
87764
87762
87760
87756
87754
87752
87749
87748
87746
87744
87743
87741
87739
87737
87736
87734
87732
87731
87728
87726
87724
87722
87721
87719
87717
87716
87714
87712
87710
87709
87707
87705
87703
87701
87700
87698
87696
87694
87692
87689
87688
87686
87684
87682
87681
87679
87676
87674
87672
87670
87669
87667
87665
87663
87662
87660
87658
87657
87655
87653
87651
87649
87648
87646
87644
87643
87641
87639
87638
87636
87634
87633
87631
87629
87627
87626
87624
87622
87620
87619
87617
87615
87614
87612
87610
87609
87607
87605
87603
87601
87599
87597
87596
87594
87592
87591
87589
87587
87586
87584
87582
87581
87579
87577
87575
87574
87572
87571
87569
87567
87563
87560
87556
87553
87550
87547
87545
87543
87541
87540
87537
87535
87532
87530
87528
87490
87488
87486
87485
87483
87481
87480
87478
87476
87475
87473
87471
87470
87468
87466
87465
87463
87461
87458
87456
87455
87453
87451
87449
87448
87446
87444
87443
87441
87439
87437
87436
87434
87432
87431
87429
87427
87426
87424
87422
87401
87394
87392
87389
87387
87385
87382
87380
87377
87375
87373
87372
87370
87368
87367
87365
87362
87360
87358
87357
87355
87353
87351
87350
87345
87344
87342
87340
87339
87337
87335
87334
87332
87330
87329
87327
87325
87323
87321
87318
87316
87313
87311
87309
87308
87306
87304
87303
87301
87299
87298
87296
87294
87293
87291
87289
87288
87286
87284
87283
87281
87279
87278
87276
87274
87272
87271
87269
87267
87265
87264
87262
87260
87259
87257
87255
87254
87252
87250
87248
87247
87245
87243
87242
87240
87238
87237
87235
87233
87232
87230
87228
87227
87225
87223
87221
87220
87218
87216
87215
87213
87211
87210
87208
87206
87205
87203
87201
87199
87198
87196
87194
87193
87191
87189
87188
87186
87184
87182
87181
87179
87177
87176
87174
87172
87170
87168
87167
87165
87163
87162
87160
87158
87156
87155
87153
87151
87146
87140
87136
87133
87126
87123
87119
87118
87116
87114
87112
87111
87109
87107
87105
87104
87102
87100
87098
87097
87095
87093
87092
87090
87089
87087
87085
87082
87081
87079
87077
87075
87074
87072
87070
87069
87067
87065
87064
87062
87060
87059
87057
87055
87053
87051
87050
87048
87046
87044
87042
87040
87038
87036
87035
87033
87032
87030
87028
87026
87025
87023
87021
87020
87018
87015
87013
87011
87010
87008
87005
87003
87001
86998
86997
86995
86993
86992
86990
86988
86987
86985
86983
86982
86980
86978
86977
86975
86972
86970
86967
86965
86964
86962
86960
86959
86957
86955
86954
86952
86950
86948
86947
86945
86943
86941
86939
86937
86936
86934
86932
86930
86928
86927
86925
86923
86921
86920
86918
86916
86915
86913
86911
86909
86908
86906
86904
86903
86901
86899
86897
86895
86894
86892
86890
86888
86886
86884
86882
86881
86879
86877
86875
86874
86872
86870
86869
86867
86865
86864
86862
86860
86859
86857
86856
86854
86852
86850
86848
86846
86845
86843
86841
86839
86837
86835
86834
86832
86830
86808
86794
86792
86791
86789
86787
86785
86783
86782
86780
86778
86777
86775
86774
86772
86770
86769
86767
86765
86763
86762
86760
86758
86754
86750
86747
86743
86740
86736
86735
86733
86731
86729
86727
86726
86724
86722
86720
86719
86717
86715
86714
86712
86710
86707
86705
86704
86702
86700
86698
86696
86694
86693
86691
86689
86687
86685
86684
86682
86680
86678
86676
86675
86673
86672
86670
86668
86665
86664
86662
86660
86659
86657
86655
86653
86652
86650
86648
86646
86645
86643
86641
86638
86636
86633
86631
86630
86626
86625
86623
86620
86618
86616
86615
86613
86611
86610
86608
86606
86605
86603
86601
86599
86598
86596
86593
86591
86588
86587
86585
86583
86582
86580
86578
86577
86575
86573
86572
86570
86568
86566
86565
86563
86561
86560
86558
86556
86555
86552
86549
86548
86546
86544
86543
86541
86539
86538
86536
86534
86533
86531
86529
86527
86526
86524
86523
86521
86519
86517
86516
86514
86512
86511
86509
86507
86505
86504
86502
86500
86499
86497
86495
86494
86492
86490
86489
86487
86485
86484
86482
86480
86479
86477
86475
86473
86472
86470
86468
86467
86465
86463
86462
86460
86458
86456
86455
86453
86451
86449
86448
86446
86444
86443
86441
86439
86438
86436
86434
86433
86431
86429
86427
86426
86424
86422
86407
86405
86403
86402
86400
86398
86397
86394
86392
86390
86384
86381
86377
86374
86370
86367
86365
86363
86361
86360
86358
86356
86354
86352
86351
86348
86346
86344
86342
86340
86339
86337
86335
86334
86332
86330
86329
86327
86325
86324
86322
86320
86318
86317
86315
86313
86311
86310
86307
86305
86303
86302
86300
86298
86296
86295
86293
86291
86290
86288
86286
86285
86280
86277
86275
86273
86271
86269
86268
86266
86264
86261
86259
86258
86256
86254
86253
86251
86249
86247
86246
86244
86242
86241
86239
86237
86233
86228
86223
86221
86218
86215
86212
86209
86206
86079
86077
86075
86074
86072
86070
86068
86067
86065
86063
86062
86060
86058
86056
86053
86051
86049
86047
86046
86044
86042
86041
86039
86037
86036
86034
86032
86030
86029
86027
86025
86024
86022
86020
86018
86017
86015
86013
86012
86010
86008
86007
86005
86002
86000
85998
85996
85995
85993
85991
85990
85988
85986
85985
85983
85981
85980
85978
85976
85974
85972
85970
85969
85967
85965
85964
85962
85960
85959
85957
85955
85954
85952
85950
85948
85947
85945
85943
85942
85940
85938
85937
85935
85933
85932
85930
85928
85926
85925
85923
85921
85919
85918
85916
85914
85911
85909
85908
85906
85904
85903
85901
85899
85898
85896
85894
85892
85889
85885
85882
85879
85875
85871
85869
85868
85866
85862
85861
85859
85857
85856
85854
85852
85851
85849
85847
85846
85844
85842
85841
85839
85837
85836
85834
85832
85830
85829
85827
85826
85823
85821
85819
85817
85815
85813
85811
85810
85808
85806
85805
85801
85800
85798
85796
85793
85791
85790
85788
85786
85785
85783
85781
85778
85776
85775
85773
85771
85770
85768
85766
85764
85762
85761
85759
85757
85756
85754
85751
85749
85746
85745
85743
85741
85739
85738
85736
85734
85732
85731
85729
85725
85723
85721
85719
85718
85716
85714
85713
85711
85709
85706
85704
85703
85701
85699
85697
85696
85694
85692
85691
85689
85687
85685
85684
85682
85680
85679
85677
85675
85673
85672
85670
85668
85667
85665
85663
85662
85660
85658
85657
85655
85653
85651
85650
85648
85647
85645
85643
85641
85640
85638
85636
85635
85633
85631
85629
85628
85626
85624
85623
85621
85619
85618
85616
85614
85613
85611
85609
85607
85606
85604
85602
85600
85599
85597
85595
85594
85592
85590
85588
85586
85585
85583
85581
85579
85578
85576
85574
85571
85570
85568
85566
85564
85563
85561
85559
85557
85555
85554
85552
85550
85549
85547
85545
85544
85542
85540
85539
85537
85529
85526
85392
85384
85381
85378
85375
85374
85372
85370
85368
85367
85365
85364
85361
85360
85358
85356
85354
85353
85351
85349
85348
85346
85344
85343
85340
85338
85337
85335
85333
85331
85329
85328
85325
85323
85321
85320
85318
85316
85315
85312
85310
85308
85307
85305
85303
85301
85300
85297
85295
85293
85292
85290
85288
85287
85285
85283
85282
85280
85278
85277
85275
85273
85270
85268
85266
85264
85262
85261
85259
85257
85255
85253
85251
85250
85248
85246
85245
85243
85241
85240
85238
85236
85235
85233
85231
85216
85213
85212
85210
85208
85207
85205
85203
85202
85200
85198
85197
85195
85193
85191
85189
85188
85186
85184
85182
85180
85179
85177
85175
85173
85172
85170
85168
85166
85165
85163
85161
85159
85158
85156
85154
85153
85151
85149
85148
85146
85144
85143
85141
85139
85138
85136
85134
85132
85131
85129
85127
85126
85124
85122
85121
85119
85117
85116
85114
85112
85110
85109
85107
85105
85104
85102
85100
85099
85097
85095
85093
85091
85090
85088
85085
85083
85082
85080
85078
85077
85075
85073
85072
85070
85068
85067
85065
85063
85062
85060
85058
85056
85001
84999
84997
84995
84993
84991
84990
84988
84986
84984
84983
84981
84974
84970
84967
84964
84960
84957
84954
84952
84950
84948
84947
84945
84943
84942
84940
84938
84937
84935
84934
84932
84929
84927
84925
84923
84922
84919
84917
84915
84914
84912
84910
84908
84907
84905
84903
84900
84898
84897
84895
84893
84892
84890
84888
84885
84884
84882
84880
84879
84877
84875
84873
84872
84870
84868
84866
84865
84863
84861
84858
84856
84854
84852
84850
84848
84845
84636
84633
84630
84627
84624
84622
84619
84616
84502
84499
84497
84496
84494
84492
84490
84488
84483
84481
84479
84477
84476
84474
84472
84470
84468
84467
84465
84463
84461
84459
84458
84456
84454
84452
84451
84449
84447
84445
84444
84441
84439
84437
84435
84433
84431
84430
84428
84426
84424
84423
84421
84396
84308
84306
84304
84302
84301
84299
84297
84295
84293
84292
84290
84288
84287
84285
84283
84281
84280
84278
84276
84274
84272
84270
84269
84267
84265
84263
84262
84260
84258
84257
84255
84253
84252
84250
84248
84246
84238
84236
84234
84232
84231
84229
84227
84226
84224
84222
84220
84218
84217
84215
84213
84211
84210
84208
84206
84205
84203
84201
84200
84198
84196
84195
84193
84191
84190
84188
84186
84185
84183
84181
84179
84178
84176
84174
84173
84168
84165
84161
84157
84154
84150
84149
84147
84145
84144
84142
84140
84138
84137
84134
84132
84129
84127
84125
84124
84122
84120
84119
84117
84115
84114
84112
84110
84108
84105
84103
84102
84100
84098
84097
84095
84093
84090
84089
84087
84085
84084
84082
84080
84078
84077
84075
84073
84072
84070
84068
84067
84064
84062
84059
84057
84055
84054
84052
84050
84049
84047
84045
84043
84042
84040
84038
84037
84035
84033
84032
84030
84028
84027
84025
84022
84020
84019
84017
84015
84014
84012
84010
84009
84007
84005
84003
84002
84000
83998
83997
83995
83993
83991
83990
83988
83986
83985
83982
83980
83978
83977
83975
83973
83972
83970
83968
83966
83965
83963
83961
83960
83958
83956
83954
83952
83951
83949
83947
83946
83944
83942
83941
83939
83937
83936
83934
83932
83928
83927
83925
83923
83922
83920
83918
83917
83915
83913
83911
83910
83908
83906
83904
83902
83899
83897
83896
83894
83892
83891
83889
83887
83886
83884
83882
83881
83879
83877
83876
83874
83872
83870
83869
83867
83865
83863
83861
83859
83858
83856
83854
83852
83851
83849
83847
83845
83843
83841
83840
83838
83836
83834
83832
83831
83829
83827
83825
83823
83822
83820
83819
83817
83814
83810
83804
83801
83797
83794
83792
83789
83786
83784
83782
83781
83779
83777
83775
83774
83772
83770
83769
83767
83765
83763
83761
83757
83756
83754
83752
83751
83749
83747
83746
83743
83741
83739
83738
83736
83734
83732
83730
83728
83727
83725
83723
83721
83720
83718
83714
83712
83709
83707
83706
83704
83702
83701
83699
83697
83696
83694
83692
83690
83689
83687
83685
83683
83682
83680
83678
83677
83675
83672
83670
83668
83667
83665
83663
83662
83660
83658
83657
83655
83653
83652
83650
83648
83646
83645
83643
83641
83640
83638
83636
83635
83632
83630
83628
83626
83625
83623
83621
83620
83618
83616
83615
83613
83611
83610
83608
83606
83604
83603
83601
83600
83598
83596
83595
83593
83591
83590
83588
83586
83585
83583
83581
83579
83578
83576
83574
83572
83571
83569
83567
83566
83564
83562
83561
83556
83555
83553
83551
83550
83548
83546
83545
83543
83541
83539
83538
83536
83534
83533
83531
83529
83527
83525
83524
83522
83520
83518
83516
83515
83513
83511
83509
83507
83505
83503
83501
83500
83498
83496
83495
83493
83491
83490
83488
83486
83485
83483
83481
83479
83478
83476
83474
83473
83471
83469
83468
83466
83464
83463
83461
83459
83454
83450
83446
83443
83439
83436
83434
83433
83431
83429
83427
83426
83424
83423
83421
83404
83402
83399
83397
83395
83394
83392
83390
83389
83387
83384
83382
83381
83379
83377
83375
83374
83372
83370
83369
83367
83365
83364
83362
83360
83357
83355
83352
83351
83349
83347
83345
83344
83342
83340
83338
83337
83335
83333
83332
83330
83328
83327
83325
83323
83322
83320
83318
83315
83313
83311
83310
83308
83306
83305
83303
83301
83300
83298
83296
83294
83293
83291
83289
83288
83286
83284
83282
83281
83279
83277
83274
83273
83271
83269
83268
83266
83264
83263
83261
83259
83258
83256
83254
83252
83251
83249
83247
83246
83244
83242
83241
83238
83236
83234
83233
83231
83229
83228
83226
83224
83223
83221
83219
83218
83216
83214
83213
83211
83209
83208
83204
83202
83201
83199
83197
83195
83194
83192
83190
83188
83187
83185
83183
83182
83180
83178
83177
83175
83173
83171
83169
83167
83166
83164
83162
83161
83159
83157
83156
83154
83152
83150
83149
83147
83145
83144
83142
83140
83138
83137
83135
83133
83131
83130
83128
83126
83125
83123
83121
83120
83118
83116
83114
83113
83111
83109
83108
83106
83104
83102
83101
83099
83097
83096
83094
83092
83088
83085
83082
83078
83074
83071
83069
83067
83065
83064
83062
83059
83057
83055
83053
83051
83049
83048
83046
83043
83041
83039
83038
83036
83034
83033
83031
83029
83028
83026
83024
83022
83021
83019
83016
83014
83011
83009
83008
83006
83004
83003
83001
82999
82998
82996
82994
82992
82991
82989
82987
82985
82984
82982
82980
82979
82977
82974
82972
82971
82969
82967
82966
82964
82961
82959
82957
82956
82954
82952
82950
82949
82947
82945
82943
82942
82940
82938
82937
82935
82932
82930
82928
82927
82925
82923
82922
82920
82918
82917
82915
82913
82911
82910
82908
82906
82905
82903
82901
82899
82898
82895
82893
82889
82887
82885
82883
82882
82880
82878
82876
82875
82873
82871
82870
82868
82866
82863
82861
82859
82858
82856
82854
82853
82851
82849
82848
82846
82844
82842
82841
82839
82837
82836
82834
82832
82830
82801
82799
82797
82796
82794
82792
82791
82789
82787
82786
82784
82782
82780
82779
82777
82775
82774
82772
82770
82769
82767
82765
82764
82762
82760
82759
82757
82755
82753
82752
82750
82748
82747
82745
82743
82742
82740
82738
82737
82735
82733
82731
82730
82728
82726
82725
82723
82721
82720
82718
82716
82715
82713
82711
82709
82705
82702
82699
82695
82692
82687
82685
82683
82682
82680
82678
82676
82675
82672
82670
82668
82667
82665
82663
82662
82660
82658
82657
82655
82653
82652
82650
82648
82645
82643
82639
82637
82635
82633
82631
82629
82628
82626
82624
82622
82621
82619
82617
82615
82613
82612
82610
82608
82606
82605
82603
82600
82598
82596
82594
82593
82591
82589
82588
82586
82584
82583
82581
82579
82578
82576
82574
82573
82571
82569
82567
82565
82564
82562
82559
82557
82556
82554
82552
82550
82549
82547
82545
82544
82542
82540
82539
82537
82535
82533
82532
82530
82528
82527
82525
82522
82520
82517
82515
82514
82512
82510
82509
82507
82505
82503
82502
82500
82497
82495
82494
82492
82490
82489
82487
82485
82483
82482
82480
82478
82476
82475
82473
82471
82470
82468
82466
82465
82462
82460
82458
82456
82455
82453
82451
82450
82448
82446
82444
82443
82441
82439
82437
82435
82434
82432
82430
82428
82427
82425
82423
82422
82329
82326
82324
82322
82320
82319
82317
82315
82314
82312
82310
82308
82307
82305
82303
82301
82299
82298
82296
82294
82292
82290
82289
82287
82285
82284
82282
82280
82279
82277
82275
82274
82272
82270
82269
82267
82265
82264
82262
82260
82255
82252
82249
82245
82242
82235
82233
82230
82228
82226
82224
82223
82221
82219
82218
82216
82214
82212
82211
82209
82207
82206
82203
82201
82198
82196
82195
82193
82191
82190
82188
82186
82184
82183
82181
82179
82178
82176
82174
82173
82171
82169
82168
82166
82164
82161
82160
82158
82156
82155
82153
82151
82150
82148
82146
82145
82143
82141
82140
82138
82136
82135
82133
82131
82129
82128
82126
82124
82121
82119
82117
82116
82114
82112
82111
82109
82107
82106
82104
82102
82101
82099
82097
82095
82094
82092
82090
82089
82087
82084
82082
82077
82075
82073
82071
82070
82068
82066
82064
82061
82060
82058
82056
82055
82053
82051
82050
82048
82046
82045
82043
82041
82040
82038
82036
82035
82033
82031
82029
82028
82026
82024
82022
82020
82019
82017
82015
82014
82012
82010
82008
82007
82005
82003
82002
82000
81998
81996
81995
81993
81991
81990
81988
81986
81985
81983
81981
81980
81978
81976
81974
81973
81971
81969
81968
81904
81901
81899
81897
81896
81894
81892
81890
81888
81886
81885
81883
81881
81880
81878
81876
81875
81873
81871
81870
81868
81866
81865
81863
81861
81859
81858
81789
81787
81785
81784
81782
81780
81778
81777
81775
81773
81767
81763
81759
81756
81753
81749
81747
81746
81744
81742
81740
81739
81737
81735
81733
81731
81728
81726
81723
81722
81720
81718
81717
81715
81713
81711
81710
81708
81706
81705
81703
81701
81700
81698
81696
81695
81693
81691
81690
81687
81685
81683
81681
81679
81678
81676
81674
81673
81671
81669
81668
81666
81664
81662
81661
81659
81658
81656
81654
81653
81651
81649
81646
81644
81643
81641
81639
81638
81636
81634
81633
81631
81629
81627
81625
81623
81622
81620
81618
81616
81614
81612
81611
81607
81605
81602
81600
81599
81597
81595
81592
81590
81589
81587
81585
81583
81581
81580
81578
81576
81573
81571
81569
81568
81566
81564
81563
81561
81559
81558
81556
81554
81553
81551
81549
81547
81546
81544
81542
81541
81539
81537
81535
81534
81532
81530
81529
81527
81525
81519
81516
81513
81510
81507
81504
81439
81437
81436
81434
81432
81430
81428
81427
81425
81423
81422
81402
81399
81396
81393
81391
81388
81386
81383
81381
81379
81377
81376
81374
81372
81371
81369
81367
81365
81364
81362
81360
81359
81357
81355
81354
81352
81350
81348
81347
81345
81344
81342
81340
81338
81337
81335
81333
81332
81329
81328
81326
81324
81323
81321
81319
81317
81313
81308
81304
81301
81298
81295
81293
81291
81289
81287
81284
81282
81279
81277
81276
81274
81272
81271
81269
81267
81266
81264
81262
81260
81258
81256
81255
81253
81251
81249
81248
81246
81244
81241
81239
81237
81235
81234
81232
81230
81228
81227
81225
81223
81222
81220
81218
81217
81215
81213
81211
81209
81207
81206
81204
81202
81199
81197
81196
81194
81192
81191
81189
81188
81184
81183
81181
81179
81178
81176
81174
81172
81171
81169
81167
81166
81164
81161
81159
81156
81154
81149
81147
81146
81144
81142
81128
81126
81124
81122
81121
81119
81117
81115
81112
81110
81108
81107
81105
81103
81102
81100
81097
81095
81093
81092
81090
81088
81086
81085
81083
81081
81079
81078
81076
81074
81073
81071
81069
81068
81066
81064
81063
81061
81059
81057
81056
81054
81052
81051
81049
81047
81045
81043
81041
81040
81038
81036
81034
81033
81031
81029
81028
81026
81024
81023
81021
81019
81018
81016
81014
81013
81011
81009
81008
81006
81004
81003
81001
80999
80998
80996
80994
80992
80990
80989
80987
80985
80984
80982
80980
80978
80977
80975
80973
80972
80970
80969
80967
80965
80964
80962
80960
80959
80957
80955
80953
80952
80950
80948
80947
80945
80939
80935
80931
80928
80924
80920
80917
80915
80913
80911
80909
80908
80906
80904
80902
80900
80898
80896
80895
80893
80891
80890
80888
80886
80885
80883
80881
80878
80876
80875
80873
80871
80870
80868
80866
80865
80863
80861
80860
80858
80856
80855
80853
80851
80849
80848
80846
80844
80843
80841
80838
80836
80834
80833
80831
80829
80827
80826
80824
80822
80820
80819
80817
80815
80813
80812
80810
80808
80807
80805
80803
80800
80797
80794
80792
80790
80789
80787
80785
80784
80782
80781
80779
80777
80775
80773
80772
80770
80767
80765
80763
80761
80760
80758
80756
80755
80752
80750
80748
80747
80745
80743
80741
80740
80738
80736
80735
80733
80731
80730
80728
80726
80725
80723
80721
80719
80717
80716
80714
80712
80711
80709
80707
80706
80704
80702
80700
80699
80695
80694
80692
80690
80689
80687
80685
80683
80682
80680
80678
80676
80675
80673
80671
80669
80668
80666
80664
80663
80661
80659
80657
80656
80654
80652
80651
80649
80647
80646
80644
80642
80641
80639
80637
80636
80634
80632
80631
80629
80627
80625
80624
80622
80620
80618
80616
80614
80612
80611
80609
80607
80605
80603
80602
80600
80598
80596
80595
80593
80591
80589
80588
80586
80581
80578
80575
80571
80568
80565
80563
80561
80559
80558
80556
80554
80553
80551
80549
80547
80546
80544
80542
80541
80539
80536
80534
80532
80531
80529
80527
80526
80524
80522
80521
80519
80517
80516
80514
80512
80510
80509
80507
80505
80504
80502
80500
80498
80495
80493
80491
80490
80488
80486
80485
80483
80481
80480
80478
80477
80475
80473
80471
80470
80468
80466
80465
80461
80459
80456
80454
80450
80449
80447
80445
80444
80442
80440
80439
80437
80435
80433
80431
80430
80428
80426
80422
80404
80402
80401
80399
80397
80395
80394
80390
80389
80387
80385
80384
80382
80380
80379
80377
80375
80373
80372
80370
80368
80362
80357
80354
80351
80348
80345
80035
80029
80027
80026
80024
80022
80020
80018
80016
80015
80013
80011
80009
80007
80006
80004
80002
80001
79999
79997
79995
79994
79992
79990
79876
79873
79871
79869
79867
79866
79864
79862
79861
79859
79857
79855
79854
79852
79850
79848
79846
79845
79843
79841
79839
79837
79836
79834
79832
79831
79829
79827
79825
79823
79822
79820
79818
79817
79815
79813
79812
79810
79808
79806
79805
79803
79801
79799
79797
79795
79794
79792
79790
79789
79787
79785
79783
79781
79780
79778
79776
79771
79765
79762
79755
79752
79748
79745
79743
79741
79740
79738
79736
79735
79733
79731
79729
79726
79725
79723
79721
79719
79717
79716
79714
79712
79710
79708
79706
79704
79703
79701
79699
79698
79696
79694
79693
79691
79689
79687
79684
79683
79681
79679
79677
79675
79674
79672
79670
79668
79667
79665
79663
79662
79660
79658
79655
79653
79652
79650
79648
79645
79643
79640
79638
79637
79635
79633
79632
79630
79628
79627
79625
79623
79621
79620
79618
79616
79613
79611
79609
79607
79606
79604
79602
79600
79597
79595
79593
79592
79590
79588
79587
79585
79583
79582
79580
79578
79576
79575
79573
79570
79568
79566
79564
79563
79561
79559
79558
79556
79554
79553
79551
79549
79548
79546
79544
79543
79541
79539
79538
79536
79534
79533
79531
79529
79528
79526
79524
79522
79520
79519
79517
79515
79514
79512
79510
79509
79507
79505
79503
79502
79500
79498
79497
79495
79493
79492
79490
79488
79487
79485
79483
79481
79480
79478
79476
79475
79473
79471
79469
79467
79465
79463
79461
79459
79457
79456
79454
79452
79450
79448
79446
79444
79443
79441
79439
79437
79436
79434
79432
79431
79429
79427
79424
79422
79365
79361
79359
79358
79355
79353
79352
79350
79345
79342
79339
79335
79332
79328
79326
79325
79323
79320
79318
79316
79314
79313
79311
79309
79308
79306
79304
79302
79301
79299
79297
79295
79294
79292
79290
79289
79287
79285
79284
79282
79279
79277
79275
79273
79272
79270
79269
79267
79265
79263
79262
79260
79259
79256
79254
79252
79250
79249
79247
79245
79244
79241
79239
79236
79234
79233
79231
79229
79228
79226
79224
79222
79218
79216
79214
79213
79211
79209
79193
79191
79189
79187
79186
79184
79182
79180
79177
79175
79174
79172
79170
79169
79167
79165
79164
79162
79160
79158
79157
79155
79153
79150
79149
79147
79145
79143
79142
79140
79138
79137
79135
79133
79131
79130
79128
79126
79124
79123
79121
79119
79118
79116
79114
79112
79111
79109
79107
79106
79104
79102
79101
79099
79097
79096
79094
79092
79090
79089
79087
79085
79084
79082
79080
79078
79077
79075
79074
79072
79070
79068
79067
79065
79063
79062
79060
79058
79057
79055
79053
79052
79050
79048
79047
79045
79043
79041
79040
79038
79036
79035
79032
79030
79028
79026
79025
79023
79021
79020
79018
79016
79015
79012
79010
79008
79007
79005
79003
79001
79000
78998
78996
78995
78993
78991
78989
78988
78986
78984
78983
78981
78978
78974
78971
78964
78960
78957
78955
78953
78952
78950
78948
78946
78945
78943
78942
78940
78938
78936
78935
78933
78932
78930
78928
78927
78925
78923
78920
78918
78917
78915
78913
78911
78910
78908
78906
78905
78902
78900
78898
78897
78895
78893
78891
78890
78888
78886
78885
78882
78880
78877
78875
78874
78872
78870
78869
78867
78865
78863
78861
78859
78858
78856
78854
78852
78850
78848
78846
78844
78843
78841
78839
78838
78835
78833
78831
78830
78796
78795
78793
78791
78789
78788
78786
78784
78783
78781
78779
78776
78774
78773
78771
78769
78768
78766
78764
78762
78761
78759
78757
78756
78754
78752
78751
78749
78747
78746
78744
78742
78741
78739
78737
78735
78734
78732
78730
78728
78727
78725
78723
78722
78720
78718
78717
78715
78713
78712
78710
78708
78705
78703
78701
78700
78698
78696
78695
78693
78691
78690
78688
78686
78685
78683
78681
78679
78678
78676
78674
78673
78671
78669
78667
78666
78664
78662
78661
78659
78657
78656
78654
78652
78650
78649
78647
78645
78641
78640
78638
78636
78635
78633
78631
78630
78628
78626
78624
78623
78621
78619
78618
78616
78614
78613
78611
78609
78608
78606
78604
78602
78601
78599
78597
78596
78592
78589
78586
78582
78579
78575
78573
78572
78570
78568
78566
78565
78563
78561
78560
78558
78556
78555
78553
78551
78548
78547
78545
78543
78541
78540
78538
78535
78533
78531
78529
78527
78526
78524
78522
78521
78519
78517
78516
78514
78512
78509
78507
78504
78502
78501
78499
78497
78496
78494
78492
78491
78489
78487
78486
78484
78482
78481
78476
78474
78473
78471
78469
78467
78465
78464
78460
78458
78457
78455
78453
78451
78450
78448
78446
78445
78443
78441
78440
78438
78436
78433
78431
78430
78428
78426
78424
78423
78421
78403
78401
78399
78397
78396
78394
78392
78391
78389
78387
78385
78384
78382
78380
78379
78375
78374
78372
78370
78369
78367
78365
78363
78362
78360
78358
78357
78355
78353
78352
78350
78348
78346
78344
78343
78341
78339
78337
78335
78333
78331
78330
78328
78326
78324
78323
78321
78319
78317
78316
78314
78312
78311
78309
78307
78306
78304
78302
78301
78299
78297
78295
78294
78292
78290
78289
78285
78284
78282
78280
78279
78277
78275
78273
78272
78270
78268
78267
78265
78263
78262
78260
78258
78257
78255
78253
78251
78250
78248
78246
78244
78243
78241
78239
78238
78236
78234
78232
78231
78229
78228
78226
78224
78219
78215
78212
78209
78206
78201
78199
78197
78196
78194
78192
78191
78189
78187
78184
78182
78180
78179
78176
78174
78172
78171
78169
78167
78166
78164
78162
78161
78159
78157
78156
78154
78152
78151
78149
78146
78144
78141
78139
78138
78136
78134
78132
78130
78129
78127
78125
78124
78122
78120
78119
78117
78114
78112
78110
78108
78107
78105
78103
78102
78098
78097
78095
78093
78091
78090
78088
78086
78085
78083
78081
78079
78078
78076
78074
78071
78069
78068
78066
78064
78063
78061
78059
78058
78056
78054
78053
78051
78049
78047
78046
78044
78042
78041
78039
78037
78036
78034
78031
78029
78027
78025
78024
78022
78020
78018
78017
78015
78013
78012
78010
78008
78007
78005
78003
78002
78000
77998
77997
77995
77993
77992
77990
77988
77987
77985
77983
77981
77980
77978
77976
77975
77973
77971
77970
77968
77966
77964
77963
77961
77959
77958
77956
77954
77952
77951
77947
77946
77944
77942
77940
77939
77937
77935
77934
77932
77930
77928
77927
77925
77923
77921
77919
77917
77915
77913
77912
77910
77908
77906
77904
77902
77900
77899
77897
77895
77894
77892
77890
77889
77887
77885
77883
77881
77880
77878
77876
77874
77873
77871
77869
77868
77864
77860
77857
77853
77850
77847
77845
77843
77840
77837
77835
77834
77832
77830
77829
77827
77825
77823
77822
77820
77818
77817
77815
77813
77812
77810
77808
77806
77805
77802
77800
77796
77795
77793
77791
77790
77788
77786
77785
77783
77781
77779
77778
77776
77774
77773
77769
77767
77765
77763
77761
77759
77758
77756
77753
77751
77749
77748
77746
77744
77743
77741
77739
77738
77735
77733
77731
77730
77728
77725
77723
77722
77720
77718
77717
77715
77713
77712
77710
77708
77707
77705
77703
77702
77700
77698
77697
77695
77693
77691
77690
77688
77685
77683
77681
77680
77678
77676
77675
77673
77671
77670
77668
77666
77665
77663
77661
77660
77658
77656
77654
77653
77651
77649
77648
77646
77644
77643
77641
77639
77638
77636
77634
77633
77631
77629
77628
77626
77624
77622
77621
77619
77617
77616
77614
77612
77610
77607
77605
77603
77602
77600
77598
77597
77595
77593
77592
77590
77588
77586
77585
77583
77581
77580
77578
77576
77575
77573
77571
77570
77568
77566
77564
77563
77561
77559
77557
77556
77554
77552
77551
77549
77547
77545
77544
77542
77540
77539
77537
77535
77534
77532
77530
77528
77527
77524
77518
77515
77512
77509
77506
77503
77452
77436
77431
77428
77424
77421
77398
77396
77393
77390
77388
77385
77383
77381
77378
77376
77374
77373
77371
77369
77368
77366
77364
77361
77359
77356
77355
77353
77351
77350
77348
77346
77344
77343
77341
77339
77337
77336
77334
77332
77329
77327
77325
77324
77322
77320
77318
77316
77313
77311
77310
77308
77306
77304
77303
77301
77299
77298
77296
77294
77292
77291
77289
77286
77284
77282
77281
77279
77277
77275
77274
77272
77270
77269
77267
77265
77264
77262
77260
77259
77257
77255
77253
77252
77250
77248
77244
77243
77241
77239
77237
77236
77234
77232
77231
77229
77227
77226
77224
77222
77220
77219
77217
77215
77213
77212
77210
77207
77205
77203
77201
77200
77198
77196
77195
77193
77191
77189
77188
77186
77184
77182
77181
77179
77177
77176
77174
77172
77168
77166
77164
77162
77161
77159
77157
77156
77154
77152
77150
77149
77147
77145
77143
77141
77140
77138
77136
77135
77133
77131
77130
77128
77126
77124
77123
77121
77119
77118
77116
77114
77112
77111
77109
77107
77105
77104
77102
77100
77099
77097
77095
77093
77091
77089
77088
77086
77084
77083
77081
77079
77078
77076
77074
77073
77071
77069
77067
77066
77064
77062
77061
77059
77053
77050
77046
77043
77040
77036
77034
77032
77031
77029
77027
77025
77024
77022
77020
77019
77017
77014
77012
77009
77007
77006
77004
77002
77001
76999
76997
76996
76994
76992
76991
76989
76987
76985
76982
76980
76978
76976
76975
76973
76971
76970
76965
76963
76962
76960
76958
76956
76955
76953
76951
76949
76947
76946
76944
76942
76941
76938
76936
76934
76932
76931
76929
76927
76925
76923
76921
76920
76918
76916
76915
76913
76911
76910
76908
76906
76905
76903
76901
76900
76896
76895
76893
76891
76890
76888
76886
76884
76883
76881
76879
76878
76876
76874
76872
76870
76868
76867
76865
76863
76862
76858
76857
76854
76852
76850
76848
76847
76845
76843
76842
76840
76838
76836
76835
76833
76831
76830
76828
76825
76823
76821
76819
76818
76816
76814
76812
76811
76809
76807
76806
76804
76802
76801
76799
76797
76796
76794
76792
76790
76789
76787
76785
76784
76782
76780
76779
76777
76775
76773
76772
76770
76768
76767
76765
76763
76761
76760
76758
76756
76754
76752
76751
76749
76747
76745
76744
76742
76740
76739
76737
76735
76734
76732
76730
76728
76727
76725
76723
76722
76720
76718
76716
76715
76713
76711
76709
76708
76706
76704
76703
76701
76696
76693
76689
76686
76682
76679
76677
76676
76674
76672
76670
76667
76665
76663
76661
76659
76657
76656
76654
76652
76650
76649
76647
76645
76644
76642
76640
76639
76636
76634
76632
76631
76629
76627
76626
76624
76621
76619
76618
76616
76614
76612
76611
76609
76607
76606
76604
76602
76600
76599
76597
76594
76592
76591
76589
76587
76586
76584
76582
76581
76579
76577
76576
76574
76572
76570
76569
76567
76565
76564
76562
76560
76559
76557
76554
76552
76550
76549
76547
76545
76544
76542
76540
76539
76537
76535
76534
76532
76530
76529
76527
76525
76523
76522
76520
76517
76515
76512
76510
76508
76506
76504
76503
76501
76499
76498
76496
76494
76493
76491
76488
76486
76485
76483
76481
76480
76478
76476
76475
76473
76471
76470
76468
76466
76465
76463
76461
76459
76458
76456
76454
76452
76451
76449
76447
76445
76443
76442
76440
76438
76436
76435
76433
76431
76429
76424
76421
76328
76326
76324
76322
76321
76319
76317
76315
76314
76312
76310
76308
76307
76305
76303
76301
76300
76297
76292
76289
76286
76283
76232
76229
76227
76226
76224
76222
76221
76219
76217
76215
76214
76212
76210
76208
76207
76204
76202
76201
76199
76197
76195
76193
76192
76187
76182
76178
76174
76171
76166
76164
76160
76158
76157
76155
76153
76152
76150
76148
76147
76145
76143
76142
76140
76138
76136
76133
76131
76130
76128
76126
76124
76123
76121
76116
76114
76112
76111
76109
76107
76105
76104
76102
76100
76099
76097
76095
76094
76092
76089
76087
76086
76084
76082
76080
76079
76077
76075
76073
76072
76070
76068
76067
76065
76063
76062
76060
76058
76055
76053
76051
76050
76047
76045
76043
76042
76040
76038
76036
76035
76033
76031
76029
76027
76026
76024
76022
76021
76019
76017
76013
76011
76009
76006
76005
76001
76000
75998
75996
75994
75993
75991
75989
75987
75986
75982
75980
75979
75977
75975
75973
75972
75970
75968
75966
75964
75962
75961
75959
75957
75956
75954
75952
75951
75949
75947
75946
75944
75942
75941
75939
75937
75936
75934
75932
75930
75929
75927
75925
75924
75922
75920
75919
75917
75915
75914
75912
75910
75909
75907
75905
75903
75902
75900
75898
75896
75894
75893
75891
75889
75887
75885
75884
75882
75880
75879
75877
75875
75873
75872
75870
75868
75866
75864
75863
75861
75859
75858
75856
75854
75852
75851
75849
75847
75846
75844
75842
75840
75839
75837
75835
75834
75832
75830
75829
75827
75823
75819
75815
75811
75808
75805
75803
75801
75799
75798
75796
75794
75792
75791
75789
75787
75783
75781
75779
75778
75776
75774
75773
75771
75768
75751
75749
75748
75746
75744
75742
75740
75739
75737
75735
75734
75732
75730
75728
75726
75724
75722
75720
75719
75717
75715
75714
75712
75710
75708
75707
75705
75703
75702
75700
75698
75696
75694
75693
75691
75689
75688
75685
75683
75681
75679
75678
75676
75674
75673
75671
75669
75668
75666
75664
75663
75661
75659
75657
75656
75654
75652
75651
75648
75646
75643
75641
75639
75638
75636
75634
75633
75629
75628
75626
75624
75622
75621
75619
75617
75615
75614
75612
75610
75609
75607
75604
75602
75600
75598
75597
75595
75593
75591
75590
75588
75586
75585
75583
75581
75579
75578
75576
75574
75572
75571
75569
75567
75564
75562
75561
75559
75557
75556
75554
75552
75551
75549
75547
75546
75544
75542
75540
75539
75537
75535
75534
75532
75530
75529
75527
75525
75524
75522
75520
75519
75517
75515
75514
75512
75510
75509
75507
75505
75504
75502
75500
75498
75497
75495
75493
75492
75490
75488
75487
75485
75483
75481
75480
75478
75476
75475
75473
75471
75470
75468
75466
75465
75463
75461
75460
75458
75454
75451
75447
75443
75440
75436
75435
75433
75431
75429
75426
75424
75423
75421
75398
75395
75393
75390
75386
75384
75381
75379
75376
75374
75372
75370
75368
75366
75365
75363
75361
75360
75358
75353
75351
75349
75348
75346
75344
75342
75341
75339
75337
75336
75334
75332
75331
75329
75327
75326
75324
75322
75321
75319
75317
75316
75312
75310
75309
75307
75305
75303
75302
75300
75298
75296
75295
75293
75292
75290
75288
75286
75285
75283
75281
75280
75278
75275
75273
75270
75268
75267
75265
75262
75260
75258
75257
75255
75253
75252
75250
75248
75246
75245
75243
75241
75239
75238
75236
75234
75231
75229
75226
75224
75223
75221
75219
75218
75216
75214
75213
75211
75209
75208
75206
75204
75203
75201
75199
75198
75196
75194
75192
75191
75189
75187
75186
75184
75182
75180
75179
75177
75175
75174
75172
75170
75168
75167
75165
75163
75162
75160
75158
75157
75155
75153
75151
75150
75148
75146
75145
75143
75141
75140
75138
75136
75135
75133
75131
75130
75128
75126
75124
75123
75121
75119
75118
75116
75114
75113
75111
75109
75108
75106
75104
75102
75101
75099
75097
75095
75094
75092
75090
75089
75087
75085
75084
75082
75080
75079
75077
75075
75070
75067
75064
75060
75055
75052
75050
75048
75047
75045
75043
75042
75038
75036
75035
75033
75031
75030
75028
75026
75025
75023
75021
75020
75018
75016
75015
75011
75010
75008
75006
75005
75003
75001
75000
74998
74996
74994
74993
74991
74989
74988
74986
74984
74982
74981
74979
74977
74975
74973
74970
74969
74967
74965
74963
74962
74960
74958
74956
74954
74953
74951
74949
74948
74946
74944
74942
74941
74939
74937
74936
74933
74931
74928
74925
74923
74922
74920
74918
74916
74915
74913
74911
74910
74908
74906
74905
74903
74901
74900
74898
74896
74894
74893
74890
74888
74885
74883
74882
74880
74878
74876
74875
74873
74871
74870
74868
74866
74865
74863
74861
74860
74858
74856
74855
74853
74851
74849
74848
74846
74844
74843
74841
74839
74838
74836
74834
74833
74831
74809
74806
74805
74803
74801
74800
74798
74796
74794
74793
74791
74789
74788
74786
74784
74783
74781
74779
74778
74776
74774
74773
74771
74769
74768
74766
74764
74763
74761
74759
74757
74755
74754
74752
74750
74749
74747
74745
74744
74742
74740
74739
74737
74735
74734
74732
74730
74729
74727
74725
74724
74722
74720
74718
74717
74715
74713
74711
74710
74708
74706
74705
74703
74699
74696
74693
74689
74683
74680
74677
74675
74673
74672
74670
74668
74666
74665
74663
74661
74660
74658
74656
74654
74653
74649
74647
74645
74643
74642
74640
74638
74636
74634
74633
74631
74629
74627
74626
74624
74622
74620
74619
74617
74615
74614
74612
74610
74607
74606
74604
74602
74600
74599
74597
74595
74593
74591
74590
74588
74586
74584
74582
74580
74578
74577
74575
74573
74570
74566
74564
74561
74559
74557
74556
74554
74552
74551
74549
74547
74546
74544
74542
74540
74539
74537
74535
74534
74532
74530
74529
74527
74524
74522
74519
74517
74516
74514
74512
74511
74509
74507
74506
74504
74502
74501
74499
74497
74496
74494
74492
74490
74489
74487
74485
74483
74482
74480
74478
74477
74475
74473
74472
74470
74468
74467
74465
74463
74462
74460
74458
74457
74455
74453
74452
74450
74448
74447
74445
74443
74441
74440
74438
74436
74435
74433
74431
74430
74428
74426
74425
74423
74421
74406
74404
74402
74401
74399
74397
74395
74394
74392
74390
74389
74387
74385
74383
74381
74380
74378
74376
74375
74373
74371
74369
74368
74366
74364
74363
74361
74359
74358
74356
74354
74353
74351
74349
74347
74346
74344
74342
74341
74339
74337
74335
74334
74329
74326
74322
74319
74315
74312
74310
74309
74307
74305
74304
74302
74300
74299
74297
74294
74292
74290
74288
74287
74285
74283
74281
74280
74278
74276
74274
74273
74271
74269
74267
74266
74264
74263
74261
74259
74257
74256
74253
74251
74249
74248
74246
74244
74242
74241
74239
74237
74236
74234
74232
74230
74229
74227
74225
74224
74220
74218
74217
74214
74212
74209
74207
74205
74204
74202
74200
74198
74197
74195
74193
74192
74190
74189
74187
74185
74183
74182
74180
74178
74177
74175
74172
74170
74167
74165
74164
74162
74160
74159
74157
74155
74154
74152
74150
74149
74147
74145
74144
74142
74140
74138
74137
74135
74133
74130
74129
74127
74125
74124
74122
74120
74119
74117
74115
74113
74111
74110
74108
74106
74105
74103
74101
74100
74098
74096
74095
74093
74090
74088
74087
74085
74083
74082
74080
74078
74077
74075
74073
74072
74070
74068
74066
74064
74063
74061
74059
74058
74056
74054
74053
74051
74049
74047
74046
74044
74042
74041
74039
74037
74036
74034
74032
74031
74029
74027
74025
74024
74022
74020
74019
74017
74015
74013
74012
74010
74008
74007
74005
74003
74002
74000
73998
73997
73994
73992
73990
73988
73987
73985
73984
73982
73979
73975
73972
73969
73965
73962
73960
73958
73956
73952
73950
73948
73947
73945
73943
73942
73940
73938
73937
73935
73934
73932
73930
73929
73927
73925
73924
73922
73920
73919
73917
73915
73912
73910
73909
73907
73905
73903
73902
73900
73898
73897
73895
73893
73892
73890
73888
73884
73883
73881
73879
73877
73876
73873
73871
73868
73866
73864
73863
73861
73859
73858
73856
73854
73852
73850
73849
73847
73845
73844
73842
73840
73839
73837
73835
73834
73831
73829
73826
73824
73822
73821
73819
73817
73816
73814
73812
73810
73809
73807
73805
73804
73802
73800
73798
73796
73795
73793
73791
73788
73786
73784
73783
73781
73779
73778
73776
73774
73772
73770
73765
73762
73759
73755
73752
73707
73704
73703
73701
73699
73697
73695
73694
73692
73690
73689
73687
73685
73684
73682
73680
73678
73677
73675
73673
73672
73670
73668
73667
73665
73663
73662
73660
73658
73657
73655
73653
73652
73650
73648
73646
73644
73643
73641
73639
73637
73635
73633
73632
73630
73628
73626
73625
73623
73621
73619
73618
73616
73614
73613
73611
73609
73608
73606
73604
73600
73599
73597
73595
73593
73592
73590
73588
73587
73585
73583
73582
73580
73578
73576
73575
73573
73568
73564
73561
73557
73553
73550
73548
73546
73545
73543
73541
73540
73538
73536
73534
73532
73531
73529
73527
73525
73520
73517
73514
73471
73468
73467
73463
73461
73459
73458
73456
73454
73452
73451
73449
73447
73445
73444
73441
73439
73437
73436
73434
73432
73430
73428
73427
73424
73422
73400
73397
73395
73393
73390
73388
73386
73383
73381
73379
73377
73376
73374
73372
73371
73369
73367
73366
73364
73362
73360
73357
73356
73352
73351
73349
73347
73346
73344
73342
73341
73339
73337
73335
73334
73332
73330
73329
73327
73325
73323
73322
73320
73318
73315
73314
73312
73310
73308
73307
73305
73303
73301
73300
73298
73296
73294
73293
73291
73289
73288
73286
73284
73283
73281
73279
73278
73276
73274
73273
73271
73269
73268
73266
73264
73263
73261
73259
73258
73256
73254
73252
73251
73249
73247
73246
73244
73241
73239
73237
73236
73234
73232
73230
73229
73227
73225
73224
73222
73220
73219
73217
73215
73214
73212
73210
73209
73207
73205
73203
73201
73200
73198
73196
73195
73193
73191
73188
73187
73185
73183
73182
73180
73178
73176
73175
73173
73172
73170
73168
73166
73165
73163
73161
73160
73158
73156
73154
73152
73151
73149
73147
73146
73142
73139
73134
73131
73127
73122
73120
73118
73117
73115
73113
73111
73110
73108
73106
73105
73103
73101
73099
73098
73095
73093
73091
73089
73087
73086
73084
73082
73081
73077
73076
73074
73072
73070
73069
73067
73065
73064
73062
73060
73059
73056
73054
73050
73049
73047
73045
73044
73042
73040
73038
73036
73034
73032
73030
73029
73027
73025
73023
73022
73020
73018
73016
73014
73010
73008
73005
73003
73002
73000
72998
72996
72995
72993
72991
72990
72988
72986
72984
72982
72981
72979
72977
72976
72974
72972
72970
72967
72965
72963
72962
72960
72958
72957
72955
72953
72952
72950
72948
72947
72945
72943
72941
72940
72938
72936
72935
72933
72931
72929
72928
72926
72925
72923
72921
72907
72906
72904
72902
72901
72899
72897
72895
72894
72892
72890
72888
72887
72885
72883
72881
72879
72878
72876
72874
72872
72870
72869
72867
72865
72863
72862
72860
72858
72856
72855
72853
72851
72849
72848
72846
72844
72843
72841
72839
72837
72836
72832
72831
72829
72827
72826
72824
72822
72820
72818
72817
72815
72814
72812
72810
72808
72806
72805
72803
72801
72799
72798
72796
72794
72793
72791
72789
72788
72786
72784
72782
72781
72779
72778
72776
72774
72768
72765
72761
72758
72754
72751
72749
72747
72746
72744
72742
72741
72739
72737
72734
72733
72731
72729
72727
72726
72723
72721
72719
72718
72716
72714
72713
72711
72709
72707
72705
72703
72702
72700
72698
72695
72693
72690
72688
72687
72685
72683
72682
72680
72678
72677
72675
72673
72672
72670
72668
72666
72665
72663
72661
72660
72658
72656
72653
72651
72648
72646
72644
72643
72641
72639
72638
72636
72634
72632
72630
72628
72627
72625
72623
72622
72620
72618
72617
72615
72613
72610
72609
72607
72605
72603
72602
72600
72598
72597
72595
72593
72592
72590
72588
72586
72585
72583
72580
72578
72577
72575
72560
72558
72556
72555
72553
72551
72550
72548
72546
72545
72543
72541
72539
72537
72536
72534
72532
72531
72529
72527
72526
72524
72522
72520
72519
72517
72514
72512
72510
72509
72507
72505
72504
72502
72500
72498
72497
72495
72493
72492
72490
72488
72486
72484
72483
72481
72478
72476
72475
72473
72471
72470
72468
72466
72464
72463
72461
72460
72458
72456
72454
72453
72451
72449
72448
72446
72444
72443
72441
72439
72437
72436
72434
72432
72431
72429
72427
72426
72424
72422
72405
72403
72401
72400
72398
72396
72394
72393
72391
72389
72386
72382
72379
72375
72372
72368
72366
72364
72361
72359
72358
72354
72353
72351
72349
72348
72346
72344
72342
72341
72339
72337
72335
72334
72332
72330
72329
72327
72325
72322
72321
72318
72316
72314
72313
72310
72309
72307
72305
72303
72302
72300
72298
72297
72295
72293
72292
72290
72288
72287
72285
72283
72280
72278
72276
72274
72272
72270
72269
72267
72265
72264
72262
72260
72258
72257
72255
72253
72251
72250
72248
72246
72245
72243
72241
72238
72236
72235
72233
72231
72230
72228
72226
72225
72223
72221
72219
72218
72216
72214
72213
72211
72208
72206
72205
72203
72201
72199
72197
72196
72194
72192
72190
72189
72187
72185
72184
72182
72180
72179
72177
72175
72173
72172
72170
72168
72167
72165
72163
72161
72160
72158
72156
72154
72153
72151
72149
72148
72146
72144
72142
72141
72139
72137
72136
72134
72132
72130
72129
72125
72124
72122
72120
72118
72117
72115
72113
72112
72110
72108
72106
72105
72103
72101
72099
72098
72096
72094
72093
72091
72089
72088
72086
72084
72083
72081
72079
72078
72076
72074
72073
72071
72069
72067
72066
72064
72062
72061
72059
72057
72055
72054
72052
72050
72049
72047
72045
72043
72042
72040
72038
72037
72032
72028
72023
72020
72016
72013
72011
72009
71997
71995
71993
71992
71990
71988
71986
71984
71983
71981
71979
71978
71976
71974
71972
71969
71968
71965
71963
71961
71959
71958
71956
71954
71953
71951
71949
71948
71946
71944
71943
71941
71939
71938
71936
71934
71932
71931
71928
71926
71923
71921
71920
71918
71916
71915
71913
71911
71909
71908
71906
71904
71903
71901
71899
71898
71896
71894
71893
71891
71889
71886
71885
71883
71881
71879
71878
71876
71874
71873
71871
71869
71867
71866
71864
71862
71861
71859
71856
71854
71852
71851
71849
71847
71846
71844
71842
71840
71839
71837
71835
71833
71832
71830
71828
71827
71825
71823
71821
71818
71816
71815
71813
71811
71810
71808
71806
71805
71803
71801
71800
71798
71796
71795
71793
71791
71790
71788
71786
71784
71782
71781
71777
71776
71774
71772
71771
71769
71767
71766
71764
71762
71760
71759
71757
71755
71754
71752
71750
71749
71747
71745
71744
71742
71740
71739
71737
71735
71733
71732
71730
71728
71726
71725
71723
71722
71720
71718
71717
71715
71713
71711
71710
71708
71706
71705
71703
71701
71699
71698
71696
71694
71693
71691
71689
71687
71686
71684
71682
71680
71679
71677
71675
71674
71670
71666
71663
71659
71656
71651
71650
71648
71646
71645
71643
71641
71640
71638
71636
71635
71633
71630
71628
71625
71623
71621
71619
71618
71616
71614
71613
71611
71609
71608
71606
71604
71602
71601
71599
71597
71596
71594
71592
71591
71588
71586
71583
71581
71579
71578
71576
71574
71573
71571
71569
71567
71566
71564
71562
71561
71559
71557
71556
71554
71552
71551
71549
71546
71543
71541
71540
71538
71536
71535
71533
71531
71530
71528
71526
71525
71523
71521
71519
71517
71514
71513
71511
71509
71507
71506
71504
71502
71501
71499
71497
71495
71494
71492
71490
71489
71487
71485
71483
71482
71480
71477
71475
71472
71471
71469
71467
71466
71464
71462
71460
71459
71457
71455
71454
71452
71450
71448
71447
71445
71443
71440
71438
71437
71435
71433
71431
71430
71428
71426
71425
71423
71421
71404
71402
71400
71398
71397
71395
71393
71392
71390
71388
71386
71385
71383
71381
71380
71378
71377
71375
71373
71371
71370
71368
71366
71365
71363
71361
71360
71358
71356
71354
71352
71351
71349
71347
71345
71344
71342
71340
71339
71337
71335
71334
71332
71330
71329
71327
71325
71324
71322
71320
71319
71317
71315
71314
71312
71310
71309
71307
71305
71302
71298
71295
71292
71287
71283
71282
71280
71278
71276
71275
71272
71270
71267
71265
71263
71262
71260
71258
71257
71255
71253
71252
71250
71248
71246
71245
71243
71241
71240
71238
71236
71235
71233
71230
71228
71225
71223
71222
71220
71218
71217
71215
71213
71212
71210
71208
71207
71205
71203
71202
71200
71198
71197
71195
71193
71191
71188
71186
71184
71183
71181
71179
71178
71176
71174
71173
71171
71169
71168
71166
71164
71162
71161
71158
71156
71154
71153
71151
71149
71147
71146
71144
71142
71141
71139
71137
71135
71134
71132
71130
71129
71127
71125
71124
71120
71119
71116
71114
71112
71111
71109
71107
71106
71104
71102
71101
71099
71097
71096
71094
71092
71089
71087
71085
71084
71082
71080
71078
71077
71075
71073
71072
71070
71068
71066
71064
71063
71059
71058
71056
71054
71052
71051
71049
71047
71046
71044
71042
71040
71039
71037
71035
71033
71032
71030
71028
71027
71025
71023
71022
71020
71018
71017
71015
71014
71012
71010
71008
71007
71005
71003
71002
71000
70998
70996
70995
70993
70991
70990
70988
70986
70984
70982
70981
70979
70977
70976
70974
70972
70971
70969
70967
70966
70964
70962
70960
70959
70957
70956
70954
70952
70949
70945
70942
70938
70934
70929
70927
70924
70923
70921
70919
70918
70916
70914
70912
70911
70909
70907
70906
70904
70902
70901
70899
70897
70896
70894
70892
70891
70888
70886
70883
70881
70879
70878
70876
70874
70872
70871
70869
70867
70866
70864
70862
70861
70859
70857
70856
70854
70852
70851
70849
70846
70844
70842
70841
70839
70837
70836
70834
70832
70831
70809
70807
70805
70803
70801
70799
70798
70795
70793
70791
70789
70788
70786
70784
70782
70781
70779
70777
70776
70774
70772
70771
70769
70767
70766
70764
70762
70761
70758
70756
70753
70752
70750
70748
70746
70744
70743
70741
70739
70738
70736
70734
70731
70730
70728
70726
70725
70723
70721
70720
70718
70716
70715
70713
70711
70710
70708
70706
70704
70702
70701
70699
70697
70696
70694
70692
70690
70689
70687
70685
70684
70682
70680
70679
70677
70675
70674
70672
70670
70669
70667
70665
70663
70662
70660
70658
70657
70655
70653
70651
70650
70648
70646
70644
70643
70641
70639
70638
70636
70634
70632
70631
70629
70627
70626
70624
70622
70620
70619
70617
70615
70614
70612
70610
70608
70607
70605
70603
70602
70600
70598
70596
70594
70592
70591
70589
70587
70586
70584
70582
70580
70575
70571
70568
70564
70561
70557
70555
70553
70551
70549
70548
70546
70544
70543
70541
70539
70537
70536
70534
70532
70531
70529
70526
70524
70521
70519
70518
70516
70514
70513
70511
70509
70507
70506
70504
70502
70501
70499
70497
70495
70494
70492
70490
70488
70487
70484
70482
70480
70478
70476
70475
70473
70471
70470
70468
70466
70465
70463
70461
70460
70458
70456
70453
70452
70450
70448
70446
70445
70443
70441
70440
70437
70436
70434
70432
70430
70428
70426
70424
70423
70421
70406
70404
70401
70399
70396
70394
70393
70391
70389
70388
70386
70384
70383
70380
70378
70376
70374
70373
70371
70369
70367
70366
70364
70362
70361
70358
70356
70354
70353
70351
70349
70347
70346
70344
70342
70341
70339
70337
70336
70334
70332
70330
70329
70327
70325
70324
70322
70320
70318
70316
70314
70312
70311
70309
70307
70306
70304
70302
70300
70299
70297
70295
70294
70292
70290
70288
70287
70285
70283
70282
70280
70278
70276
70275
70273
70271
70270
70268
70265
70263
70261
70259
70258
70256
70254
70253
70251
70249
70248
70246
70245
70243
70241
70240
70238
70236
70234
70232
70230
70229
70227
70225
70224
70222
70220
70218
70217
70215
70213
70212
70210
70206
70203
70199
70196
70191
70187
70186
70184
70182
70180
70179
70177
70175
70174
70172
70170
70167
70166
70163
70161
70159
70157
70155
70154
70152
70150
70149
70147
70145
70143
70141
70140
70138
70136
70135
70133
70131
70130
70128
70125
70123
70121
70120
70118
70116
70115
70113
70111
70110
70108
70106
70104
70102
70100
70099
70097
70094
70092
70091
70089
70087
70085
70084
70082
70079
70077
70075
70074
70072
70070
70069
70067
70065
70064
70062
70060
70058
70055
70053
70050
70048
70047
70045
70043
70042
70038
70037
70035
70033
70032
70030
70028
70026
70024
70023
70021
70019
70018
70016
70014
70011
70009
70006
70005
70003
70001
69999
69998
69996
69994
69993
69991
69989
69988
69986
69984
69982
69981
69979
69977
69976
69974
69972
69971
69969
69967
69965
69964
69962
69960
69959
69957
69955
69954
69952
69950
69948
69947
69945
69943
69942
69940
69938
69936
69935
69933
69931
69929
69928
69926
69924
69923
69921
69919
69918
69916
69914
69913
69911
69909
69907
69906
69904
69902
69900
69899
69897
69895
69893
69892
69890
69888
69887
69885
69883
69882
69880
69878
69877
69875
69873
69871
69870
69868
69866
69865
69863
69861
69860
69858
69856
69854
69851
69847
69844
69840
69837
69833
69832
69830
69828
69827
69824
69822
69819
69817
69815
69813
69812
69810
69808
69807
69805
69803
69801
69800
69798
69796
69794
69793
69791
69789
69787
69786
69784
69781
69779
69777
69776
69774
69772
69771
69769
69767
69766
69764
69762
69761
69759
69757
69756
69754
69751
69749
69747
69746
69744
69742
69740
69738
69736
69735
69733
69731
69730
69728
69726
69724
69723
69721
69719
69718
69716
69713
69711
69708
69706
69704
69701
69700
69698
69696
69695
69693
69691
69690
69688
69686
69684
69683
69681
69679
69678
69676
69674
69672
69669
69667
69664
69663
69661
69659
69658
69656
69654
69652
69651
69649
69647
69645
69644
69642
69640
69639
69637
69635
69633
69632
69630
69628
69626
69625
69623
69621
69620
69618
69616
69615
69613
69611
69608
69606
69604
69603
69601
69599
69598
69596
69594
69592
69591
69589
69587
69586
69584
69582
69580
69579
69577
69575
69573
69572
69570
69568
69566
69565
69563
69561
69560
69558
69556
69555
69553
69551
69549
69548
69546
69544
69543
69541
69539
69538
69536
69534
69532
69530
69529
69527
69525
69520
69516
69513
69510
69507
69504
69445
69442
69440
69438
69436
69434
69433
69431
69429
69423
69400
69395
69389
69384
69380
69377
69375
69373
69372
69370
69368
69367
69365
69363
69362
69360
69358
69357
69355
69353
69352
69350
69348
69346
69345
69343
69340
69338
69336
69335
69333
69331
69330
69328
69326
69324
69323
69321
69319
69318
69316
69314
69313
69310
69308
69306
69305
69303
69301
69300
69298
69296
69295
69293
69291
69289
69288
69286
69284
69283
69281
69279
69277
69276
69273
69271
69266
69265
69263
69261
69259
69258
69256
69254
69252
69251
69249
69247
69246
69244
69242
69241
69239
69237
69235
69234
69232
69229
69227
69224
69222
69220
69219
69217
69215
69213
69212
69210
69208
69206
69205
69203
69201
69200
69198
69196
69195
69193
69191
69189
69188
69186
69184
69183
69181
69179
69177
69176
69174
69172
69170
69169
69167
69165
69163
69162
69160
69158
69157
69155
69153
69151
69150
69148
69146
69145
69143
69141
69139
69126
69124
69122
69120
69119
69117
69115
69114
69112
69110
69108
69107
69105
69103
69102
69100
69098
69096
69095
69093
69091
69090
69088
69086
69085
69083
69081
69079
69078
69076
69074
69073
69071
69069
69067
69066
69064
69062
69060
69059
69057
69055
69053
69052
69050
69048
69047
69045
69043
69042
69040
69038
69032
69028
69025
69021
69018
69015
69013
69011
69010
69008
69006
69005
69003
69001
68999
68997
68996
68994
68992
68991
68989
68986
68984
68982
68981
68979
68977
68976
68974
68972
68970
68969
68967
68965
68964
68962
68960
68959
68956
68954
68952
68950
68948
68946
68945
68943
68942
68940
68938
68937
68935
68933
68931
68930
68928
68926
68925
68923
68920
68917
68915
68912
68910
68909
68907
68905
68904
68902
68900
68899
68897
68895
68893
68892
68890
68888
68886
68885
68883
68881
68880
68878
68875
68873
68870
68868
68866
68865
68863
68861
68860
68858
68856
68855
68853
68851
68849
68847
68846
68844
68842
68840
68839
68837
68835
68832
68831
68829
68827
68826
68824
68822
68821
68819
68817
68815
68814
68812
68810
68808
68807
68805
68803
68802
68800
68798
68797
68795
68793
68791
68790
68788
68786
68784
68782
68781
68779
68777
68775
68773
68771
68769
68768
68766
68764
68762
68761
68759
68757
68756
68754
68752
68750
68749
68747
68745
68743
68741
68739
68738
68736
68734
68732
68731
68729
68727
68726
68724
68722
68721
68719
68717
68715
68714
68712
68710
68709
68707
68705
68703
68702
68700
68698
68697
68695
68693
68690
68688
68686
68685
68683
68681
68678
68674
68669
68665
68661
68658
68656
68655
68653
68651
68649
68647
68646
68644
68642
68639
68637
68636
68634
68632
68631
68629
68627
68625
68624
68622
68620
68618
68617
68615
68614
68612
68609
68607
68605
68603
68602
68600
68599
68597
68595
68594
68592
68590
68588
68586
68585
68583
68581
68578
68576
68574
68572
68569
68567
68564
68563
68561
68559
68557
68556
68554
68552
68550
68547
68546
68544
68542
68541
68539
68537
68536
68534
68532
68531
68529
68526
68524
68521
68519
68518
68516
68514
68513
68511
68509
68508
68506
68504
68503
68501
68499
68497
68496
68494
68492
68491
68489
68487
68484
68483
68481
68479
68478
68476
68474
68472
68470
68469
68467
68465
68464
68462
68460
68459
68457
68455
68454
68452
68450
68449
68447
68445
68444
68442
68440
68438
68437
68435
68434
68432
68430
68429
68426
68424
68421
68407
68405
68403
68401
68400
68398
68396
68395
68393
68391
68390
68388
68386
68385
68383
68381
68380
68378
68376
68375
68373
68371
68370
68368
68366
68364
68363
68361
68359
68357
68356
68354
68352
68350
68349
68347
68345
68344
68342
68340
68338
68335
68333
68332
68330
68328
68327
68325
68323
68322
68320
68318
68316
68315
68313
68311
68308
68304
68301
68297
68294
68290
68288
68287
68285
68282
68280
68278
68277
68275
68273
68271
68270
68268
68266
68265
68263
68261
68260
68258
68256
68254
68251
68250
68248
68246
68245
68243
68241
68240
68238
68236
68235
68233
68231
68230
68227
68225
68223
68222
68220
68218
68216
68214
68212
68209
68207
68205
68203
68201
68200
68198
68196
68194
68193
68191
68189
68188
68186
68184
68183
68181
68179
68178
68176
68174
68171
68169
68166
68165
68163
68161
68159
68158
68156
68154
68153
68151
68149
68148
68146
68144
68142
68140
68139
68137
68135
68134
68132
68129
68127
68126
68124
68122
68121
68119
68117
68115
68114
68112
68111
68109
68107
68105
68104
68102
68100
68099
68097
68095
68094
68092
68090
68089
68087
68085
68084
68082
68080
68079
68077
68075
68074
68072
68069
68067
68065
68064
68062
68060
68058
68057
68055
68053
68052
68050
68049
68047
68045
68043
68041
68039
68038
68036
68034
68033
68031
68029
68028
68026
68024
68023
68021
68019
68017
68016
68014
68012
68010
68009
68007
68006
68004
68002
67999
67997
67995
67994
67992
67990
67989
67987
67985
67984
67982
67980
67979
67977
67975
67973
67972
67970
67968
67966
67964
67963
67961
67959
67956
67950
67946
67941
67938
67935
67933
67931
67929
67927
67926
67924
67922
67921
67919
67917
67915
67914
67912
67910
67907
67906
67904
67902
67900
67899
67897
67895
67894
67892
67890
67887
67886
67884
67882
67881
67879
67877
67875
67874
67872
67869
67867
67864
67863
67861
67859
67858
67856
67854
67852
67851
67849
67848
67846
67844
67843
67841
67839
67838
67836
67834
67832
67830
67827
67825
67822
67820
67819
67817
67815
67814
67812
67810
67808
67807
67805
67803
67802
67800
67798
67796
67795
67793
67791
67789
67788
67785
67783
67781
67780
67778
67776
67774
67773
67771
67769
67767
67766
67764
67763
67761
67759
67757
67756
67754
67752
67751
67749
67747
67745
67744
67742
67740
67739
67737
67735
67734
67732
67730
67728
67726
67724
67723
67721
67719
67718
67716
67714
67713
67711
67709
67708
67706
67704
67703
67701
67699
67697
67696
67694
67692
67691
67689
67687
67686
67684
67682
67681
67679
67677
67675
67673
67671
67670
67668
67666
67665
67663
67660
67658
67656
67655
67653
67651
67650
67648
67646
67645
67643
67641
67640
67638
67636
67634
67633
67631
67629
67627
67625
67624
67622
67620
67619
67617
67615
67614
67612
67610
67609
67607
67605
67600
67597
67594
67591
67587
67584
67582
67580
67579
67577
67575
67574
67572
67570
67567
67565
67563
67562
67560
67558
67557
67555
67552
67550
67548
67546
67545
67543
67541
67540
67538
67536
67535
67533
67531
67528
67526
67523
67521
67519
67518
67516
67514
67512
67510
67509
67507
67505
67504
67502
67500
67499
67497
67495
67494
67492
67490
67489
67486
67484
67481
67479
67478
67476
67474
67473
67471
67469
67467
67466
67464
67462
67460
67459
67457
67455
67454
67452
67450
67449
67447
67444
67442
67440
67439
67437
67431
67428
67425
67422
67245
67237
67235
67234
67232
67230
67228
67226
67225
67223
67221
67219
67218
67216
67211
67209
67207
67206
67204
67202
67201
67199
67197
67195
67194
67192
67190
67189
67187
67185
67183
67182
67180
67178
67177
67175
67173
67172
67170
67168
67166
67164
67163
67161
67160
67158
67156
67154
67153
67151
67149
67148
67146
67144
67143
67141
67139
67138
67136
67135
67131
67130
67128
67126
67124
67123
67121
67119
67117
67116
67114
67112
67110
67108
67107
67105
67103
67101
67099
67097
67096
67094
67092
67090
67088
67087
67085
67083
67082
67080
67078
67076
67075
67073
67071
67070
67068
67066
67065
67063
67061
67059
67056
67049
67046
67043
67039
67034
67032
67030
67027
67025
67023
67021
67020
67017
67015
67013
67012
67010
67008
67007
67005
67003
67001
66999
66998
66996
66994
66993
66991
66988
66986
66983
66981
66979
66978
66976
66974
66973
66971
66969
66968
66966
66964
66963
66961
66959
66957
66956
66954
66952
66950
66948
66945
66944
66941
66939
66937
66935
66934
66932
66930
66929
66927
66925
66922
66920
66918
66916
66915
66913
66911
66910
66908
66906
66904
66901
66899
66897
66895
66893
66892
66890
66888
66887
66885
66883
66882
66880
66878
66877
66875
66873
66871
66870
66868
66866
66865
66863
66860
66858
66857
66855
66853
66851
66850
66848
66846
66844
66843
66841
66839
66838
66836
66834
66832
66831
66809
66806
66804
66803
66801
66799
66798
66796
66794
66793
66791
66789
66788
66786
66784
66782
66781
66779
66777
66775
66774
66772
66770
66768
66767
66763
66762
66760
66758
66757
66755
66753
66752
66750
66748
66747
66745
66743
66742
66740
66738
66737
66735
66733
66731
66730
66728
66726
66725
66723
66721
66719
66718
66716
66714
66713
66711
66709
66708
66706
66704
66702
66701
66699
66697
66696
66694
66692
66691
66689
66687
66686
66684
66682
66681
66679
66675
66672
66667
66664
66661
66657
66655
66654
66652
66650
66649
66647
66645
66643
66642
66640
66638
66637
66635
66633
66632
66630
66628
66625
66624
66621
66619
66617
66615
66613
66612
66610
66608
66606
66605
66603
66601
66599
66598
66596
66594
66593
66591
66589
66588
66586
66583
66581
66578
66577
66575
66573
66571
66570
66568
66567
66565
66563
66561
66559
66558
66556
66554
66552
66551
66549
66547
66546
66544
66541
66539
66538
66536
66534
66532
66531
66529
66527
66526
66524
66522
66521
66519
66517
66516
66514
66512
66510
66508
66507
66505
66503
66500
66499
66497
66495
66493
66492
66490
66488
66487
66485
66483
66482
66480
66478
66476
66473
66472
66470
66468
66467
66465
66463
66461
66460
66457
66455
66453
66451
66450
66448
66446
66444
66443
66441
66439
66438
66435
66433
66431
66429
66426
66424
66423
66421
66397
66394
66391
66389
66386
66384
66381
66379
66377
66374
66372
66370
66368
66367
66365
66363
66362
66360
66358
66357
66355
66353
66352
66350
66348
66347
66345
66343
66342
66340
66338
66337
66335
66333
66331
66330
66328
66326
66325
66323
66321
66320
66318
66316
66315
66313
66311
66310
66308
66306
66305
66300
66299
66297
66295
66294
66289
66284
66281
66277
66273
66270
66268
66266
66265
66263
66261
66259
66258
66256
66254
66253
66251
66248
66246
66243
66242
66240
66238
66236
66235
66233
66232
66230
66228
66226
66225
66223
66222
66220
66218
66216
66215
66213
66211
66210
66207
66205
66202
66200
66198
66197
66195
66193
66192
66190
66188
66187
66185
66183
66182
66180
66178
66176
66175
66173
66171
66170
66168
66165
66163
66162
66160
66158
66157
66155
66153
66152
66150
66148
66147
66145
66143
66142
66140
66138
66137
66135
66133
66131
66130
66128
66125
66123
66122
66120
66118
66117
66115
66113
66112
66110
66108
66106
66105
66103
66101
66098
66097
66095
66093
66092
66090
66088
66086
66085
66083
66082
66080
66078
66076
66075
66073
66072
66070
66068
66066
66065
66063
66060
66058
66057
66055
66053
66052
66050
66048
66047
66045
66043
66042
66040
66038
66037
66035
66033
66032
66030
66028
66026
66025
66023
66021
66020
66018
66016
66015
66013
66011
66010
66008
66006
66004
66003
66001
65999
65997
65996
65994
65992
65991
65989
65987
65986
65984
65982
65981
65979
65977
65976
65974
65972
65970
65969
65967
65965
65964
65962
65960
65958
65957
65955
65953
65952
65950
65948
65946
65945
65938
65934
65931
65927
65924
65921
65919
65917
65915
65913
65911
65908
65906
65903
65901
65900
65898
65896
65895
65893
65891
65890
65888
65886
65885
65883
65881
65879
65878
65876
65874
65873
65871
65869
65866
65865
65862
65860
65858
65857
65855
65853
65852
65850
65848
65846
65845
65843
65841
65840
65838
65836
65835
65833
65832
65830
65828
65825
65823
65822
65820
65818
65816
65815
65813
65811
65809
65808
65806
65804
65803
65801
65799
65797
65796
65794
65792
65791
65789
65787
65712
65709
65707
65706
65704
65702
65701
65699
65697
65696
65694
65692
65691
65689
65687
65684
65682
65679
65676
65674
65672
65670
65669
65667
65665
65664
65662
65660
65659
65657
65655
65654
65652
65650
65647
65645
65643
65642
65640
65638
65637
65635
65633
65632
65630
65628
65626
65624
65623
65621
65619
65617
65616
65614
65612
65611
65609
65607
65605
65604
65602
65600
65598
65597
65595
65593
65592
65590
65588
65586
65585
65583
65581
65580
65578
65576
65574
65573
65571
65569
65567
65566
65564
65562
65561
65559
65557
65556
65554
65552
65551
65549
65547
65545
65544
65542
65540
65539
65537
65535
65534
65532
65530
65528
65527
65525
65523
65522
65520
65518
65517
65515
65509
65506
65502
65499
65495
65491
65489
65486
65484
65482
65481
65479
65477
65476
65474
65472
65471
65469
65467
65466
65464
65462
65460
65459
65457
65455
65454
65452
65449
65447
65444
65442
65441
65439
65437
65436
65434
65432
65431
65429
65427
65426
65424
65422
65406
65404
65403
65401
65399
65398
65396
65392
65391
65389
65387
65386
65384
65382
65380
65379
65377
65375
65373
65372
65368
65367
65365
65364
65362
65360
65359
65357
65355
65354
65351
65349
65347
65345
65343
65342
65340
65338
65337
65335
65333
65332
65330
65328
65327
65324
65322
65319
65317
65316
65314
65312
65310
65308
65307
65305
65303
65302
65300
65298
65297
65293
65292
65290
65288
65286
65285
65283
65281
65280
65278
65276
65275
65273
65271
65269
65268
65266
65264
65263
65261
65259
65258
65256
65254
65252
65251
65249
65248
65246
65244
65242
65241
65239
65237
65235
65233
65231
65229
65228
65226
65224
65223
65221
65219
65217
65215
65214
65212
65210
65208
65207
65205
65203
65202
65200
65198
65197
65195
65193
65191
65190
65188
65186
65184
65183
65181
65179
65178
65176
65174
65173
65171
65169
65168
65166
65164
65163
65161
65159
65158
65156
65154
65153
65151
65149
65147
65146
65142
65136
65133
65129
65126
65122
65120
65119
65117
65115
65113
65112
65110
65108
65106
65105
65103
65101
65100
65098
65096
65095
65092
65090
65087
65085
65083
65082
65080
65078
65077
65075
65073
65071
65070
65068
65066
65064
65063
65061
65059
65058
65056
65054
65053
65050
65048
65046
65044
65043
65041
65039
65038
65036
65034
65033
65031
65029
65028
65026
65024
65022
65021
65019
65017
65016
65014
65012
65009
65007
65006
65004
65002
65001
64999
64997
64996
64994
64992
64991
64989
64987
64986
64983
64981
64977
64975
64974
64972
64970
64969
64967
64965
64964
64962
64960
64957
64955
64953
64952
64950
64948
64947
64945
64943
64942
64939
64937
64935
64934
64932
64930
64929
64927
64925
64923
64921
64920
64918
64916
64915
64913
64911
64910
64908
64906
64904
64903
64898
64897
64895
64893
64892
64890
64888
64887
64885
64883
64881
64880
64878
64876
64874
64872
64871
64869
64867
64866
64864
64862
64860
64859
64857
64855
64854
64852
64850
64849
64847
64845
64843
64842
64840
64838
64837
64835
64833
64832
64830
64828
64826
64824
64822
64821
64819
64817
64816
64814
64812
64811
64809
64807
64805
64804
64802
64800
64799
64797
64795
64793
64792
64790
64786
64783
64780
64776
64773
64769
64767
64766
64763
64762
64760
64758
64757
64755
64753
64751
64748
64746
64743
64741
64739
64738
64736
64734
64733
64731
64729
64727
64726
64724
64722
64721
64719
64717
64715
64714
64712
64710
64708
64705
64704
64702
64700
64699
64697
64695
64694
64692
64690
64688
64687
64685
64683
64682
64680
64678
64677
64675
64673
64672
64670
64668
64665
64663
64661
64660
64658
64656
64654
64653
64651
64649
64648
64646
64644
64643
64641
64638
64636
64634
64632
64630
64628
64627
64625
64623
64622
64618
64617
64615
64613
64612
64610
64608
64606
64605
64603
64601
64600
64598
64595
64593
64590
64588
64586
64585
64583
64581
64580
64578
64576
64574
64573
64571
64569
64568
64566
64564
64562
64561
64559
64557
64556
64554
64552
64550
64549
64547
64545
64543
64542
64540
64538
64537
64535
64533
64532
64530
64528
64526
64525
64523
64521
64520
64518
64517
64515
64513
64512
64510
64508
64506
64504
64503
64501
64499
64497
64496
64494
64492
64491
64489
64487
64486
64484
64482
64481
64479
64477
64476
64474
64472
64471
64469
64467
64466
64464
64462
64460
64459
64457
64455
64453
64452
64450
64448
64447
64445
64444
64442
64436
64432
64425
64353
64346
64341
64337
64334
64332
64330
64329
64327
64324
64322
64319
64317
64315
64313
64312
64310
64308
64307
64305
64303
64302
64300
64298
64297
64295
64293
64291
64289
64287
64286
64284
64281
64279
64278
64276
64274
64273
64271
64269
64268
64266
64264
64262
64261
64259
64257
64256
64254
64252
64251
64249
64247
64246
64244
64240
64239
64237
64235
64234
64232
64230
64228
64227
64225
64223
64222
64220
64218
64217
64214
64212
64209
64207
64205
64204
64202
64199
64197
64195
64194
64192
64190
64189
64187
64185
64184
64182
64180
64178
64177
64175
64173
64170
64169
64164
64162
64161
64158
64157
64155
64153
64152
64150
64148
64147
64145
64143
64142
64140
64138
64137
64135
64133
64131
64130
64128
64126
64125
64123
64121
64119
64118
64116
64114
64113
64111
64109
64108
64106
64104
64102
64101
64099
64097
64096
64094
64092
64091
64089
64087
64086
64084
64082
64081
64079
64077
64076
64074
64072
64071
64069
64067
64066
64064
64062
64060
64059
64057
64055
64053
64052
64050
64048
64046
64045
64043
64041
64040
64038
64036
64034
64033
64031
64029
64028
64026
64024
64023
64021
64019
64018
64016
64014
64012
64011
64009
64007
64006
64004
64002
63999
63995
63991
63988
63984
63980
63977
63975
63973
63972
63970
63968
63966
63964
63963
63961
63959
63957
63956
63954
63952
63951
63949
63947
63946
63944
63942
63939
63937
63936
63934
63932
63930
63929
63927
63925
63924
63922
63920
63919
63900
63899
63897
63895
63893
63892
63890
63888
63887
63885
63881
63879
63878
63876
63874
63873
63871
63869
63867
63866
63864
63862
63861
63859
63856
63853
63851
63848
63846
63843
63841
63840
63838
63836
63835
63833
63831
63829
63828
63826
63824
63822
63820
63818
63817
63815
63813
63811
63808
63806
63803
63802
63800
63798
63797
63795
63793
63791
63790
63788
63786
63784
63783
63781
63779
63778
63776
63774
63772
63771
63769
63767
63765
63764
63762
63760
63759
63757
63755
63754
63752
63750
63748
63747
63745
63743
63742
63740
63738
63737
63735
63733
63731
63730
63728
63726
63724
63723
63721
63719
63717
63716
63714
63712
63711
63709
63707
63706
63704
63702
63701
63699
63697
63695
63694
63692
63690
63689
63687
63685
63683
63682
63680
63678
63676
63674
63672
63671
63669
63667
63666
63664
63662
63660
63659
63657
63655
63654
63652
63650
63649
63647
63645
63643
63642
63640
63638
63637
63635
63633
63632
63630
63625
63622
63618
63615
63610
63607
63605
63603
63601
63600
63598
63596
63595
63593
63591
63590
63588
63586
63584
63583
63581
63578
63576
63574
63572
63571
63569
63567
63565
63563
63562
63560
63558
63556
63555
63553
63551
63550
63548
63546
63544
63543
63541
63539
63536
63535
63533
63531
63530
63528
63526
63525
63523
63521
63519
63518
63516
63514
63512
63509
63506
63503
63501
63499
63498
63496
63494
63493
63491
63489
63487
63486
63484
63482
63480
63479
63477
63475
63474
63472
63470
63468
63465
63463
63461
63459
63457
63455
63453
63452
63450
63448
63447
63445
63443
63441
63440
63438
63436
63435
63433
63431
63430
63428
63426
63422
63399
63395
63393
63390
63388
63386
63383
63381
63378
63376
63374
63372
63370
63369
63367
63365
63364
63362
63360
63358
63357
63355
63352
63350
63348
63346
63345
63343
63341
63340
63338
63336
63335
63333
63331
63329
63327
63326
63324
63322
63321
63319
63317
63316
63314
63312
63310
63308
63307
63305
63303
63302
63300
63298
63297
63295
63293
63291
63290
63288
63286
63285
63283
63281
63280
63278
63276
63275
63273
63271
63269
63268
63266
63264
63263
63261
63259
63258
63256
63254
63253
63251
63248
63246
63244
63243
63239
63236
63233
63228
63225
63221
63219
63217
63215
63213
63212
63210
63208
63206
63204
63201
63199
63197
63196
63194
63192
63191
63189
63187
63185
63184
63182
63180
63179
63177
63175
63174
63172
63170
63169
63166
63165
63163
63160
63158
63157
63155
63153
63152
63150
63148
63147
63145
63143
63142
63140
63137
63135
63132
63131
63128
63126
63124
63122
63121
63119
63117
63116
63114
63112
63110
63109
63107
63105
63104
63102
63100
63098
63097
63095
63093
63090
63088
63085
63084
63082
63080
63079
63077
63075
63074
63072
63070
63069
63067
63065
63063
63062
63060
63058
63056
63055
63053
63052
63049
63047
63045
63043
63042
63040
63038
63037
63035
63033
63032
63030
63028
63027
63025
63023
63021
63020
63018
63017
63015
63012
63011
63009
63007
63006
63004
63002
63000
62999
62997
62995
62994
62992
62990
62989
62987
62985
62984
62982
62980
62979
62977
62975
62974
62972
62970
62969
62967
62965
62963
62962
62960
62958
62957
62955
62953
62952
62950
62948
62947
62945
62943
62941
62940
62938
62936
62935
62933
62931
62930
62928
62926
62925
62923
62921
62920
62918
62916
62914
62911
62909
62908
62906
62904
62903
62901
62899
62897
62896
62894
62893
62890
62886
62882
62879
62875
62872
62869
62867
62865
62863
62860
62859
62857
62855
62854
62852
62850
62848
62847
62845
62843
62841
62840
62838
62836
62835
62833
62831
62812
62809
62807
62806
62804
62801
62799
62797
62796
62794
62792
62791
62789
62787
62786
62781
62779
62777
62776
62774
62771
62769
62766
62765
62763
62761
62759
62758
62756
62754
62753
62751
62749
62747
62746
62744
62742
62741
62738
62736
62734
62732
62731
62728
62726
62722
62719
62718
62716
62714
62712
62711
62709
62707
62706
62704
62702
62701
62699
62697
62695
62694
62692
62690
62689
62687
62684
62682
62680
62678
62677
62675
62673
62672
62670
62668
62666
62665
62663
62661
62660
62658
62656
62654
62653
62651
62649
62648
62646
62644
62643
62641
62639
62638
62636
62634
62632
62631
62629
62627
62625
62623
62622
62620
62618
62617
62615
62613
62611
62610
62608
62606
62605
62603
62601
62600
62598
62596
62595
62593
62591
62590
62588
62586
62584
62582
62581
62579
62577
62576
62574
62572
62571
62569
62567
62565
62564
62562
62560
62559
62557
62555
62554
62551
62549
62547
62545
62544
62542
62540
62538
62537
62535
62533
62531
62530
62528
62526
62525
62523
62521
62519
62517
62515
62514
62510
62506
62503
62498
62495
62491
62489
62488
62486
62484
62483
62481
62479
62477
62476
62474
62472
62471
62469
62467
62466
62464
62462
62460
62458
62457
62453
62452
62450
62448
62447
62445
62443
62440
62438
62436
62435
62433
62431
62430
62428
62425
62423
62402
62400
62399
62397
62395
62394
62392
62390
62389
62387
62385
62384
62382
62380
62379
62377
62375
62373
62371
62370
62368
62363
62362
62359
62357
62355
62354
62352
62350
62348
62347
62345
62343
62342
62340
62338
62336
62334
62333
62331
62329
62328
62326
62324
62321
62319
62318
62316
62315
62313
62311
62310
62308
62306
62304
62302
62301
62299
62297
62296
62294
62292
62290
62289
62287
62285
62283
62282
62280
62278
62276
62275
62273
62271
62269
62267
62265
62264
62262
62260
62258
62257
62255
62253
62251
62250
62248
62246
62245
62243
62241
62239
62238
62236
62234
62233
62231
62229
62228
62226
62224
62223
62221
62219
62218
62216
62214
62212
62211
62209
62208
62206
62204
62202
62201
62199
62197
62195
62192
62190
62188
62186
62185
62183
62181
62180
62178
62177
62175
62173
62171
62170
62168
62166
62165
62163
62161
62160
62158
62156
62155
62153
62151
62149
62148
62146
62144
62142
62141
62137
62134
62130
62127
62124
62120
62119
62117
62115
62113
62112
62110
62108
62107
62105
62103
62102
62100
62098
62097
62094
62092
62090
62089
62085
62084
62082
62080
62078
62077
62075
62073
62071
62070
62068
62065
62063
62060
62058
62056
62055
62053
62051
62050
62048
62046
62045
62043
62041
62040
62038
62036
62035
62033
62031
62030
62027
62025
62022
62021
62018
62016
62014
62012
62011
62009
62007
62006
62004
62002
62001
61999
61997
61995
61994
61992
61990
61989
61987
61985
61983
61979
61977
61975
61974
61972
61970
61969
61967
61965
61963
61962
61960
61958
61956
61955
61953
61951
61950
61948
61946
61945
61943
61941
61938
61937
61935
61933
61932
61930
61928
61927
61925
61923
61921
61920
61918
61916
61915
61913
61911
61909
61908
61906
61904
61902
61901
61899
61896
61894
61893
61891
61889
61888
61886
61884
61882
61881
61879
61877
61876
61874
61872
61870
61869
61867
61865
61863
61862
61860
61858
61857
61853
61852
61850
61848
61847
61845
61843
61841
61840
61838
61836
61835
61833
61831
61830
61828
61826
61825
61823
61821
61819
61817
61816
61814
61812
61811
61809
61807
61805
61804
61802
61800
61799
61797
61795
61794
61792
61790
61789
61787
61783
61779
61775
61772
61769
61765
61763
61762
61760
61758
61756
61755
61753
61751
61748
61745
61743
61742
61740
61738
61736
61734
61733
61731
61729
61727
61726
61724
61722
61720
61718
61715
61713
61711
61710
61708
61706
61705
61703
61701
61700
61698
61696
61694
61692
61690
61689
61687
61685
61684
61682
61680
61677
61675
61672
61670
61669
61667
61665
61664
61662
61660
61658
61657
61655
61653
61652
61650
61648
61646
61645
61643
61641
61640
61638
61635
61633
61631
61630
61628
61626
61625
61623
61621
61620
61618
61616
61614
61613
61611
61609
61608
61606
61604
61602
61600
61598
61597
61594
61592
61590
61589
61587
61585
61584
61582
61580
61579
61577
61575
61573
61572
61570
61568
61567
61565
61563
61561
61560
61558
61556
61555
61553
61551
61550
61548
61546
61545
61543
61541
61539
61538
61536
61534
61533
61531
61529
61528
61526
61524
61523
61521
61518
61515
61513
61511
61510
61508
61506
61505
61503
61501
61499
61498
61496
61494
61493
61491
61489
61488
61486
61484
61482
61481
61479
61477
61476
61474
61472
61471
61469
61467
61466
61464
61462
61460
61459
61457
61455
61453
61451
61450
61448
61446
61444
61443
61441
61439
61438
61436
61434
61433
61428
61424
61421
61402
61398
61395
61392
61390
61387
61385
61383
61382
61380
61378
61377
61375
61373
61371
61370
61368
61366
61364
61363
61360
61358
61355
61353
61351
61350
61348
61346
61344
