217080
168608
166040
116620
113943
68585
68583
68582
68581
68580
68580
68579
68570
68569
68569
68569
68568
68568
68567
68565
68563
68563
68562
68562
68561
68561
68561
68561
68560
68560
68560
68557
68557
68555
68555
68555
68555
68554
68554
68554
68554
68553
68553
68553
68552
68552
68551
68550
68550
68550
68550
68549
68549
68549
68548
68548
68548
68548
68547
68546
68545
68545
68545
68545
68544
68544
68544
68544
68543
68543
68543
68542
68542
68542
68541
68541
68541
68541
68540
68540
68540
68540
68539
68539
68539
68539
68538
68538
68538
68538
68537
68537
68537
68537
68536
68536
68534
68534
68534
68534
68533
68533
68532
68532
68532
68532
68531
68531
68531
68531
68530
68530
68530
68529
68529
68529
68528
68528
68528
68527
68527
68527
68526
68526
68526
68526
68525
68525
68525
68525
68524
68524
68524
68524
68523
68523
68523
68523
68522
68522
68521
68521
68520
68520
68520
68519
68519
68517
68517
68517
68516
68516
68516
68515
68515
68515
68515
68514
68514
68514
68514
68513
68513
68513
68513
68512
68512
68512
68512
68511
68511
68511
68510
68510
68510
68510
68509
68509
68509
68508
68508
68508
68508
68507
68507
68507
68506
68506
68506
68505
68505
68505
68503
68502
68500
68499
68497
68495
68495
68494
68493
68492
68490
68490
68490
68490
68489
68489
68489
68489
68488
68488
68488
68488
68487
68487
68487
68487
68486
68486
68486
68484
68484
68482
68482
68482
68482
68481
68481
68481
68480
68480
68480
68480
68479
68479
68479
68479
68478
68478
68478
68478
68477
68477
68476
68475
68474
68473
68473
68473
68473
68472
68472
68472
68471
68471
68409
68373
68362
68357
68357
68355
68355
68354
68354
68354
68353
68353
68353
68352
68352
68352
68352
68351
68325
68324
68320
68315
68311
68306
68302
68301
68297
68293
68287
68283
68279
68278
68273
68254
68253
68253
68253
68252
68252
68252
68251
68251
68251
68250
68250
68250
68249
68249
68249
68248
68248
68248
68247
68247
68247
68246
68246
68246
68245
68245
68245
68244
68244
68244
68243
68243
68243
68242
68242
68241
68241
68241
68241
68240
68238
68238
68237
68237
68236
68236
68235
68235
68235
68235
68234
68233
68233
68233
68232
68232
68232
68231
68231
68231
68231
68230
68230
68230
68229
68229
68229
68228
68228
68228
68227
68227
68227
68226
68226
68226
68225
68225
68225
68225
68224
68224
68224
68223
68223
68223
68222
68222
68222
68221
68221
68221
68220
68220
68219
68219
68218
68218
68217
68217
68217
68216
68216
68216
68216
68215
68215
68214
68214
68214
68214
68213
68213
68213
68212
68212
68212
68212
68211
68211
68211
68211
68210
68210
68210
68209
68209
68209
68208
68208
68208
68207
68207
68207
68206
68206
68206
68206
68205
68205
68204
68204
68204
68203
68203
68203
68203
68202
68202
68202
68201
68201
68201
68200
68200
68200
68199
68199
68199
68199
68198
68198
68198
68197
68197
68197
68196
68196
68194
68194
68193
68193
68193
68193
68192
68192
68192
68191
68191
68191
68191
68190
68190
68189
68189
68189
68188
68188
68188
68188
68187
68187
68187
68186
68186
68186
68185
68185
68185
68184
68184
68184
68184
68183
68183
68183
68182
68182
68182
68181
68181
68181
68180
68180
68180
68179
68179
68179
68178
68178
68178
68177
68175
68174
68174
68174
68173
68173
68172
68172
68172
68171
68171
68171
68170
68170
68170
68169
68169
68169
68168
68168
68168
68167
68167
68167
68167
68166
68166
68166
68165
68165
68165
68164
68164
68164
68164
68163
68163
68162
68162
68162
68162
68161
68161
68161
68160
68160
68160
68159
68159
68159
68159
68158
68158
68157
68157
68157
68157
68156
68156
68155
68155
68155
68155
68154
68154
68154
68153
68153
68152
68152
68152
68151
68151
68150
68149
68148
68148
68147
68147
68147
68146
68146
68146
68145
68145
68145
68144
68144
68144
68143
68143
68143
68142
68142
68142
68141
68141
68141
68140
68140
68140
68139
68139
68139
68138
68138
68138
68137
68137
68137
68137
68136
68136
68136
68135
68135
68135
68135
68134
68134
68134
68133
68133
68133
68133
68132
68132
68132
68131
68131
68131
68130
68130
68130
68130
68129
68129
68129
68128
68128
68128
68127
68127
68127
68126
68126
68126
68126
68125
68125
68125
68124
68124
68124
68123
68123
68123
68122
68122
68122
68121
68121
68121
68121
68120
68120
68120
68119
68119
68118
68118
68118
68118
68117
68117
68116
68116
68116
68116
68115
68115
68115
68114
68114
68114
68113
68113
68113
68112
68112
68112
68111
68111
68111
68110
68110
68110
68109
68109
68109
68109
68108
68106
68106
68106
68105
68105
68104
68104
68104
68103
68103
68103
68103
68102
68102
68102
68101
68101
68101
68100
68100
68100
68099
68099
68099
68099
68098
68098
68097
68097
68097
68096
68096
68096
68096
68095
68095
68095
68094
68094
68094
68093
68093
68093
68092
68092
68092
68091
68091
68091
68090
68090
68090
68089
68089
68087
68087
68086
68086
68086
68085
68085
68085
68084
68084
68084
68083
68083
68083
68082
68082
68082
68082
68081
68081
68080
68080
68080
68080
68079
68079
68078
68078
68078
68077
68077
68077
68076
68076
68076
68075
68075
68075
68075
68074
68074
68074
68073
68073
68073
68072
68072
68072
68071
68071
68071
68070
68070
68070
68070
68069
68069
68069
68068
68068
68068
68067
68067
68067
68066
68066
68066
68065
68065
68065
68064
68064
68063
68063
68061
68060
68060
68060
68059
68059
68059
68058
68058
68057
68057
68057
68057
68056
68056
68056
68055
68055
68054
68054
68054
68053
68053
68053
68052
68052
68052
68052
68051
68051
68051
68050
68050
68049
68049
68049
68049
68048
68048
68048
68047
68047
68047
68046
68046
68046
68045
68045
68045
68044
68044
68044
68043
68043
68043
68042
68042
68042
68042
68041
68041
68041
68040
68040
68040
68039
68039
68039
68038
68038
68038
68038
68037
68037
68037
68036
68036
68036
68035
68035
68035
68035
68034
68034
68034
68033
68033
68033
68032
68032
68032
68031
68031
68031
68030
68030
68030
68029
68029
68029
68029
68028
68028
68028
68027
68027
68027
68026
68026
68026
68025
68025
68025
68025
68024
68024
68023
68023
68023
68022
68022
68022
68021
68021
68021
68020
68020
68019
68018
68017
68017
68017
68016
68016
68015
68015
68015
68014
68014
68014
68013
68013
68013
68012
68012
68012
68011
68011
68011
68010
68010
68010
68010
68009
68009
68009
68008
68008
68008
68007
68007
68007
68006
68006
68006
68005
68005
68005
68005
68004
68004
68004
68003
68003
68003
68002
68002
68002
68001
68001
68001
68000
67999
67999
67998
67998
67997
67997
67997
67997
67996
67996
67996
67995
67995
67995
67994
67994
67994
67993
67993
67993
67992
67992
67992
67992
67991
67991
67991
67990
67990
67990
67989
67989
67989
67988
67988
67988
67987
67987
67987
67986
67986
67986
67985
67985
67985
67984
67984
67984
67984
67983
67983
67982
67982
67982
67982
67981
67981
67981
67980
67980
67980
67979
67979
67979
67978
67978
67978
67977
67977
67977
67976
67976
67976
67975
67973
67973
67973
67972
67972
67972
67971
67971
67971
67970
67970
67970
67970
67969
67969
67969
67968
67968
67968
67967
67967
67967
67967
67966
67966
67966
67965
67965
67965
67964
67964
67964
67963
67963
67963
67962
67962
67962
67962
67961
67961
67961
67960
67960
67960
67959
67959
67959
67959
67958
67958
67958
67957
67957
67957
67956
67956
67956
67955
67955
67955
67954
67954
67954
67953
67953
67953
67952
67952
67952
67952
67951
67951
67951
67950
67950
67949
67949
67949
67948
67948
67948
67947
67947
67947
67947
67946
67946
67946
67945
67945
67945
67944
67944
67944
67943
67943
67943
67942
67942
67942
67941
67941
67941
67941
67940
67940
67940
67939
67939
67939
67938
67938
67938
67937
67937
67937
67937
67936
67936
67936
67935
67935
67935
67934
67934
67934
67923
67921
67921
67920
67920
67919
67919
67919
67919
67918
67918
67918
67917
67917
67917
67916
67916
67916
67915
67915
67915
67915
67914
67914
67913
67913
67913
67913
67912
67912
67912
67911
67911
67911
67911
67910
67910
67910
67909
67909
67909
67908
67908
67907
67907
67907
67907
67906
67906
67906
67905
67905
67905
67904
67904
67902
67902
67901
67901
67900
67900
67900
67900
67899
67899
67899
67898
67898
67898
67897
67897
67897
67896
67896
67896
67895
67895
67895
67894
67894
67894
67893
67893
67893
67892
67892
67892
67891
67891
67891
67890
67890
67890
67889
67889
67889
67889
67888
67888
67888
67887
67887
67887
67886
67886
67886
67885
67885
67885
67884
67884
67884
67883
67883
67883
67882
67882
67882
67881
67881
67881
67880
67880
67880
67879
67879
67879
67878
67878
67876
67876
67875
67875
67875
67875
67874
67874
67874
67873
67873
67873
67872
67872
67872
67871
67871
67871
67871
67870
67870
67870
67869
67869
67869
67868
67868
67868
67868
67867
67867
67867
67866
67866
67866
67865
67865
67865
67864
67864
67864
67863
67863
67863
67863
67862
67862
67862
67861
67861
67861
67860
67860
67860
67859
67859
67859
67858
67858
67858
67857
67857
67857
67856
67856
67856
67856
67855
67855
67855
67854
67854
67854
67853
67853
67853
67852
67852
67852
67851
67851
67851
67850
67850
67850
67849
67849
67849
67849
67848
67848
67848
67847
67847
67847
67846
67846
67846
67845
67845
67845
67844
67844
67844
67844
67843
67843
67843
67842
67842
67842
67841
67841
67841
67840
67840
67840
67840
67839
67839
67839
67838
67838
67838
67837
67837
67837
67836
67834
67834
67834
67833
67833
67833
67832
67832
67832
67831
67831
67831
67831
67830
67830
67830
67829
67829
67829
67828
67828
67828
67828
67827
67827
67826
67826
67826
67825
67825
67825
67824
67824
67824
67823
67823
67823
67823
67822
67822
67822
67821
67821
67821
67821
67820
67820
67820
67819
67819
67819
67818
67818
67818
67816
67816
67815
67813
67811
67811
67810
67808
67808
67807
67807
67807
67806
67806
67806
67806
67805
67805
67805
67804
67804
67804
67802
67802
67802
67801
67801
67800
67800
67800
67800
67799
67799
67798
67798
67798
67798
67797
67797
67797
67796
67796
67796
67795
67795
67795
67794
67794
67794
67793
67793
67793
67792
67792
67792
67791
67791
67791
67790
67790
67790
67789
67789
67789
67788
67788
67788
67787
67787
67787
67786
67786
67786
67785
67785
67785
67784
67784
67784
67783
67783
67783
67783
67782
67782
67782
67781
67781
67781
67780
67780
67780
67779
67779
67779
67779
67778
67778
67778
67777
67777
67777
67776
67776
67776
67775
67775
67775
67775
67774
67774
67774
67773
67773
67773
67772
67772
67772
67771
67771
67771
67770
67770
67770
67769
67769
67769
67768
67768
67768
67768
67767
67767
67767
67766
67764
67764
67764
67764
67763
67763
67763
67762
67762
67762
67761
67761
67761
67760
67760
67760
67759
67759
67759
67759
67758
67758
67758
67757
67757
67757
67756
67756
67756
67756
67755
67755
67755
67754
67754
67754
67753
67753
67753
67752
67752
67752
67751
67751
67751
67750
67750
67750
67750
67749
67749
67749
67748
67748
67748
67747
67747
67745
67745
67743
67743
67741
67740
67739
67739
67738
67738
67738
67737
67737
67737
67737
67736
67736
67736
67736
67735
67734
67734
67733
67733
67733
67732
67732
67732
67731
67731
67731
67731
67730
67730
67730
67729
67729
67729
67728
67728
67728
67728
67726
67726
67725
67722
67722
67722
67721
67721
67720
67720
67720
67719
67719
67719
67719
67718
67718
67718
67717
67717
67717
67717
67715
67715
67714
67714
67714
67714
67713
67713
67713
67713
67712
67712
67712
67711
67711
67711
67711
67710
67710
67710
67709
67709
67709
67709
67708
67707
67706
67706
67706
67705
67705
67705
67704
67704
67702
67702
67702
67701
67701
67701
67700
67700
67700
67700
67699
67699
67699
67699
67698
67698
67698
67697
67697
67697
67697
67696
67696
67695
67695
67695
67695
67694
67694
67694
67693
67693
67693
67693
67692
67692
67692
67692
67691
67691
67691
67690
67690
67690
67690
67689
67689
67689
67688
67688
67688
67688
67687
67687
67687
67686
67686
67686
67685
67685
67685
67685
67684
67684
67684
67683
67683
67683
67683
67682
67682
67682
67681
67681
67681
67681
67680
67680
67680
67679
67679
67679
67679
67678
67678
67678
67677
67677
67677
67677
67676
67676
67676
67675
67675
67672
67671
67670
67670
67670
67669
67669
67669
67669
67668
67668
67668
67668
67667
67667
67666
67666
67666
67664
67664
67663
67663
67663
67663
67662
67662
67662
67661
67661
67661
67661
67660
67660
67660
67660
67659
67659
67659
67658
67658
67658
67658
67657
67657
67657
67656
67656
67656
67656
67655
67655
67655
67654
67654
67654
67653
67653
67653
67653
67652
67652
67652
67651
67651
67651
67650
67650
67650
67650
67649
67649
67649
67648
67648
67648
67648
67647
67647
67647
67646
67646
67646
67645
67645
67645
67643
67643
67643
67642
67642
67642
67641
67641
67641
67639
67639
67639
67638
67638
67638
67637
67637
67637
67636
67636
67636
67635
67635
67635
67635
67634
67634
67634
67633
67633
67633
67632
67632
67632
67631
67631
67631
67631
67630
67630
67630
67629
67628
67628
67627
67627
67627
67626
67626
67626
67626
67625
67625
67625
67624
67624
67624
67623
67623
67623
67623
67622
67622
67622
67621
67621
67621
67621
67620
67620
67620
67619
67619
67619
67618
67618
67618
67618
67617
67617
67617
67616
67616
67616
67616
67615
67615
67615
67614
67614
67614
67614
67613
67613
67613
67612
67612
67612
67611
67611
67611
67611
67610
67610
67610
67609
67609
67607
67606
67604
67603
67602
67602
67602
67601
67601
67601
67601
67600
67600
67600
67599
67599
67599
67599
67597
67597
67597
67596
67596
67596
67594
67594
67593
67593
67593
67592
67592
67592
67591
67591
67591
67590
67590
67590
67589
67588
67587
67587
67587
67586
67586
67586
67585
67585
67585
67584
67584
67584
67584
67583
67583
67583
67581
67581
67581
67580
67580
67580
67579
67579
67579
67578
67578
67578
67577
67577
67577
67577
67576
67576
67576
67575
67575
67575
67574
67573
67572
67572
67572
67571
67571
67571
67570
67570
67570
67569
67569
67569
67569
67568
67568
67568
67567
67567
67567
67566
67566
67566
67564
67564
67563
67563
67563
67562
67562
67562
67561
67561
67561
67561
67560
67560
67560
67559
67559
67559
67558
67558
67558
67558
67557
67557
67557
67556
67556
67556
67555
67555
67555
67554
67554
67554
67554
67553
67553
67553
67552
67552
67552
67551
67551
67551
67550
67550
67550
67549
67549
67549
67549
67548
67548
67548
67547
67547
67547
67546
67546
67546
67546
67545
67545
67545
67544
67544
67544
67544
67543
67543
67543
67542
67542
67542
67541
67541
67541
67540
67540
67540
67539
67539
67539
67539
67538
67538
67538
67537
67537
67535
67533
67532
67532
67530
67529
67528
67528
67527
67527
67527
67527
67526
67526
67526
67525
67525
67525
67525
67524
67524
67524
67523
67523
67523
67522
67522
67522
67522
67521
67521
67521
67521
67520
67520
67520
67518
67518
67518
67517
67517
67515
67515
67514
67514
67514
67514
67513
67513
67513
67513
67512
67512
67512
67511
67511
67511
67510
67510
67510
67509
67509
67509
67509
67507
67507
67506
67506
67506
67505
67505
67505
67504
67504
67504
67504
67503
67503
67502
67501
67501
67500
67500
67500
67499
67499
67499
67498
67498
67498
67498
67497
67497
67497
67496
67496
67496
67495
67495
67495
67495
67494
67494
67494
67493
67493
67478
67477
67477
67477
67477
67476
67476
67476
67475
67475
67475
67474
67474
67474
67473
67473
67473
67473
67472
67471
67471
67471
67471
67470
67470
67470
67469
67469
67469
67468
67468
67468
67467
67467
67467
67467
67466
67466
67466
67465
67465
67465
67464
67464
67464
67464
67463
67463
67463
67462
67462
67462
67461
67461
67461
67460
67460
67460
67460
67459
67459
67459
67458
67458
67458
67458
67457
67457
67457
67456
67456
67456
67455
67455
67455
67455
67454
67454
67454
67453
67453
67453
67452
67452
67452
67451
67451
67450
67450
67450
67449
67449
67449
67448
67448
67448
67447
67447
67447
67446
67446
67446
67445
67445
67445
67445
67444
67444
67444
67443
67443
67443
67442
67442
67442
67441
67441
67441
67440
67440
67440
67440
67439
67439
67439
67438
67438
67438
67437
67437
67437
67437
67436
67436
67436
67435
67435
67435
67435
67434
67434
67433
67433
67433
67433
67432
67432
67432
67431
67431
67408
67408
67407
67407
67407
67406
67406
67405
67405
67404
67404
67404
67403
67403
67403
67402
67402
67402
67401
67401
67401
67400
67400
67400
67399
67399
67399
67398
67398
67398
67397
67397
67396
67396
67396
67396
67395
67395
67394
67394
67394
67393
67393
67393
67392
67392
67392
67391
67391
67391
67390
67390
67389
67389
67389
67388
67388
67388
67387
67387
67387
67386
67386
67386
67385
67385
67385
67384
67384
67384
67384
67383
67383
67383
67382
67382
67382
67381
67381
67381
67381
67380
67380
67380
67379
67379
67379
67379
67378
67378
67378
67377
67377
67377
67376
67376
67376
67376
67375
67375
67375
67374
67374
67374
67373
67373
67373
67373
67372
67372
67372
67371
67371
67371
67371
67370
67370
67370
67369
67369
67369
67368
67368
67368
67368
67367
67367
67367
67366
67366
67365
67365
67365
67364
67364
67364
67363
67363
67363
67362
67362
67362
67361
67361
67361
67361
67360
67360
67360
67359
67359
67359
67358
67358
67358
67357
67357
67357
67356
67356
67355
67355
67355
67354
67354
67354
67354
67353
67353
67353
67352
67352
67352
67351
67351
67351
67350
67350
67350
67350
67349
67349
67348
67347
67346
67346
67346
67345
67345
67345
67345
67344
67344
67344
67343
67343
67343
67342
67342
67342
67341
67341
67341
67340
67340
67340
67340
67339
67339
67339
67338
67338
67338
67337
67337
67337
67337
67336
67336
67336
67335
67335
67335
67334
67334
67334
67334
67333
67333
67333
67332
67332
67332
67331
67331
67331
67331
67330
67330
67330
67329
67329
67329
67328
67328
67328
67327
67327
67327
67326
67326
67326
67325
67325
67325
67324
67323
67323
67322
67322
67322
67321
67321
67321
67321
67320
67320
67320
67319
67319
67319
67318
67318
67318
67318
67317
67317
67317
67317
67316
67316
67316
67315
67315
67314
67314
67314
67314
67313
67313
67313
67312
67312
67312
67312
67311
67311
67311
67310
67310
67310
67310
67309
67309
67309
67308
67308
67308
67307
67307
67306
67303
67303
67303
67302
67302
67302
67301
67301
67301
67299
67299
67297
67296
67296
67295
67295
67294
67294
67294
67294
67293
67293
67293
67292
67292
67292
67292
67290
67290
67289
67289
67289
67289
67288
67288
67288
67287
67287
67287
67287
67286
67286
67285
67284
67284
67284
67283
67283
67283
67283
67282
67282
67281
67281
67281
67281
67280
67280
67280
67279
67279
67279
67279
67278
67278
67276
67276
67275
67275
67275
67274
67274
67274
67273
67273
67273
67273
67272
67272
67272
67271
67271
67271
67270
67270
67270
67270
67268
67268
67267
67267
67267
67267
67266
67266
67266
67265
67265
67265
67265
67264
67264
67264
67263
67263
67263
67262
67262
67262
67262
67261
67261
67260
67260
67260
67260
67259
67259
67259
67258
67258
67258
67258
67257
67257
67257
67256
67256
67256
67256
67255
67255
67255
67254
67254
67254
67253
67253
67253
67253
67252
67252
67252
67251
67251
67251
67251
67250
67250
67250
67249
67249
67249
67248
67248
67248
67248
67247
67247
67247
67246
67246
67246
67245
67245
67245
67244
67244
67244
67244
67243
67243
67243
67242
67242
67242
67241
67241
67241
67240
67240
67240
67240
67239
67239
67239
67238
67238
67238
67237
67237
67237
67237
67236
67236
67236
67235
67235
67235
67234
67234
67232
67231
67229
67227
67225
67224
67224
67224
67223
67223
67223
67222
67222
67222
67221
67221
67221
67221
67220
67220
67220
67219
67219
67219
67219
67218
67218
67217
67216
67216
67216
67215
67215
67215
67214
67214
67214
67214
67213
67213
67213
67212
67212
67212
67210
67210
67210
67209
67209
67209
67208
67208
67208
67208
67207
67207
67207
67206
67206
67205
67205
67204
67204
67204
67203
67203
67203
67201
67201
67200
67200
67200
67199
67199
67199
67199
67198
67198
67198
67197
67197
67197
67197
67196
67196
67196
67195
67195
67193
67193
67192
67192
67192
67191
67191
67190
67190
67190
67189
67189
67189
67189
67188
67188
67188
67187
67187
67187
67186
67186
67186
67185
67185
67185
67184
67184
67183
67183
67183
67183
67182
67182
67182
67181
67181
67181
67180
67180
67180
67180
67179
67179
67179
67178
67178
67178
67178
67177
67177
67177
67176
67176
67176
67175
67175
67175
67175
67174
67174
67174
67173
67173
67173
67172
67172
67172
67172
67171
67171
67171
67171
67170
67170
67170
67169
67169
67169
67168
67168
67168
67168
67167
67167
67167
67166
67166
67166
67165
67165
67165
67165
67164
67164
67164
67163
67163
67163
67162
67162
67162
67162
67161
67161
67161
67160
67159
67157
67157
67156
67156
67155
67155
67155
67154
67154
67154
67154
67153
67153
67153
67152
67152
67152
67151
67151
67151
67150
67150
67150
67149
67149
67149
67149
67148
67148
67148
67147
67147
67147
67146
67146
67146
67146
67145
67145
67145
67144
67144
67142
67142
67142
67141
67141
67141
67140
67140
67140
67139
67139
67138
67138
67138
67138
67137
67137
67135
67133
67133
67132
67132
67132
67131
67131
67131
67130
67130
67130
67129
67129
67129
67129
67128
67128
67128
67127
67127
67127
67126
67126
67126
67125
67125
67125
67124
67124
67123
67123
67123
67123
67122
67122
67122
67121
67121
67121
67120
67120
67120
67119
67119
67119
67119
67118
67118
67118
67117
67117
67117
67116
67116
67116
67115
67115
67115
67115
67114
67114
67114
67113
67113
67113
67112
67112
67112
67112
67111
67111
67111
67110
67110
67110
67109
67109
67109
67108
67108
67108
67108
67107
67107
67107
67106
67106
67106
67105
67105
67105
67105
67104
67104
67104
67103
67103
67103
67102
67102
67102
67102
67101
67101
67101
67100
67100
67100
67100
67099
67099
67099
67099
67098
67098
67098
67097
67097
67097
67096
67096
67096
67096
67095
67095
67095
67094
67094
67094
67093
67093
67093
67092
67092
67092
67091
67091
67091
67090
67090
67090
67090
67089
67089
67088
67088
67088
67087
67087
67087
67087
67086
67086
67086
67085
67085
67085
67084
67084
67084
67084
67083
67083
67083
67082
67082
67082
67081
67081
67081
67080
67080
67080
67079
67079
67079
67078
67078
67078
67078
67077
67077
67077
67076
67076
67076
67075
67075
67075
67075
67074
67074
67074
67073
67073
67073
67072
67072
67072
67072
67071
67071
67071
67069
67069
67068
67068
67068
67067
67067
67067
67066
67066
67066
67066
67065
67065
67065
67064
67064
67064
67063
67063
67063
67063
67062
67062
67062
67061
67061
67061
67060
67060
67060
67060
67059
67059
67059
67058
67058
67058
67057
67057
67057
67057
67056
67056
67056
67055
67055
67055
67055
67054
67054
67054
67053
67052
67051
67051
67051
67050
67050
67050
67050
67049
67049
67049
67048
67048
67048
67047
67047
67047
67047
67046
67046
67046
67045
67045
67045
67045
67044
67044
67044
67043
67043
67043
67042
67042
67042
67041
67041
67041
67041
67040
67040
67040
67039
67039
67039
67038
67038
67038
67038
67037
67037
67037
67036
67036
67036
67036
67035
67035
67035
67034
67034
67034
67033
67033
67033
67032
67031
67030
67030
67028
67025
67025
67023
67023
67022
67022
67022
67022
67021
67021
67021
67020
67020
67020
67019
67019
67018
67018
67018
67017
67017
67017
67017
67016
67016
67016
67016
67015
67015
67015
67014
67014
67014
67013
67012
67011
67011
67011
67011
67010
67010
67009
67008
67008
67008
67007
67007
67007
67006
67006
67006
67006
67005
67005
67005
67004
67004
67004
67003
67003
67003
67002
67002
67002
67002
66999
66998
66998
66998
66998
66997
66997
66997
66996
66996
66996
66996
66995
66995
66995
66994
66994
66994
66994
66993
66993
66991
66991
66991
66990
66990
66990
66989
66989
66989
66988
66988
66988
66988
66987
66987
66987
66986
66986
66986
66986
66985
66985
66985
66984
66984
66984
66983
66983
66983
66983
66982
66982
66982
66982
66981
66981
66981
66980
66980
66980
66980
66979
66979
66979
66978
66978
66978
66977
66977
66976
66976
66976
66975
66975
66975
66975
66974
66974
66974
66973
66973
66973
66972
66972
66972
66971
66971
66971
66970
66970
66970
66970
66969
66969
66969
66968
66967
66966
66966
66966
66965
66965
66965
66964
66964
66964
66963
66963
66963
66963
66962
66962
66962
66962
66961
66961
66961
66960
66960
66960
66960
66957
66955
66955
66954
66953
66951
66951
66951
66950
66950
66950
66949
66949
66949
66949
66948
66948
66948
66947
66947
66947
66947
66945
66945
66945
66944
66944
66943
66943
66943
66943
66942
66942
66942
66941
66941
66941
66941
66940
66940
66940
66939
66938
66937
66937
66936
66936
66936
66935
66935
66934
66934
66934
66934
66933
66933
66933
66932
66932
66932
66932
66931
66931
66931
66930
66930
66928
66928
66928
66927
66927
66927
66927
66926
66926
66926
66925
66925
66925
66925
66924
66924
66924
66922
66921
66921
66921
66921
66920
66920
66920
66919
66919
66919
66918
66918
66918
66917
66917
66917
66917
66916
66916
66916
66915
66915
66914
66913
66913
66913
66912
66912
66912
66912
66911
66911
66911
66910
66910
66910
66909
66909
66909
66909
66908
66908
66908
66907
66907
66907
66906
66906
66906
66906
66905
66905
66905
66905
66904
66904
66904
66903
66903
66903
66902
66902
66902
66902
66901
66901
66901
66900
66900
66900
66899
66899
66899
66899
66898
66898
66898
66897
66897
66897
66897
66896
66896
66896
66895
66895
66895
66894
66894
66894
66894
66893
66893
66893
66892
66892
66892
66891
66891
66890
66890
66890
66890
66889
66889
66889
66888
66888
66888
66887
66887
66886
66886
66886
66885
66885
66884
66884
66883
66883
66883
66882
66882
66882
66881
66881
66881
66880
66880
66880
66879
66879
66879
66878
66878
66878
66877
66877
66877
66876
66876
66876
66875
66875
66875
66874
66874
66874
66873
66873
66873
66872
66872
66872
66871
66871
66871
66870
66870
66870
66869
66869
66869
66868
66868
66868
66867
66867
66867
66866
66866
66866
66864
66863
66863
66862
66862
66862
66861
66861
66861
66861
66860
66860
66860
66859
66859
66858
66858
66858
66857
66857
66857
66857
66856
66856
66856
66855
66855
66855
66854
66854
66854
66853
66853
66853
66852
66852
66852
66851
66851
66851
66850
66850
66850
66850
66849
66849
66849
66848
66848
66848
66847
66847
66847
66846
66846
66846
66845
66845
66845
66844
66844
66844
66843
66843
66843
66842
66842
66842
66841
66841
66841
66841
66840
66840
66839
66839
66839
66838
66838
66838
66838
66837
66837
66837
66836
66836
66836
66835
66835
66835
66834
66834
66834
66834
66833
66833
66833
66832
66832
66832
66831
66831
66831
66830
66830
66830
66830
66829
66829
66829
66828
66828
66828
66827
66827
66827
66826
66826
66826
66826
66825
66825
66825
66824
66824
66824
66823
66823
66820
66820
66818
66818
66817
66815
66815
66814
66814
66814
66813
66813
66813
66813
66812
66812
66812
66810
66810
66809
66809
66809
66808
66808
66808
66808
66807
66807
66807
66806
66806
66806
66806
66805
66805
66805
66805
66804
66804
66804
66802
66802
66801
66801
66801
66800
66800
66800
66800
66799
66799
66799
66798
66798
66798
66797
66797
66797
66796
66796
66796
66796
66794
66794
66793
66793
66793
66792
66792
66792
66791
66791
66791
66791
66790
66790
66790
66789
66789
66789
66789
66788
66788
66788
66786
66785
66785
66785
66785
66784
66784
66784
66783
66783
66783
66782
66782
66782
66782
66781
66781
66779
66779
66779
66778
66778
66778
66778
66777
66777
66777
66776
66776
66776
66775
66775
66775
66774
66774
66774
66774
66773
66773
66773
66773
66772
66772
66772
66770
66770
66769
66769
66769
66768
66768
66768
66768
66767
66767
66767
66767
66766
66766
66766
66765
66765
66765
66765
66764
66764
66764
66763
66763
66763
66762
66762
66762
66762
66761
66761
66761
66760
66760
66760
66760
66759
66759
66759
66758
66758
66758
66758
66757
66757
66757
66756
66756
66756
66755
66755
66755
66754
66754
66754
66753
66753
66753
66752
66752
66752
66752
66751
66751
66750
66750
66750
66749
66749
66749
66748
66748
66748
66747
66747
66747
66746
66746
66746
66745
66745
66745
66745
66744
66744
66744
66743
66743
66743
66742
66742
66742
66742
66741
66741
66741
66740
66740
66740
66739
66739
66739
66738
66738
66738
66737
66737
66737
66736
66736
66736
66735
66735
66735
66735
66734
66734
66734
66733
66733
66733
66732
66732
66732
66732
66731
66731
66731
66730
66730
66730
66729
66729
66729
66729
66728
66728
66728
66727
66727
66727
66726
66726
66726
66725
66725
66725
66724
66724
66724
66724
66723
66723
66723
66722
66722
66722
66721
66721
66721
66720
66720
66720
66719
66719
66719
66719
66718
66718
66718
66717
66717
66717
66716
66716
66716
66715
66715
66715
66715
66714
66714
66714
66713
66713
66713
66712
66712
66712
66711
66711
66711
66711
66710
66710
66710
66709
66709
66709
66708
66708
66708
66707
66707
66707
66706
66706
66706
66705
66705
66705
66705
66704
66704
66704
66703
66703
66703
66702
66702
66702
66701
66701
66701
66700
66700
66700
66700
66699
66699
66699
66698
66698
66698
66697
66697
66697
66697
66696
66696
66696
66695
66695
66695
66694
66694
66694
66693
66693
66693
66693
66692
66692
66692
66691
66690
66689
66688
66686
66685
66684
66683
66683
66683
66682
66682
66680
66680
66680
66679
66679
66679
66678
66678
66678
66677
66677
66677
66676
66676
66676
66675
66675
66675
66675
66674
66674
66674
66672
66672
66672
66671
66671
66671
66670
66670
66670
66669
66669
66669
66669
66668
66668
66668
66667
66667
66667
66666
66666
66666
66666
66663
66663
66662
66662
66662
66661
66661
66661
66660
66660
66660
66659
66659
66659
66658
66658
66658
66657
66657
66657
66657
66656
66656
66656
66655
66655
66655
66655
66654
66654
66654
66653
66653
66653
66652
66652
66652
66652
66651
66651
66651
66650
66650
66650
66649
66648
66648
66647
66647
66647
66646
66646
66646
66645
66645
66645
66644
66644
66644
66643
66643
66643
66643
66642
66642
66642
66641
66641
66641
66641
66640
66640
66640
66639
66639
66639
66638
66638
66638
66638
66637
66637
66637
66636
66636
66636
66635
66635
66635
66635
66634
66634
66634
66633
66633
66633
66632
66632
66632
66631
66631
66631
66630
66630
66630
66630
66629
66629
66629
66628
66628
66628
66627
66627
66627
66627
66626
66626
66626
66625
66625
66625
66625
66624
66624
66624
66623
66623
66623
66623
66622
66622
66622
66621
66621
66621
66619
66619
66617
66615
66614
66613
66612
66612
66612
66611
66611
66610
66609
66609
66609
66608
66608
66608
66608
66607
66607
66607
66606
66606
66606
66606
66605
66604
66603
66603
66603
66602
66602
66602
66601
66601
66601
66600
66600
66600
66600
66599
66599
66599
66598
66598
66598
66598
66597
66597
66596
66595
66595
66595
66594
66594
66594
66594
66593
66593
66593
66592
66592
66592
66590
66590
66590
66589
66589
66589
66589
66588
66587
66587
66586
66586
66586
66585
66585
66585
66585
66584
66584
66584
66584
66583
66583
66583
66582
66582
66582
66582
66581
66581
66581
66579
66579
66579
66578
66578
66578
66577
66577
66577
66577
66576
66576
66576
66576
66575
66575
66575
66575
66574
66574
66574
66573
66573
66573
66573
66572
66572
66572
66571
66571
66571
66571
66570
66570
66570
66570
66569
66569
66569
66569
66568
66568
66568
66567
66567
66567
66567
66566
66566
66566
66565
66565
66564
66563
66563
66563
66562
66562
66562
66562
66561
66561
66561
66560
66560
66560
66560
66559
66559
66559
66558
66558
66558
66558
66557
66557
66557
66557
66556
66556
66556
66555
66555
66555
66554
66554
66554
66553
66553
66553
66553
66552
66552
66552
66551
66551
66551
66549
66548
66546
66545
66545
66543
66543
66543
66541
66541
66541
66541
66540
66539
66539
66539
66538
66538
66538
66537
66537
66537
66537
66536
66536
66536
66536
66535
66535
66535
66535
66533
66533
66532
66532
66532
66531
66531
66531
66531
66530
66530
66530
66529
66528
66527
66527
66526
66525
66525
66525
66525
66524
66524
66523
66522
66522
66522
66522
66521
66521
66521
66521
66520
66520
66520
66519
66519
66519
66518
66517
66517
66517
66516
66516
66516
66516
66515
66515
66515
66515
66514
66514
66514
66513
66513
66513
66513
66512
66512
66512
66512
66510
66510
66510
66509
66509
66509
66509
66508
66508
66508
66507
66507
66507
66507
66506
66506
66506
66506
66505
66505
66505
66504
66504
66504
66504
66503
66503
66503
66503
66502
66502
66502
66502
66501
66501
66501
66499
66499
66499
66498
66498
66498
66498
66497
66497
66497
66497
66496
66496
66496
66496
66495
66495
66495
66494
66494
66494
66494
66493
66493
66493
66493
66492
66492
66492
66491
66491
66491
66491
66490
66490
66490
66489
66489
66489
66489
66488
66488
66488
66487
66485
66485
66485
66485
66484
66484
66484
66483
66483
66483
66483
66482
66482
66482
66482
66481
66481
66481
66481
66480
66479
66477
66476
66472
66472
66471
66471
66471
66470
66470
66470
66469
66469
66469
66469
66468
66468
66468
66467
66467
66467
66467
66466
66466
66466
66466
66464
66464
66463
66463
66463
66463
66462
66462
66462
66461
66461
66461
66461
66460
66460
66460
66460
66459
66459
66458
66458
66457
66457
66452
66451
66450
66450
66449
66449
66449
66448
66448
66447
66447
66447
66446
66446
66445
66445
66444
66443
66442
66442
66441
66441
66441
66440
66440
66440
66440
66439
66439
66439
66439
66438
66438
66438
66437
66437
66437
66436
66435
66434
66434
66434
66433
66433
66433
66432
66432
66432
66431
66431
66385
66384
66383
66383
66382
66382
66382
66381
66381
66381
66380
66380
66380
66379
66379
66379
66378
66378
66377
66377
66377
66376
66376
66376
66375
66375
66375
66374
66374
66374
66373
66373
66372
66372
66372
66371
66371
66371
66370
66370
66370
66369
66369
66369
66368
66368
66368
66367
66367
66367
66366
66366
66366
66365
66365
66365
66364
66364
66364
66363
66363
66363
66362
66362
66361
66361
66361
66360
66360
66360
66359
66359
66359
66358
66358
66358
66357
66357
66356
66356
66356
66355
66355
66355
66354
66354
66354
66353
66353
66353
66352
66352
66352
66349
66348
66348
66347
66347
66347
66346
66346
66346
66345
66345
66344
66344
66344
66343
66343
66342
66342
66342
66341
66341
66341
66340
66340
66339
66339
66339
66338
66338
66338
66337
66337
66337
66336
66336
66335
66335
66335
66334
66334
66334
66333
66333
66332
66332
66332
66331
66331
66331
66330
66330
66330
66329
66329
66328
66328
66328
66327
66327
66327
66326
66326
66325
66325
66325
66324
66324
66324
66323
66323
66323
66322
66322
66322
66321
66321
66320
66320
66320
66319
66319
66319
66318
66318
66318
66317
66317
66317
66316
66316
66316
66315
66315
66314
66314
66314
66313
66313
66313
66312
66312
66312
66311
66311
66310
66310
66310
66309
66309
66309
66308
66308
66308
66307
66307
66306
66306
66306
66305
66305
66305
66304
66304
66303
66303
66303
66302
66302
66302
66301
66301
66301
66300
66300
66300
66299
66299
66298
66298
66298
66297
66297
66296
66296
66296
66295
66295
66294
66294
66294
66293
66293
66293
66292
66292
66292
66291
66291
66290
66290
66290
66289
66289
66289
66288
66288
66288
66287
66287
66287
66286
66286
66286
66285
66285
66284
66284
66284
66283
66283
66283
66282
66282
66281
66281
66281
66280
66280
66280
66279
66279
66279
66278
66278
66277
66277
66277
66276
66276
66275
66275
66275
66274
66274
66273
66273
66273
66272
66272
66272
66271
66271
66271
66270
66270
66270
66269
66269
66268
66268
66268
66267
66267
66267
66266
66266
66265
66264
66264
66264
66263
66263
66263
66262
66262
66261
66261
66261
66260
66260
66260
66259
66259
66259
66259
66258
66258
66258
66257
66257
66257
66257
66256
66256
66256
66256
66254
66254
66253
66253
66253
66252
66252
66252
66251
66251
66251
66251
66250
66250
66250
66249
66249
66249
66249
66248
66248
66248
66247
66247
66247
66247
66246
66246
66246
66245
66245
66245
66244
66244
66244
66244
66243
66243
66243
66243
66242
66242
66242
66241
66241
66241
66241
66240
66240
66240
66239
66239
66239
66239
66238
66238
66238
66237
66237
66237
66237
66236
66236
66236
66235
66235
66235
66235
66234
66234
66234
66233
66233
66233
66233
66232
66232
66232
66231
66231
66231
66230
66230
66230
66230
66229
66229
66229
66228
66228
66228
66228
66227
66227
66227
66227
66226
66226
66226
66226
66225
66225
66225
66224
66224
66224
66224
66223
66223
66223
66223
66222
66222
66222
66221
66221
66221
66220
66220
66220
66220
66219
66219
66219
66219
66218
66218
66218
66217
66217
66217
66216
66216
66216
66215
66215
66215
66214
66214
66214
66213
66213
66213
66213
66212
66212
66212
66211
66211
66211
66211
66210
66210
66210
66210
66209
66209
66209
66208
66208
66208
66208
66207
66207
66207
66206
66206
66206
66206
66205
66205
66205
66205
66204
66204
66204
66203
66203
66203
66202
66202
66202
66202
66201
66201
66201
66200
66200
66200
66199
66199
66199
66199
66198
66198
66198
66197
66197
66197
66197
66196
66196
66196
66195
66195
66195
66194
66194
66194
66194
66193
66193
66193
66192
66192
66192
66192
66191
66191
66191
66190
66190
66190
66190
66189
66189
66189
66188
66188
66188
66187
66187
66187
66187
66186
66186
66186
66186
66185
66185
66185
66184
66184
66184
66183
66183
66183
66183
66182
66182
66182
66181
66181
66181
66181
66180
66179
66178
66178
66178
66178
66177
66177
66177
66176
66176
66176
66175
66175
66175
66174
66174
66174
66173
66173
66173
66173
66172
66172
66172
66171
66171
66171
66171
66170
66170
66170
66169
66169
66169
66169
66168
66168
66168
66168
66167
66167
66167
66166
66166
66166
66166
66165
66165
66165
66164
66164
66164
66164
66163
66163
66163
66162
66162
66162
66162
66161
66161
66161
66160
66160
66160
66159
66159
66158
66156
66156
66155
66155
66155
66154
66154
66154
66154
66153
66153
66153
66153
66152
66152
66152
66151
66151
66151
66150
66150
66150
66150
66149
66149
66149
66148
66148
66148
66148
66147
66147
66147
66146
66146
66146
66144
66144
66144
66143
66143
66143
66143
66142
66142
66141
66141
66141
66141
66140
66140
66140
66140
66139
66139
66139
66138
66138
66138
66138
66137
66137
66137
66136
66136
66136
66136
66135
66135
66135
66134
66134
66134
66133
66133
66133
66132
66132
66132
66132
66131
66131
66131
66131
66130
66130
66130
66129
66129
66129
66129
66128
66128
66128
66127
66127
66127
66126
66126
66126
66125
66125
66125
66125
66124
66124
66124
66123
66123
66123
66123
66122
66122
66122
66121
66121
66121
66121
66120
66120
66120
66119
66119
66119
66118
66118
66118
66118
66117
66117
66117
66116
66116
66116
66116
66115
66115
66115
66114
66114
66114
66114
66113
66113
66113
66113
66112
66112
66112
66111
66111
66111
66111
66110
66110
66110
66109
66109
66109
66109
66108
66108
66106
66106
66106
66105
66105
66105
66105
66104
66104
66104
66103
66103
66103
66103
66102
66102
66102
66101
66101
66101
66101
66100
66100
66100
66100
66098
66097
66093
66091
66089
66088
66087
66087
66087
66086
66086
66086
66085
66085
66085
66084
66084
66084
66084
66083
66083
66082
66081
66081
66081
66080
66080
66080
66080
66079
66079
66079
66078
66078
66078
66078
66077
66077
66077
66076
66076
66076
66076
66075
66074
66074
66073
66073
66073
66073
66072
66072
66072
66072
66071
66071
66071
66070
66070
66070
66070
66069
66069
66068
66067
66065
66065
66063
66063
66063
66063
66062
66062
66062
66061
66061
66061
66060
66060
66060
66059
66059
66059
66059
66058
66058
66058
66057
66056
66056
66055
66055
66055
66055
66054
66054
66054
66053
66053
66053
66053
66052
66052
66052
66052
66051
66051
66051
66050
66050
66050
66050
66049
66049
66049
66049
66048
66048
66048
66048
66047
66047
66047
66046
66046
66046
66046
66045
66045
66045
66045
66044
66044
66044
66043
66043
66043
66043
66042
66042
66042
66042
66041
66041
66041
66041
66040
66040
66040
66039
66039
66039
66039
66038
66038
66038
66038
66037
66037
66037
66037
66036
66036
66036
66035
66035
66035
66035
66034
66034
66034
66034
66033
66033
66033
66033
66032
66032
66032
66031
66031
66031
66031
66030
66030
66030
66030
66029
66029
66029
66029
66028
66026
66025
66022
66021
66019
66018
66017
66017
66016
66016
66016
66016
66015
66015
66015
66015
66013
66013
66012
66012
66012
66012
66011
66011
66011
66011
66010
66010
66010
66009
66009
66009
66009
66008
66008
66008
66007
66007
66007
66003
66003
66002
66002
66002
66002
66001
66001
66001
66000
66000
66000
66000
65999
65999
65999
65999
65998
65998
65998
65998
65997
65997
65995
65995
65993
65993
65993
65992
65992
65992
65991
65991
65991
65991
65990
65990
65990
65988
65988
65988
65988
65987
65987
65987
65987
65985
65984
65984
65983
65982
65982
65982
65981
65981
65981
65980
65980
65980
65980
65979
65978
65978
65977
65977
65977
65976
65976
65976
65976
65975
65975
65975
65975
65974
65974
65974
65974
65973
65973
65973
65972
65972
65972
65972
65971
65971
65971
65971
65970
65970
65970
65970
65969
65969
65969
65969
65968
65968
65968
65967
65967
65967
65967
65966
65966
65966
65965
65965
65965
65965
65964
65964
65964
65964
65963
65963
65963
65963
65962
65962
65962
65961
65961
65961
65961
65960
65960
65960
65960
65959
65959
65959
65959
65958
65958
65958
65958
65957
65957
65957
65956
65956
65956
65956
65955
65955
65955
65955
65954
65954
65954
65953
65953
65952
65950
65949
65947
65945
65944
65944
65944
65944
65943
65942
65942
65940
65940
65940
65939
65939
65939
65939
65938
65938
65938
65938
65937
65937
65937
65936
65936
65936
65936
65935
65935
65935
65933
65933
65932
65932
65932
65932
65931
65931
65931
65931
65930
65930
65930
65930
65929
65929
65929
65928
65928
65928
65928
65927
65927
65926
65925
65925
65925
65924
65924
65924
65924
65923
65923
65923
65922
65922
65922
65922
65921
65921
65920
65919
65919
65919
65919
65918
65918
65918
65918
65917
65917
65917
65916
65916
65916
65916
65915
65915
65915
65915
65914
65913
65913
65911
65911
65911
65910
65910
65910
65909
65909
65909
65909
65908
65908
65908
65908
65907
65907
65905
65905
65905
65904
65904
65904
65904
65903
65903
65903
65903
65902
65902
65902
65902
65900
65900
65900
65899
65899
65899
65898
65898
65898
65898
65897
65897
65897
65897
65896
65896
65896
65896
65895
65895
65895
65895
65894
65894
65894
65894
65893
65893
65893
65892
65892
65892
65892
65891
65891
65891
65891
65890
65890
65890
65889
65889
65889
65889
65888
65888
65888
65888
65887
65887
65887
65886
65886
65886
65886
65885
65885
65885
65885
65884
65884
65884
65884
65883
65883
65881
65879
65878
65876
65874
65874
65874
65872
65871
65870
65870
65870
65869
65869
65869
65869
65868
65868
65868
65868
65867
65867
65867
65867
65866
65866
65866
65866
65864
65864
65862
65862
65862
65861
65861
65861
65861
65860
65860
65860
65860
65859
65859
65859
65859
65857
65857
65856
65856
65856
65856
65855
65855
65855
65855
65854
65854
65854
65854
65853
65853
65853
65852
65852
65852
65852
65851
65851
65848
65848
65848
65848
65847
65847
65847
65846
65846
65846
65845
65845
65845
65845
65844
65844
65844
65843
65843
65843
65843
65842
65842
65841
65840
65840
65840
65840
65839
65839
65839
65839
65838
65838
65838
65838
65837
65837
65837
65836
65836
65836
65835
65835
65835
65835
65834
65834
65834
65834
65833
65833
65833
65833
65832
65832
65832
65832
65831
65831
65831
65831
65830
65830
65830
65829
65829
65829
65827
65827
65827
65826
65826
65826
65825
65825
65825
65825
65824
65824
65824
65824
65823
65823
65823
65823
65822
65822
65822
65822
65821
65821
65821
65820
65820
65820
65820
65819
65819
65819
65818
65818
65818
65818
65817
65817
65817
65817
65816
65816
65816
65815
65815
65815
65815
65814
65814
65814
65814
65813
65813
65813
65813
65811
65809
65808
65806
65804
65803
65802
65802
65802
65801
65801
65801
65800
65800
65800
65800
65799
65799
65799
65798
65798
65798
65798
65797
65797
65797
65795
65795
65795
65794
65794
65794
65793
65793
65791
65791
65791
65791
65790
65790
65790
65788
65788
65786
65786
65786
65786
65785
65785
65785
65785
65784
65784
65784
65784
65783
65783
65783
65782
65782
65782
65782
65781
65781
65780
65779
65779
65779
65778
65778
65778
65778
65777
65777
65777
65777
65776
65776
65776
65775
65775
65775
65775
65774
65774
65774
65773
65772
65772
65771
65771
65771
65770
65770
65770
65770
65769
65769
65769
65769
65768
65768
65768
65768
65767
65767
65767
65766
65766
65766
65766
65765
65765
65765
65765
65764
65764
65764
65763
65763
65763
65763
65762
65762
65762
65762
65761
65761
65761
65760
65760
65760
65760
65759
65759
65759
65759
65758
65758
65758
65757
65757
65757
65757
65756
65756
65756
65756
65755
65755
65755
65754
65754
65754
65754
65753
65753
65753
65753
65752
65752
65751
65750
65750
65749
65749
65749
65749
65748
65748
65748
65747
65747
65747
65747
65746
65746
65746
65746
65745
65745
65745
65744
65744
65744
65744
65743
65743
65743
65743
65742
65742
65742
65740
65739
65736
65735
65734
65733
65733
65732
65732
65732
65732
65731
65731
65731
65730
65730
65730
65730
65729
65729
65728
65727
65727
65726
65726
65725
65725
65722
65721
65721
65720
65720
65720
65719
65719
65718
65718
65716
65715
65715
65715
65714
65714
65713
65713
65712
65712
65712
65711
65711
65711
65710
65710
65710
65709
65709
65709
65707
65705
65705
65703
65703
65702
65701
65700
65700
65700
65700
65699
65699
65699
65698
65698
65698
65698
65697
65697
65697
65697
65696
65696
65694
65694
65694
65694
65693
65693
65693
65692
65692
65692
65692
65691
65691
65691
65691
65690
65690
65690
65689
65689
65689
65688
65688
65687
65686
65686
65686
65685
65685
65685
65685
65684
65684
65684
65684
65683
65683
65683
65682
65682
65682
65682
65681
65681
65681
65680
65680
65680
65680
65679
65679
65679
65679
65678
65678
65678
65677
65677
65677
65677
65676
65676
65676
65676
65675
65675
65675
65675
65674
65674
65674
65674
65673
65673
65673
65672
65672
65672
65672
65671
65671
65671
65670
65670
65670
65670
65669
65669
65669
65669
65668
65668
65668
65667
65667
65667
65667
65666
65666
65666
65665
65665
65665
65665
65663
65663
65662
65662
65662
65662
65661
65658
65656
65655
65653
65652
65652
65651
65651
65651
65649
65649
65649
65649
65648
65648
65648
65648
65647
65647
65647
65646
65646
65646
65646
65645
65645
65645
65645
65644
65644
65644
65644
65642
65642
65642
65641
65641
65641
65640
65640
65640
65640
65639
65639
65639
65639
65638
65638
65638
65637
65637
65637
65637
65636
65636
65635
65634
65634
65634
65634
65633
65633
65633
65633
65632
65632
65632
65631
65631
65631
65631
65630
65630
65630
65630
65629
65628
65628
65626
65626
65626
65625
65624
65623
65623
65623
65623
65622
65622
65622
65621
65621
65621
65621
65620
65620
65620
65619
65619
65618
65617
65617
65617
65617
65616
65616
65616
65616
65615
65615
65615
65614
65614
65614
65614
65613
65613
65613
65613
65612
65612
65612
65612
65611
65611
65611
65610
65609
65608
65608
65608
65608
65607
65607
65607
65607
65606
65606
65606
65606
65605
65605
65605
65604
65604
65604
65604
65603
65603
65603
65603
65602
65602
65602
65602
65601
65601
65601
65601
65600
65600
65600
65599
65599
65599
65599
65598
65598
65598
65598
65597
65597
65597
65596
65596
65596
65596
65595
65595
65595
65595
65594
65594
65594
65594
65593
65593
65593
65593
65592
65592
65592
65590
65588
65587
65586
65583
65583
65581
65581
65581
65581
65580
65580
65580
65580
65579
65579
65579
65578
65578
65578
65577
65577
65577
65577
65576
65576
65576
65574
65574
65574
65573
65573
65573
65573
65572
65572
65572
65572
65571
65571
65571
65570
65570
65570
65570
65569
65569
65569
65569
65568
65567
65566
65566
65566
65566
65565
65565
65565
65564
65564
65564
65563
65563
65563
65563
65562
65562
65562
65561
65561
65561
65561
65560
65559
65558
65558
65558
65557
65557
65557
65556
65556
65556
65555
65555
65555
65554
65554
65554
65554
65553
65553
65552
65552
65550
65549
65548
65548
65547
65547
65547
65546
65546
65546
65546
65545
65545
65545
65544
65544
65544
65543
65543
65543
65543
65542
65542
65542
65541
65541
65541
65540
65540
65540
65540
65539
65539
65539
65538
65538
65538
65537
65537
65537
65537
65536
65536
65536
65535
65535
65535
65535
65534
65534
65534
65534
65533
65533
65533
65532
65532
65532
65532
65531
65531
65531
65530
65530
65530
65529
65529
65529
65529
65528
65528
65528
65528
65527
65527
65527
65526
65526
65526
65526
65525
65525
65525
65524
65524
65524
65524
65523
65523
65523
65522
65522
65522
65522
65521
65521
65521
65519
65518
65518
65518
65517
65517
65517
65516
65516
65516
65515
65515
65515
65514
65514
65514
65514
65513
65513
65513
65512
65512
65512
65511
65511
65511
65511
65510
65509
65509
65509
65508
65508
65508
65507
65507
65507
65507
65506
65506
65506
65505
65505
65505
65504
65504
65504
65504
65503
65503
65503
65502
65502
65502
65501
65501
65501
65500
65500
65500
65500
65499
65499
65499
65498
65498
65498
65497
65497
65497
65496
65496
65496
65495
65495
65495
65495
65494
65494
65494
65493
65493
65493
65492
65492
65492
65491
65491
65491
65491
65490
65062
65030
65002
64974
64943
64908
64887
64856
64809
64786
64763
64739
64719
64693
64673
64651
64631
64630
64629
64629
64629
64628
64628
64628
64627
64627
64627
64626
64626
64626
64625
64625
64625
64625
64624
64624
64624
64623
64623
64623
64623
64622
64622
64622
64622
64621
64621
64532
64508
64502
64501
64501
64500
64500
64499
64499
64499
64499
64498
64498
64498
64497
64497
64497
64496
64496
64496
64496
64495
64495
64495
64494
64494
64494
64494
64493
64382
64381
64380
64380
64380
64380
64379
64379
64379
64378
64378
64378
64378
64377
64377
64377
64376
64376
64376
64375
64375
64375
64375
64374
64374
64374
64373
64373
62960
62959
62958
62957
62957
62632
62631
62631
62630
62630
62630
62630
62629
62629
62629
62628
62628
62628
62627
62627
62627
62626
62626
62626
62625
62625
62625
62625
62624
62624
62624
62623
62623
62623
62623
62622
62622
62622
62621
62621
62621
62620
62620
62620
62620
62619
62619
62619
62618
62618
62618
62618
62617
62617
62617
62617
62616
62616
62616
62616
62615
62614
62613
62613
62613
62612
62612
62612
62612
62611
62611
62611
62611
62610
62610
62610
62610
62609
62609
62609
62609
62608
62608
62608
62608
62607
62607
62607
62607
62606
62606
62606
62606
62605
62605
62605
62604
62604
62604
62604
62604
62603
62603
62603
62602
62602
62602
62602
62601
62601
62601
62601
62600
62600
62600
62600
62599
62599
62599
62599
62598
62598
62598
62598
62597
62597
62597
62597
62596
62596
62596
62596
62595
62595
62595
62595
62594
62594
62594
62594
62593
62593
62593
62593
62592
62592
62592
62592
62591
62591
62591
62591
62590
62590
62590
62590
62589
62589
62589
62589
62588
62588
62588
62588
62587
62587
62587
62587
62586
62586
62586
62586
62585
62585
62585
62585
62584
62584
62584
62584
62583
62583
62583
62583
62582
62582
62582
62581
62581
62581
62581
62580
62580
62580
62579
62579
62579
62578
62578
62578
62578
62577
62577
62577
62577
62576
62576
62576
62576
62575
62575
62575
62574
62574
62574
62574
62573
62573
62573
62573
62572
62572
62572
62571
62571
62571
62571
62570
62570
62570
62570
62569
62569
62569
62569
62568
62568
62568
62568
62567
62567
62567
62566
62566
62566
62565
62565
62565
62564
62564
62564
62564
62563
62563
62563
62563
62562
62562
62562
62562
62561
62561
62561
62560
62560
62560
62560
62559
62559
62559
62559
62558
62558
62558
62558
62557
62557
62557
62557
62557
62556
62556
62556
62555
62555
62555
62555
62554
62554
62554
62554
62553
62553
62553
62553
62552
62552
62552
62552
62551
62551
62551
62551
62550
62550
62550
62550
62549
62549
62549
62549
62548
62548
62548
62548
62547
62547
62546
62545
62545
62545
62544
62544
62544
62544
62543
62543
62543
62543
62542
62542
62542
62542
62541
62541
62541
62541
62540
62540
62540
62540
62539
62539
62539
62539
62538
62538
62538
62538
62537
62537
62537
62536
62536
62536
62536
62535
62535
62535
62535
62534
62534
62534
62534
62533
62533
62533
62533
62532
62532
62532
62532
62531
62531
62531
62531
62530
62530
62530
62530
62529
62529
62529
62528
62528
62527
62527
62527
62526
62526
62526
62526
62525
62525
62525
62524
62524
62524
62523
62523
62523
62523
62522
62522
62522
62522
62521
62521
62521
62520
62520
62520
62520
62519
62519
62519
62519
62518
62518
62518
62518
62517
62517
62517
62517
62516
62516
62516
62516
62515
62515
62515
62515
62514
62514
62514
62514
62513
62513
62513
62513
62512
62512
62512
62511
62511
62511
62510
62510
62510
62510
62509
62509
62509
62509
62508
62508
62508
62508
62507
62507
62507
62507
62506
62506
62506
62506
62505
62505
62505
62505
62504
62504
62504
62504
62503
62503
62503
62503
62502
62502
62502
62502
62501
62501
62501
62501
62500
62500
62500
62500
62499
62499
62499
62498
62498
62498
62498
62497
62497
62497
62497
62496
62496
62496
62496
62495
62495
62495
62495
62494
62494
62494
62494
62493
62493
62493
62492
62492
62492
62492
62491
62491
62491
62491
62490
62490
62490
62490
62489
62489
62489
62488
62488
62488
62488
62487
62487
62487
62486
62486
62486
62486
62485
62485
62485
62485
62484
62484
62484
62484
62483
62483
62483
62483
62482
62482
62482
62482
62481
62481
62481
62481
62480
62480
62480
62480
62479
62479
62479
62478
62478
62478
62476
62476
62475
62475
62475
62474
62474
62474
62473
62473
62473
62473
62472
62472
62472
62472
62471
62471
62471
62471
62470
62470
62470
62469
62469
62469
62469
62468
62468
62468
62467
62467
62467
62467
62466
62466
62466
62466
62465
62465
62465
62465
62464
62464
62464
62463
62463
62463
62463
62462
62462
62462
62462
62461
62461
62461
62461
62460
62460
62460
62460
62459
62459
62459
62459
62458
62458
62458
62458
62457
62457
62457
62456
62456
62456
62456
62455
62455
62455
62455
62454
62454
62454
62454
62453
62453
62453
62453
62452
62452
62452
62452
62451
62451
62451
62451
62450
62450
62450
62449
62449
62449
62449
62448
62448
62448
62447
62447
62447
62447
62446
62446
62446
62446
62445
62445
62445
62445
62444
62444
62444
62444
62443
62443
62443
62443
62442
62442
62442
62442
62441
62441
62441
62441
62440
62440
62440
62440
62439
62439
62439
62439
62438
62438
62438
62438
62437
62437
62437
62437
62436
62436
62436
62436
62435
62435
62435
62435
62434
62434
62434
62433
62433
62433
62433
62432
62432
62432
62432
62431
62431
62431
62337
62336
62336
62336
62335
62335
62335
62335
62334
62334
62334
62333
62333
62333
62332
62332
62332
62332
62331
62331
62331
62330
62330
62330
62329
62328
62328
62327
62327
62327
62326
62326
62326
62326
62325
62325
62325
62324
62324
62324
62323
62323
62323
62323
62322
62322
62322
62321
62321
62321
62321
62320
62320
62320
62320
62319
62319
62318
62318
62318
62318
62317
62317
62317
62317
62316
62316
62316
62315
62315
62315
62315
62314
62314
62314
62314
62313
62313
62313
62312
62312
62312
62312
62311
62309
62308
62308
62308
62308
62307
62307
62307
62306
62306
62306
62305
62305
62305
62304
62304
62304
62304
62303
62303
62303
62303
62302
62302
62302
62301
62301
62301
62300
62300
62299
62299
62299
62299
62298
62298
62298
62297
62297
62297
62297
62296
62296
62296
62295
62295
62295
62295
62294
62294
62294
62294
62293
62293
62293
62292
62292
62292
62292
62291
62291
62291
62291
62290
62290
62290
62290
62289
62289
62289
62288
62288
62288
62288
62287
62287
62287
62287
62286
62286
62286
62286
62285
62285
62285
62285
62284
62284
62284
62283
62283
62283
62283
62282
62282
62282
62282
62281
62281
62281
62280
62280
62280
62280
62279
62279
62279
62279
62278
62278
62278
62278
62277
62277
62277
62277
62276
62276
62276
62276
62275
62275
62275
62275
62274
62274
62274
62274
62273
62273
62272
62272
62272
62271
62271
62271
62270
62270
62270
62269
62269
62269
62269
62268
62268
62268
62268
62267
62267
62267
62266
62266
62266
62266
62265
62265
62265
62265
62264
62264
62264
62264
62263
62263
62262
62262
62262
62262
62261
62261
62261
62261
62260
62260
62260
62259
62259
62259
62259
62258
62258
62258
62258
62257
62257
62257
62257
62256
62256
62256
62256
62255
62255
62255
62254
62254
62254
62254
62253
62253
62253
62253
62252
62252
62252
62252
62251
62251
62251
62250
62250
62250
62250
62250
62249
62249
62249
62248
62248
62248
62248
62247
62247
62247
62247
62246
62246
62246
62246
62245
62245
62245
62245
62244
62244
62244
62244
62243
62243
62243
62243
62242
62242
62242
62242
62241
62241
62241
62241
62240
62240
62240
62240
62239
62239
62239
62237
62237
62237
62236
62236
62236
62236
62235
62235
62235
62235
62234
62234
62234
62234
62233
62233
62233
62233
62232
62232
62232
62232
62231
62231
62230
62230
62230
62229
62229
62229
62229
62228
62228
62228
62227
62227
62227
62227
62226
62226
62226
62226
62225
62225
62225
62225
62224
62224
62224
62223
62223
62223
62223
62222
62222
62222
62222
62221
62221
62221
62221
62220
62220
62219
62219
62219
62218
62218
62218
62217
62217
62217
62216
62216
62216
62215
62215
62215
62214
62214
62214
62213
62213
62213
62213
62212
62212
62212
62212
62211
62211
62211
62211
62210
62210
62210
62209
62209
62209
62209
62209
62208
62208
62208
62207
62207
62207
62207
62206
62206
62206
62206
62205
62205
62205
62205
62204
62204
62204
62204
62203
62203
62203
62203
62202
62202
62202
62202
62201
62201
62201
62201
62200
62200
62200
62200
62199
62199
62199
62199
62198
62198
62198
62198
62197
62197
62197
62197
62196
62196
62196
62195
62195
62195
62195
62194
62194
62194
62194
62193
62193
62193
62193
62192
62192
62192
62192
62191
62191
62191
62191
62190
62190
62190
62190
62189
62189
62189
62189
62188
62188
62188
62188
62187
62187
62187
62186
62186
62186
62186
62185
62185
62185
62185
62184
62184
62184
62184
62183
62183
62183
62183
62182
62182
62182
62182
62181
62181
62181
62181
62180
62180
62180
62180
62179
62179
62179
62178
62178
62178
62178
62177
62177
62177
62177
62176
62176
62176
62175
62175
62175
62175
62174
62174
62174
62174
62173
62173
62173
62173
62172
62172
62172
62171
62171
62171
62171
62170
62170
62170
62170
62169
62169
62169
62168
62167
62166
62166
62165
62165
62165
62165
62164
62164
62164
62163
62163
62163
62162
62162
62162
62162
62161
62161
62161
62161
62160
62160
62160
62159
62159
62159
62159
62158
62158
62158
62158
62157
62157
62157
62156
62156
62156
62156
62155
62155
62155
62155
62154
62154
62154
62154
62153
62153
62153
62153
62152
62152
62152
62151
62151
62151
62151
62150
62150
62150
62150
62149
62149
62149
62149
62148
62148
62148
62148
62147
62147
62147
62147
62146
62146
62146
62145
62145
62145
62145
62144
62144
62144
62144
62143
62143
62143
62143
62142
62142
62142
62142
62141
62141
62141
62140
62140
62140
62140
62139
62139
62139
62138
62138
62138
62138
62137
62137
62137
62137
62136
62136
62135
62135
62135
62135
62134
62134
62134
62134
62133
62133
62133
62133
62132
62132
62132
62132
62131
62131
62131
62131
62130
62130
62130
62130
62129
62129
62129
62129
62128
62128
62128
62128
62127
62127
62127
62127
62126
62126
62126
62125
62125
62125
62125
62124
62124
62124
62124
62123
62123
62123
62123
62122
62122
62122
62122
62121
62121
62120
62120
62120
62119
62119
62119
62119
62118
62118
62118
62118
62117
62117
62117
62117
62116
62116
62116
62115
62115
62115
62115
62114
62114
62113
62113
62112
62112
62111
62111
62111
62110
62110
62110
62109
62109
62109
62109
62108
62108
62108
62108
62107
62107
62107
62107
62106
62106
62106
62105
62105
62105
62104
62104
62104
62103
62103
62103
62103
62102
62102
62102
62102
62101
62101
62101
62101
62100
62100
62100
62100
62099
62099
62099
62099
62098
62098
62098
62098
62097
62097
62097
62097
62096
62096
62096
62094
62094
62093
62093
62093
62093
62092
62092
62092
62092
62091
62091
62091
62091
62090
62090
62090
62090
62089
62089
62089
62089
62088
62088
62088
62088
62087
62087
62087
62086
62086
62086
62086
62085
62085
62085
62084
62084
62084
62084
62083
62083
62083
62083
62082
62082
62082
62082
62081
62081
62081
62081
62080
62080
62080
62080
62079
62079
62079
62078
62078
62078
62077
62077
62077
62077
62076
62076
62076
62076
62075
62075
62075
62075
62074
62074
62074
62074
62073
62073
62073
62073
62072
62072
62072
62072
62071
62071
62071
62071
62070
62070
62070
62069
62069
62069
62068
62068
62068
62068
62067
62067
62067
62067
62066
62066
62066
62066
62065
62065
62065
62064
62064
62064
62064
62063
62063
62063
62063
62062
62062
62062
62062
62061
62061
62061
62061
62060
62060
62060
62059
62059
62059
62058
62058
62058
62058
62057
62057
62057
62057
62056
62056
62055
62055
62055
62055
62054
62054
62054
62054
62053
62053
62053
62052
62052
62052
62052
62051
62051
62051
62051
62050
62050
62050
62049
62049
62049
62049
62048
62048
62048
62048
62047
62047
62047
62046
62046
62046
62046
62045
62045
62045
62045
62044
62044
62044
62044
62043
62043
62043
62043
62042
62042
62042
62042
62041
62041
62041
62040
62040
62040
62040
62039
62039
62039
62039
62038
62038
62038
62038
62037
62037
62037
62037
62036
62036
62036
62036
62035
62035
62035
62035
62034
62034
62034
62034
62033
62033
62033
62033
62032
62032
62032
62032
62031
62031
62031
62031
62030
62030
62030
62030
62029
62029
62029
62029
62028
62028
62028
62028
62027
62027
62027
62027
62026
62025
62025
62024
62024
62024
62023
62023
62023
62023
62022
62022
62022
62022
62021
62021
62021
62021
62020
62020
62020
62019
62019
62019
62019
62018
62018
62018
62017
62017
62017
62017
62016
62016
62016
62016
62015
62015
62015
62015
62014
62014
62014
62014
62013
62013
62013
62013
62012
62012
62012
62012
62011
62011
62011
62011
62010
62010
62010
62009
62009
62009
62009
62008
62008
62008
62007
62007
62006
62006
62005
62005
62005
62005
62004
62004
62004
62004
62003
62003
62003
62002
62002
62002
62002
62001
62001
62001
62001
62000
62000
62000
62000
61999
61999
61999
61999
61998
61998
61998
61997
61997
61997
61997
61996
61996
61996
61996
61995
61995
61995
61995
61994
61994
61994
61994
61993
61993
61993
61993
61992
61992
61992
61992
61991
61991
61991
61990
61990
61990
61990
61989
61989
61989
61989
61988
61988
61988
61987
61987
61987
61987
61986
61986
61986
61985
61985
61985
61985
61984
61984
61984
61983
61983
61983
61983
61982
61982
61982
61981
61981
61981
61980
61980
61980
61980
61979
61979
61979
61979
61978
61978
61978
61978
61977
61977
61977
61977
61976
61976
61976
61976
61975
61975
61975
61975
61974
61974
61974
61974
61973
61973
61973
61973
61972
61972
61972
61972
61971
61971
61971
61970
61970
61970
61970
61969
61969
61969
61969
61968
61968
61968
61968
61967
61967
61967
61967
61966
61966
61966
61966
61965
61965
61965
61964
61964
61964
61964
61963
61963
61963
61962
61962
61962
61962
61961
61961
61961
61961
61960
61960
61960
61959
61959
61959
61959
61958
61958
61958
61958
61957
61957
61957
61957
61956
61956
61956
61951
61950
61950
61949
61949
61949
61948
61948
61948
61947
61947
61947
61946
61946
61946
61946
61945
61945
61945
61945
61944
61944
61944
61944
61943
61943
61943
61943
61942
61942
61942
61941
61941
61941
61941
61940
61940
61940
61939
61939
61939
61939
61938
61938
61938
61938
61937
61937
61937
61937
61936
61936
61936
61936
61935
61935
61935
61934
61934
61934
61934
61933
61933
61933
61933
61932
61932
61932
61932
61931
61931
61931
61930
61930
61930
61930
61929
61929
61929
61929
61928
61928
61928
61928
61927
61927
61927
61927
61926
61926
61926
61925
61925
61925
61925
61924
61924
61924
61924
61923
61923
61923
61923
61922
61922
61922
61921
61921
61921
61921
61920
61920
61920
61919
61919
61919
61919
61918
61918
61918
61918
61917
61917
61917
61916
61916
61916
61916
61915
61915
61915
61914
61914
61914
61914
61913
61913
61913
61913
61912
61912
61912
61912
61911
61911
61911
61910
61910
61910
61910
61909
61909
61909
61909
61908
61908
61908
61908
61907
61907
61907
61907
61906
61906
61906
61906
61905
61905
61905
61905
61904
61904
61904
61903
61903
61903
61903
61902
61902
61902
61902
61901
61901
61901
61901
61900
61900
61900
61900
61899
61899
61899
61898
61898
61897
61897
61896
61896
61896
61895
61895
61895
61894
61894
61894
61894
61893
61893
61893
61893
61892
61892
61892
61892
61891
61891
61891
61890
61890
61890
61890
61889
61889
61889
61889
61888
61888
61888
61888
61887
61887
61887
61886
61886
61886
61886
61885
61885
61885
61885
61884
61884
61884
61884
61883
61883
61883
61882
61882
61882
61881
61881
61881
61880
61880
61880
61878
61878
61878
61877
61877
61877
61877
61876
61876
61876
61876
61875
61875
61875
61874
61874
61874
61873
61873
61873
61873
61872
61872
61872
61872
61871
61871
61871
61871
61870
61870
61870
61870
61869
61869
61869
61869
61868
61868
61868
61868
61867
61867
61867
61866
61866
61866
61866
61865
61865
61865
61865
61864
61864
61864
61864
61863
61863
61863
61863
61862
61862
61862
61862
61861
61861
61861
61861
61860
61860
61860
61860
61859
61859
61859
61859
61858
61858
61858
61857
61857
61857
61857
61856
61856
61856
61856
61855
61855
61855
61855
61854
61854
61854
61854
61853
61853
61853
61853
61852
61852
61852
61852
61851
61851
61851
61851
61850
61850
61850
61850
61849
61849
61849
61849
61848
61848
61848
61847
61847
61847
61847
61846
61846
61846
61846
61845
61845
61845
61844
61842
61340
61336
61334
61334
61333
61333
61333
61333
61332
61332
61331
61331
61331
61331
61330
61330
61330
61329
61329
61329
61329
61328
61328
61328
61328
61327
61327
61327
61327
61326
61326
61326
61325
61325
61325
61324
61323
61323
61323
61322
61322
61322
61321
61321
61321
61321
61320
61320
61320
61319
61319
61319
61319
61318
61318
61318
61317
61316
61316
61316
61315
61315
61315
61315
61314
61314
61314
61314
61313
61313
61313
61313
61312
61311
61311
61311
61310
61310
61310
61310
61309
61309
61309
61308
61308
61308
61308
61307
61307
61307
61307
61306
61306
61305
61305
61305
61304
61304
61304
61304
61303
61303
61303
61303
61302
61302
61302
61302
61300
61300
61300
61299
61299
61299
61299
61298
61298
61298
61298
61297
61297
61297
61296
61296
61296
61294
61294
61294
61293
61293
61293
61293
61292
61292
61292
61292
61291
61291
61291
61291
61290
61290
61290
61290
61289
61289
61289
61288
61288
61288
61288
61287
61287
61287
61286
61286
61286
61286
61285
61285
61285
61285
61284
61284
61284
61284
61283
61283
61283
61283
61282
61282
61282
61282
61281
61281
61281
61281
61280
61280
61280
61280
61279
61279
61279
61278
61278
61278
61278
61274
61273
61273
61272
61271
61270
61270
61269
61268
61268
61268
61267
61267
61267
61267
61266
61266
61266
61266
61265
61265
61265
61265
61264
61264
61264
61264
61263
61263
61263
61261
61261
61261
61261
61260
61260
61260
61260
61259
61259
61259
61257
61257
61257
61257
61256
61256
61254
61254
61254
61254
61253
61253
61253
61253
61252
61252
61252
61252
61251
61251
61251
61251
61250
61250
61250
61250
61249
61249
61249
61247
61247
61246
61244
61243
61243
61243
61242
61241
61241
61241
61240
61240
61240
61239
61239
61239
61238
61238
61238
61237
61235
61235
61234
61234
61233
61233
61233
61232
61232
61232
61231
61231
61231
61230
61230
61229
61176
61176
61175
61175
61175
61174
61174
61174
61174
61173
61173
61173
61173
61172
61172
61172
61172
61171
61171
61171
61170
61170
61170
61170
61169
61169
61169
61168
61168
61168
61168
61167
61167
61167
61167
61166
61166
61166
61166
61165
61165
61165
61165
61164
61164
61164
61164
61163
61163
61163
61163
61162
61162
61162
61162
61161
61161
61161
61161
61160
61160
61160
61158
61158
61158
61157
61157
61157
61157
61156
61156
61156
61156
61155
61155
61155
61155
61154
61154
61154
61153
61153
61153
61153
61152
61150
61148
61148
61148
61146
61144
61144
61144
61143
61143
61143
61142
61142
61142
61142
61141
61141
61141
61141
61140
61140
61140
61139
61138
61138
61138
61138
61137
61137
61137
61137
61136
61136
61136
61136
61135
61135
61135
61134
61134
61134
61134
61133
61132
61132
61131
61131
61131
61131
61130
61130
61130
61130
61129
61129
61129
61129
61128
61128
61128
61128
61127
61127
61127
61126
61126
61125
61124
61124
61124
61124
61123
61123
61123
61123
61122
61122
61122
61122
61121
61121
61121
61121
61120
61120
61120
61120
61119
61119
61118
61117
61117
61117
61117
61116
61116
61116
61116
61115
61114
61114
61114
61113
61113
61113
61113
61112
61112
61112
61112
61111
61111
61111
61110
61110
61110
61110
61109
61109
61109
61109
61108
61108
61108
61108
61107
61107
61107
61107
61106
61106
61106
61106
61105
61105
61105
61105
61104
61104
61104
61104
61103
61103
61103
61103
61102
61102
61102
61102
61101
61101
61101
61101
61100
61100
61100
61100
61099
61099
61099
61099
61098
61098
61098
61098
61097
61097
61097
61096
61096
61096
61096
61095
61095
61095
61095
61094
61094
61094
61094
61093
61093
61093
61093
61092
61092
61092
61092
61091
61091
61091
61091
61089
61087
61086
61086
61082
61081
61080
61080
61080
61079
61079
61079
61078
61078
61078
61077
61076
61076
61075
61075
61074
61074
61074
61074
61073
61073
61073
61072
61072
61071
61070
61070
61070
61070
61069
61069
61068
61068
61068
61068
61067
61066
61066
61066
61065
61065
61065
61064
61064
61064
61064
61063
61063
61063
61063
61062
61062
61062
61062
61061
61061
61061
61060
61060
61057
61056
61056
61056
61055
61055
61055
61054
61054
61054
61054
61053
61053
61053
61052
61052
61052
61052
61051
61051
61051
61049
61049
61049
61049
61048
61048
61047
61047
61047
61047
61046
61046
61046
61046
61044
61044
61044
61043
61043
61043
61043
61042
61042
61042
61041
61041
61041
61041
61040
61040
61040
61040
61039
61039
61039
61039
61038
61038
61038
61038
61037
61037
61037
61037
61036
61036
61036
61035
61035
61035
61035
61034
61034
61034
61034
61033
61033
61033
61033
61032
61032
61032
61032
61031
61031
61031
61031
61030
61030
61030
61029
61029
61028
61027
61027
61027
61027
61026
61026
61026
61026
61025
61025
61025
61025
61024
61024
61024
61023
61023
61023
61023
61022
61022
61022
61022
61021
61021
61021
61021
61020
61020
61020
61020
61019
61019
61019
61017
61016
61014
61013
61011
61010
61009
61009
61009
61008
61008
61008
61008
61007
61006
61006
61005
61005
61005
61005
61003
61003
61003
61002
61002
61002
61001
61001
61001
61001
61000
61000
61000
61000
61000
60998
60998
60996
60996
60996
60995
60995
60995
60995
60994
60994
60994
60994
60993
60993
60993
60993
60992
60992
60992
60992
60991
60991
60976
60976
60975
60974
60974
60974
60973
60973
60973
60973
60972
60972
60972
60971
60971
60970
60970
60970
60970
60969
60969
60969
60969
60967
60967
60967
60966
60966
60966
60966
60965
60965
60965
60965
60964
60964
60964
60964
60963
60963
60962
60961
60961
60961
60960
60960
60960
60960
60959
60959
60959
60959
60958
60958
60958
60958
60957
60957
60957
60957
60956
60956
60956
60955
60955
60955
60955
60954
60954
60954
60952
60952
60952
60952
60951
60951
60951
60951
60950
60950
60950
60949
60949
60949
60949
60948
60948
60948
60948
60947
60946
60946
60945
60945
60945
60945
60944
60944
60944
60944
60943
60943
60943
60943
60942
60942
60942
60942
60941
60941
60941
60941
60940
60940
60940
60940
60939
60939
60939
60939
60938
60938
60938
60938
60937
60937
60937
60937
60936
60936
60936
60936
60935
60935
60934
60932
60931
60929
60928
60926
60926
60926
60924
60924
60924
60921
60920
60920
60920
60920
60919
60919
60919
60918
60918
60918
60918
60917
60917
60917
60917
60916
60916
60915
60914
60913
60913
60913
60912
60912
60912
60912
60911
60911
60911
60911
60910
60910
60910
60909
60909
60909
60909
60909
60908
60908
60905
60905
60904
60903
60903
60903
60902
60902
60902
60902
60901
60901
60901
60901
60900
60900
60900
60900
60899
60899
60899
60899
60898
60897
60896
60896
60896
60895
60895
60895
60895
60894
60894
60894
60894
60893
60893
60893
60893
60892
60891
60891
60890
60890
60890
60889
60889
60889
60889
60888
60888
60888
60888
60887
60887
60887
60887
60886
60886
60886
60886
60885
60885
60885
60885
60884
60884
60884
60884
60883
60883
60883
60883
60882
60882
60882
60882
60881
60881
60881
60881
60880
60880
60880
60879
60879
60879
60877
60877
60877
60876
60876
60876
60876
60875
60875
60875
60875
60874
60874
60874
60874
60873
60873
60873
60873
60872
60872
60872
60872
60871
60871
60871
60871
60870
60870
60870
60869
60869
60869
60869
60868
60868
60868
60868
60867
60867
60867
60867
60866
60866
60866
60866
60865
60865
60865
60865
60864
60864
60864
60861
60860
60857
60855
60854
60852
60852
60852
60851
60851
60851
60850
60850
60850
60850
60849
60849
60849
60849
60848
60848
60848
60848
60846
60846
60844
60844
60843
60843
60843
60842
60842
60842
60842
60841
60841
60841
60841
60840
60840
60840
60840
60839
60839
60839
60839
60817
60817
60815
60815
60815
60815
60814
60814
60814
60814
60813
60813
60813
60813
60812
60812
60812
60812
60811
60811
60811
60811
60810
60809
60808
60808
60808
60808
60807
60807
60807
60807
60806
60806
60806
60806
60805
60805
60805
60804
60803
60803
60802
60802
60802
60802
60801
60801
60801
60801
60800
60800
60800
60799
60799
60799
60799
60798
60798
60798
60798
60796
60796
60796
60795
60795
60795
60794
60794
60794
60794
60793
60793
60793
60793
60792
60792
60792
60792
60791
60791
60791
60790
60790
60789
60788
60788
60788
60788
60787
60787
60787
60787
60786
60786
60786
60786
60785
60785
60785
60785
60777
60777
60776
60776
60776
60776
60775
60775
60775
60775
60774
60774
60774
60773
60773
60773
60773
60772
60772
60772
60771
60771
60771
60771
60770
60770
60770
60770
60769
60769
60769
60769
60768
60768
60768
60768
60767
60767
60767
60767
60766
60766
60766
60766
60765
60764
60762
60761
60760
60758
60757
60756
60756
60755
60755
60755
60755
60754
60754
60754
60753
60753
60752
60752
60750
60750
60750
60749
60749
60749
60749
60748
60748
60748
60748
60747
60747
60747
60747
60746
60746
60746
60746
60745
60745
60743
60743
60742
60742
60741
60741
60741
60740
60740
60740
60740
60739
60739
60739
60739
60738
60738
60738
60738
60737
60737
60737
60737
60734
60732
60732
60732
60732
60731
60731
60731
60730
60730
60730
60730
60729
60729
60729
60729
60728
60727
60726
60726
60726
60726
60725
60725
60725
60725
60724
60724
60724
60724
60723
60723
60723
60723
60722
60722
60722
60722
60720
60720
60719
60718
60718
60718
60718
60717
60717
60717
60716
60716
60716
60716
60715
60715
60715
60715
60714
60714
60713
60712
60712
60712
60712
60711
60711
60711
60710
60710
60710
60710
60709
60709
60709
60709
60708
60708
60708
60708
60707
60707
60707
60707
60706
60706
60706
60706
60705
60705
60705
60705
60704
60704
60704
60704
60703
60703
60703
60703
60702
60702
60702
60702
60701
60701
60701
60701
60700
60700
60700
60700
60699
60699
60699
60699
60698
60698
60698
60698
60697
60697
60697
60697
60696
60696
60696
60696
60695
60695
60695
60692
60691
60689
60688
60686
60685
60684
60684
60684
60684
60683
60682
60682
60680
60680
60680
60679
60679
60679
60678
60678
60678
60678
60677
60677
60677
60677
60676
60676
60676
60676
60675
60675
60675
60673
60673
60672
60671
60671
60671
60671
60670
60670
60670
60670
60669
60669
60669
60669
60668
60668
60668
60668
60667
60667
60667
60667
60665
60665
60665
60664
60664
60664
60663
60663
60663
60662
60662
60662
60662
60661
60661
60661
60660
60659
60659
60659
60658
60658
60658
60657
60657
60657
60657
60656
60656
60656
60656
60655
60655
60655
60655
60654
60654
60654
60653
60652
60651
60651
60650
60650
60650
60649
60649
60649
60649
60648
60648
60648
60648
60647
60647
60646
60645
60645
60645
60645
60644
60644
60644
60644
60643
60643
60643
60643
60642
60642
60642
60640
60640
60640
60640
60639
60639
60639
60639
60638
60638
60638
60638
60637
60637
60637
60637
60636
60636
60636
60636
60635
60635
60635
60635
60634
60634
60634
60634
60633
60633
60633
60633
60632
60632
60632
60632
60631
60631
60631
60630
60630
60630
60630
60629
60629
60629
60629
60628
60628
60628
60628
60627
60627
60627
60627
60626
60626
60626
60626
60625
60625
60625
60625
60624
60623
60621
60620
60618
60617
60614
60614
60613
60613
60612
60612
60612
60611
60611
60611
60611
60610
60610
60610
60610
60609
60609
60609
60609
60608
60608
60608
60608
60606
60606
60603
60603
60603
60603
60602
60602
60602
60601
60601
60601
60601
60600
60600
60600
60600
60599
60599
60599
60599
60598
60598
60597
60596
60596
60596
60596
60595
60595
60595
60595
60594
60594
60594
60594
60593
60593
60593
60593
60591
60591
60591
60590
60590
60590
60590
60589
60589
60589
60589
60588
60588
60588
60588
60587
60587
60587
60587
60586
60586
60584
60584
60583
60582
60582
60582
60581
60581
60581
60581
60580
60580
60580
60580
60578
60578
60578
60577
60577
60577
60577
60576
60576
60576
60576
60575
60575
60575
60575
60574
60574
60574
60574
60573
60573
60573
60573
60572
60572
60572
60572
60571
60571
60571
60570
60570
60570
60570
60569
60569
60569
60569
60568
60568
60568
60568
60567
60567
60567
60567
60566
60566
60566
60566
60565
60565
60565
60565
60564
60564
60564
60564
60563
60563
60563
60563
60562
60562
60562
60562
60561
60561
60561
60561
60560
60560
60560
60560
60559
60559
60559
60559
60558
60558
60558
60558
60557
60557
60557
60557
60556
60556
60556
60553
60550
60548
60547
60546
60544
60544
60543
60543
60543
60543
60542
60542
60542
60542
60541
60541
60541
60541
60540
60540
60540
60538
60538
60537
60536
60536
60536
60535
60535
60535
60534
60534
60534
60534
60533
60533
60533
60533
60532
60532
60532
60532
60531
60531
60529
60529
60529
60529
60528
60528
60528
60528
60527
60527
60527
60527
60526
60526
60526
60526
60525
60524
60524
60523
60523
60523
60523
60522
60522
60522
60522
60521
60521
60521
60520
60520
60520
60520
60520
60519
60519
60519
60517
60517
60515
60515
60515
60515
60514
60514
60514
60514
60513
60512
60512
60511
60511
60511
60510
60510
60510
60510
60509
60509
60509
60507
60507
60507
60506
60506
60506
60506
60505
60505
60505
60505
60504
60504
60504
60504
60503
60503
60503
60503
60502
60502
60502
60502
60501
60501
60501
60501
60500
60500
60500
60500
60499
60499
60499
60499
60498
60498
60498
60498
60497
60497
60497
60497
60496
60496
60496
60496
60495
60495
60495
60495
60494
60494
60494
60494
60493
60493
60493
60493
60492
60492
60492
60492
60491
60491
60491
60490
60490
60490
60490
60489
60489
60489
60489
60488
60488
60488
60488
60487
60487
60487
60487
60486
60486
60486
60486
60484
60482
60481
60480
60478
60477
60476
60476
60475
60475
60475
60475
60474
60474
60474
60474
60472
60472
60471
60470
60470
60470
60470
60469
60469
60469
60469
60468
60468
60468
60468
60467
60467
60467
60467
60466
60466
60466
60465
60464
60464
60463
60463
60463
60463
60462
60462
60462
60462
60461
60461
60461
60461
60460
60460
60460
60457
60457
60456
60456
60456
60456
60455
60455
60453
60453
60453
60453
60452
60452
60452
60452
60451
60451
60451
60451
60450
60449
60449
60447
60447
60446
60446
60446
60446
60444
60444
60444
60444
60443
60443
60443
60442
60442
60442
60442
60441
60441
60441
60441
60439
60439
60437
60437
60437
60436
60436
60436
60436
60435
60435
60435
60435
60434
60434
60434
60434
60433
60433
60433
60432
60432
60432
60432
60431
60431
60431
60408
60407
60407
60406
60406
60405
60405
60405
60404
60404
60404
60403
60403
60403
60402
60402
60402
60401
60401
60401
60400
60400
60400
60399
60399
60399
60398
60398
60398
60398
60397
60397
60397
60396
60396
60396
60395
60395
60395
60395
60394
60394
60394
60393
60393
60393
60392
60392
60392
60391
60391
60391
60391
60390
60390
60390
60389
60389
60389
60388
60388
60388
60387
60387
60387
60385
60383
60381
60379
60378
60376
60376
60376
60376
60375
60374
60373
60372
60371
60371
60371
60370
60370
60370
60370
60369
60369
60369
60369
60368
60016
60014
60013
60012
60012
60011
60011
60011
60009
60009
60008
60008
60008
60007
60007
60007
60007
60006
60006
60006
60005
60005
60005
60005
60004
60003
60002
60002
60002
60002
60001
60001
60001
60001
60000
60000
60000
60000
59999
59999
59999
59998
59998
59998
59998
59997
59996
59996
59994
59994
59994
59994
59993
59993
59993
59993
59992
59992
59992
59992
59991
59991
59991
59990
59990
59990
59990
59990
59989
59988
59987
59986
59986
59986
59985
59985
59985
59984
59984
59984
59984
59983
59983
59983
59983
59982
59982
59982
59982
59981
59981
59981
59980
59980
59980
59980
59979
59979
59979
59979
59978
59978
59978
59976
59976
59976
59976
59975
59975
59975
59975
59974
59974
59974
59974
59973
59973
59972
59972
59972
59972
59971
59971
59971
59971
59970
59970
59970
59970
59969
59969
59969
59968
59968
59968
59968
59967
59967
59967
59966
59966
59966
59966
59965
59965
59965
59965
59964
59964
59964
59964
59963
59963
59963
59962
59962
59962
59962
59961
59961
59961
59961
59960
59960
59960
59959
59959
59959
59958
59958
59958
59957
59957
59957
59957
59956
59956
59956
59956
59955
59955
59954
59954
59954
59954
59953
59953
59953
59953
59952
59952
59952
59952
59951
59951
59951
59951
59950
59950
59950
59950
59949
59949
59949
59949
59948
59948
59948
59948
59947
59947
59947
59947
59946
59946
59946
59945
59945
59945
59945
59944
59944
59944
59944
59943
59943
59943
59943
59942
59942
59942
59941
59941
59941
59941
59940
59940
59940
59940
59939
59939
59939
59939
59938
59938
59938
59938
59937
59937
59937
59937
59936
59936
59936
59936
59935
59935
59935
59935
59934
59934
59934
59933
59933
59933
59933
59932
59932
59932
59932
59931
59931
59931
59931
59930
59930
59930
59929
59929
59929
59929
59928
59928
59928
59928
59927
59927
59927
59927
59926
59926
59926
59926
59925
59925
59925
59925
59924
59924
59924
59924
59923
59923
59923
59922
59922
59922
59922
59921
59921
59921
59921
59920
59920
59920
59920
59919
59919
59919
59919
59918
59918
59918
59918
59917
59917
59917
59917
59916
59916
59916
59915
59915
59915
59915
59914
59914
59914
59914
59913
59913
59913
59913
59912
59912
59912
59911
59911
59911
59911
59910
59910
59910
59910
59909
59909
59909
59909
59908
59907
59906
59906
59906
59905
59905
59905
59904
59904
59904
59904
59903
59903
59903
59903
59902
59902
59902
59901
59901
59901
59901
59900
59900
59900
59900
59899
59899
59899
59899
59898
59898
59898
59898
59897
59897
59897
59897
59896
59896
59896
59895
59895
59895
59895
59894
59894
59894
59894
59893
59893
59893
59893
59892
59892
59892
59892
59891
59891
59891
59891
59890
59890
59890
59890
59889
59889
59889
59889
59888
59888
59888
59888
59887
59887
59887
59887
59886
59886
59886
59885
59885
59885
59885
59884
59884
59884
59884
59883
59883
59883
59883
59882
59882
59882
59882
59881
59881
59880
59880
59880
59880
59879
59879
59879
59879
59878
59878
59878
59878
59877
59877
59877
59877
59876
59876
59876
59876
59875
59875
59875
59875
59874
59874
59874
59873
59873
59873
59873
59872
59872
59872
59872
59871
59871
59871
59871
59870
59870
59870
59870
59869
59869
59869
59869
59868
59868
59868
59868
59867
59867
59867
59867
59866
59866
59866
59866
59865
59865
59865
59865
59864
59864
59864
59864
59863
59863
59863
59863
59862
59862
59862
59862
59861
59861
59861
59861
59860
59860
59860
59860
59859
59859
59859
59859
59858
59858
59858
59858
59857
59857
59857
59856
59856
59856
59855
59855
59855
59854
59854
59854
59853
59853
59853
59853
59852
59852
59852
59851
59851
59851
59850
59850
59850
59850
59849
59849
59849
59848
59848
59848
59848
59847
59847
59847
59847
59846
59846
59846
59845
59845
59845
59844
59844
59844
59844
59843
59843
59843
59843
59842
59842
59842
59841
59841
59841
59841
59840
59840
59840
59840
59839
59839
59839
59838
59838
59837
59836
59836
59836
59836
59835
59835
59835
59835
59834
59834
59834
59834
59833
59833
59833
59833
59832
59832
59832
59832
59831
59831
59831
59830
59830
59830
59830
59829
59829
59829
59829
59828
59828
59828
59828
59827
59827
59827
59827
59826
59826
59826
59826
59825
59825
59825
59825
59824
59824
59824
59824
59823
59823
59823
59823
59822
59822
59822
59822
59821
59821
59821
59821
59820
59820
59820
59820
59819
59819
59819
59819
59818
59818
59818
59817
59817
59817
59817
59816
59816
59816
59816
59815
59815
59815
59815
59814
59814
59814
59813
59813
59813
59813
59812
59812
59812
59812
59811
59811
59811
59811
59810
59810
59810
59810
59809
59809
59809
59809
59808
59808
59808
59808
59807
59807
59807
59806
59806
59806
59806
59805
59805
59805
59805
59804
59804
59804
59803
59803
59803
59802
59802
59802
59801
59801
59801
59801
59800
59800
59800
59800
59799
59799
59799
59798
59798
59798
59798
59797
59797
59797
59797
59796
59796
59796
59796
59795
59795
59795
59795
59794
59794
59794
59793
59793
59793
59793
59792
59792
59792
59792
59791
59791
59791
59791
59790
59790
59790
59790
59789
59789
59789
59789
59788
59788
59788
59788
59787
59787
59787
59787
59786
59786
59786
59786
59785
59785
59785
59784
59784
59784
59784
59783
59783
59783
59783
59782
59782
59782
59782
59781
59781
59781
59781
59780
59780
59780
59780
59779
59779
59779
59779
59778
59778
59778
59778
59777
59777
59777
59777
59776
59776
59776
59776
59775
59775
59775
59774
59774
59774
59774
59773
59773
59773
59772
59772
59772
59772
59771
59771
59771
59771
59770
59770
59770
59768
59768
59768
59767
59767
59767
59766
59766
59766
59766
59765
59765
59765
59765
59764
59764
59764
59764
59763
59763
59763
59763
59762
59762
59762
59761
59761
59761
59760
59760
59760
59759
59759
59759
59759
59758
59758
59758
59758
59757
59757
59757
59757
59756
59756
59756
59756
59755
59755
59755
59755
59754
59754
59754
59754
59753
59753
59753
59753
59752
59752
59752
59752
59751
59751
59751
59750
59750
59750
59749
59749
59749
59748
59748
59748
59748
59747
59747
59747
59747
59746
59746
59746
59746
59745
59745
59745
59745
59744
59744
59744
59744
59743
59743
59743
59743
59742
59742
59742
59741
59741
59741
59741
59740
59740
59740
59740
59739
59739
59739
59739
59738
59738
59738
59738
59737
59737
59737
59737
59736
59736
59736
59735
59735
59735
59735
59734
59734
59734
59734
59733
59733
59733
59733
59732
59732
59732
59732
59731
59731
59731
59731
59730
59730
59730
59730
59729
59729
59729
59729
59728
59728
59728
59727
59727
59727
59727
59726
59726
59726
59726
59725
59725
59725
59725
59724
59724
59724
59724
59723
59723
59723
59723
59722
59722
59722
59721
59721
59721
59721
59720
59720
59720
59720
59719
59719
59719
59719
59718
59718
59718
59718
59717
59717
59717
59717
59716
59716
59716
59715
59715
59715
59715
59714
59714
59714
59714
59713
59713
59713
59713
59712
59712
59712
59712
59711
59711
59711
59711
59710
59710
59710
59710
59709
59709
59709
59709
59708
59708
59708
59707
59707
59707
59707
59706
59706
59706
59706
59705
59705
59705
59705
59704
59704
59704
59704
59703
59703
59703
59703
59702
59702
59702
59702
59701
59701
59696
59695
59695
59694
59694
59694
59693
59693
59693
59692
59692
59692
59692
59691
59691
59691
59691
59690
59690
59690
59689
59689
59689
59689
59688
59688
59688
59687
59687
59687
59687
59686
59686
59686
59685
59685
59685
59685
59684
59684
59684
59684
59683
59683
59683
59683
59682
59682
59682
59682
59681
59681
59681
59681
59680
59680
59680
59679
59679
59679
59679
59678
59678
59678
59678
59677
59677
59677
59677
59676
59676
59676
59675
59675
59675
59675
59674
59674
59674
59674
59673
59673
59673
59673
59672
59672
59672
59672
59671
59671
59671
59671
59670
59670
59670
59670
59669
59669
59669
59668
59668
59668
59668
59667
59667
59667
59667
59666
59666
59666
59666
59665
59665
59665
59665
59664
59664
59664
59664
59663
59663
59663
59663
59662
59662
59662
59662
59661
59661
59661
59661
59660
59660
59660
59660
59659
59659
59659
59658
59658
59658
59658
59657
59657
59657
59657
59656
59656
59656
59656
59655
59655
59655
59655
59654
59654
59654
59654
59653
59653
59653
59653
59652
59652
59652
59652
59651
59651
59651
59650
59650
59650
59650
59649
59649
59649
59649
59648
59648
59648
59648
59647
59647
59647
59647
59646
59646
59646
59645
59645
59645
59645
59644
59644
59643
59643
59643
59642
59642
59641
59641
59641
59640
59640
59640
59640
59639
59639
59639
59639
59638
59638
59638
59638
59637
59637
59637
59637
59636
59636
59636
59635
59635
59635
59635
59634
59634
59634
59634
59633
59633
59633
59633
59632
59632
59632
59632
59631
59631
59631
59630
59630
59630
59630
59629
59629
59629
59629
59628
59628
59628
59628
59627
59627
59627
59627
59625
59625
59625
59624
59624
59624
59624
59623
59623
59623
59623
59622
59622
59622
59622
59621
59621
59621
59621
59620
59620
59620
59619
59619
59619
59619
59618
59618
59618
59618
59617
59617
59617
59616
59616
59616
59616
59615
59615
59615
59615
59614
59614
59614
59614
59613
59613
59613
59613
59612
59612
59612
59611
59611
59611
59611
59610
59610
59610
59609
59609
59609
59609
59608
59608
59608
59608
59607
59607
59607
59607
59606
59606
59606
59605
59605
59605
59605
59604
59604
59604
59604
59603
59603
59603
59602
59602
59602
59601
59601
59601
59601
59600
59600
59600
59600
59599
59599
59599
59599
59598
59598
59598
59598
59597
59597
59597
59596
59596
59596
59596
59595
59595
59595
59595
59594
59594
59594
59594
59593
59593
59593
59593
59592
59592
59592
59592
59591
59591
59591
59590
59590
59590
59589
59589
59589
59589
59588
59588
59588
59588
59587
59587
59587
59586
59586
59586
59586
59585
59585
59585
59584
59584
59584
59584
59583
59583
59583
59583
59582
59582
59582
59582
59581
59581
59581
59581
59580
59580
59580
59580
59579
59579
59579
59579
59578
59578
59578
59577
59577
59577
59577
59576
59576
59576
59576
59575
59575
59575
59575
59574
59574
59574
59573
59573
59573
59573
59572
59572
59572
59572
59571
59571
59571
59571
59570
59570
59570
59570
59569
59569
59569
59569
59568
59568
59568
59568
59567
59567
59567
59567
59566
59566
59566
59566
59565
59565
59564
59564
59564
59564
59563
59563
59563
59563
59562
59562
59562
59562
59561
59561
59561
59561
59560
59560
59560
59560
59559
59559
59559
59559
59558
59558
59558
59558
59557
59556
59556
59555
59555
59555
59554
59554
59554
59553
59553
59553
59553
59552
59552
59552
59552
59551
59551
59551
59551
59550
59550
59550
59550
59549
59549
59549
59548
59548
59548
59548
59547
59547
59547
59546
59546
59546
59546
59545
59545
59545
59545
59544
59544
59544
59544
59543
59543
59543
59543
59542
59542
59542
59542
59541
59541
59541
59541
59540
59540
59540
59540
59539
59539
59539
59538
59538
59538
59537
59537
59537
59536
59536
59536
59536
59535
59535
59535
59535
59534
59534
59534
59533
59533
59533
59532
59532
59531
59531
59531
59530
59530
59530
59529
59529
59528
59528
59528
59527
59527
59527
59526
59526
59526
59525
59525
59525
59525
59524
59524
59524
59524
59523
59523
59523
59523
59522
59522
59522
59521
59521
59521
59521
59520
59520
59520
59519
59519
59519
59519
59518
59518
59518
59518
59517
59517
59517
59517
59516
59516
59516
59516
59515
59515
59515
59515
59514
59514
59514
59513
59513
59513
59513
59512
59512
59512
59512
59511
59511
59511
59511
59510
59510
59510
59510
59509
59509
59509
59509
59508
59508
59508
59508
59507
59507
59507
59507
59506
59506
59506
59506
59505
59505
59505
59505
59504
59504
59504
59503
59503
59503
59503
59503
59502
59502
59502
59501
59501
59501
59501
59500
59500
59500
59500
59499
59499
59499
59499
59498
59498
59498
59497
59497
59497
59497
59496
59496
59496
59496
59495
59495
59495
59495
59494
59494
59494
59493
59493
59493
59493
59492
59492
59492
59492
59491
59491
59491
59491
59490
59490
59490
59490
59489
59489
59489
59489
59488
59488
59488
59487
59487
59487
59487
59486
59486
59486
59484
59484
59483
59483
59483
59482
59482
59482
59481
59481
59481
59480
59480
59480
59480
59479
59479
59479
59479
59478
59478
59478
59478
59477
59477
59477
59477
59476
59476
59476
59475
59475
59475
59475
59474
59474
59474
59474
59473
59473
59473
59473
59472
59472
59472
59472
59471
59471
59471
59470
59470
59470
59470
59469
59469
59469
59468
59468
59468
59468
59467
59467
59467
59467
59466
59466
59466
59465
59465
59465
59464
59464
59464
59464
59463
59463
59463
59463
59462
59462
59462
59462
59461
59461
59461
59461
59460
59460
59460
59460
59459
59459
59459
59459
59458
59458
59458
59458
59457
59457
59457
59457
59456
59456
59456
59456
59455
59455
59455
59454
59454
59454
59454
59453
59453
59453
59453
59452
59452
59452
59452
59451
59451
59451
59451
59450
59450
59450
59450
59449
59449
59449
59449
59448
59448
59448
59447
59447
59447
59447
59446
59446
59446
59445
59445
59445
59445
59444
59444
59444
59443
59443
59443
59443
59442
59442
59442
59442
59441
59441
59441
59440
59440
59440
59440
59439
59439
59439
59439
59438
59438
59438
59438
59437
59437
59437
59437
59436
59436
59436
59436
59435
59435
59435
59435
59434
59434
59434
59434
59433
59433
59433
59432
59432
59431
59431
59414
59413
59413
59412
59412
59412
59411
59411
59411
59411
59410
59410
59410
59410
59409
59409
59409
59408
59408
59408
59408
59407
59407
59407
59406
59406
59406
59406
59405
59405
59405
59405
59404
59404
59404
59404
59403
59403
59403
59403
59402
59402
59402
59402
59401
59401
59401
59401
59400
59400
59400
59400
59399
59399
59399
59399
59398
59398
59398
59398
59396
59396
59395
59395
59395
59394
59394
59394
59394
59393
59393
59393
59393
59392
59392
59392
59391
59391
59391
59391
59390
59390
59390
59390
59389
59389
59389
59389
59388
59388
59388
59387
59387
59387
59387
59386
59386
59386
59385
59385
59385
59385
59384
59384
59384
59384
59383
59383
59383
59383
59382
59382
59382
59382
59381
59381
59381
59381
59380
59380
59380
59380
59379
59379
59379
59379
59378
59378
59378
59378
59377
59377
59377
59377
59376
59376
59376
59376
59375
59375
59375
59375
59374
59374
59374
59373
59373
59373
59372
59372
59372
59372
59371
59371
59371
59371
59370
59370
59370
59370
59369
59369
59369
59369
59368
59368
59368
59368
59367
59367
59367
59367
59366
59366
59365
59365
59365
59364
59364
59364
59364
59363
59363
59363
59363
59362
59362
59362
59361
59361
59361
59360
59360
59360
59359
59359
59359
59359
59358
59358
59358
59357
59357
59357
59357
59356
59356
59356
59355
59355
59355
59355
59354
59354
59354
59354
59353
59353
59353
59353
59352
59352
59352
59352
59351
59351
59351
59351
59350
59350
59350
59349
59349
59349
59349
59348
59348
59348
59348
59347
59347
59347
59347
59346
59346
59346
59346
59345
59345
59345
59345
59344
59344
59344
59344
59343
59343
59343
59342
59342
59342
59341
59341
59341
59341
59340
59340
59340
59340
59339
59339
59339
59339
59338
59338
59338
59338
59337
59337
59337
59337
59336
59336
59336
59336
59335
59335
59334
59334
59334
59334
59333
59333
59333
59332
59332
59332
59332
59331
59331
59331
59331
59330
59330
59330
59330
59329
59329
59329
59329
59328
59328
59328
59328
59327
59327
59326
59325
59325
59325
59325
59324
59324
59324
59324
59323
59323
59323
59323
59322
59322
59322
59322
59321
59321
59321
59320
59320
59320
59320
59319
59319
59319
59319
59318
59318
59318
59318
59317
59317
59317
59317
59316
59316
59316
59316
59315
59315
59315
59315
59314
59314
59314
59314
59313
59313
59313
59313
59312
59312
59312
59312
59311
59311
59311
59311
59310
59310
59310
59309
59309
59309
59308
59308
59308
59307
59307
59307
59306
59306
59306
59306
59305
59305
59305
59305
59304
59304
59304
59304
59303
59303
59303
59302
59302
59302
59302
59301
59301
59301
59301
59300
59300
59300
59300
59299
59299
59299
59299
59298
59298
59298
59298
59297
59297
59297
59296
59296
59296
59296
59295
59295
59295
59294
59294
59294
59293
59293
59293
59293
59292
59292
59292
59292
59291
59291
59291
59291
59290
59290
59290
59290
59289
59289
59289
59289
59288
59287
59287
59287
59286
59286
59286
59286
59285
59285
59284
59284
59284
59283
59283
59283
59282
59282
59282
59281
59281
59281
59281
59280
59280
59280
59280
59279
59279
59279
59279
59278
59278
59278
59278
59277
59277
59277
59277
59276
59276
59276
59275
59275
59275
59275
59274
59274
59274
59274
59273
59273
59273
59272
59272
59272
59272
59271
59271
59271
59271
59270
59270
59270
59270
59269
59269
59269
59269
59268
59268
59268
59267
59267
59267
59267
59266
59266
59266
59266
59265
59265
59265
59265
59264
59264
59264
59263
59263
59263
59262
59262
59262
59262
59261
59261
59261
59261
59260
59260
59260
59260
59259
59259
59259
59259
59258
59258
59258
59258
59257
59257
59257
59257
59256
59256
59254
59254
59254
59253
59253
59252
59252
59252
59251
59251
59251
59251
59250
59250
59250
59250
59249
59249
59249
59249
59248
59248
59248
59248
59247
59247
59247
59246
59246
59246
59246
59245
59245
59245
59244
59244
59244
59244
59243
59243
59243
59243
59242
59242
59242
59242
59241
59241
59241
59241
59240
59240
59240
59240
59239
59239
59239
59238
59238
59238
59238
59237
59237
59237
59237
59236
59236
59236
59235
59235
59235
59235
59234
59234
59234
59234
59233
59233
59233
59233
59232
59232
59232
59232
59231
59231
59231
59231
59230
59230
59230
59230
59229
59229
59229
59229
59228
59228
59228
59228
59227
59227
59227
59227
59226
59226
59226
59226
59225
59225
59225
59224
59224
59224
59224
59223
59223
59223
59223
59222
59222
59222
59222
59221
59221
59221
59221
59220
59220
59220
59220
59219
59219
59219
59219
59218
59218
59218
59217
59217
59217
59217
59216
59216
59216
59216
59215
59215
59215
59215
59214
59214
59214
59214
59213
59213
59213
59213
59212
59212
59212
59211
59211
59211
59210
59210
59210
59210
59209
59209
59209
59209
59208
59208
59208
59208
59207
59207
59207
59207
59206
59206
59206
59206
59205
59205
59205
59205
59204
59204
59204
59203
59202
59200
59198
59197
59195
59194
59193
59193
59193
59192
59192
59192
59191
59191
59191
59191
59190
59189
59189
59187
59187
59186
59186
59186
59186
59185
59185
59185
59185
59184
59184
59184
59184
59183
59183
59183
59182
59182
59182
59182
59180
59180
59178
59178
59178
59177
59177
59177
59176
59176
59176
59176
59175
59175
59175
59175
59174
59174
59174
59174
59173
59173
59173
59171
59170
59170
59169
59169
59169
59168
59168
59168
59168
59167
59167
59167
59167
59166
59166
59166
59166
59165
59165
59165
59165
59164
59163
59162
59162
59162
59162
59161
59161
59161
59161
59160
59160
59160
59159
59159
59159
59159
59158
59157
59156
59156
59156
59155
59154
59154
59154
59154
59153
59153
59153
59153
59152
59152
59152
59151
59151
59151
59151
59150
59150
59150
59150
59149
59149
59149
59149
59148
59148
59148
59148
59147
59147
59147
59147
59146
59146
59144
59144
59144
59144
59143
59143
59143
59143
59142
59142
59142
59142
59141
59141
59141
59141
59140
59140
59140
59140
59139
59139
59139
59139
59138
59138
59138
59138
59137
59137
59137
59137
59136
59136
59136
59136
59135
59135
59135
59135
59134
59134
59134
59134
59133
59133
59133
59133
59132
59132
59132
59130
59128
59126
59124
59123
59120
59120
59119
59119
59119
59119
59118
59118
59117
59117
59117
59117
59116
59116
59116
59116
59115
59115
59114
59113
59111
59110
59110
59110
59110
59109
59109
59109
59109
59108
59108
59108
59108
59107
59107
59107
59107
59106
59106
59105
59105
59104
59103
59102
59102
59101
59101
59101
59101
59100
59100
59100
59100
59099
59099
59099
59099
59098
59098
59098
59097
59097
59097
59096
59095
59094
59094
59094
59094
59093
59093
59093
59093
59092
59092
59092
59092
59091
59091
59091
59091
59090
59090
59090
59090
59089
59089
59088
59087
59087
59087
59087
59086
59086
59086
59086
59085
59085
59085
59085
59084
59084
59083
59082
59082
59082
59082
59081
59081
59081
59081
59080
59080
59080
59080
59079
59079
59079
59079
59078
59078
59078
59078
59076
59076
59076
59075
59074
59073
59073
59073
59073
59072
59072
59072
59072
59071
59071
59071
59071
59070
59070
59070
59070
59069
59069
59069
59069
59068
59068
59068
59068
59067
59067
59067
59067
59066
59066
59066
59066
59065
59065
59065
59065
59064
59064
59064
59064
59063
59063
59063
59062
59062
59062
59062
59061
59061
59061
59061
59060
59060
59060
59060
59059
59059
59059
59059
59057
59055
59053
59052
59050
59049
59049
59048
59048
59048
59048
59047
59047
59047
59047
59046
59046
59045
59045
59043
59043
59042
59042
59042
59041
59041
59041
59041
59040
59040
59040
59040
59039
59039
59039
59039
59038
59038
59038
59038
59036
59036
59035
59034
59034
59034
59033
59033
59033
59033
59032
59032
59032
59032
59031
59031
59031
59031
59030
59030
59030
59030
59029
59028
59028
59027
59027
59027
59027
59026
59026
59026
59026
59025
59025
59025
59025
59024
59024
59024
59024
59023
59023
59023
59023
59022
59021
59021
59020
59020
59020
59020
59019
59019
59019
59019
59018
59018
59018
59017
59017
59016
59016
59015
59015
59015
59015
59014
59014
59014
59014
59013
59013
59013
59013
59012
59012
59012
59012
59011
59011
59011
59011
59009
59009
59009
59008
59008
59008
59008
59007
59007
59007
59007
59006
59006
59006
59005
59005
59005
59005
59004
59004
59004
59004
59003
59003
59003
59003
59002
59002
59002
59002
59001
59001
59001
59001
59000
59000
59000
59000
58999
58999
58999
58999
58998
58998
58998
58998
58997
58997
58997
58997
58996
58996
58996
58996
58995
58995
58995
58995
58994
58994
58994
58994
58993
58993
58993
58993
58992
58992
58992
58989
58987
58986
58985
58983
58982
58981
58981
58981
58980
58980
58979
58979
58976
58976
58975
58975
58975
58975
58974
58974
58974
58974
58973
58973
58973
58973
58972
58972
58972
58971
58971
58971
58971
58969
58969
58967
58967
58967
58967
58966
58966
58966
58966
58965
58965
58965
58965
58964
58964
58964
58964
58963
58963
58963
58963
58962
58961
58961
58960
58960
58960
58960
58959
58959
58959
58959
58958
58958
58958
58958
58957
58957
58957
58957
58956
58956
58956
58956
58955
58954
58954
58953
58953
58953
58952
58952
58952
58952
58951
58951
58951
58951
58950
58950
58948
58948
58947
58946
58946
58946
58946
58945
58945
58945
58945
58944
58944
58932
58931
58931
58930
58930
58930
58928
58928
58927
58927
58927
58927
58926
58926
58926
58926
58925
58925
58925
58925
58924
58924
58924
58924
58923
58923
58923
58923
58922
58922
58922
58921
58921
58921
58921
58920
58920
58920
58920
58919
58919
58919
58919
58918
58918
58918
58918
58917
58917
58917
58917
58916
58916
58916
58916
58915
58915
58915
58915
58914
58914
58914
58914
58913
58913
58913
58913
58912
58912
58912
58912
58911
58911
58911
58911
58910
58910
58910
58910
58909
58909
58909
58908
58908
58906
58903
58902
58901
58899
58897
58896
58894
58894
58894
58894
58893
58893
58893
58892
58892
58892
58891
58891
58891
58891
58890
58890
58890
58890
58889
58889
58889
58887
58887
58886
58885
58885
58885
58884
58884
58884
58883
58883
58883
58883
58882
58882
58882
58882
58881
58881
58881
58881
58880
58880
58879
58878
58878
58878
58877
58877
58877
58877
58876
58876
58876
58876
58875
58874
58873
58873
58873
58873
58872
58872
58872
58872
58871
58870
58870
58869
58869
58869
58869
58868
58868
58868
58867
58867
58867
58867
58866
58866
58865
58865
58863
58863
58863
58862
58862
58862
58862
58861
58861
58861
58860
58860
58860
58860
58858
58858
58858
58858
58857
58857
58857
58856
58856
58856
58856
58855
58855
58855
58855
58854
58854
58854
58854
58853
58853
58853
58852
58852
58851
58851
58851
58850
58850
58850
58849
58849
58849
58849
58848
58848
58848
58848
58847
58847
58847
58847
58846
58846
58846
58845
58845
58845
58845
58844
58844
58844
58844
58843
58843
58843
58843
58842
58842
58842
58842
58841
58841
58841
58840
58840
58840
58840
58839
58839
58839
58839
58838
58838
58838
58838
58837
58837
58837
58837
58836
58836
58836
58836
58835
58835
58835
58833
58831
58829
58828
58827
58825
58825
58825
58824
58824
58824
58824
58823
58823
58823
58822
58822
58822
58822
58821
58821
58821
58818
58818
58817
58816
58816
58816
58816
58815
58815
58815
58815
58814
58814
58814
58814
58813
58813
58813
58813
58812
58812
58812
58812
58810
58810
58810
58809
58809
58809
58809
58808
58808
58808
58808
58807
58807
58807
58806
58806
58806
58806
58805
58805
58805
58805
58804
58803
58803
58802
58802
58802
58802
58801
58801
58801
58801
58800
58800
58800
58800
58799
58798
58798
58796
58796
58796
58796
58795
58795
58795
58794
58794
58794
58794
58792
58792
58792
58791
58791
58791
58791
58790
58790
58790
58788
58788
58788
58788
58787
58787
58787
58787
58786
58786
58786
58786
58785
58785
58785
58785
58784
58784
58784
58784
58783
58783
58782
58781
58781
58781
58781
58780
58780
58780
58780
58779
58779
58779
58779
58778
58778
58778
58778
58777
58777
58777
58777
58776
58776
58776
58775
58775
58775
58775
58774
58774
58774
58774
58773
58773
58773
58773
58772
58772
58772
58772
58771
58771
58771
58771
58770
58770
58770
58770
58769
58769
58769
58769
58768
58768
58768
58768
58767
58767
58767
58767
58766
58766
58766
58766
58764
58762
58760
58759
58757
58756
58756
58755
58755
58755
58754
58754
58754
58754
58753
58753
58752
58751
58750
58750
58749
58749
58749
58748
58748
58748
58747
58747
58747
58746
58746
58746
58746
58745
58745
58745
58745
58744
58744
58743
58742
58742
58742
58742
58741
58741
58741
58741
58740
58740
58740
58740
58739
58739
58739
58739
58738
58738
58738
58738
58737
58737
58736
58735
58735
58735
58735
58734
58734
58734
58734
58733
58733
58733
58733
58732
58732
58730
58730
58729
58729
58728
58728
58728
58728
58727
58727
58726
58725
58725
58725
58725
58724
58724
58724
58724
58723
58723
58723
58723
58721
58721
58720
58719
58719
58719
58719
58718
58718
58718
58717
58717
58717
58717
58716
58716
58716
58716
58715
58715
58715
58715
58714
58714
58714
58714
58713
58713
58712
58712
58712
58712
58711
58711
58711
58711
58710
58710
58710
58710
58709
58709
58709
58709
58708
58708
58708
58708
58707
58707
58707
58707
58706
58706
58706
58706
58705
58705
58705
58705
58704
58704
58704
58704
58703
58703
58703
58702
58702
58702
58702
58701
58701
58701
58701
58700
58700
58700
58700
58699
58699
58699
58699
58698
58698
58698
58698
58697
58697
58697
58696
58696
58693
58692
58690
58689
58687
58686
58686
58685
58685
58685
58682
58682
58680
58680
58680
58680
58679
58679
58679
58679
58678
58678
58678
58678
58677
58677
58677
58677
58676
58676
58676
58675
58675
58673
58673
58673
58673
58672
58672
58672
58672
58671
58671
58671
58671
58670
58670
58670
58670
58669
58669
58669
58669
58668
58668
58668
58666
58666
58665
58665
58665
58664
58664
58664
58664
58663
58663
58663
58662
58662
58662
58660
58660
58645
58645
58644
58644
58644
58642
58642
58642
58642
58641
58641
58641
58640
58640
58640
58640
58639
58639
58639
58639
58638
58637
58637
58635
58635
58635
58634
58634
58634
58633
58633
58633
58633
58632
58632
58632
58632
58631
58631
58631
58631
58630
58630
58630
58630
58629
58629
58629
58629
58628
58628
58628
58628
58627
58627
58627
58627
58626
58626
58626
58626
58625
58625
58625
58625
58624
58624
58624
58624
58623
58623
58623
58623
58622
58622
58622
58622
58621
58621
58621
58621
58620
58620
58620
58620
58619
58619
58619
58619
58618
58618
58618
58618
58617
58617
58617
58617
58616
58616
58616
58615
58615
58615
58615
58614
58614
58614
58614
58613
58613
58613
58613
58612
58612
58612
58612
58611
58611
58611
58609
58608
58606
58604
58601
58600
58598
58597
58597
58597
58597
58596
58596
58596
58595
58595
58595
58594
58594
58594
58594
58593
58593
58593
58593
58592
58592
58591
58590
58590
58590
58590
58589
58589
58589
58589
58588
58588
58588
58588
58587
58587
58587
58587
58586
58586
58586
58586
58585
58585
58584
58583
58583
58583
58582
58582
58582
58582
58581
58581
58581
58581
58580
58580
58579
58577
58577
58575
58575
58574
58573
58573
58573
58573
58572
58572
58572
58572
58571
58571
58571
58571
58570
58570
58570
58570
58569
58569
58568
58567
58566
58566
58565
58565
58565
58565
58564
58564
58564
58563
58563
58563
58562
58562
58562
58562
58561
58561
58561
58561
58560
58560
58560
58560
58559
58559
58559
58559
58558
58558
58558
58558
58557
58557
58557
58557
58556
58556
58556
58556
58555
58555
58555
58555
58554
58554
58554
58554
58553
58553
58553
58553
58552
58552
58552
58552
58551
58551
58551
58550
58550
58550
58550
58549
58549
58549
58549
58548
58548
58548
58548
58547
58547
58547
58547
58546
58546
58546
58546
58545
58545
58545
58545
58544
58544
58544
58544
58543
58543
58543
58543
58542
58542
58542
58542
58541
58541
58541
58540
58540
58540
58540
58537
58536
58534
58533
58531
58528
58528
58528
58528
58527
58527
58527
58527
58526
58526
58526
58525
58525
58525
58525
58524
58523
58523
58523
58522
58522
58522
58522
58521
58521
58521
58520
58520
58520
58520
58519
58519
58519
58519
58518
58518
58518
58518
58517
58516
58515
58515
58515
58514
58514
58514
58514
58513
58513
58513
58513
58512
58512
58512
58511
58509
58508
58508
58507
58507
58507
58506
58506
58506
58505
58505
58505
58505
58504
58504
58504
58504
58503
58503
58503
58503
58502
58501
58501
58499
58499
58499
58498
58498
58498
58498
58497
58497
58497
58496
58496
58496
58496
58495
58495
58495
58495
58494
58494
58494
58492
58492
58492
58492
58491
58491
58491
58491
58490
58490
58490
58490
58489
58489
58489
58489
58488
58488
58488
58488
58487
58487
58487
58485
58485
58485
58484
58484
58484
58484
58483
58483
58483
58483
58482
58482
58482
58482
58481
58481
58481
58481
58480
58480
58480
58480
58479
58479
58479
58479
58478
58478
58478
58478
58477
58477
58477
58476
58476
58476
58476
58475
58475
58475
58475
58474
58474
58474
58474
58473
58473
58473
58473
58472
58472
58472
58472
58471
58471
58471
58471
58470
58470
58468
58468
58468
58468
58466
58465
58463
58462
58460
58458
58458
58458
58458
58457
58457
58457
58457
58456
58456
58455
58454
58454
58454
58454
58453
58453
58453
58453
58452
58452
58452
58452
58451
58451
58451
58450
58450
58450
58449
58449
58449
58449
58447
58447
58447
58446
58446
58446
58446
58445
58445
58445
58445
58444
58444
58443
58442
58441
58441
58439
58439
58439
58438
58438
58438
58438
58437
58437
58437
58437
58436
58436
58436
58436
58435
58435
58435
58435
58434
58434
58433
58432
58431
58418
58417
58417
58417
58416
58416
58416
58415
58415
58415
58415
58414
58414
58414
58414
58413
58413
58413
58413
58412
58411
58411
58410
58410
58410
58410
58409
58409
58409
58409
58408
58408
58408
58408
58407
58407
58407
58407
58406
58406
58406
58406
58405
58405
58405
58404
58404
58404
58404
58403
58403
58403
58403
58402
58402
58402
58402
58401
58401
58401
58401
58400
58400
58400
58400
58399
58399
58399
58399
58398
58398
58398
58398
58397
58397
58397
58397
58396
58396
58396
58396
58395
58395
58395
58394
58394
58394
58394
58393
58393
58393
58393
58392
58392
58392
58392
58391
58391
58391
58391
58389
58389
58388
58388
58388
58388
58387
58387
58387
58387
58386
58386
58386
58383
58382
58380
58379
58376
58375
58374
58374
58374
58372
58372
58372
58372
58371
58371
58371
58371
58370
58370
58370
58370
58369
58369
58369
58369
58368
58368
58368
58368
58367
58367
58367
58365
58365
58365
58365
58364
58364
58364
58363
58363
58363
58361
58361
58361
58361
58360
58359
58359
58357
58357
58357
58357
58356
58356
58356
58355
58355
58355
58355
58354
58354
58354
58354
58353
58353
58353
58353
58352
58352
58351
58350
58349
58349
58348
58348
58348
58347
58347
58347
58347
58347
58346
58346
58346
58345
58345
58345
58345
58344
58344
58344
58344
58342
58342
58342
58341
58341
58341
58340
58340
58340
58340
58339
58339
58339
58339
58338
58338
58338
58338
58337
58337
58337
58337
58336
58336
58336
58336
58335
58335
58335
58335
58334
58334
58334
58333
58333
58333
58333
58332
58332
58332
58332
58331
58331
58331
58331
58330
58330
58330
58330
58329
58329
58329
58329
58328
58328
58328
58328
58327
58327
58327
58327
58326
58326
58326
58326
58325
58325
58325
58325
58324
58324
58324
58324
58323
58323
58323
58323
58321
58321
58320
58320
58320
58320
58319
58319
58319
58319
58318
58318
58318
58318
58317
58317
58317
58317
58316
58316
58316
58316
58314
58312
58311
58309
58307
58306
58305
58305
58305
58304
58304
58304
58304
58303
58303
58303
58303
58302
58302
58302
58301
58301
58301
58301
58300
58300
58299
58299
58298
58298
58298
58297
58297
58295
58294
58294
58294
58293
58293
58293
58293
58291
58291
58289
58289
58289
58288
58288
58288
58288
58287
58287
58287
58287
58286
58286
58286
58286
58285
58285
58285
58285
58284
58284
58281
58281
58280
58280
58279
58279
58279
58279
58278
58278
58278
58277
58277
58277
58277
58276
58276
58276
58276
58275
58275
58275
58275
58273
58273
58273
58272
58272
58272
58271
58271
58271
58271
58270
58270
58270
58270
58269
58269
58269
58269
58268
58268
58268
58267
58267
58267
58267
58266
58266
58266
58266
58265
58265
58265
58265
58264
58264
58264
58264
58263
58263
58263
58263
58262
58262
58261
58261
58261
58261
58260
58260
58260
58260
58259
58259
58259
58259
58258
58258
58258
58258
58257
58257
58257
58257
58256
58256
58256
58256
58255
58255
58255
58255
58254
58254
58254
58252
58252
58252
58251
58251
58251
58251
58250
58250
58250
58250
58249
58249
58249
58249
58248
58248
58248
58248
58247
58247
58247
58247
58246
58246
58246
58246
58245
58245
58245
58245
58243
58242
58240
58239
58236
58235
58234
58234
58234
58234
58233
58233
58233
58233
58232
58232
58232
58231
58231
58231
58230
58229
58229
58229
58227
58227
58227
58227
58226
58226
58226
58226
58225
58225
58225
58223
58223
58222
58221
58221
58221
58221
58220
58220
58220
58220
58219
58219
58219
58219
58218
58218
58218
58218
58217
58217
58217
58217
58215
58215
58213
58213
58213
58212
58212
58212
58212
58211
58211
58211
58211
58210
58210
58210
58210
58209
58209
58209
58209
58208
58208
58207
58206
58206
58206
58206
58205
58205
58205
58204
58204
58204
58204
58203
58203
58203
58203
58202
58202
58202
58202
58201
58201
58201
58200
58199
58199
58199
58198
58198
58198
58198
58197
58197
58197
58197
58196
58196
58196
58196
58195
58195
58195
58195
58194
58194
58194
58194
58192
58192
58192
58191
58191
58191
58191
58190
58190
58190
58190
58189
58189
58189
58189
58188
58188
58188
58188
58187
58187
58187
58187
58186
58185
58185
58184
58184
58183
58183
58183
58183
58182
58182
58182
58182
58181
58181
58181
58181
58180
58180
58180
58180
58179
58179
58179
58179
58178
58178
58178
58178
58177
58177
58177
58177
58176
58176
58176
58176
58175
58175
58175
58175
58173
58172
58170
58169
58167
58166
58166
58165
58165
58165
58165
58164
58164
58164
58162
58161
58161
58161
58160
58160
58160
58159
58159
58159
58159
58158
58158
58158
58158
58156
58156
58155
58154
58154
58154
58153
58153
58153
58153
58152
58152
58152
58152
58151
58151
58151
58151
58150
58150
58150
58149
58149
58148
58148
58146
58146
58146
58145
58145
58145
58145
58144
58144
58144
58143
58143
58143
58143
58142
58142
58142
58142
58141
58141
58141
58139
58139
58139
58139
58138
58138
58138
58138
58137
58137
58137
58137
58136
58136
58136
58136
58135
58135
58135
58135
58134
58134
58134
58132
58132
58132
58131
58131
58131
58131
58130
58130
58130
58130
58129
58129
58129
58129
58128
58128
58128
58128
58127
58127
58127
58126
58126
58126
58126
58125
58125
58125
58125
58124
58124
58124
58124
58123
58123
58123
58123
58122
58122
58122
58122
58121
58121
58121
58119
58119
58119
58119
58118
58118
58118
58118
58117
58117
58117
58117
58116
58116
58116
58116
58115
58115
58115
58115
58114
58114
58114
58114
58113
58113
58113
58113
58112
58112
58112
58112
58111
58111
58111
58111
58110
58110
58110
58110
58109
58109
58109
58109
58108
58108
58108
58108
58107
58104
58103
58101
58099
58097
58096
58094
58094
58093
58092
58092
58092
58092
58091
58091
58091
58091
58090
58090
58090
58090
58089
58089
58088
58087
58086
58086
58085
58085
58085
58085
58084
58084
58084
58084
58083
58083
58083
58083
58082
58082
58082
58082
58081
58081
58081
58079
58079
58078
58077
58077
58077
58077
58076
58076
58076
58076
58075
58075
58075
58075
58074
58074
58074
58074
58073
58073
58073
58073
58071
58071
58071
58070
58070
58070
58070
58069
58069
58069
58069
58068
58068
58068
58068
58067
58067
58067
58067
58066
58066
58066
58066
58064
58064
58064
58063
58063
58063
58063
58062
58062
58062
58062
58061
58061
58061
58061
58060
58060
58060
58060
58059
58059
58059
58059
58058
58058
58058
58058
58057
58057
58057
58057
58056
58056
58056
58055
58055
58055
58055
58054
58054
58054
58054
58052
58052
58052
58051
58051
58051
58051
58050
58050
58050
58050
58049
58049
58049
58049
58048
58048
58048
58048
58047
58047
58047
58047
58046
58046
58046
58046
58045
58045
58045
58045
58044
58044
58044
58044
58043
58043
58043
58043
58042
58042
58042
58042
58041
58041
58041
58041
58040
58040
58040
58039
58039
58039
58039
58038
58038
58038
58038
58036
58035
58032
58031
58030
58029
58028
58028
58027
58027
58027
58027
58025
58025
58025
58024
58024
58024
58023
58022
58021
58021
58021
58020
58020
58020
58019
58019
58019
58019
58018
58018
58017
58017
58017
58016
58016
58016
58015
58015
58014
58013
58011
58011
58011
58010
58010
58009
58009
58009
58009
58008
58008
58007
58007
58007
58007
58006
58006
58006
58005
58005
58005
58003
58001
58001
58001
58001
58000
58000
57999
57999
57998
57998
57998
57998
57997
57997
57996
57996
57996
57995
57995
57995
57995
57994
57993
57992
57992
57992
57991
57991
57991
57990
57990
57989
57989
57989
57989
57988
57988
57988
57987
57987
57987
57986
57986
57986
57986
57985
57985
57985
57984
57984
57984
57983
57983
57983
57982
57982
57982
57981
57981
57981
57980
57980
57980
57979
57979
57979
57978
57978
57978
57978
57977
57977
57977
57976
57976
57976
57975
57975
57975
57974
57974
57974
57974
57973
57973
57973
57972
57972
57972
57971
57971
57971
57970
57970
57970
57970
57969
57969
57969
57968
57968
57968
57967
57967
57967
57967
57966
57966
57966
57965
57965
57965
57964
57964
57964
57963
57963
57963
57963
57962
57962
57962
57961
57961
57961
57960
57960
57960
57959
57959
57958
57958
57958
57957
57957
57957
57956
57956
57956
57955
57955
57955
57954
57954
57953
57953
57953
57953
57952
57952
57951
57951
57951
57950
57950
57950
57950
57949
57949
57949
57948
57948
57948
57947
57947
57947
57946
57946
57946
57945
57945
57945
57944
57944
57944
57944
57943
57943
57943
57942
57942
57942
57941
57941
57940
57940
57940
57940
57939
57939
57939
57938
57938
57938
57937
57937
57937
57936
57936
57936
57935
57935
57935
57934
57934
57934
57933
57933
57933
57933
57932
57932
57932
57931
57931
57931
57930
57930
57930
57929
57929
57929
57928
57928
57928
57927
57927
57927
57926
57926
57926
57925
57925
57925
57924
57924
57924
57923
57923
57923
57922
57922
57922
57921
57921
57921
57920
57920
57920
57919
57919
57919
57918
57918
57918
57917
57916
57915
57915
57915
57914
57914
57914
57913
57913
57913
57912
57912
57912
57912
57911
57911
57911
57910
57910
57910
57909
57909
57909
57908
57908
57908
57907
57907
57907
57906
57906
57906
57905
57905
57905
57905
57904
57904
57904
57903
57903
57903
57902
57902
57902
57901
57901
57901
57900
57900
57900
57899
57899
57899
57898
57898
57898
57898
57897
57897
57897
57896
57896
57896
57895
57895
57895
57894
57894
57893
57893
57893
57892
57892
57892
57891
57891
57891
57891
57890
57890
57890
57889
57889
57889
57888
57888
57888
57887
57887
57887
57886
57886
57886
57885
57885
57885
57884
57884
57884
57883
57883
57883
57882
57882
57882
57882
57881
57881
57881
57880
57880
57880
57879
57879
57879
57878
57878
57878
57877
57877
57877
57876
57876
57875
57875
57875
57875
57874
57874
57874
57873
57873
57873
57872
57872
57872
57871
57871
57871
57870
57870
57870
57869
57869
57869
57868
57868
57868
57867
57867
57867
57866
57866
57866
57865
57865
57864
57864
57863
57863
57863
57862
57862
57862
57861
57861
57861
57860
57860
57860
57859
57859
57859
57858
57858
57858
57858
57857
57857
57857
57856
57856
57856
57855
57855
57855
57854
57854
57854
57853
57853
57853
57853
57852
57852
57851
57851
57851
57851
57850
57850
57850
57849
57849
57849
57848
57848
57848
57847
57847
57847
57846
57846
57846
57846
57845
57845
57845
57844
57844
57844
57843
57843
57842
57842
57842
57842
57841
57841
57841
57840
57840
57840
57839
57839
57839
57838
57838
57838
57837
57837
57837
57836
57836
57836
57835
57835
57835
57834
57834
57834
57834
57833
57833
57833
57831
57831
57830
57830
57829
57829
57829
57828
57828
57828
57827
57827
57827
57827
57826
57826
57825
57825
57825
57824
57824
57824
57823
57823
57823
57823
57822
57822
57822
57821
57821
57821
57820
57820
57820
57819
57819
57819
57818
57818
57818
57817
57817
57817
57816
57816
57816
57816
57815
57815
57815
57814
57814
57814
57814
57813
57813
57812
57798
57797
57797
57797
57796
57796
57796
57795
57795
57795
57794
57794
57794
57793
57793
57793
57793
57792
57792
57792
57791
57791
57791
57790
57790
57790
57789
57789
57789
57789
57788
57788
57788
57787
57787
57787
57786
57786
57786
57785
57785
57785
57785
57784
57784
57784
57783
57783
57783
57782
57782
57782
57781
57781
57781
57780
57780
57780
57779
57779
57779
57779
57778
57778
57778
57777
57777
57776
57776
57776
57776
57775
57775
57775
57774
57774
57774
57774
57773
57773
57773
57772
57772
57772
57771
57771
57771
57771
57770
57770
57770
57769
57769
57769
57768
57768
57768
57767
57767
57767
57766
57766
57766
57765
57765
57765
57764
57764
57764
57763
57763
57763
57762
57761
57761
57761
57761
57760
57759
57759
57759
57758
57758
57758
57758
57757
57757
57756
57756
57756
57756
57755
57755
57755
57754
57753
57753
57752
57752
57752
57751
57751
57750
57750
57750
57750
57749
57749
57749
57748
57748
57748
57747
57747
57747
57746
57746
57746
57745
57745
57745
57744
57744
57744
57743
57743
57743
57742
57742
57742
57741
57741
57741
57740
57740
57740
57739
57739
57739
57738
57738
57738
57737
57737
57737
57736
57736
57736
57735
57735
57735
57734
57734
57734
57733
57733
57733
57732
57730
57730
57730
57729
57729
57729
57728
57728
57728
57727
57727
57727
57726
57726
57726
57725
57725
57725
57724
57724
57724
57723
57723
57723
57722
57722
57721
57721
57721
57721
57720
57720
57720
57719
57718
57718
57718
57717
57717
57717
57717
57716
57716
57715
57715
57715
57715
57714
57714
57713
57713
57713
57712
57712
57711
57711
57711
57711
57710
57710
57709
57709
57709
57709
57708
57708
57708
57707
57707
57706
57706
57706
57706
57705
57705
57705
57704
57704
57704
57704
57703
57703
57703
57702
57702
57702
57702
57701
57701
57701
57700
57700
57700
57699
57699
57699
57698
57698
57698
57697
57697
57697
57697
57696
57696
57696
57695
57695
57695
57694
57694
57694
57694
57693
57692
57692
57692
57692
57691
57691
57691
57690
57690
57690
57689
57689
57689
57689
57688
57688
57687
57687
57687
57686
57686
57686
57685
57685
57685
57685
57684
57684
57684
57683
57683
57683
57682
57682
57682
57681
57681
57681
57681
57680
57680
57679
57679
57679
57679
57678
57678
57678
57677
57677
57677
57676
57676
57676
57675
57675
57675
57675
57674
57674
57673
57673
57673
57672
57672
57672
57671
57671
57671
57671
57670
57670
57670
57669
57669
57668
57668
57668
57668
57667
57667
57667
57666
57666
57666
57665
57665
57665
57664
57664
57664
57663
57663
57663
57663
57662
57662
57661
57661
57661
57660
57660
57660
57660
57659
57659
57659
57658
57658
57658
57658
57657
57657
57656
57656
57656
57656
57655
57655
57655
57655
57654
57654
57654
57653
57653
57653
57652
57652
57652
57651
57651
57650
57650
57650
57650
57649
57649
57649
57648
57648
57648
57646
57646
57645
57645
57645
57644
57644
57644
57644
57643
57643
57643
57642
57642
57642
57641
57641
57641
57641
57640
57640
57639
57639
57639
57638
57638
57638
57637
57637
57637
57637
57636
57636
57636
57635
57635
57635
57634
57634
57634
57633
57633
57633
57632
57632
57632
57632
57631
57631
57630
57630
57630
57629
57629
57629
57628
57628
57628
57628
57627
57627
57627
57626
57626
57626
57625
57625
57625
57624
57624
57624
57623
57623
57623
57623
57622
57622
57621
57621
57621
57621
57620
57620
57619
57619
57619
57618
57618
57618
57617
57617
57617
57616
57616
57616
57615
57615
57614
57614
57614
57614
57613
57613
57613
57612
57612
57612
57611
57611
57611
57610
57610
57610
57610
57609
57609
57609
57608
57608
57608
57607
57607
57607
57606
57606
57606
57605
57605
57604
57604
57604
57603
57603
57603
57602
57602
57602
57601
57601
57601
57601
57600
57599
57599
57599
57598
57598
57598
57598
57597
57597
57597
57596
57596
57596
57595
57595
57595
57595
57594
57594
57594
57593
57593
57593
57593
57592
57592
57592
57591
57591
57591
57590
57590
57590
57589
57589
57589
57588
57588
57588
57587
57587
57587
57586
57586
57586
57585
57585
57585
57584
57584
57584
57584
57583
57583
57583
57582
57582
57582
57581
57581
57581
57580
57580
57580
57580
57579
57579
57579
57578
57578
57578
57577
57577
57577
57577
57576
57576
57576
57575
57575
57575
57574
57574
57574
57573
57573
57573
57573
57572
57572
57572
57571
57571
57571
57570
57570
57570
57570
57569
57569
57569
57568
57568
57568
57567
57567
57567
57567
57566
57566
57566
57565
57565
57565
57563
57563
57562
57562
57562
57561
57561
57561
57560
57560
57560
57559
57559
57559
57558
57558
57558
57558
57557
57557
57557
57556
57556
57556
57556
57555
57555
57555
57554
57554
57554
57553
