216452
172877
170559
124873
118641
72832
72830
72830
72829
72819
72818
72818
72818
72817
72817
72816
72816
72816
72815
72815
72815
72814
72814
72812
72812
72812
72811
72811
72811
72810
72810
72810
72809
72809
72809
72809
72807
72807
72806
72806
72804
72804
72804
72803
72803
72803
72803
72802
72802
72800
72800
72800
72800
72798
72798
72797
72797
72797
72796
72796
72796
72795
72795
72795
72795
72794
72794
72794
72794
72793
72793
72793
72793
72792
72791
72791
72790
72790
72790
72790
72789
72789
72789
72789
72788
72788
72788
72788
72787
72787
72787
72787
72786
72786
72786
72786
72785
72785
72785
72783
72783
72783
72782
72782
72782
72782
72781
72781
72781
72781
72780
72780
72780
72780
72779
72779
72779
72779
72778
72778
72778
72778
72777
72777
72777
72776
72776
72776
72776
72775
72775
72775
72775
72774
72774
72774
72773
72773
72773
72772
72772
72772
72771
72771
72771
72771
72770
72770
72770
72770
72769
72768
72768
72767
72767
72767
72766
72766
72766
72766
72765
72765
72765
72765
72764
72764
72764
72763
72763
72763
72762
72762
72762
72762
72761
72761
72761
72760
72760
72760
72760
72759
72759
72759
72758
72758
72758
72758
72757
72757
72757
72757
72755
72753
72752
72750
72748
72747
72746
72746
72746
72746
72745
72745
72745
72745
72743
72743
72743
72741
72741
72740
72740
72740
72739
72739
72739
72739
72738
72738
72738
72738
72737
72736
72735
72735
72735
72733
72733
72733
72733
72732
72732
72732
72732
72731
72731
72731
72731
72730
72730
72730
72729
72729
72727
72727
72726
72725
72725
72725
72725
72724
72724
72724
72724
72723
72719
72719
72719
72718
72718
72718
72718
72717
72717
72717
72716
72711
72710
72710
72710
72709
72709
72709
72709
72708
72708
72708
72708
72707
72707
72707
72706
72706
72706
72706
72706
72705
72705
72705
72703
72702
72702
72702
72702
72701
72701
72701
72700
72700
72700
72700
72699
72699
72699
72699
72698
72698
72698
72698
72697
72697
72697
72697
72696
72696
72696
72696
72695
72695
72695
72695
72694
72694
72694
72694
72693
72693
72693
72693
72692
72692
72692
72692
72691
72691
72691
72689
72689
72689
72689
72688
72688
72688
72688
72687
72687
72687
72687
72686
72686
72686
72685
72685
72685
72684
72684
72684
72684
72683
72683
72683
72683
72682
72682
72682
72682
72681
72681
72681
72681
72680
72680
72680
72680
72679
72679
72679
72679
72678
72678
72678
72678
72677
72676
72674
72673
72671
72670
72668
72668
72668
72656
72656
72656
72655
72655
72655
72655
72654
72654
72654
72654
72653
72653
72653
72653
72652
72652
72652
72652
72651
72651
72650
72649
72648
72647
72617
72617
72616
72616
72616
72615
72615
72614
72614
72614
72613
72613
72613
72610
72610
72608
72608
72608
72607
72607
72606
72606
72606
72605
72605
72605
72604
72604
72604
72603
72603
72603
72603
72602
72602
72602
72600
72600
72599
72599
72599
72598
72598
72598
72597
72597
72597
72597
72596
72596
72596
72596
72595
72595
72595
72595
72594
72594
72594
72592
72592
72592
72591
72591
72591
72591
72590
72590
72590
72590
72589
72589
72589
72589
72588
72588
72588
72588
72587
72587
72587
72587
72586
72586
72586
72586
72585
72585
72585
72585
72584
72584
72584
72584
72583
72582
72581
72581
72581
72581
72580
72580
72580
72578
72578
72578
72578
72577
72577
72577
72576
72576
72576
72576
72575
72575
72575
72575
72575
72574
72574
72574
72573
72573
72573
72573
72572
72572
72572
72572
72571
72571
72571
72571
72570
72570
72570
72569
72569
72569
72568
72568
72568
72567
72567
72567
72567
72566
72566
72566
72566
72565
72565
72565
72565
72564
72564
72564
72564
72562
72560
72558
72556
72555
72553
72553
72553
72552
72552
72552
72552
72551
72551
72551
72550
72550
72550
72550
72549
72549
72549
72549
72547
72547
72545
72545
72544
72544
72544
72544
72543
72543
72543
72543
72542
72542
72542
72542
72541
72540
72539
72538
72538
72537
72537
72537
72537
72536
72536
72536
72536
72535
72535
72535
72535
72534
72534
72534
72534
72533
72533
72533
72531
72531
72531
72530
72530
72530
72530
72529
72529
72529
72529
72528
72528
72528
72528
72527
72527
72527
72527
72526
72526
72526
72526
72522
72522
72522
72522
72521
72521
72521
72520
72520
72520
72520
72519
72519
72519
72519
72518
72518
72518
72518
72517
72517
72515
72515
72515
72515
72514
72514
72514
72514
72513
72513
72513
72512
72512
72512
72512
72511
72511
72511
72511
72510
72509
72509
72508
72508
72508
72507
72507
72507
72507
72506
72506
72506
72506
72505
72505
72505
72505
72504
72504
72504
72504
72503
72503
72503
72503
72502
72502
72502
72502
72501
72501
72501
72500
72500
72500
72500
72500
72499
72499
72499
72498
72498
72498
72498
72497
72497
72497
72497
72496
72496
72496
72496
72495
72495
72495
72495
72494
72494
72494
72494
72493
72493
72493
72493
72492
72489
72488
72486
72485
72483
72482
72482
72481
72481
72481
72481
72480
72480
72480
72480
72479
72479
72477
72477
72476
72476
72475
72475
72475
72475
72474
72474
72474
72474
72473
72473
72473
72473
72472
72471
72471
72469
72469
72469
72468
72468
72468
72467
72467
72467
72467
72466
72466
72466
72466
72465
72465
72465
72465
72464
72464
72464
72462
72462
72462
72461
72461
72461
72461
72460
72460
72460
72460
72459
72459
72459
72459
72458
72458
72458
72458
72457
72457
72457
72456
72455
72455
72455
72454
72454
72454
72454
72453
72453
72453
72452
72452
72452
72452
72451
72451
72451
72451
72450
72450
72450
72448
72448
72446
72446
72446
72445
72445
72445
72445
72444
72444
72444
72444
72443
72443
72443
72443
72441
72441
72441
72440
72440
72440
72440
72439
72439
72439
72439
72438
72438
72438
72438
72437
72437
72437
72437
72436
72436
72436
72436
72435
72435
72435
72435
72434
72434
72434
72434
72433
72433
72433
72433
72432
72432
72432
72432
72431
72431
72431
72431
72430
72430
72430
72430
72429
72429
72429
72428
72428
72428
72428
72427
72427
72427
72427
72427
72426
72426
72426
72426
72425
72425
72425
72424
72424
72424
72424
72423
72423
72423
72423
72419
72418
72416
72415
72413
72412
72411
72411
72411
72411
72410
72409
72408
72407
72407
72406
72406
72406
72405
72405
72405
72404
72404
72404
72404
72403
72403
72403
72401
72401
72399
72399
72399
72399
72398
72398
72398
72398
72397
72397
72397
72397
72396
72396
72396
72396
72395
72395
72395
72395
72394
72393
72393
72393
72392
72392
72392
72392
72391
72391
72391
72391
72390
72390
72388
72388
72388
72388
72387
72387
72387
72387
72386
72386
72384
72383
72383
72383
72382
72382
72382
72382
72381
72381
72381
72381
72381
72380
72380
72380
72379
72379
72379
72379
72378
72377
72376
72375
72374
72374
72374
72374
72373
72373
72373
72373
72372
72372
72372
72370
72370
72370
72370
72369
72369
72369
72369
72368
72368
72368
72368
72367
72367
72367
72367
72366
72366
72366
72366
72365
72365
72365
72365
72364
72364
72364
72364
72363
72363
72363
72363
72362
72362
72362
72362
72361
72361
72361
72361
72360
72360
72360
72360
72359
72359
72359
72359
72358
72358
72358
72357
72357
72357
72357
72356
72356
72356
72356
72356
72355
72355
72355
72355
72354
72354
72354
72354
72353
72353
72353
72352
72352
72352
72352
72351
72351
72351
72351
72350
72350
72350
72350
72348
72347
72345
72344
72342
72339
72339
72338
72337
72337
72337
72336
72336
72336
72336
72335
72335
72335
72335
72334
72334
72334
72332
72332
72331
72330
72330
72329
72329
72329
72329
72328
72328
72328
72328
72327
72327
72327
72327
72326
72326
72326
72326
72325
72325
72324
72324
72323
72323
72323
72323
72322
72322
72322
72322
72321
72321
72321
72321
72320
72320
72320
72320
72319
72319
72319
72318
72318
72317
72316
72316
72316
72316
72315
72315
72315
72315
72314
72314
72314
72314
72313
72313
72313
72313
72312
72312
72312
72312
72310
72310
72308
72308
72308
72308
72307
72307
72307
72307
72306
72305
72305
72305
72304
72304
72304
72304
72303
72303
72303
72303
72302
72302
72302
72301
72301
72301
72301
72300
72300
72300
72300
72299
72299
72299
72299
72298
72298
72297
72296
72296
72296
72296
72295
72295
72295
72295
72294
72294
72294
72294
72293
72293
72293
72293
72292
72292
72292
72292
72291
72291
72291
72291
72290
72290
72290
72290
72289
72289
72289
72289
72288
72288
72288
72288
72287
72287
72287
72287
72286
72286
72286
72286
72285
72285
72285
72284
72284
72284
72284
72283
72283
72283
72283
72282
72282
72282
72282
72281
72281
72281
72281
72279
72276
72274
72273
72271
72269
72269
72269
72269
72268
72268
72268
72268
72267
72267
72267
72265
72265
72264
72263
72263
72263
72263
72262
72262
72262
72262
72261
72261
72261
72261
72260
72260
72260
72259
72259
72259
72259
72258
72257
72256
72256
72256
72256
72255
72255
72255
72255
72254
72254
72254
72254
72253
72253
72253
72253
72252
72252
72252
72252
72251
72251
72250
72249
72249
72249
72249
72248
72248
72248
72248
72247
72247
72247
72247
72246
72246
72246
72246
72245
72245
72245
72245
72242
72242
72240
72240
72240
72239
72239
72239
72237
72237
72237
72237
72236
72236
72236
72235
72235
72235
72235
72234
72234
72234
72234
72232
72232
72232
72231
72231
72231
72231
72230
72230
72230
72230
72229
72229
72229
72229
72228
72228
72228
72228
72227
72227
72227
72227
72226
72226
72226
72226
72225
72225
72225
72225
72224
72224
72224
72224
72223
72223
72223
72223
72222
72222
72222
72221
72221
72221
72221
72220
72220
72220
72220
72219
72219
72219
72219
72218
72218
72218
72218
72217
72217
72217
72217
72216
72216
72216
72216
72215
72215
72215
72215
72214
72214
72214
72214
72213
72213
72213
72213
72212
72212
72212
72212
72211
72211
72211
72211
72207
72206
72204
72203
72201
72200
72200
72199
72199
72199
72197
72197
72196
72195
72195
72195
72195
72194
72194
72194
72194
72193
72193
72193
72193
72192
72192
72192
72192
72191
72191
72191
72190
72189
72189
72189
72188
72188
72188
72187
72187
72187
72187
72186
72186
72186
72186
72185
72185
72185
72185
72184
72184
72184
72184
72183
72182
72181
72181
72180
72180
72180
72180
72179
72179
72179
72179
72178
72178
72178
72178
72177
72177
72177
72177
72176
72176
72175
72174
72173
72173
72172
72171
72171
72170
72170
72170
72170
72169
72169
72169
72169
72168
72168
72168
72168
72167
72167
72167
72167
72165
72165
72163
72163
72163
72163
72162
72162
72162
72162
72161
72161
72161
72161
72160
72160
72160
72160
72159
72159
72159
72159
72158
72158
72158
72158
72157
72157
72157
72156
72156
72156
72156
72155
72155
72155
72155
72154
72154
72154
72154
72153
72153
72153
72153
72152
72152
72152
72152
72151
72151
72151
72151
72150
72150
72150
72150
72149
72149
72149
72149
72148
72148
72148
72148
72147
72147
72147
72147
72146
72146
72146
72146
72145
72145
72145
72145
72144
72144
72144
72144
72143
72143
72143
72143
72142
72142
72142
72142
72141
72141
72141
72139
72138
72137
72135
72132
72131
72129
72129
72129
72129
72128
72128
72128
72128
72127
72127
72127
72127
72126
72126
72126
72126
72125
72125
72125
72125
72124
72123
72123
72122
72122
72122
72122
72121
72121
72121
72120
72120
72120
72120
72119
72119
72119
72119
72118
72118
72118
72118
72117
72117
72115
72115
72115
72115
72114
72114
72114
72114
72113
72113
72113
72113
72112
72112
72110
72110
72110
72110
72109
72109
72109
72107
72106
72104
72103
72103
72102
72102
72102
72102
72101
72101
72101
72101
72100
72100
72100
72100
72099
72099
72099
72099
72098
72098
72096
72096
72095
72094
72094
72094
72094
72093
72093
72093
72093
72092
72092
72092
72092
72091
72091
72091
72091
72090
72090
72090
72090
72089
72089
72089
72089
72088
72088
72088
72088
72087
72087
72087
72087
72086
72086
72086
72086
72085
72085
72085
72085
72084
72084
72084
72084
72083
72083
72083
72083
72082
72082
72082
72082
72081
72081
72081
72081
72080
72080
72080
72080
72079
72079
72079
72079
72078
72078
72078
72078
72077
72077
72077
72077
72076
72076
72076
72076
72075
72075
72075
72075
72074
72074
72074
72074
72073
72073
72073
72073
72072
72072
72072
72072
72071
72071
72071
72066
72065
72063
72061
72059
72058
72057
72057
72057
72056
72056
72056
72056
72055
72055
72055
72055
72054
72054
72054
72054
72052
72052
72051
72051
72051
72050
72050
72050
72050
72049
72049
72049
72049
72048
72048
72048
72048
72047
72047
72047
72047
72046
72046
72044
72044
72044
72044
72043
72043
72043
72043
72042
72042
72042
72042
72041
72041
72041
72041
72040
72040
72040
72040
72038
72037
72036
72035
72035
72034
72034
72034
72034
72033
72033
72033
72033
72032
72032
72032
72032
72031
72031
72031
72030
72030
72030
72030
72028
72028
72027
72026
72026
72026
72026
72025
72025
72025
72025
72024
72024
72024
72024
72023
72023
72023
72023
72022
72022
72022
72022
72021
72021
72021
72020
72020
72020
72020
72019
72019
72019
72019
72018
72018
72018
72018
72017
72017
72015
72015
72015
72014
72014
72014
72014
72013
72013
72013
72013
72012
72012
72012
72012
72011
72011
72011
72011
72010
72010
72010
72010
72009
72009
72009
72009
72008
72008
72008
72008
72007
72007
72007
72007
72006
72006
72006
72006
72005
72005
72005
72005
72004
72004
72004
72004
72003
72003
72003
72003
72002
72002
72002
72002
72001
72001
72001
72001
72000
72000
72000
72000
71999
71996
71994
71993
71992
71989
71988
71987
71987
71987
71987
71986
71986
71986
71986
71985
71984
71984
71983
71983
71983
71983
71982
71982
71982
71982
71981
71981
71981
71981
71980
71980
71980
71980
71979
71979
71979
71979
71978
71977
71976
71976
71976
71976
71975
71975
71975
71975
71974
71974
71974
71974
71973
71973
71973
71973
71971
71971
71971
71970
71968
71968
71966
71966
71966
71965
71965
71965
71965
71964
71964
71964
71964
71963
71963
71963
71963
71962
71962
71962
71962
71961
71961
71960
71959
71958
71958
71957
71957
71957
71957
71956
71956
71956
71956
71955
71955
71955
71955
71954
71953
71953
71952
71952
71952
71952
71951
71951
71951
71951
71950
71950
71950
71950
71949
71949
71949
71949
71948
71948
71948
71948
71947
71947
71947
71947
71946
71946
71946
71946
71945
71945
71945
71945
71944
71944
71944
71944
71943
71943
71943
71943
71942
71942
71942
71942
71941
71941
71941
71941
71940
71940
71940
71940
71939
71939
71939
71939
71938
71938
71938
71938
71937
71937
71937
71936
71936
71936
71936
71935
71935
71935
71935
71934
71934
71934
71934
71933
71933
71933
71933
71932
71932
71932
71930
71930
71930
71930
71929
71929
71929
71929
71928
71925
71924
71922
71921
71920
71918
71918
71917
71917
71916
71915
71915
71915
71914
71914
71914
71914
71913
71913
71913
71913
71912
71912
71912
71912
71911
71911
71911
71911
71910
71910
71910
71908
71908
71908
71908
71907
71907
71907
71907
71906
71906
71906
71906
71905
71905
71903
71903
71903
71903
71902
71902
71902
71900
71900
71899
71898
71898
71898
71898
71897
71897
71897
71897
71896
71896
71896
71896
71895
71895
71895
71895
71894
71894
71894
71894
71892
71892
71890
71890
71890
71889
71889
71889
71889
71888
71888
71888
71888
71887
71887
71887
71887
71885
71885
71884
71884
71884
71884
71884
71883
71883
71883
71882
71882
71882
71882
71881
71881
71881
71881
71880
71880
71880
71880
71879
71879
71879
71879
71878
71878
71878
71878
71877
71877
71877
71877
71876
71876
71876
71876
71875
71875
71875
71875
71874
71874
71874
71874
71873
71873
71873
71873
71872
71872
71872
71872
71871
71871
71871
71871
71870
71870
71870
71870
71869
71869
71869
71869
71868
71868
71868
71867
71867
71867
71867
71866
71866
71866
71866
71865
71865
71865
71865
71863
71863
71863
71862
71862
71862
71862
71861
71861
71861
71861
71860
71860
71860
71860
71859
71859
71859
71857
71856
71854
71852
71850
71849
71849
71848
71848
71848
71848
71847
71847
71847
71847
71846
71846
71846
71845
71845
71845
71845
71844
71844
71844
71844
71842
71842
71842
71841
71841
71841
71841
71840
71840
71840
71840
71838
71837
71837
71837
71837
71836
71836
71836
71836
71835
71833
71832
71831
71831
71830
71830
71830
71829
71829
71829
71828
71828
71828
71828
71827
71827
71827
71825
71825
71825
71825
71824
71824
71823
71822
71821
71821
71820
71820
71819
71819
71819
71819
71818
71818
71818
71818
71817
71817
71817
71815
71815
71815
71814
71814
71814
71814
71813
71813
71813
71813
71812
71812
71812
71812
71811
71811
71811
71811
71810
71810
71810
71810
71809
71809
71809
71809
71808
71808
71808
71808
71807
71807
71807
71807
71806
71806
71806
71806
71805
71805
71805
71804
71804
71804
71804
71803
71803
71803
71803
71802
71802
71802
71802
71801
71801
71801
71801
71800
71800
71800
71800
71799
71799
71799
71799
71798
71798
71798
71798
71797
71797
71797
71796
71796
71796
71796
71795
71794
71793
71793
71793
71793
71792
71792
71792
71792
71791
71791
71791
71791
71790
71790
71790
71790
71789
71789
71789
71789
71788
71788
71788
71788
71787
71787
71785
71784
71783
71781
71780
71778
71778
71778
71777
71777
71777
71776
71776
71776
71776
71775
71775
71775
71775
71774
71773
71773
71772
71772
71772
71772
71771
71771
71770
71769
71769
71769
71769
71768
71768
71768
71767
71767
71767
71767
71766
71765
71765
71763
71763
71763
71762
71762
71762
71762
71761
71761
71761
71761
71760
71760
71760
71760
71759
71759
71759
71759
71758
71758
71757
71756
71755
71755
71754
71754
71754
71754
71753
71753
71753
71753
71752
71752
71752
71752
71751
71750
71749
71749
71749
71749
71748
71748
71748
71748
71747
71747
71747
71747
71746
71746
71746
71746
71745
71745
71745
71745
71744
71744
71743
71742
71742
71742
71742
71741
71741
71741
71741
71740
71740
71740
71740
71739
71739
71739
71739
71738
71738
71738
71738
71737
71737
71737
71735
71735
71735
71734
71734
71734
71734
71733
71733
71733
71733
71732
71732
71732
71732
71731
71731
71731
71731
71730
71730
71730
71730
71729
71729
71729
71729
71728
71727
71727
71726
71726
71726
71726
71725
71725
71725
71725
71724
71724
71724
71724
71723
71723
71723
71722
71722
71722
71722
71721
71721
71721
71721
71720
71720
71720
71720
71719
71719
71719
71719
71718
71718
71718
71716
71715
71713
71712
71710
71709
71708
71708
71708
71708
71707
71707
71707
71706
71705
71705
71705
71704
71704
71702
71702
71702
71702
71701
71701
71701
71701
71700
71700
71700
71700
71699
71699
71699
71699
71696
71696
71694
71694
71694
71693
71693
71693
71693
71692
71692
71692
71692
71691
71691
71691
71691
71690
71690
71690
71690
71689
71689
71688
71687
71686
71686
71685
71685
71685
71685
71684
71684
71684
71684
71683
71683
71683
71683
71682
71681
71681
71680
71680
71680
71680
71679
71679
71679
71679
71678
71678
71678
71677
71677
71677
71677
71676
71676
71676
71676
71675
71675
71674
71673
71673
71673
71672
71672
71672
71672
71671
71671
71671
71671
71670
71670
71670
71670
71669
71669
71669
71669
71668
71668
71668
71668
71667
71667
71667
71667
71666
71666
71666
71666
71665
71665
71665
71665
71664
71664
71664
71664
71663
71663
71663
71663
71662
71662
71662
71661
71661
71660
71659
71659
71659
71659
71658
71658
71658
71657
71657
71657
71657
71656
71656
71656
71656
71655
71655
71655
71655
71654
71654
71654
71654
71653
71653
71653
71652
71652
71652
71652
71651
71651
71651
71651
71650
71650
71650
71650
71649
71649
71649
71649
71648
71648
71645
71643
71642
71641
71622
71620
71620
71620
71618
71618
71616
71616
71615
71615
71615
71615
71614
71614
71614
71614
71613
71613
71613
71613
71612
71612
71612
71612
71611
71610
71610
71608
71608
71608
71607
71607
71607
71607
71606
71606
71606
71606
71605
71605
71605
71605
71604
71604
71604
71604
71603
71603
71602
71601
71600
71600
71599
71599
71599
71599
71598
71598
71598
71598
71597
71597
71597
71597
71596
71595
71595
71594
71594
71594
71594
71593
71593
71593
71593
71592
71592
71592
71592
71591
71591
71591
71590
71590
71590
71590
71589
71589
71588
71587
71587
71587
71586
71586
71586
71586
71585
71585
71585
71585
71584
71584
71584
71584
71583
71583
71583
71583
71582
71582
71582
71582
71581
71581
71581
71581
71580
71580
71580
71580
71579
71579
71579
71578
71578
71578
71578
71577
71577
71577
71577
71576
71576
71576
71574
71574
71574
71574
71573
71573
71573
71573
71572
71572
71572
71572
71571
71571
71571
71571
71570
71570
71570
71570
71569
71569
71569
71569
71568
71568
71568
71568
71567
71567
71567
71567
71566
71566
71566
71566
71565
71565
71565
71565
71564
71564
71564
71564
71563
71563
71563
71563
71562
71562
71562
71562
71561
71561
71559
71558
71556
71554
71553
71551
71551
71551
71550
71550
71550
71550
71549
71549
71549
71549
71548
71548
71548
71548
71547
71547
71547
71545
71545
71542
71542
71542
71542
71541
71541
71541
71541
71540
71540
71540
71540
71539
71539
71539
71539
71538
71538
71538
71537
71537
71536
71536
71534
71534
71534
71533
71533
71533
71533
71532
71532
71532
71532
71531
71531
71531
71531
71529
71527
71527
71527
71527
71526
71526
71526
71526
71525
71525
71525
71525
71524
71524
71524
71524
71523
71523
71523
71523
71522
71522
71520
71520
71520
71520
71519
71519
71519
71519
71518
71518
71518
71518
71517
71517
71517
71517
71516
71516
71516
71516
71515
71514
71513
71513
71513
71512
71512
71512
71512
71511
71511
71511
71511
71510
71510
71510
71510
71509
71509
71509
71509
71508
71508
71506
71506
71506
71505
71505
71505
71505
71504
71504
71504
71503
71503
71503
71503
71502
71502
71502
71502
71501
71501
71501
71501
71500
71500
71500
71500
71499
71499
71499
71499
71498
71498
71498
71498
71497
71497
71497
71497
71496
71496
71496
71496
71495
71495
71495
71495
71494
71494
71494
71494
71493
71493
71493
71493
71492
71492
71492
71492
71491
71491
71491
71491
71490
71489
71486
71484
71483
71481
71480
71480
71480
71479
71479
71479
71479
71478
71478
71478
71478
71477
71476
71476
71474
71474
71474
71474
71473
71473
71473
71472
71472
71472
71472
71471
71471
71471
71471
71471
71470
71470
71470
71469
71469
71468
71467
71466
71466
71465
71465
71465
71464
71464
71464
71464
71463
71463
71463
71462
71462
71462
71460
71460
71460
71460
71459
71459
71459
71459
71458
71458
71458
71458
71457
71457
71457
71457
71456
71456
71456
71456
71455
71455
71455
71453
71453
71453
71453
71452
71452
71452
71452
71451
71451
71451
71451
71450
71450
71450
71450
71449
71449
71449
71449
71448
71446
71446
71444
71444
71444
71444
71443
71443
71442
71442
71442
71441
71441
71441
71441
71440
71440
71440
71440
71438
71438
71438
71437
71437
71437
71437
71436
71435
71435
71434
71434
71434
71434
71433
71433
71433
71433
71432
71432
71432
71432
71431
71431
71431
71431
71430
71430
71430
71430
71429
71429
71429
71429
71428
71428
71428
71428
71427
71427
71427
71427
71426
71426
71426
71426
71425
71425
71425
71424
71424
71424
71424
71424
71423
71423
71423
71422
71422
71422
71422
71421
71421
71421
71421
71420
71420
71420
71420
71419
71419
71419
71417
71416
71414
71413
71411
71409
71409
71409
71408
71408
71408
71406
71406
71403
71403
71403
71403
71402
71402
71402
71402
71401
71401
71401
71401
71400
71400
71400
71400
71399
71399
71399
71399
71398
71397
71397
71395
71395
71394
71394
71394
71393
71393
71393
71393
71392
71392
71392
71392
71391
71391
71390
71389
71389
71389
71388
71388
71388
71388
71387
71387
71387
71387
71386
71386
71386
71386
71385
71385
71385
71385
71384
71384
71384
71382
71382
71382
71382
71381
71381
71381
71381
71380
71380
71380
71380
71379
71379
71379
71379
71378
71378
71378
71378
71377
71376
71375
71374
71374
71374
71373
71373
71373
71372
71372
71372
71372
71372
71371
71371
71371
71369
71369
71369
71368
71368
71368
71368
71367
71367
71367
71366
71366
71366
71366
71365
71365
71365
71365
71364
71364
71364
71364
71363
71363
71363
71363
71363
71362
71362
71362
71362
71361
71361
71361
71361
71360
71360
71360
71360
71359
71359
71359
71359
71358
71358
71358
71358
71357
71357
71357
71357
71356
71356
71356
71355
71355
71355
71355
71354
71354
71354
71354
71353
71353
71353
71353
71352
71352
71352
71352
71351
71351
71351
71351
71350
71350
71350
71350
71349
71349
71349
71346
71345
71343
71341
71340
71338
71337
71336
71336
71335
71335
71335
71334
71334
71334
71334
71333
71333
71333
71333
71332
71332
71332
71332
71331
71331
71331
71331
71329
71329
71327
71327
71327
71327
71326
71326
71326
71326
71325
71325
71325
71324
71324
71324
71324
71322
71322
71322
71322
71321
71321
71321
71321
71320
71320
71320
71319
71319
71319
71319
71318
71318
71318
71318
71317
71317
71317
71317
71315
71315
71315
71314
71314
71314
71314
71313
71313
71313
71312
71312
71312
71312
71311
71311
71311
71311
71310
71310
71310
71308
71308
71307
71306
71306
71306
71306
71305
71305
71305
71304
71304
71304
71302
71302
71302
71301
71301
71301
71301
71300
71300
71300
71300
71299
71299
71299
71299
71298
71298
71298
71298
71297
71297
71297
71297
71296
71296
71296
71296
71295
71295
71295
71294
71294
71294
71294
71293
71293
71293
71293
71293
71292
71292
71292
71291
71291
71291
71291
71290
71290
71290
71290
71289
71289
71289
71289
71288
71288
71288
71288
71287
71287
71287
71287
71286
71286
71286
71286
71285
71285
71285
71285
71284
71284
71284
71284
71283
71283
71283
71282
71282
71282
71282
71281
71281
71281
71281
71280
71280
71280
71280
71279
71278
71275
71274
71272
71271
71269
71269
71269
71269
71268
71268
71268
71267
71267
71267
71267
71266
71266
71266
71265
71265
71265
71262
71262
71261
71260
71260
71260
71259
71259
71259
71259
71258
71258
71258
71258
71257
71257
71257
71255
71255
71255
71255
71254
71254
71254
71254
71253
71253
71253
71253
71252
71252
71252
71252
71251
71251
71251
71251
71250
71250
71250
71248
71248
71246
71246
71246
71245
71245
71245
71245
71244
71244
71244
71244
71243
71243
71243
71243
71242
71242
71242
71242
71240
71240
71239
71238
71238
71238
71238
71237
71237
71237
71235
71235
71235
71235
71234
71234
71234
71234
71233
71233
71233
71232
71232
71231
71230
71230
71230
71230
71229
71229
71229
71229
71228
71228
71228
71228
71227
71227
71227
71227
71226
71226
71226
71226
71225
71225
71225
71224
71224
71224
71224
71223
71223
71223
71223
71222
71222
71222
71222
71221
71221
71221
71221
71220
71220
71220
71220
71219
71219
71219
71219
71218
71218
71218
71218
71217
71217
71217
71217
71216
71216
71216
71216
71215
71215
71215
71215
71214
71214
71214
71214
71213
71213
71213
71213
71212
71212
71212
71212
71211
71211
71211
71211
71210
71210
71210
71210
71209
71209
71207
71206
71205
71203
71201
71200
71199
71199
71199
71198
71198
71198
71198
71197
71197
71197
71195
71195
71194
71193
71193
71193
71192
71192
71192
71191
71191
71191
71190
71190
71190
71190
71189
71188
71188
71188
71187
71187
71187
71187
71186
71186
71186
71186
71185
71185
71185
71185
71184
71184
71184
71184
71183
71183
71183
71182
71181
71181
71180
71180
71180
71180
71179
71179
71179
71179
71178
71178
71178
71178
71177
71177
71177
71177
71176
71176
71176
71174
71174
71173
71172
71172
71172
71171
71170
71170
71170
71169
71169
71169
71169
71168
71168
71168
71168
71167
71167
71167
71166
71166
71165
71165
71163
71163
71163
71162
71162
71162
71161
71161
71161
71161
71160
71160
71160
71160
71159
71159
71159
71159
71158
71158
71158
71158
71157
71157
71157
71157
71155
71155
71154
71154
71154
71154
71153
71153
71153
71153
71152
71152
71152
71152
71151
71151
71151
71151
71150
71150
71150
71150
71149
71149
71149
71149
71148
71148
71148
71148
71147
71147
71147
71147
71146
71146
71146
71146
71145
71145
71145
71145
71144
71144
71144
71144
71143
71143
71143
71143
71142
71142
71142
71141
71141
71141
71141
71140
71140
71140
71140
71139
71139
71139
71137
71135
71134
71132
71131
71129
71129
71128
71128
71128
71125
71125
71123
71123
71123
71123
71122
71122
71122
71122
71121
71121
71121
71121
71120
71120
71120
71118
71118
71118
71117
71117
71117
71116
71116
71116
71116
71115
71115
71115
71115
71114
71114
71114
71114
71113
71113
71113
71113
71112
71111
71111
71110
71110
71110
71110
71109
71109
71109
71109
71108
71108
71108
71108
71107
71107
71107
71107
71106
71106
71106
71104
71104
71102
71102
71101
71101
71100
71100
71100
71100
71099
71099
71099
71099
71098
71098
71098
71098
71097
71097
71097
71097
71096
71095
71094
71093
71093
71092
71092
71092
71092
71091
71091
71091
71091
71090
71090
71090
71090
71089
71089
71089
71089
71088
71088
71088
71088
71087
71087
71087
71086
71086
71086
71086
71085
71085
71085
71085
71084
71084
71084
71084
71083
71083
71083
71083
71082
71082
71082
71082
71081
71081
71081
71081
71080
71080
71080
71080
71079
71079
71079
71079
71078
71078
71078
71078
71077
71077
71077
71077
71076
71076
71076
71076
71075
71075
71075
71075
71074
71074
71074
71074
71073
71073
71073
71073
71072
71072
71072
71072
71071
71071
71071
71071
71070
71070
71070
71070
71069
71069
71069
71066
71065
71063
71062
71059
71058
71056
71056
71056
71056
71055
71055
71055
71055
71054
71054
71054
71054
71053
71053
71053
71051
71051
71051
71051
71050
71050
71050
71050
71049
71049
71049
71048
71048
71048
71048
71047
71047
71047
71046
71046
71045
71045
71045
71043
71043
71043
71043
71042
71042
71042
71041
71041
71041
71041
71040
71040
71040
71040
71039
71039
71039
71039
71038
71038
71037
71035
71033
71033
71033
71032
71032
71032
71032
71031
71031
71031
71031
71030
71030
71030
71030
71029
71029
71029
71028
71028
71028
71026
71026
71025
71025
71024
71024
71024
71024
71023
71023
71023
71022
71022
71022
71022
71021
71021
71021
71021
71020
71020
71019
71019
71019
71018
71018
71014
71014
71014
71013
71013
71013
71012
71012
71012
71011
71011
71010
71010
71009
71009
71009
71008
71008
71007
71007
71007
71007
71006
71006
71005
71005
71004
71004
71004
71003
71003
71003
71002
71002
71001
71001
71001
71000
71000
71000
70999
70999
70999
70998
70998
70997
70997
70997
70947
70947
70946
70946
70946
70946
70945
70945
70945
70945
70944
70944
70944
70943
70943
70943
70943
70942
70942
70942
70942
70941
70941
70941
70941
70940
70940
70940
70940
70939
70936
70934
70933
70932
70930
70927
70927
70927
70927
70926
70926
70926
70926
70925
70925
70924
70923
70923
70923
70923
70922
70922
70922
70922
70921
70921
70921
70921
70920
70920
70920
70920
70919
70919
70919
70919
70918
70918
70917
70916
70916
70916
70916
70915
70915
70915
70915
70914
70914
70914
70914
70913
70913
70913
70913
70912
70912
70910
70910
70909
70908
70907
70907
70906
70905
70904
70904
70904
70903
70903
70903
70903
70902
70902
70902
70902
70901
70901
70901
70901
70900
70900
70899
70898
70897
70897
70896
70896
70896
70895
70895
70895
70895
70894
70894
70894
70894
70893
70893
70893
70893
70893
70892
70892
70892
70890
70890
70889
70889
70889
70889
70888
70888
70888
70888
70887
70887
70887
70887
70886
70886
70886
70886
70885
70885
70885
70885
70884
70884
70884
70884
70883
70883
70883
70883
70882
70882
70882
70882
70881
70881
70881
70881
70880
70880
70880
70880
70879
70879
70879
70879
70878
70878
70878
70878
70877
70877
70877
70877
70876
70876
70876
70876
70875
70875
70875
70875
70874
70874
70874
70873
70873
70873
70873
70872
70872
70872
70872
70871
70871
70871
70870
70870
70870
70870
70868
70867
70867
70867
70866
70866
70866
70864
70863
70861
70860
70858
70857
70856
70856
70856
70854
70854
70854
70853
70853
70853
70853
70852
70852
70852
70852
70851
70851
70851
70851
70850
70850
70850
70849
70849
70849
70849
70848
70847
70847
70846
70846
70846
70846
70845
70845
70845
70845
70844
70844
70844
70844
70843
70843
70842
70842
70841
70841
70841
70839
70839
70838
70837
70837
70837
70837
70836
70836
70836
70836
70835
70835
70835
70835
70834
70834
70834
70833
70833
70833
70833
70832
70831
70831
70829
70829
70829
70828
70828
70828
70827
70827
70827
70827
70826
70826
70826
70826
70825
70825
70825
70825
70824
70824
70824
70822
70822
70822
70822
70821
70821
70821
70821
70820
70820
70820
70820
70819
70819
70819
70819
70818
70818
70818
70818
70817
70817
70817
70817
70816
70816
70816
70816
70815
70814
70814
70813
70813
70813
70813
70812
70812
70812
70812
70811
70811
70811
70810
70810
70810
70810
70809
70809
70809
70809
70809
70808
70808
70808
70807
70807
70807
70807
70806
70806
70806
70806
70805
70805
70805
70805
70804
70804
70804
70804
70803
70803
70803
70803
70802
70802
70802
70800
70800
70800
70800
70799
70799
70799
70798
70798
70798
70798
70797
70797
70797
70797
70796
70793
70791
70790
70787
70785
70783
70783
70783
70782
70782
70782
70782
70781
70781
70781
70781
70780
70780
70780
70780
70779
70779
70779
70779
70778
70778
70777
70776
70776
70776
70776
70775
70775
70775
70775
70774
70774
70774
70774
70772
70772
70772
70771
70771
70771
70771
70770
70769
70769
70767
70767
70767
70767
70766
70766
70766
70766
70765
70765
70765
70765
70764
70764
70764
70764
70763
70763
70763
70763
70762
70761
70760
70759
70759
70759
70758
70758
70758
70758
70757
70757
70757
70757
70756
70756
70756
70756
70755
70755
70755
70754
70754
70754
70752
70752
70752
70752
70751
70751
70751
70751
70750
70750
70750
70750
70749
70749
70749
70749
70748
70748
70748
70748
70747
70747
70747
70747
70746
70746
70746
70746
70745
70745
70745
70745
70744
70744
70744
70744
70743
70743
70743
70743
70742
70742
70742
70742
70741
70741
70741
70741
70740
70740
70740
70740
70739
70739
70739
70739
70738
70738
70738
70738
70737
70737
70737
70736
70736
70736
70736
70735
70735
70735
70735
70734
70734
70734
70732
70732
70732
70731
70731
70731
70731
70730
70730
70730
70729
70729
70729
70729
70728
70728
70728
70728
70727
70727
70727
70727
70727
70726
70726
70723
70721
70720
70717
70716
70714
70714
70714
70713
70713
70713
70713
70712
70712
70712
70712
70711
70711
70711
70711
70709
70709
70709
70708
70708
70708
70708
70707
70707
70707
70705
70705
70705
70704
70704
70704
70704
70703
70703
70703
70703
70701
70701
70700
70700
70699
70699
70699
70698
70698
70698
70698
70698
70697
70697
70697
70696
70696
70696
70696
70695
70695
70695
70695
70693
70693
70691
70691
70691
70691
70690
70690
70690
70690
70689
70689
70689
70689
70688
70688
70688
70688
70687
70687
70687
70687
70686
70685
70685
70684
70684
70684
70684
70683
70683
70683
70683
70682
70682
70682
70682
70681
70681
70681
70681
70680
70680
70680
70680
70679
70679
70679
70679
70678
70678
70678
70678
70677
70677
70677
70677
70676
70676
70676
70676
70675
70675
70675
70675
70674
70674
70674
70674
70673
70673
70673
70673
70672
70672
70672
70671
70671
70671
70671
70670
70670
70670
70670
70669
70669
70669
70669
70668
70668
70668
70668
70667
70667
70666
70665
70665
70665
70665
70664
70664
70664
70664
70663
70663
70663
70663
70662
70662
70662
70662
70661
70661
70661
70661
70660
70660
70660
70659
70659
70659
70658
70658
70658
70658
70657
70657
70657
70655
70654
70652
70650
70648
70646
70646
70646
70645
70645
70645
70645
70644
70644
70643
70642
70642
70642
70641
70641
70641
70615
70614
70614
70614
70613
70613
70613
70612
70611
70611
70611
70611
70610
70610
70608
70607
70605
70605
70604
70604
70604
70604
70603
70603
70603
70602
70602
70602
70601
70601
70601
70600
70600
70600
70600
70599
70599
70597
70597
70595
70595
70595
70594
70593
70592
70592
70592
70591
70591
70591
70590
70590
70589
70589
70589
70589
70588
70588
70588
70588
70586
70586
70586
70585
70585
70585
70585
70584
70584
70584
70584
70583
70583
70583
70583
70582
70582
70581
70580
70580
70580
70579
70579
70579
70579
70578
70578
70578
70578
70577
70577
70577
70577
70576
70576
70576
70576
70575
70575
70575
70575
70574
70574
70574
70574
70573
70573
70573
70573
70572
70572
70572
70572
70571
70571
70571
70571
70570
70570
70570
70569
70569
70569
70569
70568
70568
70568
70568
70566
70566
70565
70565
70565
70565
70564
70564
70564
70564
70563
70563
70563
70563
70562
70562
70562
70562
70561
70561
70561
70561
70560
70560
70560
70560
70559
70559
70559
70559
70558
70558
70558
70558
70557
70557
70557
70557
70556
70556
70556
70556
70555
70554
70552
70551
70549
70548
70547
70546
70546
70545
70544
70544
70544
70542
70542
70542
70542
70541
70541
70541
70541
70540
70540
70540
70540
70539
70539
70539
70539
70538
70537
70537
70535
70535
70535
70534
70534
70534
70534
70533
70533
70533
70533
70532
70532
70532
70532
70531
70531
70531
70531
70530
70530
70529
70528
70527
70527
70526
70526
70526
70526
70525
70525
70525
70524
70524
70524
70524
70523
70523
70523
70523
70522
70522
70522
70522
70520
70520
70519
70519
70519
70519
70518
70518
70518
70518
70517
70517
70517
70517
70516
70516
70516
70514
70514
70514
70514
70513
70513
70513
70513
70512
70512
70512
70512
70511
70511
70511
70511
70510
70510
70510
70510
70509
70509
70509
70509
70508
70508
70508
70508
70507
70507
70507
70507
70506
70506
70506
70506
70504
70504
70503
70503
70503
70503
70502
70502
70502
70502
70501
70501
70499
70499
70499
70498
70498
70498
70498
70497
70497
70497
70497
70496
70496
70496
70496
70495
70495
70495
70495
70494
70494
70494
70494
70493
70493
70493
70493
70492
70492
70492
70492
70491
70491
70491
70490
70490
70490
70490
70489
70489
70489
70489
70488
70488
70488
70488
70487
70487
70487
70487
70486
70486
70485
70483
70479
70478
70474
70473
70472
70472
70472
70472
70471
70471
70471
70471
70470
70470
70470
70470
70469
70469
70469
70469
70468
70467
70467
70465
70465
70465
70464
70464
70464
70464
70463
70463
70463
70463
70462
70462
70462
70462
70461
70461
70461
70461
70460
70460
70459
70458
70457
70457
70457
70456
70456
70456
70455
70455
70455
70455
70454
70454
70454
70454
70453
70453
70453
70453
70452
70452
70452
70450
70450
70450
70450
70449
70449
70449
70449
70448
70448
70448
70447
70447
70447
70447
70447
70446
70445
70445
70444
70444
70444
70444
70443
70443
70443
70443
70442
70442
70442
70442
70441
70441
70441
70441
70440
70440
70440
70439
70438
70438
70438
70437
70437
70437
70437
70436
70436
70436
70436
70435
70435
70435
70435
70434
70434
70434
70434
70433
70433
70433
70433
70431
70431
70431
70430
70430
70430
70430
70429
70429
70429
70429
70428
70428
70428
70428
70427
70427
70427
70427
70426
70426
70426
70425
70425
70425
70425
70424
70424
70424
70424
70423
70423
70423
70423
70422
70422
70422
70422
70421
70421
70421
70421
70420
70420
70420
70419
70419
70419
70418
70418
70418
70418
70417
70417
70417
70417
70416
70416
70416
70416
70415
70413
70411
70410
70408
70407
70406
70405
70405
70405
70404
70404
70403
70403
70403
70402
70402
70402
70400
70400
70399
70398
70398
70398
70398
70397
70397
70397
70397
70396
70396
70396
70396
70395
70395
70395
70395
70394
70394
70394
70394
70392
70392
70391
70390
70390
70390
70389
70389
70389
70389
70388
70388
70388
70388
70387
70387
70387
70387
70386
70386
70386
70386
70385
70384
70384
70383
70383
70383
70382
70382
70382
70382
70381
70381
70381
70381
70380
70380
70380
70380
70378
70378
70378
70377
70377
70377
70377
70376
70376
70376
70376
70375
70375
70375
70375
70374
70374
70374
70373
70373
70373
70371
70371
70370
70369
70369
70369
70369
70368
70368
70368
70368
70367
70367
70367
70367
70366
70366
70366
70366
70365
70365
70363
70363
70363
70363
70362
70362
70362
70361
70361
70361
70361
70360
70360
70360
70360
70359
70359
70359
70359
70358
70358
70358
70358
70357
70357
70357
70357
70356
70356
70356
70356
70355
70355
70355
70355
70354
70354
70354
70354
70353
70353
70353
70353
70352
70352
70352
70352
70351
70351
70351
70351
70350
70350
70350
70349
70349
70349
70349
70348
70348
70348
70348
70347
70347
70347
70347
70346
70346
70346
70345
70343
70342
70341
70338
70337
70335
70334
70334
70334
70334
70333
70332
70332
70330
70330
70330
70329
70329
70329
70329
70328
70328
70328
70328
70327
70327
70327
70327
70326
70326
70326
70325
70325
70325
70323
70323
70322
70321
70321
70321
70321
70320
70320
70320
70320
70319
70319
70319
70319
70318
70318
70318
70318
70317
70317
70317
70317
70315
70315
70315
70314
70314
70314
70314
70312
70312
70312
70311
70311
70311
70311
70310
70310
70310
70308
70308
70308
70308
70307
70307
70307
70307
70306
70306
70306
70306
70305
70305
70305
70305
70304
70304
70304
70304
70303
70302
70302
70300
70300
70300
70299
70299
70299
70299
70298
70298
70298
70297
70297
70297
70297
70296
70296
70295
70294
70294
70294
70294
70293
70293
70293
70293
70292
70292
70292
70292
70291
70291
70291
70291
70290
70290
70290
70290
70289
70289
70289
70289
70288
70288
70288
70288
70287
70287
70287
70287
70286
70286
70286
70286
70285
70285
70285
70285
70284
70284
70284
70284
70283
70283
70283
70283
70282
70282
70282
70282
70281
70281
70281
70281
70280
70280
70280
70280
70279
70279
70279
70279
70278
70278
70278
70278
70277
70277
70277
70276
70276
70276
70276
70275
70275
70275
70273
70271
70270
70268
70267
70265
70264
70263
70263
70262
70262
70262
70262
70261
70261
70261
70261
70260
70260
70260
70260
70259
70259
70259
70258
70258
70258
70258
70256
70256
70254
70254
70254
70253
70253
70253
70253
70252
70252
70252
70252
70251
70251
70251
70251
70250
70250
70250
70250
70249
70249
70248
70247
70247
70247
70246
70246
70246
70246
70245
70245
70245
70245
70244
70244
70244
70244
70243
70242
70242
70241
70241
70241
70241
70240
70240
70240
70240
70239
70239
70239
70239
70238
70238
70238
70238
70237
70237
70237
70235
70235
70234
70234
70233
70233
70233
70232
70232
70232
70232
70231
70231
70231
70231
70229
70229
70229
70229
70228
70228
70228
70228
70227
70227
70227
70227
70226
70226
70226
70226
70225
70225
70225
70225
70224
70224
70224
70223
70222
70221
70221
70221
70221
70220
70220
70220
70220
70219
70219
70219
70219
70218
70218
70218
70218
70217
70217
70217
70217
70216
70216
70216
70216
70215
70215
70215
70215
70214
70214
70214
70214
70213
70213
70213
70212
70212
70212
70212
70211
70211
70211
70211
70210
70210
70210
70210
70209
70209
70209
70209
70208
70208
70208
70208
70207
70207
70207
70206
70206
70206
70206
70205
70204
70200
70199
70197
70196
70194
70194
70193
70193
70193
70193
70192
70192
70192
70192
70191
70191
70191
70191
70190
70190
70190
70188
70188
70187
70187
70186
70186
70186
70186
70185
70185
70185
70184
70184
70184
70184
70183
70183
70183
70183
70182
70182
70182
70182
70180
70180
70180
70179
70179
70179
70179
70178
70178
70178
70178
70177
70177
70177
70177
70176
70176
70175
70174
70174
70174
70174
70173
70173
70173
70173
70172
70172
70172
70171
70171
70171
70171
70171
70170
70170
70170
70170
70168
70168
70167
70166
70166
70166
70165
70165
70165
70165
70164
70164
70163
70162
70162
70162
70161
70161
70161
70161
70160
70160
70160
70158
70158
70158
70158
70157
70157
70157
70157
70156
70156
70156
70156
70155
70155
70155
70155
70154
70154
70154
70154
70153
70153
70153
70153
70152
70152
70152
70151
70151
70151
70151
70150
70150
70150
70150
70149
70149
70149
70149
70148
70148
70148
70148
70147
70147
70147
70147
70146
70146
70146
70146
70145
70145
70145
70145
70144
70144
70144
70144
70143
70143
70143
70143
70142
70142
70142
70142
70141
70141
70141
70141
70140
70140
70140
70140
70139
70139
70139
70139
70138
70138
70138
70138
70137
70137
70137
70133
70132
70130
70129
70127
70126
70126
70125
70125
70125
70124
70124
70124
70123
70123
70123
70122
70121
70120
70120
70119
70119
70119
70119
70118
70118
70118
70118
70117
70117
70117
70117
70116
70116
70116
70116
70115
70115
70115
70114
70113
70113
70113
70113
70112
70112
70112
70111
70111
70111
70111
70110
70110
70110
70110
70109
70108
70108
70107
70107
70107
70107
70106
70106
70106
70106
70105
70105
70105
70104
70104
70104
70104
70103
70103
70103
70103
70101
70101
70099
70099
70099
70098
70098
70098
70098
70096
70096
70096
70095
70095
70095
70095
70094
70094
70094
70094
70093
70093
70093
70091
70091
70089
70089
70089
70088
70088
70088
70087
70087
70087
70086
70086
70086
70086
70085
70085
70085
70085
70084
70084
70084
70084
70083
70083
70083
70083
70082
70082
70082
70082
70081
70081
70081
70081
70080
70080
70080
70079
70079
70079
70079
70078
70078
70078
70078
70077
70077
70077
70077
70076
70076
70076
70076
70075
70075
70075
70075
70074
70074
70074
70074
70073
70073
70073
70073
70072
70072
70072
70072
70071
70071
70071
70071
70070
70070
70070
70070
70069
70069
70069
70069
70068
70068
70068
70067
70067
70067
70067
70066
70066
70066
70064
70063
70060
70059
70057
70056
70056
70055
70055
70055
70053
70053
70052
70051
70051
70051
70051
70050
70050
70050
70049
70049
70049
70049
70048
70048
70048
70048
70047
70047
70047
70047
70046
70045
70045
70044
70044
70044
70044
70043
70043
70043
70043
70042
70042
70042
70042
70041
70041
70041
70039
70039
70039
70039
70038
70038
70038
70038
70037
70037
70037
70037
70036
70036
70034
70034
70034
70034
70033
70033
70033
70031
70031
70030
70029
70029
70029
70027
70027
70027
70027
70026
70026
70026
70026
70025
70025
70025
70025
70024
70024
70024
70024
70023
70022
70022
70020
70020
70020
70019
70019
70019
70019
70018
70018
70018
70017
70017
70017
70017
70016
70016
70016
70016
70015
70015
70015
70015
70014
70014
70014
70014
70013
70013
70013
70013
70012
70012
70012
70012
70011
70011
70011
70011
70010
70010
70010
70010
70009
70009
70009
70009
70008
70008
70008
70008
70007
70007
70007
70007
70006
70006
70006
70006
70005
70005
70005
70005
70004
70004
70004
70004
70003
70003
70003
70003
70002
70002
70002
70002
70001
70001
70001
70001
70000
70000
70000
70000
69999
69999
69999
69999
69998
69998
69998
69998
69997
69997
69997
69997
69996
69996
69995
69993
69991
69990
69987
69986
69984
69984
69984
69984
69983
69983
69983
69983
69982
69982
69982
69982
69981
69981
69981
69981
69980
69980
69980
69980
69979
69978
69978
69977
69977
69977
69977
69976
69976
69976
69976
69975
69975
69975
69975
69974
69974
69974
69972
69972
69972
69972
69971
69971
69971
69971
69970
69970
69970
69970
69969
69969
69969
69968
69968
69968
69968
69967
69967
69966
69965
69964
69963
69963
69962
69962
69962
69962
69961
69961
69961
69961
69960
69960
69960
69960
69959
69959
69959
69959
69958
69958
69956
69956
69955
69955
69954
69954
69954
69954
69953
69953
69953
69953
69952
69952
69952
69952
69951
69951
69951
69951
69950
69950
69950
69949
69949
69949
69949
69948
69948
69948
69948
69947
69947
69947
69947
69946
69946
69946
69946
69945
69944
69944
69943
69943
69943
69943
69942
69942
69942
69942
69941
69941
69941
69941
69940
69940
69940
69939
69939
69939
69939
69938
69938
69938
69938
69937
69937
69937
69937
69936
69936
69936
69936
69935
69935
69935
69935
69934
69934
69934
69934
69933
69933
69933
69932
69932
69932
69932
69931
69931
69931
69931
69930
69930
69930
69930
69929
69929
69929
69929
69928
69928
69928
69928
69924
69923
69921
69920
69918
69917
69917
69916
69916
69916
69915
69915
69915
69915
69914
69914
69914
69914
69913
69913
69913
69911
69911
69911
69911
69910
69909
69909
69909
69908
69908
69908
69904
69903
69903
69903
69902
69902
69900
69900
69899
69899
69898
69898
69898
69897
69897
69896
69896
69896
69896
69895
69895
69895
69894
69894
69893
69893
69893
69889
69804
69801
69800
69800
69799
69799
69798
69798
69798
69798
69797
69797
69797
69796
69796
69796
69796
69795
69795
69795
69795
69794
69793
69793
69791
69791
69791
69790
69790
69790
69789
69789
69789
69789
69788
69788
69788
69788
69787
69787
69787
69787
69786
69786
69786
69784
69784
69784
69784
69783
69783
69783
69783
69782
69782
69782
69781
69781
69781
69781
69780
69780
69780
69780
69779
69779
69779
69779
69778
69778
69778
69777
69777
69777
69777
69776
69776
69776
69776
69775
69775
69775
69775
69774
69774
69774
69774
69773
69773
69773
69773
69772
69772
69772
69772
69771
69771
69771
69771
69770
69770
69770
69770
69769
69769
69769
69769
69768
69768
69768
69768
69767
69767
69767
69767
69766
69766
69766
69766
69765
69765
69765
69765
69764
69764
69764
69764
69762
69762
69762
69761
69761
69758
69756
69755
69751
69750
69748
69748
69748
69748
69747
69747
69747
69746
69746
69746
69744
69744
69744
69744
69743
69743
69743
69743
69742
69742
69742
69742
69741
69741
69741
69741
69740
69739
69739
69738
69738
69738
69738
69737
69737
69737
69736
69736
69736
69736
69735
69735
69735
69735
69734
69733
69733
69732
69731
69731
69729
69729
69729
69729
69728
69728
69728
69728
69727
69727
69727
69727
69726
69726
69726
69726
69725
69725
69725
69724
69724
69723
69722
69721
69721
69720
69720
69720
69719
69719
69719
69719
69718
69718
69718
69718
69717
69717
69717
69717
69716
69716
69716
69716
69714
69714
69714
69713
69713
69713
69713
69712
69712
69712
69712
69711
69711
69711
69711
69710
69710
69710
69709
69709
69709
69709
69708
69708
69708
69708
69707
69707
69707
69707
69706
69706
69706
69706
69705
69705
69705
69705
69704
69704
69704
69704
69703
69703
69703
69703
69702
69702
69702
69702
69701
69701
69701
69701
69700
69700
69700
69700
69699
69699
69699
69698
69698
69698
69698
69697
69697
69697
69697
69696
69696
69696
69696
69696
69695
69695
69695
69695
69694
69693
69692
69692
69692
69691
69691
69691
69690
69690
69690
69690
69689
69689
69689
69686
69684
69683
69682
69680
69679
69679
69678
69678
69677
69676
69676
69676
69676
69675
69675
69675
69675
69674
69674
69674
69674
69673
69673
69673
69673
69671
69671
69671
69670
69670
69670
69669
69669
69669
69669
69669
69668
69668
69668
69668
69666
69666
69665
69665
69665
69665
69663
69663
69662
69661
69661
69661
69661
69660
69660
69660
69660
69659
69659
69659
69659
69658
69658
69657
69656
69656
69656
69656
69655
69653
69653
69652
69651
69651
69651
69651
69650
69650
69650
69650
69649
69649
69649
69649
69648
69648
69648
69647
69647
69647
69647
69646
69645
69645
69644
69644
69644
69643
69643
69643
69642
69642
69642
69641
69641
69641
69641
69641
69640
69640
69618
69618
69618
69618
69617
69617
69617
69616
69616
69616
69615
69615
69615
69614
69614
69614
69613
69613
69613
69613
69612
69612
69612
69611
69611
69611
69610
69610
69610
69610
69609
69609
69609
69608
69608
69608
69607
69607
69607
69606
69606
69606
69606
69605
69605
69605
69604
69604
69604
69603
69603
69602
69601
69601
69601
69601
69600
69600
69598
69598
69597
69597
69597
69596
69596
69596
69596
69595
69595
69595
69595
69594
69594
69594
69594
69593
69593
69593
69593
69592
69592
69590
69589
69587
69584
69583
69581
69580
69580
69580
69579
69579
69579
69579
69578
69578
69578
69578
69577
69577
69577
69575
69575
69575
69574
69574
69573
69573
69573
69573
69572
69572
69572
69570
69570
69570
69569
69569
69569
69569
69568
69568
69567
69566
69565
69565
69564
69564
69564
69564
69563
69563
69563
69563
69562
69562
69562
69562
69561
69561
69561
69561
69560
69560
69560
69558
69558
69557
69556
69556
69556
69556
69555
69555
69555
69555
69554
69554
69554
69554
69553
69553
69553
69552
69552
69552
69552
69551
69550
69550
69549
69549
69549
69549
69548
69548
69548
69547
69547
69547
69547
69546
69546
69546
69546
69545
69545
69545
69545
69544
69544
69544
69544
69543
69543
69543
69543
69542
69542
69542
69542
69541
69541
69541
69541
69540
69540
69540
69540
69538
69538
69537
69537
69537
69537
69536
69536
69536
69536
69535
69535
69535
69534
69534
69534
69534
69533
69533
69533
69533
69532
69532
69532
69532
69531
69531
69531
69531
69530
69530
69530
69527
69527
69526
69526
69526
69526
69525
69525
69524
69524
69524
69524
69523
69523
69523
69523
69522
69522
69522
69522
69521
69521
69521
69521
69520
69520
69520
69520
69519
69519
69519
69519
69517
69515
69514
69513
69511
69510
69510
69509
69509
69509
69508
69508
69508
69508
69506
69506
69506
69505
69505
69505
69505
69504
69504
69503
69503
69502
69502
69502
69502
69501
69501
69501
69501
69500
69500
69499
69498
69497
69496
69496
69496
69496
69495
69495
69495
69495
69494
69494
69494
69493
69493
69493
69492
69492
69492
69492
69491
69491
69490
69489
69488
69488
69487
69487
69487
69487
69486
69486
69486
69486
69485
69485
69485
69485
69484
69484
69484
69484
69483
69483
69483
69481
69481
69481
69481
69480
69480
69480
69480
69479
69479
69479
69478
69478
69478
69478
69477
69477
69477
69477
69476
69476
69476
69476
69474
69474
69474
69473
69473
69473
69473
69472
69472
69472
69472
69471
69471
69471
69470
69470
69470
69470
69469
69469
69469
69469
69469
69468
69468
69468
69467
69467
69467
69467
69467
69466
69466
69466
69466
69465
69465
69465
69465
69461
69461
69461
69460
69460
69459
69459
69459
69456
69456
69456
69455
69455
69455
69454
69454
69454
69454
69453
69453
69453
69453
69452
69452
69452
69452
69451
69451
69451
69451
69450
69450
69450
69450
69449
69449
69449
69449
69448
69448
69448
69448
69447
69447
69447
69446
69446
69446
69446
69443
69442
69440
69439
69437
69436
69436
69435
69434
69433
69433
69433
69432
69432
69431
69430
69430
69430
69430
69429
69429
69429
69429
69428
69428
69428
69428
69427
69427
69426
69425
69424
69424
69423
69423
69423
69423
69422
69422
69422
69421
69421
69421
69420
69420
69420
69420
69419
69419
69419
69419
69418
69417
69417
69415
69415
69415
69414
69414
69414
69414
69413
69413
69413
69413
69412
69412
69412
69412
69411
69411
69411
69410
69410
69410
69408
69408
69408
69408
69407
69407
69407
69407
69406
69406
69406
69406
69405
69405
69405
69405
69404
69404
69404
69404
69403
69403
69403
69401
69401
69401
69401
69400
69400
69400
69400
69399
69399
69399
69399
69398
69398
69398
69398
69397
69397
69397
69397
69396
69396
69396
69396
69395
69395
69395
69395
69394
69394
69394
69394
69393
69393
69393
69393
69392
69392
69392
69391
69391
69391
69391
69390
69388
69388
69387
69387
69387
69387
69386
69386
69386
69386
69385
69385
69385
69385
69384
69384
69384
69384
69383
69383
69383
69383
69382
69382
69382
69382
69381
69381
69381
69381
69380
69380
69380
69380
69379
69379
69379
69379
69378
69378
69378
69377
69377
69377
69377
69376
69376
69376
69376
69375
69373
69372
69369
69368
69366
69364
69363
69363
69363
69363
69362
69362
69362
69361
69361
69361
69361
69360
69360
69360
69360
69359
69359
69358
69357
69356
69356
69355
69355
69355
69355
69354
69354
69354
69354
69353
69353
69353
69353
69352
69352
69352
69352
69351
69351
69351
69349
69349
69347
69347
69347
69347
69346
69346
69346
69345
69345
69345
69345
69345
69344
69344
69344
69343
69342
69342
69342
69341
69341
69340
69340
69339
69339
69339
69339
69338
69338
69338
69337
69337
69337
69337
69336
69336
69336
69336
69335
69335
69335
69335
69334
69334
69333
69332
69332
69332
69332
69331
69331
69331
69331
69330
69330
69330
69330
69329
69329
69329
69329
69328
69328
69328
69328
69327
69327
69327
69327
69326
69326
69326
69326
69325
69325
69325
69325
69324
69324
69324
69323
69323
69323
69323
69322
69321
69320
69320
69320
69320
69319
69319
69319
69319
69318
69318
69318
69318
69317
69317
69317
69317
69316
69316
69316
69316
69315
69315
69315
69315
69314
69314
69314
69314
69313
69313
69313
69313
69312
69312
69312
69312
69311
69311
69311
69311
69310
69310
69310
69310
69309
69309
69309
69308
69308
69308
69308
69307
69307
69307
69307
69306
69306
69306
69304
69303
69300
69298
69297
69296
69295
69295
69295
69295
69294
69294
69294
69294
69293
69293
69293
69292
69291
69290
69290
69289
69289
69289
69289
69288
69288
69288
69288
69287
69287
69287
69287
69286
69286
69286
69286
69285
69285
69285
69283
69283
69282
69281
69281
69281
69281
69280
69280
69280
69280
69279
69279
69279
69279
69278
69278
69278
69278
69277
69277
69277
69277
69275
69275
69275
69274
69274
69274
69274
69273
69273
69273
69273
69272
69272
69272
69272
69271
69271
69271
69271
69270
69270
69270
69270
69268
69268
69268
69267
69267
69267
69267
69266
69266
69266
69266
69265
69265
69265
69265
69263
69263
69262
69262
69262
69262
69261
69261
69261
69261
69260
69260
69260
69260
69259
69259
69259
69259
69258
69258
69258
69258
69257
69255
69254
69254
69254
69252
69252
69252
69252
69251
69251
69251
69251
69250
69250
69250
69250
69249
69249
69249
69249
69248
69248
69248
69248
69247
69247
69247
69246
69246
69246
69246
69246
69245
69245
69245
69244
69244
69244
69244
69244
69243
69243
69243
69242
69242
69242
69242
69241
69241
69241
69241
69240
69240
69240
69240
69239
69239
69239
69239
69238
69238
69238
69238
69237
69237
69237
69237
69236
69235
69233
69231
69230
69228
69227
69226
69226
69226
69226
69225
69224
69224
69222
69222
69222
69221
69221
69221
69221
69220
69220
69220
69220
69219
69219
69219
69219
69218
69218
69218
69218
69217
69217
69216
69215
69214
69214
69213
69213
69213
69213
69212
69212
69212
69212
69211
69211
69211
69211
69210
69210
69210
69210
69209
69209
69209
69207
69207
69207
69207
69206
69206
69206
69206
69205
69205
69205
69205
69204
69204
69204
69204
69203
69203
69203
69203
69202
69202
69202
69201
69200
69200
69200
69200
69199
69199
69199
69198
69198
69198
69198
69197
69197
69197
69195
69195
69195
69195
69194
69194
69194
69194
69192
69192
69192
69191
69191
69191
69191
69190
69190
69190
69190
69189
69188
69188
69187
69187
69187
69187
69186
69186
69186
69186
69185
69185
69185
69185
69184
69184
69184
69184
69183
69183
69183
69183
69182
69182
69182
69182
69181
69181
69181
69181
69180
69180
69180
69180
69179
69179
69179
69179
69178
69178
69178
69178
69177
69177
69177
69177
69176
69176
69176
69176
69175
69175
69175
69175
69174
69174
69174
69174
69173
69173
69173
69173
69172
69172
69172
69172
69171
69171
69171
69171
69170
69170
69170
69170
69169
69169
69169
69166
69165
69163
69161
69160
69158
69157
69156
69156
69155
69155
69155
69154
69154
69154
69154
69153
69153
69153
69153
69152
69152
69152
69152
69151
69151
69151
69151
69149
69149
69147
69147
69147
69147
69146
69146
69146
69146
69145
69145
69144
69144
69144
69144
69143
69143
69143
69143
69142
69142
69142
69141
69140
69140
69140
69140
69139
69139
69139
69139
69138
69138
69138
69137
69137
69137
69137
69136
69136
69136
69136
69135
69135
69135
69133
69133
69133
69133
69132
69132
69132
69132
69131
69131
69131
69131
69130
69130
69130
69128
69128
69128
69127
69127
69127
69127
69126
69124
69124
69123
69123
69123
69123
69122
69122
69122
69120
69120
69120
69119
69119
69119
69119
69118
69118
69118
69118
69117
69117
69117
69117
69116
69116
69116
69116
69115
69115
69115
69114
69114
69114
69114
69113
69113
69113
69113
69112
69112
69112
69112
69111
69111
69111
69111
69110
69110
69110
69110
69109
69109
69109
69109
69108
69108
69108
69108
69107
69107
69107
69106
69106
69106
69106
69105
69105
69105
69104
69104
69104
69104
69103
69103
69103
69103
69102
69102
69102
69102
69101
69101
69101
69101
69100
69100
69100
69100
69099
69099
69099
69099
69098
69098
69097
69094
69093
69091
69089
69088
69088
69087
69087
69087
69086
69086
69086
69086
69085
69085
69085
69085
69084
69084
69084
69084
69082
69082
69080
69080
69080
69079
69079
69079
69079
69078
69078
69078
69078
69077
69077
69077
69077
69076
69076
69076
69076
69075
69075
69073
69073
69073
69073
69072
69072
69072
69072
69071
69071
69071
69070
69070
69070
69070
69069
69069
69069
69069
69067
69067
69067
69066
69065
69065
69064
69064
69064
69064
69063
69063
69063
69063
69062
69062
69062
69062
69061
69060
69060
69059
69059
69059
69059
69058
69058
69057
69056
69056
69056
69056
69055
69054
69054
69053
69053
69053
69053
69052
69052
69052
69050
69050
69050
69049
69049
69049
69049
69048
69048
69048
69048
69047
69047
69047
69047
69046
69046
69046
69010
69009
69009
69008
69008
69007
69007
69006
69005
69004
69004
69003
69003
69003
69002
69002
69001
69001
69001
69000
69000
68999
68999
68999
68998
68998
68998
68997
68997
68997
68996
68996
68996
68995
68995
68994
68993
68993
68993
68992
68992
68991
68991
68991
68990
68990
68990
68989
68989
68989
68988
68988
68988
68987
68987
68987
68986
68986
68986
68985
68985
68985
68984
68984
68984
68983
68982
68982
68979
68978
68976
68974
68973
68972
68971
68971
68971
68970
68970
68970
68970
68969
68969
68969
68967
68967
68966
68965
68965
68965
68965
68964
68964
68964
68964
68963
68963
68963
68963
68962
68962
68962
68962
68961
68961
68961
68961
68959
68959
68959
68958
68958
68958
68958
68957
68957
68957
68957
68956
68956
68956
68956
68955
68955
68955
68954
68954
68954
68954
68953
68952
68952
68951
68951
68951
68951
68950
68950
68950
68950
68949
68949
68949
68948
68948
68947
68946
68946
68946
68946
68945
68945
68945
68943
68943
68943
68940
68940
68939
68939
68939
68939
68938
68938
68938
68938
68937
68937
68936
68935
68935
68935
68935
68934
68934
68934
68933
68933
68933
68933
68932
68932
68932
68932
68931
68931
68931
68931
68930
68930
68930
68930
68929
68929
68929
68929
68927
68927
68927
68926
68926
68926
68926
68925
68925
68925
68925
68924
68924
68924
68924
68923
68923
68923
68923
68922
68922
68922
68922
68921
68921
68921
68921
68920
68920
68920
68920
68919
68919
68919
68919
68918
68918
68918
68918
68917
68917
68917
68916
68916
68916
68916
68915
68915
68915
68915
68914
68914
68914
68914
68913
68913
68913
68913
68912
68912
68912
68912
68911
68911
68910
68908
68906
68905
68902
68900
68900
68899
68899
68899
68897
68897
68895
68895
68895
68894
68894
68894
68894
68893
68893
68893
68893
68892
68892
68892
68891
68891
68891
68890
68890
68890
68889
68887
68887
68887
68886
68886
68886
68886
68885
68885
68885
68885
68884
68884
68884
68884
68883
68883
68883
68883
68882
68882
68882
68882
68880
68880
68880
68879
68879
68879
68879
68878
68878
68878
68878
68877
68877
68877
68877
68875
68875
68875
68874
68874
68874
68874
68873
68871
68870
68870
68870
68870
68869
68869
68869
68869
68868
68868
68868
68868
68867
68867
68866
68865
68864
68864
68863
68863
68863
68863
68862
68862
68862
68862
68861
68861
68861
68861
68860
68860
68860
68860
68859
68859
68859
68859
68858
68858
68858
68858
68857
68857
68857
68857
68856
68856
68856
68856
68855
68855
68855
68855
68854
68854
68854
68854
68853
68853
68853
68852
68852
68852
68852
68851
68851
68851
68851
68850
68850
68850
68850
68849
68849
68849
68849
68848
68848
68848
68848
68847
68847
68847
68847
68846
68846
68846
68846
68845
68845
68845
68845
68844
68844
68844
68844
68843
68843
68843
68843
68842
68842
68842
68842
68841
68841
68841
68841
68840
68840
68840
68837
68836
68834
68833
68830
68829
68827
68827
68827
68826
68826
68826
68825
68825
68825
68825
68824
68824
68824
68824
68823
68823
68823
68823
68822
68822
68822
68820
68820
68820
68820
68819
68819
68819
68819
68818
68818
68818
68818
68817
68817
68817
68817
68816
68816
68816
68816
68815
68815
68815
68813
68813
68813
68813
68812
68812
68812
68812
68811
68811
68811
68811
68810
68810
68810
68808
68808
68808
68808
68807
68806
68806
68806
68803
68803
68803
68802
68802
68802
68802
68801
68801
68801
68801
68800
68800
68800
68800
68798
68798
68796
68796
68796
68795
68795
68795
68794
68794
68794
68793
68793
68793
68793
68792
68792
68792
68792
68791
68791
68791
68791
68790
68790
68790
68790
68789
68789
68789
68789
68788
68788
68788
68788
68787
68787
68787
68787
68786
68786
68786
68786
68785
68785
68785
68784
68784
68784
68784
68783
68783
68783
68783
68782
68782
68782
68782
68781
68781
68781
68781
68780
68780
68780
68779
68779
68779
68779
68778
68778
68778
68778
68777
68777
68777
68777
68776
68776
68776
68776
68775
68775
68775
68775
68774
68774
68774
68774
68773
68773
68773
68773
68772
68772
68772
68772
68771
68771
68771
68771
68770
68770
68770
68767
68766
68764
68763
68762
68760
68760
68760
68759
68759
68759
68759
68758
68758
68758
68758
68757
68757
68757
68757
68756
68755
68754
68754
68754
68754
68753
68753
68753
68753
68752
68752
68752
68752
68751
68751
68751
68750
68750
68750
68750
68749
68749
68749
68747
68747
68747
68747
68746
68746
68746
68745
68745
68745
68745
68744
68744
68744
68744
68742
68742
68740
68740
68739
68738
68738
68737
68736
68736
68736
68735
68735
68735
68734
68734
68734
68734
68733
68733
68733
68733
68732
68731
68731
68729
68729
68729
68729
68728
68728
68728
68728
68727
68727
68727
68727
68726
68726
68726
68726
68725
68725
68725
68725
68724
68723
68723
68722
68722
68722
68722
68721
68721
68721
68721
68720
68720
68720
68720
68719
68719
68719
68719
68718
68718
68718
68718
68717
68717
68717
68717
68716
68716
68716
68716
68715
68715
68715
68715
68714
68714
68714
68714
68713
68713
68713
68712
68712
68712
68712
68711
68711
68711
68711
68710
68710
68710
68710
68709
68709
68709
68709
68708
68708
68708
68708
68707
68707
68707
68707
68706
68706
68706
68706
68705
68705
68705
68705
68704
68704
68704
68704
68703
68703
68703
68703
68702
68702
68702
68700
68700
68700
68698
68697
68695
68694
68692
68691
68691
68690
68690
68690
68689
68689
68689
68689
68688
68687
68687
68686
68686
68686
68686
68685
68685
68685
68685
68684
68684
68684
68684
68683
68683
68683
68682
68682
68682
68682
68681
68681
68680
68680
68679
68679
68679
68679
68678
68678
68678
68678
68677
68677
68677
68677
68675
68674
68673
68673
68673
68673
68672
68672
68672
68670
68670
68670
68670
68669
68669
68669
68669
68668
68668
68668
68668
68667
68667
68667
68664
68664
68663
68662
68662
68662
68661
68661
68661
68660
68660
68660
68660
68659
68659
68659
68659
68658
68658
68658
68658
68657
68657
68656
68655
68655
68655
68655
68654
68654
68654
68654
68653
68653
68653
68653
68652
68652
68652
68652
68651
68651
68651
68651
68650
68650
68650
68650
68649
68649
68649
68649
68647
68647
68647
68646
68646
68646
68646
68645
68645
68645
68645
68644
68644
68644
68644
68643
68643
68643
68643
68642
68642
68642
68642
68641
68641
68641
68641
68640
68640
68640
68639
68639
68638
68638
68638
68637
68615
68615
68614
68614
68613
68613
68613
68612
68612
68612
68611
68611
68611
68611
68610
68610
68608
68608
68607
68607
68607
68606
68606
68606
68605
68605
68605
68604
68603
68601
68600
68599
68597
68596
68596
68595
68595
68593
68593
68593
68592
68592
68592
68592
68591
68591
68591
68591
68590
68590
68590
68590
68589
68589
68589
68589
68588
68588
68588
68588
68586
68586
68586
68585
68585
68585
68585
68584
68584
68584
68584
68582
68582
68582
68581
68580
68580
68579
68579
68579
68579
68578
68578
68576
68576
68576
68576
68575
68575
68575
68574
68574
68574
68574
68573
68573
68573
68573
68571
68571
68569
68569
68569
68569
68568
68568
68568
68568
68567
68567
68567
68567
68566
68566
68566
68566
68565
68565
68565
68565
68564
68563
68563
68562
68562
68562
68562
68561
68561
68561
68561
68560
68560
68560
68560
68559
68559
68559
68559
68558
68558
68558
68558
68557
68557
68557
68557
68556
68556
68556
68556
68555
68555
68555
68555
68554
68554
68554
68553
68553
68553
68553
68552
68552
68552
68552
68551
68551
68551
68551
68550
68550
68550
68550
68549
68549
68549
68549
68548
68548
68548
68548
68547
68547
68547
68547
68546
68546
68546
68546
68545
68545
68545
68545
68544
68544
68544
68544
68543
68542
68541
68541
68541
68540
68540
68540
68540
68539
68539
68539
68539
68538
68538
68538
68538
68537
68537
68537
68537
68536
68532
68531
68529
68527
68525
68524
68523
68523
68523
68523
68522
68522
68522
68522
68521
68521
68521
68520
68520
68520
68519
68519
68519
68519
68518
68518
68516
68516
68516
68516
68515
68515
68515
68515
68513
68513
68513
68512
68512
68512
68511
68510
68510
68509
68509
68509
68509
68508
68508
68506
68505
68505
68505
68505
68504
68504
68504
68504
68503
68503
68503
68502
68502
68502
68500
68500
68498
68498
68497
68497
68497
68497
68496
68496
68496
68496
68495
68495
68495
68494
68494
68494
68494
68493
68493
68493
68493
68491
68491
68491
68491
68490
68490
68490
68490
68489
68489
68489
68489
68488
68488
68488
68487
68487
68487
68487
68486
68486
68486
68486
68485
68485
68485
68485
68484
68484
68484
68484
68483
68483
68483
68483
68482
68482
68482
68482
68481
68481
68481
68481
68480
68480
68480
68480
68479
68479
68479
68479
68478
68478
68478
68478
68477
68477
68477
68477
68476
68476
68476
68476
68475
68475
68475
68475
68474
68474
68474
68474
68473
68473
68473
68473
68471
68471
68471
68470
68470
68470
68470
68469
68469
68469
68468
68468
68468
68468
68467
68467
68467
68467
68466
68466
68466
68466
68465
68465
68465
68465
68464
68464
68464
68464
68462
68461
68459
68458
68456
68455
68455
68454
68454
68454
68453
68453
68453
68453
68452
68452
68452
68452
68451
68451
68450
68449
68449
68449
68449
68447
68447
68447
68446
68446
68446
68446
68445
68445
68445
68443
68443
68442
68442
68442
68441
68441
68441
68439
68439
68439
68438
68438
68438
68437
68437
68437
68437
68436
68436
68436
68435
68435
68434
68434
68432
68432
68432
68431
68430
68429
68429
68429
68429
68428
68428
68428
68427
68427
68427
68426
68426
68426
68425
68425
68425
68423
68423
68423
68423
68422
68422
68422
68422
68421
68421
68421
68420
68420
68420
68420
68419
68419
68419
68418
68418
68418
68418
68417
68416
68415
68415
68415
68415
68414
68414
68414
68414
68413
68413
68413
68413
68412
68412
68412
68412
68411
68411
68411
68411
68410
68410
68410
68410
68409
68409
68409
68408
68408
68408
68407
68407
68407
68407
68406
68406
68406
68406
68405
68405
68405
68405
68404
68404
68404
68404
68403
68403
68402
68401
68401
68401
68401
68400
68400
68400
68399
68399
68399
68398
68398
68398
68398
68397
68397
68397
68397
68396
68396
68396
68396
68395
68395
68395
68395
68394
68394
68394
68394
68393
68393
68393
68393
68392
68392
68392
68392
68390
68388
68386
68385
68383
68381
68381
68381
68381
68380
68380
68380
68379
68379
68378
68377
68376
68376
68375
68375
68375
68375
68374
68374
68374
68374
68373
68373
68373
68371
68371
68371
68371
68370
68370
68370
68370
68368
68368
68368
68367
68367
68367
68367
68366
68366
68366
68365
68365
68365
68365
68364
68362
68362
68360
68360
68360
68359
68359
68359
68359
68358
68358
68358
68358
68357
68357
68357
68357
68356
68356
68356
68356
68355
68355
68354
68353
68353
68353
68353
68352
68352
68352
68352
68351
68351
68351
68351
68350
68350
68350
68349
68349
68349
68349
68348
68348
68348
68347
68346
68346
68346
68346
68345
68345
68345
68345
68344
68344
68344
68344
68343
68343
68342
68342
68342
68342
68341
68341
68341
68341
68340
68340
68340
68340
68339
68339
68339
68337
68337
68337
68337
68336
68336
68336
68336
68335
68335
68335
68335
68334
68334
68334
68334
68332
68332
68332
68331
68331
68331
68331
68330
68330
68330
68330
68329
68329
68329
68329
68328
68328
68328
68327
68327
68327
68327
68326
68326
68326
68326
68325
68325
68325
68325
68324
68324
68324
68324
68323
68323
68323
68322
68322
68322
68322
68321
68321
68321
68321
68320
68320
68320
68318
68317
68315
68314
68312
68311
68310
68309
68308
68307
68307
68307
68307
68306
68306
68306
68306
68305
68305
68305
68305
68304
68304
68303
68302
68302
68302
68302
68301
68301
68301
68299
68299
68299
68299
68298
68298
68298
68298
68297
68297
68297
68297
68296
68296
68296
68294
68294
68293
68292
68292
68292
68292
68291
68291
68291
68291
68290
68290
68290
68290
68289
68289
68289
68289
68288
68288
68288
68288
68286
68286
68286
68285
68285
68285
68285
68284
68284
68284
68284
68283
68283
68283
68283
68282
68282
68282
68282
68281
68281
68281
68280
68279
68279
68278
68278
68278
68278
68277
68277
68277
68277
68276
68276
68276
68276
68275
68275
68275
68275
68274
68274
68274
68274
68273
68273
68273
68272
68272
68272
68272
68271
68271
68271
68271
68270
68270
68270
68270
68269
68269
68269
68269
68268
68268
68267
68266
68266
68266
68266
68265
68265
68265
68265
68264
68264
68264
68263
68263
68263
68263
68262
68262
68262
68262
68261
68261
68261
68261
68260
68260
68260
68260
68259
68259
68259
68259
68258
68258
68258
68258
68257
68257
68257
68257
68256
68256
68256
68256
68255
68255
68255
68255
68254
68254
68254
68254
68253
68253
68253
68253
68252
68250
68248
68246
68244
68242
68241
68240
68240
68240
68240
68239
68239
68238
68238
68238
68237
68237
68236
68235
68235
68235
68235
68234
68234
68234
68232
68232
68232
68232
68231
68231
68231
68231
68230
68230
68230
68230
68229
68229
68229
68226
68226
68225
68224
68224
68224
68223
68223
68223
68223
68222
68222
68222
68222
68221
68221
68221
68221
68220
68220
68220
68220
68219
68218
68218
68217
68217
68217
68216
68216
68216
68216
68215
68215
68215
68215
68214
68214
68214
68214
68213
68213
68213
68213
68212
68212
68211
68210
68210
68210
68209
68209
68209
68209
68208
68208
68208
68208
68207
68207
68207
68207
68206
68206
68206
68206
68205
68204
68203
68203
68203
68203
68202
68202
68202
68202
68201
68201
68201
68201
68200
68200
68200
68200
68199
68199
68198
68198
68197
68197
68197
68196
68196
68196
68196
68195
68195
68195
68195
68194
68194
68194
68194
68193
68193
68193
68193
68192
68192
68192
68192
68191
68191
68191
68191
68190
68190
68190
68190
68189
68189
68189
68189
68188
68188
68188
68188
68187
68187
68187
68187
68186
68186
68186
68186
68185
68185
68185
68185
68184
68184
68184
68184
68183
68183
68183
68183
68182
68182
68182
68182
68181
68180
68178
68177
68175
68174
68172
68172
68172
68171
68171
68171
68170
68169
68169
68169
68169
68168
68168
68168
68166
68166
68166
68165
68165
68165
68164
68164
68164
68164
68163
68163
68163
68163
68162
68161
68161
68160
68159
68159
68159
68158
68158
68158
68158
68157
68157
68157
68157
68156
68156
68156
68156
68155
68155
68155
68155
68154
68153
68153
68152
68152
68152
68152
68151
68150
68150
68149
68149
68149
68149
68148
68148
68148
68148
68147
68147
68147
68147
68146
68146
68145
68144
68144
68144
68144
68143
68143
68143
68143
68142
68142
68142
68142
68141
68141
68141
68141
68140
68140
68140
68140
68138
68138
68136
68136
68136
68136
68135
68135
68135
68135
68134
68134
68134
68134
68133
68133
68132
68131
68131
68131
68131
68130
68130
68130
68130
68129
68129
68129
68129
68128
68128
68128
68128
68127
68127
68127
68127
68126
68126
68126
68125
68125
68125
68125
68124
68124
68124
68124
68123
68123
68123
68123
68122
68122
68122
68122
68121
68121
68121
68121
68120
68120
68120
68120
68119
68119
68119
68119
68118
68118
68118
68118
68117
68117
68117
68117
68116
68116
68116
68116
68115
68115
68115
68115
68114
68114
68114
68114
68113
68113
68113
68111
68110
68108
68106
68105
68102
68101
68101
68101
68101
68100
68100
68100
68098
68098
68098
68098
68097
68097
68097
68097
68096
68096
68096
68096
68095
68095
68095
68093
68093
68090
68090
68090
68090
68089
68089
68089
68089
68088
68088
68088
68088
68087
68087
68087
68087
68086
68086
68086
68086
68085
68084
68084
68083
68083
68083
68083
68082
68082
68082
68082
68081
68081
68081
68081
68080
68080
68080
68079
68079
68079
68078
68078
68078
68076
68076
68076
68076
68075
68075
68075
68075
68074
68074
68074
68073
68073
68073
68073
68072
68072
68072
68072
68071
68071
68070
68070
68068
68068
68068
68067
68067
68067
68067
68067
68066
68066
68066
68064
68064
68064
68064
68063
68063
68063
68062
68062
68062
68062
68061
68061
68061
68061
68060
68060
68060
68060
68059
68058
68058
68057
68057
68057
68057
68056
68056
68056
68056
68055
68055
68055
68054
68054
68054
68054
68053
68053
68053
68053
68052
68052
68052
68052
68051
68051
68051
68051
68050
68050
68050
68050
68049
68049
68049
68049
68048
68048
68048
68048
68047
68047
68047
68046
68046
68046
68046
68045
68045
68045
68045
68044
68044
68044
68044
68043
68043
68043
68043
68042
68042
68042
68042
68040
68039
68037
68035
68034
68031
68031
68029
68029
68029
68028
68028
68028
68028
68027
68027
68027
68027
68026
68026
68026
68026
68024
68024
68022
68022
68022
68022
68021
68021
68021
68021
68020
68020
68020
68020
68019
68019
68019
68018
68018
68018
68018
68017
68017
68016
68015
68015
68015
68015
68014
68014
68014
68014
68013
68013
68013
68013
68012
68012
68012
68012
68011
68011
68011
68010
68010
68010
68008
68008
68008
68008
68007
68007
68007
68007
68006
68006
68006
68006
68005
68005
68005
68005
68004
68004
68004
68004
68003
68002
68002
68000
68000
68000
67999
67999
67999
67999
67998
67997
67997
67997
67996
67996
67996
67996
67995
67995
67995
67995
67994
67994
67994
67994
67993
67993
67993
67993
67992
67992
67992
67991
67991
67991
67991
67990
67990
67990
67990
67989
67989
67989
67989
67988
67988
67988
67988
67987
67987
67987
67987
67986
67986
67986
67986
67985
67985
67985
67985
67984
67984
67984
67984
67983
67983
67983
67983
67982
67982
67982
67982
67981
67981
67981
67981
67980
67980
67980
67980
67979
67979
67979
67979
67978
67978
67978
67978
67977
67977
67977
67977
67976
67976
67976
67976
67975
67975
67975
67975
67974
67974
67974
67971
67969
67967
67966
67964
67963
67962
67962
67962
67961
67961
67961
67961
67960
67960
67960
67959
67958
67956
67956
67955
67955
67955
67955
67954
67954
67954
67954
67953
67953
67953
67953
67952
67952
67952
67952
67951
67951
67951
67949
67949
67949
67949
67948
67948
67948
67948
67947
67947
67947
67947
67946
67946
67946
67945
67945
67945
67945
67944
67944
67944
67944
67942
67942
67942
67941
67941
67941
67941
67940
67940
67940
67940
67939
67939
67939
67939
67938
67938
67938
67937
67937
67937
67936
67935
67934
67934
67933
67933
67933
67931
67931
67931
67931
67930
67930
67930
67930
67929
67929
67927
67927
67927
67927
67926
67926
67926
67926
67925
67925
67925
67925
67924
67924
67924
67924
67923
67923
67923
67923
67922
67922
67922
67922
67921
67921
67921
67921
67920
67920
67920
67920
67919
67919
67919
67919
67918
67918
67918
67918
67917
67917
67917
67917
67916
67916
67916
67916
67915
67915
67915
67915
67914
67914
67914
67914
67913
67913
67913
67913
67912
67912
67912
67912
67911
67911
67911
67911
67910
67910
67910
67910
67909
67909
67909
67909
67908
67908
67908
67908
67907
67907
67907
67907
67906
67906
67906
67906
67905
67905
67905
67905
67902
67901
67900
67898
67897
67895
67895
67895
67894
67894
67893
67892
67891
67891
67890
67890
67890
67890
67889
67889
67889
67889
67888
67888
67888
67888
67887
67887
67887
67887
67886
67886
67886
67884
67884
67884
67883
67883
67883
67882
67882
67882
67882
67881
67881
67881
67881
67880
67880
67880
67880
67879
67879
67879
67879
67878
67877
67877
67876
67876
67876
67876
67875
67875
67874
67873
67873
67873
67873
67872
67872
67872
67872
67871
67871
67871
67871
67869
67868
67867
67867
67865
67865
67865
67865
67864
67864
67864
67864
67863
67863
67863
67863
67862
67861
67861
67860
67860
67860
67860
67859
67859
67857
67857
67857
67857
67856
67856
67856
67856
67855
67855
67855
67855
67854
67854
67854
67854
67853
67853
67853
67853
67852
67852
67852
67852
67851
67851
67851
67851
67850
67850
67850
67850
67849
67849
67849
67849
67848
67848
67848
67848
67847
67847
67847
67847
67846
67846
67846
67846
67845
67845
67845
67845
67844
67844
67844
67844
67843
67843
67843
67842
67842
67842
67841
67841
67841
67841
67840
67840
67840
67840
67839
67839
67839
67839
67838
67838
67838
67838
67837
67837
67837
67837
67836
67836
67836
67836
67835
67835
67835
67835
67833
67832
67830
67829
67826
67824
67823
67822
67822
67822
67822
67821
67821
67821
67820
67820
67820
67820
67819
67819
67819
67819
67818
67818
67818
67818
67817
67815
67814
67814
67814
67814
67813
67813
67813
67813
67812
67812
67812
67812
67811
67811
67811
67811
67810
67810
67810
67810
67809
67809
67808
67807
67807
67807
67807
67806
67806
67806
67806
67805
67805
67805
67805
67804
67804
67804
67804
67803
67803
67803
67803
67801
67800
67798
67798
67798
67798
67797
67797
67797
67796
67796
67796
67796
67795
67795
67795
67795
67793
67793
67793
67792
67792
67792
67791
67791
67790
67789
67789
67789
67789
67788
67788
67788
67788
67787
67787
67787
67787
67786
67786
67786
67786
67785
67785
67785
67785
67784
67784
67784
67784
67783
67783
67783
67783
67782
67782
67782
67780
67780
67780
67779
67779
67779
67779
67778
67778
67778
67778
67777
67777
67777
67777
67776
67776
67776
67776
67775
67775
67775
67775
67774
67774
67774
67774
67773
67773
67773
67773
67772
67772
67772
67772
67771
67771
67771
67771
67770
67770
67770
67770
67769
67769
67769
67769
67768
67768
67768
67768
67767
67767
67767
67767
67766
67766
67766
67766
67765
67765
67765
67765
67764
67762
67760
67758
67756
67755
67754
67753
67753
67753
67753
67752
67752
67752
67752
67751
67751
67751
67751
67750
67750
67750
67748
67748
67748
67748
67747
67747
67747
67747
67746
67746
67746
67745
67745
67745
67745
67744
67744
67744
67744
67743
67743
67743
67743
67741
67741
67741
67741
67740
67740
67740
67740
67739
67739
67739
67738
67738
67738
67738
67737
67737
67737
67737
67735
67735
67733
67733
67732
67731
67731
67731
67731
67730
67730
67730
67730
67729
67729
67729
67729
67728
67728
67727
67726
67726
67726
67726
67725
67725
67725
67723
67723
67723
67722
67722
67722
67722
67721
67721
67721
67721
67720
67720
67720
67720
67718
67718
67718
67717
67717
67717
67717
67716
67716
67716
67716
67715
67715
67715
67715
67714
67714
67714
67714
67713
67713
67713
67712
67712
67712
67712
67711
67711
67711
67711
67710
67710
67710
67710
67709
67709
67709
67709
67708
67708
67708
67708
67707
67707
67707
67706
67706
67706
67706
67705
67705
67705
67705
67704
67704
67704
67704
67703
67703
67703
67703
67702
67702
67702
67702
67701
67701
67701
67701
67700
67700
67700
67700
67699
67699
67699
67699
67698
67698
67698
67698
67697
67697
67697
67697
67696
67695
67692
67691
67689
67688
67686
67685
67685
67684
67684
67684
67683
67683
67683
67683
67682
67680
67679
67679
67679
67679
67678
67678
67678
67678
67677
67677
67677
67677
67676
67676
67676
67676
67675
67675
67675
67675
67674
67674
67673
67672
67672
67671
67671
67671
67671
67670
67670
67670
67670
67669
67669
67669
67669
67668
67667
67667
67667
67666
67666
67665
67664
67663
67663
67662
67662
67662
67662
67661
67661
67661
67661
67660
67660
67660
67660
67659
67658
67658
67657
67657
67657
67657
67656
67656
67655
67654
67654
67654
67654
67653
67653
67653
67653
67652
67652
67652
67652
67651
67651
67649
67649
67649
67648
67648
67648
67648
67647
67647
67647
67647
67646
67646
67646
67646
67645
67645
67645
67645
67644
67644
67644
67644
67643
67643
67643
67643
67642
67642
67642
67641
67641
67641
67641
67640
67640
67626
67625
67625
67625
67625
67624
67624
67624
67624
67623
67623
67623
67623
67622
67622
67622
67622
67621
67621
67621
67620
67620
67620
67619
67619
67619
67619
67618
67618
67618
67618
67617
67617
67617
67617
67616
67616
67616
67616
67615
67615
67615
67615
67614
67614
67614
67614
67612
67611
67611
67611
67611
67610
67610
67610
67610
67609
67608
67606
67605
67603
67601
67600
67600
67599
67599
67598
67598
67597
67597
67597
67597
67596
67596
67596
67596
67595
67595
67595
67595
67594
67594
67594
67593
67593
67593
67593
67592
67592
67591
67590
67590
67590
67589
67589
67589
67589
67589
67588
67588
67588
67588
67586
67586
67585
67585
67585
67585
67584
67584
67583
67582
67581
67581
67580
67580
67580
67580
67579
67579
67579
67577
67577
67577
67576
67576
67576
67574
67574
67574
67574
67573
67573
67573
67573
67571
67571
67571
67570
67570
67570
67570
67569
67569
67569
67569
67568
67568
67568
67567
67566
67566
67565
67565
67565
67565
67564
67564
67564
67564
67563
67563
67563
67563
67562
67562
67562
67562
67561
67561
67561
67561
67560
67560
67560
67560
67559
67559
67559
67559
67558
67558
67558
67558
67557
67557
67557
67557
67556
67556
67556
67556
67555
67555
67555
67555
67554
67554
67554
67554
67553
67553
67553
67553
67552
67552
67552
67552
67551
67551
67551
67551
67550
67550
67550
67550
67549
67549
67549
67548
67548
67548
67548
67547
67547
67547
67547
67546
67546
67546
67544
67544
67544
67544
67543
67543
67543
67543
67542
67542
67542
67542
67541
67541
67541
67541
67540
67540
67540
67538
67537
67535
67533
67531
67529
67528
67528
67528
67528
67527
67527
67527
67526
67526
67526
67525
67525
67525
67524
67524
67524
67524
67523
67523
67523
67521
67521
67521
67521
67520
67520
67520
67520
67519
67519
67518
67517
67517
67517
67517
67516
67516
67516
67516
67515
67515
67514
67513
67512
67512
67511
67511
67511
67511
67510
67510
67510
67509
67509
67509
67509
67508
67508
67507
67506
67506
67506
67506
67505
67505
67505
67503
67503
67503
67503
67502
67502
67502
67502
67501
67501
67501
67501
67500
67500
67500
67498
67498
67498
67498
67497
67497
67497
67497
67496
67496
67496
67496
67495
67495
67495
67495
67494
67494
67494
67494
67493
67493
67493
67493
67492
67492
67492
67492
67491
67491
67491
67491
67490
67490
67490
67490
67489
67489
67489
67489
67488
67487
67487
67486
67486
67486
67486
67485
67485
67485
67485
67484
67484
67484
67484
67483
67483
67483
67482
67482
67482
67482
67481
67481
67481
67481
67480
67480
67480
67480
67479
67479
67479
67478
67478
67477
67477
67475
67475
67475
67474
67474
67473
67473
67473
67473
67472
67472
67472
67472
67471
67471
67471
67471
67470
67470
67470
67470
67469
67469
67469
67469
67468
67468
67468
67466
67465
67463
67462
67460
67457
67457
67457
67457
67456
67456
67456
67456
67455
67455
67455
67454
67454
67454
67454
67452
67452
67452
67452
67451
67451
67451
67449
67449
67449
67449
67448
67448
67448
67448
67447
67447
67447
67447
67446
67446
67445
67444
67443
67443
67443
67442
67442
67442
67441
67441
67441
67441
67440
67440
67440
67440
67439
67438
67438
67437
67437
67437
67437
67436
67436
67435
67434
67434
67434
67434
67433
67433
67433
67433
67432
67432
67432
67432
67431
67431
67430
67430
67429
67429
67429
67429
67428
67428
67428
67427
67427
67427
67426
67426
67426
67426
67425
67425
67425
67425
67424
67424
67424
67423
67422
67422
67422
67421
67421
67421
67421
67420
67420
67419
67419
67419
67419
67418
67418
67418
67418
67417
67417
67417
67417
67416
67416
67416
67416
67415
67415
67415
67415
67414
67414
67414
67414
67413
67413
67413
67413
67412
67412
67412
67412
67411
67411
67411
67411
67410
67410
67410
67410
67409
67408
67408
67407
67407
67407
67406
67406
67406
67406
67405
67405
67405
67405
67404
67404
67404
67404
67403
67403
67403
67402
67402
67402
67402
67402
67401
67401
67401
67400
67400
67400
67400
67399
67399
67399
67399
67398
67396
67394
67393
67391
67390
67388
67387
67387
67387
67387
67386
67386
67386
67385
67384
67384
67384
67383
67382
67382
67381
67381
67381
67380
67380
67380
67380
67379
67379
67379
67379
67378
67378
67378
67378
67376
67376
67374
67374
67373
67373
67373
67373
67372
67372
67372
67372
67371
67371
67371
67371
67370
67369
67369
67368
67368
67368
67368
67367
67367
67366
67365
67365
67365
67365
67364
67364
67364
67364
67363
67363
67363
67363
67362
67362
67361
67360
67360
67360
67360
67359
67359
67359
67359
67358
67358
67358
67358
67357
67357
67357
67357
67356
67356
67356
67356
67355
67355
67354
67354
67353
67353
67353
67352
67352
67352
67352
67351
67351
67351
67351
67350
67350
67349
67349
67349
67348
67348
67346
67345
67345
67344
67344
67344
67343
67343
67342
67342
67342
67341
67341
67341
67340
67340
67340
67339
67339
67339
67338
67338
67338
67337
67337
67336
67336
67336
67333
67333
67332
67332
67332
67331
67331
67330
67330
67329
67284
67284
67283
67282
67282
67282
67282
67281
67281
67281
67281
67280
67280
67280
67279
67279
67279
67279
67278
67278
67278
67278
67277
67277
67277
67277
67276
67276
67276
67276
67275
67275
67275
67274
67274
67274
67272
67270
67269
67268
67266
67265
67264
67264
67263
67261
67261
67261
67261
67260
67260
67260
67260
67259
67259
67258
67258
67258
67258
67257
67257
67257
67256
67256
67256
67254
67254
67252
67252
67252
67252
67251
67251
67251
67251
67250
67250
67250
67250
67249
67249
67249
67247
67247
67247
67247
67246
67246
67246
67245
67244
67244
67244
67243
67243
67243
67243
67242
67242
67242
67240
67240
67240
67239
67239
67238
67237
67237
67237
67237
67236
67236
67236
67236
67235
67235
67235
67234
67234
67234
67234
67233
67233
67233
67233
67232
67232
67232
67230
67230
67230
67230
67229
67229
67229
67229
67228
67228
67228
67228
67227
67227
67227
67227
67226
67226
67226
67226
67225
67225
67225
67225
67224
67224
67224
67224
67223
67223
67223
67222
67222
67222
67222
67221
67221
67221
67221
67220
67220
67220
67219
67219
67219
67217
67217
67217
67217
67216
67216
67216
67216
67215
67215
67215
67215
67214
67214
67214
67213
67213
67213
67213
67212
67212
67212
67212
67211
67211
67211
67211
67210
67210
67210
67210
67209
67209
67209
67208
67208
67208
67208
67207
67207
67207
67207
67206
67206
67206
67206
67205
67205
67205
67205
67204
67204
67204
67204
67203
67200
67199
67196
67195
67192
67190
67190
67190
67189
67189
67189
67188
67188
67188
67187
67187
67187
67187
67186
67186
67186
67186
67185
67184
67184
67182
67182
67182
67181
67181
67181
67181
67180
67180
67180
67180
67179
67179
67179
67179
67177
67177
67177
67176
67176
67176
67176
67175
67174
67174
67173
67173
67173
67173
67172
67172
67172
67172
67171
67171
67171
67171
67170
67169
67168
67168
67168
67168
67167
67167
67167
67167
67166
67166
67166
67166
67165
67165
67165
67165
67164
67164
67164
67164
67163
67163
67162
67161
67161
67161
67160
67160
67160
67160
67159
67159
67159
67159
67158
67158
67158
67158
67157
67157
67157
67157
67156
67155
67155
67155
67154
67154
67154
67154
67153
67153
67153
67153
67152
67152
67152
67151
67151
67151
67151
67150
67150
67150
67147
67147
67147
67146
67146
67146
67146
67145
67145
67145
67145
67144
67144
67144
67144
67143
67143
67143
67143
67142
67142
67142
67142
67141
67141
67141
67141
67140
67140
67140
67140
67139
67139
67139
67139
67138
67138
67138
67138
67137
67137
67137
67136
67136
67136
67136
67135
67135
67135
67135
67134
67134
67134
67134
67133
67133
67133
67133
67132
67132
67132
67132
67131
67131
67130
67128
67126
67125
67123
67122
67121
67121
67121
67120
67120
67120
67120
67119
67119
67119
67119
67117
67117
67116
67115
67115
67115
67115
67114
67114
67114
67114
67113
67113
67113
67113
67112
67112
67111
67110
67110
67110
67109
67109
67109
67109
67107
67107
67107
67106
67106
67106
67106
67105
67105
67105
67105
67104
67104
67104
67104
67102
67102
67102
67101
67101
67101
67101
67100
67100
67100
67100
67099
67099
67099
67098
67098
67098
67098
67097
67097
67097
67097
67096
67095
67095
67094
67094
67094
67094
67093
67093
67093
67093
67092
67092
67092
67091
67091
67091
67091
67090
67090
67090
67090
67088
67088
67086
67086
67086
67085
67085
67085
67085
67084
67084
67084
67084
67083
67083
67083
67083
67082
67081
67081
67080
67080
67080
67080
67079
67079
67079
67079
67078
67078
67078
67078
67077
67077
67077
67077
67076
67076
67076
67076
67075
67075
67075
67075
67074
67074
67074
67073
67073
67073
67073
67072
67072
67072
67072
67071
67071
67071
67071
67070
67070
67070
67070
67069
67069
67069
67069
67068
67068
67068
67068
67067
67067
67067
67067
67066
67066
67066
67066
67065
67065
67065
67065
67064
67064
67064
67064
67063
67063
67063
67063
67060
67058
67056
67055
67052
67051
67050
67050
67050
67049
67049
67048
67048
67046
67046
67046
67045
67045
67045
67045
67044
67044
67044
67044
67043
67043
67043
67043
67041
67041
67040
67040
67040
67040
67039
67039
67038
67037
67037
67037
67037
67036
67036
67036
67036
67035
67035
67035
67035
67034
67034
67032
67032
67032
67032
67031
67031
67031
67031
67030
67030
67030
67030
67029
67029
67029
67029
67028
67028
67028
67028
67027
67027
67027
67025
67025
67025
67025
67024
67024
67024
67024
67023
67023
67023
67023
67022
67022
67022
67022
67021
67021
67021
67020
67020
67019
67018
67017
67016
67016
67016
67016
67015
67015
67015
67015
67014
67014
67014
67014
67012
67012
67012
67012
67011
67011
67011
67011
67010
67010
67010
67009
67009
67009
67009
67008
67008
67008
67008
67007
67007
67007
67007
67006
67006
67006
67006
67005
67005
67005
67005
67004
67004
67004
67004
67003
67003
67003
67003
67002
67002
67002
67002
67001
67001
67001
67001
67000
67000
67000
67000
66999
66999
66999
66999
66998
66998
66998
66998
66997
66997
66997
66997
66996
66996
66996
66996
66995
66995
66995
66995
66994
66994
66994
66994
66993
66993
66993
66993
66992
66992
66992
66990
66989
66988
66986
66984
66982
66982
66981
66980
66980
66980
66980
66979
66979
66979
66979
66978
66978
66978
66977
66977
66977
66975
66975
66975
66975
66974
66974
66974
66974
66972
66972
66972
66971
66971
66971
66971
66970
66970
66970
66970
66969
66969
66969
66968
66967
66967
66966
66966
66966
66966
66965
66965
66965
66965
66964
66964
66964
66964
66963
66963
66963
66963
66962
66961
66961
66961
66960
66959
66959
66958
66958
66958
66958
66957
66957
66957
66957
66956
66956
66956
66956
66955
66955
66955
66955
66954
66954
66954
66952
66952
66950
66950
66950
66950
66949
66949
66949
66949
66948
66948
66945
66945
66945
66945
66944
66944
66944
66944
66943
66943
66943
66943
66942
66942
66942
66942
66941
66941
66941
66941
66940
66940
66940
66940
66939
66939
66939
66938
66938
66938
66938
66937
66937
66937
66937
66936
66936
66936
66936
66935
66935
66935
66935
66934
66934
66934
66934
66933
66933
66933
66933
66932
66932
66932
66932
66931
66931
66931
66931
66930
66930
66930
66930
66929
66929
66929
66928
66928
66928
66928
66927
66927
66927
66927
66926
66926
66926
66926
66925
66925
66925
66925
66924
66924
66924
66924
66923
66923
66923
66923
66922
66921
66918
66917
66914
66913
66911
66911
66911
66910
66910
66910
66910
66909
66909
66909
66909
66907
66907
66907
66906
66906
66906
66906
66905
66904
66903
66903
66903
66903
66902
66902
66902
66902
66901
66901
66901
66900
66900
66900
66899
66898
66898
66898
66898
66897
66897
66897
66897
66896
66896
66896
66896
66895
66895
66895
66895
66894
66894
66894
66894
66893
66893
66892
66891
66891
66891
66891
66890
66890
66890
66890
66889
66889
66889
66889
66888
66888
66888
66888
66887
66887
66887
66886
66885
66885
66883
66883
66883
66883
66882
66882
66882
66880
66880
66880
66880
66879
66879
66879
66879
66878
66878
66878
66878
66877
66877
66875
66875
66875
66875
66874
66874
66874
66874
66873
66873
66873
66873
66872
66872
66872
66871
66871
66871
66871
66870
66870
66870
66868
66868
66868
66867
66867
66867
66867
66866
66866
66866
66866
66865
66865
66865
66864
66864
66864
66864
66863
66863
66863
66863
66862
66862
66862
66862
66861
66861
66861
66861
66860
66860
66860
66860
66859
66859
66859
66859
66858
66858
66858
66857
66857
66857
66857
66856
66856
66856
66856
66855
66855
66855
66855
66854
66854
66854
66854
66853
66853
66853
66853
66852
66852
66852
66850
66849
66847
66846
66844
66843
66843
66842
66842
66842
66840
66840
66840
66840
66839
66839
66839
66839
66837
66837
66837
66837
66836
66836
66836
66836
66835
66835
66835
66835
66834
66834
66834
66832
66832
66832
66831
66831
66831
66831
66830
66830
66830
66830
66829
66829
66829
66829
66828
66828
66828
66828
66827
66827
66827
66827
66825
66825
66825
66824
66824
66824
66824
66823
66823
66823
66823
66822
66822
66822
66822
66821
66821
66821
66821
66820
66820
66819
66819
66817
66817
66817
66816
66815
66815
66814
66814
66814
66814
66813
66813
66813
66812
66812
66812
66811
66811
66811
66811
66810
66809
66809
66807
66807
66806
66806
66806
66806
66805
66805
66805
66805
66804
66804
66804
66804
66803
66803
66803
66803
66802
66802
66802
66802
66801
66801
66801
66800
66800
66800
66800
66799
66799
66799
66799
66798
66798
66798
66798
66797
66797
66797
66797
66796
66796
66796
66795
66795
66795
66795
66794
66794
66794
66794
66793
66793
66793
66793
66792
66792
66791
66791
66791
66791
66790
66790
66790
66790
66789
66789
66789
66789
66788
66788
66788
66788
66787
66787
66787
66787
66786
66786
66786
66786
66785
66785
66785
66784
66784
66784
66784
66783
66781
66779
66777
66775
66771
66770
66770
66770
66769
66769
66769
66768
66767
66766
66766
66766
66766
66765
66765
66765
66765
66764
66764
66764
66764
66763
66763
66762
66761
66761
66761
66761
66760
66760
66760
66760
66759
66759
66759
66759
66758
66758
66758
66758
66757
66757
66757
66757
66756
66756
66755
66754
66754
66754
66754
66753
66753
66753
66753
66752
66752
66752
66752
66751
66751
66751
66750
66750
66750
66750
66749
66748
66748
66746
66745
66745
66744
66744
66744
66744
66743
66743
66743
66743
66742
66742
66742
66742
66741
66741
66741
66740
66740
66740
66739
66738
66737
66737
66736
66736
66736
66736
66735
66735
66735
66735
66734
66734
66734
66733
66733
66733
66733
66732
66732
66732
66732
66731
66731
66731
66731
66730
66730
66730
66730
66729
66729
66729
66729
66728
66728
66728
66728
66727
66727
66727
66727
66726
66726
66726
66726
66725
66725
66725
66725
66724
66724
66724
66723
66723
66723
66723
66722
66722
66722
66722
66721
66721
66721
66721
66720
66720
66720
66720
66719
66719
66719
66719
66718
66718
66718
66718
66717
66717
66717
66717
66716
66716
66716
66716
66715
66715
66715
66715
66714
66714
66714
66713
66713
66713
66713
66712
66711
66709
66708
66706
66703
66702
66701
66700
66700
66700
66700
66699
66699
66699
66698
66698
66698
66698
66697
66697
66697
66696
66695
66695
66695
66695
66694
66694
66694
66694
66693
66693
66693
66693
66692
66692
66692
66692
66691
66691
66691
66691
66690
66690
66689
66688
66688
66688
66688
66687
66687
66687
66687
66686
66686
66686
66686
66685
66685
66685
66684
66684
66684
66684
66682
66680
66680
66678
66678
66678
66678
66677
66677
66677
66677
66676
66676
66676
66675
66675
66675
66675
66674
66674
66674
66674
66673
66673
66672
66671
66670
66670
66670
66669
66669
66669
66669
66668
66668
66668
66667
66667
66667
66666
66666
66666
66666
66665
66665
66665
66664
66664
66664
66664
66663
66663
66663
66663
66662
66662
66662
66662
66661
66661
66661
66661
66660
66660
66660
66660
66659
66659
66659
66659
66658
66658
66658
66658
66657
66657
66657
66657
66656
66656
66656
66656
66655
66655
66655
66655
66654
66654
66654
66654
66653
66653
66653
66653
66652
66652
66652
66652
66651
66651
66651
66650
66650
66650
66650
66649
66649
66649
66649
66648
66648
66648
66648
66647
66647
66647
66647
66646
66646
66646
66646
66645
66645
66645
66645
66644
66644
66644
66641
66640
66614
66612
66611
66609
66608
66608
66608
66607
66606
66605
66605
66605
66604
66602
66602
66602
66601
66601
66601
66600
66600
66600
66599
66599
66599
66598
66598
66598
66597
66597
66597
66597
66596
66596
66596
66595
66593
66593
66593
66592
66592
66592
66592
66591
66591
66591
66590
66590
66590
66589
66589
66588
66588
66588
66586
66586
66585
66584
66583
66582
66582
66581
66581
66581
66580
66580
66580
66580
66579
66579
66579
66579
66578
66578
66578
66578
66577
66577
66577
66577
66575
66575
66573
66573
66573
66573
66572
66572
66572
66572
66571
66571
66571
66571
66570
66570
66570
66569
66569
66569
66569
66568
66568
66567
66566
66566
66566
66566
66565
66565
66565
66565
66564
66564
66564
66564
66563
66563
66563
66563
66562
66562
66562
66562
66561
66561
66560
66559
66559
66559
66559
66558
66558
66558
66558
66557
66557
66557
66557
66556
66556
66556
66556
66555
66555
66555
66555
66554
66554
66554
66554
66553
66553
66553
66553
66552
66552
66552
66551
66551
66551
66551
66551
66550
66550
66550
66549
66549
66549
66549
66548
66548
66548
66548
66547
66547
66547
66547
66546
66546
66546
66546
66544
66544
66544
66543
66543
66543
66543
66542
66540
66539
66538
66536
66535
66533
66533
66533
66532
66531
66531
66531
66530
66530
66530
66530
66529
66529
66529
66529
66528
66528
66528
66527
66527
66527
66527
66526
66526
66526
66526
66525
66524
66524
66523
66523
66523
66523
66522
66522
66522
66522
66521
66521
66521
66521
66520
66519
66519
66518
66518
66518
66518
66516
66516
66515
66514
66514
66514
66514
66513
66513
66513
66513
66512
66512
66512
66512
66511
66511
66511
66511
66510
66510
66510
66510
66508
66508
66507
66506
66506
66506
66505
66505
66505
66505
66504
66504
66504
66503
66503
66503
66503
66502
66502
66502
66502
66501
66501
66500
66499
66499
66499
66499
66498
66498
66498
66497
66497
66497
66497
66496
66496
66496
66496
66495
66495
66495
66495
66494
66494
66494
66494
66493
66493
66493
66493
66492
66492
66492
66492
66491
66491
66491
66491
66490
66490
66490
66490
66489
66489
66489
66489
66488
66488
66488
66488
66487
66487
66487
66487
66486
66486
66486
66486
66485
66485
66485
66485
66484
66484
66484
66484
66483
66483
66483
66483
66482
66482
66482
66482
66481
66481
66481
66481
66479
66479
66479
66478
66478
66478
66477
66477
66477
66477
66476
66476
66476
66475
66475
66475
66474
66471
66469
66467
66465
66463
66462
66462
66461
66461
66461
66460
66460
66460
66460
66459
66459
66459
66459
66458
66458
66458
66458
66457
66457
66457
66457
66455
66455
66455
66454
66454
66454
66453
66453
66453
66453
66452
66452
66451
66450
66450
66450
66449
66449
66449
66449
66448
66447
66447
66445
66445
66445
66444
66444
66444
66444
66443
66443
66443
66443
66442
66442
66442
66442
66441
66441
66441
66441
66440
66440
66438
66438
66437
66436
66436
66436
66436
66435
66435
66435
66435
66434
66434
66434
66434
66433
66433
66433
66433
66432
66432
66432
66432
66430
66430
66430
66430
66429
66429
66429
66429
66428
66428
66428
66428
66427
66427
66427
66427
66426
66426
66426
66426
66425
66425
66425
66425
66424
66424
66424
66424
66423
66423
66423
66423
66422
66422
66422
66422
66421
66421
66421
66421
66420
66420
66420
66420
66419
66419
66419
66419
66418
66418
66418
66418
66417
66417
66417
66417
66416
66416
66416
66416
66415
66415
66415
66414
66414
66414
66414
66413
66413
66413
66413
66412
66412
66411
66410
66410
66410
66410
66409
66409
66409
66409
66408
66408
66408
66408
66407
66407
66407
66407
66406
66406
66406
66406
66405
66405
66405
66405
66404
66402
66401
66398
66397
66395
66394
66394
66393
66393
66393
66393
66393
66392
66392
66392
66392
66391
66391
66391
66390
66389
66389
66388
66388
66388
66388
66387
66387
66387
66385
66385
66385
66385
66384
66384
66384
66384
66383
66383
66383
66383
66381
66381
66380
66379
66379
66379
66378
66378
66378
66378
66377
66377
66377
66377
66376
66376
66376
66376
66375
66375
66375
66375
66374
66372
66371
66370
66370
66369
66369
66369
66369
66368
66368
66368
66368
66367
66367
66367
66367
66366
66366
66366
66365
66365
66365
66365
66363
66363
66363
66362
66362
66362
66362
66361
66361
66361
66360
66360
66360
66360
66359
66359
66359
66358
66358
66358
66358
66357
66357
66357
66357
66356
66356
66356
66356
66355
66355
66355
66355
66354
66354
66354
66354
66353
66353
66353
66353
66352
66352
66352
66352
66351
66351
66351
66351
66350
66350
66350
66350
66350
66349
66349
66349
66349
66348
66348
66348
66347
66347
66347
66347
66346
66346
66346
66346
66345
66344
66344
66343
66343
66343
66343
66342
66342
66342
66342
66341
66341
66341
66340
66340
66340
66340
66339
66339
66339
66339
66338
66338
66338
66338
66337
66337
66337
66337
66336
66336
66336
66336
66335
66335
66334
66331
66330
66328
66326
66325
66325
66324
66324
66324
66323
66323
66323
66323
66321
66321
66321
66320
66320
66320
66319
66318
66318
66318
66317
66317
66317
66317
66316
66316
66316
66316
66315
66315
66315
66313
66313
66312
66311
66311
66311
66310
66310
66310
66310
66309
66309
66309
66309
66308
66308
66308
66308
66308
66307
66307
66307
66307
66305
66305
66303
66303
66303
66303
66302
66302
66302
66301
66301
66301
66301
66300
66300
66300
66300
66300
66299
66299
66299
66299
66298
66297
66297
66296
66296
66296
66296
66295
66295
66295
66295
66294
66294
66294
66294
66293
66293
66293
66291
66291
66290
66290
66290
66290
66289
66289
66289
66289
66288
66288
66288
66288
66287
66287
66287
66287
66286
66286
66286
66286
66285
66285
66285
66285
66284
66284
66284
66284
66282
66282
66282
66281
66281
66281
66281
66280
66280
66280
66280
66279
66279
66278
66278
66278
66277
66277
66277
66277
66275
66275
66275
66275
66274
66274
66274
66273
66273
66273
66273
66272
66272
66272
66272
66271
66271
66271
66271
66270
66270
66270
66270
66269
66269
66269
66269
66268
66268
66268
66268
66267
66267
66267
66267
66266
66266
66266
66266
66265
66265
66265
66265
66264
66263
66262
66260
66258
66257
66255
66255
66255
66253
66253
66253
66251
66251
66251
66251
66250
66250
66250
66250
66249
66249
66249
66249
66248
66248
66248
66247
66247
66247
66245
66245
66244
66243
66243
66243
66242
66242
66242
66242
66241
66241
66241
66241
66240
66240
66240
66240
66239
66239
66239
66239
66238
66237
66237
66235
66235
66235
66234
66234
66234
66234
66233
66233
66233
66232
66232
66232
66232
66231
66231
66231
66231
66230
66230
66230
66228
66228
66228
66228
66227
66227
66227
66227
66226
66226
66226
66226
66225
66225
66225
66225
66224
66223
66222
66222
66222
66222
66221
66221
66221
66221
66220
66220
66220
66220
66219
66219
66219
66219
66218
66218
66218
66218
66217
66217
66217
66217
66216
66216
66216
66216
66215
66215
66215
66215
66214
66214
66214
66214
66213
66213
66213
66213
66212
66212
66212
66211
66211
66211
66209
66209
66209
66209
66208
66208
66208
66208
66207
66207
66207
66207
66206
66206
66206
66206
66205
66205
66205
66205
66204
66204
66204
66204
66203
66203
66203
66203
66202
66202
66202
66202
66201
66201
66201
66201
66200
66200
66200
66200
66199
66199
66199
66199
66198
66198
66198
66198
66197
66197
66197
66197
66196
66192
66191
66188
66187
66185
66184
66183
66183
66183
66183
66182
66182
66182
66182
66181
66181
66181
66181
66180
66180
66180
66180
66179
66178
66178
66176
66176
66176
66175
66175
66175
66175
66174
66174
66174
66174
66173
66173
66173
66173
66172
66172
66172
66172
66171
66171
66170
66169
66168
66168
66167
66167
66167
66166
66166
66166
66166
66165
66165
66165
66165
66164
66164
66164
66164
66163
66163
66163
66163
66161
66161
66161
66160
66160
66160
66160
66159
66159
66159
66159
66158
66158
66157
66157
66157
66157
66155
66155
66155
66154
66154
66154
66154
66153
66153
66153
66153
66152
66152
66152
66152
66151
66151
66151
66151
66150
66150
66149
66148
66148
66148
66148
66147
66147
66147
66147
66146
66146
66146
66146
66145
66145
66145
66145
66144
66144
66144
66144
66143
66143
66142
66141
66141
66141
66141
66140
66140
66140
66140
66139
66139
66139
66139
66138
66138
66138
66138
66137
66137
66137
66137
66136
66136
66136
66135
66135
66135
66135
66135
66134
66134
66134
66134
66133
66133
66133
66133
66132
66132
66132
66132
66131
66131
66131
66131
66130
66130
66130
66129
66129
66129
66129
66128
66128
66128
66128
66127
66127
66127
66127
66126
66126
66124
66123
66121
66120
66118
66117
66116
66116
66116
66116
66115
66115
66115
66114
66114
66114
66114
66112
66112
66110
66110
66110
66110
66109
66109
66109
66109
66108
66108
66108
66108
66107
66107
66107
66107
66106
66106
66106
66106
66105
66104
66103
66102
66102
66102
66101
66101
66101
66101
66100
66100
66100
66100
66099
66099
66099
66098
66098
66098
66098
66097
66097
66097
66096
66094
66094
66094
66093
66093
66093
66093
66092
66092
66092
66092
66091
66091
66091
66091
66090
66089
66088
66088
66088
66088
66087
66087
66087
66087
66086
66086
66086
66086
66085
66085
66085
66085
66084
66084
66084
66084
66082
66082
66080
66080
66080
66080
66079
66079
66079
66079
66078
66078
66078
66078
66077
66077
66077
66076
66076
66076
66074
66074
66074
66074
66073
66073
66073
66072
66072
66072
66071
66071
66071
66070
66070
66070
66070
66069
66069
66069
66069
66068
66068
66068
66068
66067
66067
66067
66067
66066
66066
66066
66066
66065
66065
66065
66065
66064
66064
66064
66063
66063
66063
66063
66062
66062
66062
66062
66061
66061
66061
66061
66060
66060
66060
66060
66059
66059
66059
66058
66058
66058
66058
66057
66057
66057
66057
66056
66056
66056
66055
66053
66051
66050
66048
66047
66045
66045
66045
66045
66044
66044
66043
66042
66041
66041
66040
66040
66040
66040
66039
66039
66039
66039
66038
66038
66038
66038
66037
66037
66037
66037
66036
66036
66036
66034
66034
66033
66032
66032
66032
66032
66031
66031
66031
66031
66030
66030
66030
66030
66029
66029
66029
66029
66028
66028
66028
66028
66026
66026
66025
66025
66025
66025
66024
66024
66024
66023
66023
66023
66023
66022
66022
66022
66022
66020
66020
66020
66020
66019
66019
66019
66019
66018
66018
66018
66018
66017
66017
66017
66017
66016
66016
66016
66016
66015
66014
66013
66012
66012
66012
66011
66011
66011
66010
66010
66010
66010
66009
66009
66009
66009
66008
66007
66007
66006
66006
66006
66006
66005
66005
66005
66005
66004
66004
66004
66004
66003
66003
66002
66001
66001
66001
66001
66000
66000
66000
65999
65999
65999
65999
65998
65998
65998
65998
65997
65997
65997
65997
65997
65996
65996
65996
65996
65995
65995
65995
65995
65994
65994
65994
65994
65993
65993
65993
65993
65992
65992
65992
65992
65991
65991
65991
65990
65990
65990
65990
65990
65989
65989
65989
65989
65988
65988
65988
65988
65987
65987
65987
65987
65986
65986
65986
65984
65983
65981
65980
65978
65975
65975
65973
65973
65973
65972
65972
65972
65972
65971
65971
65971
65971
65970
65970
65970
65970
65969
65969
65969
65969
65968
65968
65967
65966
65965
65965
65964
65964
65964
65963
65963
65963
65963
65962
65962
65962
65962
65961
65961
65961
65961
65960
65960
65960
65960
65958
65958
65958
65957
65957
65957
65957
65956
65956
65956
65955
65955
65955
65955
65954
65954
65954
65953
65952
65952
65952
65951
65951
65951
65951
65950
65950
65950
65950
65949
65949
65949
65949
65948
65948
65948
65948
65947
65946
65946
65944
65944
65944
65943
65943
65943
65943
65942
65942
65942
65942
65941
65940
65940
65939
65939
65939
65939
65938
65938
65938
65937
65937
65937
65937
65936
65936
65936
65936
65935
65935
65935
65935
65934
65934
65934
65934
65933
65933
65933
65933
65932
65932
65932
65932
65931
65931
65931
65931
65930
65930
65930
65930
65929
65929
65929
65929
65928
65928
65928
65928
65928
65927
65927
65927
65926
65926
65926
65926
65925
65925
65925
65925
65924
65924
65924
65924
65923
65923
65923
65923
65922
65922
65922
65922
65921
65921
65921
65921
65920
65920
65920
65920
65919
65919
65919
65919
65918
65918
65918
65918
65914
65912
65910
65909
65907
65906
65906
65905
65905
65905
65904
65904
65904
65903
65903
65903
65903
65902
65902
65902
65902
65901
65900
65899
65898
65898
65897
65897
65897
65897
65896
65896
65896
65896
65895
65895
65895
65895
65894
65894
65894
65894
65893
65893
65893
65891
65891
65891
65891
65890
65890
65890
65890
65889
65889
65889
65889
65888
65888
65888
65888
65887
65886
65886
65885
65885
65885
65885
65884
65884
65884
65884
65883
65883
65883
65882
65882
65882
65882
65881
65881
65881
65881
65879
65879
65877
65877
65877
65876
65876
65876
65876
65875
65875
65873
65873
65873
65873
65872
65872
65872
65872
65871
65871
65871
65871
65869
65869
65868
65868
65868
65868
65867
65867
65867
65866
65866
65866
65866
65865
65865
65865
65865
65864
65864
65864
65863
65863
65863
65863
65862
65862
65862
65862
65861
65861
65861
65861
65860
65860
65860
65859
65859
65859
65859
65858
65858
65858
65858
65857
65857
65857
65857
65856
65856
65856
65856
65855
65855
65855
65855
65854
65854
65854
65854
65853
65853
65853
65853
65852
65852
65852
65852
65851
65851
65851
65851
65850
65850
65850
65850
65849
65849
65849
65849
65848
65848
65848
65847
65847
65847
65847
65845
65844
65842
65841
65839
65838
65838
65837
65837
65837
65837
65836
65836
65836
65836
65835
65834
65834
65832
65832
65832
65832
65831
65831
65831
65831
65830
65830
65830
65830
65829
65829
65829
65829
65828
65828
65828
65828
65827
65826
65825
65825
65825
65825
65824
65824
65824
65824
65823
65823
65823
65823
65822
65822
65822
65822
65820
65820
65820
65819
65819
65819
65819
65818
65817
65817
65816
65816
65816
65816
65815
65815
65815
65815
65814
65814
65814
65812
65812
65811
65810
65810
65810
65810
65809
65808
65808
65807
65807
65807
65807
65806
65806
65806
65805
65805
65805
65805
65804
65804
65803
65803
65800
65800
65800
65799
65799
65799
65798
65798
65798
65798
65797
65797
65797
65797
65796
65796
65796
65796
65795
65795
65795
65795
65794
65794
65794
65794
65793
65793
65793
65793
65792
65792
65792
65792
65791
65791
65791
65791
65790
65790
65790
65790
65789
65789
65789
65789
65788
65788
65788
65788
65787
65787
65787
65787
65786
65786
65786
65786
65785
65785
65785
65784
65784
65784
65784
65783
65783
65783
65783
65782
65782
65782
65782
65781
65781
65781
65781
65780
65780
65780
65780
65779
65779
65779
65779
65778
65778
65778
65778
65777
65775
65774
65772
65771
65769
65768
65768
65767
65767
65767
65765
65765
65763
65763
65763
65763
65762
65762
65762
65761
65761
65761
65761
65760
65760
65760
65759
65759
65759
65759
65758
65758
65758
65756
65756
65756
65756
65755
65755
65755
65755
65754
65754
65754
65754
65753
65753
65753
65753
65752
65751
65751
65750
65750
65750
65749
65749
65749
65749
65748
65748
65748
65748
65747
65747
65747
65747
65746
65746
65746
65746
65744
65743
65742
65742
65741
65740
65740
65739
65739
65739
65739
65738
65738
65738
65738
65737
65737
65737
65736
65736
65736
65736
65735
65734
65734
65732
65732
65732
65731
65731
65731
65731
65730
65730
65730
65730
65729
65729
65729
65728
65728
65728
65728
65727
65727
65727
65727
65726
65726
65726
65726
65725
65725
65725
65725
65724
65724
65723
65722
65722
65722
65722
65721
65721
65721
65721
65720
65720
65720
65720
65719
65719
65719
65719
65718
65718
65718
65718
65717
65717
65717
65717
65716
65716
65716
65716
65715
65715
65715
65715
65714
65714
65714
65714
65713
65713
65713
65713
65712
65712
65712
65712
65711
65711
65711
65711
65710
65710
65710
65709
65709
65709
65709
65708
65708
65708
65708
65707
65707
65707
65707
65705
65704
65702
65701
65698
65697
65695
65695
65695
65694
65694
65694
65693
65693
65693
65693
65692
65692
65692
65692
65691
65691
65691
65691
65690
65690
65690
65688
65688
65688
65687
65687
65687
65687
65686
65686
65686
65686
65685
65685
65685
65685
65684
65684
65683
65682
65682
65682
65682
65681
65681
65681
65681
65680
65680
65680
65680
65679
65679
65679
65679
65678
65678
65678
65678
65676
65676
65673
65673
65672
65672
65672
65672
65671
65671
65671
65671
65670
65670
65670
65670
65669
65669
65669
65669
65668
65668
65668
65666
65666
65663
65663
65663
65663
65662
65662
65662
65662
65661
65661
65661
65661
65660
65660
65660
65659
65659
65659
65659
65659
65658
65658
65658
65658
65657
65657
65657
65657
65656
65656
65656
65655
65655
65655
65655
65654
65654
65654
65654
65653
65653
65653
65653
65652
65652
65652
65652
65651
65651
65651
65651
65650
65650
65650
65650
65649
65649
65649
65649
65648
65648
65648
65648
65647
65647
65647
65647
65646
65646
65646
65646
65645
65645
65645
65644
65644
65644
65644
65643
65643
65643
65643
65642
65642
65642
65642
65641
65641
65641
65641
65640
65640
65640
65625
65625
65625
65624
65624
65624
65623
65623
65623
65619
65617
65615
65614
65613
65611
65611
65611
65610
65610
65610
65610
65609
65609
65609
65609
65608
65608
65608
65608
65607
65606
65606
65605
65605
65605
65605
65604
65604
65604
65604
65603
65603
65603
65603
65602
65602
65602
65600
65600
65600
65600
65599
65599
65599
65598
65598
65598
65598
65597
65597
65597
65597
65596
65596
65596
65596
65595
65594
65592
65592
65591
65591
65590
65590
65590
65590
65589
65589
65588
65588
65588
65588
65587
65587
65587
65587
65586
65586
65586
65586
65585
65584
65583
65582
65581
65581
65581
65581
65580
65580
65580
65580
65579
65579
65579
65578
65578
65578
65578
65577
65577
65577
65577
65576
65575
65575
65574
65574
65574
65574
65573
65573
65573
65573
65572
65572
65572
65572
65571
65571
65571
65571
65570
65570
65569
65569
65569
65568
65568
65568
65568
65567
65567
65567
65567
65566
65566
65566
65566
65565
65565
65565
65565
65564
65564
65564
65564
65563
65563
65563
65563
65562
65562
65562
65562
65561
65561
65561
65561
65560
65560
65560
65560
65559
65559
65559
65559
65558
65558
65558
65557
65557
65557
65557
65557
65556
65556
65556
65556
65555
65555
65555
65555
65554
65554
65552
65552
65552
65552
65551
65551
65550
65548
65547
65545
65544
65543
65542
65542
65542
65542
65541
65541
65541
65541
65540
65539
65538
65538
65538
65538
65537
65537
65537
65537
65536
65536
65536
65536
65535
65535
65535
65535
65533
65533
65533
65532
65532
65532
65532
65531
65531
65531
65530
65530
65530
65529
65529
65529
65529
65527
65527
65527
65527
65525
65525
65523
65523
65523
65522
65522
65522
65521
65521
65521
65519
65519
65518
65518
65518
65517
65517
65516
65516
65516
65516
65515
65514
65513
65511
65511
65510
65510
65510
65510
65509
65509
65509
65508
65508
65508
65507
65507
65507
65507
65506
65506
65506
65505
65505
65504
65503
65503
65503
65502
65502
65501
65501
65501
65501
65500
65500
65500
65500
65499
65499
65499
65499
65498
65498
65498
65498
65497
65497
65497
65497
65496
65496
65496
65496
65495
65495
65495
65495
65494
65494
65494
65494
65493
65493
65493
65493
65492
65492
65492
65492
65491
65491
65491
65491
65490
65490
65490
65490
65489
65489
65489
65489
65488
65488
65488
65487
65487
65487
65486
65486
65486
65486
65485
65485
65485
65485
65484
65484
65484
65484
65483
65483
65481
65481
65481
65481
65480
65480
65480
65480
65479
65479
65479
65479
65478
65478
65478
65476
65475
65474
65472
65470
65469
65468
65468
65468
65466
65466
65466
65466
65465
65465
65465
65465
65464
65464
65464
65464
65463
65463
65463
65463
65462
65461
65461
65460
65460
65460
65460
65459
65459
65459
65459
65458
65458
65458
65458
65456
65456
65455
65455
65455
65455
65454
65453
65453
65451
65451
65451
65451
65450
65450
65450
65449
65449
65449
65449
65449
65448
65448
65448
65448
65447
65447
65447
65447
65446
65445
65444
65443
65443
65442
65442
65442
65442
65441
65441
65441
65441
65440
65440
65440
65440
65439
65439
65439
65439
65438
65438
65438
65436
65436
65436
65436
65435
65435
65435
65435
65434
65434
65434
65434
65433
65433
65433
65433
65432
65432
65432
65432
65431
65431
65431
65431
65430
65430
65430
65430
65429
65429
65429
65429
65428
65428
65428
65426
65426
65426
65426
65425
65425
65425
65425
65424
65424
65424
65424
65423
65423
65423
65422
65422
65422
65422
65422
65421
65421
65421
65420
65420
65420
65420
65419
65419
65419
65419
65418
65418
65418
65418
65417
65417
65417
65417
65416
65415
65415
65414
65414
65414
65413
65413
65413
65413
65412
65412
65412
65412
65411
65411
65411
65411
65410
65410
65410
65410
65409
65409
65409
65407
65406
65404
65402
65400
65399
65399
65398
65398
65398
65397
65397
65397
65397
65397
65396
65396
65396
65396
65395
65393
65393
65393
65393
65392
65392
65392
65392
65391
65391
65391
65389
65389
65389
65389
65388
65388
65388
65388
65387
65387
65386
65385
65384
65384
65383
65383
65383
65382
65382
65382
65382
65381
65381
65381
65381
65380
65380
65380
65380
65379
65379
65379
65379
65377
65377
65374
65374
65374
65373
65373
65373
65373
65372
65372
65372
65372
65371
65371
65371
65371
65370
65370
65370
65370
65369
65369
65368
65367
65367
65367
65367
65366
65366
65366
65366
65365
65365
65365
65364
65364
65364
65364
65363
65363
65363
65363
65362
65362
65362
65362
65361
65361
65361
65361
65360
65360
65360
65360
65359
65359
65359
65358
65358
65358
65358
65357
65357
65357
65357
65356
65356
65356
65356
65355
65355
65355
65355
65354
65354
65354
65354
65353
65353
65353
65353
65352
65352
65352
65352
65351
65351
65351
65351
65350
65350
65350
65349
65349
65348
65348
65347
65347
65347
65346
65346
65346
65346
65345
65345
65345
65345
65344
65344
65344
65344
65343
65343
65343
65343
65342
65342
65342
65342
65341
65341
65341
65341
65340
65340
65340
65340
65337
65336
65334
65333
65331
65329
65329
65329
65328
65328
65328
65327
65327
65327
65325
65325
65325
65324
65324
65324
65324
65323
65322
65322
65322
65321
65321
65321
65321
65320
65320
65320
65319
65319
65319
65318
65317
65316
65316
65315
65315
65315
65314
65314
65314
65314
65313
65313
65313
65313
65312
65312
65312
65312
65311
65311
65311
65311
65309
65309
65307
65307
65307
65306
65306
65306
65306
65305
65305
65305
65304
65304
65304
65304
65303
65303
65303
65303
65302
65302
65302
65301
65300
65300
65300
65299
65299
65299
65299
65298
65298
65298
65298
65298
65297
65297
65297
65297
65296
65296
65296
65295
65295
65295
65293
65293
65293
65293
65292
65292
65292
65291
65291
65291
65291
65290
65290
65290
65289
65289
65289
65289
65288
65288
65288
65288
65287
65287
65287
65287
65286
65286
65286
65286
65285
65285
65285
65285
65284
65284
65284
65284
65283
65283
65283
65283
65282
65282
65282
65282
65280
65280
65279
65279
65279
65279
65278
65278
65278
65278
65277
65277
65277
65277
65276
65276
65276
65276
65275
65275
65275
65275
65274
65274
65274
65274
65273
65273
65273
65273
65272
65272
65272
65271
65271
65271
65271
65270
65270
65270
65270
65269
65268
65266
65265
65264
65262
65261
65261
65260
65259
65259
65258
65258
65258
65256
65256
65256
65256
65255
65255
65255
65255
65254
65254
65254
65253
65253
65253
65252
65252
65251
65251
65249
65249
65249
65248
65248
65248
65248
65247
65247
65247
65247
65246
65246
65246
65246
65245
65245
65245
65245
65244
65244
65242
65242
65241
65240
65240
65240
65240
65239
65239
65239
65239
65238
65236
65236
65235
65235
65235
65235
65234
65234
65234
65234
65233
65232
65231
65231
65231
65230
65230
65230
65230
65229
65229
65229
65229
65228
65228
65228
65228
65227
65227
65227
65227
65226
65226
65226
65224
65224
65224
65223
65223
65223
65222
65222
65222
65222
65221
65221
65221
65221
65220
65220
65220
65220
65219
65219
65219
65219
65218
65218
65218
65218
65217
65217
65217
65216
65216
65216
65216
65215
65215
65215
65215
65214
65214
65214
65214
65213
65213
65211
65211
65211
65211
65210
65210
65210
65210
65209
65209
65209
65209
65208
65208
65208
65208
65207
65207
65207
65206
65206
65206
65205
65205
65205
65205
65204
65204
65204
65204
65203
65203
65203
65203
65202
65202
65202
65202
65201
65201
65201
65200
65200
65200
65200
65199
65199
65199
65199
65198
65198
65197
65195
65192
65191
65190
65188
65188
65188
65187
65187
65187
65187
65186
65186
65186
65186
65185
65185
65185
65185
65184
65184
65184
65182
65182
65181
65180
65180
65180
65179
65179
65179
65178
65178
65178
65178
65177
65177
65177
65177
65176
65176
65176
65176
65175
65175
65174
65173
65172
65172
65171
65171
65171
65171
65170
65170
65170
65169
65169
65169
65169
65168
65168
65168
65168
65167
65167
65167
65167
65165
65165
65164
65164
65164
65164
65163
65163
65163
65163
65162
65162
65162
65162
65161
65161
65161
65161
65160
65160
65160
65159
65159
65158
65157
65157
65157
65157
65156
65156
65156
65156
65155
65155
65155
65155
65154
65154
65153
65152
65152
65152
65152
65151
65151
65151
65150
65150
65150
65150
65149
65149
65149
65149
65148
65148
65148
65148
65147
65146
65145
65145
65145
65143
65143
65143
65143
65142
65142
65142
65142
65141
65141
65141
65141
65140
65140
65140
65139
65139
65139
65139
65138
65138
65138
65138
65137
65137
65137
65137
65136
65136
65136
65136
65135
65135
65135
65135
65134
65134
65134
65134
65133
65133
65133
65133
65132
65132
65132
65132
65131
65131
65131
65131
65130
65130
65130
65130
65129
65129
65129
65129
65128
65126
65124
65123
65121
65119
65118
65118
65117
65117
65117
65117
65116
65116
65115
65115
65115
65115
65113
65113
65112
65111
65111
65111
65111
65110
65110
65110
65110
65109
65109
65109
65109
65108
65108
65108
65107
65107
65107
65107
65106
65105
65105
65103
65103
65103
65102
65102
65102
65102
65101
65101
65101
65101
65100
65100
65100
65100
65099
65099
65099
65099
65098
65098
65096
65095
65095
65095
65095
65094
65094
65094
65094
65093
65093
65093
65093
65092
65092
65092
65092
65091
65091
65091
65091
65090
65090
65089
65088
65088
65088
65087
65087
65087
65087
65086
65086
65086
65086
65085
65085
65085
65083
65083
65083
65083
65082
65082
65082
65082
65081
65081
65081
65081
65080
65080
65080
65080
65079
65079
65079
65079
65078
65078
65077
65076
65076
65076
65075
65075
65075
65075
65074
65074
65074
65074
65073
65073
65073
65073
65072
65072
65072
65072
65071
65071
65071
65071
65070
65070
65070
65070
65069
65069
65069
65069
65068
65068
65068
65068
65067
65067
65067
65067
65066
65066
65066
65066
65065
65065
65065
65065
65064
65064
65064
65064
65063
65063
65063
65063
65062
65062
65062
65062
65061
65061
65061
65061
65060
65060
65060
65060
65059
65057
65055
65054
65052
65051
65049
65049
65049
65048
65048
65048
65011
65010
65008
65007
65007
65006
65006
65006
65005
65005
65004
65004
65004
65003
65003
65002
65002
65002
65001
65001
65000
