[2026-10-02 18:57:59,451] INFO Registered kafka:type=kafka.Log4jController MBean (kafka.utils.Log4jControllerRegistration$)
[2026-10-02 18:57:59,602] INFO Setting -D jdk.tls.rejectClientInitiatedRenegotiation=true to disable client-initiated TLS renegotiation (org.apache.zookeeper.common.X509Util)
[2026-10-02 18:57:59,714] INFO Registered signal handlers for TERM, INT, HUP (org.apache.kafka.common.utils.LoggingSignalHandler)
[2026-10-02 18:57:59,716] INFO [ControllerServer id=147] Starting controller (kafka.server.ControllerServer)
[2026-10-02 18:58:00,015] INFO Updated connection-accept-rate max connection creation rate to 2147483647 (kafka.network.ConnectionQuotas)
[2026-10-02 18:58:00,039] INFO [SocketServer listenerType=CONTROLLER, nodeId=147] Created data-plane acceptor and processors for endpoint : ListenerName(CONTROLLER) (kafka.network.SocketServer)
[2026-10-02 18:58:00,044] INFO authorizerStart completed for endpoint CONTROLLER. Endpoint is now READY. (org.apache.kafka.server.network.EndpointReadyFutures)
[2026-10-02 18:58:00,046] INFO [SharedServer id=147] Starting SharedServer (kafka.server.SharedServer)
[2026-10-02 18:58:00,089] INFO [LogLoader partition=__cluster_metadata-0, dir=/workspace/work/bench-history/native/data] Loading producer state till offset 0 with message format version 2 (kafka.log.UnifiedLog$)
[2026-10-02 18:58:00,090] INFO [LogLoader partition=__cluster_metadata-0, dir=/workspace/work/bench-history/native/data] Reloading from producer snapshot and rebuilding producer state from offset 0 (kafka.log.UnifiedLog$)
[2026-10-02 18:58:00,090] INFO [LogLoader partition=__cluster_metadata-0, dir=/workspace/work/bench-history/native/data] Producer state recovery took 0ms for snapshot load and 0ms for segment recovery from offset 0 (kafka.log.UnifiedLog$)
[2026-10-02 18:58:00,116] INFO Initialized snapshots with IDs SortedSet() from /workspace/work/bench-history/native/data/__cluster_metadata-0 (kafka.raft.KafkaMetadataLog$)
[2026-10-02 18:58:00,129] INFO [raft-expiration-reaper]: Starting (kafka.raft.TimingWheelExpirationService$ExpiredOperationReaper)
[2026-10-02 18:58:00,140] INFO [RaftManager id=147] Reading KRaft snapshot and log as part of the initialization (org.apache.kafka.raft.KafkaRaftClient)
[2026-10-02 18:58:00,142] INFO [RaftManager id=147] Starting voters are VoterSet(voters={147=VoterNode(voterKey=ReplicaKey(id=147, directoryId=Optional.empty), listeners=Endpoints(endpoints={ListenerName(CONTROLLER)=/127.0.0.1:34291}), supportedKRaftVersion=SupportedVersionRange[min_version:0, max_version:0])}) (org.apache.kafka.raft.KafkaRaftClient)
[2026-10-02 18:58:00,142] INFO [RaftManager id=147] Starting request manager with static voters: [127.0.0.1:34291 (id: 147 rack: null)] (org.apache.kafka.raft.KafkaRaftClient)
[2026-10-02 18:58:00,147] INFO [RaftManager id=147] Attempting durable transition to Unattached(epoch=0, votedKey=null, voters=[147], electionTimeoutMs=1470, highWatermark=Optional.empty) from null (org.apache.kafka.raft.QuorumState)
[2026-10-02 18:58:00,253] INFO [RaftManager id=147] Completed transition to Unattached(epoch=0, votedKey=null, voters=[147], electionTimeoutMs=1470, highWatermark=Optional.empty) from null (org.apache.kafka.raft.QuorumState)
[2026-10-02 18:58:00,255] INFO [RaftManager id=147] Attempting durable transition to CandidateState(localId=147, localDirectoryId=O2YaUo7S44pv9Vdzi0huTw,epoch=1, retries=1, voteStates={147=org.apache.kafka.raft.CandidateState$VoterState@3533df16}, highWatermark=Optional.empty, electionTimeoutMs=1931) from Unattached(epoch=0, votedKey=null, voters=[147], electionTimeoutMs=1470, highWatermark=Optional.empty) (org.apache.kafka.raft.QuorumState)
[2026-10-02 18:58:00,257] INFO [RaftManager id=147] Completed transition to CandidateState(localId=147, localDirectoryId=O2YaUo7S44pv9Vdzi0huTw,epoch=1, retries=1, voteStates={147=org.apache.kafka.raft.CandidateState$VoterState@3533df16}, highWatermark=Optional.empty, electionTimeoutMs=1931) from Unattached(epoch=0, votedKey=null, voters=[147], electionTimeoutMs=1470, highWatermark=Optional.empty) (org.apache.kafka.raft.QuorumState)
[2026-10-02 18:58:00,260] INFO [RaftManager id=147] Attempting durable transition to Leader(localReplicaKey=ReplicaKey(id=147, directoryId=Optional[O2YaUo7S44pv9Vdzi0huTw]), epoch=1, epochStartOffset=0, highWatermark=Optional.empty, voterStates={147=ReplicaState(replicaKey=ReplicaKey(id=147, directoryId=Optional.empty), endOffset=Optional.empty, lastFetchTimestamp=-1, lastCaughtUpTimestamp=-1, hasAcknowledgedLeader=true)}) from CandidateState(localId=147, localDirectoryId=O2YaUo7S44pv9Vdzi0huTw,epoch=1, retries=1, voteStates={147=org.apache.kafka.raft.CandidateState$VoterState@3533df16}, highWatermark=Optional.empty, electionTimeoutMs=1931) (org.apache.kafka.raft.QuorumState)
[2026-10-02 18:58:00,261] INFO [RaftManager id=147] Completed transition to Leader(localReplicaKey=ReplicaKey(id=147, directoryId=Optional[O2YaUo7S44pv9Vdzi0huTw]), epoch=1, epochStartOffset=0, highWatermark=Optional.empty, voterStates={147=ReplicaState(replicaKey=ReplicaKey(id=147, directoryId=Optional.empty), endOffset=Optional.empty, lastFetchTimestamp=-1, lastCaughtUpTimestamp=-1, hasAcknowledgedLeader=true)}) from CandidateState(localId=147, localDirectoryId=O2YaUo7S44pv9Vdzi0huTw,epoch=1, retries=1, voteStates={147=org.apache.kafka.raft.CandidateState$VoterState@3533df16}, highWatermark=Optional.empty, electionTimeoutMs=1931) (org.apache.kafka.raft.QuorumState)
[2026-10-02 18:58:00,276] INFO [kafka-147-raft-outbound-request-thread]: Starting (org.apache.kafka.raft.KafkaNetworkChannel$SendThread)
[2026-10-02 18:58:00,277] INFO [kafka-147-raft-io-thread]: Starting (org.apache.kafka.raft.KafkaRaftClientDriver)
[2026-10-02 18:58:00,285] INFO [MetadataLoader id=147] initializeNewPublishers: the loader is still catching up because we still don't know the high water mark yet. (org.apache.kafka.image.loader.MetadataLoader)
[2026-10-02 18:58:00,286] INFO [ControllerServer id=147] Waiting for controller quorum voters future (kafka.server.ControllerServer)
[2026-10-02 18:58:00,286] INFO [ControllerServer id=147] Finished waiting for controller quorum voters future (kafka.server.ControllerServer)
[2026-10-02 18:58:00,295] INFO [RaftManager id=147] High watermark set to LogOffsetMetadata(offset=1, metadata=Optional[(segmentBaseOffset=0,relativePositionInSegment=91)]) for the first time for epoch 1 based on indexOfHw 0 and voters [ReplicaState(replicaKey=ReplicaKey(id=147, directoryId=Optional.empty), endOffset=Optional[LogOffsetMetadata(offset=1, metadata=Optional[(segmentBaseOffset=0,relativePositionInSegment=91)])], lastFetchTimestamp=-1, lastCaughtUpTimestamp=-1, hasAcknowledgedLeader=true)] (org.apache.kafka.raft.LeaderState)
[2026-10-02 18:58:00,310] INFO [RaftManager id=147] Registered the listener org.apache.kafka.image.loader.MetadataLoader@1887440850 (org.apache.kafka.raft.KafkaRaftClient)
[2026-10-02 18:58:00,311] INFO [RaftManager id=147] Registered the listener org.apache.kafka.controller.QuorumController$QuorumMetaLogListener@853392597 (org.apache.kafka.raft.KafkaRaftClient)
[2026-10-02 18:58:00,313] INFO [controller-147-ThrottledChannelReaper-Fetch]: Starting (kafka.server.ClientQuotaManager$ThrottledChannelReaper)
[2026-10-02 18:58:00,314] INFO [controller-147-ThrottledChannelReaper-Produce]: Starting (kafka.server.ClientQuotaManager$ThrottledChannelReaper)
[2026-10-02 18:58:00,315] INFO [RaftManager id=147] Setting the next offset of org.apache.kafka.image.loader.MetadataLoader@1887440850 to 0 since there are no snapshots (org.apache.kafka.raft.KafkaRaftClient)
[2026-10-02 18:58:00,315] INFO [RaftManager id=147] Setting the next offset of org.apache.kafka.controller.QuorumController$QuorumMetaLogListener@853392597 to 0 since there are no snapshots (org.apache.kafka.raft.KafkaRaftClient)
[2026-10-02 18:58:00,316] INFO [controller-147-ThrottledChannelReaper-Request]: Starting (kafka.server.ClientQuotaManager$ThrottledChannelReaper)
[2026-10-02 18:58:00,318] INFO [controller-147-ThrottledChannelReaper-ControllerMutation]: Starting (kafka.server.ClientQuotaManager$ThrottledChannelReaper)
[2026-10-02 18:58:00,322] INFO [MetadataLoader id=147] maybePublishMetadata(LOG_DELTA): The loader is still catching up because we have not loaded a controller record as of offset 0 and high water mark is 1 (org.apache.kafka.image.loader.MetadataLoader)
[2026-10-02 18:58:00,331] INFO [ExpirationReaper-147-AlterAcls]: Starting (kafka.server.DelayedOperationPurgatory$ExpiredOperationReaper)
[2026-10-02 18:58:00,348] INFO [ControllerServer id=147] Waiting for the controller metadata publishers to be installed (kafka.server.ControllerServer)
[2026-10-02 18:58:00,348] INFO [ControllerServer id=147] Finished waiting for the controller metadata publishers to be installed (kafka.server.ControllerServer)
[2026-10-02 18:58:00,348] INFO [MetadataLoader id=147] initializeNewPublishers: The loader finished catching up to the current high water mark of 1 (org.apache.kafka.image.loader.MetadataLoader)
[2026-10-02 18:58:00,348] INFO [SocketServer listenerType=CONTROLLER, nodeId=147] Enabling request processing. (kafka.network.SocketServer)
[2026-10-02 18:58:00,353] INFO Awaiting socket connections on 127.0.0.1:34291. (kafka.network.DataPlaneAcceptor)
[2026-10-02 18:58:00,354] INFO [MetadataLoader id=147] InitializeNewPublishers: initializing SnapshotGenerator with a snapshot at offset 0 (org.apache.kafka.image.loader.MetadataLoader)
[2026-10-02 18:58:00,354] INFO [MetadataLoader id=147] InitializeNewPublishers: initializing KRaftMetadataCachePublisher with a snapshot at offset 0 (org.apache.kafka.image.loader.MetadataLoader)
[2026-10-02 18:58:00,354] INFO [MetadataLoader id=147] InitializeNewPublishers: initializing FeaturesPublisher with a snapshot at offset 0 (org.apache.kafka.image.loader.MetadataLoader)
[2026-10-02 18:58:00,354] INFO [ControllerServer id=147] Loaded new metadata Features(metadataVersion=3.0-IV1, finalizedFeatures={metadata.version=1}, finalizedFeaturesEpoch=0). (org.apache.kafka.metadata.publisher.FeaturesPublisher)
[2026-10-02 18:58:00,354] INFO [MetadataLoader id=147] InitializeNewPublishers: initializing ControllerRegistrationsPublisher with a snapshot at offset 0 (org.apache.kafka.image.loader.MetadataLoader)
[2026-10-02 18:58:00,358] INFO [MetadataLoader id=147] InitializeNewPublishers: initializing ControllerRegistrationManager with a snapshot at offset 0 (org.apache.kafka.image.loader.MetadataLoader)
[2026-10-02 18:58:00,358] INFO [MetadataLoader id=147] InitializeNewPublishers: initializing DynamicConfigPublisher controller id=147 with a snapshot at offset 0 (org.apache.kafka.image.loader.MetadataLoader)
[2026-10-02 18:58:00,358] INFO [MetadataLoader id=147] InitializeNewPublishers: initializing DynamicClientQuotaPublisher controller id=147 with a snapshot at offset 0 (org.apache.kafka.image.loader.MetadataLoader)
[2026-10-02 18:58:00,359] INFO [MetadataLoader id=147] InitializeNewPublishers: initializing ScramPublisher controller id=147 with a snapshot at offset 0 (org.apache.kafka.image.loader.MetadataLoader)
[2026-10-02 18:58:00,360] INFO [MetadataLoader id=147] InitializeNewPublishers: initializing DelegationTokenPublisher controller id=147 with a snapshot at offset 0 (org.apache.kafka.image.loader.MetadataLoader)
[2026-10-02 18:58:00,360] INFO [MetadataLoader id=147] InitializeNewPublishers: initializing ControllerMetadataMetricsPublisher with a snapshot at offset 0 (org.apache.kafka.image.loader.MetadataLoader)
[2026-10-02 18:58:00,361] INFO [MetadataLoader id=147] InitializeNewPublishers: initializing AclPublisher controller id=147 with a snapshot at offset 0 (org.apache.kafka.image.loader.MetadataLoader)
[2026-10-02 18:58:00,365] INFO [ControllerServer id=147] Waiting for all of the authorizer futures to be completed (kafka.server.ControllerServer)
[2026-10-02 18:58:00,365] INFO [ControllerServer id=147] Finished waiting for all of the authorizer futures to be completed (kafka.server.ControllerServer)
[2026-10-02 18:58:00,365] INFO [ControllerServer id=147] Waiting for all of the SocketServer Acceptors to be started (kafka.server.ControllerServer)
[2026-10-02 18:58:00,365] INFO [ControllerRegistrationManager id=147 incarnation=NhtNGug8SD2ewmMbDjSetA] initialized channel manager. (kafka.server.ControllerRegistrationManager)
[2026-10-02 18:58:00,365] INFO [controller-147-to-controller-registration-channel-manager]: Starting (kafka.server.NodeToControllerRequestThread)
[2026-10-02 18:58:00,365] INFO [ControllerRegistrationManager id=147 incarnation=NhtNGug8SD2ewmMbDjSetA] maybeSendControllerRegistration: cannot register yet because the metadata.version is still 3.0-IV1, which does not support KIP-919 controller registration. (kafka.server.ControllerRegistrationManager)
[2026-10-02 18:58:00,365] INFO [controller-147-to-controller-registration-channel-manager]: Recorded new KRaft controller, from now on will use node 127.0.0.1:34291 (id: 147 rack: null) (kafka.server.NodeToControllerRequestThread)
[2026-10-02 18:58:00,365] INFO [ControllerServer id=147] Finished waiting for all of the SocketServer Acceptors to be started (kafka.server.ControllerServer)
[2026-10-02 18:58:00,366] INFO [BrokerServer id=147] Transition from SHUTDOWN to STARTING (kafka.server.BrokerServer)
[2026-10-02 18:58:00,366] INFO [BrokerServer id=147] Starting broker (kafka.server.BrokerServer)
[2026-10-02 18:58:00,370] INFO [ControllerServer id=147] Loaded new metadata Features(metadataVersion=3.9-IV0, finalizedFeatures={metadata.version=21}, finalizedFeaturesEpoch=4). (org.apache.kafka.metadata.publisher.FeaturesPublisher)
[2026-10-02 18:58:00,370] INFO [broker-147-ThrottledChannelReaper-Fetch]: Starting (kafka.server.ClientQuotaManager$ThrottledChannelReaper)
[2026-10-02 18:58:00,370] INFO [broker-147-ThrottledChannelReaper-Produce]: Starting (kafka.server.ClientQuotaManager$ThrottledChannelReaper)
[2026-10-02 18:58:00,372] INFO [ControllerRegistrationManager id=147 incarnation=NhtNGug8SD2ewmMbDjSetA] sendControllerRegistration: attempting to send ControllerRegistrationRequestData(controllerId=147, incarnationId=NhtNGug8SD2ewmMbDjSetA, zkMigrationReady=false, listeners=[Listener(name='CONTROLLER', host='127.0.0.1', port=34291, securityProtocol=0)], features=[Feature(name='kraft.version', minSupportedVersion=0, maxSupportedVersion=1), Feature(name='metadata.version', minSupportedVersion=1, maxSupportedVersion=21)]) (kafka.server.ControllerRegistrationManager)
[2026-10-02 18:58:00,373] INFO [broker-147-ThrottledChannelReaper-Request]: Starting (kafka.server.ClientQuotaManager$ThrottledChannelReaper)
[2026-10-02 18:58:00,374] INFO [broker-147-ThrottledChannelReaper-ControllerMutation]: Starting (kafka.server.ClientQuotaManager$ThrottledChannelReaper)
[2026-10-02 18:58:00,384] INFO [BrokerServer id=147] Waiting for controller quorum voters future (kafka.server.BrokerServer)
[2026-10-02 18:58:00,384] INFO [BrokerServer id=147] Finished waiting for controller quorum voters future (kafka.server.BrokerServer)
[2026-10-02 18:58:00,386] INFO [broker-147-to-controller-forwarding-channel-manager]: Starting (kafka.server.NodeToControllerRequestThread)
[2026-10-02 18:58:00,388] INFO [broker-147-to-controller-forwarding-channel-manager]: Recorded new KRaft controller, from now on will use node 127.0.0.1:34291 (id: 147 rack: null) (kafka.server.NodeToControllerRequestThread)
[2026-10-02 18:58:00,398] INFO [client-metrics-reaper]: Starting (org.apache.kafka.server.util.timer.SystemTimerReaper$Reaper)
[2026-10-02 18:58:00,431] INFO Updated connection-accept-rate max connection creation rate to 2147483647 (kafka.network.ConnectionQuotas)
[2026-10-02 18:58:00,433] INFO [SocketServer listenerType=BROKER, nodeId=147] Created data-plane acceptor and processors for endpoint : ListenerName(PLAINTEXT) (kafka.network.SocketServer)
[2026-10-02 18:58:00,439] INFO [broker-147-to-controller-alter-partition-channel-manager]: Starting (kafka.server.NodeToControllerRequestThread)
[2026-10-02 18:58:00,439] INFO [broker-147-to-controller-alter-partition-channel-manager]: Recorded new KRaft controller, from now on will use node 127.0.0.1:34291 (id: 147 rack: null) (kafka.server.NodeToControllerRequestThread)
[2026-10-02 18:58:00,450] INFO [broker-147-to-controller-directory-assignments-channel-manager]: Starting (kafka.server.NodeToControllerRequestThread)
[2026-10-02 18:58:00,454] INFO [broker-147-to-controller-directory-assignments-channel-manager]: Recorded new KRaft controller, from now on will use node 127.0.0.1:34291 (id: 147 rack: null) (kafka.server.NodeToControllerRequestThread)
[2026-10-02 18:58:00,462] INFO [ExpirationReaper-147-Produce]: Starting (kafka.server.DelayedOperationPurgatory$ExpiredOperationReaper)
[2026-10-02 18:58:00,463] INFO [ExpirationReaper-147-Fetch]: Starting (kafka.server.DelayedOperationPurgatory$ExpiredOperationReaper)
[2026-10-02 18:58:00,464] INFO [ExpirationReaper-147-DeleteRecords]: Starting (kafka.server.DelayedOperationPurgatory$ExpiredOperationReaper)
[2026-10-02 18:58:00,464] INFO [ExpirationReaper-147-ElectLeader]: Starting (kafka.server.DelayedOperationPurgatory$ExpiredOperationReaper)
[2026-10-02 18:58:00,465] INFO [ExpirationReaper-147-RemoteFetch]: Starting (kafka.server.DelayedOperationPurgatory$ExpiredOperationReaper)
[2026-10-02 18:58:00,482] INFO [ExpirationReaper-147-Heartbeat]: Starting (kafka.server.DelayedOperationPurgatory$ExpiredOperationReaper)
[2026-10-02 18:58:00,483] INFO [ControllerRegistrationManager id=147 incarnation=NhtNGug8SD2ewmMbDjSetA] Our registration has been persisted to the metadata log. (kafka.server.ControllerRegistrationManager)
[2026-10-02 18:58:00,483] INFO [ExpirationReaper-147-Rebalance]: Starting (kafka.server.DelayedOperationPurgatory$ExpiredOperationReaper)
[2026-10-02 18:58:00,501] INFO [ControllerRegistrationManager id=147 incarnation=NhtNGug8SD2ewmMbDjSetA] RegistrationResponseHandler: controller acknowledged ControllerRegistrationRequest. (kafka.server.ControllerRegistrationManager)
[2026-10-02 18:58:00,541] INFO Unable to read the broker epoch in /workspace/work/bench-history/native/data. (kafka.log.LogManager)
[2026-10-02 18:58:00,542] INFO [broker-147-to-controller-heartbeat-channel-manager]: Starting (kafka.server.NodeToControllerRequestThread)
[2026-10-02 18:58:00,542] INFO [broker-147-to-controller-heartbeat-channel-manager]: Recorded new KRaft controller, from now on will use node 127.0.0.1:34291 (id: 147 rack: null) (kafka.server.NodeToControllerRequestThread)
[2026-10-02 18:58:00,544] INFO [BrokerLifecycleManager id=147] Incarnation 6YnqhQjCR9WqqPCqcglb3w of broker 147 in cluster qoc_dpgCSAKfeN6mY68JCg is now STARTING. (kafka.server.BrokerLifecycleManager)
[2026-10-02 18:58:00,567] INFO [ExpirationReaper-147-AlterAcls]: Starting (kafka.server.DelayedOperationPurgatory$ExpiredOperationReaper)
[2026-10-02 18:58:00,584] INFO [BrokerServer id=147] Waiting for the broker metadata publishers to be installed (kafka.server.BrokerServer)
[2026-10-02 18:58:00,584] INFO [BrokerServer id=147] Finished waiting for the broker metadata publishers to be installed (kafka.server.BrokerServer)
[2026-10-02 18:58:00,584] INFO [BrokerServer id=147] Waiting for the controller to acknowledge that we are caught up (kafka.server.BrokerServer)
[2026-10-02 18:58:00,585] INFO [MetadataLoader id=147] InitializeNewPublishers: initializing MetadataVersionPublisher(id=147) with a snapshot at offset 5 (org.apache.kafka.image.loader.MetadataLoader)
[2026-10-02 18:58:00,585] INFO [MetadataLoader id=147] InitializeNewPublishers: initializing BrokerMetadataPublisher with a snapshot at offset 5 (org.apache.kafka.image.loader.MetadataLoader)
[2026-10-02 18:58:00,585] INFO [BrokerMetadataPublisher id=147] Publishing initial metadata at offset OffsetAndEpoch(offset=5, epoch=1) with metadata.version 3.9-IV0. (kafka.server.metadata.BrokerMetadataPublisher)
[2026-10-02 18:58:00,586] INFO Loading logs from log dirs ArrayBuffer(/workspace/work/bench-history/native/data) (kafka.log.LogManager)
[2026-10-02 18:58:00,588] INFO No logs found to be loaded in /workspace/work/bench-history/native/data (kafka.log.LogManager)
[2026-10-02 18:58:00,592] INFO Loaded 0 logs in 6ms (kafka.log.LogManager)
[2026-10-02 18:58:00,592] INFO Starting log cleanup with a period of 300000 ms. (kafka.log.LogManager)
[2026-10-02 18:58:00,593] INFO Starting log flusher with a default period of 9223372036854775807 ms. (kafka.log.LogManager)
[2026-10-02 18:58:00,599] INFO [BrokerLifecycleManager id=147] Successfully registered broker 147 with broker epoch 6 (kafka.server.BrokerLifecycleManager)
[2026-10-02 18:58:00,637] INFO [kafka-log-cleaner-thread-0]: Starting (kafka.log.LogCleaner$CleanerThread)
[2026-10-02 18:58:00,639] INFO [LogDirFailureHandler]: Starting (kafka.server.ReplicaManager$LogDirFailureHandler)
[2026-10-02 18:58:00,642] INFO [AddPartitionsToTxnSenderThread-147]: Starting (kafka.server.AddPartitionsToTxnManager)
[2026-10-02 18:58:00,642] INFO [GroupCoordinator 147]: Starting up. (kafka.coordinator.group.GroupCoordinator)
[2026-10-02 18:58:00,644] INFO [GroupCoordinator 147]: Startup complete. (kafka.coordinator.group.GroupCoordinator)
[2026-10-02 18:58:00,644] INFO [TransactionCoordinator id=147] Starting up. (kafka.coordinator.transaction.TransactionCoordinator)
[2026-10-02 18:58:00,646] INFO [TxnMarkerSenderThread-147]: Starting (kafka.coordinator.transaction.TransactionMarkerChannelManager)
[2026-10-02 18:58:00,646] INFO [TransactionCoordinator id=147] Startup complete. (kafka.coordinator.transaction.TransactionCoordinator)
[2026-10-02 18:58:00,659] INFO [MetadataLoader id=147] InitializeNewPublishers: initializing BrokerRegistrationTracker(id=147) with a snapshot at offset 5 (org.apache.kafka.image.loader.MetadataLoader)
[2026-10-02 18:58:00,678] INFO [BrokerLifecycleManager id=147] The broker has caught up. Transitioning from STARTING to RECOVERY. (kafka.server.BrokerLifecycleManager)
[2026-10-02 18:58:00,678] INFO [BrokerServer id=147] Finished waiting for the controller to acknowledge that we are caught up (kafka.server.BrokerServer)
[2026-10-02 18:58:00,678] INFO [BrokerServer id=147] Waiting for the initial broker metadata update to be published (kafka.server.BrokerServer)
[2026-10-02 18:58:00,678] INFO [BrokerServer id=147] Finished waiting for the initial broker metadata update to be published (kafka.server.BrokerServer)
[2026-10-02 18:58:00,680] INFO KafkaConfig values: 
	advertised.listeners = PLAINTEXT://127.0.0.1:47131
	alter.config.policy.class.name = null
	alter.log.dirs.replication.quota.window.num = 11
	alter.log.dirs.replication.quota.window.size.seconds = 1
	authorizer.class.name = 
	auto.create.topics.enable = false
	auto.include.jmx.reporter = true
	auto.leader.rebalance.enable = true
	background.threads = 2
	broker.heartbeat.interval.ms = 2000
	broker.id = 147
	broker.id.generation.enable = true
	broker.rack = null
	broker.session.timeout.ms = 9000
	client.quota.callback.class = null
	compression.gzip.level = -1
	compression.lz4.level = 9
	compression.type = producer
	compression.zstd.level = 3
	connection.failed.authentication.delay.ms = 100
	connections.max.idle.ms = 600000
	connections.max.reauth.ms = 0
	control.plane.listener.name = null
	controlled.shutdown.enable = true
	controlled.shutdown.max.retries = 3
	controlled.shutdown.retry.backoff.ms = 5000
	controller.listener.names = CONTROLLER
	controller.quorum.append.linger.ms = 25
	controller.quorum.bootstrap.servers = []
	controller.quorum.election.backoff.max.ms = 1000
	controller.quorum.election.timeout.ms = 1000
	controller.quorum.fetch.timeout.ms = 2000
	controller.quorum.request.timeout.ms = 2000
	controller.quorum.retry.backoff.ms = 20
	controller.quorum.voters = [147@127.0.0.1:34291]
	controller.quota.window.num = 11
	controller.quota.window.size.seconds = 1
	controller.socket.timeout.ms = 30000
	create.topic.policy.class.name = null
	default.replication.factor = 1
	delegation.token.expiry.check.interval.ms = 3600000
	delegation.token.expiry.time.ms = 86400000
	delegation.token.master.key = null
	delegation.token.max.lifetime.ms = 604800000
	delegation.token.secret.key = null
	delete.records.purgatory.purge.interval.requests = 1
	delete.topic.enable = true
	early.start.listeners = null
	eligible.leader.replicas.enable = false
	fetch.max.bytes = 57671680
	fetch.purgatory.purge.interval.requests = 1000
	group.consumer.assignors = [org.apache.kafka.coordinator.group.assignor.UniformAssignor, org.apache.kafka.coordinator.group.assignor.RangeAssignor]
	group.consumer.heartbeat.interval.ms = 5000
	group.consumer.max.heartbeat.interval.ms = 15000
	group.consumer.max.session.timeout.ms = 60000
	group.consumer.max.size = 2147483647
	group.consumer.migration.policy = disabled
	group.consumer.min.heartbeat.interval.ms = 5000
	group.consumer.min.session.timeout.ms = 45000
	group.consumer.session.timeout.ms = 45000
	group.coordinator.append.linger.ms = 10
	group.coordinator.new.enable = false
	group.coordinator.rebalance.protocols = [classic]
	group.coordinator.threads = 1
	group.initial.rebalance.delay.ms = 0
	group.max.session.timeout.ms = 1800000
	group.max.size = 2147483647
	group.min.session.timeout.ms = 6000
	group.share.delivery.count.limit = 5
	group.share.enable = false
	group.share.heartbeat.interval.ms = 5000
	group.share.max.groups = 10
	group.share.max.heartbeat.interval.ms = 15000
	group.share.max.record.lock.duration.ms = 60000
	group.share.max.session.timeout.ms = 60000
	group.share.max.size = 200
	group.share.min.heartbeat.interval.ms = 5000
	group.share.min.record.lock.duration.ms = 15000
	group.share.min.session.timeout.ms = 45000
	group.share.partition.max.record.locks = 200
	group.share.record.lock.duration.ms = 30000
	group.share.session.timeout.ms = 45000
	initial.broker.registration.timeout.ms = 60000
	inter.broker.listener.name = PLAINTEXT
	inter.broker.protocol.version = 3.9-IV0
	kafka.metrics.polling.interval.secs = 10
	kafka.metrics.reporters = []
	leader.imbalance.check.interval.seconds = 300
	leader.imbalance.per.broker.percentage = 10
	listener.security.protocol.map = CONTROLLER:PLAINTEXT,PLAINTEXT:PLAINTEXT
	listeners = PLAINTEXT://127.0.0.1:47131,CONTROLLER://127.0.0.1:34291
	log.cleaner.backoff.ms = 15000
	log.cleaner.dedupe.buffer.size = 134217728
	log.cleaner.delete.retention.ms = 86400000
	log.cleaner.enable = true
	log.cleaner.io.buffer.load.factor = 0.9
	log.cleaner.io.buffer.size = 524288
	log.cleaner.io.max.bytes.per.second = 1.7976931348623157E308
	log.cleaner.max.compaction.lag.ms = 9223372036854775807
	log.cleaner.min.cleanable.ratio = 0.5
	log.cleaner.min.compaction.lag.ms = 0
	log.cleaner.threads = 1
	log.cleanup.policy = [delete]
	log.dir = /tmp/kafka-logs
	log.dir.failure.timeout.ms = 30000
	log.dirs = /workspace/work/bench-history/native/data
	log.flush.interval.messages = 9223372036854775807
	log.flush.interval.ms = null
	log.flush.offset.checkpoint.interval.ms = 60000
	log.flush.scheduler.interval.ms = 9223372036854775807
	log.flush.start.offset.checkpoint.interval.ms = 60000
	log.index.interval.bytes = 4096
	log.index.size.max.bytes = 10485760
	log.initial.task.delay.ms = 30000
	log.local.retention.bytes = -2
	log.local.retention.ms = -2
	log.message.downconversion.enable = true
	log.message.format.version = 3.0-IV1
	log.message.timestamp.after.max.ms = 9223372036854775807
	log.message.timestamp.before.max.ms = 9223372036854775807
	log.message.timestamp.difference.max.ms = 9223372036854775807
	log.message.timestamp.type = CreateTime
	log.preallocate = false
	log.retention.bytes = -1
	log.retention.check.interval.ms = 300000
	log.retention.hours = 168
	log.retention.minutes = null
	log.retention.ms = null
	log.roll.hours = 168
	log.roll.jitter.hours = 0
	log.roll.jitter.ms = null
	log.roll.ms = null
	log.segment.bytes = 1073741824
	log.segment.delete.delay.ms = 60000
	max.connection.creation.rate = 2147483647
	max.connections = 2147483647
	max.connections.per.ip = 2147483647
	max.connections.per.ip.overrides = 
	max.incremental.fetch.session.cache.slots = 1000
	max.request.partition.size.limit = 2000
	message.max.bytes = 1048588
	metadata.log.dir = null
	metadata.log.max.record.bytes.between.snapshots = 20971520
	metadata.log.max.snapshot.interval.ms = 3600000
	metadata.log.segment.bytes = 1073741824
	metadata.log.segment.min.bytes = 8388608
	metadata.log.segment.ms = 604800000
	metadata.max.idle.interval.ms = 500
	metadata.max.retention.bytes = 104857600
	metadata.max.retention.ms = 604800000
	metric.reporters = []
	metrics.num.samples = 2
	metrics.recording.level = INFO
	metrics.sample.window.ms = 30000
	min.insync.replicas = 1
	node.id = 147
	num.io.threads = 4
	num.network.threads = 2
	num.partitions = 2
	num.recovery.threads.per.data.dir = 1
	num.replica.alter.log.dirs.threads = null
	num.replica.fetchers = 1
	offset.metadata.max.bytes = 4096
	offsets.commit.required.acks = -1
	offsets.commit.timeout.ms = 5000
	offsets.load.buffer.size = 5242880
	offsets.retention.check.interval.ms = 600000
	offsets.retention.minutes = 10080
	offsets.topic.compression.codec = 0
	offsets.topic.num.partitions = 50
	offsets.topic.replication.factor = 1
	offsets.topic.segment.bytes = 104857600
	password.encoder.cipher.algorithm = AES/CBC/PKCS5Padding
	password.encoder.iterations = 4096
	password.encoder.key.length = 128
	password.encoder.keyfactory.algorithm = null
	password.encoder.old.secret = null
	password.encoder.secret = null
	principal.builder.class = class org.apache.kafka.common.security.authenticator.DefaultKafkaPrincipalBuilder
	process.roles = [broker, controller]
	producer.id.expiration.check.interval.ms = 600000
	producer.id.expiration.ms = 86400000
	producer.purgatory.purge.interval.requests = 1000
	queued.max.request.bytes = -1
	queued.max.requests = 500
	quota.window.num = 11
	quota.window.size.seconds = 1
	remote.fetch.max.wait.ms = 500
	remote.log.index.file.cache.total.size.bytes = 1073741824
	remote.log.manager.copier.thread.pool.size = -1
	remote.log.manager.copy.max.bytes.per.second = 9223372036854775807
	remote.log.manager.copy.quota.window.num = 11
	remote.log.manager.copy.quota.window.size.seconds = 1
	remote.log.manager.expiration.thread.pool.size = -1
	remote.log.manager.fetch.max.bytes.per.second = 9223372036854775807
	remote.log.manager.fetch.quota.window.num = 11
	remote.log.manager.fetch.quota.window.size.seconds = 1
	remote.log.manager.task.interval.ms = 30000
	remote.log.manager.task.retry.backoff.max.ms = 30000
	remote.log.manager.task.retry.backoff.ms = 500
	remote.log.manager.task.retry.jitter = 0.2
	remote.log.manager.thread.pool.size = 10
	remote.log.metadata.custom.metadata.max.bytes = 128
	remote.log.metadata.manager.class.name = org.apache.kafka.server.log.remote.metadata.storage.TopicBasedRemoteLogMetadataManager
	remote.log.metadata.manager.class.path = null
	remote.log.metadata.manager.impl.prefix = rlmm.config.
	remote.log.metadata.manager.listener.name = null
	remote.log.reader.max.pending.tasks = 100
	remote.log.reader.threads = 10
	remote.log.storage.manager.class.name = null
	remote.log.storage.manager.class.path = null
	remote.log.storage.manager.impl.prefix = rsm.config.
	remote.log.storage.system.enable = false
	replica.fetch.backoff.ms = 1000
	replica.fetch.max.bytes = 1048576
	replica.fetch.min.bytes = 1
	replica.fetch.response.max.bytes = 10485760
	replica.fetch.wait.max.ms = 500
	replica.high.watermark.checkpoint.interval.ms = 5000
	replica.lag.time.max.ms = 30000
	replica.selector.class = null
	replica.socket.receive.buffer.bytes = 65536
	replica.socket.timeout.ms = 30000
	replication.quota.window.num = 11
	replication.quota.window.size.seconds = 1
	request.timeout.ms = 30000
	reserved.broker.max.id = 1000
	sasl.client.callback.handler.class = null
	sasl.enabled.mechanisms = [GSSAPI]
	sasl.jaas.config = null
	sasl.kerberos.kinit.cmd = /usr/bin/kinit
	sasl.kerberos.min.time.before.relogin = 60000
	sasl.kerberos.principal.to.local.rules = [DEFAULT]
	sasl.kerberos.service.name = null
	sasl.kerberos.ticket.renew.jitter = 0.05
	sasl.kerberos.ticket.renew.window.factor = 0.8
	sasl.login.callback.handler.class = null
	sasl.login.class = null
	sasl.login.connect.timeout.ms = null
	sasl.login.read.timeout.ms = null
	sasl.login.refresh.buffer.seconds = 300
	sasl.login.refresh.min.period.seconds = 60
	sasl.login.refresh.window.factor = 0.8
	sasl.login.refresh.window.jitter = 0.05
	sasl.login.retry.backoff.max.ms = 10000
	sasl.login.retry.backoff.ms = 100
	sasl.mechanism.controller.protocol = GSSAPI
	sasl.mechanism.inter.broker.protocol = GSSAPI
	sasl.oauthbearer.clock.skew.seconds = 30
	sasl.oauthbearer.expected.audience = null
	sasl.oauthbearer.expected.issuer = null
	sasl.oauthbearer.jwks.endpoint.refresh.ms = 3600000
	sasl.oauthbearer.jwks.endpoint.retry.backoff.max.ms = 10000
	sasl.oauthbearer.jwks.endpoint.retry.backoff.ms = 100
	sasl.oauthbearer.jwks.endpoint.url = null
	sasl.oauthbearer.scope.claim.name = scope
	sasl.oauthbearer.sub.claim.name = sub
	sasl.oauthbearer.token.endpoint.url = null
	sasl.server.callback.handler.class = null
	sasl.server.max.receive.size = 524288
	security.inter.broker.protocol = PLAINTEXT
	security.providers = null
	server.max.startup.time.ms = 9223372036854775807
	socket.connection.setup.timeout.max.ms = 30000
	socket.connection.setup.timeout.ms = 10000
	socket.listen.backlog.size = 50
	socket.receive.buffer.bytes = 102400
	socket.request.max.bytes = 104857600
	socket.send.buffer.bytes = 102400
	ssl.allow.dn.changes = false
	ssl.allow.san.changes = false
	ssl.cipher.suites = []
	ssl.client.auth = none
	ssl.enabled.protocols = [TLSv1.2, TLSv1.3]
	ssl.endpoint.identification.algorithm = https
	ssl.engine.factory.class = null
	ssl.key.password = null
	ssl.keymanager.algorithm = SunX509
	ssl.keystore.certificate.chain = null
	ssl.keystore.key = null
	ssl.keystore.location = null
	ssl.keystore.password = null
	ssl.keystore.type = JKS
	ssl.principal.mapping.rules = DEFAULT
	ssl.protocol = TLSv1.3
	ssl.provider = null
	ssl.secure.random.implementation = null
	ssl.trustmanager.algorithm = PKIX
	ssl.truststore.certificates = null
	ssl.truststore.location = null
	ssl.truststore.password = null
	ssl.truststore.type = JKS
	telemetry.max.bytes = 1048576
	transaction.abort.timed.out.transaction.cleanup.interval.ms = 10000
	transaction.max.timeout.ms = 900000
	transaction.partition.verification.enable = true
	transaction.remove.expired.transaction.cleanup.interval.ms = 3600000
	transaction.state.log.load.buffer.size = 5242880
	transaction.state.log.min.isr = 1
	transaction.state.log.num.partitions = 50
	transaction.state.log.replication.factor = 1
	transaction.state.log.segment.bytes = 104857600
	transactional.id.expiration.ms = 604800000
	unclean.leader.election.enable = false
	unclean.leader.election.interval.ms = 300000
	unstable.api.versions.enable = false
	unstable.feature.versions.enable = false
	zookeeper.clientCnxnSocket = null
	zookeeper.connect = null
	zookeeper.connection.timeout.ms = null
	zookeeper.max.in.flight.requests = 10
	zookeeper.metadata.migration.enable = false
	zookeeper.metadata.migration.min.batch.size = 200
	zookeeper.session.timeout.ms = 18000
	zookeeper.set.acl = false
	zookeeper.ssl.cipher.suites = null
	zookeeper.ssl.client.enable = false
	zookeeper.ssl.crl.enable = false
	zookeeper.ssl.enabled.protocols = null
	zookeeper.ssl.endpoint.identification.algorithm = HTTPS
	zookeeper.ssl.keystore.location = null
	zookeeper.ssl.keystore.password = null
	zookeeper.ssl.keystore.type = null
	zookeeper.ssl.ocsp.enable = false
	zookeeper.ssl.protocol = TLSv1.2
	zookeeper.ssl.truststore.location = null
	zookeeper.ssl.truststore.password = null
	zookeeper.ssl.truststore.type = null
 (kafka.server.KafkaConfig)
[2026-10-02 18:58:00,687] INFO [BrokerServer id=147] Waiting for the broker to be unfenced (kafka.server.BrokerServer)
[2026-10-02 18:58:00,722] INFO [BrokerLifecycleManager id=147] The broker has been unfenced. Transitioning from RECOVERY to RUNNING. (kafka.server.BrokerLifecycleManager)
[2026-10-02 18:58:00,722] INFO [BrokerServer id=147] Finished waiting for the broker to be unfenced (kafka.server.BrokerServer)
[2026-10-02 18:58:00,723] INFO authorizerStart completed for endpoint PLAINTEXT. Endpoint is now READY. (org.apache.kafka.server.network.EndpointReadyFutures)
[2026-10-02 18:58:00,723] INFO [SocketServer listenerType=BROKER, nodeId=147] Enabling request processing. (kafka.network.SocketServer)
[2026-10-02 18:58:00,723] INFO Awaiting socket connections on 127.0.0.1:47131. (kafka.network.DataPlaneAcceptor)
[2026-10-02 18:58:00,726] INFO [BrokerServer id=147] Waiting for all of the authorizer futures to be completed (kafka.server.BrokerServer)
[2026-10-02 18:58:00,726] INFO [BrokerServer id=147] Finished waiting for all of the authorizer futures to be completed (kafka.server.BrokerServer)
[2026-10-02 18:58:00,726] INFO [BrokerServer id=147] Waiting for all of the SocketServer Acceptors to be started (kafka.server.BrokerServer)
[2026-10-02 18:58:00,726] INFO [BrokerServer id=147] Finished waiting for all of the SocketServer Acceptors to be started (kafka.server.BrokerServer)
[2026-10-02 18:58:00,726] INFO [BrokerServer id=147] Transition from STARTING to STARTED (kafka.server.BrokerServer)
[2026-10-02 18:58:00,726] INFO Kafka version: 3.9.1 (org.apache.kafka.common.utils.AppInfoParser)
[2026-10-02 18:58:00,726] INFO Kafka commitId: f745dfdcee2b9851 (org.apache.kafka.common.utils.AppInfoParser)
[2026-10-02 18:58:00,726] INFO Kafka startTimeMs: 1790967480726 (org.apache.kafka.common.utils.AppInfoParser)
[2026-10-02 18:58:00,728] INFO [KafkaRaftServer nodeId=147] Kafka Server started (kafka.server.KafkaRaftServer)
[2026-10-02 18:58:02,047] INFO [ReplicaFetcherManager on broker 147] Removed fetcher for partitions Set(kl04-07-e9e98322a3-1, kl04-07-e9e98322a3-0) (kafka.server.ReplicaFetcherManager)
[2026-10-02 18:58:02,059] INFO [LogLoader partition=kl04-07-e9e98322a3-1, dir=/workspace/work/bench-history/native/data] Loading producer state till offset 0 with message format version 2 (kafka.log.UnifiedLog$)
[2026-10-02 18:58:02,063] INFO Created log for partition kl04-07-e9e98322a3-1 in /workspace/work/bench-history/native/data/kl04-07-e9e98322a3-1 with properties {} (kafka.log.LogManager)
[2026-10-02 18:58:02,063] INFO [Partition kl04-07-e9e98322a3-1 broker=147] No checkpointed highwatermark is found for partition kl04-07-e9e98322a3-1 (kafka.cluster.Partition)
[2026-10-02 18:58:02,064] INFO [Partition kl04-07-e9e98322a3-1 broker=147] Log loaded for partition kl04-07-e9e98322a3-1 with initial high watermark 0 (kafka.cluster.Partition)
[2026-10-02 18:58:02,071] INFO [LogLoader partition=kl04-07-e9e98322a3-0, dir=/workspace/work/bench-history/native/data] Loading producer state till offset 0 with message format version 2 (kafka.log.UnifiedLog$)
[2026-10-02 18:58:02,071] INFO Created log for partition kl04-07-e9e98322a3-0 in /workspace/work/bench-history/native/data/kl04-07-e9e98322a3-0 with properties {} (kafka.log.LogManager)
[2026-10-02 18:58:02,072] INFO [Partition kl04-07-e9e98322a3-0 broker=147] No checkpointed highwatermark is found for partition kl04-07-e9e98322a3-0 (kafka.cluster.Partition)
[2026-10-02 18:58:02,072] INFO [Partition kl04-07-e9e98322a3-0 broker=147] Log loaded for partition kl04-07-e9e98322a3-0 with initial high watermark 0 (kafka.cluster.Partition)
[2026-10-02 19:08:00,718] INFO [NodeToControllerChannelManager id=147 name=registration] Node 147 disconnected. (org.apache.kafka.clients.NetworkClient)
[2026-10-02 19:08:02,220] INFO [NodeToControllerChannelManager id=147 name=forwarding] Node 147 disconnected. (org.apache.kafka.clients.NetworkClient)
[2026-10-02 19:14:52,006] INFO [ReplicaFetcherManager on broker 147] Removed fetcher for partitions Set(kl04-07-e9e98322a3-acks0-0) (kafka.server.ReplicaFetcherManager)
[2026-10-02 19:14:52,010] INFO [LogLoader partition=kl04-07-e9e98322a3-acks0-0, dir=/workspace/work/bench-history/native/data] Loading producer state till offset 0 with message format version 2 (kafka.log.UnifiedLog$)
[2026-10-02 19:14:52,011] INFO Created log for partition kl04-07-e9e98322a3-acks0-0 in /workspace/work/bench-history/native/data/kl04-07-e9e98322a3-acks0-0 with properties {} (kafka.log.LogManager)
[2026-10-02 19:14:52,012] INFO [Partition kl04-07-e9e98322a3-acks0-0 broker=147] No checkpointed highwatermark is found for partition kl04-07-e9e98322a3-acks0-0 (kafka.cluster.Partition)
[2026-10-02 19:14:52,012] INFO [Partition kl04-07-e9e98322a3-acks0-0 broker=147] Log loaded for partition kl04-07-e9e98322a3-acks0-0 with initial high watermark 0 (kafka.cluster.Partition)
[2026-10-02 19:14:54,470] INFO [ReplicaFetcherManager on broker 147] Removed fetcher for partitions Set(kl04-07-e9e98322a3-control-0) (kafka.server.ReplicaFetcherManager)
[2026-10-02 19:14:54,472] INFO [LogLoader partition=kl04-07-e9e98322a3-control-0, dir=/workspace/work/bench-history/native/data] Loading producer state till offset 0 with message format version 2 (kafka.log.UnifiedLog$)
[2026-10-02 19:14:54,473] INFO Created log for partition kl04-07-e9e98322a3-control-0 in /workspace/work/bench-history/native/data/kl04-07-e9e98322a3-control-0 with properties {} (kafka.log.LogManager)
[2026-10-02 19:14:54,473] INFO [Partition kl04-07-e9e98322a3-control-0 broker=147] No checkpointed highwatermark is found for partition kl04-07-e9e98322a3-control-0 (kafka.cluster.Partition)
[2026-10-02 19:14:54,473] INFO [Partition kl04-07-e9e98322a3-control-0 broker=147] Log loaded for partition kl04-07-e9e98322a3-control-0 with initial high watermark 0 (kafka.cluster.Partition)
[2026-10-02 19:19:03,098] INFO Sent auto-creation request for Set(__transaction_state) to the active controller. (kafka.server.DefaultAutoTopicCreationManager)
[2026-10-02 19:19:03,130] INFO [ReplicaFetcherManager on broker 147] Removed fetcher for partitions Set(__transaction_state-42, __transaction_state-13, __transaction_state-46, __transaction_state-17, __transaction_state-34, __transaction_state-5, __transaction_state-38, __transaction_state-9, __transaction_state-26, __transaction_state-30, __transaction_state-1, __transaction_state-18, __transaction_state-22, __transaction_state-12, __transaction_state-45, __transaction_state-16, __transaction_state-49, __transaction_state-4, __transaction_state-37, __transaction_state-8, __transaction_state-41, __transaction_state-29, __transaction_state-0, __transaction_state-33, __transaction_state-21, __transaction_state-25, __transaction_state-11, __transaction_state-44, __transaction_state-15, __transaction_state-48, __transaction_state-3, __transaction_state-36, __transaction_state-7, __transaction_state-40, __transaction_state-28, __transaction_state-32, __transaction_state-20, __transaction_state-24, __transaction_state-10, __transaction_state-43, __transaction_state-14, __transaction_state-47, __transaction_state-2, __transaction_state-35, __transaction_state-6, __transaction_state-39, __transaction_state-27, __transaction_state-31, __transaction_state-19, __transaction_state-23) (kafka.server.ReplicaFetcherManager)
[2026-10-02 19:19:03,133] INFO [LogLoader partition=__transaction_state-42, dir=/workspace/work/bench-history/native/data] Loading producer state till offset 0 with message format version 2 (kafka.log.UnifiedLog$)
[2026-10-02 19:19:03,134] INFO Created log for partition __transaction_state-42 in /workspace/work/bench-history/native/data/__transaction_state-42 with properties {cleanup.policy=compact, compression.type="uncompressed", min.insync.replicas=1, segment.bytes=104857600, unclean.leader.election.enable=false} (kafka.log.LogManager)
[2026-10-02 19:19:03,135] INFO [Partition __transaction_state-42 broker=147] No checkpointed highwatermark is found for partition __transaction_state-42 (kafka.cluster.Partition)
[2026-10-02 19:19:03,135] INFO [Partition __transaction_state-42 broker=147] Log loaded for partition __transaction_state-42 with initial high watermark 0 (kafka.cluster.Partition)
[2026-10-02 19:19:03,138] INFO [LogLoader partition=__transaction_state-13, dir=/workspace/work/bench-history/native/data] Loading producer state till offset 0 with message format version 2 (kafka.log.UnifiedLog$)
[2026-10-02 19:19:03,138] INFO Created log for partition __transaction_state-13 in /workspace/work/bench-history/native/data/__transaction_state-13 with properties {cleanup.policy=compact, compression.type="uncompressed", min.insync.replicas=1, segment.bytes=104857600, unclean.leader.election.enable=false} (kafka.log.LogManager)
[2026-10-02 19:19:03,138] INFO [Partition __transaction_state-13 broker=147] No checkpointed highwatermark is found for partition __transaction_state-13 (kafka.cluster.Partition)
[2026-10-02 19:19:03,138] INFO [Partition __transaction_state-13 broker=147] Log loaded for partition __transaction_state-13 with initial high watermark 0 (kafka.cluster.Partition)
[2026-10-02 19:19:03,141] INFO [LogLoader partition=__transaction_state-46, dir=/workspace/work/bench-history/native/data] Loading producer state till offset 0 with message format version 2 (kafka.log.UnifiedLog$)
[2026-10-02 19:19:03,141] INFO Created log for partition __transaction_state-46 in /workspace/work/bench-history/native/data/__transaction_state-46 with properties {cleanup.policy=compact, compression.type="uncompressed", min.insync.replicas=1, segment.bytes=104857600, unclean.leader.election.enable=false} (kafka.log.LogManager)
[2026-10-02 19:19:03,141] INFO [Partition __transaction_state-46 broker=147] No checkpointed highwatermark is found for partition __transaction_state-46 (kafka.cluster.Partition)
[2026-10-02 19:19:03,141] INFO [Partition __transaction_state-46 broker=147] Log loaded for partition __transaction_state-46 with initial high watermark 0 (kafka.cluster.Partition)
[2026-10-02 19:19:03,144] INFO [LogLoader partition=__transaction_state-17, dir=/workspace/work/bench-history/native/data] Loading producer state till offset 0 with message format version 2 (kafka.log.UnifiedLog$)
[2026-10-02 19:19:03,144] INFO Created log for partition __transaction_state-17 in /workspace/work/bench-history/native/data/__transaction_state-17 with properties {cleanup.policy=compact, compression.type="uncompressed", min.insync.replicas=1, segment.bytes=104857600, unclean.leader.election.enable=false} (kafka.log.LogManager)
[2026-10-02 19:19:03,144] INFO [Partition __transaction_state-17 broker=147] No checkpointed highwatermark is found for partition __transaction_state-17 (kafka.cluster.Partition)
[2026-10-02 19:19:03,144] INFO [Partition __transaction_state-17 broker=147] Log loaded for partition __transaction_state-17 with initial high watermark 0 (kafka.cluster.Partition)
[2026-10-02 19:19:03,146] INFO [LogLoader partition=__transaction_state-34, dir=/workspace/work/bench-history/native/data] Loading producer state till offset 0 with message format version 2 (kafka.log.UnifiedLog$)
[2026-10-02 19:19:03,147] INFO Created log for partition __transaction_state-34 in /workspace/work/bench-history/native/data/__transaction_state-34 with properties {cleanup.policy=compact, compression.type="uncompressed", min.insync.replicas=1, segment.bytes=104857600, unclean.leader.election.enable=false} (kafka.log.LogManager)
[2026-10-02 19:19:03,147] INFO [Partition __transaction_state-34 broker=147] No checkpointed highwatermark is found for partition __transaction_state-34 (kafka.cluster.Partition)
[2026-10-02 19:19:03,147] INFO [Partition __transaction_state-34 broker=147] Log loaded for partition __transaction_state-34 with initial high watermark 0 (kafka.cluster.Partition)
[2026-10-02 19:19:03,149] INFO [LogLoader partition=__transaction_state-5, dir=/workspace/work/bench-history/native/data] Loading producer state till offset 0 with message format version 2 (kafka.log.UnifiedLog$)
[2026-10-02 19:19:03,149] INFO Created log for partition __transaction_state-5 in /workspace/work/bench-history/native/data/__transaction_state-5 with properties {cleanup.policy=compact, compression.type="uncompressed", min.insync.replicas=1, segment.bytes=104857600, unclean.leader.election.enable=false} (kafka.log.LogManager)
[2026-10-02 19:19:03,150] INFO [Partition __transaction_state-5 broker=147] No checkpointed highwatermark is found for partition __transaction_state-5 (kafka.cluster.Partition)
[2026-10-02 19:19:03,150] INFO [Partition __transaction_state-5 broker=147] Log loaded for partition __transaction_state-5 with initial high watermark 0 (kafka.cluster.Partition)
[2026-10-02 19:19:03,152] INFO [LogLoader partition=__transaction_state-38, dir=/workspace/work/bench-history/native/data] Loading producer state till offset 0 with message format version 2 (kafka.log.UnifiedLog$)
[2026-10-02 19:19:03,152] INFO Created log for partition __transaction_state-38 in /workspace/work/bench-history/native/data/__transaction_state-38 with properties {cleanup.policy=compact, compression.type="uncompressed", min.insync.replicas=1, segment.bytes=104857600, unclean.leader.election.enable=false} (kafka.log.LogManager)
[2026-10-02 19:19:03,152] INFO [Partition __transaction_state-38 broker=147] No checkpointed highwatermark is found for partition __transaction_state-38 (kafka.cluster.Partition)
[2026-10-02 19:19:03,152] INFO [Partition __transaction_state-38 broker=147] Log loaded for partition __transaction_state-38 with initial high watermark 0 (kafka.cluster.Partition)
[2026-10-02 19:19:03,154] INFO [LogLoader partition=__transaction_state-9, dir=/workspace/work/bench-history/native/data] Loading producer state till offset 0 with message format version 2 (kafka.log.UnifiedLog$)
[2026-10-02 19:19:03,154] INFO Created log for partition __transaction_state-9 in /workspace/work/bench-history/native/data/__transaction_state-9 with properties {cleanup.policy=compact, compression.type="uncompressed", min.insync.replicas=1, segment.bytes=104857600, unclean.leader.election.enable=false} (kafka.log.LogManager)
[2026-10-02 19:19:03,154] INFO [Partition __transaction_state-9 broker=147] No checkpointed highwatermark is found for partition __transaction_state-9 (kafka.cluster.Partition)
[2026-10-02 19:19:03,154] INFO [Partition __transaction_state-9 broker=147] Log loaded for partition __transaction_state-9 with initial high watermark 0 (kafka.cluster.Partition)
[2026-10-02 19:19:03,156] INFO [LogLoader partition=__transaction_state-26, dir=/workspace/work/bench-history/native/data] Loading producer state till offset 0 with message format version 2 (kafka.log.UnifiedLog$)
[2026-10-02 19:19:03,157] INFO Created log for partition __transaction_state-26 in /workspace/work/bench-history/native/data/__transaction_state-26 with properties {cleanup.policy=compact, compression.type="uncompressed", min.insync.replicas=1, segment.bytes=104857600, unclean.leader.election.enable=false} (kafka.log.LogManager)
[2026-10-02 19:19:03,157] INFO [Partition __transaction_state-26 broker=147] No checkpointed highwatermark is found for partition __transaction_state-26 (kafka.cluster.Partition)
[2026-10-02 19:19:03,157] INFO [Partition __transaction_state-26 broker=147] Log loaded for partition __transaction_state-26 with initial high watermark 0 (kafka.cluster.Partition)
[2026-10-02 19:19:03,159] INFO [LogLoader partition=__transaction_state-30, dir=/workspace/work/bench-history/native/data] Loading producer state till offset 0 with message format version 2 (kafka.log.UnifiedLog$)
[2026-10-02 19:19:03,159] INFO Created log for partition __transaction_state-30 in /workspace/work/bench-history/native/data/__transaction_state-30 with properties {cleanup.policy=compact, compression.type="uncompressed", min.insync.replicas=1, segment.bytes=104857600, unclean.leader.election.enable=false} (kafka.log.LogManager)
[2026-10-02 19:19:03,159] INFO [Partition __transaction_state-30 broker=147] No checkpointed highwatermark is found for partition __transaction_state-30 (kafka.cluster.Partition)
[2026-10-02 19:19:03,159] INFO [Partition __transaction_state-30 broker=147] Log loaded for partition __transaction_state-30 with initial high watermark 0 (kafka.cluster.Partition)
[2026-10-02 19:19:03,161] INFO [LogLoader partition=__transaction_state-1, dir=/workspace/work/bench-history/native/data] Loading producer state till offset 0 with message format version 2 (kafka.log.UnifiedLog$)
[2026-10-02 19:19:03,162] INFO Created log for partition __transaction_state-1 in /workspace/work/bench-history/native/data/__transaction_state-1 with properties {cleanup.policy=compact, compression.type="uncompressed", min.insync.replicas=1, segment.bytes=104857600, unclean.leader.election.enable=false} (kafka.log.LogManager)
[2026-10-02 19:19:03,162] INFO [Partition __transaction_state-1 broker=147] No checkpointed highwatermark is found for partition __transaction_state-1 (kafka.cluster.Partition)
[2026-10-02 19:19:03,162] INFO [Partition __transaction_state-1 broker=147] Log loaded for partition __transaction_state-1 with initial high watermark 0 (kafka.cluster.Partition)
[2026-10-02 19:19:03,164] INFO [LogLoader partition=__transaction_state-18, dir=/workspace/work/bench-history/native/data] Loading producer state till offset 0 with message format version 2 (kafka.log.UnifiedLog$)
[2026-10-02 19:19:03,164] INFO Created log for partition __transaction_state-18 in /workspace/work/bench-history/native/data/__transaction_state-18 with properties {cleanup.policy=compact, compression.type="uncompressed", min.insync.replicas=1, segment.bytes=104857600, unclean.leader.election.enable=false} (kafka.log.LogManager)
[2026-10-02 19:19:03,164] INFO [Partition __transaction_state-18 broker=147] No checkpointed highwatermark is found for partition __transaction_state-18 (kafka.cluster.Partition)
[2026-10-02 19:19:03,164] INFO [Partition __transaction_state-18 broker=147] Log loaded for partition __transaction_state-18 with initial high watermark 0 (kafka.cluster.Partition)
[2026-10-02 19:19:03,168] INFO [LogLoader partition=__transaction_state-22, dir=/workspace/work/bench-history/native/data] Loading producer state till offset 0 with message format version 2 (kafka.log.UnifiedLog$)
[2026-10-02 19:19:03,168] INFO Created log for partition __transaction_state-22 in /workspace/work/bench-history/native/data/__transaction_state-22 with properties {cleanup.policy=compact, compression.type="uncompressed", min.insync.replicas=1, segment.bytes=104857600, unclean.leader.election.enable=false} (kafka.log.LogManager)
[2026-10-02 19:19:03,168] INFO [Partition __transaction_state-22 broker=147] No checkpointed highwatermark is found for partition __transaction_state-22 (kafka.cluster.Partition)
[2026-10-02 19:19:03,168] INFO [Partition __transaction_state-22 broker=147] Log loaded for partition __transaction_state-22 with initial high watermark 0 (kafka.cluster.Partition)
[2026-10-02 19:19:03,170] INFO [LogLoader partition=__transaction_state-12, dir=/workspace/work/bench-history/native/data] Loading producer state till offset 0 with message format version 2 (kafka.log.UnifiedLog$)
[2026-10-02 19:19:03,170] INFO Created log for partition __transaction_state-12 in /workspace/work/bench-history/native/data/__transaction_state-12 with properties {cleanup.policy=compact, compression.type="uncompressed", min.insync.replicas=1, segment.bytes=104857600, unclean.leader.election.enable=false} (kafka.log.LogManager)
[2026-10-02 19:19:03,170] INFO [Partition __transaction_state-12 broker=147] No checkpointed highwatermark is found for partition __transaction_state-12 (kafka.cluster.Partition)
[2026-10-02 19:19:03,170] INFO [Partition __transaction_state-12 broker=147] Log loaded for partition __transaction_state-12 with initial high watermark 0 (kafka.cluster.Partition)
[2026-10-02 19:19:03,172] INFO [LogLoader partition=__transaction_state-45, dir=/workspace/work/bench-history/native/data] Loading producer state till offset 0 with message format version 2 (kafka.log.UnifiedLog$)
[2026-10-02 19:19:03,173] INFO Created log for partition __transaction_state-45 in /workspace/work/bench-history/native/data/__transaction_state-45 with properties {cleanup.policy=compact, compression.type="uncompressed", min.insync.replicas=1, segment.bytes=104857600, unclean.leader.election.enable=false} (kafka.log.LogManager)
[2026-10-02 19:19:03,173] INFO [Partition __transaction_state-45 broker=147] No checkpointed highwatermark is found for partition __transaction_state-45 (kafka.cluster.Partition)
[2026-10-02 19:19:03,173] INFO [Partition __transaction_state-45 broker=147] Log loaded for partition __transaction_state-45 with initial high watermark 0 (kafka.cluster.Partition)
[2026-10-02 19:19:03,175] INFO [LogLoader partition=__transaction_state-16, dir=/workspace/work/bench-history/native/data] Loading producer state till offset 0 with message format version 2 (kafka.log.UnifiedLog$)
[2026-10-02 19:19:03,175] INFO Created log for partition __transaction_state-16 in /workspace/work/bench-history/native/data/__transaction_state-16 with properties {cleanup.policy=compact, compression.type="uncompressed", min.insync.replicas=1, segment.bytes=104857600, unclean.leader.election.enable=false} (kafka.log.LogManager)
[2026-10-02 19:19:03,175] INFO [Partition __transaction_state-16 broker=147] No checkpointed highwatermark is found for partition __transaction_state-16 (kafka.cluster.Partition)
[2026-10-02 19:19:03,175] INFO [Partition __transaction_state-16 broker=147] Log loaded for partition __transaction_state-16 with initial high watermark 0 (kafka.cluster.Partition)
[2026-10-02 19:19:03,178] INFO [LogLoader partition=__transaction_state-49, dir=/workspace/work/bench-history/native/data] Loading producer state till offset 0 with message format version 2 (kafka.log.UnifiedLog$)
[2026-10-02 19:19:03,178] INFO Created log for partition __transaction_state-49 in /workspace/work/bench-history/native/data/__transaction_state-49 with properties {cleanup.policy=compact, compression.type="uncompressed", min.insync.replicas=1, segment.bytes=104857600, unclean.leader.election.enable=false} (kafka.log.LogManager)
[2026-10-02 19:19:03,178] INFO [Partition __transaction_state-49 broker=147] No checkpointed highwatermark is found for partition __transaction_state-49 (kafka.cluster.Partition)
[2026-10-02 19:19:03,178] INFO [Partition __transaction_state-49 broker=147] Log loaded for partition __transaction_state-49 with initial high watermark 0 (kafka.cluster.Partition)
[2026-10-02 19:19:03,180] INFO [LogLoader partition=__transaction_state-4, dir=/workspace/work/bench-history/native/data] Loading producer state till offset 0 with message format version 2 (kafka.log.UnifiedLog$)
[2026-10-02 19:19:03,180] INFO Created log for partition __transaction_state-4 in /workspace/work/bench-history/native/data/__transaction_state-4 with properties {cleanup.policy=compact, compression.type="uncompressed", min.insync.replicas=1, segment.bytes=104857600, unclean.leader.election.enable=false} (kafka.log.LogManager)
[2026-10-02 19:19:03,180] INFO [Partition __transaction_state-4 broker=147] No checkpointed highwatermark is found for partition __transaction_state-4 (kafka.cluster.Partition)
[2026-10-02 19:19:03,180] INFO [Partition __transaction_state-4 broker=147] Log loaded for partition __transaction_state-4 with initial high watermark 0 (kafka.cluster.Partition)
[2026-10-02 19:19:03,184] INFO [LogLoader partition=__transaction_state-37, dir=/workspace/work/bench-history/native/data] Loading producer state till offset 0 with message format version 2 (kafka.log.UnifiedLog$)
[2026-10-02 19:19:03,184] INFO Created log for partition __transaction_state-37 in /workspace/work/bench-history/native/data/__transaction_state-37 with properties {cleanup.policy=compact, compression.type="uncompressed", min.insync.replicas=1, segment.bytes=104857600, unclean.leader.election.enable=false} (kafka.log.LogManager)
[2026-10-02 19:19:03,184] INFO [Partition __transaction_state-37 broker=147] No checkpointed highwatermark is found for partition __transaction_state-37 (kafka.cluster.Partition)
[2026-10-02 19:19:03,184] INFO [Partition __transaction_state-37 broker=147] Log loaded for partition __transaction_state-37 with initial high watermark 0 (kafka.cluster.Partition)
[2026-10-02 19:19:03,187] INFO [LogLoader partition=__transaction_state-8, dir=/workspace/work/bench-history/native/data] Loading producer state till offset 0 with message format version 2 (kafka.log.UnifiedLog$)
[2026-10-02 19:19:03,187] INFO Created log for partition __transaction_state-8 in /workspace/work/bench-history/native/data/__transaction_state-8 with properties {cleanup.policy=compact, compression.type="uncompressed", min.insync.replicas=1, segment.bytes=104857600, unclean.leader.election.enable=false} (kafka.log.LogManager)
[2026-10-02 19:19:03,187] INFO [Partition __transaction_state-8 broker=147] No checkpointed highwatermark is found for partition __transaction_state-8 (kafka.cluster.Partition)
[2026-10-02 19:19:03,187] INFO [Partition __transaction_state-8 broker=147] Log loaded for partition __transaction_state-8 with initial high watermark 0 (kafka.cluster.Partition)
[2026-10-02 19:19:03,189] INFO [LogLoader partition=__transaction_state-41, dir=/workspace/work/bench-history/native/data] Loading producer state till offset 0 with message format version 2 (kafka.log.UnifiedLog$)
[2026-10-02 19:19:03,189] INFO Created log for partition __transaction_state-41 in /workspace/work/bench-history/native/data/__transaction_state-41 with properties {cleanup.policy=compact, compression.type="uncompressed", min.insync.replicas=1, segment.bytes=104857600, unclean.leader.election.enable=false} (kafka.log.LogManager)
[2026-10-02 19:19:03,189] INFO [Partition __transaction_state-41 broker=147] No checkpointed highwatermark is found for partition __transaction_state-41 (kafka.cluster.Partition)
[2026-10-02 19:19:03,189] INFO [Partition __transaction_state-41 broker=147] Log loaded for partition __transaction_state-41 with initial high watermark 0 (kafka.cluster.Partition)
[2026-10-02 19:19:03,192] INFO [LogLoader partition=__transaction_state-29, dir=/workspace/work/bench-history/native/data] Loading producer state till offset 0 with message format version 2 (kafka.log.UnifiedLog$)
[2026-10-02 19:19:03,192] INFO Created log for partition __transaction_state-29 in /workspace/work/bench-history/native/data/__transaction_state-29 with properties {cleanup.policy=compact, compression.type="uncompressed", min.insync.replicas=1, segment.bytes=104857600, unclean.leader.election.enable=false} (kafka.log.LogManager)
[2026-10-02 19:19:03,192] INFO [Partition __transaction_state-29 broker=147] No checkpointed highwatermark is found for partition __transaction_state-29 (kafka.cluster.Partition)
[2026-10-02 19:19:03,192] INFO [Partition __transaction_state-29 broker=147] Log loaded for partition __transaction_state-29 with initial high watermark 0 (kafka.cluster.Partition)
[2026-10-02 19:19:03,194] INFO [LogLoader partition=__transaction_state-0, dir=/workspace/work/bench-history/native/data] Loading producer state till offset 0 with message format version 2 (kafka.log.UnifiedLog$)
[2026-10-02 19:19:03,195] INFO Created log for partition __transaction_state-0 in /workspace/work/bench-history/native/data/__transaction_state-0 with properties {cleanup.policy=compact, compression.type="uncompressed", min.insync.replicas=1, segment.bytes=104857600, unclean.leader.election.enable=false} (kafka.log.LogManager)
[2026-10-02 19:19:03,195] INFO [Partition __transaction_state-0 broker=147] No checkpointed highwatermark is found for partition __transaction_state-0 (kafka.cluster.Partition)
[2026-10-02 19:19:03,195] INFO [Partition __transaction_state-0 broker=147] Log loaded for partition __transaction_state-0 with initial high watermark 0 (kafka.cluster.Partition)
[2026-10-02 19:19:03,197] INFO [LogLoader partition=__transaction_state-33, dir=/workspace/work/bench-history/native/data] Loading producer state till offset 0 with message format version 2 (kafka.log.UnifiedLog$)
[2026-10-02 19:19:03,197] INFO Created log for partition __transaction_state-33 in /workspace/work/bench-history/native/data/__transaction_state-33 with properties {cleanup.policy=compact, compression.type="uncompressed", min.insync.replicas=1, segment.bytes=104857600, unclean.leader.election.enable=false} (kafka.log.LogManager)
[2026-10-02 19:19:03,197] INFO [Partition __transaction_state-33 broker=147] No checkpointed highwatermark is found for partition __transaction_state-33 (kafka.cluster.Partition)
[2026-10-02 19:19:03,197] INFO [Partition __transaction_state-33 broker=147] Log loaded for partition __transaction_state-33 with initial high watermark 0 (kafka.cluster.Partition)
[2026-10-02 19:19:03,200] INFO [LogLoader partition=__transaction_state-21, dir=/workspace/work/bench-history/native/data] Loading producer state till offset 0 with message format version 2 (kafka.log.UnifiedLog$)
[2026-10-02 19:19:03,200] INFO Created log for partition __transaction_state-21 in /workspace/work/bench-history/native/data/__transaction_state-21 with properties {cleanup.policy=compact, compression.type="uncompressed", min.insync.replicas=1, segment.bytes=104857600, unclean.leader.election.enable=false} (kafka.log.LogManager)
[2026-10-02 19:19:03,200] INFO [Partition __transaction_state-21 broker=147] No checkpointed highwatermark is found for partition __transaction_state-21 (kafka.cluster.Partition)
[2026-10-02 19:19:03,200] INFO [Partition __transaction_state-21 broker=147] Log loaded for partition __transaction_state-21 with initial high watermark 0 (kafka.cluster.Partition)
[2026-10-02 19:19:03,203] INFO [LogLoader partition=__transaction_state-25, dir=/workspace/work/bench-history/native/data] Loading producer state till offset 0 with message format version 2 (kafka.log.UnifiedLog$)
[2026-10-02 19:19:03,203] INFO Created log for partition __transaction_state-25 in /workspace/work/bench-history/native/data/__transaction_state-25 with properties {cleanup.policy=compact, compression.type="uncompressed", min.insync.replicas=1, segment.bytes=104857600, unclean.leader.election.enable=false} (kafka.log.LogManager)
[2026-10-02 19:19:03,203] INFO [Partition __transaction_state-25 broker=147] No checkpointed highwatermark is found for partition __transaction_state-25 (kafka.cluster.Partition)
[2026-10-02 19:19:03,203] INFO [Partition __transaction_state-25 broker=147] Log loaded for partition __transaction_state-25 with initial high watermark 0 (kafka.cluster.Partition)
[2026-10-02 19:19:03,206] INFO [LogLoader partition=__transaction_state-11, dir=/workspace/work/bench-history/native/data] Loading producer state till offset 0 with message format version 2 (kafka.log.UnifiedLog$)
[2026-10-02 19:19:03,207] INFO Created log for partition __transaction_state-11 in /workspace/work/bench-history/native/data/__transaction_state-11 with properties {cleanup.policy=compact, compression.type="uncompressed", min.insync.replicas=1, segment.bytes=104857600, unclean.leader.election.enable=false} (kafka.log.LogManager)
[2026-10-02 19:19:03,207] INFO [Partition __transaction_state-11 broker=147] No checkpointed highwatermark is found for partition __transaction_state-11 (kafka.cluster.Partition)
[2026-10-02 19:19:03,207] INFO [Partition __transaction_state-11 broker=147] Log loaded for partition __transaction_state-11 with initial high watermark 0 (kafka.cluster.Partition)
[2026-10-02 19:19:03,211] INFO [LogLoader partition=__transaction_state-44, dir=/workspace/work/bench-history/native/data] Loading producer state till offset 0 with message format version 2 (kafka.log.UnifiedLog$)
[2026-10-02 19:19:03,211] INFO Created log for partition __transaction_state-44 in /workspace/work/bench-history/native/data/__transaction_state-44 with properties {cleanup.policy=compact, compression.type="uncompressed", min.insync.replicas=1, segment.bytes=104857600, unclean.leader.election.enable=false} (kafka.log.LogManager)
[2026-10-02 19:19:03,211] INFO [Partition __transaction_state-44 broker=147] No checkpointed highwatermark is found for partition __transaction_state-44 (kafka.cluster.Partition)
[2026-10-02 19:19:03,211] INFO [Partition __transaction_state-44 broker=147] Log loaded for partition __transaction_state-44 with initial high watermark 0 (kafka.cluster.Partition)
[2026-10-02 19:19:03,214] INFO [LogLoader partition=__transaction_state-15, dir=/workspace/work/bench-history/native/data] Loading producer state till offset 0 with message format version 2 (kafka.log.UnifiedLog$)
[2026-10-02 19:19:03,214] INFO Created log for partition __transaction_state-15 in /workspace/work/bench-history/native/data/__transaction_state-15 with properties {cleanup.policy=compact, compression.type="uncompressed", min.insync.replicas=1, segment.bytes=104857600, unclean.leader.election.enable=false} (kafka.log.LogManager)
[2026-10-02 19:19:03,214] INFO [Partition __transaction_state-15 broker=147] No checkpointed highwatermark is found for partition __transaction_state-15 (kafka.cluster.Partition)
[2026-10-02 19:19:03,214] INFO [Partition __transaction_state-15 broker=147] Log loaded for partition __transaction_state-15 with initial high watermark 0 (kafka.cluster.Partition)
[2026-10-02 19:19:03,216] INFO [LogLoader partition=__transaction_state-48, dir=/workspace/work/bench-history/native/data] Loading producer state till offset 0 with message format version 2 (kafka.log.UnifiedLog$)
[2026-10-02 19:19:03,216] INFO Created log for partition __transaction_state-48 in /workspace/work/bench-history/native/data/__transaction_state-48 with properties {cleanup.policy=compact, compression.type="uncompressed", min.insync.replicas=1, segment.bytes=104857600, unclean.leader.election.enable=false} (kafka.log.LogManager)
[2026-10-02 19:19:03,216] INFO [Partition __transaction_state-48 broker=147] No checkpointed highwatermark is found for partition __transaction_state-48 (kafka.cluster.Partition)
[2026-10-02 19:19:03,216] INFO [Partition __transaction_state-48 broker=147] Log loaded for partition __transaction_state-48 with initial high watermark 0 (kafka.cluster.Partition)
[2026-10-02 19:19:03,219] INFO [LogLoader partition=__transaction_state-3, dir=/workspace/work/bench-history/native/data] Loading producer state till offset 0 with message format version 2 (kafka.log.UnifiedLog$)
[2026-10-02 19:19:03,219] INFO Created log for partition __transaction_state-3 in /workspace/work/bench-history/native/data/__transaction_state-3 with properties {cleanup.policy=compact, compression.type="uncompressed", min.insync.replicas=1, segment.bytes=104857600, unclean.leader.election.enable=false} (kafka.log.LogManager)
[2026-10-02 19:19:03,219] INFO [Partition __transaction_state-3 broker=147] No checkpointed highwatermark is found for partition __transaction_state-3 (kafka.cluster.Partition)
[2026-10-02 19:19:03,219] INFO [Partition __transaction_state-3 broker=147] Log loaded for partition __transaction_state-3 with initial high watermark 0 (kafka.cluster.Partition)
[2026-10-02 19:19:03,221] INFO [LogLoader partition=__transaction_state-36, dir=/workspace/work/bench-history/native/data] Loading producer state till offset 0 with message format version 2 (kafka.log.UnifiedLog$)
[2026-10-02 19:19:03,221] INFO Created log for partition __transaction_state-36 in /workspace/work/bench-history/native/data/__transaction_state-36 with properties {cleanup.policy=compact, compression.type="uncompressed", min.insync.replicas=1, segment.bytes=104857600, unclean.leader.election.enable=false} (kafka.log.LogManager)
[2026-10-02 19:19:03,221] INFO [Partition __transaction_state-36 broker=147] No checkpointed highwatermark is found for partition __transaction_state-36 (kafka.cluster.Partition)
[2026-10-02 19:19:03,221] INFO [Partition __transaction_state-36 broker=147] Log loaded for partition __transaction_state-36 with initial high watermark 0 (kafka.cluster.Partition)
[2026-10-02 19:19:03,223] INFO [LogLoader partition=__transaction_state-7, dir=/workspace/work/bench-history/native/data] Loading producer state till offset 0 with message format version 2 (kafka.log.UnifiedLog$)
[2026-10-02 19:19:03,223] INFO Created log for partition __transaction_state-7 in /workspace/work/bench-history/native/data/__transaction_state-7 with properties {cleanup.policy=compact, compression.type="uncompressed", min.insync.replicas=1, segment.bytes=104857600, unclean.leader.election.enable=false} (kafka.log.LogManager)
[2026-10-02 19:19:03,223] INFO [Partition __transaction_state-7 broker=147] No checkpointed highwatermark is found for partition __transaction_state-7 (kafka.cluster.Partition)
[2026-10-02 19:19:03,223] INFO [Partition __transaction_state-7 broker=147] Log loaded for partition __transaction_state-7 with initial high watermark 0 (kafka.cluster.Partition)
[2026-10-02 19:19:03,226] INFO [LogLoader partition=__transaction_state-40, dir=/workspace/work/bench-history/native/data] Loading producer state till offset 0 with message format version 2 (kafka.log.UnifiedLog$)
[2026-10-02 19:19:03,226] INFO Created log for partition __transaction_state-40 in /workspace/work/bench-history/native/data/__transaction_state-40 with properties {cleanup.policy=compact, compression.type="uncompressed", min.insync.replicas=1, segment.bytes=104857600, unclean.leader.election.enable=false} (kafka.log.LogManager)
[2026-10-02 19:19:03,226] INFO [Partition __transaction_state-40 broker=147] No checkpointed highwatermark is found for partition __transaction_state-40 (kafka.cluster.Partition)
[2026-10-02 19:19:03,226] INFO [Partition __transaction_state-40 broker=147] Log loaded for partition __transaction_state-40 with initial high watermark 0 (kafka.cluster.Partition)
[2026-10-02 19:19:03,228] INFO [LogLoader partition=__transaction_state-28, dir=/workspace/work/bench-history/native/data] Loading producer state till offset 0 with message format version 2 (kafka.log.UnifiedLog$)
[2026-10-02 19:19:03,228] INFO Created log for partition __transaction_state-28 in /workspace/work/bench-history/native/data/__transaction_state-28 with properties {cleanup.policy=compact, compression.type="uncompressed", min.insync.replicas=1, segment.bytes=104857600, unclean.leader.election.enable=false} (kafka.log.LogManager)
[2026-10-02 19:19:03,228] INFO [Partition __transaction_state-28 broker=147] No checkpointed highwatermark is found for partition __transaction_state-28 (kafka.cluster.Partition)
[2026-10-02 19:19:03,228] INFO [Partition __transaction_state-28 broker=147] Log loaded for partition __transaction_state-28 with initial high watermark 0 (kafka.cluster.Partition)
[2026-10-02 19:19:03,230] INFO [LogLoader partition=__transaction_state-32, dir=/workspace/work/bench-history/native/data] Loading producer state till offset 0 with message format version 2 (kafka.log.UnifiedLog$)
[2026-10-02 19:19:03,231] INFO Created log for partition __transaction_state-32 in /workspace/work/bench-history/native/data/__transaction_state-32 with properties {cleanup.policy=compact, compression.type="uncompressed", min.insync.replicas=1, segment.bytes=104857600, unclean.leader.election.enable=false} (kafka.log.LogManager)
[2026-10-02 19:19:03,231] INFO [Partition __transaction_state-32 broker=147] No checkpointed highwatermark is found for partition __transaction_state-32 (kafka.cluster.Partition)
[2026-10-02 19:19:03,231] INFO [Partition __transaction_state-32 broker=147] Log loaded for partition __transaction_state-32 with initial high watermark 0 (kafka.cluster.Partition)
[2026-10-02 19:19:03,233] INFO [LogLoader partition=__transaction_state-20, dir=/workspace/work/bench-history/native/data] Loading producer state till offset 0 with message format version 2 (kafka.log.UnifiedLog$)
[2026-10-02 19:19:03,233] INFO Created log for partition __transaction_state-20 in /workspace/work/bench-history/native/data/__transaction_state-20 with properties {cleanup.policy=compact, compression.type="uncompressed", min.insync.replicas=1, segment.bytes=104857600, unclean.leader.election.enable=false} (kafka.log.LogManager)
[2026-10-02 19:19:03,233] INFO [Partition __transaction_state-20 broker=147] No checkpointed highwatermark is found for partition __transaction_state-20 (kafka.cluster.Partition)
[2026-10-02 19:19:03,233] INFO [Partition __transaction_state-20 broker=147] Log loaded for partition __transaction_state-20 with initial high watermark 0 (kafka.cluster.Partition)
[2026-10-02 19:19:03,235] INFO [LogLoader partition=__transaction_state-24, dir=/workspace/work/bench-history/native/data] Loading producer state till offset 0 with message format version 2 (kafka.log.UnifiedLog$)
[2026-10-02 19:19:03,236] INFO Created log for partition __transaction_state-24 in /workspace/work/bench-history/native/data/__transaction_state-24 with properties {cleanup.policy=compact, compression.type="uncompressed", min.insync.replicas=1, segment.bytes=104857600, unclean.leader.election.enable=false} (kafka.log.LogManager)
[2026-10-02 19:19:03,236] INFO [Partition __transaction_state-24 broker=147] No checkpointed highwatermark is found for partition __transaction_state-24 (kafka.cluster.Partition)
[2026-10-02 19:19:03,236] INFO [Partition __transaction_state-24 broker=147] Log loaded for partition __transaction_state-24 with initial high watermark 0 (kafka.cluster.Partition)
[2026-10-02 19:19:03,238] INFO [LogLoader partition=__transaction_state-10, dir=/workspace/work/bench-history/native/data] Loading producer state till offset 0 with message format version 2 (kafka.log.UnifiedLog$)
[2026-10-02 19:19:03,238] INFO Created log for partition __transaction_state-10 in /workspace/work/bench-history/native/data/__transaction_state-10 with properties {cleanup.policy=compact, compression.type="uncompressed", min.insync.replicas=1, segment.bytes=104857600, unclean.leader.election.enable=false} (kafka.log.LogManager)
[2026-10-02 19:19:03,238] INFO [Partition __transaction_state-10 broker=147] No checkpointed highwatermark is found for partition __transaction_state-10 (kafka.cluster.Partition)
[2026-10-02 19:19:03,238] INFO [Partition __transaction_state-10 broker=147] Log loaded for partition __transaction_state-10 with initial high watermark 0 (kafka.cluster.Partition)
[2026-10-02 19:19:03,244] INFO [LogLoader partition=__transaction_state-43, dir=/workspace/work/bench-history/native/data] Loading producer state till offset 0 with message format version 2 (kafka.log.UnifiedLog$)
[2026-10-02 19:19:03,244] INFO Created log for partition __transaction_state-43 in /workspace/work/bench-history/native/data/__transaction_state-43 with properties {cleanup.policy=compact, compression.type="uncompressed", min.insync.replicas=1, segment.bytes=104857600, unclean.leader.election.enable=false} (kafka.log.LogManager)
[2026-10-02 19:19:03,244] INFO [Partition __transaction_state-43 broker=147] No checkpointed highwatermark is found for partition __transaction_state-43 (kafka.cluster.Partition)
[2026-10-02 19:19:03,244] INFO [Partition __transaction_state-43 broker=147] Log loaded for partition __transaction_state-43 with initial high watermark 0 (kafka.cluster.Partition)
[2026-10-02 19:19:03,246] INFO [LogLoader partition=__transaction_state-14, dir=/workspace/work/bench-history/native/data] Loading producer state till offset 0 with message format version 2 (kafka.log.UnifiedLog$)
[2026-10-02 19:19:03,247] INFO Created log for partition __transaction_state-14 in /workspace/work/bench-history/native/data/__transaction_state-14 with properties {cleanup.policy=compact, compression.type="uncompressed", min.insync.replicas=1, segment.bytes=104857600, unclean.leader.election.enable=false} (kafka.log.LogManager)
[2026-10-02 19:19:03,247] INFO [Partition __transaction_state-14 broker=147] No checkpointed highwatermark is found for partition __transaction_state-14 (kafka.cluster.Partition)
[2026-10-02 19:19:03,247] INFO [Partition __transaction_state-14 broker=147] Log loaded for partition __transaction_state-14 with initial high watermark 0 (kafka.cluster.Partition)
[2026-10-02 19:19:03,249] INFO [LogLoader partition=__transaction_state-47, dir=/workspace/work/bench-history/native/data] Loading producer state till offset 0 with message format version 2 (kafka.log.UnifiedLog$)
[2026-10-02 19:19:03,250] INFO Created log for partition __transaction_state-47 in /workspace/work/bench-history/native/data/__transaction_state-47 with properties {cleanup.policy=compact, compression.type="uncompressed", min.insync.replicas=1, segment.bytes=104857600, unclean.leader.election.enable=false} (kafka.log.LogManager)
[2026-10-02 19:19:03,250] INFO [Partition __transaction_state-47 broker=147] No checkpointed highwatermark is found for partition __transaction_state-47 (kafka.cluster.Partition)
[2026-10-02 19:19:03,250] INFO [Partition __transaction_state-47 broker=147] Log loaded for partition __transaction_state-47 with initial high watermark 0 (kafka.cluster.Partition)
[2026-10-02 19:19:03,252] INFO [LogLoader partition=__transaction_state-2, dir=/workspace/work/bench-history/native/data] Loading producer state till offset 0 with message format version 2 (kafka.log.UnifiedLog$)
[2026-10-02 19:19:03,252] INFO Created log for partition __transaction_state-2 in /workspace/work/bench-history/native/data/__transaction_state-2 with properties {cleanup.policy=compact, compression.type="uncompressed", min.insync.replicas=1, segment.bytes=104857600, unclean.leader.election.enable=false} (kafka.log.LogManager)
[2026-10-02 19:19:03,252] INFO [Partition __transaction_state-2 broker=147] No checkpointed highwatermark is found for partition __transaction_state-2 (kafka.cluster.Partition)
[2026-10-02 19:19:03,252] INFO [Partition __transaction_state-2 broker=147] Log loaded for partition __transaction_state-2 with initial high watermark 0 (kafka.cluster.Partition)
[2026-10-02 19:19:03,255] INFO [LogLoader partition=__transaction_state-35, dir=/workspace/work/bench-history/native/data] Loading producer state till offset 0 with message format version 2 (kafka.log.UnifiedLog$)
[2026-10-02 19:19:03,255] INFO Created log for partition __transaction_state-35 in /workspace/work/bench-history/native/data/__transaction_state-35 with properties {cleanup.policy=compact, compression.type="uncompressed", min.insync.replicas=1, segment.bytes=104857600, unclean.leader.election.enable=false} (kafka.log.LogManager)
[2026-10-02 19:19:03,255] INFO [Partition __transaction_state-35 broker=147] No checkpointed highwatermark is found for partition __transaction_state-35 (kafka.cluster.Partition)
[2026-10-02 19:19:03,255] INFO [Partition __transaction_state-35 broker=147] Log loaded for partition __transaction_state-35 with initial high watermark 0 (kafka.cluster.Partition)
[2026-10-02 19:19:03,257] INFO [LogLoader partition=__transaction_state-6, dir=/workspace/work/bench-history/native/data] Loading producer state till offset 0 with message format version 2 (kafka.log.UnifiedLog$)
[2026-10-02 19:19:03,257] INFO Created log for partition __transaction_state-6 in /workspace/work/bench-history/native/data/__transaction_state-6 with properties {cleanup.policy=compact, compression.type="uncompressed", min.insync.replicas=1, segment.bytes=104857600, unclean.leader.election.enable=false} (kafka.log.LogManager)
[2026-10-02 19:19:03,257] INFO [Partition __transaction_state-6 broker=147] No checkpointed highwatermark is found for partition __transaction_state-6 (kafka.cluster.Partition)
[2026-10-02 19:19:03,257] INFO [Partition __transaction_state-6 broker=147] Log loaded for partition __transaction_state-6 with initial high watermark 0 (kafka.cluster.Partition)
[2026-10-02 19:19:03,259] INFO [LogLoader partition=__transaction_state-39, dir=/workspace/work/bench-history/native/data] Loading producer state till offset 0 with message format version 2 (kafka.log.UnifiedLog$)
[2026-10-02 19:19:03,260] INFO Created log for partition __transaction_state-39 in /workspace/work/bench-history/native/data/__transaction_state-39 with properties {cleanup.policy=compact, compression.type="uncompressed", min.insync.replicas=1, segment.bytes=104857600, unclean.leader.election.enable=false} (kafka.log.LogManager)
[2026-10-02 19:19:03,260] INFO [Partition __transaction_state-39 broker=147] No checkpointed highwatermark is found for partition __transaction_state-39 (kafka.cluster.Partition)
[2026-10-02 19:19:03,260] INFO [Partition __transaction_state-39 broker=147] Log loaded for partition __transaction_state-39 with initial high watermark 0 (kafka.cluster.Partition)
[2026-10-02 19:19:03,262] INFO [LogLoader partition=__transaction_state-27, dir=/workspace/work/bench-history/native/data] Loading producer state till offset 0 with message format version 2 (kafka.log.UnifiedLog$)
[2026-10-02 19:19:03,262] INFO Created log for partition __transaction_state-27 in /workspace/work/bench-history/native/data/__transaction_state-27 with properties {cleanup.policy=compact, compression.type="uncompressed", min.insync.replicas=1, segment.bytes=104857600, unclean.leader.election.enable=false} (kafka.log.LogManager)
[2026-10-02 19:19:03,262] INFO [Partition __transaction_state-27 broker=147] No checkpointed highwatermark is found for partition __transaction_state-27 (kafka.cluster.Partition)
[2026-10-02 19:19:03,262] INFO [Partition __transaction_state-27 broker=147] Log loaded for partition __transaction_state-27 with initial high watermark 0 (kafka.cluster.Partition)
[2026-10-02 19:19:03,264] INFO [LogLoader partition=__transaction_state-31, dir=/workspace/work/bench-history/native/data] Loading producer state till offset 0 with message format version 2 (kafka.log.UnifiedLog$)
[2026-10-02 19:19:03,264] INFO Created log for partition __transaction_state-31 in /workspace/work/bench-history/native/data/__transaction_state-31 with properties {cleanup.policy=compact, compression.type="uncompressed", min.insync.replicas=1, segment.bytes=104857600, unclean.leader.election.enable=false} (kafka.log.LogManager)
[2026-10-02 19:19:03,264] INFO [Partition __transaction_state-31 broker=147] No checkpointed highwatermark is found for partition __transaction_state-31 (kafka.cluster.Partition)
[2026-10-02 19:19:03,264] INFO [Partition __transaction_state-31 broker=147] Log loaded for partition __transaction_state-31 with initial high watermark 0 (kafka.cluster.Partition)
[2026-10-02 19:19:03,266] INFO [LogLoader partition=__transaction_state-19, dir=/workspace/work/bench-history/native/data] Loading producer state till offset 0 with message format version 2 (kafka.log.UnifiedLog$)
[2026-10-02 19:19:03,267] INFO Created log for partition __transaction_state-19 in /workspace/work/bench-history/native/data/__transaction_state-19 with properties {cleanup.policy=compact, compression.type="uncompressed", min.insync.replicas=1, segment.bytes=104857600, unclean.leader.election.enable=false} (kafka.log.LogManager)
[2026-10-02 19:19:03,267] INFO [Partition __transaction_state-19 broker=147] No checkpointed highwatermark is found for partition __transaction_state-19 (kafka.cluster.Partition)
[2026-10-02 19:19:03,267] INFO [Partition __transaction_state-19 broker=147] Log loaded for partition __transaction_state-19 with initial high watermark 0 (kafka.cluster.Partition)
[2026-10-02 19:19:03,269] INFO [LogLoader partition=__transaction_state-23, dir=/workspace/work/bench-history/native/data] Loading producer state till offset 0 with message format version 2 (kafka.log.UnifiedLog$)
[2026-10-02 19:19:03,270] INFO Created log for partition __transaction_state-23 in /workspace/work/bench-history/native/data/__transaction_state-23 with properties {cleanup.policy=compact, compression.type="uncompressed", min.insync.replicas=1, segment.bytes=104857600, unclean.leader.election.enable=false} (kafka.log.LogManager)
[2026-10-02 19:19:03,270] INFO [Partition __transaction_state-23 broker=147] No checkpointed highwatermark is found for partition __transaction_state-23 (kafka.cluster.Partition)
[2026-10-02 19:19:03,270] INFO [Partition __transaction_state-23 broker=147] Log loaded for partition __transaction_state-23 with initial high watermark 0 (kafka.cluster.Partition)
[2026-10-02 19:19:03,280] INFO [TransactionCoordinator id=147] Elected as the txn coordinator for partition 42 at epoch 0 (kafka.coordinator.transaction.TransactionCoordinator)
[2026-10-02 19:19:03,283] INFO [TransactionCoordinator id=147] Elected as the txn coordinator for partition 13 at epoch 0 (kafka.coordinator.transaction.TransactionCoordinator)
[2026-10-02 19:19:03,284] INFO [TransactionCoordinator id=147] Elected as the txn coordinator for partition 46 at epoch 0 (kafka.coordinator.transaction.TransactionCoordinator)
[2026-10-02 19:19:03,284] INFO [TransactionCoordinator id=147] Elected as the txn coordinator for partition 17 at epoch 0 (kafka.coordinator.transaction.TransactionCoordinator)
[2026-10-02 19:19:03,284] INFO [TransactionCoordinator id=147] Elected as the txn coordinator for partition 34 at epoch 0 (kafka.coordinator.transaction.TransactionCoordinator)
[2026-10-02 19:19:03,284] INFO [TransactionCoordinator id=147] Elected as the txn coordinator for partition 5 at epoch 0 (kafka.coordinator.transaction.TransactionCoordinator)
[2026-10-02 19:19:03,284] INFO [TransactionCoordinator id=147] Elected as the txn coordinator for partition 38 at epoch 0 (kafka.coordinator.transaction.TransactionCoordinator)
[2026-10-02 19:19:03,284] INFO [TransactionCoordinator id=147] Elected as the txn coordinator for partition 9 at epoch 0 (kafka.coordinator.transaction.TransactionCoordinator)
[2026-10-02 19:19:03,284] INFO [TransactionCoordinator id=147] Elected as the txn coordinator for partition 26 at epoch 0 (kafka.coordinator.transaction.TransactionCoordinator)
[2026-10-02 19:19:03,284] INFO [TransactionCoordinator id=147] Elected as the txn coordinator for partition 30 at epoch 0 (kafka.coordinator.transaction.TransactionCoordinator)
[2026-10-02 19:19:03,284] INFO [TransactionCoordinator id=147] Elected as the txn coordinator for partition 1 at epoch 0 (kafka.coordinator.transaction.TransactionCoordinator)
[2026-10-02 19:19:03,284] INFO [TransactionCoordinator id=147] Elected as the txn coordinator for partition 18 at epoch 0 (kafka.coordinator.transaction.TransactionCoordinator)
[2026-10-02 19:19:03,284] INFO [TransactionCoordinator id=147] Elected as the txn coordinator for partition 22 at epoch 0 (kafka.coordinator.transaction.TransactionCoordinator)
[2026-10-02 19:19:03,284] INFO [TransactionCoordinator id=147] Elected as the txn coordinator for partition 12 at epoch 0 (kafka.coordinator.transaction.TransactionCoordinator)
[2026-10-02 19:19:03,284] INFO [TransactionCoordinator id=147] Elected as the txn coordinator for partition 45 at epoch 0 (kafka.coordinator.transaction.TransactionCoordinator)
[2026-10-02 19:19:03,284] INFO [TransactionCoordinator id=147] Elected as the txn coordinator for partition 16 at epoch 0 (kafka.coordinator.transaction.TransactionCoordinator)
[2026-10-02 19:19:03,284] INFO [TransactionCoordinator id=147] Elected as the txn coordinator for partition 49 at epoch 0 (kafka.coordinator.transaction.TransactionCoordinator)
[2026-10-02 19:19:03,284] INFO [TransactionCoordinator id=147] Elected as the txn coordinator for partition 4 at epoch 0 (kafka.coordinator.transaction.TransactionCoordinator)
[2026-10-02 19:19:03,284] INFO [TransactionCoordinator id=147] Elected as the txn coordinator for partition 37 at epoch 0 (kafka.coordinator.transaction.TransactionCoordinator)
[2026-10-02 19:19:03,284] INFO [TransactionCoordinator id=147] Elected as the txn coordinator for partition 8 at epoch 0 (kafka.coordinator.transaction.TransactionCoordinator)
[2026-10-02 19:19:03,284] INFO [TransactionCoordinator id=147] Elected as the txn coordinator for partition 41 at epoch 0 (kafka.coordinator.transaction.TransactionCoordinator)
[2026-10-02 19:19:03,284] INFO [TransactionCoordinator id=147] Elected as the txn coordinator for partition 29 at epoch 0 (kafka.coordinator.transaction.TransactionCoordinator)
[2026-10-02 19:19:03,284] INFO [TransactionCoordinator id=147] Elected as the txn coordinator for partition 0 at epoch 0 (kafka.coordinator.transaction.TransactionCoordinator)
[2026-10-02 19:19:03,284] INFO [TransactionCoordinator id=147] Elected as the txn coordinator for partition 33 at epoch 0 (kafka.coordinator.transaction.TransactionCoordinator)
[2026-10-02 19:19:03,284] INFO [TransactionCoordinator id=147] Elected as the txn coordinator for partition 21 at epoch 0 (kafka.coordinator.transaction.TransactionCoordinator)
[2026-10-02 19:19:03,284] INFO [TransactionCoordinator id=147] Elected as the txn coordinator for partition 25 at epoch 0 (kafka.coordinator.transaction.TransactionCoordinator)
[2026-10-02 19:19:03,284] INFO [TransactionCoordinator id=147] Elected as the txn coordinator for partition 11 at epoch 0 (kafka.coordinator.transaction.TransactionCoordinator)
[2026-10-02 19:19:03,284] INFO [TransactionCoordinator id=147] Elected as the txn coordinator for partition 44 at epoch 0 (kafka.coordinator.transaction.TransactionCoordinator)
[2026-10-02 19:19:03,284] INFO [TransactionCoordinator id=147] Elected as the txn coordinator for partition 15 at epoch 0 (kafka.coordinator.transaction.TransactionCoordinator)
[2026-10-02 19:19:03,284] INFO [TransactionCoordinator id=147] Elected as the txn coordinator for partition 48 at epoch 0 (kafka.coordinator.transaction.TransactionCoordinator)
[2026-10-02 19:19:03,284] INFO [TransactionCoordinator id=147] Elected as the txn coordinator for partition 3 at epoch 0 (kafka.coordinator.transaction.TransactionCoordinator)
[2026-10-02 19:19:03,284] INFO [TransactionCoordinator id=147] Elected as the txn coordinator for partition 36 at epoch 0 (kafka.coordinator.transaction.TransactionCoordinator)
[2026-10-02 19:19:03,284] INFO [TransactionCoordinator id=147] Elected as the txn coordinator for partition 7 at epoch 0 (kafka.coordinator.transaction.TransactionCoordinator)
[2026-10-02 19:19:03,284] INFO [TransactionCoordinator id=147] Elected as the txn coordinator for partition 40 at epoch 0 (kafka.coordinator.transaction.TransactionCoordinator)
[2026-10-02 19:19:03,284] INFO [TransactionCoordinator id=147] Elected as the txn coordinator for partition 28 at epoch 0 (kafka.coordinator.transaction.TransactionCoordinator)
[2026-10-02 19:19:03,284] INFO [Transaction State Manager 147]: Loading transaction metadata from __transaction_state-42 at epoch 0 (kafka.coordinator.transaction.TransactionStateManager)
[2026-10-02 19:19:03,284] INFO [TransactionCoordinator id=147] Elected as the txn coordinator for partition 32 at epoch 0 (kafka.coordinator.transaction.TransactionCoordinator)
[2026-10-02 19:19:03,284] INFO [TransactionCoordinator id=147] Elected as the txn coordinator for partition 20 at epoch 0 (kafka.coordinator.transaction.TransactionCoordinator)
[2026-10-02 19:19:03,284] INFO [TransactionCoordinator id=147] Elected as the txn coordinator for partition 24 at epoch 0 (kafka.coordinator.transaction.TransactionCoordinator)
[2026-10-02 19:19:03,284] INFO [TransactionCoordinator id=147] Elected as the txn coordinator for partition 10 at epoch 0 (kafka.coordinator.transaction.TransactionCoordinator)
[2026-10-02 19:19:03,284] INFO [TransactionCoordinator id=147] Elected as the txn coordinator for partition 43 at epoch 0 (kafka.coordinator.transaction.TransactionCoordinator)
[2026-10-02 19:19:03,284] INFO [TransactionCoordinator id=147] Elected as the txn coordinator for partition 14 at epoch 0 (kafka.coordinator.transaction.TransactionCoordinator)
[2026-10-02 19:19:03,284] INFO [TransactionCoordinator id=147] Elected as the txn coordinator for partition 47 at epoch 0 (kafka.coordinator.transaction.TransactionCoordinator)
[2026-10-02 19:19:03,284] INFO [TransactionCoordinator id=147] Elected as the txn coordinator for partition 2 at epoch 0 (kafka.coordinator.transaction.TransactionCoordinator)
[2026-10-02 19:19:03,284] INFO [TransactionCoordinator id=147] Elected as the txn coordinator for partition 35 at epoch 0 (kafka.coordinator.transaction.TransactionCoordinator)
[2026-10-02 19:19:03,284] INFO [TransactionCoordinator id=147] Elected as the txn coordinator for partition 6 at epoch 0 (kafka.coordinator.transaction.TransactionCoordinator)
[2026-10-02 19:19:03,284] INFO [TransactionCoordinator id=147] Elected as the txn coordinator for partition 39 at epoch 0 (kafka.coordinator.transaction.TransactionCoordinator)
[2026-10-02 19:19:03,284] INFO [TransactionCoordinator id=147] Elected as the txn coordinator for partition 27 at epoch 0 (kafka.coordinator.transaction.TransactionCoordinator)
[2026-10-02 19:19:03,284] INFO [TransactionCoordinator id=147] Elected as the txn coordinator for partition 31 at epoch 0 (kafka.coordinator.transaction.TransactionCoordinator)
[2026-10-02 19:19:03,284] INFO [TransactionCoordinator id=147] Elected as the txn coordinator for partition 19 at epoch 0 (kafka.coordinator.transaction.TransactionCoordinator)
[2026-10-02 19:19:03,284] INFO [TransactionCoordinator id=147] Elected as the txn coordinator for partition 23 at epoch 0 (kafka.coordinator.transaction.TransactionCoordinator)
[2026-10-02 19:19:03,286] INFO [Transaction State Manager 147]: Finished loading 0 transaction metadata from __transaction_state-42 in 2 milliseconds, of which 0 milliseconds was spent in the scheduler. (kafka.coordinator.transaction.TransactionStateManager)
[2026-10-02 19:19:03,288] INFO [DynamicConfigPublisher broker id=147] Updating topic __transaction_state with new configuration : compression.type -> uncompressed,cleanup.policy -> compact,min.insync.replicas -> 1,segment.bytes -> 104857600,unclean.leader.election.enable -> false (kafka.server.metadata.DynamicConfigPublisher)
[2026-10-02 19:19:03,292] INFO [Transaction State Manager 147]: Completed loading transaction metadata from __transaction_state-42 for coordinator epoch 0 (kafka.coordinator.transaction.TransactionStateManager)
[2026-10-02 19:19:03,292] INFO [Transaction State Manager 147]: Loading transaction metadata from __transaction_state-13 at epoch 0 (kafka.coordinator.transaction.TransactionStateManager)
[2026-10-02 19:19:03,293] INFO [Transaction State Manager 147]: Finished loading 0 transaction metadata from __transaction_state-13 in 8 milliseconds, of which 8 milliseconds was spent in the scheduler. (kafka.coordinator.transaction.TransactionStateManager)
[2026-10-02 19:19:03,293] INFO [Transaction State Manager 147]: Completed loading transaction metadata from __transaction_state-13 for coordinator epoch 0 (kafka.coordinator.transaction.TransactionStateManager)
[2026-10-02 19:19:03,293] INFO [Transaction State Manager 147]: Loading transaction metadata from __transaction_state-46 at epoch 0 (kafka.coordinator.transaction.TransactionStateManager)
[2026-10-02 19:19:03,293] INFO [Transaction State Manager 147]: Finished loading 0 transaction metadata from __transaction_state-46 in 9 milliseconds, of which 9 milliseconds was spent in the scheduler. (kafka.coordinator.transaction.TransactionStateManager)
[2026-10-02 19:19:03,293] INFO [Transaction State Manager 147]: Completed loading transaction metadata from __transaction_state-46 for coordinator epoch 0 (kafka.coordinator.transaction.TransactionStateManager)
[2026-10-02 19:19:03,293] INFO [Transaction State Manager 147]: Loading transaction metadata from __transaction_state-17 at epoch 0 (kafka.coordinator.transaction.TransactionStateManager)
[2026-10-02 19:19:03,293] INFO [Transaction State Manager 147]: Finished loading 0 transaction metadata from __transaction_state-17 in 9 milliseconds, of which 9 milliseconds was spent in the scheduler. (kafka.coordinator.transaction.TransactionStateManager)
[2026-10-02 19:19:03,293] INFO [Transaction State Manager 147]: Completed loading transaction metadata from __transaction_state-17 for coordinator epoch 0 (kafka.coordinator.transaction.TransactionStateManager)
[2026-10-02 19:19:03,293] INFO [Transaction State Manager 147]: Loading transaction metadata from __transaction_state-34 at epoch 0 (kafka.coordinator.transaction.TransactionStateManager)
[2026-10-02 19:19:03,293] INFO [Transaction State Manager 147]: Finished loading 0 transaction metadata from __transaction_state-34 in 9 milliseconds, of which 9 milliseconds was spent in the scheduler. (kafka.coordinator.transaction.TransactionStateManager)
[2026-10-02 19:19:03,293] INFO [Transaction State Manager 147]: Completed loading transaction metadata from __transaction_state-34 for coordinator epoch 0 (kafka.coordinator.transaction.TransactionStateManager)
[2026-10-02 19:19:03,293] INFO [Transaction State Manager 147]: Loading transaction metadata from __transaction_state-5 at epoch 0 (kafka.coordinator.transaction.TransactionStateManager)
[2026-10-02 19:19:03,293] INFO [Transaction State Manager 147]: Finished loading 0 transaction metadata from __transaction_state-5 in 9 milliseconds, of which 9 milliseconds was spent in the scheduler. (kafka.coordinator.transaction.TransactionStateManager)
[2026-10-02 19:19:03,293] INFO [Transaction State Manager 147]: Completed loading transaction metadata from __transaction_state-5 for coordinator epoch 0 (kafka.coordinator.transaction.TransactionStateManager)
[2026-10-02 19:19:03,293] INFO [Transaction State Manager 147]: Loading transaction metadata from __transaction_state-38 at epoch 0 (kafka.coordinator.transaction.TransactionStateManager)
[2026-10-02 19:19:03,293] INFO [Transaction State Manager 147]: Finished loading 0 transaction metadata from __transaction_state-38 in 9 milliseconds, of which 9 milliseconds was spent in the scheduler. (kafka.coordinator.transaction.TransactionStateManager)
[2026-10-02 19:19:03,293] INFO [Transaction State Manager 147]: Completed loading transaction metadata from __transaction_state-38 for coordinator epoch 0 (kafka.coordinator.transaction.TransactionStateManager)
[2026-10-02 19:19:03,293] INFO [Transaction State Manager 147]: Loading transaction metadata from __transaction_state-9 at epoch 0 (kafka.coordinator.transaction.TransactionStateManager)
[2026-10-02 19:19:03,293] INFO [Transaction State Manager 147]: Finished loading 0 transaction metadata from __transaction_state-9 in 9 milliseconds, of which 9 milliseconds was spent in the scheduler. (kafka.coordinator.transaction.TransactionStateManager)
[2026-10-02 19:19:03,293] INFO [Transaction State Manager 147]: Completed loading transaction metadata from __transaction_state-9 for coordinator epoch 0 (kafka.coordinator.transaction.TransactionStateManager)
[2026-10-02 19:19:03,293] INFO [Transaction State Manager 147]: Loading transaction metadata from __transaction_state-26 at epoch 0 (kafka.coordinator.transaction.TransactionStateManager)
[2026-10-02 19:19:03,293] INFO [Transaction State Manager 147]: Finished loading 0 transaction metadata from __transaction_state-26 in 9 milliseconds, of which 9 milliseconds was spent in the scheduler. (kafka.coordinator.transaction.TransactionStateManager)
[2026-10-02 19:19:03,293] INFO [Transaction State Manager 147]: Completed loading transaction metadata from __transaction_state-26 for coordinator epoch 0 (kafka.coordinator.transaction.TransactionStateManager)
[2026-10-02 19:19:03,293] INFO [Transaction State Manager 147]: Loading transaction metadata from __transaction_state-30 at epoch 0 (kafka.coordinator.transaction.TransactionStateManager)
[2026-10-02 19:19:03,293] INFO [Transaction State Manager 147]: Finished loading 0 transaction metadata from __transaction_state-30 in 9 milliseconds, of which 9 milliseconds was spent in the scheduler. (kafka.coordinator.transaction.TransactionStateManager)
[2026-10-02 19:19:03,293] INFO [Transaction State Manager 147]: Completed loading transaction metadata from __transaction_state-30 for coordinator epoch 0 (kafka.coordinator.transaction.TransactionStateManager)
[2026-10-02 19:19:03,293] INFO [Transaction State Manager 147]: Loading transaction metadata from __transaction_state-1 at epoch 0 (kafka.coordinator.transaction.TransactionStateManager)
[2026-10-02 19:19:03,293] INFO [Transaction State Manager 147]: Finished loading 0 transaction metadata from __transaction_state-1 in 9 milliseconds, of which 9 milliseconds was spent in the scheduler. (kafka.coordinator.transaction.TransactionStateManager)
[2026-10-02 19:19:03,293] INFO [Transaction State Manager 147]: Completed loading transaction metadata from __transaction_state-1 for coordinator epoch 0 (kafka.coordinator.transaction.TransactionStateManager)
[2026-10-02 19:19:03,293] INFO [Transaction State Manager 147]: Loading transaction metadata from __transaction_state-18 at epoch 0 (kafka.coordinator.transaction.TransactionStateManager)
[2026-10-02 19:19:03,293] INFO [Transaction State Manager 147]: Finished loading 0 transaction metadata from __transaction_state-18 in 9 milliseconds, of which 9 milliseconds was spent in the scheduler. (kafka.coordinator.transaction.TransactionStateManager)
[2026-10-02 19:19:03,293] INFO [Transaction State Manager 147]: Completed loading transaction metadata from __transaction_state-18 for coordinator epoch 0 (kafka.coordinator.transaction.TransactionStateManager)
[2026-10-02 19:19:03,293] INFO [Transaction State Manager 147]: Loading transaction metadata from __transaction_state-22 at epoch 0 (kafka.coordinator.transaction.TransactionStateManager)
[2026-10-02 19:19:03,293] INFO [Transaction State Manager 147]: Finished loading 0 transaction metadata from __transaction_state-22 in 9 milliseconds, of which 9 milliseconds was spent in the scheduler. (kafka.coordinator.transaction.TransactionStateManager)
[2026-10-02 19:19:03,293] INFO [Transaction State Manager 147]: Completed loading transaction metadata from __transaction_state-22 for coordinator epoch 0 (kafka.coordinator.transaction.TransactionStateManager)
[2026-10-02 19:19:03,293] INFO [Transaction State Manager 147]: Loading transaction metadata from __transaction_state-12 at epoch 0 (kafka.coordinator.transaction.TransactionStateManager)
[2026-10-02 19:19:03,293] INFO [Transaction State Manager 147]: Finished loading 0 transaction metadata from __transaction_state-12 in 9 milliseconds, of which 9 milliseconds was spent in the scheduler. (kafka.coordinator.transaction.TransactionStateManager)
[2026-10-02 19:19:03,293] INFO [Transaction State Manager 147]: Completed loading transaction metadata from __transaction_state-12 for coordinator epoch 0 (kafka.coordinator.transaction.TransactionStateManager)
[2026-10-02 19:19:03,293] INFO [Transaction State Manager 147]: Loading transaction metadata from __transaction_state-45 at epoch 0 (kafka.coordinator.transaction.TransactionStateManager)
[2026-10-02 19:19:03,293] INFO [Transaction State Manager 147]: Finished loading 0 transaction metadata from __transaction_state-45 in 9 milliseconds, of which 9 milliseconds was spent in the scheduler. (kafka.coordinator.transaction.TransactionStateManager)
[2026-10-02 19:19:03,293] INFO [Transaction State Manager 147]: Completed loading transaction metadata from __transaction_state-45 for coordinator epoch 0 (kafka.coordinator.transaction.TransactionStateManager)
[2026-10-02 19:19:03,293] INFO [Transaction State Manager 147]: Loading transaction metadata from __transaction_state-16 at epoch 0 (kafka.coordinator.transaction.TransactionStateManager)
[2026-10-02 19:19:03,293] INFO [Transaction State Manager 147]: Finished loading 0 transaction metadata from __transaction_state-16 in 9 milliseconds, of which 9 milliseconds was spent in the scheduler. (kafka.coordinator.transaction.TransactionStateManager)
[2026-10-02 19:19:03,293] INFO [Transaction State Manager 147]: Completed loading transaction metadata from __transaction_state-16 for coordinator epoch 0 (kafka.coordinator.transaction.TransactionStateManager)
[2026-10-02 19:19:03,293] INFO [Transaction State Manager 147]: Loading transaction metadata from __transaction_state-49 at epoch 0 (kafka.coordinator.transaction.TransactionStateManager)
[2026-10-02 19:19:03,293] INFO [Transaction State Manager 147]: Finished loading 0 transaction metadata from __transaction_state-49 in 9 milliseconds, of which 9 milliseconds was spent in the scheduler. (kafka.coordinator.transaction.TransactionStateManager)
[2026-10-02 19:19:03,293] INFO [Transaction State Manager 147]: Completed loading transaction metadata from __transaction_state-49 for coordinator epoch 0 (kafka.coordinator.transaction.TransactionStateManager)
[2026-10-02 19:19:03,293] INFO [Transaction State Manager 147]: Loading transaction metadata from __transaction_state-4 at epoch 0 (kafka.coordinator.transaction.TransactionStateManager)
[2026-10-02 19:19:03,293] INFO [Transaction State Manager 147]: Finished loading 0 transaction metadata from __transaction_state-4 in 9 milliseconds, of which 9 milliseconds was spent in the scheduler. (kafka.coordinator.transaction.TransactionStateManager)
[2026-10-02 19:19:03,293] INFO [Transaction State Manager 147]: Completed loading transaction metadata from __transaction_state-4 for coordinator epoch 0 (kafka.coordinator.transaction.TransactionStateManager)
[2026-10-02 19:19:03,293] INFO [Transaction State Manager 147]: Loading transaction metadata from __transaction_state-37 at epoch 0 (kafka.coordinator.transaction.TransactionStateManager)
[2026-10-02 19:19:03,293] INFO [Transaction State Manager 147]: Finished loading 0 transaction metadata from __transaction_state-37 in 9 milliseconds, of which 9 milliseconds was spent in the scheduler. (kafka.coordinator.transaction.TransactionStateManager)
[2026-10-02 19:19:03,293] INFO [Transaction State Manager 147]: Completed loading transaction metadata from __transaction_state-37 for coordinator epoch 0 (kafka.coordinator.transaction.TransactionStateManager)
[2026-10-02 19:19:03,293] INFO [Transaction State Manager 147]: Loading transaction metadata from __transaction_state-8 at epoch 0 (kafka.coordinator.transaction.TransactionStateManager)
[2026-10-02 19:19:03,293] INFO [Transaction State Manager 147]: Finished loading 0 transaction metadata from __transaction_state-8 in 9 milliseconds, of which 9 milliseconds was spent in the scheduler. (kafka.coordinator.transaction.TransactionStateManager)
[2026-10-02 19:19:03,293] INFO [Transaction State Manager 147]: Completed loading transaction metadata from __transaction_state-8 for coordinator epoch 0 (kafka.coordinator.transaction.TransactionStateManager)
[2026-10-02 19:19:03,293] INFO [Transaction State Manager 147]: Loading transaction metadata from __transaction_state-41 at epoch 0 (kafka.coordinator.transaction.TransactionStateManager)
[2026-10-02 19:19:03,293] INFO [Transaction State Manager 147]: Finished loading 0 transaction metadata from __transaction_state-41 in 9 milliseconds, of which 9 milliseconds was spent in the scheduler. (kafka.coordinator.transaction.TransactionStateManager)
[2026-10-02 19:19:03,293] INFO [Transaction State Manager 147]: Completed loading transaction metadata from __transaction_state-41 for coordinator epoch 0 (kafka.coordinator.transaction.TransactionStateManager)
[2026-10-02 19:19:03,293] INFO [Transaction State Manager 147]: Loading transaction metadata from __transaction_state-29 at epoch 0 (kafka.coordinator.transaction.TransactionStateManager)
[2026-10-02 19:19:03,293] INFO [Transaction State Manager 147]: Finished loading 0 transaction metadata from __transaction_state-29 in 9 milliseconds, of which 9 milliseconds was spent in the scheduler. (kafka.coordinator.transaction.TransactionStateManager)
[2026-10-02 19:19:03,293] INFO [Transaction State Manager 147]: Completed loading transaction metadata from __transaction_state-29 for coordinator epoch 0 (kafka.coordinator.transaction.TransactionStateManager)
[2026-10-02 19:19:03,293] INFO [Transaction State Manager 147]: Loading transaction metadata from __transaction_state-0 at epoch 0 (kafka.coordinator.transaction.TransactionStateManager)
[2026-10-02 19:19:03,293] INFO [Transaction State Manager 147]: Finished loading 0 transaction metadata from __transaction_state-0 in 9 milliseconds, of which 9 milliseconds was spent in the scheduler. (kafka.coordinator.transaction.TransactionStateManager)
[2026-10-02 19:19:03,293] INFO [Transaction State Manager 147]: Completed loading transaction metadata from __transaction_state-0 for coordinator epoch 0 (kafka.coordinator.transaction.TransactionStateManager)
[2026-10-02 19:19:03,293] INFO [Transaction State Manager 147]: Loading transaction metadata from __transaction_state-33 at epoch 0 (kafka.coordinator.transaction.TransactionStateManager)
[2026-10-02 19:19:03,293] INFO [Transaction State Manager 147]: Finished loading 0 transaction metadata from __transaction_state-33 in 9 milliseconds, of which 9 milliseconds was spent in the scheduler. (kafka.coordinator.transaction.TransactionStateManager)
[2026-10-02 19:19:03,293] INFO [Transaction State Manager 147]: Completed loading transaction metadata from __transaction_state-33 for coordinator epoch 0 (kafka.coordinator.transaction.TransactionStateManager)
[2026-10-02 19:19:03,293] INFO [Transaction State Manager 147]: Loading transaction metadata from __transaction_state-21 at epoch 0 (kafka.coordinator.transaction.TransactionStateManager)
[2026-10-02 19:19:03,293] INFO [Transaction State Manager 147]: Finished loading 0 transaction metadata from __transaction_state-21 in 9 milliseconds, of which 9 milliseconds was spent in the scheduler. (kafka.coordinator.transaction.TransactionStateManager)
[2026-10-02 19:19:03,293] INFO [Transaction State Manager 147]: Completed loading transaction metadata from __transaction_state-21 for coordinator epoch 0 (kafka.coordinator.transaction.TransactionStateManager)
[2026-10-02 19:19:03,293] INFO [Transaction State Manager 147]: Loading transaction metadata from __transaction_state-25 at epoch 0 (kafka.coordinator.transaction.TransactionStateManager)
[2026-10-02 19:19:03,293] INFO [Transaction State Manager 147]: Finished loading 0 transaction metadata from __transaction_state-25 in 9 milliseconds, of which 9 milliseconds was spent in the scheduler. (kafka.coordinator.transaction.TransactionStateManager)
[2026-10-02 19:19:03,293] INFO [Transaction State Manager 147]: Completed loading transaction metadata from __transaction_state-25 for coordinator epoch 0 (kafka.coordinator.transaction.TransactionStateManager)
[2026-10-02 19:19:03,293] INFO [Transaction State Manager 147]: Loading transaction metadata from __transaction_state-11 at epoch 0 (kafka.coordinator.transaction.TransactionStateManager)
[2026-10-02 19:19:03,293] INFO [Transaction State Manager 147]: Finished loading 0 transaction metadata from __transaction_state-11 in 9 milliseconds, of which 9 milliseconds was spent in the scheduler. (kafka.coordinator.transaction.TransactionStateManager)
[2026-10-02 19:19:03,293] INFO [Transaction State Manager 147]: Completed loading transaction metadata from __transaction_state-11 for coordinator epoch 0 (kafka.coordinator.transaction.TransactionStateManager)
[2026-10-02 19:19:03,293] INFO [Transaction State Manager 147]: Loading transaction metadata from __transaction_state-44 at epoch 0 (kafka.coordinator.transaction.TransactionStateManager)
[2026-10-02 19:19:03,293] INFO [Transaction State Manager 147]: Finished loading 0 transaction metadata from __transaction_state-44 in 9 milliseconds, of which 9 milliseconds was spent in the scheduler. (kafka.coordinator.transaction.TransactionStateManager)
[2026-10-02 19:19:03,293] INFO [Transaction State Manager 147]: Completed loading transaction metadata from __transaction_state-44 for coordinator epoch 0 (kafka.coordinator.transaction.TransactionStateManager)
[2026-10-02 19:19:03,293] INFO [Transaction State Manager 147]: Loading transaction metadata from __transaction_state-15 at epoch 0 (kafka.coordinator.transaction.TransactionStateManager)
[2026-10-02 19:19:03,293] INFO [Transaction State Manager 147]: Finished loading 0 transaction metadata from __transaction_state-15 in 9 milliseconds, of which 9 milliseconds was spent in the scheduler. (kafka.coordinator.transaction.TransactionStateManager)
[2026-10-02 19:19:03,293] INFO [Transaction State Manager 147]: Completed loading transaction metadata from __transaction_state-15 for coordinator epoch 0 (kafka.coordinator.transaction.TransactionStateManager)
[2026-10-02 19:19:03,293] INFO [Transaction State Manager 147]: Loading transaction metadata from __transaction_state-48 at epoch 0 (kafka.coordinator.transaction.TransactionStateManager)
[2026-10-02 19:19:03,293] INFO [Transaction State Manager 147]: Finished loading 0 transaction metadata from __transaction_state-48 in 9 milliseconds, of which 9 milliseconds was spent in the scheduler. (kafka.coordinator.transaction.TransactionStateManager)
[2026-10-02 19:19:03,293] INFO [Transaction State Manager 147]: Completed loading transaction metadata from __transaction_state-48 for coordinator epoch 0 (kafka.coordinator.transaction.TransactionStateManager)
[2026-10-02 19:19:03,293] INFO [Transaction State Manager 147]: Loading transaction metadata from __transaction_state-3 at epoch 0 (kafka.coordinator.transaction.TransactionStateManager)
[2026-10-02 19:19:03,293] INFO [Transaction State Manager 147]: Finished loading 0 transaction metadata from __transaction_state-3 in 9 milliseconds, of which 9 milliseconds was spent in the scheduler. (kafka.coordinator.transaction.TransactionStateManager)
[2026-10-02 19:19:03,294] INFO [Transaction State Manager 147]: Completed loading transaction metadata from __transaction_state-3 for coordinator epoch 0 (kafka.coordinator.transaction.TransactionStateManager)
[2026-10-02 19:19:03,294] INFO [Transaction State Manager 147]: Loading transaction metadata from __transaction_state-36 at epoch 0 (kafka.coordinator.transaction.TransactionStateManager)
[2026-10-02 19:19:03,294] INFO [Transaction State Manager 147]: Finished loading 0 transaction metadata from __transaction_state-36 in 10 milliseconds, of which 10 milliseconds was spent in the scheduler. (kafka.coordinator.transaction.TransactionStateManager)
[2026-10-02 19:19:03,294] INFO [Transaction State Manager 147]: Completed loading transaction metadata from __transaction_state-36 for coordinator epoch 0 (kafka.coordinator.transaction.TransactionStateManager)
[2026-10-02 19:19:03,294] INFO [Transaction State Manager 147]: Loading transaction metadata from __transaction_state-7 at epoch 0 (kafka.coordinator.transaction.TransactionStateManager)
[2026-10-02 19:19:03,294] INFO [Transaction State Manager 147]: Finished loading 0 transaction metadata from __transaction_state-7 in 10 milliseconds, of which 10 milliseconds was spent in the scheduler. (kafka.coordinator.transaction.TransactionStateManager)
[2026-10-02 19:19:03,294] INFO [Transaction State Manager 147]: Completed loading transaction metadata from __transaction_state-7 for coordinator epoch 0 (kafka.coordinator.transaction.TransactionStateManager)
[2026-10-02 19:19:03,294] INFO [Transaction State Manager 147]: Loading transaction metadata from __transaction_state-40 at epoch 0 (kafka.coordinator.transaction.TransactionStateManager)
[2026-10-02 19:19:03,294] INFO [Transaction State Manager 147]: Finished loading 0 transaction metadata from __transaction_state-40 in 10 milliseconds, of which 10 milliseconds was spent in the scheduler. (kafka.coordinator.transaction.TransactionStateManager)
[2026-10-02 19:19:03,294] INFO [Transaction State Manager 147]: Completed loading transaction metadata from __transaction_state-40 for coordinator epoch 0 (kafka.coordinator.transaction.TransactionStateManager)
[2026-10-02 19:19:03,294] INFO [Transaction State Manager 147]: Loading transaction metadata from __transaction_state-28 at epoch 0 (kafka.coordinator.transaction.TransactionStateManager)
[2026-10-02 19:19:03,294] INFO [Transaction State Manager 147]: Finished loading 0 transaction metadata from __transaction_state-28 in 10 milliseconds, of which 10 milliseconds was spent in the scheduler. (kafka.coordinator.transaction.TransactionStateManager)
[2026-10-02 19:19:03,294] INFO [Transaction State Manager 147]: Completed loading transaction metadata from __transaction_state-28 for coordinator epoch 0 (kafka.coordinator.transaction.TransactionStateManager)
[2026-10-02 19:19:03,294] INFO [Transaction State Manager 147]: Loading transaction metadata from __transaction_state-32 at epoch 0 (kafka.coordinator.transaction.TransactionStateManager)
[2026-10-02 19:19:03,294] INFO [Transaction State Manager 147]: Finished loading 0 transaction metadata from __transaction_state-32 in 10 milliseconds, of which 10 milliseconds was spent in the scheduler. (kafka.coordinator.transaction.TransactionStateManager)
[2026-10-02 19:19:03,294] INFO [Transaction State Manager 147]: Completed loading transaction metadata from __transaction_state-32 for coordinator epoch 0 (kafka.coordinator.transaction.TransactionStateManager)
[2026-10-02 19:19:03,294] INFO [Transaction State Manager 147]: Loading transaction metadata from __transaction_state-20 at epoch 0 (kafka.coordinator.transaction.TransactionStateManager)
[2026-10-02 19:19:03,294] INFO [Transaction State Manager 147]: Finished loading 0 transaction metadata from __transaction_state-20 in 10 milliseconds, of which 10 milliseconds was spent in the scheduler. (kafka.coordinator.transaction.TransactionStateManager)
[2026-10-02 19:19:03,294] INFO [Transaction State Manager 147]: Completed loading transaction metadata from __transaction_state-20 for coordinator epoch 0 (kafka.coordinator.transaction.TransactionStateManager)
[2026-10-02 19:19:03,294] INFO [Transaction State Manager 147]: Loading transaction metadata from __transaction_state-24 at epoch 0 (kafka.coordinator.transaction.TransactionStateManager)
[2026-10-02 19:19:03,294] INFO [Transaction State Manager 147]: Finished loading 0 transaction metadata from __transaction_state-24 in 10 milliseconds, of which 10 milliseconds was spent in the scheduler. (kafka.coordinator.transaction.TransactionStateManager)
[2026-10-02 19:19:03,294] INFO [Transaction State Manager 147]: Completed loading transaction metadata from __transaction_state-24 for coordinator epoch 0 (kafka.coordinator.transaction.TransactionStateManager)
[2026-10-02 19:19:03,294] INFO [Transaction State Manager 147]: Loading transaction metadata from __transaction_state-10 at epoch 0 (kafka.coordinator.transaction.TransactionStateManager)
[2026-10-02 19:19:03,294] INFO [Transaction State Manager 147]: Finished loading 0 transaction metadata from __transaction_state-10 in 10 milliseconds, of which 10 milliseconds was spent in the scheduler. (kafka.coordinator.transaction.TransactionStateManager)
[2026-10-02 19:19:03,294] INFO [Transaction State Manager 147]: Completed loading transaction metadata from __transaction_state-10 for coordinator epoch 0 (kafka.coordinator.transaction.TransactionStateManager)
[2026-10-02 19:19:03,294] INFO [Transaction State Manager 147]: Loading transaction metadata from __transaction_state-43 at epoch 0 (kafka.coordinator.transaction.TransactionStateManager)
[2026-10-02 19:19:03,294] INFO [Transaction State Manager 147]: Finished loading 0 transaction metadata from __transaction_state-43 in 10 milliseconds, of which 10 milliseconds was spent in the scheduler. (kafka.coordinator.transaction.TransactionStateManager)
[2026-10-02 19:19:03,294] INFO [Transaction State Manager 147]: Completed loading transaction metadata from __transaction_state-43 for coordinator epoch 0 (kafka.coordinator.transaction.TransactionStateManager)
[2026-10-02 19:19:03,294] INFO [Transaction State Manager 147]: Loading transaction metadata from __transaction_state-14 at epoch 0 (kafka.coordinator.transaction.TransactionStateManager)
[2026-10-02 19:19:03,294] INFO [Transaction State Manager 147]: Finished loading 0 transaction metadata from __transaction_state-14 in 10 milliseconds, of which 10 milliseconds was spent in the scheduler. (kafka.coordinator.transaction.TransactionStateManager)
[2026-10-02 19:19:03,294] INFO [Transaction State Manager 147]: Completed loading transaction metadata from __transaction_state-14 for coordinator epoch 0 (kafka.coordinator.transaction.TransactionStateManager)
[2026-10-02 19:19:03,294] INFO [Transaction State Manager 147]: Loading transaction metadata from __transaction_state-47 at epoch 0 (kafka.coordinator.transaction.TransactionStateManager)
[2026-10-02 19:19:03,294] INFO [Transaction State Manager 147]: Finished loading 0 transaction metadata from __transaction_state-47 in 10 milliseconds, of which 10 milliseconds was spent in the scheduler. (kafka.coordinator.transaction.TransactionStateManager)
[2026-10-02 19:19:03,294] INFO [Transaction State Manager 147]: Completed loading transaction metadata from __transaction_state-47 for coordinator epoch 0 (kafka.coordinator.transaction.TransactionStateManager)
[2026-10-02 19:19:03,294] INFO [Transaction State Manager 147]: Loading transaction metadata from __transaction_state-2 at epoch 0 (kafka.coordinator.transaction.TransactionStateManager)
[2026-10-02 19:19:03,294] INFO [Transaction State Manager 147]: Finished loading 0 transaction metadata from __transaction_state-2 in 10 milliseconds, of which 10 milliseconds was spent in the scheduler. (kafka.coordinator.transaction.TransactionStateManager)
[2026-10-02 19:19:03,294] INFO [Transaction State Manager 147]: Completed loading transaction metadata from __transaction_state-2 for coordinator epoch 0 (kafka.coordinator.transaction.TransactionStateManager)
[2026-10-02 19:19:03,294] INFO [Transaction State Manager 147]: Loading transaction metadata from __transaction_state-35 at epoch 0 (kafka.coordinator.transaction.TransactionStateManager)
[2026-10-02 19:19:03,294] INFO [Transaction State Manager 147]: Finished loading 0 transaction metadata from __transaction_state-35 in 10 milliseconds, of which 10 milliseconds was spent in the scheduler. (kafka.coordinator.transaction.TransactionStateManager)
[2026-10-02 19:19:03,294] INFO [Transaction State Manager 147]: Completed loading transaction metadata from __transaction_state-35 for coordinator epoch 0 (kafka.coordinator.transaction.TransactionStateManager)
[2026-10-02 19:19:03,294] INFO [Transaction State Manager 147]: Loading transaction metadata from __transaction_state-6 at epoch 0 (kafka.coordinator.transaction.TransactionStateManager)
[2026-10-02 19:19:03,294] INFO [Transaction State Manager 147]: Finished loading 0 transaction metadata from __transaction_state-6 in 10 milliseconds, of which 10 milliseconds was spent in the scheduler. (kafka.coordinator.transaction.TransactionStateManager)
[2026-10-02 19:19:03,294] INFO [Transaction State Manager 147]: Completed loading transaction metadata from __transaction_state-6 for coordinator epoch 0 (kafka.coordinator.transaction.TransactionStateManager)
[2026-10-02 19:19:03,295] INFO [Transaction State Manager 147]: Loading transaction metadata from __transaction_state-39 at epoch 0 (kafka.coordinator.transaction.TransactionStateManager)
[2026-10-02 19:19:03,295] INFO [Transaction State Manager 147]: Finished loading 0 transaction metadata from __transaction_state-39 in 11 milliseconds, of which 11 milliseconds was spent in the scheduler. (kafka.coordinator.transaction.TransactionStateManager)
[2026-10-02 19:19:03,295] INFO [Transaction State Manager 147]: Completed loading transaction metadata from __transaction_state-39 for coordinator epoch 0 (kafka.coordinator.transaction.TransactionStateManager)
[2026-10-02 19:19:03,295] INFO [Transaction State Manager 147]: Loading transaction metadata from __transaction_state-27 at epoch 0 (kafka.coordinator.transaction.TransactionStateManager)
[2026-10-02 19:19:03,295] INFO [Transaction State Manager 147]: Finished loading 0 transaction metadata from __transaction_state-27 in 11 milliseconds, of which 11 milliseconds was spent in the scheduler. (kafka.coordinator.transaction.TransactionStateManager)
[2026-10-02 19:19:03,295] INFO [Transaction State Manager 147]: Completed loading transaction metadata from __transaction_state-27 for coordinator epoch 0 (kafka.coordinator.transaction.TransactionStateManager)
[2026-10-02 19:19:03,295] INFO [Transaction State Manager 147]: Loading transaction metadata from __transaction_state-31 at epoch 0 (kafka.coordinator.transaction.TransactionStateManager)
[2026-10-02 19:19:03,295] INFO [Transaction State Manager 147]: Finished loading 0 transaction metadata from __transaction_state-31 in 11 milliseconds, of which 11 milliseconds was spent in the scheduler. (kafka.coordinator.transaction.TransactionStateManager)
[2026-10-02 19:19:03,295] INFO [Transaction State Manager 147]: Completed loading transaction metadata from __transaction_state-31 for coordinator epoch 0 (kafka.coordinator.transaction.TransactionStateManager)
[2026-10-02 19:19:03,295] INFO [Transaction State Manager 147]: Loading transaction metadata from __transaction_state-19 at epoch 0 (kafka.coordinator.transaction.TransactionStateManager)
[2026-10-02 19:19:03,295] INFO [Transaction State Manager 147]: Finished loading 0 transaction metadata from __transaction_state-19 in 11 milliseconds, of which 11 milliseconds was spent in the scheduler. (kafka.coordinator.transaction.TransactionStateManager)
[2026-10-02 19:19:03,295] INFO [Transaction State Manager 147]: Completed loading transaction metadata from __transaction_state-19 for coordinator epoch 0 (kafka.coordinator.transaction.TransactionStateManager)
[2026-10-02 19:19:03,295] INFO [Transaction State Manager 147]: Loading transaction metadata from __transaction_state-23 at epoch 0 (kafka.coordinator.transaction.TransactionStateManager)
[2026-10-02 19:19:03,295] INFO [Transaction State Manager 147]: Finished loading 0 transaction metadata from __transaction_state-23 in 11 milliseconds, of which 11 milliseconds was spent in the scheduler. (kafka.coordinator.transaction.TransactionStateManager)
[2026-10-02 19:19:03,295] INFO [Transaction State Manager 147]: Completed loading transaction metadata from __transaction_state-23 for coordinator epoch 0 (kafka.coordinator.transaction.TransactionStateManager)
[2026-10-02 19:19:03,440] INFO [TransactionCoordinator id=147] Initialized transactionalId kl04-07-e9e98322a3-control-transaction with producerId 0 and producer epoch 0 on partition __transaction_state-38 (kafka.coordinator.transaction.TransactionCoordinator)
[2026-10-02 19:19:03,548] INFO [Transaction Marker Channel Manager 147]: Creating new marker queue map to destination broker 147 (kafka.coordinator.transaction.TransactionMarkerChannelManager)
[2026-10-02 19:19:03,548] INFO Creating new marker queue for txn partition 38 to destination broker 147 (kafka.coordinator.transaction.TxnMarkerQueue)
[2026-10-02 19:21:53,994] INFO [ReplicaFetcherManager on broker 147] Removed fetcher for partitions Set(kl04-07-e9e98322a3-acks0-final-0) (kafka.server.ReplicaFetcherManager)
[2026-10-02 19:21:53,996] INFO [LogLoader partition=kl04-07-e9e98322a3-acks0-final-0, dir=/workspace/work/bench-history/native/data] Loading producer state till offset 0 with message format version 2 (kafka.log.UnifiedLog$)
[2026-10-02 19:21:53,996] INFO Created log for partition kl04-07-e9e98322a3-acks0-final-0 in /workspace/work/bench-history/native/data/kl04-07-e9e98322a3-acks0-final-0 with properties {} (kafka.log.LogManager)
[2026-10-02 19:21:53,997] INFO [Partition kl04-07-e9e98322a3-acks0-final-0 broker=147] No checkpointed highwatermark is found for partition kl04-07-e9e98322a3-acks0-final-0 (kafka.cluster.Partition)
[2026-10-02 19:21:53,997] INFO [Partition kl04-07-e9e98322a3-acks0-final-0 broker=147] Log loaded for partition kl04-07-e9e98322a3-acks0-final-0 with initial high watermark 0 (kafka.cluster.Partition)
[2026-10-02 19:23:59,745] INFO [ReplicaFetcherManager on broker 147] Removed fetcher for partitions Set(kl04-07-e9e98322a3-final-0, kl04-07-e9e98322a3-final-1) (kafka.server.ReplicaFetcherManager)
[2026-10-02 19:23:59,748] INFO [LogLoader partition=kl04-07-e9e98322a3-final-0, dir=/workspace/work/bench-history/native/data] Loading producer state till offset 0 with message format version 2 (kafka.log.UnifiedLog$)
[2026-10-02 19:23:59,748] INFO Created log for partition kl04-07-e9e98322a3-final-0 in /workspace/work/bench-history/native/data/kl04-07-e9e98322a3-final-0 with properties {} (kafka.log.LogManager)
[2026-10-02 19:23:59,749] INFO [Partition kl04-07-e9e98322a3-final-0 broker=147] No checkpointed highwatermark is found for partition kl04-07-e9e98322a3-final-0 (kafka.cluster.Partition)
[2026-10-02 19:23:59,749] INFO [Partition kl04-07-e9e98322a3-final-0 broker=147] Log loaded for partition kl04-07-e9e98322a3-final-0 with initial high watermark 0 (kafka.cluster.Partition)
[2026-10-02 19:23:59,752] INFO [LogLoader partition=kl04-07-e9e98322a3-final-1, dir=/workspace/work/bench-history/native/data] Loading producer state till offset 0 with message format version 2 (kafka.log.UnifiedLog$)
[2026-10-02 19:23:59,752] INFO Created log for partition kl04-07-e9e98322a3-final-1 in /workspace/work/bench-history/native/data/kl04-07-e9e98322a3-final-1 with properties {} (kafka.log.LogManager)
[2026-10-02 19:23:59,752] INFO [Partition kl04-07-e9e98322a3-final-1 broker=147] No checkpointed highwatermark is found for partition kl04-07-e9e98322a3-final-1 (kafka.cluster.Partition)
[2026-10-02 19:23:59,752] INFO [Partition kl04-07-e9e98322a3-final-1 broker=147] Log loaded for partition kl04-07-e9e98322a3-final-1 with initial high watermark 0 (kafka.cluster.Partition)
[2026-10-02 19:29:03,533] INFO [AddPartitionsToTxnManager broker=147]Node 147 disconnected. (org.apache.kafka.clients.NetworkClient)
[2026-10-02 19:29:03,836] INFO [TransactionCoordinator id=147] Node 147 disconnected. (org.apache.kafka.clients.NetworkClient)
[2026-10-02 19:33:53,391] INFO Terminating process due to signal SIGTERM (org.apache.kafka.common.utils.LoggingSignalHandler)
[2026-10-02 19:33:53,396] INFO [BrokerServer id=147] Transition from STARTED to SHUTTING_DOWN (kafka.server.BrokerServer)
[2026-10-02 19:33:53,396] INFO [BrokerServer id=147] shutting down (kafka.server.BrokerServer)
[2026-10-02 19:33:53,397] INFO [BrokerLifecycleManager id=147] Beginning controlled shutdown. (kafka.server.BrokerLifecycleManager)
[2026-10-02 19:33:53,430] INFO [BrokerLifecycleManager id=147] The broker is in PENDING_CONTROLLED_SHUTDOWN state, still waiting for the active controller. (kafka.server.BrokerLifecycleManager)
[2026-10-02 19:33:53,436] INFO [ReplicaFetcherManager on broker 147] Removed fetcher for partitions HashSet(__transaction_state-42, __transaction_state-7, __transaction_state-13, __transaction_state-0, __transaction_state-37, kl04-07-e9e98322a3-1, __transaction_state-32, kl04-07-e9e98322a3-0, kl04-07-e9e98322a3-final-0, __transaction_state-18, kl04-07-e9e98322a3-control-0, __transaction_state-40, __transaction_state-31, __transaction_state-45, kl04-07-e9e98322a3-acks0-0, __transaction_state-15, __transaction_state-12, __transaction_state-46, __transaction_state-48, __transaction_state-49, __transaction_state-28, __transaction_state-2, __transaction_state-20, __transaction_state-24, __transaction_state-3, kl04-07-e9e98322a3-final-1, __transaction_state-21, __transaction_state-29, __transaction_state-39, __transaction_state-38, __transaction_state-6, kl04-07-e9e98322a3-acks0-final-0, __transaction_state-14, __transaction_state-10, __transaction_state-44, __transaction_state-9, __transaction_state-22, __transaction_state-43, __transaction_state-4, __transaction_state-30, __transaction_state-33, __transaction_state-25, __transaction_state-17, __transaction_state-23, __transaction_state-47, __transaction_state-26, __transaction_state-36, __transaction_state-5, __transaction_state-8, __transaction_state-16, __transaction_state-11, __transaction_state-19, __transaction_state-27, __transaction_state-41, __transaction_state-1, __transaction_state-34, __transaction_state-35) (kafka.server.ReplicaFetcherManager)
[2026-10-02 19:33:53,436] INFO [ReplicaAlterLogDirsManager on broker 147] Removed fetcher for partitions HashSet(__transaction_state-42, __transaction_state-7, __transaction_state-13, __transaction_state-0, __transaction_state-37, kl04-07-e9e98322a3-1, __transaction_state-32, kl04-07-e9e98322a3-0, kl04-07-e9e98322a3-final-0, __transaction_state-18, kl04-07-e9e98322a3-control-0, __transaction_state-40, __transaction_state-31, __transaction_state-45, kl04-07-e9e98322a3-acks0-0, __transaction_state-15, __transaction_state-12, __transaction_state-46, __transaction_state-48, __transaction_state-49, __transaction_state-28, __transaction_state-2, __transaction_state-20, __transaction_state-24, __transaction_state-3, kl04-07-e9e98322a3-final-1, __transaction_state-21, __transaction_state-29, __transaction_state-39, __transaction_state-38, __transaction_state-6, kl04-07-e9e98322a3-acks0-final-0, __transaction_state-14, __transaction_state-10, __transaction_state-44, __transaction_state-9, __transaction_state-22, __transaction_state-43, __transaction_state-4, __transaction_state-30, __transaction_state-33, __transaction_state-25, __transaction_state-17, __transaction_state-23, __transaction_state-47, __transaction_state-26, __transaction_state-36, __transaction_state-5, __transaction_state-8, __transaction_state-16, __transaction_state-11, __transaction_state-19, __transaction_state-27, __transaction_state-41, __transaction_state-1, __transaction_state-34, __transaction_state-35) (kafka.server.ReplicaAlterLogDirsManager)
[2026-10-02 19:33:53,438] INFO [TransactionCoordinator id=147] Resigned as the txn coordinator for partition 42 at epoch Some(1) (kafka.coordinator.transaction.TransactionCoordinator)
[2026-10-02 19:33:53,438] INFO [Transaction State Manager 147]: Unloaded transaction metadata TxnMetadataCacheEntry(coordinatorEpoch=0, numTransactionalEntries=0) for __transaction_state-42 on become-follower transition (kafka.coordinator.transaction.TransactionStateManager)
[2026-10-02 19:33:53,438] INFO [TransactionCoordinator id=147] Resigned as the txn coordinator for partition 13 at epoch Some(1) (kafka.coordinator.transaction.TransactionCoordinator)
[2026-10-02 19:33:53,438] INFO [Transaction State Manager 147]: Unloaded transaction metadata TxnMetadataCacheEntry(coordinatorEpoch=0, numTransactionalEntries=0) for __transaction_state-13 on become-follower transition (kafka.coordinator.transaction.TransactionStateManager)
[2026-10-02 19:33:53,439] INFO [TransactionCoordinator id=147] Resigned as the txn coordinator for partition 46 at epoch Some(1) (kafka.coordinator.transaction.TransactionCoordinator)
[2026-10-02 19:33:53,439] INFO [Transaction State Manager 147]: Unloaded transaction metadata TxnMetadataCacheEntry(coordinatorEpoch=0, numTransactionalEntries=0) for __transaction_state-46 on become-follower transition (kafka.coordinator.transaction.TransactionStateManager)
[2026-10-02 19:33:53,439] INFO [TransactionCoordinator id=147] Resigned as the txn coordinator for partition 17 at epoch Some(1) (kafka.coordinator.transaction.TransactionCoordinator)
[2026-10-02 19:33:53,439] INFO [Transaction State Manager 147]: Unloaded transaction metadata TxnMetadataCacheEntry(coordinatorEpoch=0, numTransactionalEntries=0) for __transaction_state-17 on become-follower transition (kafka.coordinator.transaction.TransactionStateManager)
[2026-10-02 19:33:53,439] INFO [TransactionCoordinator id=147] Resigned as the txn coordinator for partition 34 at epoch Some(1) (kafka.coordinator.transaction.TransactionCoordinator)
[2026-10-02 19:33:53,439] INFO [Transaction State Manager 147]: Unloaded transaction metadata TxnMetadataCacheEntry(coordinatorEpoch=0, numTransactionalEntries=0) for __transaction_state-34 on become-follower transition (kafka.coordinator.transaction.TransactionStateManager)
[2026-10-02 19:33:53,439] INFO [TransactionCoordinator id=147] Resigned as the txn coordinator for partition 5 at epoch Some(1) (kafka.coordinator.transaction.TransactionCoordinator)
[2026-10-02 19:33:53,439] INFO [Transaction State Manager 147]: Unloaded transaction metadata TxnMetadataCacheEntry(coordinatorEpoch=0, numTransactionalEntries=0) for __transaction_state-5 on become-follower transition (kafka.coordinator.transaction.TransactionStateManager)
[2026-10-02 19:33:53,439] INFO [TransactionCoordinator id=147] Resigned as the txn coordinator for partition 38 at epoch Some(1) (kafka.coordinator.transaction.TransactionCoordinator)
[2026-10-02 19:33:53,439] INFO [Transaction State Manager 147]: Unloaded transaction metadata TxnMetadataCacheEntry(coordinatorEpoch=0, numTransactionalEntries=1) for __transaction_state-38 on become-follower transition (kafka.coordinator.transaction.TransactionStateManager)
[2026-10-02 19:33:53,439] INFO [TransactionCoordinator id=147] Resigned as the txn coordinator for partition 9 at epoch Some(1) (kafka.coordinator.transaction.TransactionCoordinator)
[2026-10-02 19:33:53,439] INFO [Transaction State Manager 147]: Unloaded transaction metadata TxnMetadataCacheEntry(coordinatorEpoch=0, numTransactionalEntries=0) for __transaction_state-9 on become-follower transition (kafka.coordinator.transaction.TransactionStateManager)
[2026-10-02 19:33:53,439] INFO [TransactionCoordinator id=147] Resigned as the txn coordinator for partition 26 at epoch Some(1) (kafka.coordinator.transaction.TransactionCoordinator)
[2026-10-02 19:33:53,439] INFO [Transaction State Manager 147]: Unloaded transaction metadata TxnMetadataCacheEntry(coordinatorEpoch=0, numTransactionalEntries=0) for __transaction_state-26 on become-follower transition (kafka.coordinator.transaction.TransactionStateManager)
[2026-10-02 19:33:53,439] INFO [TransactionCoordinator id=147] Resigned as the txn coordinator for partition 30 at epoch Some(1) (kafka.coordinator.transaction.TransactionCoordinator)
[2026-10-02 19:33:53,439] INFO [Transaction State Manager 147]: Unloaded transaction metadata TxnMetadataCacheEntry(coordinatorEpoch=0, numTransactionalEntries=0) for __transaction_state-30 on become-follower transition (kafka.coordinator.transaction.TransactionStateManager)
[2026-10-02 19:33:53,439] INFO [TransactionCoordinator id=147] Resigned as the txn coordinator for partition 1 at epoch Some(1) (kafka.coordinator.transaction.TransactionCoordinator)
[2026-10-02 19:33:53,439] INFO [Transaction State Manager 147]: Unloaded transaction metadata TxnMetadataCacheEntry(coordinatorEpoch=0, numTransactionalEntries=0) for __transaction_state-1 on become-follower transition (kafka.coordinator.transaction.TransactionStateManager)
[2026-10-02 19:33:53,439] INFO [TransactionCoordinator id=147] Resigned as the txn coordinator for partition 18 at epoch Some(1) (kafka.coordinator.transaction.TransactionCoordinator)
[2026-10-02 19:33:53,439] INFO [Transaction State Manager 147]: Unloaded transaction metadata TxnMetadataCacheEntry(coordinatorEpoch=0, numTransactionalEntries=0) for __transaction_state-18 on become-follower transition (kafka.coordinator.transaction.TransactionStateManager)
[2026-10-02 19:33:53,439] INFO [TransactionCoordinator id=147] Resigned as the txn coordinator for partition 22 at epoch Some(1) (kafka.coordinator.transaction.TransactionCoordinator)
[2026-10-02 19:33:53,439] INFO [Transaction State Manager 147]: Unloaded transaction metadata TxnMetadataCacheEntry(coordinatorEpoch=0, numTransactionalEntries=0) for __transaction_state-22 on become-follower transition (kafka.coordinator.transaction.TransactionStateManager)
[2026-10-02 19:33:53,439] INFO [TransactionCoordinator id=147] Resigned as the txn coordinator for partition 12 at epoch Some(1) (kafka.coordinator.transaction.TransactionCoordinator)
[2026-10-02 19:33:53,439] INFO [Transaction State Manager 147]: Unloaded transaction metadata TxnMetadataCacheEntry(coordinatorEpoch=0, numTransactionalEntries=0) for __transaction_state-12 on become-follower transition (kafka.coordinator.transaction.TransactionStateManager)
[2026-10-02 19:33:53,439] INFO [TransactionCoordinator id=147] Resigned as the txn coordinator for partition 45 at epoch Some(1) (kafka.coordinator.transaction.TransactionCoordinator)
[2026-10-02 19:33:53,439] INFO [Transaction State Manager 147]: Unloaded transaction metadata TxnMetadataCacheEntry(coordinatorEpoch=0, numTransactionalEntries=0) for __transaction_state-45 on become-follower transition (kafka.coordinator.transaction.TransactionStateManager)
[2026-10-02 19:33:53,439] INFO [TransactionCoordinator id=147] Resigned as the txn coordinator for partition 16 at epoch Some(1) (kafka.coordinator.transaction.TransactionCoordinator)
[2026-10-02 19:33:53,439] INFO [Transaction State Manager 147]: Unloaded transaction metadata TxnMetadataCacheEntry(coordinatorEpoch=0, numTransactionalEntries=0) for __transaction_state-16 on become-follower transition (kafka.coordinator.transaction.TransactionStateManager)
[2026-10-02 19:33:53,439] INFO [TransactionCoordinator id=147] Resigned as the txn coordinator for partition 49 at epoch Some(1) (kafka.coordinator.transaction.TransactionCoordinator)
[2026-10-02 19:33:53,439] INFO [Transaction State Manager 147]: Unloaded transaction metadata TxnMetadataCacheEntry(coordinatorEpoch=0, numTransactionalEntries=0) for __transaction_state-49 on become-follower transition (kafka.coordinator.transaction.TransactionStateManager)
[2026-10-02 19:33:53,439] INFO [TransactionCoordinator id=147] Resigned as the txn coordinator for partition 4 at epoch Some(1) (kafka.coordinator.transaction.TransactionCoordinator)
[2026-10-02 19:33:53,439] INFO [Transaction State Manager 147]: Unloaded transaction metadata TxnMetadataCacheEntry(coordinatorEpoch=0, numTransactionalEntries=0) for __transaction_state-4 on become-follower transition (kafka.coordinator.transaction.TransactionStateManager)
[2026-10-02 19:33:53,439] INFO [TransactionCoordinator id=147] Resigned as the txn coordinator for partition 37 at epoch Some(1) (kafka.coordinator.transaction.TransactionCoordinator)
[2026-10-02 19:33:53,439] INFO [Transaction State Manager 147]: Unloaded transaction metadata TxnMetadataCacheEntry(coordinatorEpoch=0, numTransactionalEntries=0) for __transaction_state-37 on become-follower transition (kafka.coordinator.transaction.TransactionStateManager)
[2026-10-02 19:33:53,439] INFO [TransactionCoordinator id=147] Resigned as the txn coordinator for partition 8 at epoch Some(1) (kafka.coordinator.transaction.TransactionCoordinator)
[2026-10-02 19:33:53,439] INFO [Transaction State Manager 147]: Unloaded transaction metadata TxnMetadataCacheEntry(coordinatorEpoch=0, numTransactionalEntries=0) for __transaction_state-8 on become-follower transition (kafka.coordinator.transaction.TransactionStateManager)
[2026-10-02 19:33:53,439] INFO [TransactionCoordinator id=147] Resigned as the txn coordinator for partition 41 at epoch Some(1) (kafka.coordinator.transaction.TransactionCoordinator)
[2026-10-02 19:33:53,439] INFO [Transaction State Manager 147]: Unloaded transaction metadata TxnMetadataCacheEntry(coordinatorEpoch=0, numTransactionalEntries=0) for __transaction_state-41 on become-follower transition (kafka.coordinator.transaction.TransactionStateManager)
[2026-10-02 19:33:53,439] INFO [TransactionCoordinator id=147] Resigned as the txn coordinator for partition 29 at epoch Some(1) (kafka.coordinator.transaction.TransactionCoordinator)
[2026-10-02 19:33:53,439] INFO [Transaction State Manager 147]: Unloaded transaction metadata TxnMetadataCacheEntry(coordinatorEpoch=0, numTransactionalEntries=0) for __transaction_state-29 on become-follower transition (kafka.coordinator.transaction.TransactionStateManager)
[2026-10-02 19:33:53,439] INFO [TransactionCoordinator id=147] Resigned as the txn coordinator for partition 0 at epoch Some(1) (kafka.coordinator.transaction.TransactionCoordinator)
[2026-10-02 19:33:53,439] INFO [Transaction State Manager 147]: Unloaded transaction metadata TxnMetadataCacheEntry(coordinatorEpoch=0, numTransactionalEntries=0) for __transaction_state-0 on become-follower transition (kafka.coordinator.transaction.TransactionStateManager)
[2026-10-02 19:33:53,439] INFO [TransactionCoordinator id=147] Resigned as the txn coordinator for partition 33 at epoch Some(1) (kafka.coordinator.transaction.TransactionCoordinator)
[2026-10-02 19:33:53,439] INFO [Transaction State Manager 147]: Unloaded transaction metadata TxnMetadataCacheEntry(coordinatorEpoch=0, numTransactionalEntries=0) for __transaction_state-33 on become-follower transition (kafka.coordinator.transaction.TransactionStateManager)
[2026-10-02 19:33:53,439] INFO [TransactionCoordinator id=147] Resigned as the txn coordinator for partition 21 at epoch Some(1) (kafka.coordinator.transaction.TransactionCoordinator)
[2026-10-02 19:33:53,439] INFO [Transaction State Manager 147]: Unloaded transaction metadata TxnMetadataCacheEntry(coordinatorEpoch=0, numTransactionalEntries=0) for __transaction_state-21 on become-follower transition (kafka.coordinator.transaction.TransactionStateManager)
[2026-10-02 19:33:53,439] INFO [TransactionCoordinator id=147] Resigned as the txn coordinator for partition 25 at epoch Some(1) (kafka.coordinator.transaction.TransactionCoordinator)
[2026-10-02 19:33:53,439] INFO [Transaction State Manager 147]: Unloaded transaction metadata TxnMetadataCacheEntry(coordinatorEpoch=0, numTransactionalEntries=0) for __transaction_state-25 on become-follower transition (kafka.coordinator.transaction.TransactionStateManager)
[2026-10-02 19:33:53,440] INFO [TransactionCoordinator id=147] Resigned as the txn coordinator for partition 11 at epoch Some(1) (kafka.coordinator.transaction.TransactionCoordinator)
[2026-10-02 19:33:53,440] INFO [Transaction State Manager 147]: Unloaded transaction metadata TxnMetadataCacheEntry(coordinatorEpoch=0, numTransactionalEntries=0) for __transaction_state-11 on become-follower transition (kafka.coordinator.transaction.TransactionStateManager)
[2026-10-02 19:33:53,440] INFO [TransactionCoordinator id=147] Resigned as the txn coordinator for partition 44 at epoch Some(1) (kafka.coordinator.transaction.TransactionCoordinator)
[2026-10-02 19:33:53,440] INFO [Transaction State Manager 147]: Unloaded transaction metadata TxnMetadataCacheEntry(coordinatorEpoch=0, numTransactionalEntries=0) for __transaction_state-44 on become-follower transition (kafka.coordinator.transaction.TransactionStateManager)
[2026-10-02 19:33:53,440] INFO [TransactionCoordinator id=147] Resigned as the txn coordinator for partition 15 at epoch Some(1) (kafka.coordinator.transaction.TransactionCoordinator)
[2026-10-02 19:33:53,440] INFO [Transaction State Manager 147]: Unloaded transaction metadata TxnMetadataCacheEntry(coordinatorEpoch=0, numTransactionalEntries=0) for __transaction_state-15 on become-follower transition (kafka.coordinator.transaction.TransactionStateManager)
[2026-10-02 19:33:53,440] INFO [TransactionCoordinator id=147] Resigned as the txn coordinator for partition 48 at epoch Some(1) (kafka.coordinator.transaction.TransactionCoordinator)
[2026-10-02 19:33:53,440] INFO [Transaction State Manager 147]: Unloaded transaction metadata TxnMetadataCacheEntry(coordinatorEpoch=0, numTransactionalEntries=0) for __transaction_state-48 on become-follower transition (kafka.coordinator.transaction.TransactionStateManager)
[2026-10-02 19:33:53,440] INFO [TransactionCoordinator id=147] Resigned as the txn coordinator for partition 3 at epoch Some(1) (kafka.coordinator.transaction.TransactionCoordinator)
[2026-10-02 19:33:53,440] INFO [Transaction State Manager 147]: Unloaded transaction metadata TxnMetadataCacheEntry(coordinatorEpoch=0, numTransactionalEntries=0) for __transaction_state-3 on become-follower transition (kafka.coordinator.transaction.TransactionStateManager)
[2026-10-02 19:33:53,440] INFO [TransactionCoordinator id=147] Resigned as the txn coordinator for partition 36 at epoch Some(1) (kafka.coordinator.transaction.TransactionCoordinator)
[2026-10-02 19:33:53,440] INFO [Transaction State Manager 147]: Unloaded transaction metadata TxnMetadataCacheEntry(coordinatorEpoch=0, numTransactionalEntries=0) for __transaction_state-36 on become-follower transition (kafka.coordinator.transaction.TransactionStateManager)
[2026-10-02 19:33:53,440] INFO [TransactionCoordinator id=147] Resigned as the txn coordinator for partition 7 at epoch Some(1) (kafka.coordinator.transaction.TransactionCoordinator)
[2026-10-02 19:33:53,440] INFO [Transaction State Manager 147]: Unloaded transaction metadata TxnMetadataCacheEntry(coordinatorEpoch=0, numTransactionalEntries=0) for __transaction_state-7 on become-follower transition (kafka.coordinator.transaction.TransactionStateManager)
[2026-10-02 19:33:53,440] INFO [TransactionCoordinator id=147] Resigned as the txn coordinator for partition 40 at epoch Some(1) (kafka.coordinator.transaction.TransactionCoordinator)
[2026-10-02 19:33:53,440] INFO [Transaction State Manager 147]: Unloaded transaction metadata TxnMetadataCacheEntry(coordinatorEpoch=0, numTransactionalEntries=0) for __transaction_state-40 on become-follower transition (kafka.coordinator.transaction.TransactionStateManager)
[2026-10-02 19:33:53,440] INFO [TransactionCoordinator id=147] Resigned as the txn coordinator for partition 28 at epoch Some(1) (kafka.coordinator.transaction.TransactionCoordinator)
[2026-10-02 19:33:53,440] INFO [Transaction State Manager 147]: Unloaded transaction metadata TxnMetadataCacheEntry(coordinatorEpoch=0, numTransactionalEntries=0) for __transaction_state-28 on become-follower transition (kafka.coordinator.transaction.TransactionStateManager)
[2026-10-02 19:33:53,440] INFO [TransactionCoordinator id=147] Resigned as the txn coordinator for partition 32 at epoch Some(1) (kafka.coordinator.transaction.TransactionCoordinator)
[2026-10-02 19:33:53,440] INFO [Transaction State Manager 147]: Unloaded transaction metadata TxnMetadataCacheEntry(coordinatorEpoch=0, numTransactionalEntries=0) for __transaction_state-32 on become-follower transition (kafka.coordinator.transaction.TransactionStateManager)
[2026-10-02 19:33:53,440] INFO [TransactionCoordinator id=147] Resigned as the txn coordinator for partition 20 at epoch Some(1) (kafka.coordinator.transaction.TransactionCoordinator)
[2026-10-02 19:33:53,440] INFO [Transaction State Manager 147]: Unloaded transaction metadata TxnMetadataCacheEntry(coordinatorEpoch=0, numTransactionalEntries=0) for __transaction_state-20 on become-follower transition (kafka.coordinator.transaction.TransactionStateManager)
[2026-10-02 19:33:53,440] INFO [TransactionCoordinator id=147] Resigned as the txn coordinator for partition 24 at epoch Some(1) (kafka.coordinator.transaction.TransactionCoordinator)
[2026-10-02 19:33:53,440] INFO [Transaction State Manager 147]: Unloaded transaction metadata TxnMetadataCacheEntry(coordinatorEpoch=0, numTransactionalEntries=0) for __transaction_state-24 on become-follower transition (kafka.coordinator.transaction.TransactionStateManager)
[2026-10-02 19:33:53,440] INFO [TransactionCoordinator id=147] Resigned as the txn coordinator for partition 10 at epoch Some(1) (kafka.coordinator.transaction.TransactionCoordinator)
[2026-10-02 19:33:53,440] INFO [Transaction State Manager 147]: Unloaded transaction metadata TxnMetadataCacheEntry(coordinatorEpoch=0, numTransactionalEntries=0) for __transaction_state-10 on become-follower transition (kafka.coordinator.transaction.TransactionStateManager)
[2026-10-02 19:33:53,440] INFO [TransactionCoordinator id=147] Resigned as the txn coordinator for partition 43 at epoch Some(1) (kafka.coordinator.transaction.TransactionCoordinator)
[2026-10-02 19:33:53,440] INFO [Transaction State Manager 147]: Unloaded transaction metadata TxnMetadataCacheEntry(coordinatorEpoch=0, numTransactionalEntries=0) for __transaction_state-43 on become-follower transition (kafka.coordinator.transaction.TransactionStateManager)
[2026-10-02 19:33:53,440] INFO [TransactionCoordinator id=147] Resigned as the txn coordinator for partition 14 at epoch Some(1) (kafka.coordinator.transaction.TransactionCoordinator)
[2026-10-02 19:33:53,440] INFO [Transaction State Manager 147]: Unloaded transaction metadata TxnMetadataCacheEntry(coordinatorEpoch=0, numTransactionalEntries=0) for __transaction_state-14 on become-follower transition (kafka.coordinator.transaction.TransactionStateManager)
[2026-10-02 19:33:53,440] INFO [TransactionCoordinator id=147] Resigned as the txn coordinator for partition 47 at epoch Some(1) (kafka.coordinator.transaction.TransactionCoordinator)
[2026-10-02 19:33:53,440] INFO [Transaction State Manager 147]: Unloaded transaction metadata TxnMetadataCacheEntry(coordinatorEpoch=0, numTransactionalEntries=0) for __transaction_state-47 on become-follower transition (kafka.coordinator.transaction.TransactionStateManager)
[2026-10-02 19:33:53,440] INFO [TransactionCoordinator id=147] Resigned as the txn coordinator for partition 2 at epoch Some(1) (kafka.coordinator.transaction.TransactionCoordinator)
[2026-10-02 19:33:53,440] INFO [Transaction State Manager 147]: Unloaded transaction metadata TxnMetadataCacheEntry(coordinatorEpoch=0, numTransactionalEntries=0) for __transaction_state-2 on become-follower transition (kafka.coordinator.transaction.TransactionStateManager)
[2026-10-02 19:33:53,440] INFO [TransactionCoordinator id=147] Resigned as the txn coordinator for partition 35 at epoch Some(1) (kafka.coordinator.transaction.TransactionCoordinator)
[2026-10-02 19:33:53,440] INFO [Transaction State Manager 147]: Unloaded transaction metadata TxnMetadataCacheEntry(coordinatorEpoch=0, numTransactionalEntries=0) for __transaction_state-35 on become-follower transition (kafka.coordinator.transaction.TransactionStateManager)
[2026-10-02 19:33:53,440] INFO [TransactionCoordinator id=147] Resigned as the txn coordinator for partition 6 at epoch Some(1) (kafka.coordinator.transaction.TransactionCoordinator)
[2026-10-02 19:33:53,440] INFO [Transaction State Manager 147]: Unloaded transaction metadata TxnMetadataCacheEntry(coordinatorEpoch=0, numTransactionalEntries=0) for __transaction_state-6 on become-follower transition (kafka.coordinator.transaction.TransactionStateManager)
[2026-10-02 19:33:53,440] INFO [TransactionCoordinator id=147] Resigned as the txn coordinator for partition 39 at epoch Some(1) (kafka.coordinator.transaction.TransactionCoordinator)
[2026-10-02 19:33:53,440] INFO [Transaction State Manager 147]: Unloaded transaction metadata TxnMetadataCacheEntry(coordinatorEpoch=0, numTransactionalEntries=0) for __transaction_state-39 on become-follower transition (kafka.coordinator.transaction.TransactionStateManager)
[2026-10-02 19:33:53,440] INFO [TransactionCoordinator id=147] Resigned as the txn coordinator for partition 27 at epoch Some(1) (kafka.coordinator.transaction.TransactionCoordinator)
[2026-10-02 19:33:53,440] INFO [Transaction State Manager 147]: Unloaded transaction metadata TxnMetadataCacheEntry(coordinatorEpoch=0, numTransactionalEntries=0) for __transaction_state-27 on become-follower transition (kafka.coordinator.transaction.TransactionStateManager)
[2026-10-02 19:33:53,440] INFO [TransactionCoordinator id=147] Resigned as the txn coordinator for partition 31 at epoch Some(1) (kafka.coordinator.transaction.TransactionCoordinator)
[2026-10-02 19:33:53,440] INFO [Transaction State Manager 147]: Unloaded transaction metadata TxnMetadataCacheEntry(coordinatorEpoch=0, numTransactionalEntries=0) for __transaction_state-31 on become-follower transition (kafka.coordinator.transaction.TransactionStateManager)
[2026-10-02 19:33:53,440] INFO [TransactionCoordinator id=147] Resigned as the txn coordinator for partition 19 at epoch Some(1) (kafka.coordinator.transaction.TransactionCoordinator)
[2026-10-02 19:33:53,440] INFO [Transaction State Manager 147]: Unloaded transaction metadata TxnMetadataCacheEntry(coordinatorEpoch=0, numTransactionalEntries=0) for __transaction_state-19 on become-follower transition (kafka.coordinator.transaction.TransactionStateManager)
[2026-10-02 19:33:53,440] INFO [TransactionCoordinator id=147] Resigned as the txn coordinator for partition 23 at epoch Some(1) (kafka.coordinator.transaction.TransactionCoordinator)
[2026-10-02 19:33:53,440] INFO [Transaction State Manager 147]: Unloaded transaction metadata TxnMetadataCacheEntry(coordinatorEpoch=0, numTransactionalEntries=0) for __transaction_state-23 on become-follower transition (kafka.coordinator.transaction.TransactionStateManager)
[2026-10-02 19:33:53,509] INFO [BrokerLifecycleManager id=147] The controller has asked us to exit controlled shutdown. (kafka.server.BrokerLifecycleManager)
[2026-10-02 19:33:53,509] INFO [BrokerLifecycleManager id=147] beginShutdown: shutting down event queue. (org.apache.kafka.queue.KafkaEventQueue)
[2026-10-02 19:33:53,510] INFO [BrokerLifecycleManager id=147] Transitioning from PENDING_CONTROLLED_SHUTDOWN to SHUTTING_DOWN. (kafka.server.BrokerLifecycleManager)
[2026-10-02 19:33:53,511] INFO [SocketServer listenerType=BROKER, nodeId=147] Stopping socket server request processors (kafka.network.SocketServer)
[2026-10-02 19:33:53,511] INFO [broker-147-to-controller-heartbeat-channel-manager]: Shutting down (kafka.server.NodeToControllerRequestThread)
[2026-10-02 19:33:53,512] INFO [broker-147-to-controller-heartbeat-channel-manager]: Stopped (kafka.server.NodeToControllerRequestThread)
[2026-10-02 19:33:53,512] INFO [broker-147-to-controller-heartbeat-channel-manager]: Shutdown completed (kafka.server.NodeToControllerRequestThread)
[2026-10-02 19:33:53,518] INFO Node to controller channel manager for heartbeat shutdown (kafka.server.NodeToControllerChannelManagerImpl)
[2026-10-02 19:33:53,522] INFO [SocketServer listenerType=BROKER, nodeId=147] Stopped socket server request processors (kafka.network.SocketServer)
[2026-10-02 19:33:53,523] INFO [data-plane Kafka Request Handler on Broker 147], shutting down (kafka.server.KafkaRequestHandlerPool)
[2026-10-02 19:33:53,524] INFO [data-plane Kafka Request Handler on Broker 147], shut down completely (kafka.server.KafkaRequestHandlerPool)
[2026-10-02 19:33:53,524] INFO [ExpirationReaper-147-AlterAcls]: Shutting down (kafka.server.DelayedOperationPurgatory$ExpiredOperationReaper)
[2026-10-02 19:33:53,525] INFO [ExpirationReaper-147-AlterAcls]: Stopped (kafka.server.DelayedOperationPurgatory$ExpiredOperationReaper)
[2026-10-02 19:33:53,525] INFO [ExpirationReaper-147-AlterAcls]: Shutdown completed (kafka.server.DelayedOperationPurgatory$ExpiredOperationReaper)
[2026-10-02 19:33:53,525] INFO [KafkaApi-147] Shutdown complete. (kafka.server.KafkaApis)
[2026-10-02 19:33:53,526] INFO [TransactionCoordinator id=147] Shutting down. (kafka.coordinator.transaction.TransactionCoordinator)
[2026-10-02 19:33:53,527] INFO [Transaction State Manager 147]: Shutdown complete (kafka.coordinator.transaction.TransactionStateManager)
[2026-10-02 19:33:53,527] INFO [TxnMarkerSenderThread-147]: Shutting down (kafka.coordinator.transaction.TransactionMarkerChannelManager)
[2026-10-02 19:33:53,527] INFO [TxnMarkerSenderThread-147]: Stopped (kafka.coordinator.transaction.TransactionMarkerChannelManager)
[2026-10-02 19:33:53,527] INFO [TxnMarkerSenderThread-147]: Shutdown completed (kafka.coordinator.transaction.TransactionMarkerChannelManager)
[2026-10-02 19:33:53,528] INFO [TransactionCoordinator id=147] Shutdown complete. (kafka.coordinator.transaction.TransactionCoordinator)
[2026-10-02 19:33:53,528] INFO [GroupCoordinator 147]: Shutting down. (kafka.coordinator.group.GroupCoordinator)
[2026-10-02 19:33:53,529] INFO [ExpirationReaper-147-Heartbeat]: Shutting down (kafka.server.DelayedOperationPurgatory$ExpiredOperationReaper)
[2026-10-02 19:33:53,529] INFO [ExpirationReaper-147-Heartbeat]: Stopped (kafka.server.DelayedOperationPurgatory$ExpiredOperationReaper)
[2026-10-02 19:33:53,529] INFO [ExpirationReaper-147-Heartbeat]: Shutdown completed (kafka.server.DelayedOperationPurgatory$ExpiredOperationReaper)
[2026-10-02 19:33:53,529] INFO [ExpirationReaper-147-Rebalance]: Shutting down (kafka.server.DelayedOperationPurgatory$ExpiredOperationReaper)
[2026-10-02 19:33:53,530] INFO [ExpirationReaper-147-Rebalance]: Stopped (kafka.server.DelayedOperationPurgatory$ExpiredOperationReaper)
[2026-10-02 19:33:53,531] INFO [ExpirationReaper-147-Rebalance]: Shutdown completed (kafka.server.DelayedOperationPurgatory$ExpiredOperationReaper)
[2026-10-02 19:33:53,531] INFO [GroupCoordinator 147]: Shutdown complete. (kafka.coordinator.group.GroupCoordinator)
[2026-10-02 19:33:53,531] INFO [AssignmentsManager id=147]KafkaEventQueue#close: shutting down event queue. (org.apache.kafka.queue.KafkaEventQueue)
[2026-10-02 19:33:53,531] INFO [AssignmentsManager id=147] shutting down. (org.apache.kafka.server.AssignmentsManager)
[2026-10-02 19:33:53,531] INFO [broker-147-to-controller-directory-assignments-channel-manager]: Shutting down (kafka.server.NodeToControllerRequestThread)
[2026-10-02 19:33:53,531] INFO [broker-147-to-controller-directory-assignments-channel-manager]: Stopped (kafka.server.NodeToControllerRequestThread)
[2026-10-02 19:33:53,531] INFO [broker-147-to-controller-directory-assignments-channel-manager]: Shutdown completed (kafka.server.NodeToControllerRequestThread)
[2026-10-02 19:33:53,532] INFO Node to controller channel manager for directory-assignments shutdown (kafka.server.NodeToControllerChannelManagerImpl)
[2026-10-02 19:33:53,532] INFO [AssignmentsManager id=147]closed event queue. (org.apache.kafka.queue.KafkaEventQueue)
[2026-10-02 19:33:53,532] INFO [ReplicaManager broker=147] Shutting down (kafka.server.ReplicaManager)
[2026-10-02 19:33:53,532] INFO [LogDirFailureHandler]: Shutting down (kafka.server.ReplicaManager$LogDirFailureHandler)
[2026-10-02 19:33:53,532] INFO [LogDirFailureHandler]: Stopped (kafka.server.ReplicaManager$LogDirFailureHandler)
[2026-10-02 19:33:53,532] INFO [LogDirFailureHandler]: Shutdown completed (kafka.server.ReplicaManager$LogDirFailureHandler)
[2026-10-02 19:33:53,533] INFO [ReplicaFetcherManager on broker 147] shutting down (kafka.server.ReplicaFetcherManager)
[2026-10-02 19:33:53,533] INFO [ReplicaFetcherManager on broker 147] shutdown completed (kafka.server.ReplicaFetcherManager)
[2026-10-02 19:33:53,533] INFO [ReplicaAlterLogDirsManager on broker 147] shutting down (kafka.server.ReplicaAlterLogDirsManager)
[2026-10-02 19:33:53,533] INFO [ReplicaAlterLogDirsManager on broker 147] shutdown completed (kafka.server.ReplicaAlterLogDirsManager)
[2026-10-02 19:33:53,533] INFO [ExpirationReaper-147-Fetch]: Shutting down (kafka.server.DelayedOperationPurgatory$ExpiredOperationReaper)
[2026-10-02 19:33:53,534] INFO [ExpirationReaper-147-Fetch]: Stopped (kafka.server.DelayedOperationPurgatory$ExpiredOperationReaper)
[2026-10-02 19:33:53,534] INFO [ExpirationReaper-147-Fetch]: Shutdown completed (kafka.server.DelayedOperationPurgatory$ExpiredOperationReaper)
[2026-10-02 19:33:53,534] INFO [ExpirationReaper-147-RemoteFetch]: Shutting down (kafka.server.DelayedOperationPurgatory$ExpiredOperationReaper)
[2026-10-02 19:33:53,534] INFO [ExpirationReaper-147-RemoteFetch]: Stopped (kafka.server.DelayedOperationPurgatory$ExpiredOperationReaper)
[2026-10-02 19:33:53,534] INFO [ExpirationReaper-147-RemoteFetch]: Shutdown completed (kafka.server.DelayedOperationPurgatory$ExpiredOperationReaper)
[2026-10-02 19:33:53,534] INFO [ExpirationReaper-147-Produce]: Shutting down (kafka.server.DelayedOperationPurgatory$ExpiredOperationReaper)
[2026-10-02 19:33:53,534] INFO [ExpirationReaper-147-Produce]: Stopped (kafka.server.DelayedOperationPurgatory$ExpiredOperationReaper)
[2026-10-02 19:33:53,535] INFO [ExpirationReaper-147-Produce]: Shutdown completed (kafka.server.DelayedOperationPurgatory$ExpiredOperationReaper)
[2026-10-02 19:33:53,535] INFO [ExpirationReaper-147-DeleteRecords]: Shutting down (kafka.server.DelayedOperationPurgatory$ExpiredOperationReaper)
[2026-10-02 19:33:53,535] INFO [ExpirationReaper-147-DeleteRecords]: Stopped (kafka.server.DelayedOperationPurgatory$ExpiredOperationReaper)
[2026-10-02 19:33:53,535] INFO [ExpirationReaper-147-DeleteRecords]: Shutdown completed (kafka.server.DelayedOperationPurgatory$ExpiredOperationReaper)
[2026-10-02 19:33:53,535] INFO [ExpirationReaper-147-ElectLeader]: Shutting down (kafka.server.DelayedOperationPurgatory$ExpiredOperationReaper)
[2026-10-02 19:33:53,538] INFO [ExpirationReaper-147-ElectLeader]: Stopped (kafka.server.DelayedOperationPurgatory$ExpiredOperationReaper)
[2026-10-02 19:33:53,538] INFO [ExpirationReaper-147-ElectLeader]: Shutdown completed (kafka.server.DelayedOperationPurgatory$ExpiredOperationReaper)
[2026-10-02 19:33:53,541] INFO [AddPartitionsToTxnSenderThread-147]: Shutting down (kafka.server.AddPartitionsToTxnManager)
[2026-10-02 19:33:53,541] INFO [AddPartitionsToTxnSenderThread-147]: Shutdown completed (kafka.server.AddPartitionsToTxnManager)
[2026-10-02 19:33:53,541] INFO [ReplicaManager broker=147] Shut down completely (kafka.server.ReplicaManager)
[2026-10-02 19:33:53,541] INFO [broker-147-to-controller-alter-partition-channel-manager]: Shutting down (kafka.server.NodeToControllerRequestThread)
[2026-10-02 19:33:53,541] INFO [AddPartitionsToTxnSenderThread-147]: Stopped (kafka.server.AddPartitionsToTxnManager)
[2026-10-02 19:33:53,541] INFO [broker-147-to-controller-alter-partition-channel-manager]: Stopped (kafka.server.NodeToControllerRequestThread)
[2026-10-02 19:33:53,542] INFO [broker-147-to-controller-alter-partition-channel-manager]: Shutdown completed (kafka.server.NodeToControllerRequestThread)
[2026-10-02 19:33:53,542] INFO Node to controller channel manager for alter-partition shutdown (kafka.server.NodeToControllerChannelManagerImpl)
[2026-10-02 19:33:53,542] INFO [broker-147-to-controller-forwarding-channel-manager]: Shutting down (kafka.server.NodeToControllerRequestThread)
[2026-10-02 19:33:53,543] INFO [broker-147-to-controller-forwarding-channel-manager]: Shutdown completed (kafka.server.NodeToControllerRequestThread)
[2026-10-02 19:33:53,543] INFO [broker-147-to-controller-forwarding-channel-manager]: Stopped (kafka.server.NodeToControllerRequestThread)
[2026-10-02 19:33:53,543] INFO Node to controller channel manager for forwarding shutdown (kafka.server.NodeToControllerChannelManagerImpl)
[2026-10-02 19:33:53,543] INFO Shutting down. (kafka.log.LogManager)
[2026-10-02 19:33:53,545] INFO [kafka-log-cleaner-thread-0]: Shutting down (kafka.log.LogCleaner$CleanerThread)
[2026-10-02 19:33:53,545] INFO [kafka-log-cleaner-thread-0]: Shutdown completed (kafka.log.LogCleaner$CleanerThread)
[2026-10-02 19:33:53,546] INFO [kafka-log-cleaner-thread-0]: Stopped (kafka.log.LogCleaner$CleanerThread)
[2026-10-02 19:33:53,558] INFO [ProducerStateManager partition=kl04-07-e9e98322a3-final-0] Wrote producer snapshot at offset 64 with 0 producer ids in 1 ms. (org.apache.kafka.storage.internals.log.ProducerStateManager)
[2026-10-02 19:33:53,566] INFO [ProducerStateManager partition=kl04-07-e9e98322a3-acks0-0] Wrote producer snapshot at offset 16 with 0 producer ids in 1 ms. (org.apache.kafka.storage.internals.log.ProducerStateManager)
[2026-10-02 19:33:53,577] INFO [ProducerStateManager partition=kl04-07-e9e98322a3-control-0] Wrote producer snapshot at offset 4 with 1 producer ids in 0 ms. (org.apache.kafka.storage.internals.log.ProducerStateManager)
[2026-10-02 19:33:53,582] INFO [ProducerStateManager partition=kl04-07-e9e98322a3-1] Wrote producer snapshot at offset 64 with 0 producer ids in 0 ms. (org.apache.kafka.storage.internals.log.ProducerStateManager)
[2026-10-02 19:33:53,584] INFO [ProducerStateManager partition=kl04-07-e9e98322a3-acks0-final-0] Wrote producer snapshot at offset 16 with 0 producer ids in 0 ms. (org.apache.kafka.storage.internals.log.ProducerStateManager)
[2026-10-02 19:33:53,587] INFO [ProducerStateManager partition=__transaction_state-38] Wrote producer snapshot at offset 4 with 0 producer ids in 0 ms. (org.apache.kafka.storage.internals.log.ProducerStateManager)
[2026-10-02 19:33:53,596] INFO [ProducerStateManager partition=kl04-07-e9e98322a3-0] Wrote producer snapshot at offset 64 with 0 producer ids in 1 ms. (org.apache.kafka.storage.internals.log.ProducerStateManager)
[2026-10-02 19:33:53,603] INFO [ProducerStateManager partition=kl04-07-e9e98322a3-final-1] Wrote producer snapshot at offset 64 with 0 producer ids in 1 ms. (org.apache.kafka.storage.internals.log.ProducerStateManager)
[2026-10-02 19:33:53,632] INFO Shutdown complete. (kafka.log.LogManager)
[2026-10-02 19:33:53,632] INFO [broker-147-ThrottledChannelReaper-Fetch]: Shutting down (kafka.server.ClientQuotaManager$ThrottledChannelReaper)
[2026-10-02 19:33:53,633] INFO [broker-147-ThrottledChannelReaper-Fetch]: Shutdown completed (kafka.server.ClientQuotaManager$ThrottledChannelReaper)
[2026-10-02 19:33:53,633] INFO [broker-147-ThrottledChannelReaper-Produce]: Shutting down (kafka.server.ClientQuotaManager$ThrottledChannelReaper)
[2026-10-02 19:33:53,633] INFO [broker-147-ThrottledChannelReaper-Produce]: Shutdown completed (kafka.server.ClientQuotaManager$ThrottledChannelReaper)
[2026-10-02 19:33:53,633] INFO [broker-147-ThrottledChannelReaper-Request]: Shutting down (kafka.server.ClientQuotaManager$ThrottledChannelReaper)
[2026-10-02 19:33:53,633] INFO [broker-147-ThrottledChannelReaper-Produce]: Stopped (kafka.server.ClientQuotaManager$ThrottledChannelReaper)
[2026-10-02 19:33:53,633] INFO [broker-147-ThrottledChannelReaper-Request]: Stopped (kafka.server.ClientQuotaManager$ThrottledChannelReaper)
[2026-10-02 19:33:53,633] INFO [broker-147-ThrottledChannelReaper-Request]: Shutdown completed (kafka.server.ClientQuotaManager$ThrottledChannelReaper)
[2026-10-02 19:33:53,633] INFO [broker-147-ThrottledChannelReaper-ControllerMutation]: Shutting down (kafka.server.ClientQuotaManager$ThrottledChannelReaper)
[2026-10-02 19:33:53,633] INFO [broker-147-ThrottledChannelReaper-Fetch]: Stopped (kafka.server.ClientQuotaManager$ThrottledChannelReaper)
[2026-10-02 19:33:53,634] INFO [broker-147-ThrottledChannelReaper-ControllerMutation]: Stopped (kafka.server.ClientQuotaManager$ThrottledChannelReaper)
[2026-10-02 19:33:53,634] INFO [broker-147-ThrottledChannelReaper-ControllerMutation]: Shutdown completed (kafka.server.ClientQuotaManager$ThrottledChannelReaper)
[2026-10-02 19:33:53,634] INFO [SocketServer listenerType=BROKER, nodeId=147] Shutting down socket server (kafka.network.SocketServer)
[2026-10-02 19:33:53,642] INFO [SocketServer listenerType=BROKER, nodeId=147] Shutdown completed (kafka.network.SocketServer)
[2026-10-02 19:33:53,642] INFO Broker and topic stats closed (kafka.server.BrokerTopicStats)
[2026-10-02 19:33:53,642] INFO [BrokerLifecycleManager id=147] closed event queue. (org.apache.kafka.queue.KafkaEventQueue)
[2026-10-02 19:33:53,643] INFO [client-metrics-reaper]: Shutting down (org.apache.kafka.server.util.timer.SystemTimerReaper$Reaper)
[2026-10-02 19:33:53,643] INFO [client-metrics-reaper]: Stopped (org.apache.kafka.server.util.timer.SystemTimerReaper$Reaper)
[2026-10-02 19:33:53,643] INFO [client-metrics-reaper]: Shutdown completed (org.apache.kafka.server.util.timer.SystemTimerReaper$Reaper)
[2026-10-02 19:33:53,644] INFO [BrokerServer id=147] shut down completed (kafka.server.BrokerServer)
[2026-10-02 19:33:53,644] INFO [BrokerServer id=147] Transition from SHUTTING_DOWN to SHUTDOWN (kafka.server.BrokerServer)
[2026-10-02 19:33:53,644] INFO [ControllerServer id=147] shutting down (kafka.server.ControllerServer)
[2026-10-02 19:33:53,644] INFO [raft-expiration-reaper]: Shutting down (kafka.raft.TimingWheelExpirationService$ExpiredOperationReaper)
[2026-10-02 19:33:53,730] INFO [raft-expiration-reaper]: Stopped (kafka.raft.TimingWheelExpirationService$ExpiredOperationReaper)
[2026-10-02 19:33:53,731] INFO [raft-expiration-reaper]: Shutdown completed (kafka.raft.TimingWheelExpirationService$ExpiredOperationReaper)
[2026-10-02 19:33:53,731] INFO [kafka-147-raft-io-thread]: Shutting down (org.apache.kafka.raft.KafkaRaftClientDriver)
[2026-10-02 19:33:53,731] INFO [RaftManager id=147] Beginning graceful shutdown (org.apache.kafka.raft.KafkaRaftClient)
[2026-10-02 19:33:53,732] INFO [RaftManager id=147] Graceful shutdown completed (org.apache.kafka.raft.KafkaRaftClient)
[2026-10-02 19:33:53,732] INFO [RaftManager id=147] Completed graceful shutdown of RaftClient (org.apache.kafka.raft.KafkaRaftClientDriver)
[2026-10-02 19:33:53,732] INFO [kafka-147-raft-io-thread]: Stopped (org.apache.kafka.raft.KafkaRaftClientDriver)
[2026-10-02 19:33:53,732] INFO [kafka-147-raft-io-thread]: Shutdown completed (org.apache.kafka.raft.KafkaRaftClientDriver)
[2026-10-02 19:33:53,734] INFO [kafka-147-raft-outbound-request-thread]: Shutting down (org.apache.kafka.raft.KafkaNetworkChannel$SendThread)
[2026-10-02 19:33:53,734] INFO [kafka-147-raft-outbound-request-thread]: Stopped (org.apache.kafka.raft.KafkaNetworkChannel$SendThread)
[2026-10-02 19:33:53,734] INFO [kafka-147-raft-outbound-request-thread]: Shutdown completed (org.apache.kafka.raft.KafkaNetworkChannel$SendThread)
[2026-10-02 19:33:53,735] INFO [ProducerStateManager partition=__cluster_metadata-0] Wrote producer snapshot at offset 4441 with 0 producer ids in 1 ms. (org.apache.kafka.storage.internals.log.ProducerStateManager)
[2026-10-02 19:33:53,737] INFO [ControllerRegistrationManager id=147 incarnation=NhtNGug8SD2ewmMbDjSetA] beginShutdown: shutting down event queue. (org.apache.kafka.queue.KafkaEventQueue)
[2026-10-02 19:33:53,738] INFO [ControllerRegistrationManager id=147 incarnation=NhtNGug8SD2ewmMbDjSetA] shutting down. (kafka.server.ControllerRegistrationManager)
[2026-10-02 19:33:53,738] INFO [controller-147-to-controller-registration-channel-manager]: Shutting down (kafka.server.NodeToControllerRequestThread)
[2026-10-02 19:33:53,738] INFO [controller-147-to-controller-registration-channel-manager]: Shutdown completed (kafka.server.NodeToControllerRequestThread)
[2026-10-02 19:33:53,738] INFO Node to controller channel manager for registration shutdown (kafka.server.NodeToControllerChannelManagerImpl)
[2026-10-02 19:33:53,738] INFO [controller-147-to-controller-registration-channel-manager]: Stopped (kafka.server.NodeToControllerRequestThread)
[2026-10-02 19:33:53,738] INFO [ControllerRegistrationManager id=147 incarnation=NhtNGug8SD2ewmMbDjSetA] closed event queue. (org.apache.kafka.queue.KafkaEventQueue)
[2026-10-02 19:33:53,738] INFO [controller-147-to-controller-registration-channel-manager]: Shutdown completed (kafka.server.NodeToControllerRequestThread)
[2026-10-02 19:33:53,738] WARN [NodeToControllerChannelManager id=147 name=registration] Attempting to close NetworkClient that has already been closed. (org.apache.kafka.clients.NetworkClient)
[2026-10-02 19:33:53,738] INFO Node to controller channel manager for registration shutdown (kafka.server.NodeToControllerChannelManagerImpl)
[2026-10-02 19:33:53,739] INFO [ControllerRegistrationManager id=147 incarnation=NhtNGug8SD2ewmMbDjSetA] closed event queue. (org.apache.kafka.queue.KafkaEventQueue)
[2026-10-02 19:33:53,740] INFO [SocketServer listenerType=CONTROLLER, nodeId=147] Stopping socket server request processors (kafka.network.SocketServer)
[2026-10-02 19:33:53,741] INFO [SocketServer listenerType=CONTROLLER, nodeId=147] Stopped socket server request processors (kafka.network.SocketServer)
[2026-10-02 19:33:53,741] INFO [QuorumController id=147] QuorumController#beginShutdown: shutting down event queue. (org.apache.kafka.queue.KafkaEventQueue)
[2026-10-02 19:33:53,741] INFO [SocketServer listenerType=CONTROLLER, nodeId=147] Shutting down socket server (kafka.network.SocketServer)
[2026-10-02 19:33:53,751] INFO [SocketServer listenerType=CONTROLLER, nodeId=147] Shutdown completed (kafka.network.SocketServer)
[2026-10-02 19:33:53,751] INFO [data-plane Kafka Request Handler on Broker 147], shutting down (kafka.server.KafkaRequestHandlerPool)
[2026-10-02 19:33:53,754] INFO [data-plane Kafka Request Handler on Broker 147], shut down completely (kafka.server.KafkaRequestHandlerPool)
[2026-10-02 19:33:53,754] INFO [ExpirationReaper-147-AlterAcls]: Shutting down (kafka.server.DelayedOperationPurgatory$ExpiredOperationReaper)
[2026-10-02 19:33:53,755] INFO [ExpirationReaper-147-AlterAcls]: Stopped (kafka.server.DelayedOperationPurgatory$ExpiredOperationReaper)
[2026-10-02 19:33:53,755] INFO [ExpirationReaper-147-AlterAcls]: Shutdown completed (kafka.server.DelayedOperationPurgatory$ExpiredOperationReaper)
[2026-10-02 19:33:53,755] INFO [controller-147-ThrottledChannelReaper-Fetch]: Shutting down (kafka.server.ClientQuotaManager$ThrottledChannelReaper)
[2026-10-02 19:33:53,755] INFO [controller-147-ThrottledChannelReaper-Fetch]: Stopped (kafka.server.ClientQuotaManager$ThrottledChannelReaper)
[2026-10-02 19:33:53,755] INFO [controller-147-ThrottledChannelReaper-Fetch]: Shutdown completed (kafka.server.ClientQuotaManager$ThrottledChannelReaper)
[2026-10-02 19:33:53,755] INFO [controller-147-ThrottledChannelReaper-Produce]: Shutting down (kafka.server.ClientQuotaManager$ThrottledChannelReaper)
[2026-10-02 19:33:53,755] INFO [controller-147-ThrottledChannelReaper-Produce]: Stopped (kafka.server.ClientQuotaManager$ThrottledChannelReaper)
[2026-10-02 19:33:53,755] INFO [controller-147-ThrottledChannelReaper-Produce]: Shutdown completed (kafka.server.ClientQuotaManager$ThrottledChannelReaper)
[2026-10-02 19:33:53,755] INFO [controller-147-ThrottledChannelReaper-Request]: Shutting down (kafka.server.ClientQuotaManager$ThrottledChannelReaper)
[2026-10-02 19:33:53,755] INFO [controller-147-ThrottledChannelReaper-Request]: Shutdown completed (kafka.server.ClientQuotaManager$ThrottledChannelReaper)
[2026-10-02 19:33:53,755] INFO [controller-147-ThrottledChannelReaper-ControllerMutation]: Shutting down (kafka.server.ClientQuotaManager$ThrottledChannelReaper)
[2026-10-02 19:33:53,755] INFO [controller-147-ThrottledChannelReaper-ControllerMutation]: Stopped (kafka.server.ClientQuotaManager$ThrottledChannelReaper)
[2026-10-02 19:33:53,755] INFO [controller-147-ThrottledChannelReaper-ControllerMutation]: Shutdown completed (kafka.server.ClientQuotaManager$ThrottledChannelReaper)
[2026-10-02 19:33:53,755] INFO [QuorumController id=147] closed event queue. (org.apache.kafka.queue.KafkaEventQueue)
[2026-10-02 19:33:53,756] INFO [SharedServer id=147] Stopping SharedServer (kafka.server.SharedServer)
[2026-10-02 19:33:53,756] INFO [MetadataLoader id=147] beginShutdown: shutting down event queue. (org.apache.kafka.queue.KafkaEventQueue)
[2026-10-02 19:33:53,757] INFO [SnapshotGenerator id=147] close: shutting down event queue. (org.apache.kafka.queue.KafkaEventQueue)
[2026-10-02 19:33:53,757] INFO [controller-147-ThrottledChannelReaper-Request]: Stopped (kafka.server.ClientQuotaManager$ThrottledChannelReaper)
[2026-10-02 19:33:53,757] INFO [SnapshotGenerator id=147] closed event queue. (org.apache.kafka.queue.KafkaEventQueue)
[2026-10-02 19:33:53,757] INFO [MetadataLoader id=147] closed event queue. (org.apache.kafka.queue.KafkaEventQueue)
[2026-10-02 19:33:53,757] INFO [SnapshotGenerator id=147] closed event queue. (org.apache.kafka.queue.KafkaEventQueue)
[2026-10-02 19:33:53,758] INFO Metrics scheduler closed (org.apache.kafka.common.metrics.Metrics)
[2026-10-02 19:33:53,758] INFO Closing reporter org.apache.kafka.common.metrics.JmxReporter (org.apache.kafka.common.metrics.Metrics)
[2026-10-02 19:33:53,758] INFO Metrics reporters closed (org.apache.kafka.common.metrics.Metrics)
[2026-10-02 19:33:53,758] INFO App info kafka.server for 147 unregistered (org.apache.kafka.common.utils.AppInfoParser)
[2026-10-02 19:33:53,759] INFO App info kafka.server for 147 unregistered (org.apache.kafka.common.utils.AppInfoParser)
