214986
169034
163910
120961
119048
73009
73006
73005
73004
73003
73003
73002
73002
73001
72843
72833
72832
72832
72831
72831
72831
72830
72830
72829
72829
72829
72827
72827
72827
72826
72826
72826
72825
72825
72825
72824
72823
72822
72822
72822
72821
72821
72821
72820
72820
72820
72818
72818
72817
72816
72815
72815
72815
72813
72813
72813
72812
72812
72812
72812
72811
72811
72811
72810
72810
72810
72810
72809
72808
72808
72807
72807
72807
72807
72806
72806
72806
72806
72805
72805
72805
72804
72785
72784
72784
72784
72783
72783
72782
72782
72782
72782
72781
72781
72781
72780
72780
72780
72779
72777
72777
72777
72776
72776
72776
72775
72775
72775
72775
72774
72774
72774
72773
72773
72773
72772
72772
72772
72771
72771
72771
72770
72770
72770
72769
72769
72769
72769
72768
72768
72768
72767
72767
72767
72766
72766
72766
72765
72765
72764
72764
72763
72763
72763
72763
72762
72762
72762
72762
72761
72761
72761
72760
72760
72758
72758
72758
72758
72757
72757
72757
72757
72756
72756
72756
72755
72755
72755
72755
72754
72754
72754
72754
72753
72753
72753
72753
72752
72752
72752
72752
72751
72751
72751
72750
72750
72750
72750
72749
72749
72749
72748
72746
72741
72739
72737
72734
72732
72731
72731
72731
72730
72667
72667
72667
72666
72664
72664
72664
72662
72662
72661
72661
72661
72660
72660
72660
72660
72659
72659
72659
72658
72658
72658
72658
72657
72657
72651
72651
72649
72649
72649
72648
72648
72648
72648
72647
72647
72647
72646
72646
72646
72646
72645
72644
72643
72642
72641
72641
72641
72640
72640
72640
72640
72639
72639
72636
72636
72635
72635
72635
72635
72634
72634
72634
72634
72633
72632
72631
72631
72631
72630
72630
72630
72630
72629
72629
72629
72629
72628
72628
72628
72628
72627
72627
72627
72627
72626
72626
72626
72624
72624
72624
72623
72623
72623
72623
72622
72622
72622
72622
72621
72621
72621
72621
72620
72620
72620
72620
72619
72619
72619
72619
72618
72618
72618
72618
72617
72617
72617
72617
72616
72616
72616
72615
72615
72615
72615
72614
72614
72614
72614
72613
72613
72613
72613
72612
72611
72610
72610
72610
72610
72609
72609
72609
72609
72608
72608
72608
72608
72607
72607
72607
72606
72606
72606
72606
72605
72605
72605
72605
72604
72604
72604
72604
72603
72603
72603
72602
72602
72602
72602
72601
72601
72601
72601
72600
72600
72600
72600
72599
72599
72599
72599
72597
72595
72594
72592
72591
72589
72589
72589
72577
72576
72576
72576
72575
72575
72575
72574
72574
72574
72574
72573
72573
72573
72573
72572
72572
72572
72571
72571
72571
72569
72569
72566
72566
72565
72565
72565
72565
72564
72564
72564
72564
72563
72563
72563
72563
72562
72561
72561
72559
72559
72559
72558
72558
72558
72557
72557
72557
72556
72556
72556
72556
72555
72555
72555
72555
72554
72554
72554
72554
72552
72552
72552
72551
72551
72551
72551
72550
72550
72550
72550
72549
72549
72549
72548
72548
72548
72548
72547
72547
72547
72547
72546
72545
72544
72544
72544
72544
72543
72543
72543
72543
72542
72542
72542
72542
72541
72541
72541
72541
72540
72540
72540
72540
72539
72539
72539
72539
72538
72538
72538
72538
72537
72537
72537
72536
72536
72536
72536
72534
72534
72533
72533
72533
72533
72532
72532
72531
72530
72530
72529
72529
72529
72529
72528
72528
72528
72527
72527
72527
72527
72526
72526
72526
72526
72525
72525
72525
72525
72524
72524
72524
72524
72523
72523
72523
72523
72522
72522
72522
72522
72521
72521
72521
72520
72520
72520
72520
72519
72519
72519
72519
72518
72518
72518
72518
72517
72517
72517
72517
72516
72516
72516
72514
72513
72510
72508
72507
72505
72504
72504
72504
72504
72503
72503
72503
72503
72502
72502
72502
72502
72501
72501
72501
72501
72500
72498
72497
72496
72496
72495
72495
72495
72495
72494
72494
72493
72493
72493
72492
72492
72492
72491
72490
72490
72488
72488
72488
72487
72487
72487
72487
72486
72486
72486
72486
72485
72485
72485
72484
72484
72484
72484
72483
72483
72483
72482
72481
72481
72481
72480
72480
72480
72480
72479
72479
72479
72479
72478
72478
72478
72478
72477
72477
72477
72477
72476
72476
72476
72474
72474
72474
72473
72473
72473
72472
72472
72472
72472
72471
72471
72471
72471
72470
72470
72470
72470
72469
72469
72469
72467
72467
72467
72467
72466
72466
72466
72466
72465
72465
72465
72464
72464
72464
72464
72463
72463
72463
72463
72462
72461
72460
72460
72460
72460
72459
72459
72459
72458
72458
72458
72458
72457
72457
72457
72457
72456
72456
72456
72456
72455
72455
72455
72455
72454
72454
72454
72453
72453
72453
72453
72452
72452
72452
72452
72451
72451
72451
72451
72450
72450
72450
72450
72449
72449
72449
72449
72448
72447
72447
72447
72447
72446
72446
72446
72446
72445
72445
72445
72445
72444
72444
72444
72444
72443
72440
72439
72437
72436
72434
72433
72433
72432
72432
72432
72431
72431
72431
72430
72430
72430
72430
72428
72428
72426
72426
72426
72426
72425
72425
72425
72425
72424
72424
72424
72423
72423
72423
72423
72421
72421
72419
72419
72419
72418
72418
72418
72417
72417
72417
72417
72416
72416
72416
72416
72415
72415
72415
72415
72414
72414
72414
72412
72412
72412
72412
72411
72411
72411
72411
72410
72410
72410
72409
72409
72409
72409
72408
72408
72408
72408
72407
72407
72407
72407
72405
72405
72405
72404
72404
72404
72403
72403
72403
72403
72403
72402
72402
72402
72401
72401
72401
72401
72400
72400
72400
72398
72398
72397
72396
72396
72396
72396
72395
72395
72395
72395
72394
72394
72394
72394
72393
72393
72391
72391
72391
72391
72390
72390
72390
72390
72389
72389
72389
72389
72388
72388
72388
72388
72387
72387
72387
72387
72386
72386
72386
72386
72385
72385
72385
72385
72384
72384
72384
72384
72383
72383
72383
72382
72382
72382
72382
72381
72381
72381
72381
72380
72380
72380
72380
72379
72379
72379
72379
72378
72378
72378
72378
72377
72377
72377
72377
72376
72376
72376
72375
72375
72375
72375
72374
72374
72374
72374
72373
72373
72373
72373
72370
72368
72367
72366
72364
72363
72362
72362
72362
72362
72361
72360
72360
72357
72357
72357
72356
72356
72356
72355
72355
72355
72355
72354
72354
72354
72353
72353
72352
72351
72350
72349
72349
72349
72349
72348
72348
72348
72348
72347
72347
72347
72347
72346
72346
72346
72346
72345
72345
72345
72345
72343
72343
72342
72342
72342
72342
72341
72341
72341
72340
72340
72340
72340
72338
72338
72338
72338
72337
72337
72337
72336
72336
72336
72334
72334
72334
72333
72333
72333
72333
72332
72332
72332
72331
72331
72331
72331
72330
72330
72330
72330
72329
72329
72329
72327
72327
72325
72325
72325
72325
72324
72324
72324
72324
72323
72323
72323
72322
72321
72321
72320
72320
72320
72320
72319
72319
72319
72319
72318
72318
72318
72318
72317
72317
72317
72316
72316
72316
72315
72315
72315
72314
72314
72314
72314
72313
72313
72313
72313
72312
72312
72312
72312
72311
72311
72311
72311
72310
72310
72310
72309
72309
72309
72309
72308
72308
72308
72308
72307
72307
72307
72306
72306
72306
72306
72305
72305
72305
72305
72304
72304
72304
72304
72303
72303
72303
72303
72302
72302
72302
72302
72301
72301
72301
72301
72300
72300
72300
72300
72299
72299
72297
72296
72294
72292
72291
72288
72288
72286
72286
72286
72285
72285
72285
72285
72284
72284
72284
72283
72283
72283
72283
72282
72281
72281
72279
72279
72279
72278
72278
72278
72278
72277
72277
72277
72276
72276
72276
72275
72275
72275
72275
72274
72274
72274
72274
72272
72271
72271
72271
72271
72270
72270
72270
72269
72269
72269
72269
72268
72268
72268
72268
72267
72267
72267
72267
72266
72266
72266
72264
72264
72264
72264
72263
72263
72263
72263
72262
72262
72262
72262
72261
72261
72261
72261
72260
72260
72260
72260
72259
72258
72257
72256
72256
72255
72255
72255
72255
72254
72254
72254
72252
72252
72252
72251
72251
72251
72251
72250
72250
72250
72250
72249
72249
72249
72249
72248
72248
72248
72248
72247
72247
72247
72246
72246
72246
72246
72245
72245
72244
72243
72243
72243
72243
72242
72242
72242
72241
72241
72241
72241
72240
72240
72240
72239
72239
72239
72238
72238
72238
72238
72237
72237
72237
72237
72236
72236
72236
72236
72235
72235
72235
72234
72234
72234
72234
72233
72233
72233
72233
72232
72232
72232
72231
72231
72231
72231
72230
72230
72230
72230
72229
72229
72229
72229
72228
72228
72228
72228
72227
72227
72227
72227
72225
72221
72220
72218
72216
72214
72213
72213
72213
72212
72212
72212
72212
72211
72211
72211
72209
72209
72208
72207
72207
72207
72206
72206
72206
72206
72205
72205
72205
72205
72204
72204
72204
72204
72203
72203
72203
72203
72202
72201
72201
72200
72200
72200
72200
72199
72199
72199
72198
72198
72198
72198
72197
72197
72197
72197
72196
72196
72196
72196
72195
72195
72193
72193
72193
72192
72192
72192
72192
72191
72191
72191
72191
72190
72190
72190
72190
72189
72189
72189
72189
72188
72188
72186
72186
72184
72184
72184
72184
72183
72183
72181
72181
72181
72181
72180
72180
72180
72180
72179
72179
72179
72179
72178
72178
72178
72177
72176
72176
72176
72175
72175
72175
72175
72174
72174
72174
72174
72173
72173
72173
72173
72172
72172
72172
72172
72171
72171
72171
72171
72170
72170
72170
72169
72169
72169
72169
72168
72168
72168
72168
72167
72167
72167
72167
72166
72166
72166
72166
72165
72165
72165
72165
72164
72164
72164
72164
72163
72163
72163
72163
72162
72162
72162
72161
72161
72161
72161
72160
72160
72160
72160
72159
72159
72159
72159
72158
72158
72158
72158
72157
72157
72157
72157
72156
72156
72156
72156
72155
72155
72155
72155
72152
72150
72148
72147
72145
72144
72143
72143
72143
72143
72141
72141
72139
72139
72139
72139
72138
72138
72138
72138
72137
72137
72137
72137
72136
72136
72136
72136
72135
72135
72135
72135
72134
72133
72133
72132
72132
72132
72132
72131
72131
72131
72130
72130
72130
72130
72129
72129
72129
72129
72128
72128
72128
72128
72127
72127
72125
72125
72125
72125
72124
72124
72124
72124
72123
72123
72123
72123
72122
72122
72122
72122
72121
72121
72121
72120
72120
72119
72118
72117
72117
72116
72115
72115
72114
72114
72114
72114
72113
72113
72113
72113
72112
72112
72112
72112
72111
72111
72111
72111
72109
72109
72107
72107
72107
72106
72106
72106
72105
72105
72105
72105
72104
72104
72104
72104
72103
72103
72103
72103
72102
72102
72102
72102
72101
72101
72101
72101
72100
72100
72100
72100
72099
72099
72099
72099
72098
72098
72098
72098
72097
72097
72097
72096
72096
72096
72096
72095
72095
72095
72095
72094
72094
72094
72094
72093
72093
72093
72093
72092
72092
72092
72092
72091
72091
72091
72091
72090
72090
72090
72090
72089
72089
72089
72089
72088
72088
72088
72088
72087
72087
72087
72086
72085
72085
72085
72085
72084
72084
72084
72084
72083
72082
72080
72079
72076
72074
72072
72070
72070
72069
72069
72069
72068
72068
72068
72068
72067
72067
72067
72067
72066
72066
72066
72066
72065
72065
72065
72065
72063
72063
72063
72062
72062
72062
72061
72061
72061
72061
72060
72060
72060
72060
72059
72059
72059
72058
72058
72058
72058
72057
72057
72055
72055
72055
72055
72054
72054
72054
72053
72053
72053
72053
72052
72052
72052
72050
72050
72050
72050
72049
72049
72049
72047
72047
72044
72044
72044
72043
72043
72043
72042
72042
72042
72042
72041
72041
72041
72041
72040
72040
72040
72040
72039
72039
72039
72037
72037
72035
72035
72035
72035
72034
72034
72034
72034
72033
72033
72032
72032
72032
72032
72031
72031
72031
72031
72030
72030
72030
72030
72029
72029
72029
72028
72028
72028
72028
72027
72027
72027
72027
72026
72026
72026
72026
72025
72025
72025
72025
72024
72024
72024
72024
72023
72023
72023
72022
72022
72022
72022
72021
72021
72021
72021
72020
72020
72020
72020
72019
72019
72019
72018
72018
72018
72017
72017
72017
72017
72016
72016
72016
72016
72015
72015
72015
72015
72014
72014
72014
72014
72013
72013
72013
72012
72012
72012
72012
72011
72011
72011
72011
72010
72010
72010
72007
72005
72004
72001
72000
71998
71998
71998
71997
71997
71997
71997
71996
71996
71996
71996
71995
71995
71995
71995
71994
71993
71993
71992
71992
71992
71991
71991
71991
71991
71990
71990
71990
71990
71989
71989
71989
71989
71988
71988
71988
71988
71987
71987
71986
71985
71985
71985
71985
71984
71984
71984
71984
71983
71983
71983
71983
71982
71982
71982
71981
71981
71981
71981
71979
71977
71977
71976
71976
71975
71975
71975
71974
71974
71974
71974
71973
71973
71973
71973
71972
71972
71972
71972
71971
71971
71971
71971
71969
71969
71967
71967
71966
71966
71966
71966
71965
71965
71965
71965
71964
71964
71964
71964
71963
71963
71963
71963
71962
71962
71962
71962
71961
71961
71961
71961
71960
71960
71960
71959
71959
71959
71959
71958
71958
71958
71958
71957
71956
71955
71955
71955
71954
71954
71954
71954
71953
71953
71953
71953
71952
71952
71952
71952
71951
71951
71951
71951
71950
71950
71950
71949
71949
71949
71949
71948
71948
71948
71948
71947
71947
71947
71947
71946
71946
71946
71946
71945
71945
71944
71944
71944
71944
71943
71943
71943
71943
71942
71942
71942
71942
71941
71941
71941
71941
71940
71940
71940
71939
71939
71939
71939
71936
71934
71933
71931
71928
71926
71926
71926
71925
71925
71925
71925
71924
71924
71924
71922
71922
71921
71921
71921
71921
71920
71920
71920
71920
71919
71919
71919
71918
71918
71918
71918
71917
71917
71917
71917
71916
71916
71914
71914
71914
71914
71913
71913
71913
71913
71912
71912
71912
71912
71911
71911
71911
71911
71910
71909
71909
71908
71908
71907
71906
71905
71904
71904
71904
71904
71903
71903
71903
71902
71902
71902
71902
71901
71901
71901
71901
71900
71900
71900
71900
71899
71898
71898
71896
71896
71895
71895
71895
71895
71894
71894
71894
71894
71893
71893
71893
71893
71892
71891
71891
71890
71890
71890
71890
71889
71889
71889
71888
71888
71888
71888
71887
71887
71887
71887
71886
71886
71886
71886
71885
71885
71885
71885
71884
71884
71884
71884
71883
71883
71883
71883
71882
71882
71882
71881
71881
71881
71881
71880
71880
71880
71880
71879
71879
71879
71879
71878
71878
71878
71878
71877
71877
71877
71877
71876
71876
71876
71876
71875
71875
71875
71875
71874
71874
71874
71874
71873
71873
71873
71872
71872
71872
71872
71871
71871
71871
71871
71870
71870
71870
71870
71869
71868
71868
71867
71867
71867
71867
71866
71866
71866
71863
71862
71860
71859
71858
71856
71856
71856
71855
71854
71854
71853
71853
71853
71852
71852
71852
71852
71851
71851
71851
71851
71850
71850
71850
71850
71849
71849
71849
71849
71848
71848
71846
71846
71846
71846
71845
71845
71845
71845
71844
71844
71844
71844
71843
71843
71842
71841
71841
71841
71840
71840
71840
71838
71838
71837
71837
71836
71836
71836
71835
71835
71835
71835
71834
71834
71834
71834
71833
71833
71833
71833
71832
71832
71832
71832
71830
71830
71828
71828
71828
71828
71827
71827
71827
71827
71826
71826
71826
71826
71825
71825
71825
71823
71823
71823
71822
71822
71822
71822
71821
71821
71821
71820
71820
71820
71819
71819
71819
71818
71818
71818
71818
71817
71817
71817
71817
71816
71816
71816
71816
71815
71815
71815
71814
71814
71814
71814
71813
71813
71813
71813
71812
71812
71812
71812
71811
71811
71811
71811
71810
71810
71810
71810
71809
71809
71809
71809
71808
71808
71808
71808
71807
71807
71807
71807
71806
71806
71806
71805
71805
71805
71805
71782
71781
71781
71781
71780
71780
71780
71779
71779
71778
71778
71775
71775
71775
71774
71774
71773
71773
71773
71772
71772
71772
71771
71771
71771
71770
71770
71770
71769
71767
71764
71762
71758
71756
71755
71754
71754
71754
71753
71753
71753
71752
71752
71752
71752
71751
71751
71751
71750
71750
71750
71749
71749
71749
71749
71747
71747
71746
71746
71746
71746
71745
71745
71745
71745
71744
71742
71742
71742
71741
71741
71741
71740
71740
71740
71740
71738
71738
71736
71736
71736
71736
71735
71735
71735
71734
71734
71734
71734
71733
71733
71733
71733
71731
71731
71731
71730
71730
71730
71728
71728
71727
71726
71726
71726
71725
71725
71725
71724
71724
71724
71723
71723
71723
71723
71722
71721
71720
71720
71720
71719
71719
71719
71718
71718
71718
71718
71717
71717
71717
71717
71716
71716
71716
71716
71715
71715
71715
71715
71714
71714
71714
71714
71713
71713
71713
71713
71712
71712
71712
71712
71711
71711
71711
71711
71710
71710
71710
71709
71709
71709
71709
71708
71708
71708
71708
71707
71707
71707
71707
71706
71706
71706
71706
71705
71705
71705
71705
71704
71704
71704
71703
71703
71703
71703
71702
71702
71702
71702
71701
71701
71701
71700
71700
71699
71698
71698
71698
71698
71697
71697
71697
71697
71696
71696
71696
71696
71695
71695
71695
71695
71694
71694
71694
71694
71693
71693
71693
71693
71692
71692
71691
71689
71687
71686
71685
71683
71683
71683
71682
71682
71682
71681
71681
71681
71681
71680
71680
71680
71680
71679
71678
71677
71677
71676
71676
71676
71676
71675
71674
71674
71673
71673
71673
71673
71672
71672
71672
71672
71671
71671
71671
71669
71669
71668
71667
71667
71667
71667
71666
71666
71666
71666
71665
71665
71665
71665
71664
71664
71664
71663
71663
71663
71663
71662
71661
71660
71658
71658
71658
71658
71657
71657
71657
71657
71656
71656
71656
71656
71655
71655
71655
71653
71653
71653
71652
71652
71652
71652
71651
71651
71651
71651
71650
71650
71650
71650
71649
71649
71649
71649
71648
71648
71648
71648
71646
71646
71646
71645
71645
71645
71645
71644
71644
71644
71644
71643
71643
71643
71643
71642
71642
71642
71642
71641
71641
71641
71640
71640
71639
71639
71638
71638
71638
71637
71637
71637
71637
71636
71636
71636
71636
71635
71635
71635
71635
71634
71634
71634
71634
71633
71633
71633
71633
71632
71632
71632
71630
71630
71630
71630
71629
71629
71629
71628
71628
71628
71628
71627
71627
71627
71627
71626
71626
71626
71626
71625
71625
71625
71625
71624
71624
71624
71624
71623
71623
71623
71623
71622
71622
71622
71622
71621
71619
71618
71616
71614
71612
71611
71610
71610
71610
71610
71609
71609
71609
71608
71607
71607
71606
71606
71606
71604
71604
71604
71603
71603
71603
71603
71602
71602
71602
71602
71601
71601
71601
71601
71600
71599
71598
71597
71597
71596
71596
71596
71596
71595
71595
71595
71595
71594
71594
71594
71594
71593
71593
71593
71593
71592
71592
71592
71590
71590
71588
71588
71588
71588
71587
71587
71587
71586
71586
71586
71586
71585
71585
71585
71585
71583
71583
71583
71582
71582
71582
71582
71581
71581
71581
71581
71580
71580
71580
71579
71579
71579
71579
71578
71578
71578
71578
71577
71576
71576
71575
71575
71575
71575
71574
71574
71574
71574
71573
71573
71573
71573
71572
71572
71572
71572
71571
71571
71571
71571
71570
71570
71570
71570
71569
71569
71569
71569
71568
71568
71568
71568
71567
71567
71567
71567
71566
71566
71566
71565
71565
71565
71565
71564
71564
71564
71564
71562
71562
71561
71561
71561
71560
71560
71560
71560
71559
71559
71559
71559
71558
71558
71558
71558
71557
71557
71557
71557
71556
71556
71556
71555
71555
71555
71555
71555
71554
71554
71554
71554
71553
71553
71553
71553
71552
71552
71552
71551
71551
71551
71551
71551
71547
71546
71545
71543
71542
71540
71540
71540
71538
71537
71536
71535
71535
71535
71535
71534
71534
71534
71533
71533
71533
71533
71532
71532
71532
71532
71531
71531
71531
71529
71529
71527
71527
71527
71527
71526
71526
71526
71526
71525
71525
71524
71524
71524
71524
71523
71523
71523
71522
71522
71522
71521
71520
71520
71518
71518
71518
71517
71517
71517
71517
71516
71516
71516
71516
71515
71515
71515
71514
71513
71513
71512
71512
71512
71512
71511
71511
71511
71511
71510
71510
71510
71510
71509
71509
71509
71509
71508
71508
71508
71508
71507
71506
71505
71505
71505
71504
71504
71504
71504
71503
71503
71503
71503
71502
71502
71502
71502
71501
71501
71501
71501
71500
71500
71500
71500
71499
71499
71499
71499
71498
71498
71498
71498
71497
71497
71496
71496
71496
71496
71495
71495
71495
71494
71494
71494
71494
71493
71492
71492
71491
71491
71491
71491
71490
71490
71490
71490
71489
71489
71489
71488
71488
71488
71488
71487
71487
71487
71487
71486
71486
71486
71486
71485
71485
71485
71485
71484
71484
71484
71483
71483
71483
71483
71482
71482
71482
71482
71481
71481
71481
71481
71480
71480
71480
71480
71479
71479
71479
71479
71478
71478
71476
71475
71471
71469
71468
71467
71466
71466
71466
71465
71465
71465
71465
71464
71464
71464
71464
71463
71463
71463
71463
71462
71462
71460
71460
71459
71458
71458
71458
71458
71457
71457
71457
71457
71456
71456
71456
71456
71455
71455
71455
71454
71454
71454
71454
71453
71452
71452
71450
71450
71449
71449
71449
71449
71448
71448
71448
71448
71447
71447
71447
71447
71446
71445
71443
71443
71443
71442
71442
71442
71442
71441
71441
71441
71440
71440
71440
71440
71439
71439
71439
71439
71438
71438
71438
71438
71436
71436
71435
71435
71435
71435
71434
71434
71434
71433
71433
71433
71433
71432
71432
71432
71432
71431
71431
71431
71431
71429
71429
71428
71428
71428
71428
71427
71427
71427
71427
71426
71426
71426
71425
71425
71425
71425
71424
71424
71424
71424
71423
71422
71421
71421
71421
71421
71420
71420
71420
71419
71419
71419
71419
71418
71418
71418
71418
71417
71417
71417
71417
71416
71416
71416
71416
71415
71415
71415
71415
71414
71414
71414
71413
71413
71412
71412
71412
71412
71411
71411
71411
71411
71410
71410
71410
71410
71409
71409
71409
71409
71408
71408
71408
71408
71407
71407
71407
71407
71406
71406
71406
71405
71405
71405
71403
71401
71400
71398
71396
71395
71395
71395
71394
71394
71394
71394
71393
71393
71393
71392
71392
71391
71390
71389
71388
71388
71388
71388
71387
71387
71387
71386
71386
71386
71386
71385
71385
71385
71385
71384
71384
71384
71384
71383
71382
71381
71380
71380
71379
71379
71379
71379
71378
71378
71378
71377
71377
71377
71377
71376
71376
71375
71374
71374
71374
71374
71373
71373
71373
71372
71372
71372
71371
71371
71371
71371
71370
71370
71370
71370
71369
71369
71369
71369
71367
71367
71367
71366
71366
71366
71366
71365
71365
71365
71365
71364
71364
71364
71363
71363
71363
71363
71362
71362
71362
71360
71360
71358
71358
71358
71357
71357
71357
71357
71356
71356
71356
71356
71355
71355
71355
71354
71354
71354
71352
71352
71352
71352
71351
71351
71351
71350
71349
71349
71348
71348
71348
71348
71347
71347
71347
71346
71346
71346
71346
71345
71345
71345
71345
71344
71344
71344
71344
71343
71343
71343
71343
71342
71342
71342
71342
71341
71341
71341
71341
71340
71340
71340
71339
71339
71339
71339
71338
71338
71338
71338
71337
71337
71337
71337
71336
71336
71336
71336
71335
71335
71335
71335
71334
71334
71334
71334
71333
71333
71333
71332
71331
71329
71327
71325
71323
71322
71322
71321
71321
71321
71321
71319
71319
71317
71317
71317
71316
71316
71316
71315
71315
71315
71315
71314
71314
71314
71314
71313
71313
71313
71313
71312
71312
71312
71310
71310
71309
71308
71308
71308
71307
71307
71307
71307
71306
71306
71306
71306
71305
71305
71305
71303
71303
71303
71303
71302
71302
71302
71302
71301
71301
71301
71301
71300
71300
71300
71300
71299
71299
71299
71299
71298
71298
71298
71296
71296
71296
71296
71295
71295
71295
71295
71294
71294
71294
71293
71293
71293
71293
71292
71292
71292
71292
71291
71291
71290
71289
71288
71288
71287
71287
71287
71286
71286
71286
71286
71285
71285
71285
71285
71284
71283
71283
71282
71282
71282
71281
71281
71281
71281
71280
71280
71280
71280
71279
71279
71279
71278
71278
71278
71278
71277
71277
71277
71277
71276
71276
71276
71275
71275
71275
71275
71274
71274
71274
71274
71273
71273
71273
71273
71272
71272
71272
71272
71271
71271
71271
71271
71270
71270
71270
71270
71269
71269
71269
71269
71268
71268
71268
71267
71267
71267
71267
71266
71266
71266
71266
71265
71265
71265
71265
71264
71264
71264
71264
71263
71263
71263
71263
71262
71262
71262
71259
71257
71255
71254
71252
71250
71249
71248
71248
71247
71247
71246
71246
71246
71245
71245
71245
71245
71244
71244
71244
71244
71243
71243
71243
71243
71242
71242
71241
71240
71239
71239
71238
71238
71238
71237
71237
71237
71237
71236
71236
71236
71236
71235
71235
71234
71233
71233
71233
71233
71232
71232
71232
71232
71231
71231
71231
71230
71230
71230
71230
71229
71229
71229
71229
71228
71228
71228
71226
71226
71226
71225
71225
71225
71225
71224
71224
71224
71224
71223
71223
71223
71223
71222
71222
71222
71221
71221
71221
71219
71219
71217
71217
71217
71216
71216
71216
71215
71215
71215
71215
71214
71213
71212
71212
71212
71212
71211
71211
71211
71211
71210
71210
71210
71210
71209
71209
71209
71209
71208
71208
71208
71207
71207
71207
71207
71206
71206
71206
71206
71205
71205
71205
71205
71204
71204
71204
71204
71203
71203
71203
71203
71202
71202
71202
71201
71201
71201
71201
71200
71200
71200
71200
71199
71199
71199
71199
71198
71198
71198
71198
71197
71197
71197
71196
71196
71196
71196
71195
71195
71195
71195
71194
71194
71194
71194
71193
71193
71193
71193
71192
71192
71192
71192
71191
71191
71191
71190
71190
71190
71190
71189
71188
71184
71182
71181
71178
71176
71176
71176
71175
71175
71175
71175
71174
71174
71174
71174
71173
71173
71173
71172
71172
71172
71170
71170
71169
71168
71168
71168
71168
71167
71167
71167
71166
71166
71166
71166
71165
71165
71165
71163
71163
71163
71162
71162
71162
71162
71161
71161
71161
71161
71160
71160
71160
71160
71159
71159
71159
71159
71158
71158
71158
71158
71156
71156
71154
71154
71154
71154
71153
71153
71153
71152
71152
71152
71152
71151
71151
71151
71151
71150
71150
71150
71150
71148
71148
71147
71146
71146
71146
71145
71145
71145
71145
71143
71143
71143
71142
71142
71142
71141
71141
71141
71140
71140
71140
71139
71138
71138
71137
71137
71137
71137
71136
71136
71136
71136
71135
71135
71135
71135
71134
71134
71134
71134
71133
71133
71133
71132
71132
71132
71132
71131
71131
71131
71131
71130
71130
71130
71129
71129
71129
71129
71128
71128
71128
71128
71127
71127
71127
71127
71126
71126
71126
71126
71125
71125
71125
71124
71124
71124
71124
71123
71123
71123
71123
71122
71122
71122
71122
71121
71121
71121
71121
71120
71120
71120
71120
71119
71119
71119
71118
71118
71118
71118
71117
71117
71117
71117
71116
71116
71116
71116
71114
71112
71111
71110
71107
71106
71106
71105
71105
71105
71105
71104
71104
71104
71104
71103
71102
71102
71100
71100
71100
71099
71099
71099
71098
71098
71098
71098
71097
71097
71097
71097
71096
71095
71095
71094
71094
71094
71094
71093
71093
71093
71093
71092
71092
71092
71092
71091
71091
71091
71091
71090
71090
71090
71090
71089
71088
71087
71087
71087
71086
71086
71086
71086
71085
71085
71085
71085
71084
71084
71084
71084
71083
71083
71083
71083
71082
71081
71081
71079
71079
71079
71078
71078
71076
71076
71076
71075
71075
71075
71074
71074
71074
71074
71073
71073
71073
71073
71072
71072
71071
71070
71069
71069
71069
71068
71068
71068
71068
71067
71067
71067
71067
71066
71066
71066
71065
71065
71065
71065
71064
71064
71064
71063
71063
71063
71063
71062
71061
71061
71060
71060
71060
71060
71059
71059
71059
71059
71058
71058
71058
71057
71057
71057
71057
71056
71056
71056
71056
71055
71055
71055
71055
71054
71054
71054
71054
71053
71053
71053
71053
71052
71052
71052
71052
71051
71051
71051
71051
71050
71050
71050
71049
71049
71049
71049
71048
71048
71048
71048
71047
71047
71047
71047
71046
71046
71046
71046
71045
71045
71045
71045
71043
71041
71039
71037
71036
71034
71034
71034
71034
71033
71032
71032
71030
71030
71030
71029
71029
71029
71029
71028
71028
71028
71028
71027
71027
71027
71026
71025
71025
71024
71024
71024
71024
71023
71023
71023
71023
71022
71022
71022
71021
71021
71021
71021
71020
71020
71020
71020
71019
71019
71017
71017
71017
71017
71016
71016
71016
71016
71015
71015
71015
71015
71014
71014
71014
71014
71013
71013
71013
71013
71012
71011
71010
71009
71009
71007
71007
71007
71006
71006
71006
71006
71005
71005
71005
71005
71004
71004
71004
71003
71003
71003
71003
71002
71001
71000
70999
70999
70998
70998
70998
70998
70997
70997
70997
70997
70996
70996
70996
70996
70995
70995
70995
70995
70994
70994
70994
70994
70993
70993
70993
70993
70992
70992
70992
70992
70991
70991
70991
70991
70990
70990
70990
70990
70989
70989
70989
70989
70988
70988
70988
70988
70987
70987
70987
70987
70986
70986
70986
70985
70985
70985
70985
70984
70984
70984
70984
70983
70983
70983
70983
70982
70982
70982
70982
70981
70981
70981
70981
70980
70980
70980
70980
70979
70979
70979
70979
70978
70978
70978
70977
70977
70977
70977
70977
70976
70976
70976
70976
70975
70975
70975
70972
70970
70969
70967
70965
70964
70962
70962
70961
70961
70961
70961
70960
70960
70960
70960
70959
70959
70959
70959
70958
70957
70956
70956
70956
70956
70955
70955
70955
70955
70954
70954
70954
70954
70953
70953
70953
70953
70952
70952
70952
70951
70951
70951
70949
70949
70949
70949
70948
70948
70948
70948
70947
70947
70947
70947
70946
70946
70946
70946
70945
70945
70945
70945
70944
70943
70941
70940
70939
70939
70939
70938
70938
70938
70938
70937
70937
70937
70936
70936
70936
70936
70935
70935
70935
70934
70934
70934
70932
70932
70930
70930
70930
70929
70929
70929
70929
70928
70928
70928
70928
70927
70927
70927
70927
70926
70926
70926
70926
70925
70925
70925
70925
70924
70924
70924
70924
70923
70923
70923
70922
70922
70922
70922
70921
70921
70921
70921
70920
70920
70920
70920
70919
70919
70919
70919
70918
70918
70918
70918
70917
70917
70917
70917
70916
70916
70916
70915
70915
70915
70915
70914
70914
70914
70914
70913
70913
70913
70913
70912
70912
70912
70912
70911
70911
70911
70911
70910
70910
70910
70909
70909
70909
70909
70908
70908
70908
70908
70907
70907
70907
70907
70906
70906
70906
70906
70905
70905
70905
70905
70904
70904
70900
70899
70897
70896
70894
70893
70893
70892
70892
70892
70892
70891
70891
70891
70891
70889
70889
70888
70888
70888
70887
70887
70887
70886
70886
70886
70886
70885
70885
70885
70885
70884
70884
70884
70884
70883
70883
70883
70881
70881
70881
70881
70880
70880
70880
70880
70879
70879
70879
70879
70878
70878
70878
70878
70877
70877
70877
70875
70875
70874
70874
70872
70872
70871
70870
70870
70869
70869
70869
70869
70868
70868
70868
70868
70867
70867
70867
70867
70866
70866
70866
70866
70864
70864
70862
70862
70862
70861
70861
70861
70861
70860
70860
70860
70860
70859
70859
70859
70859
70858
70858
70858
70857
70857
70857
70855
70855
70855
70854
70854
70854
70854
70853
70853
70853
70853
70852
70852
70852
70852
70851
70851
70851
70851
70850
70850
70850
70850
70849
70849
70849
70848
70848
70848
70848
70847
70847
70847
70847
70846
70846
70846
70846
70845
70845
70845
70845
70844
70844
70844
70844
70843
70843
70843
70843
70842
70842
70842
70842
70841
70841
70841
70840
70840
70840
70840
70839
70839
70839
70839
70838
70838
70838
70838
70837
70837
70837
70837
70836
70836
70836
70836
70835
70835
70835
70833
70833
70833
70832
70832
70832
70832
70830
70829
70827
70826
70824
70823
70822
70822
70822
70820
70820
70820
70820
70819
70819
70819
70819
70818
70818
70818
70818
70817
70817
70817
70817
70816
70816
70816
70816
70815
70815
70815
70813
70813
70813
70812
70812
70812
70812
70811
70811
70811
70811
70810
70810
70810
70810
70809
70808
70807
70807
70807
70807
70805
70805
70785
70784
70784
70784
70783
70783
70783
70782
70782
70782
70781
70781
70781
70781
70780
70780
70780
70780
70779
70779
70779
70777
70777
70775
70775
70774
70774
70774
70774
70773
70773
70773
70772
70772
70772
70772
70771
70771
70771
70771
70770
70770
70770
70770
70768
70768
70768
70767
70767
70767
70767
70766
70766
70766
70766
70765
70765
70765
70765
70764
70764
70764
70763
70763
70763
70763
70762
70762
70762
70762
70761
70761
70761
70759
70759
70759
70758
70758
70758
70757
70757
70757
70757
70756
70756
70756
70756
70755
70755
70755
70755
70754
70754
70754
70754
70753
70753
70753
70753
70752
70752
70752
70751
70751
70751
70751
70750
70750
70750
70750
70749
70749
70749
70748
70748
70748
70748
70747
70747
70747
70747
70744
70743
70743
70743
70743
70742
70742
70742
70742
70741
70741
70741
70740
70740
70740
70740
70737
70736
70734
70731
70730
70728
70728
70728
70727
70727
70727
70727
70726
70726
70726
70726
70725
70725
70725
70725
70724
70724
70724
70724
70723
70723
70721
70721
70721
70721
70720
70720
70720
70719
70719
70719
70719
70718
70718
70717
70716
70716
70716
70716
70715
70715
70715
70713
70713
70712
70711
70711
70711
70711
70710
70710
70710
70710
70709
70709
70709
70709
70708
70708
70708
70707
70707
70707
70707
70706
70705
70705
70703
70703
70703
70702
70702
70702
70702
70701
70701
70701
70701
70700
70700
70700
70700
70699
70699
70699
70699
70698
70698
70696
70696
70696
70696
70695
70695
70695
70695
70694
70694
70694
70694
70693
70693
70693
70693
70692
70692
70692
70692
70691
70691
70691
70691
70690
70690
70690
70689
70689
70689
70689
70688
70688
70688
70688
70687
70687
70687
70687
70686
70686
70686
70686
70685
70685
70685
70685
70684
70684
70684
70684
70683
70683
70683
70683
70682
70682
70682
70682
70681
70681
70681
70681
70680
70680
70680
70679
70679
70679
70679
70678
70678
70678
70678
70676
70676
70675
70675
70675
70675
70674
70674
70674
70674
70673
70673
70673
70673
70672
70672
70672
70672
70671
70671
70671
70671
70670
70670
70670
70667
70665
70664
70661
70660
70658
70658
70658
70658
70657
70657
70657
70657
70656
70656
70656
70656
70655
70655
70655
70653
70653
70653
70652
70652
70652
70652
70651
70651
70651
70649
70649
70649
70648
70648
70648
70648
70647
70647
70647
70647
70645
70645
70643
70643
70643
70643
70642
70642
70642
70642
70641
70641
70641
70641
70640
70640
70640
70640
70639
70639
70639
70639
70638
70637
70637
70635
70635
70635
70634
70634
70634
70634
70633
70633
70633
70633
70632
70632
70632
70632
70631
70631
70631
70631
70630
70630
70629
70628
70628
70628
70627
70627
70627
70627
70626
70626
70626
70626
70625
70625
70625
70625
70624
70624
70624
70624
70623
70623
70623
70623
70622
70622
70622
70622
70621
70621
70621
70621
70620
70620
70620
70620
70619
70619
70619
70619
70618
70618
70618
70618
70617
70617
70617
70616
70616
70616
70616
70615
70615
70615
70615
70614
70614
70614
70614
70613
70613
70613
70613
70612
70612
70612
70612
70611
70611
70611
70611
70608
70608
70607
70607
70607
70607
70606
70606
70606
70606
70605
70605
70605
70604
70604
70604
70604
70603
70603
70603
70603
70602
70602
70602
70602
70601
70601
70601
70601
70600
70600
70600
70600
70599
70598
70596
70594
70593
70591
70590
70590
70589
70589
70589
70588
70588
70588
70587
70586
70586
70586
70585
70585
70585
70584
70583
70583
70583
70582
70582
70582
70582
70581
70581
70581
70580
70580
70580
70580
70578
70578
70576
70576
70576
70576
70575
70575
70575
70575
70574
70574
70574
70573
70573
70573
70573
70572
70572
70572
70572
70571
70571
70569
70569
70568
70567
70567
70567
70565
70565
70565
70565
70564
70564
70564
70564
70563
70563
70563
70562
70562
70562
70562
70561
70561
70560
70559
70559
70559
70559
70558
70558
70558
70558
70557
70557
70557
70557
70556
70556
70556
70556
70554
70554
70554
70553
70553
70553
70552
70552
70552
70552
70551
70551
70551
70551
70550
70550
70550
70550
70549
70549
70549
70549
70548
70548
70548
70548
70547
70547
70547
70547
70546
70546
70546
70545
70545
70545
70545
70544
70544
70544
70544
70543
70543
70543
70543
70542
70542
70542
70542
70541
70541
70540
70539
70539
70539
70539
70538
70538
70538
70538
70537
70537
70537
70537
70536
70536
70536
70535
70535
70535
70535
70534
70534
70534
70534
70533
70533
70533
70533
70532
70532
70532
70532
70531
70531
70531
70531
70530
70530
70530
70530
70529
70529
70529
70527
70525
70524
70523
70521
70520
70519
70519
70518
70517
70517
70517
70515
70515
70515
70514
70514
70514
70514
70513
70513
70513
70513
70512
70512
70512
70512
70511
70511
70510
70509
70508
70508
70507
70507
70507
70507
70506
70506
70506
70506
70505
70505
70505
70505
70504
70504
70504
70504
70503
70503
70503
70501
70501
70500
70499
70499
70499
70498
70498
70498
70498
70497
70497
70497
70497
70496
70496
70496
70496
70495
70495
70495
70495
70494
70493
70492
70492
70492
70491
70491
70491
70491
70490
70490
70490
70490
70489
70489
70489
70489
70488
70487
70486
70486
70486
70486
70485
70485
70485
70484
70484
70484
70484
70483
70483
70483
70483
70482
70482
70482
70482
70481
70481
70481
70481
70480
70480
70480
70480
70479
70479
70479
70479
70478
70478
70478
70478
70474
70474
70474
70474
70473
70473
70473
70473
70472
70472
70472
70472
70470
70470
70469
70469
70469
70469
70468
70468
70468
70468
70467
70467
70467
70467
70466
70466
70466
70466
70465
70465
70465
70465
70464
70464
70464
70463
70463
70463
70463
70462
70462
70462
70462
70461
70461
70461
70461
70460
70460
70460
70460
70459
70459
70459
70459
70458
70458
70458
70458
70457
70457
70457
70455
70454
70451
70450
70447
70446
70445
70445
70445
70445
70444
70444
70444
70444
70443
70443
70443
70443
70442
70442
70442
70441
70441
70440
70439
70438
70438
70437
70437
70437
70437
70436
70436
70436
70435
70435
70435
70435
70434
70434
70434
70433
70433
70433
70433
70432
70431
70430
70429
70429
70428
70428
70428
70428
70427
70427
70427
70427
70426
70426
70426
70426
70425
70425
70425
70425
70424
70424
70424
70422
70422
70422
70421
70421
70421
70421
70420
70420
70420
70419
70419
70419
70419
70418
70418
70418
70416
70416
70416
70415
70415
70415
70415
70414
70414
70414
70414
70413
70413
70413
70413
70412
70412
70412
70412
70411
70411
70409
70409
70409
70409
70408
70408
70408
70408
70407
70407
70407
70407
70406
70406
70406
70406
70405
70405
70405
70405
70404
70404
70404
70403
70402
70401
70401
70401
70401
70400
70400
70400
70400
70399
70399
70399
70399
70398
70398
70398
70398
70397
70397
70397
70397
70396
70396
70396
70395
70395
70395
70395
70394
70394
70394
70394
70393
70393
70393
70393
70392
70392
70392
70392
70391
70391
70391
70391
70390
70390
70390
70389
70389
70389
70389
70388
70388
70388
70388
70387
70387
70387
70387
70386
70386
70383
70382
70380
70379
70377
70376
70376
70375
70375
70375
70375
70374
70374
70374
70373
70373
70373
70371
70371
70369
70369
70369
70369
70368
70368
70368
70368
70367
70367
70367
70367
70366
70366
70366
70366
70365
70365
70365
70365
70364
70362
70362
70361
70360
70360
70360
70360
70359
70359
70359
70359
70358
70358
70358
70358
70357
70357
70357
70357
70356
70356
70356
70356
70354
70353
70353
70353
70353
70352
70352
70352
70351
70351
70351
70350
70350
70350
70350
70349
70349
70348
70347
70347
70347
70347
70346
70346
70346
70346
70345
70345
70345
70344
70344
70344
70344
70343
70343
70343
70342
70342
70340
70340
70338
70337
70337
70337
70336
70336
70336
70336
70335
70335
70335
70335
70334
70334
70334
70334
70333
70333
70333
70331
70331
70330
70330
70330
70330
70329
70329
70329
70328
70328
70328
70328
70327
70327
70327
70327
70326
70326
70326
70326
70325
70325
70325
70325
70324
70324
70324
70323
70323
70323
70323
70322
70322
70322
70322
70321
70321
70321
70321
70320
70320
70320
70320
70319
70319
70319
70319
70318
70318
70318
70318
70317
70317
70317
70317
70316
70316
70316
70316
70315
70315
70315
70315
70314
70314
70314
70313
70313
70313
70311
70310
70308
70307
70305
70303
70303
70303
70303
70302
70302
70300
70300
70299
70298
70298
70298
70298
70297
70297
70297
70297
70296
70296
70296
70295
70295
70295
70295
70294
70294
70294
70294
70293
70292
70292
70290
70290
70290
70289
70289
70289
70289
70288
70288
70288
70288
70287
70287
70287
70286
70286
70286
70286
70285
70285
70285
70283
70283
70283
70282
70282
70282
70282
70280
70280
70280
70279
70279
70279
70279
70278
70278
70278
70276
70276
70276
70276
70275
70275
70275
70274
70274
70274
70274
70273
70273
70273
70273
70272
70272
70272
70272
70271
70271
70269
70269
70268
70267
70267
70267
70267
70266
70266
70265
70265
70265
70265
70264
70264
70264
70264
70263
70262
70262
70261
70261
70261
70260
70260
70260
70260
70259
70259
70259
70259
70258
70258
70258
70258
70257
70257
70257
70257
70256
70256
70256
70256
70255
70255
70255
70255
70254
70254
70254
70254
70253
70253
70253
70253
70252
70252
70252
70252
70251
70251
70251
70250
70250
70250
70250
70249
70249
70249
70249
70248
70248
70248
70248
70247
70247
70247
70247
70246
70246
70246
70246
70245
70245
70245
70245
70244
70244
70244
70243
70243
70243
70243
70242
70242
70242
70242
70240
70239
70237
70236
70234
70232
70232
70230
70230
70230
70229
70229
70229
70229
70228
70228
70228
70228
70227
70227
70227
70227
70226
70226
70226
70226
70225
70225
70224
70223
70222
70222
70221
70221
70221
70221
70220
70220
70220
70220
70219
70219
70219
70218
70218
70218
70218
70217
70217
70217
70217
70215
70215
70215
70214
70214
70214
70214
70213
70213
70213
70213
70212
70212
70212
70212
70211
70211
70209
70209
70209
70209
70208
70208
70208
70208
70207
70207
70207
70206
70206
70206
70206
70205
70205
70205
70205
70204
70204
70203
70202
70200
70199
70199
70199
70198
70198
70198
70198
70197
70197
70197
70197
70196
70195
70194
70194
70194
70194
70193
70193
70193
70192
70192
70192
70192
70191
70191
70191
70191
70190
70190
70190
70190
70189
70189
70189
70188
70187
70187
70186
70186
70186
70186
70185
70185
70185
70185
70184
70184
70184
70184
70183
70183
70183
70183
70182
70182
70182
70182
70181
70181
70181
70181
70180
70180
70180
70179
70179
70179
70179
70178
70178
70178
70178
70177
70177
70177
70176
70176
70176
70175
70175
70175
70175
70174
70174
70174
70174
70173
70173
70173
70173
70172
70172
70172
70172
70171
70171
70171
70171
70170
70169
70166
70165
70163
70162
70160
70160
70160
70159
70159
70159
70159
70158
70158
70158
70158
70157
70157
70157
70157
70156
70156
70155
70154
70153
70153
70152
70152
70152
70152
70151
70151
70151
70150
70150
70150
70150
70149
70149
70149
70149
70148
70148
70148
70148
70146
70146
70145
70145
70145
70145
70144
70144
70144
70144
70143
70143
70143
70143
70142
70142
70142
70140
70140
70140
70139
70139
70139
70138
70138
70138
70138
70137
70137
70137
70137
70136
70136
70136
70136
70135
70135
70135
70133
70133
70132
70131
70131
70131
70130
70130
70129
70129
70129
70129
70127
70127
70127
70126
70126
70126
70126
70125
70125
70125
70125
70123
70123
70123
70122
70122
70122
70122
70121
70121
70121
70121
70120
70120
70120
70120
70119
70119
70119
70119
70118
70118
70118
70118
70117
70117
70117
70117
70116
70116
70116
70115
70115
70115
70115
70114
70114
70114
70114
70113
70113
70113
70113
70112
70112
70112
70112
70111
70111
70111
70111
70110
70110
70110
70110
70109
70109
70109
70108
70108
70108
70108
70107
70107
70107
70107
70106
70106
70106
70106
70105
70105
70105
70105
70104
70104
70104
70104
70103
70103
70103
70103
70102
70102
70102
70102
70101
70098
70097
70095
70093
70092
70090
70090
70090
70090
70089
70089
70089
70089
70088
70088
70088
70086
70086
70084
70084
70084
70084
70083
70083
70083
70083
70082
70082
70082
70082
70081
70081
70080
70080
70080
70080
70079
70079
70079
70077
70077
70076
70076
70076
70076
70075
70075
70075
70075
70074
70074
70074
70074
70073
70073
70073
70071
70071
70071
70070
70070
70070
70070
70069
70069
70069
70069
70068
70068
70068
70068
70067
70067
70067
70067
70066
70066
70065
70064
70063
70063
70062
70062
70062
70062
70061
70059
70059
70058
70058
70058
70058
70057
70057
70057
70056
70056
70056
70056
70055
70054
70054
70052
70052
70052
70052
70051
70051
70051
70051
70050
70050
70050
70050
70049
70049
70049
70049
70048
70048
70048
70048
70047
70047
70047
70046
70046
70046
70046
70045
70045
70045
70045
70044
70044
70044
70044
70043
70043
70043
70043
70042
70042
70042
70042
70041
70041
70041
70040
70040
70040
70040
70039
70039
70039
70039
70038
70038
70038
70038
70037
70037
70037
70037
70036
70036
70036
70036
70035
70035
70035
70035
70034
70034
70034
70033
70033
70033
70033
70032
70032
70032
70032
70031
70031
70031
70031
70030
70030
70030
70030
70029
70027
70026
70024
70023
70021
70020
70020
70019
70019
70019
70017
70017
70015
70015
70015
70015
70014
70014
70014
70013
70013
70013
70013
70012
70012
70012
70012
70011
70011
70011
70010
70010
70010
70009
70008
70008
70008
70007
70007
70007
70007
70006
70006
70006
70006
70005
70005
70005
70004
70004
70003
70002
70002
70002
70002
70001
70001
70001
70001
70000
70000
70000
70000
69999
69998
69998
69997
69997
69997
69996
69996
69995
69995
69993
69993
69992
69992
69991
69990
69990
69990
69989
69989
69989
69989
69988
69988
69988
69988
69987
69987
69987
69987
69986
69985
69984
69983
69983
69982
69982
69982
69982
69981
69981
69980
69980
69980
69980
69979
69979
69979
69979
69978
69978
69978
69978
69977
69977
69977
69977
69976
69976
69976
69976
69975
69975
69975
69975
69974
69974
69974
69974
69973
69973
69973
69973
69972
69972
69972
69972
69971
69971
69971
69971
69970
69970
69970
69970
69969
69969
69969
69969
69968
69968
69968
69968
69967
69967
69967
69966
69966
69966
69966
69965
69965
69965
69965
69964
69964
69964
69964
69963
69963
69963
69963
69962
69962
69962
69962
69961
69961
69961
69960
69960
69960
69960
69959
69959
69959
69959
69958
69958
69957
69955
69953
69952
69949
69948
69946
69946
69946
69946
69945
69945
69944
69944
69944
69944
69943
69943
69943
69943
69942
69942
69942
69942
69941
69941
69941
69939
69939
69939
69939
69938
69938
69938
69937
69937
69937
69937
69936
69936
69936
69936
69935
69935
69934
69933
69933
69933
69932
69932
69932
69932
69931
69931
69931
69931
69930
69930
69930
69930
69929
69929
69929
69929
69928
69927
69927
69925
69922
69922
69922
69921
69921
69921
69921
69920
69920
69920
69919
69919
69919
69918
69918
69918
69918
69917
69917
69917
69915
69915
69913
69913
69913
69913
69912
69912
69912
69912
69911
69911
69911
69911
69910
69910
69910
69909
69909
69909
69909
69908
69908
69908
69908
69907
69907
69907
69907
69906
69906
69906
69906
69905
69905
69905
69905
69904
69904
69904
69902
69902
69902
69901
69901
69901
69901
69900
69900
69900
69900
69899
69899
69899
69899
69898
69898
69898
69897
69897
69897
69897
69896
69896
69896
69896
69895
69895
69895
69895
69894
69894
69894
69894
69893
69893
69893
69893
69892
69892
69892
69891
69891
69891
69891
69890
69890
69890
69890
69889
69889
69889
69889
69888
69888
69888
69888
69887
69887
69887
69886
69886
69886
69886
69883
69882
69880
69879
69877
69876
69875
69875
69875
69875
69874
69874
69874
69873
69873
69873
69873
69872
69872
69872
69872
69870
69870
69870
69870
69869
69869
69869
69869
69868
69868
69868
69867
69867
69867
69867
69866
69866
69864
69864
69864
69864
69863
69863
69863
69863
69862
69862
69862
69862
69861
69861
69861
69861
69860
69860
69860
69860
69859
69857
69856
69854
69854
69854
69854
69853
69853
69853
69853
69852
69852
69852
69852
69851
69851
69851
69851
69850
69850
69850
69850
69849
69848
69848
69846
69846
69846
69845
69845
69845
69845
69844
69844
69844
69844
69843
69843
69843
69843
69842
69842
69842
69841
69841
69841
69839
69839
69839
69839
69838
69838
69838
69838
69837
69837
69837
69836
69836
69836
69836
69835
69835
69835
69835
69834
69834
69834
69834
69833
69833
69833
69833
69832
69832
69832
69832
69831
69831
69831
69831
69830
69830
69830
69830
69829
69829
69829
69828
69828
69828
69828
69827
69827
69827
69827
69826
69826
69826
69826
69825
69825
69825
69825
69824
69824
69824
69824
69823
69823
69823
69823
69822
69822
69822
69821
69821
69821
69821
69820
69820
69820
69820
69819
69819
69819
69819
69818
69817
69817
69816
69816
69816
69813
69812
69810
69808
69806
69805
69805
69804
69785
69785
69784
69784
69784
69783
69783
69781
69781
69781
69780
69780
69780
69780
69779
69779
69779
69779
69778
69778
69778
69778
69777
69777
69775
69775
69775
69775
69774
69774
69774
69774
69773
69773
69773
69773
69772
69772
69772
69771
69771
69771
69769
69769
69769
69768
69767
69765
69765
69764
69764
69764
69763
69763
69763
69763
69762
69762
69762
69762
69761
69761
69761
69761
69760
69760
69760
69759
69758
69758
69756
69756
69755
69755
69755
69755
69754
69754
69754
69753
69753
69753
69753
69752
69752
69752
69752
69751
69751
69751
69751
69749
69749
69748
69748
69748
69748
69747
69747
69747
69747
69746
69746
69746
69746
69745
69745
69745
69745
69744
69744
69744
69744
69743
69743
69743
69743
69742
69742
69742
69741
69741
69741
69741
69740
69740
69740
69740
69739
69739
69739
69738
69738
69738
69738
69737
69737
69737
69737
69736
69736
69736
69736
69735
69735
69735
69735
69734
69734
69734
69734
69733
69733
69733
69733
69732
69732
69732
69732
69731
69731
69731
69730
69730
69730
69730
69729
69729
69729
69729
69727
69727
69726
69726
69726
69725
69725
69725
69725
69724
69724
69724
69724
69723
69722
69720
69718
69717
69716
69714
69714
69714
69713
69712
69712
69711
69711
69711
69711
69710
69710
69710
69710
69709
69709
69709
69708
69708
69708
69708
69706
69706
69705
69705
69705
69705
69704
69704
69704
69704
69703
69703
69703
69703
69702
69701
69700
69700
69700
69700
69699
69698
69697
69696
69696
69695
69695
69695
69695
69694
69694
69694
69694
69693
69693
69693
69693
69692
69691
69690
69690
69690
69690
69689
69688
69688
69686
69686
69686
69685
69685
69684
69684
69684
69684
69683
69683
69683
69683
69682
69682
69682
69682
69681
69681
69681
69681
69679
69679
69678
69678
69678
69677
69677
69677
69677
69676
69676
69676
69675
69675
69675
69675
69674
69674
69674
69674
69673
69673
69673
69673
69672
69672
69672
69672
69671
69671
69671
69671
69670
69670
69670
69670
69669
69669
69669
69668
69668
69668
69668
69667
69667
69667
69667
69666
69666
69666
69666
69665
69665
69665
69665
69664
69664
69664
69664
69663
69663
69663
69663
69662
69662
69662
69661
69661
69661
69661
69660
69660
69660
69660
69659
69659
69657
69657
69657
69657
69656
69656
69656
69655
69655
69655
69655
69654
69654
69654
69654
69653
69653
69653
69653
69652
69652
69652
69652
69650
69649
69647
69645
69643
69641
69640
69640
69640
69639
69639
69639
69639
69638
69638
69638
69638
69637
69637
69637
69635
69635
69635
69634
69634
69634
69634
69633
69633
69633
69633
69632
69631
69631
69630
69630
69630
69630
69629
69629
69629
69627
69627
69624
69624
69624
69624
69623
69623
69623
69623
69622
69622
69622
69622
69621
69621
69621
69620
69620
69620
69620
69619
69619
69617
69617
69616
69616
69615
69615
69615
69614
69614
69614
69614
69613
69613
69613
69613
69612
69612
69612
69612
69611
69611
69611
69611
69609
69609
69609
69608
69608
69608
69608
69607
69607
69607
69607
69606
69606
69606
69605
69605
69605
69605
69604
69604
69604
69604
69603
69603
69603
69603
69602
69602
69602
69602
69601
69601
69601
69601
69600
69600
69600
69600
69599
69599
69599
69597
69597
69597
69596
69596
69596
69596
69595
69595
69595
69595
69594
69594
69594
69594
69593
69593
69593
69593
69592
69592
69592
69591
69591
69591
69591
69590
69590
69590
69590
69589
69589
69587
69587
69587
69587
69586
69586
69586
69585
69585
69585
69585
69584
69584
69584
69584
69583
69583
69583
69583
69582
69582
69582
69581
69581
69581
69581
69580
69580
69580
69580
69579
69579
69577
69576
69575
69573
69572
69570
69570
69569
69569
69569
69569
69568
69568
69568
69566
69566
69566
69565
69565
69565
69565
69564
69564
69562
69562
69562
69562
69561
69561
69561
69561
69560
69560
69560
69560
69558
69558
69556
69556
69556
69556
69555
69555
69555
69555
69554
69554
69554
69554
69553
69553
69553
69553
69552
69552
69552
69552
69551
69550
69550
69548
69548
69548
69547
69547
69547
69547
69546
69546
69546
69546
69545
69545
69545
69545
69544
69544
69544
69543
69543
69543
69542
69541
69541
69541
69540
69540
69540
69540
69539
69539
69539
69539
69538
69538
69538
69538
69537
69537
69537
69537
69536
69536
69536
69534
69534
69534
69534
69533
69533
69533
69532
69532
69532
69532
69531
69531
69531
69531
69530
69530
69530
69530
69529
69529
69529
69528
69528
69528
69528
69527
69527
69527
69527
69526
69526
69526
69526
69525
69525
69525
69525
69524
69524
69524
69523
69523
69523
69523
69522
69522
69521
69520
69520
69520
69520
69519
69519
69519
69519
69518
69518
69518
69517
69517
69517
69517
69516
69516
69516
69516
69515
69515
69515
69515
69514
69514
69514
69514
69513
69513
69513
69513
69512
69512
69512
69512
69511
69511
69511
69511
69510
69507
69506
69504
69503
69501
69500
69499
69499
69498
69497
69497
69497
69496
69496
69495
69494
69494
69494
69494
69493
69493
69493
69492
69492
69492
69492
69491
69491
69491
69490
69489
69487
69486
69486
69486
69485
69485
69485
69485
69484
69484
69484
69483
69483
69483
69482
69482
69482
69482
69481
69481
69481
69479
69479
69477
69477
69477
69477
69476
69476
69476
69475
69475
69475
69475
69474
69474
69474
69474
69473
69473
69473
69473
69472
69472
69470
69470
69470
69470
69469
69469
69469
69469
69468
69468
69468
69468
69467
69467
69467
69467
69466
69466
69466
69465
69465
69465
69464
69463
69463
69462
69462
69462
69462
69461
69461
69461
69461
69460
69460
69460
69460
69459
69459
69459
69459
69458
69458
69458
69458
69457
69457
69457
69457
69456
69456
69456
69456
69455
69455
69455
69455
69454
69454
69454
69453
69453
69453
69453
69452
69452
69452
69450
69450
69450
69450
69449
69449
69449
69449
69448
69448
69448
69447
69447
69447
69447
69446
69446
69446
69446
69445
69445
69445
69445
69444
69444
69444
69443
69443
69443
69443
69442
69442
69442
69442
69441
69441
69441
69441
69440
69440
69440
69440
69439
69439
69439
69439
69438
69438
69438
69438
69435
69434
69432
69430
69429
69426
69426
69426
69425
69425
69425
69425
69424
69424
69424
69424
69423
69423
69423
69423
69422
69422
69422
69420
69420
69418
69418
69418
69418
69417
69417
69417
69417
69416
69416
69416
69416
69415
69415
69415
69415
69414
69414
69414
69413
69413
69412
69411
69410
69410
69410
69409
69409
69409
69408
69408
69408
69408
69407
69407
69407
69407
69406
69406
69405
69404
69404
69404
69404
69402
69402
69402
69401
69401
69401
69400
69400
69400
69400
69399
69399
69399
69399
69398
69398
69398
69398
69397
69397
69397
69397
69396
69395
69394
69394
69394
69393
69393
69393
69393
69392
69392
69392
69391
69391
69391
69390
69390
69390
69390
69389
69389
69389
69389
69388
69388
69388
69388
69387
69387
69387
69387
69386
69386
69386
69386
69385
69385
69385
69385
69384
69384
69384
69382
69382
69382
69381
69381
69381
69381
69380
69380
69380
69380
69379
69379
69379
69379
69378
69378
69378
69377
69377
69377
69377
69376
69376
69376
69376
69375
69375
69375
69375
69374
69374
69374
69374
69373
69373
69373
69373
69372
69372
69372
69372
69371
69371
69371
69371
69370
69370
69370
69370
69369
69369
69369
69369
69368
69368
69368
69368
69367
69366
69364
69361
69360
69358
69357
69357
69356
69356
69356
69356
69355
69355
69355
69355
69354
69354
69353
69352
69351
69351
69350
69350
69350
69350
69349
69349
69349
69349
69348
69348
69348
69347
69347
69347
69347
69346
69346
69346
69345
69343
69343
69341
69341
69341
69340
69340
69340
69340
69339
69339
69339
69339
69338
69338
69338
69337
69337
69337
69337
69336
69336
69336
69334
69334
69334
69334
69333
69333
69333
69333
69332
69332
69332
69332
69331
69331
69331
69331
69330
69330
69330
69330
69329
69329
69329
69327
69327
69326
69326
69326
69326
69325
69325
69325
69325
69324
69324
69324
69324
69323
69322
69322
69321
69321
69321
69321
69320
69320
69320
69319
69319
69319
69319
69318
69318
69318
69318
69317
69317
69317
69317
69316
69316
69315
69314
69314
69314
69313
69312
69312
69312
69311
69311
69311
69311
69310
69310
69310
69310
69309
69309
69309
69309
69308
69308
69308
69308
69307
69307
69307
69307
69306
69306
69306
69306
69305
69305
69305
69304
69304
69304
69304
69303
69303
69303
69303
69302
69302
69302
69302
69301
69301
69301
69301
69300
69300
69300
69300
69299
69299
69299
69299
69298
69298
69298
69298
69297
69297
69297
69296
69296
69295
69293
69291
69290
69288
69287
69287
69286
69286
69286
69285
69284
69284
69282
69282
69282
69282
69281
69281
69281
69280
69280
69280
69280
69279
69279
69279
69279
69278
69278
69278
69277
69277
69277
69275
69275
69274
69273
69273
69273
69273
69272
69272
69272
69272
69271
69271
69271
69271
69270
69270
69270
69269
69269
69269
69269
69268
69267
69267
69266
69266
69266
69266
69265
69265
69265
69265
69264
69264
69264
69264
69263
69263
69263
69262
69262
69262
69262
69261
69261
69260
69259
69259
69259
69259
69258
69258
69258
69258
69257
69257
69257
69257
69256
69256
69255
69254
69254
69254
69254
69253
69253
69253
69251
69251
69251
69251
69250
69250
69250
69250
69249
69249
69249
69248
69247
69247
69246
69246
69246
69246
69245
69245
69245
69245
69244
69244
69244
69243
69243
69243
69243
69242
69242
69242
69242
69241
69241
69241
69241
69240
69240
69240
69240
69239
69239
69239
69239
69238
69238
69238
69238
69237
69237
69237
69237
69236
69236
69236
69235
69235
69235
69235
69234
69234
69234
69233
69233
69233
69233
69232
69232
69232
69232
69231
69231
69231
69231
69230
69230
69230
69230
69229
69229
69229
69229
69228
69228
69228
69228
69227
69227
69224
69223
69221
69220
69218
69216
69215
69214
69214
69214
69213
69213
69212
69212
69212
69212
69211
69211
69211
69210
69210
69210
69210
69209
69209
69209
69209
69208
69206
69206
69171
69170
69170
69170
69169
69169
69169
69169
69168
69168
69168
69168
69167
69167
69167
69167
69166
69166
69166
69166
69165
69163
69163
69163
69162
69162
69162
69162
69161
69161
69161
69161
69160
69160
69160
69160
69159
69159
69159
69158
69158
69158
69158
69157
69156
69156
69155
69155
69155
69155
69154
69154
69154
69153
69153
69153
69153
69152
69152
69144
69143
69143
69143
69143
69142
69142
69142
69140
69140
69140
69140
69139
69139
69139
69139
69138
69137
69136
69136
69136
69136
69135
69135
69135
69135
69134
69134
69134
69134
69133
69133
69133
69133
69132
69132
69132
69132
69131
69131
69131
69131
69130
69130
69130
69129
69129
69129
69129
69128
69128
69128
69128
69127
69127
69127
69127
69126
69126
69126
69126
69125
69125
69125
69125
69124
69124
69124
69124
69123
69123
69123
69123
69122
69122
69122
69122
69121
69121
69121
69121
69120
69120
69120
69120
69119
69119
69119
69119
69118
69118
69118
69118
69117
69117
69117
69117
69116
69116
69116
69116
69115
69115
69113
69111
69109
69106
69105
69104
69103
69103
69103
69102
69102
69102
69102
69101
69101
69101
69101
69100
69100
69100
69099
69099
69098
69097
69096
69096
69095
69095
69095
69095
69094
69094
69094
69094
69093
69093
69093
69093
69092
69092
69092
69092
69091
69091
69091
69089
69089
69089
69088
69088
69088
69088
69087
69087
69087
69087
69086
69086
69086
69086
69085
69085
69085
69085
69083
69083
69082
69082
69081
69080
69080
69080
69080
69079
69079
69079
69079
69078
69078
69078
69078
69077
69077
69075
69075
69075
69075
69074
69074
69074
69074
69072
69072
69072
69071
69071
69071
69069
69069
69069
69068
69068
69068
69067
69067
69067
69065
69065
69065
69064
69064
69064
69064
69063
69063
69063
69063
69062
69062
69062
69062
69061
69061
69061
69061
69060
69060
69060
69060
69059
69059
69059
69059
69058
69058
69058
69057
69057
69057
69057
69056
69056
69056
69056
69055
69055
69055
69055
69054
69054
69054
69054
69053
69053
69053
69052
69052
69052
69052
69051
69051
69051
69051
69050
69050
69050
69050
69049
69049
69049
69049
69048
69048
69048
69048
69047
69047
69047
69047
69046
69046
69046
69046
69045
69045
69045
69045
69044
69044
69043
69043
69043
69041
69039
69037
69036
69034
69033
69032
69032
69032
69031
69031
69031
69031
69030
69030
69030
69028
69028
69025
69024
69024
69024
69024
69023
69023
69023
69023
69022
69022
69022
69022
69021
69021
69021
69020
69020
69020
69020
69019
69018
69018
69017
69017
69017
69017
69016
69016
69016
69016
69015
69015
69015
69015
69014
69014
69014
69013
69013
69013
69013
69012
69012
69011
69010
69010
69010
69010
69009
69009
69009
69009
69008
69008
69008
69007
69007
69007
69006
69005
69005
69005
69004
69004
69004
69004
69002
69002
69002
69000
69000
69000
68999
68999
68999
68999
68998
68998
68998
68998
68997
68996
68996
68995
68995
68995
68995
68994
68994
68994
68994
68993
68993
68993
68992
68992
68992
68992
68991
68991
68991
68991
68990
68990
68990
68990
68989
68989
68989
68987
68987
68987
68986
68986
68986
68986
68985
68985
68985
68985
68984
68984
68984
68984
68983
68983
68983
68982
68982
68982
68982
68981
68981
68981
68981
68980
68980
68980
68980
68979
68979
68979
68979
68978
68978
68978
68978
68977
68977
68977
68977
68976
68976
68976
68975
68975
68975
68975
68974
68974
68974
68974
68973
68973
68973
68973
68972
68972
68972
68972
68971
68971
68971
68969
68968
68966
68965
68963
68961
68961
68960
68960
68960
68958
68958
68957
68957
68956
68956
68956
68955
68955
68955
68955
68954
68954
68954
68954
68953
68953
68953
68953
68952
68952
68952
68952
68950
68950
68950
68949
68949
68949
68948
68948
68948
68948
68947
68947
68947
68947
68946
68946
68946
68946
68945
68945
68945
68945
68944
68943
68943
68942
68942
68942
68942
68941
68941
68941
68941
68940
68940
68940
68940
68939
68938
68938
68937
68937
68937
68937
68936
68936
68934
68933
68933
68933
68933
68932
68932
68932
68931
68931
68931
68931
68930
68930
68930
68928
68928
68927
68927
68926
68926
68926
68926
68925
68925
68925
68925
68924
68924
68924
68923
68923
68923
68923
68922
68922
68922
68922
68921
68921
68921
68921
68920
68920
68920
68920
68919
68919
68919
68919
68918
68918
68918
68918
68917
68917
68917
68917
68916
68916
68916
68915
68915
68915
68915
68914
68914
68914
68914
68913
68913
68913
68913
68912
68912
68912
68912
68911
68911
68911
68911
68910
68910
68910
68910
68909
68909
68909
68909
68908
68908
68908
68908
68907
68907
68907
68906
68906
68906
68906
68905
68905
68905
68905
68904
68904
68904
68904
68903
68903
68903
68903
68902
68900
68898
68897
68895
68893
68891
68889
68888
68888
68888
68888
68887
68887
68887
68887
68886
68886
68886
68885
68885
68885
68885
68884
68884
68884
68884
68883
68882
68882
68881
68881
68881
68880
68880
68880
68880
68879
68879
68879
68879
68878
68878
68878
68877
68877
68877
68877
68876
68876
68876
68874
68874
68874
68873
68873
68873
68873
68872
68872
68872
68872
68871
68871
68871
68870
68869
68869
68868
68868
68868
68866
68866
68866
68865
68864
68864
68864
68863
68863
68863
68863
68862
68862
68862
68862
68861
68861
68861
68859
68859
68858
68857
68857
68857
68857
68856
68856
68856
68855
68855
68855
68855
68854
68854
68854
68853
68852
68852
68852
68851
68851
68851
68848
68847
68847
68846
68846
68845
68845
68845
68845
68844
68844
68844
68843
68843
68842
68842
68842
68841
68841
68841
68840
68840
68839
68839
68839
68838
68838
68838
68837
68837
68837
68836
68836
68835
68835
68835
68834
68834
68833
68833
68833
68832
68832
68831
68831
68831
68830
68830
68830
68829
68829
68829
68828
68828
68827
68827
68556
68554
68554
68553
68553
68552
68552
68552
68552
68551
68551
68551
68550
68550
68550
68550
68549
68549
68549
68549
68548
68548
68548
68547
68542
68540
68539
68537
68536
68534
68534
68534
68534
68533
68533
68533
68532
68532
68532
68532
68531
68531
68531
68531
68530
68529
68529
68528
68528
68528
68528
68527
68527
68527
68526
68526
68526
68526
68525
68525
68525
68525
68524
68524
68524
68524
68523
68523
68522
68521
68521
68521
68520
68520
68520
68520
68519
68519
68519
68519
68518
68518
68518
68516
68516
68512
68512
68511
68509
68509
68509
68507
68507
68507
68507
68506
68506
68506
68506
68505
68505
68505
68504
68504
68504
68504
68502
68502
68500
68500
68500
68500
68499
68499
68499
68498
68498
68498
68498
68497
68497
68497
68497
68496
68496
68496
68495
68495
68495
68494
68493
68493
68493
68492
68492
68492
68492
68491
68491
68491
68491
68490
68490
68490
68490
68489
68489
68489
68489
68488
68488
68488
68487
68487
68487
68487
68486
68486
68486
68486
68485
68485
68485
68485
68484
68484
68484
68484
68483
68483
68483
68483
68482
68482
68482
68482
68481
68481
68481
68480
68480
68480
68480
68479
68479
68479
68479
68478
68478
68478
68478
68477
68477
68477
68477
68476
68476
68476
68476
68475
68475
68475
68474
68474
68474
68474
68473
68473
68473
68473
68472
68472
68472
68470
68470
68470
68468
68467
68465
68464
68463
68461
68461
68460
68460
68460
68460
68459
68459
68459
68459
68455
68455
68455
68454
68454
68454
68453
68453
68453
68453
68452
68452
68452
68452
68451
68451
68451
68451
68450
68450
68450
68449
68449
68447
68447
68447
68446
68446
68445
68445
68443
68442
68442
68441
68441
68441
68440
68438
68436
68435
68435
68434
68434
68433
68433
68375
68373
68373
68372
68372
68372
68371
68371
68371
68370
68370
68370
68370
68369
68369
68369
68367
68367
68366
68365
68365
68365
68365
68364
68364
68364
68364
68363
68363
68363
68362
68362
68362
68362
68361
68361
68361
68361
68360
68359
68359
68358
68358
68358
68358
68357
68357
68357
68357
68356
68356
68356
68356
68355
68355
68355
68355
68354
68354
68354
68354
68353
68353
68353
68352
68352
68352
68352
68350
68350
68349
68349
68349
68349
68348
68348
68348
68348
68347
68347
68347
68347
68346
68346
68346
68345
68345
68345
68345
68344
68344
68344
68344
68343
68343
68343
68342
68342
68342
68342
68341
68341
68341
68341
68340
68340
68340
68340
68339
68339
68339
68339
68338
68338
68338
68337
68337
68337
68337
68336
68335
68334
68334
68334
68334
68333
68333
68333
68333
68332
68332
68332
68330
68328
68327
68325
68322
68321
68320
68320
68320
68318
68318
68318
68317
68317
68317
68317
68316
68316
68316
68316
68315
68315
68315
68315
68314
68314
68314
68314
68313
68313
68313
68313
68311
68311
68310
68310
68310
68310
68309
68309
68309
68309
68308
68307
68307
68306
68306
68305
68304
68304
68304
68304
68303
68303
68303
68301
68301
68301
68301
68300
68300
68300
68300
68299
68299
68299
68298
68298
68298
68298
68296
68296
68295
68294
68294
68294
68294
68293
68293
68293
68293
68292
68292
68292
68292
68291
68291
68291
68291
68290
68290
68290
68290
68288
68288
68287
68287
68287
68287
68286
68286
68286
68285
68285
68285
68285
68284
68284
68284
68284
68283
68283
68283
68283
68282
68282
68282
68282
68281
68281
68281
68281
68280
68280
68280
68280
68279
68279
68279
68278
68278
68278
68278
68277
68277
68277
68277
68276
68276
68276
68276
68275
68275
68275
68275
68274
68274
68274
68273
68273
68273
68273
68272
68272
68272
68272
68271
68271
68271
68271
68270
68270
68270
68270
68269
68269
68269
68268
68268
68268
68268
68266
68266
68266
68265
68265
68264
68264
68264
68264
68263
68263
68263
68263
68262
68262
68262
68262
68261
68261
68261
68261
68256
68254
68253
68250
68248
68246
68246
68245
68245
68245
68245
68244
68244
68244
68244
68243
68243
68243
68243
68242
68242
68242
68241
68241
68241
68241
68239
68239
68238
68238
68238
68237
68237
68237
68235
68235
68235
68235
68234
68234
68234
68232
68232
68232
68232
68231
68231
68231
68230
68229
68229
68228
68228
68228
68228
68227
68227
68227
68227
68226
68226
68226
68226
68225
68224
68223
68222
68222
68221
68221
68221
68220
68220
68220
68220
68219
68219
68219
68219
68218
68218
68218
68218
68217
68217
68217
68217
68215
68215
68214
68214
68214
68214
68213
68213
68213
68213
68212
68212
68212
68212
68211
68211
68211
68211
68210
68210
68210
68210
68209
68209
68209
68208
68208
68208
68208
68207
68207
68207
68206
68206
68206
68206
68205
68205
68205
68205
68204
68204
68204
68203
68203
68203
68203
68202
68202
68202
68202
68201
68201
68201
68201
68200
68200
68200
68200
68199
68199
68199
68199
68198
68198
68198
68197
68197
68197
68197
68196
68196
68196
68196
68195
68194
68194
68193
68193
68193
68193
68192
68192
68192
68192
68191
68191
68191
68191
68190
68190
68190
68189
68189
68189
68189
68188
68188
68188
68188
68187
68187
68187
68187
68186
68185
68183
68182
68180
68179
68177
68177
68177
68177
68176
68176
68176
68176
68175
68175
68175
68175
68174
68174
68174
68172
68172
68172
68171
68171
68170
68169
68169
68169
68169
68168
68168
68168
68168
68167
68166
68165
68165
68165
68165
68164
68164
68164
68162
68162
68162
68162
68161
68161
68161
68161
68160
68160
68160
68160
68159
68159
68159
68157
68157
68155
68155
68155
68155
68153
68153
68152
68152
68152
68152
68151
68151
68151
68151
68150
68150
68150
68150
68149
68149
68149
68147
68147
68147
68146
68146
68146
68146
68145
68145
68145
68145
68144
68144
68144
68144
68143
68143
68143
68143
68142
68142
68142
68142
68140
68140
68139
68139
68139
68139
68138
68138
68138
68138
68137
68137
68137
68136
68136
68136
68136
68135
68135
68135
68135
68134
68134
68134
68134
68133
68133
68133
68132
68132
68132
68132
68131
68131
68131
68131
68130
68130
68130
68129
68129
68129
68129
68128
68128
68128
68127
68127
68127
68125
68125
68125
68124
68124
68124
68124
68123
68123
68123
68123
68122
68122
68122
68122
68121
68121
68121
68121
68120
68120
68120
68119
68119
68119
68119
68118
68118
68118
68118
68117
68117
68117
68117
68116
68116
68116
68116
68115
68114
68112
68110
68109
68107
68105
68104
68104
68104
68104
68103
68103
68103
68103
68101
68101
68099
68099
68099
68099
68098
68098
68098
68098
68097
68097
68097
68097
68096
68095
68095
68094
68094
68094
68093
68093
68093
68091
68091
68091
68091
68090
68090
68090
68090
68089
68089
68089
68089
68088
68088
68088
68086
68086
68085
68084
68084
68084
68084
68083
68083
68083
68083
68082
68082
68082
68081
68081
68081
68081
68080
68080
68080
68080
68079
68078
68078
68077
68077
68077
68077
68076
68076
68076
68076
68075
68075
68075
68075
68074
68074
68074
68074
68073
68073
68073
68073
68072
68071
68070
68070
68070
68070
68069
68069
68069
68069
68068
68068
68068
68068
68067
68067
68067
68066
68066
68066
68066
68065
68065
68065
68065
68064
68064
68064
68064
68063
68063
68062
68061
68061
68061
68060
68060
68060
68060
68059
68059
68059
68059
68058
68058
68058
68058
68056
68056
68055
68055
68055
68055
68054
68054
68054
68054
68053
68053
68053
68053
68052
68052
68052
68052
68051
68051
68051
68051
68050
68050
68050
68049
68049
68049
68049
68048
68048
68048
68048
68047
68047
68047
68047
68046
68046
68046
68046
68045
68045
68045
68045
68044
68044
68044
68042
68040
68039
68038
68036
68034
68034
68033
68031
68031
68031
68030
68030
68030
68030
68029
68029
68029
68029
68028
68028
68028
68028
68026
68026
68026
68025
68025
68025
68024
68024
68023
68022
68022
68022
68022
68021
68021
68021
68021
68020
68020
68020
68019
68019
68019
68017
68017
68016
68015
68015
68015
68015
68014
68014
68014
68014
68013
68013
68013
68013
68012
68012
68012
68012
68011
68011
68011
68011
68009
68009
68008
68008
68008
68008
68007
68007
68007
68007
68006
68006
68006
68006
68005
68005
68005
68005
68004
68004
68004
68004
68003
68002
68002
68001
68001
68001
68000
68000
68000
68000
67999
67999
67999
67999
67998
67998
67998
67998
67997
67997
67997
67997
67996
67996
67996
67995
67995
67995
67995
67994
67994
67994
67994
67993
67993
67993
67993
67992
67992
67992
67992
67991
67991
67991
67989
67989
67989
67988
67988
67988
67988
67987
67987
67987
67987
67986
67986
67986
67985
67985
67985
67985
67984
67984
67984
67984
67983
67983
67983
67983
67982
67982
67982
67982
67981
67981
67981
67981
67980
67980
67980
67980
67979
67979
67979
67979
67978
67978
67978
67977
67977
67977
67977
67976
67976
67976
67976
67975
67975
67975
67975
67972
67970
67967
67965
67962
67961
67961
67960
67960
67960
67960
67959
67959
67959
67959
67958
67958
67956
67956
67956
67956
67955
67955
67955
67955
67953
67953
67953
67953
67952
67952
67952
67951
67951
67951
67950
67950
67950
67950
67949
67948
67947
67946
67946
67946
67945
67945
67945
67944
67944
67944
67944
67943
67943
67943
67943
67942
67942
67942
67942
67941
67941
67941
67939
67939
67939
67939
67938
67938
67938
67938
67937
67937
67937
67937
67936
67936
67936
67936
67935
67935
67935
67934
67934
67934
67934
67932
67932
67931
67931
67931
67931
67930
67930
67930
67930
67929
67929
67929
67929
67928
67928
67928
67928
67927
67927
67927
67925
67925
67925
67924
67924
67924
67924
67923
67923
67923
67922
67922
67922
67922
67921
67921
67921
67921
67920
67919
67919
67918
67918
67918
67918
67917
67917
67917
67917
67916
67916
67916
67916
67915
67915
67915
67915
67914
67914
67914
67914
67913
67913
67913
67912
67912
67912
67912
67911
67911
67911
67911
67910
67910
67910
67910
67909
67909
67909
67909
67908
67908
67908
67908
67907
67907
67907
67907
67906
67906
67906
67905
67905
67905
67905
67904
67904
67904
67904
67903
67903
67903
67903
67902
67902
67901
67899
67898
67896
67895
67893
67893
67893
67893
67892
67892
67891
67890
67890
67890
67890
67889
67889
67889
67887
67887
67887
67886
67886
67886
67886
67885
67885
67885
67885
67884
67884
67884
67884
67882
67882
67880
67880
67880
67880
67879
67879
67879
67879
67878
67878
67878
67878
67877
67877
67877
67877
67876
67876
67876
67875
67875
67874
67873
67873
67873
67873
67872
67872
67871
67870
67870
67870
67869
67869
67869
67869
67868
67868
67868
67868
67867
67867
67867
67867
67865
67865
67865
67864
67864
67864
67864
67863
67863
67863
67863
67862
67862
67862
67862
67861
67861
67861
67860
67860
67860
67858
67858
67857
67856
67856
67856
67856
67855
67855
67855
67854
67854
67854
67854
67853
67853
67852
67851
67851
67851
67851
67850
67850
67850
67850
67849
67849
67848
67848
67848
67848
67847
67847
67847
67847
67846
67846
67846
67846
67845
67845
67845
67845
67844
67844
67844
67844
67843
67843
67843
67843
67842
67842
67842
67841
67841
67841
67841
67840
67840
67840
67839
67839
67839
67839
67838
67838
67838
67838
67837
67837
67837
67837
67836
67836
67836
67836
67835
67835
67835
67835
67834
67834
67834
67834
67833
67833
67833
67833
67832
67832
67830
67829
67827
67826
67823
67820
67820
67820
67819
67819
67819
67819
67818
67817
67817
67816
67816
67816
67816
67815
67815
67815
67815
67814
67814
67814
67813
67813
67812
67811
67810
67810
67809
67809
67809
67808
67808
67808
67808
67807
67807
67807
67807
67806
67806
67806
67806
67805
67805
67805
67805
67781
67781
67780
67780
67779
67779
67779
67778
67778
67778
67777
67777
67777
67776
67776
67776
67775
67775
67775
67774
67774
67774
67773
67771
67771
67770
67770
67769
67769
67769
67768
67768
67767
67767
67767
67766
67766
67766
67765
67765
67765
67764
67764
67764
67762
67762
67760
67760
67760
67759
67759
67759
67758
67758
67758
67757
67757
67755
67755
67755
67754
67754
67753
67753
67753
67753
67752
67752
67752
67751
67751
67751
67751
67750
67750
67750
67750
67748
67748
67747
67747
67747
67747
67746
67746
67746
67746
67745
67745
67745
67744
67744
67744
67744
67743
67743
67743
67743
67742
67742
67742
67742
67741
67741
67741
67740
67740
67740
67740
67739
67739
67739
67739
67738
67738
67738
67738
67737
67737
67737
67736
67736
67736
67736
67735
67735
67735
67735
67734
67734
67734
67734
67733
67733
67733
67733
67732
67732
67732
67732
67731
67730
67728
67726
67725
67723
67720
67720
67719
67718
67718
67718
67718
67717
67717
67717
67717
67716
67716
67716
67715
67715
67715
67714
67713
67712
67712
67711
67711
67711
67711
67710
67710
67710
67709
67709
67709
67709
67708
67708
67708
67708
67707
67707
67707
67707
67705
67705
67705
67704
67704
67704
67703
67703
67703
67703
67702
67702
67702
67702
67701
67701
67701
67701
67700
67700
67700
67700
67699
67698
67698
67697
67697
67697
67696
67696
67696
67696
67695
67695
67695
67695
67694
67694
67694
67694
67693
67693
67693
67693
67691
67691
67689
67689
67689
67689
67688
67688
67688
67687
67686
67686
67685
67685
67685
67685
67684
67684
67684
67683
67683
67683
67683
67682
67682
67682
67682
67681
67681
67681
67680
67680
67680
67680
67679
67679
67679
67679
67678
67678
67678
67678
67677
67677
67677
67677
67676
67676
67676
67676
67675
67675
67675
67675
67674
67674
67674
67674
67673
67673
67673
67673
67672
67672
67672
67671
67671
67671
67671
67670
67670
67670
67670
67669
67669
67669
67669
67668
67668
67668
67668
67667
67667
67667
67667
67666
67666
67666
67666
67665
67665
67665
67665
67664
67664
67664
67664
67663
67663
67663
67663
67662
67662
67659
67657
67654
67652
67651
67649
67649
67649
67648
67648
67648
67647
67647
67647
67646
67646
67644
67644
67643
67642
67642
67642
67641
67641
67641
67641
67640
67640
67640
67640
67639
67639
67639
67639
67638
67638
67638
67638
67637
67636
67636
67635
67635
67635
67635
67634
67634
67634
67634
67633
67633
67633
67633
67632
67632
67632
67632
67631
67631
67631
67630
67630
67629
67628
67628
67628
67628
67627
67627
67627
67627
67626
67626
67626
67625
67625
67625
67625
67624
67624
67624
67624
67623
67622
67622
67620
67620
67620
67619
67619
67617
67617
67617
67617
67616
67616
67616
67616
67615
67615
67614
67613
67613
67613
67612
67612
67612
67612
67611
67611
67611
67611
67610
67610
67610
67610
67609
67609
67609
67609
67608
67608
67608
67608
67607
67607
67607
67607
67606
67606
67606
67606
67605
67605
67605
67605
67604
67604
67604
67604
67603
67603
67603
67603
67602
67602
67602
67601
67601
67601
67601
67600
67600
67600
67600
67599
67599
67599
67599
67598
67598
67598
67597
67597
67597
67596
67596
67596
67596
67595
67595
67595
67595
67594
67594
67594
67594
67593
67593
67593
67593
67592
67592
67592
67592
67591
67591
67591
67591
67590
67590
67590
67586
67585
67584
67582
67581
67579
67579
67579
67578
67578
67577
67576
67575
67575
67574
67574
67574
67573
67573
67573
67573
67572
67572
67572
67572
67571
67571
67571
67571
67570
67570
67570
67570
67568
67568
67568
67567
67567
67567
67567
67566
67566
67566
67565
67565
67565
67565
67564
67564
67564
67564
67563
67563
67563
67563
67562
67561
67561
67560
67560
67560
67560
67559
67559
67558
67557
67557
67557
67557
67556
67556
67556
67556
67555
67555
67555
67554
67553
67553
67551
67551
67550
67549
67549
67549
67549
67548
67548
67548
67548
67547
67547
67547
67546
67545
67545
67544
67544
67544
67544
67543
67543
67542
67541
67541
67541
67541
67540
67540
67540
67539
67539
67539
67539
67538
67538
67538
67538
67537
67537
67537
67537
67536
67536
67536
67536
67535
67535
67535
67535
67534
67534
67534
67534
67533
67533
67533
67533
67532
67532
67532
67531
67531
67531
67531
67530
67530
67530
67530
67529
67529
67529
67529
67528
67528
67528
67528
67527
67527
67527
67527
67526
67526
67526
67526
67525
67525
67525
67525
67524
67524
67524
67523
67523
67523
67523
67522
67522
67522
67522
67521
67521
67521
67521
67520
67520
67520
67519
67519
67519
67519
67518
67517
67515
67514
67511
67509
67507
67506
67505
67505
67505
67505
67504
67504
67504
67504
67503
67503
67503
67503
67502
67502
67502
67502
67501
67501
67501
67501
67499
67499
67498
67498
67498
67498
67497
67497
67497
67497
67496
67496
67496
67496
67495
67495
67495
67494
67494
67494
67494
67493
67493
67492
67491
67491
67491
67491
67490
67490
67490
67489
67489
67489
67489
67488
67488
67488
67488
67487
67487
67487
67487
67486
67485
67483
67482
67482
67481
67481
67481
67481
67480
67480
67480
67480
67479
67479
67479
67478
67478
67477
67476
67476
67476
67476
67475
67475
67475
67473
67473
67473
67473
67472
67472
67472
67472
67471
67471
67471
67470
67470
67470
67470
67469
67469
67469
67469
67468
67468
67468
67468
67467
67467
67467
67467
67466
67466
67466
67466
67465
67464
67464
67463
67463
67463
67463
67462
67462
67462
67462
67461
67461
67461
67460
67460
67460
67460
67459
67459
67459
67459
67458
67458
67458
67458
67457
67457
67457
67457
67456
67456
67456
67456
67455
67455
67455
67455
67454
67454
67454
67454
67453
67453
67453
67453
67452
67452
67452
67452
67451
67451
67451
67450
67450
67450
67450
67449
67449
67449
67449
67448
67448
67448
67448
67445
67443
67441
67440
67438
67436
67436
67436
67436
67435
67435
67435
67435
67434
67434
67434
67434
67433
67433
67433
67433
67431
67431
67430
67430
67430
67430
67429
67429
67429
67429
67428
67428
67428
67428
67427
67427
67427
67427
67426
67426
67426
67425
67425
67424
67423
67423
67423
67423
67422
67422
67422
67422
67421
67421
67421
67421
67420
67420
67420
67420
67419
67419
67418
67417
67416
67416
67414
67414
67414
67413
67413
67413
67413
67412
67412
67412
67412
67411
67411
67411
67411
67409
67409
67408
67408
67408
67408
67407
67407
67406
67405
67405
67405
67404
67404
67404
67403
67403
67403
67403
67402
67402
67402
67402
67400
67400
67400
67399
67399
67399
67399
67398
67398
67398
67398
67397
67397
67397
67397
67396
67396
67396
67396
67395
67395
67395
67395
67394
67394
67394
67393
67393
67393
67393
67392
67392
67392
67392
67391
67391
67391
67391
67390
67390
67390
67390
67389
67389
67389
67388
67388
67388
67388
67387
67387
67387
67387
67386
67386
67386
67386
67385
67385
67385
67385
67384
67384
67384
67384
67383
67383
67383
67383
67382
67382
67382
67381
67381
67381
67381
67380
67380
67380
67380
67379
67379
67379
67379
67378
67378
67377
67374
67371
67370
67368
67367
67365
67365
67365
67365
67364
67364
67364
67363
67363
67363
67361
67361
67361
67360
67360
67360
67360
67359
67359
67359
67359
67358
67358
67358
67358
67357
67357
67357
67357
67356
67356
67356
67356
67354
67354
67353
67353
67353
67353
67352
67352
67352
67352
67351
67351
67351
67351
67350
67350
67349
67348
67348
67348
67348
67346
67346
67345
67344
67344
67344
67343
67343
67343
67342
67342
67342
67342
67341
67341
67341
67340
67339
67339
67338
67338
67338
67338
67337
67337
67335
67335
67335
67335
67334
67334
67334
67334
67333
67333
67333
67333
67332
67332
67332
67330
67330
67329
67329
67329
67329
67328
67328
67328
67328
67327
67327
67327
67327
67326
67326
67326
67326
67325
67325
67325
67325
67324
67324
67324
67324
67323
67323
67323
67322
67322
67322
67322
67321
67321
67321
67321
67320
67320
67320
67320
67319
67319
67319
67319
67318
67318
67318
67318
67317
67317
67317
67317
67316
67316
67316
67315
67315
67315
67315
67314
67314
67314
67314
67313
67313
67313
67313
67312
67312
67312
67312
67311
67311
67311
67310
67310
67310
67310
67309
67309
67309
67309
67307
67307
67307
67306
67306
67306
67305
67305
67305
67304
67303
67301
67300
67298
67296
67294
67294
67294
67293
67292
67292
67291
67291
67291
67291
67290
67290
67290
67290
67289
67289
67288
67288
67288
67288
67287
67287
67287
67287
67286
67286
67286
67284
67284
67284
67284
67283
67283
67283
67283
67282
67282
67282
67282
67281
67280
67280
67279
67279
67279
67278
67278
67278
67276
67276
67275
67274
67274
67274
67274
67273
67273
67273
67273
67271
67271
67271
67270
67270
67270
67268
67268
67268
67268
67267
67267
67267
67267
67265
67265
67265
67264
67264
67264
67264
67263
67263
67263
67263
67262
67262
67262
67262
67260
67260
67259
67259
67259
67259
67258
67258
67258
67258
67257
67257
67257
67257
67256
67256
67256
67256
67255
67255
67255
67254
67254
67254
67254
67253
67253
67253
67253
67252
67252
67252
67252
67251
67251
67251
67251
67250
67250
67250
67249
67249
67249
67249
67248
67248
67248
67248
67247
67247
67247
67247
67246
67246
67246
67245
67245
67245
67245
67244
67244
67244
67244
67243
67243
67243
67243
67242
67242
67242
67241
67241
67241
67241
67240
67240
67240
67240
67239
67239
67238
67237
67237
67237
67237
67236
67236
67236
67236
67235
67235
67235
67235
67234
67234
67234
67233
67233
67233
67231
67229
67227
67225
67223
67222
67221
67221
67221
67221
67220
67220
67220
67220
67219
67219
67219
67219
67218
67218
67218
67217
67217
67217
67217
67216
67215
67215
67214
67214
67214
67214
67213
67213
67213
67213
67211
67211
67211
67210
67210
67210
67210
67209
67209
67209
67209
67207
67207
67205
67205
67205
67205
67204
67204
67204
67204
67203
67203
67203
67203
67202
67202
67202
67200
67200
67200
67200
67199
67199
67199
67199
67197
67197
67196
67196
67196
67195
67195
67195
67195
67194
67194
67194
67194
67193
67193
67192
67191
67191
67191
67191
67190
67190
67190
67190
67189
67189
67189
67189
67188
67188
67188
67188
67187
67187
67187
67186
67186
67186
67186
67185
67185
67185
67185
67184
67184
67184
67184
67183
67183
67183
67183
67182
67182
67182
67182
67181
67180
67179
67179
67179
67179
67178
67178
67178
67177
67177
67177
67177
67176
67176
67176
67175
67175
67175
67175
67174
67174
67174
67174
67173
67173
67173
67173
67172
67172
67172
67172
67171
67171
67171
67171
67170
67169
67169
67168
67167
67167
67167
67167
67166
67166
67166
67165
67165
67165
67165
67164
67164
67164
67164
67163
67163
67163
67163
67162
67162
67162
67162
67161
67161
67159
67158
67156
67155
67153
67151
67151
67150
67150
67150
67150
67149
67149
67149
67149
67148
67148
67148
67148
67147
67146
67145
67145
67145
67145
67144
67144
67143
67142
67142
67142
67142
67141
67141
67141
67140
67140
67140
67139
67139
67139
67137
67137
67136
67135
67135
67135
67135
67134
67134
67134
67134
67133
67133
67133
67133
67132
67132
67131
67130
67130
67130
67130
67129
67129
67129
67127
67127
67127
67126
67126
67126
67126
67125
67125
67125
67125
67124
67124
67124
67124
67122
67122
67121
67121
67121
67121
67120
67120
67120
67119
67119
67119
67119
67118
67118
67118
67118
67117
67117
67117
67117
67116
67116
67115
67114
67114
67114
67114
67113
67113
67113
67113
67112
67112
67112
67112
67111
67111
67111
67110
67110
67110
67110
67109
67109
67109
67109
67108
67108
67108
67108
67107
67107
67107
67107
67106
67106
67106
67106
67105
67105
67105
67105
67104
67104
67104
67103
67103
67103
67103
67102
67102
67102
67102
67100
67100
67099
67099
67099
67099
67098
67098
67098
67097
67097
67097
67097
67096
67096
67096
67096
67095
67095
67095
67095
67094
67094
67094
67094
67093
67093
67093
67093
67092
67092
67092
67091
67091
67091
67091
67090
67086
67085
67083
67082
67080
67079
67078
67078
67078
67077
67077
67077
67077
67076
67075
67075
67074
67074
67073
67072
67072
67072
67072
67071
67071
67071
67071
67070
67070
67070
67069
67069
67069
67069
67068
67067
67067
67065
67065
67065
67064
67064
67064
67063
67063
67063
67063
67062
67062
67062
67062
67061
67060
67060
67059
67059
67059
67058
67058
67058
67056
67056
67056
67056
67055
67055
67055
67055
67054
67054
67054
67054
67053
67053
67053
67051
67051
67051
67050
67050
67050
67050
67049
67049
67049
67049
67048
67048
67048
67048
67047
67047
67047
67046
67046
67046
67046
67045
67044
67044
67043
67043
67043
67043
67042
67042
67042
67042
67041
67041
67041
67041
67040
67040
67040
67040
67039
67039
67039
67038
67038
67038
67038
67037
67037
67037
67037
67036
67036
67036
67036
67035
67035
67035
67035
67034
67034
67034
67034
67033
67033
67033
67033
67032
67032
67032
67030
67030
67030
67030
67029
67029
67029
67029
67028
67028
67028
67028
67027
67027
67027
67026
67026
67026
67026
67025
67025
67025
67025
67024
67024
67024
67024
67023
67023
67023
67023
67022
67022
67022
67021
67021
67021
67021
67020
67020
67020
67020
67019
67019
67019
67019
67017
67015
67014
67013
67011
67010
67010
67009
67008
67007
67007
67006
67006
67006
67005
67005
67005
67005
67004
67004
67003
67003
67003
67003
67002
67002
67002
67002
67001
67000
67000
66998
66998
66998
66997
66997
66997
66997
66996
66996
66996
66995
66995
66995
66995
66994
66993
66993
66992
66992
66992
66992
66991
66991
66990
66989
66989
66989
66989
66988
66988
66988
66988
66987
66986
66986
66985
66985
66985
66983
66983
66983
66982
66982
66982
66982
66981
66981
66981
66980
66980
66980
66980
66979
66979
66979
66978
66978
66978
66978
66977
66977
66976
66975
66975
66975
66975
66974
66974
66974
66974
66973
66973
66973
66972
66972
66972
66972
66971
66971
66971
66971
66970
66970
66970
66970
66969
66969
66969
66968
66968
66968
66968
66967
66967
66967
66967
66966
66966
66966
66966
66965
66965
66965
66965
66964
66964
66963
66962
66962
66962
66962
66961
66961
66961
66961
66960
66960
66960
66959
66959
66959
66959
66958
66958
66958
66958
66957
66957
66957
66956
66956
66956
66955
66955
66955
66955
66954
66954
66954
66954
66953
66953
66953
66953
66952
66952
66952
66952
66951
66951
66951
66951
66950
66950
66950
66949
66949
66949
66948
66948
66948
66945
66944
66941
66939
66938
66936
66936
66936
66936
66935
66935
66935
66935
66934
66934
66934
66933
66933
66933
66933
66932
66932
66932
66930
66930
66929
66928
66928
66928
66928
66927
66927
66927
66927
66926
66926
66926
66925
66925
66925
66923
66923
66923
66923
66922
66922
66922
66922
66920
66920
66919
66919
66919
66919
66918
66918
66918
66918
66917
66917
66917
66917
66916
66915
66915
66914
66914
66914
66913
66913
66913
66913
66912
66912
66912
66912
66911
66911
66911
66911
66910
66910
66910
66910
66909
66909
66908
66907
66907
66907
66907
66906
66906
66906
66905
66905
66905
66905
66904
66904
66904
66904
66903
66903
66903
66903
66902
66901
66901
66900
66900
66900
66900
66899
66899
66899
66899
66898
66898
66898
66897
66897
66897
66897
66896
66896
66896
66896
66893
66893
66893
66892
66892
66892
66891
66891
66891
66891
66890
66890
66890
66890
66889
66889
66889
66889
66888
66888
66888
66888
66887
66887
66887
66886
66886
66886
66886
66885
66885
66885
66885
66884
66884
66884
66884
66883
66883
66883
66883
66882
66882
66882
66881
66881
66881
66881
66880
66880
66880
66880
66879
66879
66879
66879
66878
66878
66878
66878
66877
66877
66877
66877
66875
66874
66872
66871
66869
66867
66867
66867
66867
66866
66866
66866
66866
66865
66865
66865
66865
66863
66863
66861
66861
66861
66861
66860
66860
66860
66860
66859
66859
66859
66859
66858
66858
66858
66856
66856
66856
66855
66855
66855
66855
66854
66853
66853
66853
66852
66852
66852
66852
66851
66851
66851
66850
66850
66850
66850
66849
66848
66848
66848
66847
66847
66847
66846
66846
66846
66846
66845
66845
66845
66845
66844
66844
66844
66844
66843
66843
66843
66843
66842
66841
66840
66840
66840
66839
66839
66839
66839
66838
66838
66838
66838
66837
66837
66837
66837
66836
66836
66836
66835
66835
66834
66833
66832
66832
66831
66831
66831
66830
66830
66830
66830
66829
66829
66829
66829
66828
66828
66828
66826
66826
66826
66825
66825
66825
66824
66824
66824
66824
66823
66823
66823
66823
66822
66822
66822
66822
66821
66821
66821
66821
66820
66820
66820
66820
66819
66819
66819
66818
66818
66818
66818
66817
66817
66817
66817
66816
66816
66816
66816
66815
66815
66815
66815
66814
66814
66814
66814
66813
66813
66813
66813
66812
66812
66812
66811
66811
66811
66811
66810
66810
66810
66810
66809
66809
66809
66809
66808
66808
66808
66808
66807
66787
66785
66784
66782
66781
66779
66779
66779
66778
66778
66778
66776
66776
66774
66774
66774
66774
66773
66773
66773
66773
66772
66772
66772
66771
66771
66771
66771
66769
66769
66769
66768
66768
66768
66768
66767
66766
66766
66765
66765
66765
66764
66764
66764
66764
66763
66763
66763
66763
66762
66762
66760
66760
66760
66760
66759
66759
66759
66759
66758
66758
66758
66757
66757
66757
66757
66756
66756
66756
66756
66755
66755
66755
66755
66753
66753
66753
66752
66752
66752
66752
66751
66751
66751
66750
66750
66750
66750
66749
66749
66749
66749
66748
66748
66748
66746
66746
66745
66744
66744
66744
66744
66743
66743
66743
66743
66742
66742
66742
66742
66740
66740
66740
66739
66739
66739
66738
66738
66738
66738
66737
66737
66737
66737
66736
66736
66736
66735
66735
66735
66735
66734
66734
66734
66734
66733
66733
66733
66733
66732
66732
66732
66732
66731
66731
66731
66731
66730
66730
66730
66730
66729
66729
66729
66729
66728
66728
66728
66727
66727
66727
66727
66726
66726
66726
66726
66725
66725
66725
66725
66725
66724
66724
66724
66723
66723
66723
66723
66722
66722
66722
66722
66721
66721
66721
66721
66720
66720
66720
66720
66719
66719
66717
66716
66715
66713
66712
66710
66709
66708
66708
66707
66707
66707
66707
66706
66706
66706
66706
66705
66705
66705
66705
66704
66703
66702
66702
66702
66702
66701
66701
66701
66699
66699
66699
66699
66698
66698
66698
66698
66697
66697
66697
66697
66696
66696
66696
66694
66694
66694
66693
66693
66693
66693
66692
66692
66692
66692
66691
66691
66691
66691
66690
66690
66690
66690
66688
66688
66688
66687
66686
66686
66685
66685
66685
66685
66684
66684
66684
66683
66683
66683
66683
66682
66682
66682
66682
66681
66681
66681
66681
66679
66679
66677
66677
66677
66677
66676
66676
66676
66676
66675
66675
66673
66672
66672
66671
66671
66671
66671
66670
66670
66670
66670
66669
66669
66669
66668
66668
66668
66668
66667
66667
66667
66667
66666
66666
66666
66666
66665
66665
66665
66665
66664
66664
66664
66664
66663
66663
66663
66663
66662
66662
66662
66662
66661
66661
66661
66661
66660
66660
66660
66660
66659
66659
66659
66659
66658
66658
66658
66657
66657
66657
66657
66656
66656
66656
66656
66655
66655
66655
66655
66654
66654
66654
66654
66653
66653
66653
66652
66652
66652
66652
66651
66651
66651
66651
66650
66650
66650
66650
66649
66649
66649
66647
66645
66643
66641
66640
66638
66638
66638
66638
66637
66637
66637
66637
66636
66636
66636
66634
66634
66634
66633
66633
66633
66633
66632
66631
66630
66630
66630
66630
66629
66629
66629
66629
66628
66628
66628
66628
66627
66627
66626
66625
66625
66625
66625
66624
66624
66624
66624
66623
66623
66623
66623
66622
66622
66622
66622
66621
66621
66621
66621
66620
66620
66619
66618
66618
66618
66618
66617
66617
66617
66616
66616
66616
66616
66615
66615
66615
66615
66614
66614
66614
66614
66613
66612
66612
66610
66610
66610
66609
66609
66609
66609
66607
66607
66606
66606
66606
66606
66605
66605
66605
66605
66604
66604
66604
66604
66602
66602
66602
66601
66601
66601
66601
66600
66600
66600
66599
66599
66599
66599
66598
66598
66598
66598
66597
66597
66597
66597
66595
66595
66595
66594
66594
66594
66594
66593
66593
66593
66593
66592
66592
66592
66592
66591
66591
66591
66591
66590
66590
66590
66590
66589
66589
66589
66589
66588
66588
66588
66588
66587
66587
66587
66586
66586
66586
66586
66585
66585
66585
66585
66584
66584
66584
66584
66583
66583
66583
66583
66582
66582
66582
66582
66581
66581
66581
66581
66580
66580
66580
66580
66579
66579
66577
66576
66574
66573
66571
66570
66569
66569
66569
66568
66567
66567
66567
66566
66566
66566
66566
66565
66564
66564
66563
66563
66563
66563
66562
66562
66562
66562
66561
66561
66561
66561
66560
66559
66558
66558
66558
66558
66557
66557
66557
66557
66556
66556
66556
66556
66555
66555
66555
66554
66554
66554
66554
66553
66553
66553
66552
66551
66551
66551
66550
66550
66550
66550
66549
66549
66549
66549
66548
66548
66548
66548
66547
66547
66547
66547
66546
66545
66545
66543
66543
66543
66542
66541
66541
66540
66540
66540
66540
66539
66539
66539
66538
66538
66538
66538
66537
66537
66537
66537
66535
66535
66532
66532
66532
66531
66531
66531
66531
66530
66530
66530
66530
66529
66529
66529
66528
66528
66528
66528
66527
66527
66527
66527
66526
66526
66526
66526
66525
66525
66525
66525
66524
66524
66524
66524
66523
66523
66523
66523
66522
66522
66522
66522
66521
66521
66521
66521
66520
66520
66520
66520
66519
66519
66519
66518
66518
66518
66518
66517
66517
66517
66517
66516
66516
66516
66516
66515
66515
66515
66515
66514
66514
66514
66513
66513
66513
66513
66512
66512
66512
66512
66511
66511
66511
66511
66510
66510
66510
66510
66509
66509
66506
66505
66503
66502
66499
66497
66497
66497
66496
66496
66496
66495
66493
66493
66493
66493
66492
66492
66492
66492
66491
66491
66491
66491
66490
66490
66490
66488
66488
66488
66487
66487
66487
66487
66486
66486
66486
66486
66485
66485
66485
66485
66484
66484
66484
66484
66483
66483
66483
66482
66481
66481
66480
66480
66480
66479
66479
66479
66479
66478
66478
66478
66478
66477
66477
66477
66477
66476
66476
66476
66475
66474
66474
66472
66471
66471
66470
66470
66470
66470
66469
66469
66469
66469
66468
66468
66468
66468
66467
66467
66467
66467
66466
66466
66465
66464
66463
66463
66462
66462
66462
66462
66461
66461
66461
66461
66460
66460
66460
66460
66459
66459
66459
66459
66458
66458
66458
66458
66457
66457
66457
66457
66456
66456
66456
66456
66455
66455
66455
66455
66454
66454
66454
66453
66453
66453
66453
66452
66452
66452
66452
66451
66451
66451
66451
66450
66450
66450
66450
66449
66449
66449
66449
66448
66448
66448
66448
66447
66447
66447
66446
66446
66446
66446
66445
66445
66445
66445
66444
66444
66444
66444
66443
66443
66443
66443
66442
66442
66442
66442
66441
66441
66441
66441
66440
66440
66440
66440
66439
66439
66439
66439
66434
66432
66431
66430
66427
66426
66424
66424
66424
66424
66423
66423
66423
66423
66422
66422
66422
66422
66421
66421
66421
66419
66419
66419
66418
66418
66418
66418
66417
66417
66417
66417
66416
66416
66416
66415
66415
66415
66415
66414
66414
66414
66414
66413
66412
66412
66412
66411
66411
66411
66410
66410
66410
66410
66409
66409
66409
66409
66408
66408
66408
66408
66407
66407
66405
66403
66403
66401
66401
66401
66400
66400
66400
66400
66399
66399
66399
66399
66398
66398
66398
66397
66397
66397
66397
66396
66396
66396
66393
66393
66392
66391
66391
66391
66390
66390
66390
66390
66389
66389
66389
66389
66388
66388
66388
66388
66387
66387
66387
66387
66386
66386
66386
66386
66385
66385
66385
66385
66384
66384
66384
66383
66383
66383
66383
66382
66382
66382
66382
66381
66381
66381
66381
66380
66380
66380
66380
66379
66379
66379
66379
66378
66378
66378
66378
66377
66377
66377
66377
66376
66376
66376
66376
66375
66375
66375
66374
66374
66374
66374
66373
66373
66373
66373
66372
66372
66372
66372
66371
66371
66371
66371
66370
66370
66370
66369
66369
66369
66369
66368
66368
66368
66368
66367
66367
66367
66367
66366
66366
66366
66366
66365
66363
66361
66360
66358
66357
66355
66355
66355
66355
66354
66354
66354
66353
66353
66353
66352
66351
66351
66351
66351
66350
66350
66350
66349
66349
66349
66349
66348
66348
66348
66348
66347
66347
66347
66347
66346
66346
66346
66344
66344
66344
66344
66343
66343
66343
66343
66342
66342
66342
66341
66341
66341
66341
66340
66340
66340
66338
66337
66337
66336
66335
66334
66334
66333
66333
66333
66332
66332
66332
66332
66331
66331
66331
66331
66330
66330
66330
66330
66329
66329
66329
66328
66327
66327
66325
66325
66325
66325
66324
66324
66324
66323
66323
66323
66323
66322
66322
66322
66322
66321
66321
66321
66321
66320
66320
66319
66318
66318
66318
66317
66317
66317
66317
66316
66316
66316
66316
66315
66315
66315
66315
66314
66314
66314
66313
66313
66313
66313
66311
66311
66311
66310
66310
66310
66310
66309
66309
66309
66309
66308
66308
66308
66308
66307
66307
66307
66307
66306
66306
66306
66305
66305
66305
66305
66304
66304
66304
66304
66303
66303
66303
66303
66302
66302
66302
66302
66301
66301
66301
66301
66300
66300
66300
66299
66299
66299
66299
66298
66298
66298
66298
66297
66297
66297
66295
66295
66295
66295
66294
66294
66294
66293
66292
66291
66289
66288
66286
66284
66284
66284
66284
66282
66282
66282
66281
66281
66281
66281
66280
66280
66280
66280
66279
66279
66279
66279
66278
66278
66278
66277
66277
66277
66277
66276
66275
66275
66274
66274
66274
66274
66273
66273
66273
66273
66272
66272
66272
66272
66271
66270
66269
66269
66269
66269
66268
66267
66267
66265
66265
66265
66264
66264
66264
66264
66263
66263
66263
66263
66262
66262
66262
66262
66261
66261
66261
66261
66260
66260
66258
66258
66255
66255
66255
66255
66254
66254
66254
66254
66253
66253
66253
66253
66252
66252
66252
66252
66251
66251
66251
66251
66250
66249
66249
66248
66248
66248
66248
66247
66247
66247
66247
66246
66246
66246
66246
66245
66245
66245
66245
66244
66244
66244
66243
66243
66243
66243
66242
66242
66242
66242
66241
66241
66241
66241
66240
66240
66240
66240
66239
66239
66239
66239
66238
66238
66238
66238
66237
66237
66237
66236
66236
66236
66236
66235
66235
66235
66235
66234
66234
66234
66233
66233
66233
66233
66232
66232
66232
66232
66231
66231
66231
66231
66230
66230
66230
66230
66229
66227
66227
66227
66227
66226
66226
66226
66225
66225
66225
66225
66224
66224
66224
66224
66223
66223
66220
66219
66217
66215
66214
66212
66212
66211
66211
66211
66211
66210
66210
66210
66210
66209
66209
66209
66209
66208
66208
66208
66208
66207
66207
66207
66205
66205
66205
66205
66204
66204
66204
66204
66203
66203
66203
66203
66201
66201
66201
66200
66200
66200
66200
66199
66199
66198
66197
66196
66196
66195
66195
66195
66195
66194
66194
66194
66194
66193
66193
66193
66193
66192
66192
66192
66191
66191
66191
66191
66189
66189
66188
66187
66187
66187
66187
66186
66186
66186
66185
66185
66185
66185
66184
66184
66184
66184
66183
66183
66183
66183
66182
66181
66181
66180
66180
66180
66179
66179
66179
66179
66178
66178
66178
66177
66177
66177
66177
66176
66176
66176
66176
66175
66175
66175
66175
66174
66174
66174
66174
66173
66173
66173
66173
66172
66172
66172
66172
66171
66171
66171
66170
66170
66170
66170
66169
66169
66169
66169
66168
66168
66168
66168
66167
66167
66167
66167
66166
66166
66166
66165
66165
66164
66164
66164
66163
66163
66163
66163
66162
66162
66162
66162
66161
66161
66159
66159
66159
66159
66158
66158
66158
66158
66157
66157
66157
66157
66156
66156
66156
66155
66155
66155
66155
66154
66154
66154
66154
66153
66153
66153
66151
66149
66147
66146
66144
66143
66143
66142
66142
66142
66142
66141
66141
66141
66140
66140
66140
66140
66139
66139
66138
66137
66137
66137
66137
66136
66136
66136
66136
66134
66134
66134
66133
66133
66133
66133
66132
66132
66132
66132
66131
66130
66129
66128
66128
66127
66127
66127
66127
66126
66126
66126
66125
66125
66125
66125
66124
66124
66124
66124
66123
66123
66123
66123
66119
66119
66117
66117
66117
66116
66116
66116
66116
66115
66115
66115
66114
66114
66114
66114
66113
66113
66113
66113
66112
66112
66112
66110
66110
66110
66110
66109
66109
66109
66109
66108
66108
66108
66108
66107
66107
66107
66106
66106
66106
66106
66105
66105
66105
66105
66104
66104
66104
66104
66103
66103
66103
66103
66102
66102
66102
66102
66101
66101
66101
66101
66100
66100
66100
66099
66099
66099
66099
66098
66098
66098
66098
66097
66097
66097
66097
66096
66096
66096
66096
66095
66095
66095
66095
66094
66094
66094
66094
66093
66093
66093
66092
66091
66091
66090
66090
66090
66090
66089
66089
66089
66089
66088
66088
66088
66088
66087
66087
66087
66087
66086
66086
66086
66086
66085
66085
66085
66084
66084
66084
66084
66083
66083
66083
66083
66082
66082
66080
66079
66077
66076
66074
66073
66072
66072
66072
66072
66071
66071
66070
66070
66069
66069
66068
66068
66068
66067
66066
66066
66066
66065
66065
66065
66064
66064
66064
66063
66063
66063
66063
66062
66062
66061
66060
66059
66059
66059
66058
66058
66058
66058
66057
66057
66057
66056
66056
66056
66056
66055
66055
66055
66055
66054
66054
66054
66053
66052
66051
66051
66050
66050
66050
66050
66049
66049
66049
66049
66048
66048
66048
66048
66047
66047
66047
66047
66046
66046
66046
66044
66044
66044
66043
66043
66043
66043
66042
66042
66042
66042
66041
66041
66041
66041
66040
66040
66038
66038
66038
66038
66037
66037
66037
66037
66036
66036
66036
66036
66035
66035
66035
66035
66034
66034
66034
66033
66033
66033
66033
66032
66032
66032
66032
66031
66031
66031
66029
66029
66029
66029
66028
66028
66028
66028
66027
66027
66027
66026
66026
66026
66026
66025
66025
66025
66025
66024
66023
66023
66022
66022
66022
66022
66021
66021
66021
66021
66020
66020
66020
66020
66019
66019
66019
66018
66018
66018
66018
66017
66017
66017
66017
66016
66016
66016
66016
66015
66015
66015
66015
66014
66014
66014
66014
66013
66013
66013
66013
66012
66012
66012
66010
66009
66007
66005
66004
66002
66002
66002
66000
66000
66000
65998
65998
65998
65997
65997
65997
65997
65996
65996
65996
65996
65995
65995
65995
65995
65994
65994
65994
65992
65992
65991
65991
65990
65990
65990
65990
65989
65989
65989
65988
65988
65988
65988
65987
65987
65987
65987
65986
65986
65986
65986
65984
65984
65982
65981
65981
65981
65980
65980
65980
65980
65979
65979
65979
65979
65978
65978
65978
65978
65977
65977
65977
65977
65976
65975
65975
65974
65974
65974
65974
65973
65973
65973
65972
65972
65972
65972
65971
65971
65971
65971
65969
65969
65969
65968
65968
65968
65968
65967
65967
65967
65967
65966
65966
65966
65966
65965
65965
65965
65964
65964
65964
65964
65963
65963
65963
65963
65962
65962
65962
65962
65961
65961
65961
65961
65960
65960
65960
65959
65959
65959
65959
65958
65958
65958
65958
65957
65957
65955
65955
65955
65955
65954
65954
65954
65954
65953
65953
65953
65953
65952
65952
65952
65952
65951
65951
65951
65950
65950
65950
65950
65949
65949
65949
65949
65948
65948
65948
65948
65947
65947
65947
65947
65946
65946
65946
65946
65945
65945
65945
65945
65944
65944
65944
65944
65943
65943
65943
65943
65942
65942
65939
65938
65935
65934
65932
65931
65930
65930
65930
65930
65929
65929
65929
65928
65928
65928
65928
65927
65927
65927
65927
65926
65926
65924
65924
65923
65922
65922
65922
65922
65921
65921
65921
65921
65920
65920
65920
65919
65919
65919
65919
65918
65918
65918
65918
65917
65916
65915
65914
65914
65913
65913
65913
65913
65912
65912
65912
65912
65911
65911
65911
65911
65910
65910
65910
65910
65909
65909
65909
65907
65907
65907
65906
65906
65906
65906
65905
65905
65905
65905
65904
65904
65904
65904
65903
65903
65902
65901
65901
65901
65901
65900
65900
65900
65899
65899
65899
65898
65898
65897
65897
65897
65897
65896
65896
65896
65896
65894
65894
65894
65893
65893
65893
65892
65892
65892
65892
65891
65891
65891
65891
65890
65890
65890
65890
65889
65889
65889
65889
65888
65887
65887
65886
65886
65886
65885
65885
65885
65885
65884
65884
65884
65884
65883
65883
65883
65883
65882
65882
65882
65882
65881
65881
65881
65880
65880
65880
65880
65879
65879
65879
65879
65878
65878
65878
65877
65877
65877
65877
65876
65876
65876
65876
65875
65875
65875
65874
65874
65874
65874
65873
65873
65873
65873
65872
65872
65872
65872
65871
65871
65871
65871
65869
65867
65866
65864
65861
65860
65859
65859
65859
65859
65858
65858
65858
65857
65857
65857
65856
65855
65855
65853
65853
65853
65852
65852
65852
65852
65851
65851
65851
65851
65850
65850
65850
65850
65849
65849
65849
65848
65848
65848
65846
65846
65845
65844
65844
65844
65844
65843
65843
65843
65842
65842
65842
65841
65841
65841
65841
65840
65840
65840
65840
65839
65839
65838
65835
65835
65835
65834
65834
65834
65833
65833
65833
65833
65832
65832
65832
65832
65831
65831
65830
65829
65829
65829
65829
65828
65828
65828
65828
65827
65827
65827
65827
65826
65826
65826
65825
65825
65825
65824
65824
65822
65822
65820
65820
65820
65819
65819
65819
65819
65818
65818
65818
65818
65817
65817
65817
65817
65816
65816
65816
65814
65814
65814
65814
65813
65813
65813
65812
65812
65812
65812
65811
65811
65811
65811
65810
65810
65810
65810
65809
65809
65809
65809
65808
65808
65808
65808
65807
65807
65807
65806
65806
65806
65806
65805
65805
65805
65805
65786
65785
65785
65785
65785
65784
65784
65784
65784
65783
65783
65783
65782
65782
65782
65782
65781
65781
65781
65781
65780
65780
65780
65780
65779
65779
65779
65778
65778
65778
65778
65777
65777
65775
65774
65772
65771
65769
65768
65768
65768
65767
65767
65767
65765
65765
65764
65763
65763
65763
65763
65762
65762
65762
65761
65761
65761
65761
65760
65760
65760
65760
65759
65759
65759
65759
65758
65757
65757
65755
65755
65755
65754
65754
65754
65753
65753
65753
65753
65752
65752
65752
65752
65751
65751
65751
65751
65750
65750
65750
65748
65748
65748
65747
65747
65747
65746
65746
65746
65746
65745
65745
65745
65745
65744
65744
65744
65742
65742
65742
65741
65741
65741
65741
65740
65740
65740
65740
65739
65739
65739
65739
65738
65738
65738
65738
65737
65737
65735
65735
65734
65733
65733
65733
65733
65732
65732
65732
65732
65731
65731
65731
65730
65730
65730
65728
65728
65728
65728
65727
65727
65727
65727
65726
65726
65726
65725
65725
65725
65725
65724
65723
65723
65722
65722
65722
65722
65721
65721
65721
65721
65720
65720
65720
65720
65719
65719
65719
65719
65718
65718
65718
65718
65717
65717
65717
65717
65716
65716
65716
65716
65715
65715
65715
65715
65714
65714
65714
65714
65713
65713
65713
65712
65712
65712
65712
65711
65711
65711
65711
65710
65710
65710
65710
65709
65709
65709
65709
65708
65708
65708
65708
65707
65707
65707
65705
65703
65702
65700
65699
65695
65695
65693
65693
65692
65692
65692
65692
65691
65691
65691
65691
65690
65690
65690
65689
65689
65689
65689
65688
65688
65688
65688
65686
65686
65684
65684
65683
65683
65683
65682
65682
65682
65682
65681
65681
65681
65681
65680
65680
65680
65680
65679
65679
65679
65679
65676
65675
65675
65675
65675
65674
65674
65674
65674
65673
65673
65673
65673
65672
65672
65672
65672
65670
65670
65669
65669
65669
65668
65668
65668
65668
65667
65667
65667
65667
65666
65666
65666
65666
65665
65665
65665
65665
65663
65663
65661
65661
65661
65660
65660
65660
65660
65659
65659
65659
65659
65658
65657
65657
65657
65656
65656
65656
65655
65655
65655
65655
65654
65654
65654
65654
65653
65653
65653
65653
65652
65652
65652
65652
65651
65651
65651
65651
65650
65650
65650
65650
65649
65649
65649
65649
65648
65648
65648
65648
65647
65647
65647
65647
65646
65646
65646
65645
65645
65645
65645
65645
65644
65644
65644
65644
65643
65643
65643
65642
65642
65642
65642
65641
65641
65641
65641
65640
65640
65640
65640
65639
65639
65639
65639
65638
65638
65638
65638
65637
65637
65637
65637
65636
65636
65636
65636
65635
65635
65635
65635
65632
65629
65628
65626
65625
65623
65623
65623
65623
65622
65622
65622
65621
65621
65621
65621
65620
65620
65620
65620
65619
65619
65617
65617
65615
65615
65615
65615
65614
65614
65614
65614
65613
65613
65613
65613
65612
65612
65612
65612
65611
65611
65611
65611
65610
65609
65608
65608
65608
65608
65607
65607
65607
65607
65606
65606
65606
65606
65605
65605
65605
65605
65603
65603
65603
65602
65602
65602
65602
65601
65601
65601
65600
65600
65600
65600
65599
65599
65599
65599
65598
65598
65598
65596
65596
65595
65595
65594
65594
65594
65593
65593
65593
65593
65591
65591
65591
65590
65590
65590
65589
65589
65589
65589
65588
65588
65587
65586
65586
65586
65586
65585
65585
65585
65585
65584
65584
65584
65584
65583
65583
65583
65582
65582
65582
65582
65581
65581
65581
65581
65580
65580
65580
65580
65579
65579
65579
65579
65578
65578
65578
65578
65577
65577
65577
65577
65576
65576
65576
65576
65575
65575
65575
65574
65574
65574
65574
65573
65573
65573
65573
65572
65572
65572
65572
65571
65571
65571
65571
65570
65570
65570
65570
65569
65569
65569
65569
65568
65568
65568
65568
65567
65567
65567
65567
65566
65566
65566
65566
65565
65565
65565
65563
65561
65560
65559
65557
65556
65556
65555
65555
65555
65555
65554
65554
65554
65554
65553
65552
65552
65550
65550
65550
65549
65549
65549
65549
65548
65548
65548
65548
65547
65547
65547
65547
65546
65546
65546
65546
65545
65545
65544
65543
65543
65543
65543
65542
65542
65542
65542
65541
65541
65541
65541
65540
65540
65540
65539
65538
65538
65538
65537
65537
65537
65537
65536
65534
65533
65533
65533
65532
65532
65532
65532
65531
65531
65531
65531
65530
65529
65529
65527
65527
65526
65526
65526
65525
65524
65524
65523
65523
65523
65523
65522
65522
65522
65522
65521
65521
65521
65521
65520
65519
65519
65517
65517
65517
65516
65516
65516
65516
65515
65515
65515
65515
65514
65514
65514
65514
65513
65513
65513
65513
65512
65512
65512
65512
65511
65511
65511
65510
65510
65510
65510
65509
65509
65509
65509
65508
65508
65508
65508
65507
65507
65507
65506
65506
65506
65506
65505
65505
65505
65505
65504
65504
65504
65504
65503
65503
65503
65503
65502
65502
65502
65502
65501
65501
65501
65501
65500
65500
65500
65500
65499
65499
65499
65499
65498
65498
65498
65498
65497
65497
65497
65497
65496
65496
65496
65495
65495
65495
65495
65494
65494
65492
65490
65489
65487
65486
65484
65484
65484
65483
65483
65482
65481
65480
65480
65479
65479
65479
65479
65478
65478
65478
65478
65477
65477
65477
65477
65476
65476
65476
65475
65475
65475
65475
65473
65473
65472
65472
65472
65472
65471
65471
65471
65471
65470
65470
65470
65470
65469
65469
65469
65467
65467
65467
65466
65466
65466
65466
65465
65465
65465
65465
65464
65464
65464
65464
65463
65463
65463
65463
65462
65462
65461
65460
65459
65459
65458
65457
65457
65457
65456
65456
65456
65455
65455
65455
65455
65454
65454
65454
65454
65453
65453
65453
65453
65451
65451
65449
65449
65449
65449
65448
65448
65448
65448
65447
65447
65447
65447
65446
65446
65446
65445
65445
65445
65445
65444
65444
65444
65444
65443
65443
65443
65443
65442
65442
65442
65442
65441
65440
65439
65439
65439
65439
65438
65438
65438
65438
65437
65437
65437
65437
65436
65436
65436
65436
65435
65435
65435
65434
65434
65434
65434
65433
65433
65433
65433
65432
65432
65432
65432
65431
65431
65431
65431
65430
65430
65430
65430
65429
65429
65429
65429
65428
65428
65428
65428
65427
65427
65427
65426
65426
65426
65426
65425
65425
65425
65425
65424
65424
65424
65424
65423
65422
65420
65419
65418
65415
65414
65412
65412
65411
65411
65411
65411
65410
65410
65410
65410
65409
65409
65409
65409
65408
65408
65408
65407
65407
65407
65407
65405
65405
65405
65404
65404
65404
65404
65403
65403
65403
65403
65402
65402
65402
65402
65401
65401
65398
65398
65398
65397
65397
65397
65397
65396
65396
65396
65396
65395
65395
65395
65395
65394
65394
65394
65393
65393
65393
65391
65391
65389
65389
65388
65388
65388
65388
65387
65387
65387
65387
65386
65386
65386
65386
65385
65385
65385
65385
65384
65384
65384
65382
65382
65380
65380
65380
65379
65379
65379
65379
65378
65378
65378
65378
65377
65377
65377
65377
65376
65376
65376
65376
65375
65375
65375
65375
65374
65374
65374
65373
65373
65373
65373
65372
65372
65372
65372
65371
65371
65371
65371
65370
65370
65370
65370
65369
65369
65369
65369
65368
65368
65368
65367
65367
65367
65367
65366
65366
65366
65366
65365
65365
65365
65365
65364
65364
65364
65364
65363
65363
65363
65363
65362
65362
65362
65362
65361
65361
65361
65361
65360
65360
65360
65359
65359
65359
65359
65358
65358
65358
65357
65357
65357
65357
65356
65356
65356
65356
65355
65355
65355
65355
65354
65354
65354
65350
65349
65347
65345
65344
65342
65342
65342
65342
65341
65341
65341
65341
65340
65340
65340
65339
65339
65339
65339
65338
65337
65337
65336
65336
65336
65336
65335
65335
65335
65335
65334
65334
65334
65334
65333
65333
65333
65331
65331
65331
65331
65330
65330
65330
65330
65329
65329
65329
65329
65328
65328
65328
65328
65327
65327
65327
65326
65325
65324
65323
65322
65322
65321
65321
65321
65321
65320
65320
65320
65319
65319
65319
65319
65318
65318
65318
65318
65317
65317
65317
65317
65315
65315
65313
65313
65313
65312
65312
65312
65312
65311
65311
65311
65311
65310
65310
65310
65310
65309
65309
65309
65308
65308
65308
65306
65306
65306
65306
65305
65305
65305
65305
65304
65304
65304
65303
65303
65303
65303
65302
65302
65302
65302
65301
65301
65301
65301
65300
65300
65300
65300
65299
65299
65299
65299
65298
65298
65298
65298
65297
65297
65297
65296
65296
65296
65295
65295
65295
65295
65294
65294
65294
65294
65293
65293
65293
65293
65292
65292
65292
65292
65291
65291
65291
65291
65290
65290
65290
65289
65289
65289
65289
65288
65288
65288
65288
65287
65287
65287
65287
65286
65286
65286
65286
65285
65284
65283
65283
65283
65283
65282
65281
65279
65278
65276
65275
65273
65273
65273
65273
65272
65272
65272
65272
65271
65271
65270
65269
65269
65269
65269
65268
65268
65268
65268
65267
65267
65267
65267
65266
65266
65266
65266
65264
65264
65263
65263
65263
65263
65262
65262
65262
65262
65261
65261
65261
65261
65260
65260
65260
65257
65257
65256
65256
65255
65254
65253
65253
65252
65252
65252
65252
65251
65251
65251
65249
65249
65249
65248
65248
65248
65248
65247
65247
65247
65247
65246
65245
65244
65243
65243
65242
65242
65242
65242
65241
65241
65241
65241
65240
65240
65240
65239
65239
65239
65239
65238
65238
65238
65238
65236
65236
65236
65235
65235
65235
65235
65234
65234
65234
65234
65233
65233
65233
65232
65232
65232
65232
65231
65231
65231
65231
65230
65230
65230
65230
65229
65229
65229
65229
65228
65228
65228
65227
65227
65227
65227
65226
65226
65226
65226
65225
65225
65225
65225
65224
65224
65224
65224
65223
65223
65223
65222
65222
65222
65222
65221
65221
65221
65221
65220
65220
65220
65219
65219
65219
65219
65218
65218
65218
65218
65217
65217
65217
65217
65216
65216
65216
65214
65214
65214
65213
65213
65213
65213
65212
65212
65212
65212
65211
65211
65211
65211
65209
65208
65206
65183
65182
65180
65180
65180
65179
65178
65177
65177
65177
65176
65176
65176
65176
65175
65175
65175
65175
65174
65174
65174
65174
65173
65172
65171
65171
65171
65171
65170
65170
65170
65170
65169
65169
65169
65168
65168
65167
65166
65166
65166
65166
65165
65165
65164
65163
65162
65162
65161
65161
65161
65160
65160
65160
65160
65159
65159
65159
65158
65158
65158
65158
65157
65157
65157
65157
65156
65155
65155
65153
65153
65153
65152
65152
65152
65152
65151
65151
65151
65151
65150
65150
65150
65150
65149
65149
65149
65148
65148
65148
65147
65146
65146
65146
65145
65145
65145
65145
65144
65144
65144
65144
65143
65143
65143
65143
65142
65142
65142
65142
65141
65141
65141
65141
65140
65140
65140
65140
65139
65139
65139
65139
65138
65138
65138
65136
65136
65136
65135
65135
65135
65135
65134
65134
65134
65134
65133
65133
65133
65133
65132
65132
65132
65132
65131
65131
65131
65131
65130
65130
65130
65130
65129
65129
65129
65128
65128
65128
65128
65127
65127
65127
65127
65126
65126
65124
65124
65124
65123
65123
65123
65123
65122
65122
65122
65122
65121
65121
65121
65121
65120
65120
65120
65120
65119
65119
65119
65119
65118
65117
65115
65114
65111
65110
65108
65108
65107
65107
65107
65107
65106
65106
65106
65106
65105
65105
65105
65105
65104
65101
65101
65101
65101
65100
65100
65100
65100
65099
65099
65099
65097
65097
65097
65096
65096
65095
65095
65095
65094
65094
65093
65092
65091
65091
65090
65090
65090
65089
65089
65089
65089
65088
65088
65088
65088
65087
65087
65087
65086
65086
65086
65086
65085
65084
65084
65082
65082
65082
65081
65081
65081
65081
65080
65080
65080
65080
65079
65079
65079
65079
65078
65078
65078
65078
65077
65077
65076
65075
65075
65075
65075
65074
65074
65074
65073
65073
65073
65073
65072
65072
65072
65072
65071
65071
65071
65071
65070
65070
65070
65070
65069
65069
65069
65069
65068
65068
65068
65068
65067
65067
65067
65067
65066
65066
65066
65065
65065
65065
65065
65064
65064
65064
65064
65063
65063
65063
65063
65062
65062
65062
65062
65061
65061
65061
65061
65060
65060
65060
65059
65059
65059
65059
65058
65058
65058
65057
65057
65057
65055
65055
65055
65055
65054
65054
65054
65054
65053
65053
65053
65053
65052
65052
65052
65052
65051
65051
65051
65051
65050
65050
65050
65050
65049
65049
65049
65049
65048
65048
65048
65047
65047
65044
65043
65042
65040
65039
65036
65035
65035
65035
65034
65034
65034
65034
65033
65032
65032
65031
65031
65031
65031
65030
65030
65029
65028
65028
65028
65028
65027
65027
65027
65027
65026
65026
65026
65026
65024
65024
65022
65022
65021
65021
65021
65020
65020
65020
65020
65019
65019
65019
65019
65018
65018
65018
65018
65017
65017
65017
65017
65015
65015
65013
65013
65013
65013
65012
65012
65012
65012
65011
65011
65011
65010
65010
65010
65010
65009
65009
65009
65009
65008
65008
65006
65006
65006
65006
65005
65005
65005
65005
65004
65004
65004
65004
65003
65003
65003
65003
65002
65002
65002
65001
65001
65001
65001
64999
64999
64999
64999
64998
64998
64998
64998
64997
64997
64997
64997
64996
64996
64996
64996
64995
64995
64995
64994
64994
64994
64994
64993
64993
64993
64993
64992
64992
64992
64992
64991
64991
64991
64990
64990
64990
64990
64989
64989
64989
64989
64988
64988
64988
64988
64986
64986
64986
64985
64985
64985
64984
64984
64984
64984
64983
64983
64983
64983
64982
64982
64982
64982
64981
64981
64981
64981
64980
64980
64980
64979
64979
64979
64979
64978
64978
64978
64978
64977
64977
64977
64977
64976
64976
64976
64976
64975
64974
64972
64971
64969
64968
64966
64966
64966
64965
64964
64964
64964
64964
64961
64961
64960
64960
64960
64960
64959
64959
64959
64959
64958
64958
64958
64958
64957
64957
64956
64955
64954
64954
64953
64953
64953
64953
64952
64952
64952
64952
64951
64951
64951
64951
64950
64950
64950
64950
64949
64949
64949
64947
64947
64946
64946
64945
64945
64945
64944
64944
64944
64944
64943
64942
64942
64941
64941
64941
64941
64940
64940
64940
64940
64939
64938
64938
64937
64937
64937
64937
64936
64936
64936
64936
64935
64935
64935
64935
64934
64934
64934
64933
64933
64933
64933
64932
64932
64930
64930
64930
64930
64929
64929
64929
64929
64928
64928
64928
64927
64927
64927
64927
64926
64926
64926
64926
64925
64925
64925
64925
64924
64924
64924
64923
64923
64923
64923
64922
64922
64922
64922
64921
64921
64921
64921
64920
64920
64920
64920
64919
64918
64918
64917
64917
64917
64916
64916
64916
64916
64915
64915
64915
64915
64914
64914
64914
64914
64913
64913
64913
64913
64912
64912
64912
64912
64911
64911
64911
64911
64910
64910
64910
64910
64909
64909
64909
64909
64908
64908
64908
64907
64907
64907
64907
64906
64906
64906
64906
64905
64905
64905
64903
64902
64899
64898
64896
64895
64894
64894
64894
64894
64893
64893
64893
64893
64892
64892
64892
64892
64891
64891
64891
64891
64890
64889
64888
64887
64887
64887
64886
64886
64886
64886
64885
64885
64885
64884
64884
64884
64884
64883
64883
64883
64883
64882
64882
64882
64880
64880
64879
64878
64878
64878
64878
64877
64877
64877
64876
64876
64876
64876
64875
64875
64875
64875
64874
64874
64874
64873
64873
64872
64872
64871
64871
64871
64870
64870
64870
64870
64869
64869
64869
64869
64868
64868
64868
64867
64867
64867
64867
64866
64866
64866
64864
64864
64864
64863
64863
64863
64863
64862
64862
64862
64862
64861
64861
64861
64861
64859
64859
64859
64858
64858
64858
64858
64857
64857
64857
64857
64856
64856
64856
64856
64855
64855
64855
64855
64854
64854
64853
64852
64852
64852
64850
64850
64850
64850
64849
64849
64849
64849
64848
64848
64848
64847
64847
64847
64847
64846
64846
64846
64846
64845
64845
64845
64845
64844
64844
64844
64844
64843
64843
64843
64843
64842
64842
64842
64842
64841
64841
64841
64840
64840
64840
64840
64839
64839
64839
64839
64838
64838
64838
64838
64837
64837
64837
64837
64836
64836
64836
64835
64835
64835
64833
64830
64829
64828
64826
64823
64823
64823
64823
64822
64822
64822
64821
64821
64821
64820
64820
64819
64818
64817
64817
64816
64816
64816
64816
64815
64815
64815
64815
64814
64814
64814
64813
64813
64813
64812
64812
64812
64812
64811
64810
64810
64808
64808
64808
64807
64807
64807
64807
64806
64806
64806
64805
64805
64805
64805
64804
64789
64789
64789
64789
64788
64788
64786
64786
64785
64785
64785
64784
64784
64784
64784
64783
64783
64783
64783
64782
64782
64782
64781
64781
64781
64781
64780
64780
64780
64778
64778
64778
64778
64777
64777
64777
64776
64776
64776
64776
64775
64775
64775
64775
64773
64773
64773
64772
64772
64772
64772
64771
64771
64771
64771
64770
64770
64770
64769
64769
64769
64769
64768
64768
64768
64768
64766
64766
64765
64765
64765
64765
64764
64764
64764
64764
64763
64763
64763
64763
64762
64762
64762
64762
64761
64761
64761
64761
64760
64760
64760
64759
64759
64759
64759
64758
64758
64758
64758
64757
64757
64757
64757
64756
64756
64756
64756
64755
64755
64755
64755
64754
64754
64754
64754
64753
64753
64753
64752
64752
64752
64752
64751
64751
64751
64751
64750
64750
64750
64750
64749
64749
64749
64749
64748
64746
64744
64743
64741
64740
64738
64738
64737
64737
64737
64737
64735
64735
64734
64733
64733
64733
64732
64732
64732
64732
64731
64731
64731
64731
64730
64730
64730
64730
64729
64729
64729
