217610
172944
166551
120920
114293
68916
68915
68914
68913
68912
68912
68911
68911
68910
68910
68910
68910
68909
68909
68909
68908
68908
68898
68898
68898
68897
68897
68897
68897
68896
68896
68895
68895
68895
68894
68894
68893
68892
68892
68892
68891
68890
68889
68888
68887
68887
68887
68886
68886
68886
68886
68885
68885
68885
68885
68885
68884
68884
68884
68883
68883
68883
68881
68881
68881
68881
68880
68880
68880
68880
68879
68879
68879
68879
68878
68878
68878
68878
68877
68877
68877
68877
68876
68876
68876
68876
68876
68875
68875
68874
68874
68874
68874
68872
68872
68871
68871
68871
68871
68871
68870
68870
68870
68870
68869
68869
68868
68867
68867
68867
68867
68866
68866
68866
68866
68865
68865
68865
68865
68865
68864
68864
68864
68864
68863
68863
68863
68863
68862
68862
68862
68862
68861
68861
68861
68860
68860
68860
68859
68859
68859
68857
68857
68856
68856
68856
68856
68855
68855
68855
68855
68854
68854
68854
68854
68853
68853
68853
68853
68853
68852
68852
68852
68852
68851
68851
68851
68851
68850
68850
68850
68850
68849
68849
68849
68849
68848
68848
68848
68847
68847
68847
68847
68846
68846
68846
68846
68846
68845
68845
68845
68845
68843
68841
68832
68830
68829
68827
68827
68827
68827
68826
68826
68826
68826
68825
68825
68825
68825
68824
68824
68824
68824
68823
68823
68822
68821
68820
68820
68820
68819
68819
68819
68819
68818
68818
68818
68818
68817
68817
68817
68817
68816
68816
68816
68816
68815
68815
68814
68813
68812
68812
68812
68811
68810
68810
68810
68809
68809
68809
68806
68805
68805
68805
68804
68804
68801
68800
68800
68800
68799
68797
68796
68796
68795
68795
68794
68794
68793
68793
68793
68792
68792
68792
68792
68791
68791
68791
68790
68790
68790
68789
68789
68733
68731
68730
68730
68730
68730
68729
68729
68729
68729
68728
68728
68728
68728
68727
68727
68726
68725
68725
68725
68725
68724
68724
68724
68724
68723
68723
68723
68723
68722
68722
68722
68722
68722
68721
68721
68721
68721
68720
68720
68720
68718
68718
68718
68717
68717
68717
68717
68716
68716
68716
68716
68716
68715
68715
68715
68715
68714
68714
68714
68714
68713
68713
68713
68713
68712
68712
68712
68712
68711
68711
68711
68711
68692
68691
68691
68691
68690
68690
68690
68689
68689
68689
68689
68688
68688
68688
68687
68687
68687
68687
68686
68686
68686
68685
68685
68685
68684
68684
68684
68683
68681
68678
68676
68675
68673
68660
68660
68660
68659
68659
68659
68658
68658
68658
68657
68657
68657
68655
68655
68654
68653
68653
68653
68653
68652
68652
68652
68652
68651
68651
68651
68651
68650
68650
68650
68650
68649
68649
68649
68649
68647
68647
68645
68645
68645
68645
68644
68644
68644
68644
68644
68643
68643
68643
68643
68642
68642
68642
68642
68641
68641
68641
68641
68639
68639
68639
68638
68638
68638
68638
68637
68637
68637
68637
68636
68636
68636
68636
68635
68635
68635
68635
68635
68634
68634
68634
68632
68632
68632
68632
68631
68631
68631
68631
68630
68630
68630
68630
68630
68629
68629
68628
68627
68627
68627
68627
68626
68626
68626
68626
68625
68625
68625
68625
68624
68624
68624
68624
68623
68623
68623
68623
68623
68621
68621
68620
68620
68619
68604
68604
68603
68603
68603
68602
68602
68602
68602
68601
68601
68601
68601
68600
68600
68600
68600
68600
68599
68599
68599
68599
68598
68598
68598
68598
68597
68597
68597
68597
68596
68596
68596
68596
68595
68595
68595
68595
68594
68594
68594
68594
68594
68593
68593
68593
68593
68592
68592
68592
68592
68591
68591
68591
68591
68590
68590
68590
68590
68589
68589
68589
68589
68588
68587
68584
68582
68580
68579
68577
68577
68577
68576
68576
68576
68574
68574
68573
68572
68572
68572
68572
68571
68571
68571
68571
68570
68570
68570
68570
68569
68569
68569
68569
68569
68568
68568
68568
68566
68566
68565
68564
68564
68564
68564
68563
68563
68563
68563
68562
68562
68562
68562
68561
68561
68561
68561
68560
68560
68560
68560
68558
68558
68558
68557
68557
68557
68557
68556
68556
68556
68556
68555
68555
68555
68555
68554
68554
68554
68554
68554
68553
68553
68553
68551
68551
68551
68551
68550
68550
68550
68550
68549
68549
68549
68549
68548
68548
68548
68546
68546
68545
68544
68544
68544
68544
68543
68543
68543
68543
68542
68542
68542
68542
68541
68541
68541
68541
68539
68539
68538
68538
68538
68538
68537
68537
68537
68537
68536
68536
68536
68536
68535
68535
68535
68535
68534
68534
68534
68534
68533
68533
68533
68533
68532
68532
68532
68532
68532
68531
68531
68531
68531
68530
68530
68530
68530
68529
68529
68529
68529
68528
68528
68528
68528
68527
68527
68527
68527
68527
68526
68526
68526
68526
68525
68525
68525
68525
68524
68524
68524
68523
68523
68523
68523
68523
68522
68522
68522
68522
68521
68521
68521
68521
68520
68520
68517
68516
68514
68513
68511
68509
68509
68507
68507
68507
68506
68506
68506
68505
68505
68505
68505
68505
68504
68504
68504
68504
68503
68503
68503
68503
68502
68502
68501
68500
68499
68499
68498
68498
68498
68498
68497
68497
68497
68497
68496
68496
68496
68496
68496
68495
68495
68495
68495
68494
68494
68493
68492
68492
68492
68492
68491
68491
68491
68491
68490
68490
68490
68490
68489
68489
68489
68489
68488
68488
68488
68488
68487
68487
68486
68485
68485
68485
68485
68484
68484
68484
68484
68483
68483
68483
68483
68482
68482
68480
68480
68479
68478
68478
68478
68478
68477
68477
68477
68477
68476
68476
68476
68476
68475
68474
68473
68473
68473
68473
68472
68472
68472
68472
68471
68471
68471
68471
68470
68470
68470
68470
68469
68469
68469
68469
68468
68468
68468
68468
68467
68467
68467
68467
68466
68466
68466
68466
68465
68465
68465
68465
68464
68464
68464
68464
68463
68463
68463
68463
68463
68462
68462
68462
68462
68461
68461
68461
68461
68460
68460
68460
68460
68459
68459
68459
68459
68458
68458
68458
68458
68457
68457
68457
68457
68456
68456
68456
68456
68456
68455
68455
68455
68455
68454
68454
68454
68454
68453
68453
68453
68453
68449
68446
68444
68443
68441
68440
68439
68439
68439
68439
68438
68438
68438
68438
68437
68437
68437
68437
68436
68436
68436
68436
68434
68434
68432
68432
68432
68431
68431
68431
68431
68430
68430
68430
68430
68430
68429
68429
68429
68429
68428
68428
68428
68428
68427
68426
68426
68425
68425
68425
68425
68424
68424
68424
68424
68423
68423
68423
68423
68422
68422
68422
68422
68422
68420
68420
68419
68419
68417
68417
68417
68417
68416
68416
68416
68416
68415
68415
68415
68415
68414
68414
68414
68412
68412
68411
68411
68410
68410
68410
68410
68409
68409
68409
68409
68408
68407
68407
68406
68406
68406
68406
68405
68405
68405
68405
68403
68403
68403
68402
68402
68402
68402
68401
68401
68401
68401
68400
68400
68400
68400
68399
68399
68399
68399
68398
68398
68398
68398
68398
68397
68397
68397
68397
68396
68396
68396
68396
68395
68395
68395
68395
68394
68394
68394
68394
68393
68393
68393
68393
68392
68392
68392
68392
68391
68391
68391
68391
68391
68390
68390
68390
68390
68389
68389
68389
68389
68388
68388
68388
68388
68387
68387
68387
68387
68386
68386
68386
68386
68385
68385
68385
68385
68385
68384
68384
68384
68384
68383
68383
68383
68383
68381
68379
68378
68376
68375
68373
68373
68373
68373
68372
68372
68372
68371
68371
68371
68371
68369
68369
68368
68367
68367
68367
68367
68366
68366
68366
68366
68365
68365
68365
68365
68364
68364
68364
68364
68363
68363
68363
68363
68361
68361
68361
68360
68360
68360
68360
68360
68359
68359
68359
68359
68358
68358
68358
68358
68357
68357
68357
68357
68356
68356
68356
68355
68354
68354
68354
68354
68353
68353
68353
68353
68352
68352
68352
68352
68351
68351
68350
68349
68348
68348
68348
68347
68347
68347
68346
68346
68345
68344
68344
68344
68344
68343
68343
68343
68342
68342
68342
68342
68341
68340
68340
68338
68338
68337
68337
68337
68337
68336
68336
68336
68336
68336
68335
68335
68335
68335
68334
68334
68334
68334
68333
68333
68333
68333
68332
68332
68332
68330
68330
68330
68330
68329
68329
68329
68329
68328
68328
68328
68328
68327
68327
68327
68326
68326
68326
68326
68325
68325
68325
68325
68324
68324
68324
68324
68324
68323
68323
68323
68323
68322
68322
68322
68322
68321
68321
68321
68321
68320
68320
68320
68320
68319
68319
68319
68319
68318
68318
68318
68318
68318
68317
68317
68317
68317
68316
68316
68316
68316
68315
68315
68315
68312
68310
68308
68307
68305
68303
68303
68302
68302
68302
68300
68300
68299
68298
68298
68298
68298
68297
68297
68297
68297
68296
68296
68296
68296
68296
68295
68295
68295
68295
68294
68294
68294
68292
68292
68292
68292
68291
68291
68291
68291
68290
68290
68290
68290
68289
68289
68289
68289
68288
68288
68288
68288
68287
68287
68287
68286
68285
68285
68285
68285
68284
68284
68284
68284
68283
68283
68283
68283
68282
68282
68281
68280
68279
68279
68278
68278
68278
68276
68276
68276
68276
68275
68275
68275
68275
68274
68274
68274
68274
68274
68273
68273
68273
68271
68271
68269
68269
68269
68269
68268
68268
68268
68268
68267
68267
68267
68267
68266
68266
68266
68266
68265
68265
68265
68265
68265
68264
68264
68264
68264
68263
68263
68263
68263
68262
68262
68262
68262
68261
68261
68261
68261
68260
68260
68260
68260
68260
68259
68259
68259
68259
68258
68258
68258
68258
68257
68257
68257
68257
68256
68256
68256
68256
68255
68255
68255
68255
68255
68254
68254
68254
68254
68253
68253
68253
68253
68252
68252
68252
68252
68251
68251
68251
68251
68250
68250
68250
68250
68249
68249
68249
68249
68249
68248
68248
68248
68248
68247
68247
68247
68247
68244
68242
68241
68239
68237
68235
68234
68234
68233
68233
68233
68233
68232
68232
68232
68231
68231
68231
68231
68231
68230
68230
68230
68230
68229
68229
68229
68227
68227
68227
68227
68226
68226
68226
68226
68225
68225
68225
68225
68225
68224
68224
68224
68224
68223
68223
68223
68223
68222
68222
68220
68220
68220
68220
68219
68219
68219
68219
68219
68218
68218
68218
68218
68217
68217
68216
68215
68214
68214
68212
68212
68211
68211
68211
68210
68210
68210
68210
68209
68209
68209
68209
68208
68208
68208
68208
68208
68207
68206
68206
68204
68204
68204
68203
68203
68203
68203
68202
68202
68202
68202
68201
68201
68201
68201
68201
68200
68200
68200
68200
68199
68199
68199
68199
68198
68198
68198
68198
68197
68197
68197
68197
68196
68196
68196
68196
68195
68195
68195
68195
68194
68194
68194
68194
68194
68193
68193
68193
68193
68192
68192
68192
68192
68191
68191
68191
68191
68190
68190
68190
68190
68189
68189
68189
68189
68189
68188
68188
68188
68188
68187
68187
68187
68187
68186
68186
68186
68186
68185
68185
68185
68185
68184
68184
68184
68184
68183
68183
68183
68183
68183
68182
68182
68182
68182
68181
68181
68181
68181
68180
68180
68180
68176
68174
68173
68171
68169
68168
68168
68167
68167
68167
68166
68166
68166
68166
68165
68165
68165
68165
68164
68164
68164
68162
68162
68162
68162
68161
68161
68161
68161
68160
68160
68160
68160
68159
68159
68159
68159
68159
68158
68158
68158
68158
68157
68157
68156
68155
68155
68155
68155
68154
68154
68154
68154
68153
68153
68153
68153
68152
68152
68151
68149
68148
68147
68147
68146
68145
68145
68145
68145
68144
68144
68144
68144
68143
68143
68143
68143
68142
68142
68142
68142
68141
68140
68140
68138
68138
68138
68137
68137
68137
68137
68136
68136
68136
68136
68135
68135
68135
68135
68134
68134
68134
68134
68133
68133
68132
68131
68131
68131
68131
68130
68130
68130
68130
68129
68129
68129
68129
68128
68128
68128
68128
68127
68127
68127
68127
68127
68126
68126
68126
68126
68125
68125
68125
68125
68124
68124
68124
68124
68123
68123
68123
68123
68122
68122
68122
68122
68122
68121
68121
68121
68121
68120
68120
68120
68120
68119
68119
68119
68119
68118
68118
68118
68118
68117
68117
68117
68117
68117
68116
68116
68116
68116
68115
68115
68115
68115
68114
68114
68114
68114
68113
68113
68113
68113
68112
68112
68112
68110
68110
68110
68110
68108
68107
68105
68103
68102
68100
68100
68099
68099
68099
68099
68099
68098
68098
68098
68096
68096
68096
68096
68095
68095
68095
68095
68094
68094
68094
68094
68094
68093
68093
68093
68093
68092
68092
68092
68092
68091
68091
68090
68089
68089
68089
68089
68088
68088
68088
68088
68087
68087
68087
68087
68085
68085
68084
68083
68082
68081
68081
68081
68081
68080
68080
68080
68080
68080
68079
68079
68079
68079
68078
68078
68078
68078
68077
68077
68077
68075
68075
68074
68073
68073
68073
68073
68072
68072
68071
68071
68071
68071
68070
68070
68070
68070
68069
68069
68069
68069
68068
68068
68067
68067
68066
68066
68066
68066
68065
68065
68065
68065
68064
68064
68064
68064
68063
68063
68063
68063
68062
68062
68062
68062
68062
68061
68061
68061
68061
68060
68060
68057
68057
68057
68056
68056
68056
68056
68055
68055
68055
68055
68054
68054
68054
68053
68053
68053
68053
68052
68052
68052
68052
68051
68051
68051
68051
68050
68050
68050
68050
68050
68049
68049
68049
68049
68048
68048
68048
68048
68047
68047
68047
68047
68046
68046
68046
68046
68045
68045
68045
68045
68043
68043
68043
68042
68042
68042
68042
68042
68041
68041
68041
68041
68040
68039
68037
68035
68034
68032
68030
68029
68029
68029
68028
68027
68027
68027
68026
68026
68026
68026
68026
68025
68025
68025
68025
68024
68024
68024
68024
68023
68023
68023
68023
68022
68022
68021
68020
68020
68020
68020
68019
68019
68019
68019
68018
68017
68016
68016
68016
68016
68014
68014
68012
68012
68012
68012
68011
68011
68011
68011
68011
68010
68010
68010
68010
68009
68009
68009
68009
68008
68008
68008
68008
68006
68006
68004
68004
68004
68004
68003
68003
68003
68003
68002
68002
68002
68002
68001
68001
68001
68001
68000
68000
68000
68000
68000
67998
67998
67998
67997
67997
67997
67997
67996
67996
67996
67996
67995
67995
67995
67995
67994
67994
67994
67994
67993
67993
67993
67993
67992
67992
67992
67992
67992
67991
67991
67991
67991
67990
67990
67990
67990
67989
67989
67989
67989
67988
67988
67988
67988
67987
67987
67987
67987
67986
67986
67986
67986
67986
67985
67985
67985
67985
67984
67984
67984
67984
67983
67983
67983
67983
67982
67982
67982
67982
67981
67981
67981
67981
67980
67980
67980
67980
67978
67978
67978
67977
67977
67977
67977
67976
67976
67976
67976
67976
67975
67975
67975
67975
67974
67974
67974
67974
67973
67973
67970
67969
67967
67965
67963
67962
67962
67961
67961
67961
67960
67960
67960
67960
67959
67959
67959
67959
67958
67958
67958
67958
67958
67957
67957
67957
67955
67955
67955
67955
67954
67954
67953
67952
67952
67952
67951
67951
67951
67951
67950
67949
67949
67947
67947
67947
67946
67946
67946
67946
67945
67945
67945
67945
67944
67944
67944
67944
67944
67943
67943
67943
67943
67942
67941
67941
67939
67939
67939
67938
67938
67937
67937
67937
67937
67937
67936
67936
67936
67936
67935
67935
67935
67935
67934
67934
67934
67931
67931
67931
67931
67930
67930
67930
67930
67929
67929
67929
67929
67928
67928
67928
67928
67927
67927
67927
67927
67926
67926
67926
67926
67925
67925
67925
67925
67925
67924
67924
67924
67924
67923
67923
67923
67923
67922
67922
67922
67922
67921
67921
67921
67921
67920
67920
67920
67920
67920
67919
67919
67919
67919
67918
67918
67918
67918
67917
67917
67917
67917
67916
67916
67916
67916
67915
67915
67915
67915
67914
67914
67914
67914
67912
67912
67912
67912
67911
67911
67911
67911
67910
67910
67910
67910
67909
67909
67909
67909
67908
67908
67908
67908
67907
67907
67907
67907
67907
67906
67906
67906
67906
67905
67905
67904
67902
67901
67899
67898
67896
67896
67896
67896
67895
67895
67895
67895
67894
67894
67894
67894
67893
67893
67892
67891
67890
67890
67890
67888
67888
67888
67874
67874
67873
67873
67873
67873
67872
67872
67870
67870
67868
67868
67868
67868
67867
67867
67867
67867
67866
67866
67866
67866
67865
67865
67865
67865
67864
67864
67864
67864
67864
67862
67862
67860
67860
67860
67859
67858
67858
67857
67857
67857
67856
67856
67856
67856
67855
67855
67855
67855
67855
67854
67854
67854
67852
67852
67852
67852
67851
67851
67851
67851
67850
67850
67850
67850
67850
67849
67849
67849
67849
67848
67848
67848
67848
67847
67847
67845
67845
67845
67845
67844
67844
67844
67844
67844
67843
67843
67843
67843
67842
67842
67842
67842
67841
67841
67841
67841
67840
67840
67840
67839
67839
67839
67838
67838
67838
67838
67837
67837
67837
67837
67836
67836
67836
67836
67835
67835
67835
67835
67834
67834
67834
67834
67833
67832
67831
67831
67831
67831
67830
67830
67830
67830
67830
67829
67829
67829
67829
67828
67828
67828
67828
67827
67827
67827
67827
67826
67826
67826
67826
67825
67825
67825
67825
67824
67824
67824
67824
67824
67823
67823
67823
67823
67822
67819
67818
67816
67815
67813
67812
67812
67812
67811
67811
67811
67810
67810
67810
67808
67807
67807
67807
67806
67806
67806
67806
67805
67805
67805
67805
67804
67804
67804
67802
67802
67801
67800
67800
67800
67800
67799
67799
67799
67799
67799
67798
67798
67798
67798
67797
67797
67797
67797
67796
67796
67796
67794
67794
67793
67792
67792
67792
67792
67791
67791
67791
67791
67791
67790
67790
67790
67790
67789
67789
67789
67789
67788
67788
67788
67786
67786
67786
67785
67785
67785
67785
67784
67784
67784
67783
67783
67783
67783
67782
67782
67782
67782
67781
67781
67781
67781
67780
67778
67778
67777
67777
67777
67777
67776
67776
67776
67776
67775
67775
67775
67775
67774
67774
67774
67774
67773
67773
67773
67773
67773
67772
67772
67772
67772
67771
67771
67771
67769
67769
67769
67768
67768
67768
67768
67768
67767
67767
67767
67767
67766
67766
67766
67764
67764
67764
67764
67763
67763
67763
67763
67762
67762
67762
67762
67761
67761
67761
67761
67761
67760
67760
67760
67760
67759
67759
67759
67759
67758
67758
67758
67758
67757
67757
67757
67757
67756
67756
67756
67756
67755
67755
67755
67755
67754
67754
67754
67754
67754
67753
67753
67753
67751
67749
67748
67746
67745
67743
67742
67741
67740
67740
67739
67739
67739
67739
67739
67738
67738
67738
67738
67737
67737
67737
67737
67735
67735
67734
67733
67733
67733
67733
67732
67732
67732
67732
67731
67731
67731
67731
67730
67730
67730
67730
67729
67729
67729
67729
67727
67727
67725
67725
67725
67725
67724
67724
67724
67724
67723
67723
67723
67723
67722
67722
67722
67722
67721
67721
67721
67721
67721
67719
67719
67718
67718
67718
67718
67717
67717
67717
67717
67716
67716
67716
67716
67715
67715
67715
67715
67714
67714
67714
67714
67713
67712
67711
67711
67711
67695
67695
67695
67695
67694
67694
67694
67694
67693
67693
67693
67693
67692
67692
67692
67692
67691
67691
67691
67691
67690
67690
67690
67690
67689
67689
67689
67689
67688
67688
67688
67688
67688
67687
67687
67687
67687
67686
67684
67684
67684
67684
67683
67683
67683
67683
67682
67682
67682
67682
67681
67681
67681
67681
67680
67680
67680
67680
67680
67679
67679
67679
67679
67678
67678
67678
67678
67677
67677
67677
67677
67676
67676
67676
67676
67675
67675
67675
67675
67675
67674
67674
67674
67674
67673
67673
67673
67673
67672
67672
67672
67672
67671
67671
67671
67671
67668
67667
67663
67662
67660
67659
67658
67658
67658
67658
67657
67657
67656
67656
67656
67656
67655
67654
67654
67652
67652
67652
67652
67651
67651
67651
67651
67650
67650
67650
67650
67649
67649
67649
67649
67648
67648
67648
67648
67647
67646
67646
67644
67644
67644
67643
67643
67643
67643
67642
67642
67642
67642
67641
67641
67641
67641
67641
67640
67640
67640
67640
67639
67638
67638
67637
67637
67637
67637
67636
67636
67636
67635
67635
67635
67635
67634
67634
67634
67634
67633
67633
67633
67633
67632
67632
67630
67629
67629
67629
67629
67628
67628
67628
67628
67627
67627
67627
67627
67626
67626
67626
67626
67625
67625
67625
67625
67623
67623
67623
67622
67622
67622
67622
67621
67621
67621
67621
67620
67620
67620
67620
67619
67619
67619
67617
67617
67617
67617
67616
67616
67616
67616
67615
67615
67615
67615
67614
67614
67614
67614
67613
67613
67613
67613
67612
67612
67612
67612
67612
67611
67611
67611
67611
67610
67610
67610
67610
67609
67609
67609
67609
67608
67608
67608
67608
67607
67607
67607
67607
67606
67606
67606
67606
67606
67605
67605
67605
67605
67604
67604
67604
67604
67603
67603
67603
67603
67602
67602
67602
67602
67601
67600
67598
67597
67596
67594
67593
67592
67592
67592
67592
67591
67590
67590
67588
67588
67588
67588
67587
67587
67586
67586
67586
67586
67585
67585
67585
67585
67584
67584
67584
67584
67583
67583
67583
67581
67581
67580
67579
67579
67579
67579
67578
67578
67578
67578
67577
67577
67577
67577
67576
67576
67576
67576
67575
67575
67575
67575
67573
67573
67573
67573
67572
67572
67572
67570
67570
67570
67569
67569
67569
67569
67568
67568
67568
67568
67568
67567
67567
67567
67567
67565
67564
67564
67564
67564
67563
67563
67563
67563
67562
67562
67562
67562
67561
67561
67561
67561
67561
67560
67560
67560
67558
67558
67557
67556
67556
67556
67555
67555
67555
67555
67554
67554
67554
67554
67553
67552
67552
67551
67551
67551
67551
67550
67550
67550
67550
67549
67549
67549
67549
67548
67548
67548
67548
67547
67547
67547
67547
67547
67546
67546
67546
67546
67545
67545
67545
67545
67544
67544
67544
67544
67543
67543
67543
67543
67542
67542
67542
67542
67541
67541
67541
67541
67541
67540
67540
67540
67540
67539
67539
67539
67539
67538
67538
67538
67538
67537
67537
67537
67537
67536
67536
67536
67536
67535
67535
67535
67535
67535
67534
67534
67534
67532
67531
67529
67528
67526
67523
67523
67522
67521
67521
67521
67521
67520
67520
67520
67520
67520
67519
67519
67519
67519
67518
67518
67518
67518
67517
67517
67517
67515
67515
67514
67513
67513
67513
67513
67512
67512
67512
67512
67511
67511
67511
67511
67510
67510
67510
67510
67509
67509
67509
67509
67507
67507
67507
67506
67506
67506
67505
67505
67505
67505
67504
67504
67504
67504
67503
67503
67503
67503
67503
67502
67502
67502
67502
67500
67500
67500
67499
67499
67499
67499
67498
67498
67498
67498
67497
67497
67497
67497
67496
67496
67496
67496
67495
67495
67493
67492
67491
67491
67490
67490
67490
67490
67489
67489
67489
67489
67487
67487
67487
67487
67486
67486
67486
67485
67485
67485
67485
67485
67484
67484
67484
67484
67483
67483
67483
67483
67482
67481
67481
67480
67480
67480
67480
67479
67479
67479
67479
67478
67478
67478
67478
67478
67477
67477
67477
67477
67476
67476
67476
67476
67475
67475
67475
67475
67474
67474
67474
67474
67473
67473
67473
67473
67473
67472
67472
67472
67472
67471
67471
67471
67471
67470
67470
67470
67470
67469
67469
67469
67469
67468
67468
67468
67468
67467
67467
67467
67467
67467
67466
67466
67466
67464
67461
67460
67459
67456
67454
67454
67453
67453
67453
67453
67452
67452
67452
67452
67451
67451
67451
67451
67450
67450
67450
67448
67448
67447
67446
67446
67446
67446
67445
67445
67445
67445
67444
67444
67444
67444
67443
67443
67443
67443
67442
67442
67442
67442
67440
67440
67440
67439
67439
67439
67439
67438
67438
67438
67438
67437
67437
67437
67437
67436
67436
67436
67436
67435
67435
67435
67435
67433
67433
67433
67433
67432
67432
67432
67432
67431
67431
67431
67431
67430
67430
67430
67430
67430
67429
67429
67429
67429
67427
67427
67425
67425
67425
67424
67424
67424
67424
67422
67422
67422
67421
67421
67421
67421
67420
67420
67420
67420
67419
67419
67419
67419
67418
67418
67418
67418
67418
67417
67417
67417
67417
67416
67416
67416
67416
67415
67415
67415
67415
67414
67414
67414
67414
67414
67413
67413
67413
67413
67412
67412
67412
67412
67411
67411
67411
67411
67410
67410
67410
67410
67409
67409
67409
67409
67408
67408
67408
67408
67408
67407
67407
67407
67407
67406
67406
67406
67406
67405
67405
67405
67405
67404
67404
67404
67404
67403
67403
67403
67403
67403
67402
67402
67402
67402
67401
67401
67401
67401
67400
67400
67400
67397
67394
67393
67391
67390
67388
67388
67387
67387
67387
67386
67386
67386
67386
67385
67385
67384
67383
67382
67382
67381
67381
67381
67381
67380
67380
67380
67380
67380
67379
67379
67379
67379
67378
67378
67378
67378
67377
67377
67376
67375
67375
67375
67375
67374
67374
67374
67374
67373
67373
67373
67372
67372
67372
67372
67371
67371
67371
67371
67370
67370
67370
67369
67368
67368
67368
67367
67367
67367
67367
67366
67366
67366
67366
67366
67365
67365
67365
67365
67364
67364
67364
67364
67361
67361
67359
67359
67359
67359
67357
67357
67357
67356
67356
67356
67356
67355
67355
67355
67355
67353
67353
67353
67352
67352
67352
67352
67351
67351
67351
67351
67350
67350
67350
67350
67349
67349
67349
67349
67348
67348
67348
67348
67347
67347
67347
67347
67347
67346
67346
67346
67346
67345
67345
67345
67345
67344
67344
67344
67344
67343
67343
67343
67343
67342
67342
67342
67342
67341
67341
67341
67341
67341
67340
67340
67340
67340
67339
67339
67339
67339
67338
67338
67338
67338
67337
67337
67337
67337
67336
67336
67336
67336
67335
67335
67335
67335
67334
67334
67334
67334
67334
67333
67333
67333
67333
67332
67332
67332
67332
67331
67331
67329
67328
67326
67325
67323
67322
67322
67321
67321
67321
67319
67319
67318
67317
67317
67317
67317
67316
67316
67316
67316
67315
67315
67315
67315
67314
67314
67314
67314
67314
67313
67313
67313
67311
67311
67311
67311
67310
67310
67310
67310
67309
67309
67309
67309
67308
67308
67308
67308
67307
67307
67307
67306
67306
67306
67306
67304
67304
67304
67303
67303
67303
67303
67302
67301
67301
67300
67300
67300
67300
67299
67299
67299
67299
67298
67298
67298
67296
67296
67295
67293
67293
67293
67293
67292
67292
67292
67292
67292
67291
67291
67291
67291
67290
67289
67288
67287
67287
67286
67286
67286
67286
67285
67285
67285
67285
67284
67284
67284
67284
67283
67283
67283
67283
67283
67282
67282
67282
67282
67281
67281
67281
67281
67280
67280
67280
67280
67279
67279
67279
67279
67278
67278
67278
67278
67277
67277
67277
67277
67277
67276
67276
67276
67276
67275
67275
67275
67275
67274
67274
67274
67274
67273
67273
67273
67273
67272
67272
67272
67272
67271
67271
67271
67270
67270
67270
67270
67269
67269
67269
67269
67268
67268
67268
67268
67267
67267
67267
67267
67266
67266
67266
67266
67266
67265
67265
67265
67264
67264
67264
67264
67264
67262
67260
67259
67257
67254
67253
67252
67251
67251
67251
67251
67250
67250
67250
67250
67249
67249
67249
67249
67248
67248
67248
67248
67247
67247
67247
67247
67245
67245
67245
67245
67244
67244
67244
67244
67243
67243
67243
67243
67242
67242
67242
67242
67241
67241
67241
67241
67240
67240
67240
67239
67238
67238
67238
67238
67237
67237
67237
67237
67236
67236
67236
67236
67235
67235
67235
67235
67234
67234
67234
67234
67230
67229
67228
67228
67227
67227
67227
67227
67226
67226
67226
67226
67225
67225
67225
67225
67224
67223
67223
67221
67221
67221
67221
67220
67220
67220
67219
67219
67219
67219
67218
67218
67218
67218
67217
67217
67217
67217
67216
67216
67216
67216
67215
67215
67215
67215
67215
67214
67214
67214
67214
67213
67213
67213
67213
67212
67212
67210
67210
67210
67210
67210
67209
67209
67209
67209
67208
67208
67208
67208
67207
67207
67207
67207
67206
67206
67206
67206
67205
67205
67205
67205
67204
67204
67204
67204
67204
67203
67203
67203
67203
67202
67202
67202
67202
67201
67201
67201
67201
67200
67200
67200
67200
67199
67199
67199
67199
67199
67198
67198
67198
67198
67197
67197
67197
67197
67196
67196
67196
67196
67195
67192
67191
67189
67186
67184
67182
67182
67182
67181
67181
67181
67180
67180
67180
67180
67179
67179
67179
67179
67178
67178
67177
67177
67176
67176
67176
67176
67175
67175
67175
67175
67174
67174
67174
67174
67173
67173
67173
67173
67172
67172
67172
67172
67171
67170
67170
67169
67169
67169
67169
67168
67168
67168
67168
67167
67167
67167
67167
67167
67166
67166
67166
67164
67164
67164
67162
67162
67161
67160
67160
67160
67160
67159
67159
67159
67159
67158
67158
67158
67158
67157
67157
67156
67156
67154
67154
67154
67153
67153
67153
67153
67152
67152
67152
67152
67151
67151
67151
67151
67150
67150
67150
67150
67149
67149
67148
67147
67147
67147
67147
67146
67146
67146
67146
67145
67145
67145
67145
67144
67144
67144
67144
67143
67143
67143
67143
67142
67142
67142
67142
67141
67141
67141
67141
67141
67140
67140
67140
67140
67139
67139
67139
67139
67138
67138
67138
67138
67137
67137
67137
67137
67136
67136
67136
67136
67135
67135
67135
67135
67135
67134
67134
67134
67134
67133
67133
67133
67133
67132
67132
67132
67132
67131
67131
67131
67131
67130
67130
67130
67130
67130
67129
67129
67129
67129
67128
67128
67128
67128
67127
67126
67126
67123
67121
67120
67119
67117
67116
67115
67115
67115
67115
67114
67114
67114
67114
67113
67112
67112
67112
67111
67111
67111
67111
67110
67110
67110
67110
67109
67109
67109
67109
67109
67108
67108
67108
67108
67107
67107
67107
67105
67105
67105
67105
67104
67104
67104
67104
67103
67103
67103
67103
67102
67102
67102
67100
67100
67100
67100
67099
67099
67097
67096
67095
67095
67094
67094
67094
67094
67093
67093
67093
67093
67092
67092
67092
67092
67092
67090
67090
67088
67088
67088
67088
67087
67087
67087
67087
67086
67086
67086
67086
67085
67085
67085
67085
67084
67084
67084
67084
67084
67082
67082
67082
67081
67081
67081
67081
67080
67080
67080
67080
67079
67079
67079
67079
67078
67078
67078
67078
67077
67077
67077
67077
67076
67076
67076
67076
67076
67075
67075
67075
67075
67074
67074
67074
67074
67073
67073
67073
67073
67072
67072
67072
67072
67071
67071
67071
67071
67070
67070
67070
67070
67070
67069
67069
67069
67069
67068
67068
67068
67068
67067
67067
67067
67067
67066
67066
67066
67066
67065
67065
67065
67065
67064
67064
67064
67064
67063
67063
67063
67063
67063
67061
67061
67060
67060
67060
67060
67059
67059
67059
67059
67058
67057
67055
67053
67052
67050
67049
67048
67048
67048
67047
67046
67046
67046
67046
67045
67045
67045
67045
67044
67044
67044
67044
67043
67043
67043
67043
67042
67042
67042
67042
67041
67041
67040
67040
67039
67039
67039
67039
67038
67038
67038
67038
67037
67037
67036
67035
67035
67035
67034
67034
67034
67034
67033
67032
67032
67030
67030
67030
67029
67029
67029
67029
67028
67028
67027
67026
67026
67026
67026
67025
67024
67024
67022
67022
67022
67021
67021
67021
67021
67020
67020
67020
67020
67019
67019
67019
67019
67018
67018
67018
67018
67018
67017
67016
67015
67015
67015
67015
67014
67014
67014
67014
67013
67013
67013
67013
67012
67012
67012
67012
67012
67011
67011
67011
67011
67010
67010
67010
67010
67009
67009
67009
67009
67008
67008
67008
67008
67008
67007
67007
67007
67007
67006
67006
67006
67006
67005
67005
67005
67005
67004
67004
67004
67004
67003
67003
67003
67003
67002
67002
67002
67002
67002
67001
67001
67001
67001
67000
67000
67000
67000
66999
66999
66999
66999
66998
66998
66998
66998
66997
66997
66997
66995
66995
66995
66994
66994
66994
66994
66993
66993
66993
66993
66992
66992
66992
66992
66991
66991
66991
66991
66990
66989
66987
66986
66983
66982
66980
66980
66980
66980
66979
66979
66979
66979
66978
66978
66978
66978
66977
66977
66977
66977
66977
66976
66976
66976
66976
66974
66974
66974
66973
66973
66973
66973
66972
66972
66971
66971
66970
66970
66970
66970
66969
66969
66969
66969
66968
66968
66966
66965
66964
66964
66963
66963
66963
66963
66962
66962
66962
66962
66961
66961
66961
66961
66960
66959
66959
66957
66957
66956
66956
66956
66956
66955
66955
66955
66955
66955
66954
66954
66954
66954
66953
66953
66953
66953
66952
66952
66951
66951
66950
66950
66950
66950
66949
66949
66949
66949
66948
66948
66948
66948
66947
66947
66947
66947
66947
66946
66946
66946
66946
66945
66945
66945
66945
66944
66944
66944
66944
66943
66943
66943
66943
66942
66942
66942
66942
66941
66941
66939
66939
66939
66939
66938
66938
66938
66938
66937
66937
66937
66937
66936
66936
66936
66936
66935
66935
66935
66935
66934
66934
66934
66934
66934
66933
66933
66933
66933
66932
66932
66932
66931
66931
66930
66929
66928
66928
66928
66927
66927
66927
66927
66926
66926
66926
66925
66925
66925
66925
66924
66924
66924
66924
66923
66923
66923
66923
66922
66922
66922
66922
66921
66921
66920
66918
66917
66914
66913
66911
66911
66910
66910
66910
66910
66909
66909
66909
66909
66908
66908
66908
66908
66907
66906
66906
66905
66905
66905
66905
66903
66903
66903
66903
66902
66902
66902
66902
66901
66901
66901
66900
66900
66900
66900
66898
66898
66897
66897
66896
66896
66896
66896
66895
66895
66895
66895
66894
66894
66894
66894
66893
66892
66892
66890
66890
66889
66889
66888
66888
66888
66888
66887
66887
66887
66887
66886
66886
66886
66886
66886
66885
66885
66885
66885
66883
66883
66883
66882
66882
66882
66882
66882
66881
66881
66881
66881
66880
66880
66880
66880
66879
66879
66879
66879
66878
66878
66878
66876
66876
66876
66876
66875
66875
66875
66875
66874
66874
66874
66874
66873
66873
66873
66873
66872
66872
66872
66872
66872
66871
66871
66871
66871
66870
66870
66870
66870
66869
66869
66869
66869
66868
66868
66868
66868
66867
66867
66867
66867
66866
66866
66866
66866
66866
66865
66865
66865
66865
66863
66863
66863
66862
66862
66862
66862
66861
66861
66861
66861
66860
66860
66860
66860
66859
66859
66859
66859
66858
66858
66858
66858
66858
66857
66857
66857
66857
66856
66856
66856
66856
66855
66855
66855
66855
66854
66854
66851
66850
66848
66847
66845
66843
66843
66843
66843
66842
66842
66842
66842
66841
66840
66840
66839
66838
66838
66837
66837
66837
66837
66837
66836
66836
66836
66836
66835
66835
66835
66835
66834
66834
66834
66831
66831
66830
66829
66829
66829
66828
66828
66828
66828
66827
66827
66827
66827
66827
66826
66826
66825
66824
66823
66823
66822
66822
66822
66822
66821
66821
66821
66821
66820
66820
66820
66820
66820
66819
66819
66819
66819
66818
66818
66817
66816
66816
66816
66816
66815
66815
66815
66815
66814
66814
66814
66814
66813
66813
66813
66813
66813
66812
66812
66812
66812
66811
66810
66809
66809
66809
66809
66809
66808
66808
66808
66808
66807
66807
66807
66807
66806
66806
66806
66806
66805
66805
66805
66805
66804
66804
66804
66804
66803
66803
66803
66803
66803
66802
66802
66802
66802
66801
66801
66801
66801
66800
66800
66800
66800
66799
66799
66799
66799
66797
66797
66797
66796
66796
66796
66796
66795
66795
66795
66795
66794
66794
66794
66794
66794
66793
66793
66793
66793
66792
66792
66792
66792
66791
66791
66791
66791
66790
66790
66790
66790
66789
66789
66789
66789
66789
66788
66788
66788
66788
66787
66787
66787
66787
66786
66786
66785
66783
66782
66780
66778
66776
66776
66776
66774
66773
66773
66773
66773
66772
66772
66772
66772
66771
66771
66771
66771
66770
66770
66770
66770
66769
66769
66769
66769
66767
66767
66766
66765
66765
66765
66765
66764
66764
66764
66764
66763
66763
66763
66763
66762
66762
66761
66760
66759
66759
66759
66758
66758
66758
66758
66757
66757
66757
66757
66756
66756
66756
66756
66756
66754
66754
66753
66753
66753
66752
66751
66751
66751
66751
66750
66750
66750
66749
66749
66749
66749
66748
66748
66748
66748
66748
66747
66747
66747
66747
66746
66746
66744
66744
66744
66744
66743
66743
66743
66743
66742
66742
66742
66742
66741
66741
66741
66741
66740
66740
66740
66740
66740
66739
66739
66739
66739
66738
66738
66738
66738
66737
66737
66737
66737
66736
66736
66736
66736
66735
66735
66735
66735
66735
66734
66734
66733
66732
66732
66732
66732
66731
66731
66731
66731
66730
66730
66730
66730
66729
66729
66729
66729
66728
66728
66728
66728
66727
66727
66727
66727
66727
66726
66726
66725
66725
66725
66725
66725
66724
66724
66724
66724
66723
66723
66723
66723
66722
66722
66722
66722
66721
66721
66721
66721
66720
66720
66720
66720
66719
66719
66719
66717
66716
66713
66712
66695
66694
66694
66693
66693
66693
66692
66692
66692
66691
66691
66691
66691
66690
66690
66690
66690
66690
66689
66688
66687
66685
66685
66684
66684
66684
66683
66683
66683
66682
66682
66681
66681
66681
66680
66680
66678
66678
66676
66676
66675
66675
66674
66674
66674
66673
66673
66673
66673
66672
66672
66672
66672
66671
66671
66671
66671
66670
66670
66669
66669
66668
66668
66668
66668
66667
66667
66667
66667
66666
66666
66666
66666
66665
66665
66665
66665
66664
66664
66664
66664
66664
66662
66662
66662
66661
66661
66661
66661
66660
66660
66660
66660
66659
66659
66659
66658
66658
66658
66658
66657
66657
66657
66656
66655
66655
66655
66655
66654
66654
66654
66654
66653
66653
66653
66653
66652
66652
66652
66652
66651
66651
66651
66649
66648
66648
66647
66647
66647
66647
66646
66646
66646
66646
66645
66645
66645
66645
66644
66644
66644
66644
66643
66643
66643
66643
66642
66642
66642
66642
66641
66641
66641
66641
66640
66640
66640
66639
66639
66638
66638
66638
66638
66637
66637
66637
66637
66636
66636
66636
66636
66635
66635
66635
66635
66634
66634
66634
66634
66633
66633
66633
66633
66632
66632
66632
66632
66632
66630
66629
66627
66625
66624
66622
66622
66621
66621
66621
66620
66620
66620
66620
66619
66619
66619
66618
66617
66616
66616
66615
66615
66615
66615
66614
66614
66614
66614
66613
66613
66613
66613
66612
66611
66611
66609
66609
66609
66609
66608
66608
66608
66608
66607
66607
66607
66607
66606
66606
66606
66606
66605
66605
66605
66605
66605
66603
66603
66603
66602
66602
66602
66601
66601
66601
66601
66600
66600
66600
66600
66599
66599
66599
66599
66598
66598
66598
66598
66598
66596
66596
66595
66595
66595
66595
66594
66594
66594
66594
66594
66593
66593
66593
66593
66592
66592
66592
66592
66591
66591
66590
66589
66588
66588
66588
66587
66587
66587
66587
66586
66586
66586
66586
66585
66585
66585
66585
66583
66583
66583
66582
66582
66582
66582
66581
66581
66581
66581
66580
66580
66580
66580
66579
66579
66579
66579
66578
66578
66578
66578
66578
66577
66577
66577
66577
66576
66576
66576
66576
66575
66575
66575
66575
66574
66574
66574
66574
66573
66573
66573
66573
66572
66572
66572
66572
66571
66571
66571
66571
66570
66570
66570
66570
66570
66569
66569
66568
66568
66568
66568
66567
66567
66567
66567
66566
66566
66566
66566
66565
66565
66565
66561
66560
66558
66557
66555
66554
66554
66553
66553
66553
66553
66551
66551
66548
66548
66548
66548
66547
66547
66547
66547
66546
66546
66546
66546
66545
66545
66545
66543
66543
66542
66542
66541
66541
66541
66541
66540
66540
66540
66540
66539
66539
66539
66539
66538
66538
66538
66538
66537
66537
66537
66535
66535
66535
66535
66534
66534
66534
66534
66533
66533
66533
66533
66532
66532
66532
66532
66531
66531
66531
66531
66530
66530
66530
66529
66528
66528
66528
66528
66527
66527
66527
66527
66526
66526
66526
66526
66525
66525
66525
66525
66524
66524
66524
66524
66522
66522
66521
66521
66520
66520
66520
66520
66519
66519
66519
66519
66518
66518
66517
66516
66516
66516
66516
66515
66515
66515
66515
66514
66514
66514
66514
66513
66513
66513
66513
66512
66512
66512
66512
66511
66511
66511
66511
66510
66510
66510
66510
66509
66509
66509
66509
66508
66508
66508
66508
66507
66507
66507
66507
66506
66506
66506
66506
66505
66505
66505
66505
66505
66504
66504
66504
66504
66503
66503
66503
66503
66502
66502
66502
66502
66501
66501
66501
66501
66500
66500
66500
66500
66499
66499
66499
66499
66499
66498
66498
66498
66498
66497
66497
66497
66497
66495
66494
66492
66491
66489
66487
66486
66485
66485
66484
66484
66484
66484
66483
66483
66483
66483
66482
66482
66482
66482
66481
66480
66480
66478
66478
66478
66477
66477
66477
66477
66476
66476
66476
66476
66475
66475
66475
66475
66474
66474
66474
66474
66474
66473
66472
66472
66471
66471
66471
66471
66470
66470
66470
66470
66470
66469
66469
66469
66469
66468
66468
66468
66468
66466
66466
66466
66465
66464
66464
66463
66463
66463
66463
66463
66462
66462
66462
66462
66461
66461
66461
66461
66460
66460
66460
66460
66459
66459
66458
66457
66456
66456
66456
66455
66455
66455
66455
66454
66454
66453
66452
66452
66452
66452
66451
66451
66451
66451
66450
66450
66450
66450
66449
66449
66449
66449
66448
66448
66448
66448
66448
66447
66447
66447
66447
66446
66446
66446
66446
66445
66445
66445
66445
66444
66444
66444
66444
66443
66443
66443
66443
66442
66442
66442
66442
66442
66441
66441
66441
66441
66440
66440
66440
66440
66439
66439
66439
66439
66438
66438
66438
66437
66437
66437
66437
66437
66436
66436
66436
66436
66435
66435
66435
66435
66434
66434
66434
66434
66433
66433
66433
66433
66432
66432
66432
66432
66432
66431
66431
66431
66430
66429
66426
66424
66423
66421
66420
66419
66419
66419
66419
66419
66418
66418
66418
66418
66417
66415
66415
66413
66413
66413
66413
66412
66412
66412
66412
66411
66411
66411
66411
66410
66410
66410
66410
66409
66409
66409
66409
66408
66407
66406
66406
66406
66406
66406
66405
66405
66405
66405
66404
66404
66404
66404
66403
66403
66403
66403
66402
66402
66402
66402
66401
66400
66400
66399
66399
66399
66399
66399
66398
66398
66398
66398
66397
66397
66397
66397
66396
66396
66396
66396
66395
66395
66393
66393
66388
66388
66387
66387
66387
66386
66384
66384
66383
66383
66383
66382
66382
66381
66381
66381
66380
66380
66380
66379
66379
66377
66377
66377
66376
66376
66375
66374
66374
66374
66373
66373
66373
66372
66372
66372
66299
66298
66298
66298
66298
66297
66297
66295
66295
66294
66294
66294
66294
66293
66293
66293
66293
66292
66292
66292
66292
66291
66291
66291
66291
66290
66290
66290
66290
66289
66289
66289
66289
66288
66288
66288
66288
66287
66287
66287
66287
66286
66286
66286
66286
66285
66285
66285
66285
66284
66284
66284
66284
66283
66283
66283
66283
66283
66282
66282
66282
66282
66281
66281
66281
66281
66280
66280
66280
66280
66279
66278
66276
66275
66273
66272
66270
66270
66269
66269
66269
66267
66267
66266
66265
66265
66265
66265
66264
66264
66264
66264
66263
66263
66263
66263
66262
66262
66262
66262
66262
66261
66261
66261
66259
66259
66259
66258
66258
66258
66258
66258
66257
66257
66257
66257
66256
66256
66256
66256
66255
66255
66255
66255
66254
66254
66254
66252
66252
66252
66252
66251
66251
66251
66250
66250
66249
66249
66249
66249
66248
66248
66248
66248
66248
66247
66247
66247
66245
66245
66243
66243
66243
66242
66241
66241
66241
66241
66240
66240
66240
66240
66239
66239
66239
66239
66238
66238
66238
66238
66238
66236
66236
66234
66234
66234
66234
66233
66233
66233
66233
66232
66232
66232
66232
66231
66231
66231
66231
66231
66230
66230
66230
66230
66229
66229
66229
66229
66228
66228
66228
66228
66227
66227
66227
66227
66226
66226
66226
66226
66225
66225
66225
66225
66224
66224
66224
66224
66223
66223
66223
66223
66222
66222
66222
66222
66221
66221
66221
66221
66220
66220
66220
66220
66219
66219
66219
66219
66219
66218
66218
66218
66218
66217
66217
66217
66217
66216
66216
66216
66216
66215
66215
66215
66215
66214
66214
66214
66214
66213
66213
66213
66213
66210
66208
66207
66203
66201
66198
66196
66196
66196
66195
66195
66195
66195
66194
66194
66194
66193
66193
66193
66192
66192
66192
66192
66191
66191
66191
66190
66189
66188
66188
66188
66187
66187
66187
66187
66186
66186
66186
66186
66185
66185
66185
66185
66185
66184
66184
66184
66184
66183
66183
66181
66181
66181
66181
66180
66180
66180
66180
66180
66179
66179
66179
66179
66178
66178
66178
66178
66177
66177
66177
66176
66175
66175
66172
66172
66171
66171
66171
66171
66170
66170
66170
66170
66170
66169
66169
66169
66169
66168
66168
66168
66168
66167
66167
66166
66165
66164
66164
66163
66163
66163
66163
66162
66162
66162
66162
66161
66161
66161
66161
66160
66160
66160
66160
66159
66159
66159
66159
66158
66158
66158
66158
66158
66157
66157
66157
66157
66156
66156
66156
66156
66155
66155
66155
66155
66154
66154
66154
66154
66153
66153
66153
66153
66152
66152
66152
66152
66152
66151
66151
66151
66151
66150
66150
66150
66150
66149
66149
66149
66149
66148
66148
66148
66148
66148
66147
66147
66147
66147
66146
66146
66146
66146
66145
66145
66145
66145
66144
66144
66144
66144
66143
66143
66143
66143
66142
66142
66142
66142
66141
66141
66141
66138
66137
66135
66133
66132
66130
66130
66130
66129
66129
66129
66128
66128
66128
66128
66128
66127
66127
66127
66127
66126
66125
66125
66124
66124
66124
66124
66123
66123
66123
66123
66122
66122
66122
66122
66121
66121
66121
66121
66120
66120
66120
66120
66119
66118
66118
66117
66117
66117
66117
66116
66116
66116
66116
66115
66115
66115
66115
66114
66114
66114
66114
66114
66113
66111
66109
66109
66108
66107
66107
66107
66107
66106
66106
66106
66106
66105
66105
66104
66104
66104
66104
66103
66103
66103
66103
66102
66102
66101
66100
66099
66099
66098
66098
66098
66098
66097
66097
66097
66097
66096
66096
66096
66096
66096
66095
66095
66095
66095
66094
66094
66094
66094
66093
66093
66093
66093
66092
66092
66092
66092
66091
66091
66091
66091
66091
66090
66090
66090
66090
66089
66089
66089
66089
66088
66088
66088
66088
66087
66087
66087
66087
66086
66086
66086
66086
66086
66085
66085
66085
66085
66084
66084
66084
66084
66083
66083
66083
66083
66082
66082
66082
66082
66081
66081
66081
66081
66081
66080
66080
66080
66080
66079
66079
66079
66079
66078
66078
66078
66078
66077
66077
66077
66077
66076
66076
66076
66076
66075
66075
66075
66075
66072
66070
66069
66068
66065
66063
66062
66062
66062
66062
66061
66061
66061
66061
66060
66059
66059
66059
66058
66058
66058
66058
66057
66057
66057
66057
66056
66056
66056
66056
66055
66055
66055
66055
66054
66054
66054
66054
66052
66052
66052
66052
66051
66051
66051
66051
66050
66050
66050
66050
66049
66049
66049
66049
66048
66047
66047
66046
66046
66045
66045
66043
66043
66043
66043
66042
66042
66042
66042
66041
66041
66041
66041
66040
66040
66040
66040
66039
66039
66039
66039
66038
66037
66037
66035
66035
66035
66035
66034
66034
66034
66034
66033
66033
66033
66033
66032
66032
66032
66030
66030
66030
66030
66029
66029
66029
66029
66028
66028
66028
66028
66027
66027
66027
66027
66026
66026
66026
66026
66026
66025
66025
66025
66025
66024
66024
66024
66024
66022
66022
66022
66021
66021
66021
66021
66020
66020
66020
66020
66020
66019
66019
66019
66019
66018
66018
66018
66018
66017
66017
66017
66017
66016
66016
66016
66016
66016
66015
66015
66015
66015
66014
66014
66014
66014
66013
66013
66013
66013
66012
66012
66012
66012
66011
66011
66011
66011
66010
66010
66010
66010
66009
66009
66008
66008
66007
66007
66007
66007
66006
66006
66006
66004
66003
66002
66000
65999
65997
65997
65996
65996
65995
65994
65994
65994
65993
65993
65993
65993
65992
65992
65992
65992
65991
65991
65991
65991
65990
65990
65990
65990
65990
65989
65989
65988
65987
65986
65986
65986
65986
65985
65985
65985
65985
65984
65984
65984
65984
65982
65982
65982
65981
65981
65981
65981
65979
65979
65978
65977
65977
65977
65977
65976
65976
65976
65976
65975
65975
65975
65975
65974
65974
65974
65974
65973
65973
65973
65973
65971
65971
65969
65969
65969
65969
65968
65968
65968
65968
65967
65967
65967
65967
65966
65966
65966
65965
65964
65964
65964
65964
65963
65963
65963
65963
65962
65962
65962
65962
65961
65961
65961
65961
65960
65960
65960
65960
65959
65959
65959
65959
65958
65958
65958
65958
65957
65957
65957
65957
65956
65956
65956
65956
65955
65955
65955
65955
65954
65954
65954
65954
65953
65953
65953
65953
65952
65952
65952
65952
65952
65951
65951
65951
65951
65950
65950
65950
65950
65949
65949
65949
65949
65948
65948
65948
65948
65947
65947
65947
65947
65947
65946
65946
65946
65946
65945
65945
65943
65943
65943
65943
65942
65942
65942
65942
65942
65941
65941
65941
65941
65940
65940
65940
65940
65939
65937
65935
65934
65930
65929
65927
65927
65927
65927
65926
65926
65926
65926
65925
65925
65925
65925
65924
65924
65924
65924
65923
65923
65923
65923
65922
65921
65921
65920
65920
65920
65920
65919
65919
65919
65919
65918
65916
65916
65916
65916
65915
65915
65915
65914
65914
65914
65912
65912
65911
65910
65910
65910
65910
65909
65909
65909
65909
65908
65908
65908
65908
65907
65907
65907
65907
65907
65906
65906
65906
65904
65904
65902
65902
65902
65902
65901
65901
65901
65901
65900
65900
65900
65900
65900
65899
65899
65898
65897
65897
65897
65897
65896
65896
65896
65896
65896
65895
65895
65895
65895
65894
65894
65894
65894
65893
65893
65893
65893
65892
65892
65892
65892
65891
65891
65891
65891
65890
65890
65890
65890
65889
65889
65889
65889
65889
65888
65888
65888
65888
65887
65887
65887
65887
65886
65886
65886
65886
65885
65885
65885
65885
65884
65884
65884
65884
65884
65883
65883
65883
65883
65882
65882
65882
65882
65881
65881
65881
65881
65880
65880
65880
65880
65879
65879
65878
65877
65877
65877
65877
65876
65876
65876
65876
65875
65875
65875
65875
65874
65874
65874
65874
65873
65873
65873
65873
65872
65872
65872
65872
65871
65871
65870
65868
65867
65866
65864
65863
65863
65862
65862
65862
65862
65861
65861
65861
65860
65860
65860
65859
65859
65859
65857
65857
65857
65857
65856
65856
65856
65856
65854
65854
65854
65854
65853
65853
65853
65853
65852
65852
65852
65852
65851
65850
65850
65848
65848
65848
65848
65847
65847
65847
65847
65846
65846
65846
65846
65845
65845
65845
65845
65844
65844
65844
65844
65843
65841
65840
65839
65839
65838
65838
65838
65838
65837
65837
65837
65837
65836
65836
65836
65836
65835
65834
65834
65834
65833
65833
65833
65833
65832
65832
65832
65832
65831
65831
65831
65831
65830
65830
65830
65830
65829
65829
65829
65829
65827
65827
65827
65827
65826
65826
65826
65826
65825
65825
65825
65825
65824
65824
65824
65824
65823
65823
65823
65823
65822
65822
65822
65822
65821
65821
65821
65821
65821
65820
65820
65820
65820
65819
65819
65819
65819
65818
65818
65818
65818
65817
65817
65817
65817
65816
65816
65816
65816
65815
65815
65815
65813
65813
65813
65813
65812
65812
65812
65812
65811
65811
65811
65811
65810
65810
65810
65810
65809
65809
65809
65809
65808
65808
65808
65808
65808
65807
65807
65807
65807
65806
65806
65806
65806
65805
65805
65805
65803
65802
65800
65799
65796
65795
65795
65794
65794
65794
65793
65793
65793
65793
65791
65791
65791
65791
65790
65789
65789
65788
65788
65788
65788
65787
65787
65787
65787
65786
65786
65786
65786
65786
65785
65784
65783
65782
65782
65781
65781
65781
65781
65780
65780
65780
65780
65780
65779
65779
65779
65779
65778
65778
65778
65778
65777
65777
65776
65775
65774
65774
65773
65773
65773
65773
65772
65772
65772
65772
65772
65771
65771
65771
65771
65769
65769
65769
65768
65768
65768
65768
65767
65767
65767
65767
65766
65766
65766
65766
65765
65765
65765
65765
65765
65764
65764
65764
65762
65762
65762
65761
65761
65761
65761
65760
65760
65760
65760
65760
65759
65759
65759
65759
65758
65758
65758
65758
65757
65757
65757
65757
65756
65756
65756
65756
65755
65755
65754
65754
65753
65753
65753
65753
65752
65752
65752
65752
65751
65751
65751
65751
65750
65750
65750
65750
65749
65748
65748
65747
65747
65747
65747
65746
65746
65746
65746
65745
65745
65745
65745
65745
65744
65744
65744
65744
65743
65743
65743
65743
65742
65742
65742
65742
65741
65741
65741
65741
65740
65740
65740
65740
65739
65739
65739
65739
65739
65738
65738
65738
65738
65737
65735
65733
65732
65731
65729
65727
65727
65727
65725
65725
65723
65723
65723
65723
65722
65722
65722
65722
65721
65721
65721
65721
65720
65720
65720
65720
65720
65719
65719
65717
65717
65716
65715
65715
65715
65715
65714
65714
65714
65714
65713
65713
65713
65713
65712
65712
65712
65712
65711
65711
65711
65659
65656
65656
65655
65654
65654
65654
65654
65653
65653
65653
65653
65652
65652
65652
65652
65651
65651
65650
65649
65649
65649
65649
65648
65648
65648
65648
65648
65647
65647
65647
65647
65646
65646
65646
65646
65645
65645
65645
65645
65644
65643
65643
65642
65642
65642
65642
65641
65641
65641
65640
65640
65640
65640
65639
65639
65639
65639
65638
65638
65638
65638
65638
65637
65637
65637
65637
65636
65636
65636
65636
65635
65635
65635
65635
65634
65634
65634
65634
65633
65633
65633
65633
65632
65632
65632
65632
65630
65630
65630
65629
65629
65629
65629
65628
65628
65628
65628
65628
65627
65627
65627
65627
65626
65626
65626
65626
65625
65625
65625
65625
65624
65624
65624
65624
65623
65623
65623
65623
65622
65622
65622
65622
65621
65621
65621
65621
65621
65620
65620
65620
65620
65619
65619
65619
65619
65618
65618
65618
65618
65617
65614
65613
65609
65608
65606
65605
65604
65604
65604
65604
65603
65603
65603
65603
65602
65602
65602
65602
65602
65601
65601
65601
65601
65599
65598
65597
65597
65596
65596
65596
65596
65595
65595
65595
65595
65594
65594
65594
65594
65593
65593
65593
65593
65592
65592
65592
65590
65590
65589
65588
65588
65588
65588
65587
65587
65587
65587
65586
65586
65586
65586
65586
65585
65584
65584
65583
65583
65583
65583
65582
65582
65582
65582
65581
65581
65581
65581
65580
65580
65580
65580
65580
65579
65579
65579
65579
65577
65577
65577
65576
65576
65576
65576
65575
65575
65575
65575
65574
65574
65574
65574
65573
65573
65573
65573
65572
65572
65571
65570
65570
65570
65570
65569
65569
65569
65569
65569
65568
65568
65568
65568
65567
65567
65567
65567
65566
65566
65566
65566
65564
65564
65564
65563
65563
65563
65563
65562
65562
65562
65562
65561
65561
65561
65561
65560
65560
65560
65560
65559
65559
65559
65559
65558
65558
65558
65558
65558
65557
65557
65557
65557
65556
65556
65556
65556
65555
65555
65555
65555
65554
65554
65554
65554
65553
65553
65553
65553
65552
65552
65552
65552
65552
65551
65551
65551
65551
65550
65550
65550
65550
65549
65549
65548
65545
65544
65542
65541
65539
65539
65539
65538
65538
65538
65538
65537
65537
65537
65537
65536
65535
65535
65533
65533
65533
65533
65532
65532
65532
65532
65531
65531
65531
65531
65530
65530
65530
65530
65529
65529
65529
65529
65528
65527
65527
65525
65525
65525
65525
65524
65524
65524
65524
65523
65523
65523
65523
65522
65522
65522
65520
65520
65520
65520
65519
65519
65519
65517
65517
65517
65516
65516
65516
65516
65516
65515
65515
65515
65515
65514
65514
65514
65514
65512
65512
65512
65511
65511
65511
65511
65511
65510
65510
65510
65510
65509
65509
65509
65509
65508
65508
65508
65508
65507
65506
65506
65504
65504
65504
65504
65503
65503
65503
65503
65502
65502
65502
65502
65501
65501
65501
65501
65500
65499
65499
65498
65498
65498
65498
65497
65497
65497
65497
65496
65496
65496
65496
65495
65495
65495
65495
65495
65494
65494
65494
65494
65493
65493
65493
65493
65492
65492
65492
65492
65491
65491
65491
65491
65490
65490
65490
65490
65490
65489
65489
65489
65489
65488
65488
65488
65488
65487
65487
65487
65487
65486
65486
65486
65486
65485
65485
65485
65485
65485
65484
65484
65484
65484
65483
65483
65483
65483
65482
65482
65482
65480
65479
65477
65474
65473
65471
65471
65471
65471
65470
65470
65469
65468
65467
65467
65467
65466
65466
65466
65466
65465
65465
65465
65465
65464
65464
65464
65464
65463
65463
65463
65463
65463
65462
65461
65460
65459
65459
65458
65458
65458
65458
65458
65457
65457
65457
65457
65456
65456
65456
65456
65454
65454
65454
65453
65453
65453
65453
65453
65452
65452
65452
65452
65451
65451
65451
65451
65450
65450
65450
65450
65449
65449
65449
65448
65447
65447
65447
65447
65446
65446
65446
65446
65445
65445
65445
65445
65444
65444
65444
65444
65443
65443
65443
65443
65441
65441
65440
65439
65439
65439
65439
65438
65438
65438
65438
65437
65437
65437
65437
65436
65435
65435
65435
65434
65434
65434
65434
65433
65433
65433
65433
65432
65432
65432
65432
65431
65431
65430
65429
65429
65429
65428
65428
65428
65428
65428
65427
65427
65427
65427
65426
65426
65426
65426
65425
65425
65425
65425
65424
65424
65424
65424
65423
65423
65423
65423
65423
65422
65422
65422
65422
65421
65421
65421
65421
65420
65420
65420
65420
65419
65419
65419
65419
65418
65418
65418
65418
65417
65417
65417
65417
65417
65416
65416
65416
65416
65415
65415
65415
65415
65414
65413
65411
65410
65408
65406
65403
65403
65402
65401
65401
65401
65400
65400
65400
65400
65400
65399
65399
65399
65399
65398
65398
65398
65398
65397
65397
65397
65397
65395
65395
65393
65393
65392
65392
65392
65392
65391
65391
65391
65391
65390
65390
65390
65390
65389
65388
65388
65387
65387
65387
65387
65386
65386
65386
65386
65385
65385
65385
65385
65384
65384
65384
65384
65383
65383
65383
65383
65382
65381
65381
65380
65380
65380
65380
65379
65379
65379
65379
65378
65378
65378
65378
65378
65377
65377
65377
65377
65376
65376
65375
65374
65373
65373
65372
65372
65372
65372
65372
65371
65371
65371
65371
65369
65369
65369
65368
65368
65368
65368
65367
65367
65367
65367
65366
65366
65366
65366
65365
65365
65365
65365
65364
65364
65364
65364
65364
65363
65363
65363
65363
65362
65362
65362
65362
65361
65361
65361
65361
65360
65360
65360
65360
65359
65359
65359
65359
65358
65358
65358
65358
65357
65357
65357
65357
65357
65356
65356
65356
65356
65355
65355
65355
65355
65354
65354
65354
65354
65353
65353
65353
65353
65352
65352
65352
65352
65351
65351
65351
65351
65351
65350
65350
65350
65350
65349
65349
65349
65349
65348
65348
65348
65348
65345
65341
65340
65338
65337
65336
65335
65335
65335
65335
65334
65334
65334
65334
65333
65333
65333
65333
65333
65332
65332
65332
65330
65330
65329
65328
65328
65328
65328
65327
65327
65327
65327
65326
65326
65326
65326
65326
65325
65324
65324
65323
65323
65323
65323
65322
65322
65322
65322
65321
65321
65321
65321
65321
65320
65320
65320
65320
65319
65319
65319
65319
65317
65317
65317
65316
65316
65316
65316
65315
65315
65315
65315
65314
65314
65314
65314
65313
65313
65313
65313
65313
65312
65311
65311
65309
65309
65309
65308
65308
65308
65308
65307
65306
65306
65306
65305
65305
65305
65305
65304
65304
65304
65304
65303
65303
65302
65301
65301
65301
65301
65300
65300
65300
65300
65299
65299
65299
65299
65298
65298
65298
65298
65298
65297
65297
65297
65297
65296
65296
65296
65296
65295
65295
65295
65295
65294
65294
65294
65294
65293
65293
65293
65293
65292
65292
65292
65292
65292
65291
65291
65291
65291
65290
65290
65290
65290
65289
65289
65289
65288
65288
65288
65288
65287
65287
65287
65287
65286
65286
65286
65286
65285
65285
65285
65285
65284
65284
65284
65284
65284
65283
65283
65283
65282
65282
65282
65282
65282
65281
65281
65281
65279
65277
65275
65274
65272
65270
65270
65270
65269
65269
65269
65269
65269
65268
65268
65268
65266
65266
65265
65265
65264
65264
65264
65264
65263
65263
65263
65263
65262
65262
65262
65262
65261
65260
65260
65260
65259
65259
65259
65259
65258
65258
65258
65258
65257
65257
65257
65257
65256
65256
65256
65256
65255
65255
65255
65255
65253
65253
65252
65252
65252
65252
65251
65251
65250
65249
65249
65249
65249
65248
65248
65248
65248
65247
65247
65247
65246
65244
65244
65243
65243
65242
65242
65242
65240
65240
65240
65240
65239
65239
65239
65239
65239
65238
65238
65238
65238
65237
65237
65237
65235
65235
65234
65233
65233
65232
65232
65232
65232
65231
65231
65231
65231
65231
65230
65230
65230
65230
65229
65229
65229
65229
65228
65228
65228
65228
65227
65227
65227
65227
65226
65226
65226
65225
65225
65225
65225
65224
65224
65224
65224
65224
65223
65223
65223
65223
65222
65222
65222
65222
65221
65221
65221
65221
65220
65220
65220
65220
65219
65219
65219
65219
65218
65218
65218
65218
65217
65217
65217
65217
65217
65216
65216
65216
65216
65215
65215
65215
65215
65214
65214
65214
65214
65213
65213
65213
65213
65212
65212
65212
65212
65211
65210
65208
65206
65204
65202
65201
65201
65200
65200
65200
65199
65198
65197
65197
65196
65196
65196
65196
65195
65195
65195
65195
65194
65194
65194
65194
65193
65192
65192
65192
65191
65191
65191
65190
65190
65190
65190
65190
65189
65189
65189
65189
65188
65188
65188
65188
65187
65187
65187
65187
65185
65185
65185
65184
65184
65184
65183
65183
65183
65183
65182
65182
65182
65182
65181
65181
65181
65181
65180
65180
65180
65178
65178
65177
65177
65175
65175
65175
65174
65174
65174
65174
65173
65173
65173
65173
65173
65172
65172
65172
65172
65171
65171
65171
65169
65169
65167
65167
65167
65167
65166
65166
65166
65166
65165
65165
65165
65165
65164
65164
65164
65164
65163
65163
65163
65162
65162
65162
65161
65161
65161
65161
65161
65160
65160
65160
65160
65159
65157
65157
65157
65157
65156
65156
65156
65156
65155
65155
65155
65155
65154
65154
65154
65154
65153
65153
65153
65153
65152
65152
65152
65152
65151
65151
65151
65151
65151
65150
65150
65150
65150
65149
65149
65149
65149
65148
65148
65148
65148
65147
65147
65147
65146
65146
65145
65145
65145
65145
65144
65144
65144
65144
65144
65143
65143
65143
65143
65142
65142
65142
65142
65141
65140
65138
65137
65136
65133
65132
65130
65129
65129
65129
65129
65128
65128
65128
65128
65127
65127
65127
65127
65126
65126
65125
65124
65124
65124
65124
65123
65123
65123
65123
65122
65122
65122
65122
65121
65121
65121
65121
65120
65120
65085
65085
65085
65084
65082
65082
65082
65082
65081
65081
65081
65081
65080
65080
65080
65080
65079
65079
65079
65079
65078
65078
65078
65078
65077
65076
65074
65073
65073
65072
65072
65072
65072
65071
65071
65071
65071
65070
65070
65070
65070
65069
65069
65069
65069
65068
65068
65068
65066
65066
65065
65064
65064
65064
65064
65063
65063
65063
65063
65062
65062
65062
65062
65061
65061
65061
65061
65060
65060
65060
65060
65059
65059
65059
65059
65059
65058
65058
65058
65058
65057
65057
65057
65056
65056
65056
65056
65056
65055
65055
65055
65055
65054
65054
65054
65054
65053
65053
65053
65053
65052
65052
65052
65052
65051
65051
65051
65051
65050
65050
65050
65050
65050
65049
65049
65049
65049
65048
65048
65048
65048
65047
65047
65047
65047
65046
65046
65046
65046
65046
65045
65045
65045
65045
65044
65044
65044
65044
65043
65043
65043
65043
65042
65042
65042
65042
65041
65041
65041
65041
65040
65040
65035
65034
65032
65031
65029
65028
65028
65028
65027
65027
65027
65027
65026
65026
65026
65024
65024
65024
65024
65023
65023
65023
65023
65022
65022
65022
65022
65021
65021
65021
65021
65021
65020
65020
65020
65020
65019
65019
65018
65017
65017
65017
65017
65016
65016
65016
65016
65015
65015
65015
65015
65014
65014
65014
65014
65013
65013
65012
65011
65010
65010
65008
65008
65008
65008
65007
65007
65007
65007
65006
65006
65006
65005
65005
65005
65005
65004
65004
65004
65004
65003
65003
65002
65002
65000
65000
65000
64999
64999
64999
64999
64998
64998
64998
64998
64998
64997
64997
64997
64997
64996
64996
64996
64996
64995
64994
64994
64993
64993
64993
64993
64992
64992
64992
64992
64992
64991
64991
64991
64991
64990
64990
64990
64990
64989
64989
64989
64988
64988
64988
64988
64987
64987
64987
64987
64986
64986
64986
64986
64985
64985
64985
64985
64984
64984
64984
64984
64983
64983
64983
64983
64983
64982
64982
64982
64982
64981
64981
64981
64981
64980
64980
64980
64980
64979
64979
64979
64979
64978
64978
64978
64978
64977
64977
64977
64977
64977
64976
64976
64976
64976
64975
64975
64975
64975
64973
64973
64973
64972
64972
64972
64972
64970
64969
64967
64966
64964
64963
64963
64962
64962
64961
64961
64960
64960
64960
64960
64959
64959
64959
64959
64958
64958
64958
64958
64957
64957
64957
64957
64956
64956
64956
64956
64956
64954
64954
64954
64953
64953
64953
64953
64952
64952
64952
64952
64951
64951
64951
64951
64950
64949
64949
64948
64948
64948
64947
64946
64945
64945
64944
64944
64944
64944
64943
64943
64943
64941
64941
64941
64940
64940
64940
64940
64940
64939
64939
64939
64939
64937
64937
64935
64935
64935
64934
64934
64934
64934
64933
64933
64933
64933
64932
64932
64932
64932
64931
64931
64931
64931
64931
64930
64929
64929
64928
64928
64928
64928
64927
64927
64927
64926
64926
64926
64926
64926
64925
64925
64925
64925
64924
64924
64924
64924
64923
64923
64923
64923
64922
64922
64922
64922
64921
64921
64921
64921
64920
64920
64920
64920
64920
64919
64919
64919
64919
64918
64918
64918
64918
64917
64917
64917
64917
64916
64916
64916
64916
64915
64915
64915
64915
64914
64914
64914
64914
64913
64913
64913
64913
64913
64912
64912
64912
64912
64911
64911
64911
64911
64910
64909
64909
64908
64908
64908
64908
64907
64907
64907
64907
64906
64906
64906
64906
64905
64905
64902
64901
64899
64897
64895
64894
64894
64893
64893
64893
64893
64892
64892
64892
64892
64892
64891
64891
64891
64891
64890
64890
64890
64890
64889
64889
64887
64887
64887
64887
64886
64886
64886
64885
64885
64885
64885
64884
64884
64882
64882
64882
64882
64882
64881
64881
64881
64879
64879
64878
64877
64877
64877
64877
64876
64876
64876
64875
64875
64875
64875
64874
64874
64874
64874
64873
64873
64873
64873
64872
64871
64871
64869
64869
64869
64868
64868
64868
64868
64867
64867
64867
64867
64866
64866
64866
64866
64865
64865
64865
64865
64864
64864
64863
64863
64862
64862
64862
64862
64861
64861
64861
64861
64860
64860
64860
64860
64859
64859
64859
64859
64858
64858
64858
64858
64857
64857
64857
64857
64856
64856
64856
64856
64856
64855
64855
64855
64855
64853
64853
64853
64852
64852
64852
64852
64851
64851
64851
64851
64850
64850
64850
64850
64849
64849
64849
64849
64848
64848
64848
64848
64848
64847
64847
64847
64847
64846
64846
64846
64846
64845
64845
64845
64845
64844
64844
64844
64842
64842
64842
64842
64841
64841
64841
64841
64840
64840
64840
64840
64839
64839
64839
64839
64838
64838
64838
64838
64837
64837
64837
64837
64836
64835
64834
64832
64830
64829
64827
64827
64826
64826
64826
64826
64825
64825
64825
64825
64824
64824
64824
64824
64823
64822
64822
64821
64821
64821
64821
64820
64820
64820
64820
64818
64818
64818
64817
64817
64817
64817
64816
64816
64816
64816
64814
64814
64812
64812
64812
64812
64811
64811
64811
64810
64810
64810
64810
64809
64809
64809
64809
64808
64808
64808
64808
64807
64807
64806
64805
64804
64804
64804
64803
64803
64803
64803
64802
64802
64802
64802
64801
64801
64801
64801
64801
64800
64800
64800
64800
64799
64798
64798
64797
64797
64797
64797
64796
64796
64796
64796
64795
64795
64795
64795
64794
64794
64794
64794
64793
64793
64793
64793
64792
64792
64792
64792
64792
64791
64791
64791
64791
64790
64790
64790
64790
64789
64789
64789
64789
64788
64788
64788
64787
64787
64787
64787
64786
64786
64786
64786
64785
64785
64785
64785
64785
64784
64784
64784
64784
64783
64783
64783
64783
64782
64782
64782
64782
64781
64781
64781
64781
64779
64779
64779
64778
64778
64778
64778
64777
64777
64777
64777
64776
64776
64776
64776
64775
64775
64775
64775
64774
64774
64774
64774
64774
64773
64773
64773
64773
64772
64772
64772
64772
64771
64771
64767
64766
64764
64762
64761
64759
64759
64758
64758
64758
64758
64757
64757
64757
64756
64755
64755
64755
64755
64754
64754
64752
64752
64752
64752
64751
64751
64751
64751
64750
64750
64750
64750
64749
64749
64748
64748
64746
64746
64746
64745
64745
64745
64744
64744
64744
64744
64744
64743
64743
64743
64743
64742
64742
64742
64742
64741
64741
64740
64740
64738
64738
64738
64737
64737
64737
64737
64736
64736
64736
64736
64735
64735
64735
64735
64734
64734
64734
64734
64734
64733
64732
64732
64731
64731
64731
64731
64730
64730
64730
64730
64730
64729
64729
64729
64729
64728
64728
64726
64726
64726
64726
64725
64725
64725
64725
64724
64724
64724
64724
64723
64723
64723
64723
64723
64722
64722
64722
64722
64721
64721
64721
64721
64720
64720
64720
64720
64719
64719
64719
64719
64718
64718
64718
64718
64718
64717
64717
64717
64717
64716
64716
64716
64716
64715
64715
64715
64715
64714
64713
64713
64712
64712
64712
64712
64711
64711
64711
64696
64695
64695
64695
64695
64694
64694
64694
64694
64693
64693
64693
64693
64692
64692
64692
64692
64692
64691
64691
64691
64691
64690
64690
64690
64690
64689
64689
64689
64689
64688
64688
64688
64688
64686
64684
64683
64680
64679
64677
64677
64677
64676
64675
64675
64674
64673
64673
64673
64672
64672
64672
64672
64671
64671
64670
64670
64670
64670
64669
64669
64669
64669
64667
64667
64666
64665
64665
64665
64665
64664
64664
64664
64664
64663
64663
64663
64663
64662
64662
64662
64662
64661
64661
64661
64661
64659
64659
64657
64657
64657
64657
64656
64656
64656
64656
64655
64655
64654
64654
64653
64653
64653
64653
64652
64652
64652
64652
64651
64650
64650
64649
64649
64649
64649
64648
64648
64648
64648
64647
64647
64647
64647
64647
64646
64646
64644
64644
64644
64644
64644
64643
64643
64643
64643
64642
64642
64642
64642
64641
64641
64641
64641
64640
64640
64640
64640
64639
64639
64639
64639
64638
64638
64638
64638
64638
64637
64637
64637
64637
64636
64636
64636
64636
64635
64635
64635
64635
64634
64634
64634
64634
64633
64633
64630
64630
64630
64630
64629
64629
64629
64629
64628
64628
64628
64628
64627
64627
64627
64627
64626
64626
64626
64626
64626
64625
64625
64625
64625
64624
64624
64624
64624
64623
64623
64623
64623
64622
64622
64622
64622
64621
64621
64621
64621
64621
64620
64620
64620
64620
64619
64619
64619
64619
64618
64618
64616
64615
64612
64611
64608
64607
64607
64606
64606
64606
64606
64605
64605
64605
64605
64604
64604
64604
64604
64603
64603
64603
64603
64601
64601
64600
64600
64599
64599
64598
64598
64598
64598
64597
64597
64597
64597
64597
64596
64596
64596
64596
64595
64595
64595
64595
64593
64593
64591
64591
64591
64591
64591
64590
64590
64590
64589
64589
64589
64589
64588
64588
64588
64588
64587
64587
64587
64587
64586
64585
64585
64584
64584
64584
64584
64583
64583
64583
64583
64582
64582
64582
64582
64582
64581
64581
64579
64579
64579
64579
64579
64578
64578
64578
64578
64577
64577
64577
64577
64576
64576
64576
64576
64575
64575
64575
64575
64573
64573
64573
64573
64572
64572
64572
64572
64571
64571
64571
64571
64570
64570
64570
64570
64569
64569
64569
64569
64568
64567
64567
64567
64565
64565
64565
64564
64564
64564
64564
64563
64563
64563
64563
64562
64562
64562
64562
64561
64561
64561
64561
64561
64560
64560
64560
64560
64559
64559
64559
64559
64558
64558
64558
64558
64557
64557
64557
64557
64556
64556
64556
64556
64555
64555
64555
64555
64554
64554
64554
64554
64553
64553
64553
64553
64552
64552
64552
64552
64551
64551
64551
64551
64550
64549
64547
64546
64545
64543
64541
64541
64541
64540
64540
64540
64539
64539
64539
64539
64539
64538
64537
64536
64535
64534
64534
64534
64534
64534
64533
64533
64533
64533
64532
64532
64532
64532
64531
64531
64531
64531
64530
64530
64530
64528
64528
64526
64526
64526
64526
64525
64525
64525
64524
64524
64524
64524
64523
64523
64523
64522
64522
64522
64522
64521
64521
64521
64519
64519
64519
64519
64518
64518
64518
64518
64517
64517
64517
64517
64517
64516
64516
64516
64516
64514
64514
64514
64513
64513
64513
64513
64512
64512
64512
64512
64512
64511
64511
64511
64511
64510
64510
64510
64510
64509
64508
64508
64506
64506
64506
64505
64505
64505
64505
64504
64504
64504
64504
64503
64503
64503
64503
64502
64502
64502
64502
64499
64499
64498
64498
64498
64498
64497
64497
64497
64497
64497
64496
64496
64496
64496
64495
64495
64495
64495
64494
64494
64494
64494
64493
64493
64493
64493
64492
64492
64492
64492
64492
64491
64491
64491
64491
64490
64490
64490
64490
64489
64489
64489
64489
64488
64488
64488
64488
64487
64487
64487
64487
64486
64486
64486
64486
64486
64485
64485
64485
64485
64484
64484
64484
64484
64483
64483
64483
64483
64482
64480
64478
64477
64475
64474
64472
64472
64471
64471
64471
64471
64469
64469
64468
64467
64467
64467
64467
64466
64466
64466
64466
64465
64465
64465
64465
64464
64464
64464
64464
64463
64463
64463
64463
64461
64461
64459
64459
64459
64459
64458
64458
64458
64458
64457
64457
64457
64457
64456
64456
64456
64456
64455
64455
64455
64455
64454
64453
64453
64452
64452
64452
64452
64451
64451
64451
64451
64450
64450
64450
64450
64449
64449
64449
64447
64447
64447
64446
64446
64446
64446
64445
64445
64445
64445
64444
64444
64444
64444
64443
64443
64443
64443
64443
64442
64441
64440
64439
64439
64439
64438
64438
64438
64438
64437
64437
64437
64437
64436
64436
64436
64436
64435
64434
64434
64433
64433
64433
64433
64432
64432
64432
64432
64431
64431
64431
64431
64431
64430
64430
64430
64430
64429
64429
64429
64429
64428
64428
64428
64428
64427
64427
64427
64427
64426
64426
64426
64426
64425
64425
64425
64425
64425
64424
64424
64424
64424
64423
64423
64423
64423
64422
64422
64422
64422
64421
64421
64421
64421
64420
64420
64420
64420
64419
64419
64419
64419
64418
64418
64418
64418
64417
64417
64417
64417
64416
64416
64416
64416
64415
64415
64415
64413
64411
64410
64408
64407
64404
64404
64403
64403
64402
64402
64402
64402
64401
64401
64401
64401
64400
64400
64400
64400
64399
64399
64399
64399
64398
64398
64398
64396
64396
64395
64395
64394
64394
64394
64394
64393
64393
64393
64393
64392
64392
64392
64392
64391
64391
64391
64391
64390
64390
64390
64388
64388
64388
64388
64387
64387
64387
64387
64386
64386
64386
64386
64385
64384
64384
64383
64383
64382
64382
64381
64381
64381
64381
64380
64380
64380
64380
64379
64379
64379
64379
64378
64378
64378
64378
64378
64377
64377
64376
64375
64373
64373
64372
64372
64372
64372
64371
64371
64371
64371
64371
64370
64370
64369
64368
64368
64368
64368
64367
64367
64367
64367
64366
64366
64366
64366
64365
64365
64365
64365
64364
64364
64364
64364
64363
64363
64363
64363
64363
64362
64362
64362
64362
64361
64361
64361
64361
64360
64360
64360
64360
64359
64359
64359
64359
64358
64358
64358
64358
64357
64357
64357
64357
64356
64356
64356
64356
64355
64355
64355
64355
64355
64354
64354
64354
64354
64353
64353
64353
64353
64352
64352
64352
64352
64351
64351
64351
64351
64350
64350
64350
64350
64349
64349
64349
64349
64349
64348
64348
64348
64348
64346
64343
64342
64340
64339
64338
64337
64337
64337
64337
64336
64336
64336
64336
64335
64335
64335
64335
64334
64334
64334
64334
64332
64332
64331
64331
64330
64330
64329
64329
64329
64329
64328
64328
64328
64328
64327
64327
64327
64327
64327
64326
64326
64326
64326
64324
64324
64324
64323
64323
64323
64323
64322
64322
64322
64322
64321
64321
64321
64321
64320
64320
64319
64319
64318
64318
64318
64318
64317
64317
64317
64317
64316
64316
64316
64316
64315
64315
64315
64315
64314
64314
64314
64313
64312
64311
64311
64310
64310
64310
64310
64309
64309
64309
64309
64307
64307
64307
64307
64306
64306
64306
64306
64305
64305
64305
64303
64303
64303
64303
64302
64302
64302
64301
64301
64301
64301
64301
64300
64300
64300
64300
64299
64299
64299
64299
64298
64298
64297
64296
64296
64296
64296
64295
64295
64295
64295
64294
64294
64294
64294
64293
64293
64293
64293
64292
64292
64292
64292
64291
64291
64291
64291
64291
64290
64290
64290
64290
64289
64289
64289
64289
64288
64288
64288
64288
64287
64287
64287
64286
64286
64286
64286
64285
64285
64285
64285
64284
64284
64284
64284
64283
64283
64283
64283
64282
64282
64282
64282
64281
64281
64281
64279
64277
64276
64275
64273
64272
64271
64271
64271
64270
64270
64270
64270
64269
64269
64269
64267
64267
64266
64265
64265
64265
64265
64264
64264
64264
64264
64264
64263
64263
64263
64262
64262
64262
64261
64261
64261
64261
64261
64259
64258
64258
64258
64258
64257
64257
64257
64257
64256
64256
64256
64256
64256
64255
64255
64255
64253
64253
64253
64253
64252
64252
64252
64252
64251
64251
64251
64251
64250
64250
64250
64250
64249
64249
64249
64249
64248
64247
64247
64245
64245
64245
64245
64244
64244
64244
64242
64242
64242
64242
64241
64241
64241
64241
64240
64240
64240
64240
64240
64239
64237
64237
64235
64235
64235
64235
64234
64234
64234
64234
64233
64233
64233
64233
64232
64232
64232
64232
64231
64231
64231
64231
64230
64230
64230
64230
64229
64229
64229
64229
64229
64228
64228
64228
64228
64227
64227
64227
64227
64226
64226
64226
64226
64225
64225
64225
64225
64224
64224
64224
64224
64223
64223
64223
64223
64222
64222
64222
64222
64222
64221
64221
64221
64220
64220
64220
64219
64219
64219
64218
64218
64218
64215
64214
64214
64213
64213
64212
64212
64212
64211
64211
64211
64210
64210
64210
64209
64209
64208
64208
64208
64207
64203
64201
64199
64150
64149
64147
64147
64147
64146
64146
64144
64144
64143
64142
64142
64142
64141
64141
64141
64141
64140
64140
64140
64140
64140
64139
64139
64139
64139
64138
64138
64138
64138
64136
64136
64136
64135
64135
64135
64135
64134
64134
64133
64133
64133
64133
64132
64132
64132
64132
64130
64130
64130
64129
64129
64129
64129
64129
64128
64128
64128
64128
64127
64127
64127
64127
64126
64126
64126
64126
64125
64124
64124
64122
64122
64122
64121
64120
64120
64120
64119
64119
64119
64119
64118
64118
64118
64118
64118
64117
64117
64117
64117
64116
64115
64114
64113
64113
64113
64112
64112
64112
64112
64111
64111
64111
64111
64110
64110
64110
64110
64110
64109
64109
64109
64109
64108
64108
64108
64108
64107
64107
64107
64107
64106
64106
64106
64106
64105
64105
64105
64105
64104
64104
64104
64104
64103
64103
64103
64103
64102
64102
64102
64102
64102
64101
64101
64101
64101
64100
64100
64100
64100
64099
64099
64099
64099
64098
64098
64098
64098
64097
64097
64097
64097
64097
64096
64096
64096
64096
64095
64095
64095
64095
64094
64094
64094
64094
64093
64093
64093
64093
64092
64092
64092
64092
64091
64091
64091
64091
64090
64090
64089
64087
64084
64083
64080
64079
64078
64077
64077
64077
64077
64076
64076
64076
64075
64075
64075
64075
64074
64074
64074
64073
64073
64073
64073
64072
64072
64071
64071
64070
64070
64070
64070
64069
64069
64069
64069
64068
64068
64068
64068
64067
64067
64067
64066
64065
64065
64065
64065
64064
64064
64064
64064
64063
64063
64063
64063
64062
64062
64062
64062
64061
64061
64061
64059
64058
64058
64057
64054
64054
64053
64053
64053
64053
64053
64052
64052
64052
64052
64051
64051
64051
64051
64050
64050
64050
64050
64049
64048
64047
64046
64046
64046
64045
64045
64045
64045
64044
64044
64044
64044
64043
64043
64043
64043
64042
64042
64042
64042
64041
64041
64041
64041
64041
64040
64040
64040
64040
64039
64039
64039
64039
64038
64038
64038
64038
64037
64037
64037
64037
64036
64036
64036
64036
64036
64035
64035
64035
64035
64034
64034
64034
64034
64033
64033
64033
64033
64032
64032
64032
64032
64031
64031
64031
64031
64030
64030
64030
64030
64029
64029
64029
64029
64028
64028
64028
64028
64027
64027
64027
64027
64026
64026
64026
64026
64025
64025
64025
64025
64024
64024
64024
64024
64024
64023
64023
64023
64023
64022
64022
64022
64021
64019
64017
64016
64015
64013
64012
64011
64011
64011
64011
64010
64010
64010
64010
64009
64009
64009
64009
64009
64008
64008
64007
64006
64006
64006
64006
64005
64005
64005
64005
64004
64004
64004
64004
64003
64003
64003
64003
64001
64001
64001
64001
64000
64000
64000
64000
63999
63999
63999
63999
63998
63998
63998
63998
63997
63997
63997
63997
63996
63994
63994
63992
63992
63992
63991
63991
63991
63991
63991
63990
63990
63990
63990
63989
63989
63989
63989
63988
63988
63988
63988
63987
63986
63986
63984
63984
63983
63983
63983
63983
63982
63982
63982
63982
63981
63981
63981
63981
63980
63980
63980
63980
63979
63979
63979
63978
63977
63977
63977
63977
63976
63976
63976
63976
63975
63975
63975
63975
63974
63974
63974
63974
63973
63973
63973
63973
63972
63972
63970
63970
63970
63970
63969
63969
63969
63969
63969
63968
63968
63968
63968
63967
63967
63967
63967
63966
63966
63966
63966
63965
63965
63965
63965
63964
63964
63964
63964
63964
63963
63963
63963
63963
63962
63962
63962
63962
63961
63961
63961
63961
63960
63960
63960
63960
63959
63959
63959
63959
63958
63958
63958
63958
63957
63957
63957
63957
63957
63955
63955
63954
63954
63954
63952
63951
63950
63948
63946
63944
63944
63944
63944
63943
63943
63943
63943
63942
63942
63941
63941
63940
63940
63940
63940
63939
63939
63939
63939
63938
63938
63938
63938
63937
63937
63937
63935
63935
63935
63934
63934
63934
63934
63933
63933
63933
63933
63932
63932
63932
63932
63932
63931
63931
63930
63929
63929
63928
63927
63926
63926
63925
63925
63925
63925
63925
63924
63924
63923
63923
63923
63923
63922
63922
63922
63922
63921
63921
63921
63921
63918
63918
63917
63916
63916
63916
63916
63915
63915
63915
63915
63914
63914
63914
63914
63913
63913
63913
63913
63912
63912
63912
63912
63910
63910
63910
63910
63909
63909
63909
63909
63908
63908
63908
63908
63907
63907
63907
63907
63906
63906
63906
63906
63905
63905
63905
63905
63904
63904
63904
63904
63903
63903
63903
63903
63902
63902
63902
63902
63902
63901
63901
63901
63901
63900
63900
63900
63900
63899
63899
63899
63899
63898
63898
63898
63898
63897
63897
63897
63897
63897
63896
63896
63896
63896
63895
63895
63895
63895
63894
63894
63894
63894
63893
63893
63893
63893
63892
63892
63892
63892
63891
63890
63890
63889
63889
63889
63889
63889
63888
63888
63888
63888
63887
63887
63887
63884
63883
63881
63880
63878
63877
63877
63876
63876
63875
63874
63874
63874
63873
63873
63873
63873
63872
63872
63872
63872
63871
63871
63871
63871
63870
63869
63869
63868
63868
63868
63868
63867
63867
63867
63867
63866
63866
63866
63866
63865
63864
63863
63863
63863
63863
63863
63861
63861
63860
63859
63859
63859
63859
63858
63858
63858
63858
63857
63857
63857
63857
63856
63856
63856
63856
63855
63855
63855
63855
63853
63853
63852
63851
63851
63851
63851
63850
63850
63850
63850
63849
63849
63849
63849
63848
63848
63848
63848
63847
63847
63847
63847
63845
63845
63845
63845
63844
63844
63844
63844
63843
63843
63843
63843
63842
63842
63842
63842
63841
63841
63841
63841
63840
63840
63840
63840
63839
63839
63839
63839
63839
63838
63838
63838
63838
63837
63837
63837
63837
63836
63836
63836
63836
63835
63835
63835
63835
63834
63834
63834
63834
63833
63833
63833
63833
63833
63832
63832
63832
63832
63831
63831
63831
63831
63830
63830
63830
63830
63829
63829
63829
63829
63828
63828
63828
63828
63827
63827
63826
63825
63825
63825
63825
63824
63824
63824
63824
63823
63823
63823
63823
63823
63822
63822
63822
63822
63821
63821
63821
63821
63820
63819
63817
63816
63814
63812
63810
63810
63810
63810
63809
63809
63809
63809
63808
63808
63808
63808
63807
63807
63807
63805
63805
63805
63804
63804
63804
63804
63804
63803
63803
63803
63803
63801
63801
63801
63800
63800
63800
63800
63799
63799
63798
63798
63796
63796
63796
63795
63795
63795
63795
63794
63794
63794
63794
63793
63793
63793
63793
63792
63792
63792
63792
63791
63791
63788
63787
63786
63786
63786
63785
63785
63785
63785
63784
63784
63784
63784
63783
63783
63783
63783
63782
63782
63782
63782
63781
63781
63779
63779
63779
63779
63778
63778
63778
63778
63778
63777
63777
63777
63777
63776
63776
63776
63776
63775
63775
63775
63775
63774
63774
63774
63774
63773
63773
63773
63773
63773
63772
63772
63772
63772
63771
63771
63771
63771
63770
63770
63770
63770
63769
63769
63769
63769
63768
63768
63768
63768
63767
63767
63767
63767
63767
63766
63766
63766
63766
63765
63765
63765
63765
63764
63764
63764
63764
63763
63763
63763
63763
63762
63762
63761
63760
63760
63760
63760
63759
63759
63759
63759
63758
63758
63758
63758
63757
63757
63757
63757
63756
63756
63756
63756
63756
63755
63755
63755
63755
63754
63754
63754
63754
63753
63753
63752
63750
63749
63748
63746
63745
63744
63744
63744
63744
63743
63743
63743
63743
63741
63741
63741
63741
63740
63740
63740
63740
63739
63738
63738
63737
63737
63736
63736
63736
63736
63736
63735
63735
63735
63733
63733
63731
63731
63731
63731
63730
63730
63730
63730
63730
63729
63729
63729
63729
63728
63728
63728
63728
63727
63727
63727
63727
63725
63725
63724
63723
63723
63723
63723
63722
63722
63722
63722
63721
63721
63721
63721
63720
63720
63720
63720
63719
63719
63719
63719
63717
63717
63717
63716
63716
63716
63716
63715
63715
63715
63715
63715
63714
63714
63714
63713
63713
63713
63713
63713
63712
63712
63712
63690
63690
63689
63689
63689
63688
63688
63688
63687
63687
63687
63687
63686
63686
63686
63685
63685
63685
63684
63684
63684
63684
63683
63683
63681
63681
63681
63680
63680
63680
63679
63679
63679
63678
63678
63678
63678
63677
63676
63676
63676
63675
63675
63675
63675
63674
63674
63672
63672
63672
63671
63671
63671
63670
63670
63670
63669
63669
63669
63669
63668
63668
63668
63667
63667
63667
63667
63666
63666
63666
63665
63665
63665
63664
63664
63664
63663
63663
63663
63663
63662
63662
63662
63662
63661
63661
63661
63661
63659
63658
63656
63655
63653
63652
63652
63651
63650
63650
63649
63649
63649
63649
63647
63647
63647
63646
63646
63646
63646
63645
63645
63645
63645
63644
63644
63644
63644
63642
63642
63640
63640
63640
63639
63639
63638
63638
63638
63638
63637
63637
63637
63637
63636
63636
63636
63636
63635
63635
63635
63635
63632
63632
63630
63630
63630
63629
63629
63629
63629
63628
63628
63628
63628
63627
63627
63627
63627
63627
63626
63626
63626
63626
63625
63624
63624
63623
63623
63623
63623
63622
63622
63622
63622
63621
63621
63621
63621
63620
63620
63620
63620
63619
63619
63619
63619
63619
63617
63617
63616
63616
63616
63616
63616
63615
63615
63615
63615
63614
63614
63614
63614
63613
63613
63613
63613
63612
63612
63612
63612
63611
63611
63611
63611
63610
63610
63610
63610
63610
63609
63609
63609
63609
63608
63608
63608
63608
63607
63607
63607
63607
63605
63605
63605
63604
63604
63604
63604
63603
63603
63603
63603
63602
63602
63602
63602
63601
63601
63601
63601
63600
63600
63600
63600
63599
63599
63599
63599
63599
63598
63598
63598
63598
63597
63597
63597
63597
63596
63596
63596
63596
63595
63595
63595
63595
63594
63594
63594
63594
63593
63593
63589
63587
63585
63583
63582
63579
63579
63579
63579
63578
63578
63578
63577
63577
63577
63576
63576
63576
63576
63575
63575
63575
63575
63573
63573
63571
63571
63571
63571
63570
63570
63570
63570
63570
63569
63569
63569
63569
63568
63568
63568
63568
63567
63567
63567
63567
63565
63565
63563
63563
63563
63563
63562
63562
63562
63562
63562
63561
63561
63561
63561
63560
63560
63560
63560
63559
63559
63559
63559
63557
63557
63557
63557
63556
63556
63556
63556
63555
63555
63555
63555
63554
63554
63554
63554
63553
63553
63553
63553
63552
63552
63552
63550
63550
63550
63550
63549
63549
63549
63549
63548
63548
63548
63548
63547
63547
63547
63547
63547
63546
63546
63546
63546
63545
63545
63545
63545
63544
63544
63544
63544
63543
63543
63543
63543
63542
63542
63542
63542
63541
63541
63541
63541
63539
63539
63539
63538
63538
63538
63538
63537
63537
63537
63537
63536
63536
63536
63536
63535
63535
63535
63535
63535
63534
63534
63534
63534
63533
63533
63533
63533
63532
63532
63532
63532
63531
63531
63531
63531
63530
63530
63530
63530
63530
63529
63529
63529
63529
63528
63528
63528
63528
63527
63527
63527
63527
63526
63526
63526
63526
63525
63525
63524
63522
63520
63518
63517
63516
63515
63515
63515
63515
63514
63514
63514
63514
63513
63513
63513
63511
63511
63510
63510
63509
63509
63509
63509
63508
63508
63508
63508
63507
63507
63507
63507
63506
63506
63506
63506
63505
63505
63505
63504
63503
63501
63500
63500
63500
63500
63499
63499
63499
63499
63498
63498
63498
63498
63497
63497
63497
63497
63496
63496
63496
63496
63494
63492
63492
63492
63492
63491
63491
63491
63491
63490
63490
63490
63490
63489
63489
63489
63489
63488
63488
63488
63488
63487
63487
63486
63486
63485
63485
63485
63485
63484
63484
63484
63484
63483
63483
63483
63483
63482
63481
63481
63481
63480
63480
63480
63479
63479
63479
63479
63478
63478
63478
63478
63477
63477
63477
63477
63477
63476
63476
63476
63476
63474
63474
63474
63473
63473
63473
63473
63472
63472
63472
63472
63471
63471
63471
63471
63471
63470
63470
63470
63470
63469
63469
63469
63469
63468
63468
63468
63468
63467
63467
63467
63467
63466
63466
63466
63466
63466
63465
63465
63465
63465
63464
63464
63464
63464
63463
63463
63463
63463
63462
63462
63462
63462
63461
63461
63461
63461
63460
63460
63460
63460
63459
63459
63459
63459
63458
63458
63458
63456
63454
63453
63452
63450
63449
63449
63448
63448
63448
63448
63446
63446
63445
63444
63444
63444
63443
63443
63443
63442
63442
63442
63442
63441
63441
63441
63441
63440
63440
63440
63440
63440
63439
63438
63437
63436
63436
63436
63435
63435
63435
63435
63434
63434
63434
63434
63433
63433
63433
63433
63432
63432
63432
63432
63431
63431
63430
63430
63429
63429
63429
63429
63428
63428
63428
63428
63427
63427
63427
63427
63426
63426
63426
63426
63426
63425
63425
63425
63425
63423
63423
63423
63422
63422
63422
63421
63421
63421
63421
63420
63420
63420
63420
63419
63418
63418
63417
63417
63417
63417
63417
63416
63415
63415
63414
63414
63414
63414
63413
63413
63413
63413
63413
63412
63411
63411
63410
63410
63410
63410
63409
63409
63409
63409
63408
63408
63408
63406
63406
63406
63406
63405
63405
63405
63405
63405
63404
63404
63404
63404
63403
63403
63403
63403
63402
63402
63402
63402
63401
63401
63401
63401
63400
63400
63400
63400
63399
63399
63399
63399
63399
63398
63398
63398
63398
63397
63397
63397
63397
63396
63396
63396
63396
63395
63395
63395
63395
63394
63394
63394
63394
63393
63393
63393
63393
63393
63392
63392
63392
63392
63391
63390
63389
63387
63385
63384
63381
63381
63379
63379
63379
63378
63378
63378
63378
63377
63377
63377
63377
63376
63376
63376
63376
63375
63375
63375
63375
63374
63374
63373
63373
63370
63370
63370
63369
63369
63369
63369
63368
63368
63368
63368
63368
63367
63367
63367
63367
63366
63366
63366
63366
63365
63364
63363
63363
63363
63363
63362
63362
63362
63362
63361
63361
63361
63361
63360
63360
63360
63360
63360
63359
63359
63359
63359
63358
63357
63356
63356
63356
63356
63355
63355
63355
63355
63354
63354
63354
63354
63354
63353
63352
63352
63351
63351
63351
63351
63350
63350
63349
63349
63348
63348
63348
63348
63347
63347
63347
63345
63345
63345
63345
63344
63344
63344
63344
63343
63343
63343
63343
63342
63342
63342
63342
63341
63341
63341
63341
63341
63340
63340
63340
63340
63339
63339
63339
63339
63338
63338
63338
63338
63337
63337
63337
63337
63336
63336
63336
63336
63336
63335
63335
63335
63335
63334
63334
63334
63334
63333
63333
63333
63333
63332
63332
63332
63332
63331
63331
63331
63331
63330
63330
63330
63330
63329
63329
63329
63329
63328
63328
63328
63328
63327
63327
63327
63327
63327
63326
63326
63326
63326
63325
63325
63325
63322
63320
63318
63316
63315
63314
63313
63313
63313
63312
63312
63312
63311
63311
63311
63311
63310
63310
63310
63310
63309
63309
63308
63308
63306
63306
63306
63305
63305
63305
63305
63304
63304
63304
63304
63303
63303
63303
63303
63303
63302
63302
63302
63302
63301
63300
63300
63299
63299
63299
63299
63298
63298
63298
63298
63298
63297
63297
63297
63297
63296
63296
63296
63295
63295
63295
63295
63294
63293
63292
63292
63292
63292
63291
63291
63291
63291
63290
63290
63290
63290
63289
63289
63288
63287
63287
63287
63287
63286
63286
63286
63284
63284
63284
63284
63283
63283
63282
63281
63281
63280
63280
63280
63280
63280
63279
63278
63278
63277
63277
63277
63277
63276
63276
63276
63276
63275
63275
63275
63275
63274
63274
63274
63274
63273
63273
63273
63272
63272
63272
63272
63271
63271
63271
63271
63270
63270
63270
63270
63269
63269
63269
63269
63269
63268
63268
63268
63268
63267
63267
63267
63267
63266
63266
63266
63266
63265
63265
63265
63265
63264
63264
63264
63264
63263
63263
63263
63263
63262
63262
63262
63262
63261
63261
63261
63261
63260
63260
63260
63260
63260
63259
63259
63259
63258
63258
63258
63258
63257
63257
63257
63257
63254
63253
63252
63250
63249
63247
63247
63247
63247
63246
63246
63246
63245
63245
63245
63245
63243
63243
63242
63241
63241
63241
63240
63240
63240
63240
63239
63239
63239
63239
63238
63238
63238
63238
63237
63237
63237
63237
63237
63234
63234
63233
63233
63233
63233
63233
63232
63232
63232
63232
63231
63231
63231
63231
63230
63230
63230
63230
63229
63229
63229
63229
63227
63227
63226
63225
63225
63225
63225
63224
63224
63224
63224
63223
63223
63223
63223
63221
63221
63221
63220
63220
63220
63220
63219
63218
63218
63217
63216
63216
63216
63215
63215
63215
63215
63214
63214
63214
63214
63213
63212
63212
63211
63211
63211
63211
63210
63210
63210
63210
63209
63209
63209
63209
63208
63208
63208
63208
63207
63207
63207
63207
63206
63206
63206
63206
63205
63205
63205
63205
63205
63204
63204
63204
63204
63203
63203
63203
63203
63202
63202
63202
63202
63201
63201
63201
63201
63200
63200
63200
63200
63199
63199
63199
63199
63199
63198
63198
63198
63198
63197
63197
63197
63197
63196
63196
63196
63196
63195
63195
63195
63195
63194
63194
63194
63194
63194
63193
63193
63193
63193
63192
63192
63192
63192
63191
63191
63191
63191
63190
63190
63190
63188
63187
63185
63184
63182
63181
63180
63180
63180
63179
63178
63178
63176
63176
63176
63175
63175
63175
63175
63174
63174
63174
63174
63173
63173
63173
63173
63173
63172
63172
63172
63172
63171
63170
63170
63169
63169
63169
63169
63168
63168
63168
63168
63167
63167
63167
63167
63166
63166
63166
63166
63166
63165
63165
63165
63165
63163
63163
63163
63162
63162
63162
63162
63161
63161
63161
63161
63161
63160
63160
63160
63158
63158
63158
63158
63157
63157
63157
63157
63154
63154
63154
63153
63153
63152
63152
63152
63152
63151
63151
63151
63151
63150
63150
63149
63148
63147
63147
63146
63146
63146
63146
63146
63145
63145
63145
63145
63144
63144
63144
63144
63143
63143
63143
63143
63142
63142
63142
63142
63141
63141
63141
63141
63141
63140
63140
63140
63140
63138
63138
63138
63137
63137
63137
63137
63136
63136
63136
63136
63135
63135
63135
63135
63134
63134
63134
63134
63133
63133
63133
63133
63132
63132
63132
63132
63131
63131
63131
63131
63130
63130
63130
63130
63130
63129
63129
63129
63129
63128
63128
63128
63127
63127
63127
63126
63126
63126
63126
63125
63125
63125
63125
63124
63124
63124
63124
63123
63123
63123
63123
63122
63122
63121
63119
63118
63117
63114
63113
63112
63111
63111
63111
63110
63110
63110
63110
63109
63109
63109
63109
63108
63108
63108
63108
63108
63107
63107
63107
63107
63104
63104
63104
63103
63103
63103
63103
63102
63102
63102
63102
63101
63101
63101
63101
63101
63100
63100
63100
63100
63099
63099
63099
63097
63097
63097
63096
63096
63096
63096
63096
63095
63095
63095
63095
63094
63094
63094
63092
63092
63092
63092
63091
63090
63090
63089
63088
63088
63088
63087
63087
63087
63087
63086
63086
63086
63086
63085
63085
63085
63085
63083
63083
63082
63081
63081
63081
63081
63080
63080
63080
63080
63079
63079
63079
63079
63078
63078
63078
63078
63077
63077
63077
63077
63076
63076
63076
63076
63076
63075
63075
63075
63075
63074
63074
63074
63074
63073
63073
63073
63073
63072
63072
63072
63072
63071
63071
63071
63071
63070
63070
63070
63070
63069
63069
63069
63069
63069
63068
63068
63068
63068
63067
63067
63067
63067
63066
63066
63066
63066
63065
63065
63065
63065
63064
63064
63064
63064
63064
63063
63063
63063
63063
63062
63062
63062
63062
63061
63061
63061
63061
63060
63060
63060
63060
63059
63059
63059
63059
63058
63058
63058
63058
63057
63057
63053
63052
63050
63049
63047
63046
63046
63046
63045
63045
63045
63045
63044
63044
63044
63044
63043
63043
63043
63043
63042
63041
63041
63040
63040
63040
63040
63039
63039
63039
63039
63038
63038
63038
63038
63037
63037
63037
63037
63037
63036
63036
63036
63036
63034
63034
63034
63033
63033
63033
63033
63032
63032
63032
63032
63031
63031
63031
63031
63029
63029
63027
63027
63027
63026
63026
63026
63024
63024
63023
63023
63023
63023
63022
63022
63022
63022
63021
63021
63021
63021
63021
63019
63019
63018
63017
63017
63017
63017
63016
63016
63016
63016
63015
63015
63015
63015
63014
63014
63014
63014
63013
63013
63013
63013
63011
63011
63011
63010
63010
63010
63010
63010
63009
63009
63009
63009
63008
63008
63008
63008
63007
63007
63007
63007
63006
63006
63006
63005
63005
63005
63005
63004
63004
63004
63004
63004
63003
63003
63003
63003
63002
63002
63002
63002
63001
63001
63001
63001
63000
63000
63000
63000
62999
62999
62999
62999
62999
62998
62998
62998
62998
62997
62997
62997
62997
62996
62996
62996
62996
62995
62995
62995
62995
62994
62994
62994
62994
62993
62993
62993
62993
62993
62992
62992
62992
62992
62991
62991
62990
62989
62989
62988
62986
62985
62983
62982
62981
62980
62980
62980
62979
62979
62979
62979
62979
62978
62977
62977
62976
62976
62976
62975
62975
62975
62974
62974
62974
62974
62974
62973
62973
62973
62973
62972
62972
62972
62972
62971
62971
62968
62968
62968
62968
62967
62967
62967
62967
62966
62966
62966
62966
62965
62965
62964
62962
62962
62962
62962
62961
62961
62961
62961
62959
62959
62959
62957
62957
62957
62957
62956
62956
62956
62956
62955
62955
62955
62955
62953
62953
62952
62951
62951
62951
62951
62950
62950
62950
62950
62949
62949
62949
62949
62948
62948
62948
62948
62947
62947
62947
62947
62945
62945
62945
62945
62944
62944
62944
62944
62943
62943
62943
62943
62942
62942
62942
62942
62941
62941
62941
62941
62940
62940
62940
62940
62940
62939
62939
62939
62939
62938
62938
62938
62938
62937
62937
62937
62937
62936
62936
62936
62936
62935
62935
62935
62935
62934
62934
62934
62934
62934
62933
62933
62933
62933
62932
62932
62932
62932
62931
62931
62931
62931
62930
62930
62930
62930
62929
62929
62929
62929
62928
62928
62928
62928
62927
62927
62927
62927
62927
62926
62926
62924
62924
62924
62924
62924
62923
62923
62923
62923
62922
62922
62922
62920
62919
62918
62916
62915
62913
62913
62913
62913
62911
62911
62910
62910
62910
62910
62909
62909
62909
62909
62908
62908
62908
62908
62907
62907
62907
62907
62906
62906
62906
62906
62906
62904
62904
62904
62903
62903
62903
62903
62902
62902
62902
62902
62900
62900
62900
62900
62898
62898
62898
62897
62897
62897
62897
62896
62895
62895
62894
62894
62894
62894
62893
62893
62893
62893
62893
62892
62892
62892
62892
62890
62890
62888
62888
62888
62888
62887
62887
62887
62887
62887
62886
62886
62886
62886
62885
62885
62885
62885
62884
62884
62884
62884
62882
62882
62881
62881
62881
62881
62880
62880
62880
62880
62880
62879
62879
62879
62879
62878
62878
62878
62878
62877
62877
62877
62877
62876
62876
62876
62876
62875
62875
62875
62875
62874
62874
62874
62874
62872
62872
62872
62872
62871
62871
62871
62871
62870
62870
62870
62870
62869
62869
62869
62869
62868
62868
62868
62868
62867
62867
62867
62867
62866
62866
62866
62866
62865
62865
62865
62865
62864
62864
62864
62864
62863
62863
62863
62863
62863
62862
62862
62860
62860
62860
62860
62859
62859
62859
62859
62858
62858
62858
62858
62857
62857
62857
62857
62857
62856
62856
62856
62856
62853
62852
62851
62848
62847
62844
62844
62843
62843
62843
62843
62842
62842
62842
62842
62841
62841
62841
62841
62841
62840
62840
62840
62840
62839
62839
62838
62837
62837
62837
62837
62836
62836
62836
62834
62834
62834
62833
62833
62833
62833
62831
62831
62831
62830
62830
62830
62830
62829
62828
62828
62827
62827
62827
62827
62827
62826
62826
62826
62826
62825
62825
62825
62825
62823
62823
62821
62821
62821
62821
62820
62820
62820
62820
62819
62819
62819
62819
62818
62818
62818
62818
62817
62817
62817
62817
62816
62815
62815
62815
62814
62814
62814
62813
62813
62813
62813
62812
62812
62812
62812
62811
62811
62811
62811
62811
62810
62810
62810
62810
62809
62809
62809
62809
62808
62808
62808
62808
62807
62807
62807
62807
62806
62806
62806
62806
62805
62805
62805
62805
62805
62804
62804
62804
62804
62803
62803
62803
62803
62802
62802
62802
62802
62801
62801
62801
62801
62801
62800
62800
62800
62800
62799
62799
62799
62799
62798
62798
62798
62798
62797
62797
62796
62795
62795
62795
62795
62794
62794
62794
62794
62794
62793
62793
62793
62793
62792
62792
62792
62792
62791
62791
62791
62791
62790
62790
62790
62790
62789
62789
62789
62789
62786
62785
62783
62781
62780
62779
62779
62778
62778
62778
62777
62777
62777
62777
62777
62776
62776
62776
62776
62775
62774
62774
62773
62773
62773
62771
62771
62771
62771
62770
62770
62770
62770
62769
62769
62768
62767
62767
62767
62767
62766
62766
62766
62765
62764
62764
62764
62764
62763
62763
62763
62763
62762
62762
62762
62762
62761
62761
62760
62760
62758
62758
62758
62757
62757
62757
62757
62756
62756
62756
62756
62755
62755
62755
62755
62754
62754
62754
62754
62753
62753
62752
62752
62751
62751
62751
62751
62750
62750
62750
62750
62749
62749
62749
62749
62748
62748
62748
62748
62747
62747
62747
62747
62746
62745
62745
62745
62744
62744
62744
62744
62743
62743
62743
62743
62742
62742
62742
62742
62741
62741
62741
62741
62741
62740
62740
62740
62740
62739
62739
62739
62739
62738
62738
62738
62738
62737
62737
62737
62737
62736
62736
62736
62736
62735
62735
62735
62735
62734
62734
62734
62734
62734
62732
62732
62732
62731
62731
62731
62731
62730
62730
62730
62730
62729
62729
62729
62729
62728
62728
62728
62728
62727
62727
62727
62727
62726
62726
62726
62726
62725
62725
62725
62725
62724
62724
62724
62724
62723
62723
62723
62723
62721
62720
62718
62716
62715
62713
62713
62713
62713
62712
62712
62712
62712
62711
62694
62694
62692
62692
62692
62691
62691
62691
62690
62690
62690
62690
62689
62689
62689
62688
62687
62687
62687
62687
62686
62686
62686
62684
62684
62684
62684
62683
62683
62683
62683
62682
62682
62682
62682
62682
62681
62681
62680
62679
62678
62678
62677
62677
62677
62677
62676
62676
62676
62676
62674
62674
62674
62674
62673
62673
62673
62673
62672
62672
62672
62670
62670
62670
62670
62669
62669
62669
62669
62668
62668
62668
62668
62667
62667
62667
62667
62666
62666
62666
62666
62665
62665
62665
62663
62663
62663
62663
62662
62662
62662
62662
62661
62661
62661
62661
62660
62660
62660
62660
62659
62659
62659
62659
62659
62658
62658
62658
62658
62657
62657
62657
62657
62656
62656
62656
62656
62655
62655
62655
62655
62654
62654
62654
62653
62653
62653
62653
62652
62652
62651
62650
62650
62650
62650
62649
62649
62649
62649
62648
62648
62648
62648
62648
62647
62647
62647
62647
62646
62646
62646
62645
62645
62645
62645
62644
62644
62644
62644
62643
62643
62643
62643
62642
62642
62642
62642
62641
62641
62641
62641
62640
62640
62640
62640
62639
62639
62639
62637
62636
62634
62633
62632
62630
62630
62629
62627
62627
62626
62626
62626
62625
62625
62625
62625
62624
62624
62624
62624
62623
62623
62622
62621
62621
62621
62621
62620
62620
62620
62619
62618
62618
62618
62618
62617
62617
62617
62617
62616
62616
62616
62616
62615
62615
62614
62613
62612
62612
62612
62611
62611
62611
62611
62610
62610
62609
62609
62609
62609
62608
62608
62608
62608
62608
62607
62607
62607
62605
62605
62605
62605
62604
62604
62604
62604
62603
62603
62603
62603
62602
62602
62602
62602
62601
62601
62601
62601
62601
62600
62600
62599
62598
62598
62598
62598
62597
62597
62597
62597
62596
62596
62596
62596
62596
62595
62595
62595
62595
62594
62594
62594
62593
62593
62593
62593
62593
62592
62592
62592
62592
62591
62591
62591
62591
62590
62590
62589
62588
62588
62588
62588
62587
62587
62586
62586
62585
62585
62585
62585
62584
62584
62584
62584
62583
62583
62583
62583
62583
62582
62582
62582
62582
62581
62581
62581
62581
62580
62580
62580
62580
62579
62579
62579
62579
62578
62578
62578
62578
62578
62577
62577
62577
62577
62576
62576
62576
62576
62575
62575
62575
62575
62574
62574
62574
62574
62573
62573
62573
62573
62572
62571
62570
62567
62566
62562
62561
62560
62560
62560
62559
62559
62559
62559
62558
62558
62558
62558
62556
62556
62556
62555
62555
62555
62555
62555
62553
62553
62552
62552
62552
62552
62551
62551
62551
62551
62551
62550
62550
62550
62550
62548
62548
62546
62546
62546
62546
62545
62545
62545
62545
62544
62544
62544
62544
62543
62543
62543
62543
62542
62542
62542
62542
62542
62540
62540
62539
62539
62539
62539
62539
62538
62538
62538
62538
62537
62537
62537
62537
62536
62536
62536
62536
62535
62535
62535
62535
62533
62533
62533
62532
62532
62532
62532
62531
62531
62531
62531
62530
62530
62530
62530
62529
62529
62529
62529
62528
62528
62527
62526
62526
62526
62526
62526
62525
62525
62525
62525
62524
62524
62524
62524
62523
62523
62523
62523
62522
62521
62521
62520
62520
62520
62520
62519
62519
62519
62519
62518
62518
62518
62518
62517
62517
62517
62517
62516
62516
62516
62516
62516
62515
62515
62515
62515
62514
62514
62514
62514
62513
62513
62513
62513
62512
62512
62512
62512
62511
62511
62511
62511
62511
62510
62510
62510
62510
62509
62509
62509
62509
62508
62508
62508
62508
62507
62507
62507
62507
62506
62506
62506
62506
62506
62505
62502
62501
62499
62498
62496
62495
62495
62495
62494
62494
62494
62492
62492
62492
62491
62491
62491
62491
62490
62489
62489
62489
62488
62488
62488
62488
62487
62487
62487
62487
62486
62486
62486
62486
62484
62484
62483
62482
62482
62482
62482
62481
62481
62481
62481
62480
62480
62480
62480
62479
62479
62479
62479
62478
62478
62478
62478
62476
62476
62476
62476
62475
62475
62475
62474
62474
62474
62474
62473
62473
62473
62473
62472
62472
62472
62472
62472
62471
62471
62471
62469
62469
62469
62469
62468
62468
62468
62468
62467
62467
62467
62467
62466
62466
62466
62466
62465
62465
62465
62465
62464
62463
62463
62461
62461
62461
62461
62460
62460
62460
62460
62459
62459
62459
62459
62458
62458
62457
62456
62456
62456
62456
62455
62455
62455
62455
62454
62454
62454
62454
62453
62453
62453
62453
62452
62452
62452
62452
62451
62451
62451
62451
62450
62450
62450
62450
62450
62449
62449
62449
62449
62448
62448
62448
62448
62447
62447
62447
62447
62446
62446
62446
62446
62445
62445
62445
62444
62444
62444
62444
62443
62443
62443
62443
62442
62442
62442
62442
62442
62441
62441
62441
62441
62440
62440
62439
62439
62439
62439
62438
62438
62438
62437
62435
62434
62432
62431
62426
62426
62426
62426
62425
62425
62425
62425
62423
62423
62423
62422
62422
62422
62422
62421
62421
62421
62421
62420
62420
62420
62420
62418
62418
62416
62416
62416
62416
62415
62415
62415
62415
62414
62414
62414
62414
62413
62413
62413
62413
62412
62412
62412
62412
62411
62410
62410
62409
62408
62408
62408
62408
62407
62407
62407
62407
62406
62406
62405
62405
62404
62404
62404
62404
62403
62403
62403
62403
62401
62401
62401
62400
62400
62400
62400
62399
62399
62399
62399
62398
62398
62398
62398
62397
62397
62397
62397
62396
62396
62395
62395
62393
62393
62393
62392
62392
62392
62392
62392
62391
62391
62391
62389
62389
62389
62389
62388
62388
62388
62388
62388
62387
62387
62387
62387
62386
62386
62386
62386
62385
62385
62385
62385
62384
62384
62384
62384
62383
62383
62383
62383
62382
62382
62382
62382
62381
62381
62381
62381
62381
62380
62380
62380
62380
62379
62379
62379
62379
62378
62378
62378
62378
62377
62377
62377
62377
62376
62376
62376
62376
62375
62375
62375
62375
62375
62374
62374
62374
62374
62373
62373
62373
62373
62372
62372
62372
62372
62371
62371
62371
62371
62370
62370
62370
62370
62369
62368
62366
62365
62364
62362
62360
62360
62358
62358
62358
62358
62357
62357
62357
62357
62356
62356
62356
62356
62355
62355
62355
62354
62353
62352
62352
62351
62351
62350
62350
62350
62350
62349
62349
62349
62349
62348
62348
62348
62348
62348
62347
62347
62347
62347
62345
62345
62345
62344
62344
62344
62344
62343
62343
62343
62343
62343
62342
62342
62342
62342
62341
62341
62341
62341
62340
62340
62340
62338
62338
62338
62338
62337
62337
62337
62337
62336
62336
62336
62336
62336
62335
62335
62335
62335
62334
62334
62334
62334
62332
62332
62330
62330
62330
62330
62329
62329
62329
62329
62327
62327
62327
62327
62326
62326
62326
62326
62325
62325
62325
62325
62324
62324
62324
62324
62323
62323
62323
62323
62322
62322
62322
62322
62321
62321
62321
62321
62321
62319
62319
62319
62318
62318
62318
62318
62317
62317
62317
62317
62316
62316
62316
62316
62315
62315
62315
62315
62314
62314
62314
62314
62313
62313
62313
62313
62312
62312
62312
62312
62311
62311
62311
62311
62310
62310
62310
62310
62309
62309
62309
62309
62309
62308
62308
62308
62308
62307
62307
62307
62307
62306
62306
62306
62306
62305
62305
62305
62305
62304
62304
62304
62304
62302
62299
62298
62294
62293
62291
62291
62290
62290
62290
62290
62289
62289
62289
62289
62288
62287
62287
62285
62285
62285
62285
62284
62284
62284
62284
62283
62283
62283
62283
62282
62282
62282
62282
62281
62281
62281
62281
62280
62279
62279
62279
62278
62278
62278
62278
62277
62277
62277
62277
62276
62276
62276
62276
62275
62275
62275
62275
62274
62274
62274
62274
62272
62272
62272
62271
62271
62271
62271
62270
62270
62270
62270
62270
62269
62269
62269
62269
62268
62268
62268
62268
62267
62266
62266
62264
62264
62264
62263
62263
62262
62261
62261
62261
62261
62260
62260
62260
62260
62259
62258
62258
62258
62257
62257
62257
62257
62256
62256
62256
62256
62255
62255
62255
62255
62254
62254
62254
62254
62253
62253
62253
62253
62253
62252
62252
62252
62252
62251
62251
62251
62251
62250
62250
62250
62250
62249
62249
62249
62249
62248
62248
62248
62248
62247
62247
62247
62247
62246
62246
62246
62246
62245
62245
62245
62245
62245
62244
62244
62244
62244
62243
62243
62243
62243
62242
62242
62242
62242
62241
62241
62241
62241
62240
62240
62240
62240
62240
62239
62239
62239
62239
62238
62238
62238
62238
62237
62237
62237
62237
62236
62236
62233
62231
62230
62228
62227
62225
62225
62225
62225
62224
62223
62223
62221
62221
62221
62220
62220
62220
62220
62219
62219
62219
62219
62219
62218
62218
62218
62218
62217
62217
62217
62217
62216
62215
62215
62215
62214
62214
62214
62214
62213
62213
62213
62212
62212
62212
62212
62211
62211
62211
62211
62210
62210
62210
62210
62209
62208
62208
62207
62207
62207
62207
62206
62206
62206
62206
62205
62205
62205
62205
62205
62204
62204
62204
62204
62203
62203
62202
62201
62200
62200
62198
62198
62198
62197
62197
62197
62197
62196
62196
62196
62196
62195
62195
62194
62193
62193
62193
62193
62193
62192
62192
62191
62190
62190
62190
62190
62189
62189
62189
62189
62188
62188
62188
62188
62187
62187
62187
62187
62186
62186
62186
62186
62186
62185
62185
62185
62185
62184
62184
62184
62184
62183
62183
62183
62183
62182
62182
62182
62182
62181
62181
62181
62181
62180
62180
62180
62180
62179
62179
62179
62179
62178
62178
62178
62178
62178
62177
62177
62177
62177
62176
62176
62176
62176
62175
62175
62175
62175
62174
62174
62174
62174
62173
62173
62173
62173
62173
62172
62172
62172
62172
62171
62171
62171
62171
62170
62170
62170
62170
62169
62169
62168
62166
62165
62163
62160
62158
62157
62157
62156
62156
62156
62156
62155
62155
62155
62155
62154
62154
62154
62154
62153
62153
62153
62153
62152
62152
62152
62150
62150
62150
62150
62149
62149
62149
62149
62148
62148
62148
62148
62147
62147
62147
62147
62146
62146
62146
62146
62146
62145
62145
62143
62143
62143
62143
62143
62142
62142
62142
62142
62141
62141
62141
62141
62140
62139
62139
62138
62138
62138
62138
62137
62136
62135
62133
62133
62133
62132
62132
62132
62132
62131
62131
62131
62131
62130
62130
62130
62130
62128
62128
62128
62128
62127
62127
62127
62127
62125
62125
62125
62124
62124
62124
62124
62123
62123
62123
62123
62122
62122
62122
62121
62121
62121
62121
62121
62120
62120
62120
62120
62119
62119
62119
62119
62118
62118
62118
62118
62117
62117
62117
62116
62116
62116
62116
62115
62115
62115
62115
62114
62114
62114
62114
62113
62113
62113
62113
62113
62112
62112
62112
62112
62111
62111
62111
62111
62110
62110
62110
62110
62109
62109
62109
62109
62108
62108
62108
62108
62107
62107
62107
62107
62107
62106
62106
62106
62106
62105
62105
62105
62105
62104
62104
62104
62104
62103
62103
62103
62103
62102
62102
62102
62102
62099
62098
62095
62094
62092
62091
62090
62090
62090
62089
62089
62089
62089
62089
62088
62088
62088
62088
62087
62087
62087
62085
62085
62085
62085
62084
62084
62084
62084
62083
62083
62083
62083
62083
62082
62082
62082
62082
62081
62081
62081
62081
62080
62080
62079
62078
62078
62078
62078
62077
62077
62077
62077
62076
62076
62076
62076
62076
62075
62075
62075
62075
62074
62073
62073
62071
62071
62070
62069
62069
62069
62069
62068
62068
62068
62068
62067
62067
62067
62067
62066
62066
62065
62065
62064
62064
62064
62064
62063
62063
62062
62061
62061
62061
62061
62060
62060
62060
62060
62059
62059
62059
62059
62059
62058
62057
62056
62056
62056
62056
62055
62055
62055
62054
62054
62054
62054
62053
62053
62053
62053
62052
62052
62052
62052
62051
62051
62051
62049
62049
62049
62049
62049
62048
62048
62048
62048
62047
62047
62047
62044
62043
62043
62043
62043
62042
62042
62042
62042
62041
62041
62041
62041
62040
62040
62040
62040
62040
62039
62039
62039
62038
62038
62038
62038
62038
62037
62037
62037
62037
62036
62036
62036
62036
62035
62035
62035
62035
62034
62034
62034
62034
62033
62033
62033
62033
62032
62032
62032
62032
62031
62030
62028
62027
62024
62023
62021
62020
62019
62019
62019
62018
62018
62018
62018
62017
62017
62016
62015
62015
62015
62015
62014
62014
62014
62014
62014
62013
62013
62013
62013
62012
62012
62012
62012
62011
62011
62011
62011
62010
62009
62009
62008
62008
62008
62008
62007
62007
62007
62007
62006
62006
62006
62006
62005
62005
62004
62003
62003
62003
62003
62001
62001
62000
61999
61999
61999
61999
61998
61998
61998
61998
61997
61997
61997
61997
61996
61996
61995
61994
61994
61994
61994
61993
61993
61993
61991
61991
61991
61991
61990
61990
61990
61990
61989
61989
61989
61989
61988
61988
61988
61986
61986
61986
61986
61985
61985
61985
61985
61984
61984
61984
61984
61984
61983
61983
61983
61983
61982
61982
61982
61982
61981
61981
61981
61981
61980
61980
61980
61980
61979
61979
61979
61979
61979
61978
61978
61978
61978
61977
61977
61977
61977
61976
61976
61976
61976
61975
61975
61975
61975
61974
61974
61974
61974
61973
61973
61973
61973
61972
61972
61972
61972
61971
61971
61971
61971
61971
61970
61970
61970
61970
61969
61969
61969
61969
61968
61968
61968
61968
61967
61967
61967
61967
61965
61965
61965
61964
61964
61964
61964
61963
61963
61963
61960
61959
61958
61955
61954
61952
61952
61952
61951
61950
61950
61950
61949
61949
61948
61948
61948
61948
61947
61947
61947
61947
61946
61946
61946
61946
61946
61945
61945
61945
61945
61944
61943
61942
61942
61942
61942
61941
61941
61941
61941
61940
61940
61940
61939
61938
61938
61937
61937
61937
61937
61936
61936
61935
61934
61933
61933
61933
61932
61932
61932
61932
61931
61931
61931
61931
61930
61930
61930
61930
61928
61928
61927
61927
61927
61927
61926
61926
61925
61925
61924
61924
61924
61924
61923
61923
61923
61923
61922
61922
61922
61922
61921
61920
61920
61919
61919
61919
61918
61918
61918
61917
61917
61917
61917
61916
61916
61916
61916
61915
61915
61915
61915
61915
61914
61914
61914
61914
61913
61913
61913
61913
61912
61912
61912
61912
61911
61911
61911
61911
61910
61910
61910
61910
61909
61909
61909
61909
61908
61908
61908
61908
61907
61907
61907
61907
61907
61906
61906
61906
61906
61905
61905
61905
61905
61904
61904
61904
61904
61903
61903
61903
61903
61902
61902
61902
61902
61901
61901
61901
61901
61901
61900
61899
61899
61898
61898
61898
61898
61897
61897
61897
61897
61896
61896
61896
61895
61895
61895
61895
61894
61894
61893
61891
61889
61886
61885
61884
61883
61883
61883
61883
61882
61882
61882
61882
61881
61881
61881
61881
61880
61880
61880
61880
61879
61879
61879
61879
61877
61877
61877
61876
61876
61876
61876
61875
61875
61875
61873
61873
61873
61873
61872
61872
61872
61872
61871
61871
61871
61869
61869
61868
61867
61867
61867
61867
61867
61866
61866
61866
61866
61865
61865
61865
61865
61864
61862
61861
61861
61861
61861
61860
61860
61860
61858
61858
61858
61858
61857
61857
61857
61857
61856
61856
61856
61856
61855
61855
61855
61854
61853
61853
61853
61853
61852
61852
61852
61852
61851
61851
61851
61851
61850
61850
61850
61850
61850
61849
61849
61849
61849
61848
61848
61848
61848
61847
61847
61847
61847
61846
61846
61846
61846
61845
61845
61845
61845
61844
61844
61844
61844
61844
61843
61843
61843
61843
61842
61842
61842
61842
61841
61841
61841
61841
61840
61840
61840
61840
61839
61839
61839
61839
61838
61838
61838
61838
61838
61837
61837
61837
61837
61836
61836
61836
61836
61835
61834
61834
61833
61833
61833
61833
61832
61832
61832
61832
61831
61831
61831
61831
61830
61830
61830
61830
61830
61829
61829
61829
61829
61828
61828
61828
61828
61827
61826
61824
61823
61821
61820
61818
61818
61817
61817
61817
61817
61817
61816
61816
61816
61816
61815
61815
61815
61815
61813
61813
61813
61812
61812
61812
61812
61810
61810
61809
61809
61809
61809
61808
61808
61808
61808
61807
61807
61807
61807
61805
61805
61804
61803
61803
61803
61803
61802
61802
61802
61802
61801
61801
61801
61801
61800
61800
61799
61799
61798
61798
61798
61798
61797
61797
61796
61795
61795
61795
61795
61794
61794
61794
61794
61793
61793
61793
61793
61793
61792
61791
61791
61790
61790
61790
61790
61789
61789
61789
61789
61789
61788
61788
61788
61788
61787
61787
61787
61786
61786
61786
61786
61785
61784
61784
61783
61783
61783
61783
61782
61782
61782
61782
61781
61781
61781
61781
61780
61780
61780
61780
61780
61779
61779
61779
61779
61778
61777
61777
61776
61776
61776
61776
61775
61775
61775
61775
61774
61774
61774
61774
61773
61773
61773
61773
61773
61772
61772
61772
61772
61771
61771
61771
61771
61769
61769
61769
61768
61768
61768
61768
61767
61767
61767
61767
61766
61766
61766
61766
61765
61765
61765
61765
61764
61764
61764
61764
61764
61763
61763
61763
61763
61762
61762
61762
61762
61761
61761
61761
61761
61760
61759
61756
61755
61753
61752
61750
61749
61749
61749
61749
61748
61748
61748
61748
61746
61746
61746
61745
61744
61744
61743
61743
61743
61743
61742
61742
61742
61742
61741
61741
61741
61741
61740
61740
61740
61738
61738
61737
61737
61736
61736
61736
61736
61735
61735
61735
61735
61734
61734
61734
61734
61733
61732
61732
61731
61731
61731
61731
61730
61730
61729
61728
61728
61728
61728
61727
61727
61727
61727
61726
61726
61726
61726
61725
61725
61724
61723
61723
61723
61723
61722
61722
61722
61722
61721
61721
61721
61721
61720
61720
61720
61720
61719
61719
61719
61719
61718
61718
61716
61716
61716
61716
61715
61715
61715
61715
61715
61714
61714
61714
61714
61713
61713
61713
61713
61712
61712
61712
61712
61711
61711
61711
61711
61696
61696
61696
61695
61695
61695
61694
61694
61694
61694
61693
61693
61693
61693
61692
61692
61692
61692
61691
61691
61691
61691
61690
61689
61689
61688
61688
61688
61688
61687
61687
61687
61687
61686
61686
61686
61686
61685
61685
61684
61684
61684
61684
61684
61683
61683
61683
61683
61682
61682
61682
61682
61681
61681
61681
61681
61680
61680
61680
61680
61679
61679
61679
61679
61678
61678
61678
61678
61677
61675
61673
61672
61670
61669
61668
61667
61667
61665
61664
61664
61663
61663
61663
61662
61662
61662
61662
61661
61661
61661
61661
61660
61660
61660
61660
61659
61659
61659
61657
61657
61656
61655
61655
61655
61655
61654
61654
61654
61654
61653
61653
61653
61653
61652
61652
61651
61650
61650
61650
61650
61649
61649
61649
61648
61647
61647
61647
61647
61646
61646
61646
61646
61645
61645
61645
61645
61644
61644
61643
61642
61642
61642
61642
61641
61641
61641
61641
61640
61640
61640
61640
61639
61639
61639
61639
61638
61638
61638
61638
61637
61637
61636
61636
61635
61635
61635
61635
61634
61634
61634
61634
61633
61633
61633
61633
61632
61632
61632
61632
61631
61631
61631
61631
61631
61630
61630
61630
61630
61629
61629
61629
61629
61628
61628
61628
61628
61627
61627
61627
61627
61626
61626
61626
61626
61625
61625
61624
61624
61623
61623
61623
61623
61622
61622
61622
61622
61621
61621
61621
61621
61620
61620
61620
61620
61619
61619
61619
61619
61618
61618
61618
61618
61618
61617
61617
61617
61617
61616
61616
61616
61616
61615
61615
61615
61615
61614
61614
61614
61614
61613
61613
61613
61613
61612
61612
61612
61612
61611
61611
61611
61611
61608
61606
61603
61602
61600
61599
61599
61598
61598
61598
61598
61597
61597
61597
61597
61597
61596
61596
61596
61596
61595
61595
61595
61593
61593
61592
61592
61591
61591
61591
61591
61590
61590
61590
61590
61589
61589
61589
61589
61589
61587
61587
61587
61586
61586
61586
61586
61585
61584
61584
61583
61583
61583
61583
61582
61582
61582
61582
61581
61581
61581
61581
61580
61579
61578
61578
61577
61577
61577
61577
61576
61576
61576
61576
61575
61575
61575
61575
61574
61574
61574
61574
61573
61573
61573
61573
61571
61571
61571
61570
61570
61570
61570
61569
61569
61569
61569
61568
61568
61568
61568
61568
61567
61567
61567
61567
61566
61565
61564
61564
61564
61564
61564
61563
61563
61563
61563
61562
61562
61562
61562
61561
61561
61561
61561
61560
61560
61560
61559
61558
61558
61558
61557
61557
61557
61556
61556
61556
61556
61555
61555
61555
61555
61555
61554
61554
61554
61554
61553
61553
61553
61553
61552
61552
61552
61552
61551
61551
61551
61551
61550
61550
61550
61550
61549
61549
61549
61549
61549
61548
61548
61548
61548
61547
61547
61547
61547
61546
61546
61546
61546
61545
61545
61545
61545
61544
61544
61544
61544
61544
61543
61543
61541
61540
61539
61537
61536
61534
61534
61534
61534
61533
61533
61533
61533
61532
61532
61532
61532
61530
61530
61529
61528
61528
61528
61528
61527
61527
61527
61527
61526
61526
61526
61526
61525
61525
61524
61524
61523
61523
61523
61523
61522
61522
61521
61521
61520
61520
61520
61520
61519
61519
61519
61519
61518
61518
61518
61518
61517
61516
61516
61516
61515
61515
61515
61515
61514
61514
61514
61514
61513
61513
61513
61513
61512
61512
61512
61512
61511
61511
61511
61511
61509
61509
61509
61509
61508
61508
61508
61507
61507
61507
61507
61506
61506
61506
61506
61506
61505
61505
61505
61505
61504
61503
61503
61501
61501
61501
61500
61500
61500
61500
61499
61499
61499
61499
61498
61498
61498
61498
61498
61496
61496
61495
61495
61495
61495
61494
61494
61494
61492
61492
61492
61492
61491
61491
61491
61491
61490
61490
61490
61490
61490
61489
61489
61489
61489
61488
61488
61488
61488
61487
61487
61487
61487
61486
61486
61486
61486
61485
61485
61485
61485
61484
61484
61484
61484
61483
61483
61483
61483
61482
61482
61482
61482
61481
61481
61481
61481
61480
61480
61480
61480
61479
61479
61479
61479
61478
61478
61478
61478
61477
61477
61477
61474
61472
61471
61470
61468
61466
61466
61466
61465
61465
61465
61464
61463
61462
61462
61461
61461
61461
61461
61460
61460
61460
61460
61460
61459
61459
61459
61459
61457
61457
61457
61456
61456
61456
61456
61455
61454
61454
61454
61453
61453
61453
61453
61452
61452
61452
61452
61451
61451
61451
61451
61449
61449
61449
61449
61448
61448
61448
61448
61447
61447
61447
61447
61447
61446
61446
61446
61446
61445
61445
61445
61445
61444
61444
61443
61442
61442
61442
61442
61441
61441
61441
61441
61441
61440
61440
61440
61440
61439
61439
61439
61439
61438
61438
61438
61436
61436
61435
61435
61434
61434
61434
61434
61433
61433
61433
61433
61432
61432
61432
61430
61430
61430
61429
61429
61429
61429
61428
61428
61428
61428
61427
61427
61427
61427
61426
61426
61426
61426
61425
61425
61425
61425
61424
61424
61424
61424
61424
61423
61423
61423
61423
61422
61422
61422
61422
61421
61421
61421
61420
61420
61420
61420
61419
61419
61419
61419
61418
61418
61418
61418
61418
61417
61417
61417
61417
61416
61416
61416
61416
61415
61415
61415
61415
61414
61414
61414
61414
61413
61413
61413
61413
61413
61412
61412
61412
61412
61411
61411
61411
61411
61410
61407
61406
61405
61403
61402
61400
61399
61398
61398
61398
61397
61397
61397
61397
61396
61396
61396
61396
61395
61395
61395
61395
61393
61393
61393
61392
61392
61392
61392
61391
61390
61390
