213705
169598
162772
117565
112813
69563
69561
69561
69560
69559
69558
69558
69557
69557
69557
69556
69556
69555
69555
69554
69554
69554
69545
69545
69544
69544
69544
69544
69543
69543
69542
69542
69541
69541
69541
69540
69539
69538
69538
69538
69537
69536
69535
69534
69533
69533
69533
69532
69532
69532
69532
69531
69531
69531
69531
69530
69530
69530
69529
69529
69529
69529
69527
69527
69527
69526
69526
69526
69526
69525
69525
69525
69524
69524
69524
69523
69523
69523
69523
69522
69522
69522
69522
69521
69521
69521
69521
69520
69520
69520
69520
69519
69519
69517
69517
69517
69517
69517
69516
69516
69516
69515
69515
69515
69515
69514
69513
69513
69512
69512
69512
69512
69511
69511
69511
69511
69510
69510
69510
69510
69509
69509
69509
69509
69508
69508
69508
69507
69507
69507
69507
69506
69506
69505
69505
69505
69505
69505
69504
69503
69503
69503
69501
69501
69501
69500
69500
69500
69499
69499
69499
69498
69498
69498
69497
69497
69497
69497
69496
69496
69496
69495
69495
69495
69495
69494
69494
69494
69494
69493
69493
69493
69493
69492
69492
69492
69491
69491
69491
69490
69490
69490
69490
69489
69489
69489
69488
69488
69488
69488
69487
69487
69485
69484
69481
69480
69479
69476
69476
69475
69475
69475
69475
69474
69474
69474
69474
69473
69473
69473
69472
69472
69472
69471
69471
69470
69469
69468
69468
69468
69467
69467
69467
69467
69466
69466
69466
69466
69465
69465
69465
69465
69464
69464
69464
69464
69463
69463
69461
69461
69460
69459
69459
69459
69459
69458
69458
69458
69458
69457
69457
69457
69457
69456
69456
69456
69454
69453
69453
69453
69453
69451
69451
69451
69450
69450
69450
69450
69449
69449
69449
69448
69448
69448
69448
69448
69447
69447
69447
69447
69446
69446
69446
69446
69444
69443
69443
69443
69443
69442
69442
69442
69442
69442
69441
69441
69441
69441
69440
69440
69440
69440
69439
69439
69439
69439
69439
69438
69438
69438
69438
69437
69437
69437
69437
69436
69436
69436
69436
69435
69435
69435
69435
69434
69434
69432
69432
69431
69431
69431
69431
69430
69430
69430
69430
69430
69429
69429
69429
69429
69428
69428
69428
69428
69427
69427
69427
69427
69426
69426
69426
69426
69426
69425
69425
69425
69425
69424
69424
69424
69424
69423
69423
69423
69423
69423
69422
69422
69422
69422
69421
69421
69421
69421
69420
69420
69420
69420
69419
69419
69419
69419
69419
69418
69417
69415
69412
69410
69409
69397
69397
69397
69396
69396
69396
69395
69395
69395
69395
69394
69394
69393
69392
69391
69391
69390
69390
69390
69390
69389
69389
69389
69389
69388
69388
69388
69388
69388
69387
69387
69387
69387
69386
69386
69385
69384
69383
69383
69382
69382
69382
69382
69381
69381
69381
69381
69380
69380
69380
69380
69379
69379
69379
69379
69379
69378
69378
69377
69376
69376
69376
69376
69375
69375
69375
69375
69374
69374
69374
69374
69373
69373
69373
69373
69372
69372
69372
69372
69372
69371
69370
69369
69369
69369
69369
69368
69368
69368
69368
69368
69367
69367
69367
69367
69366
69365
69365
69364
69364
69364
69364
69363
69363
69363
69363
69362
69362
69362
69362
69361
69361
69361
69361
69361
69360
69360
69360
69360
69358
69358
69357
69357
69339
69339
69339
69339
69338
69338
69338
69338
69337
69337
69337
69337
69336
69336
69336
69336
69335
69335
69335
69335
69334
69334
69334
69334
69334
69333
69333
69333
69333
69332
69332
69332
69332
69331
69331
69331
69331
69330
69330
69330
69330
69330
69329
69329
69329
69329
69328
69328
69328
69328
69327
69327
69327
69327
69326
69326
69326
69326
69326
69325
69325
69325
69325
69324
69323
69321
69320
69316
69314
69313
69313
69312
69312
69312
69312
69310
69310
69308
69308
69308
69308
69307
69307
69307
69307
69307
69306
69306
69306
69306
69305
69305
69305
69305
69304
69304
69304
69304
69302
69302
69300
69300
69300
69299
69299
69299
69299
69298
69298
69298
69298
69298
69297
69297
69297
69297
69296
69296
69296
69296
69295
69294
69294
69293
69293
69293
69293
69292
69292
69292
69292
69292
69291
69291
69291
69291
69290
69290
69290
69290
69289
69289
69289
69289
69287
69287
69287
69286
69286
69286
69286
69285
69285
69285
69285
69284
69284
69284
69284
69282
69282
69282
69282
69281
69281
69281
69281
69279
69279
69279
69278
69278
69278
69278
69277
69277
69277
69277
69276
69275
69275
69274
69274
69274
69274
69273
69273
69273
69273
69272
69272
69272
69272
69272
69271
69271
69271
69271
69270
69270
69270
69270
69269
69269
69269
69269
69269
69268
69268
69268
69268
69267
69267
69267
69267
69266
69266
69266
69266
69265
69265
69265
69265
69265
69264
69264
69264
69264
69263
69263
69263
69263
69262
69262
69262
69262
69261
69261
69261
69261
69261
69260
69260
69260
69260
69259
69259
69259
69259
69258
69258
69258
69258
69258
69257
69257
69254
69252
69251
69250
69248
69244
69244
69242
69242
69242
69242
69241
69241
69240
69240
69240
69240
69239
69239
69239
69239
69238
69238
69238
69238
69238
69237
69237
69235
69235
69234
69234
69233
69233
69233
69233
69232
69232
69232
69232
69231
69231
69231
69231
69230
69230
69230
69230
69230
69229
69229
69227
69227
69227
69227
69226
69226
69226
69226
69225
69225
69225
69225
69224
69224
69224
69224
69223
69223
69223
69223
69222
69222
69222
69220
69220
69220
69220
69219
69219
69219
69219
69218
69218
69218
69218
69217
69217
69217
69215
69215
69215
69215
69214
69214
69214
69214
69212
69212
69212
69211
69211
69211
69211
69210
69210
69209
69209
69208
69208
69208
69208
69207
69207
69207
69207
69206
69206
69206
69206
69205
69205
69205
69205
69204
69204
69204
69204
69203
69203
69203
69203
69202
69202
69202
69202
69201
69201
69201
69201
69200
69200
69200
69200
69199
69199
69199
69199
69199
69198
69198
69198
69198
69197
69197
69197
69197
69196
69196
69196
69196
69196
69195
69195
69195
69195
69194
69194
69194
69194
69193
69193
69193
69193
69193
69192
69192
69192
69192
69191
69191
69191
69191
69190
69190
69190
69190
69189
69189
69189
69189
69189
69186
69183
69182
69180
69179
69178
69177
69177
69177
69177
69176
69176
69176
69175
69175
69175
69175
69174
69174
69174
69174
69174
69172
69172
69170
69170
69170
69170
69169
69169
69169
69169
69168
69168
69168
69168
69167
69167
69167
69167
69167
69166
69166
69166
69166
69164
69164
69163
69163
69163
69163
69163
69162
69162
69162
69162
69161
69161
69161
69161
69160
69160
69160
69160
69158
69158
69158
69158
69156
69156
69156
69155
69155
69155
69155
69154
69154
69154
69154
69153
69153
69153
69153
69151
69151
69151
69150
69150
69150
69150
69149
69148
69148
69148
69147
69147
69147
69145
69145
69145
69145
69144
69144
69144
69144
69144
69142
69142
69141
69141
69141
69141
69140
69140
69140
69140
69140
69139
69139
69139
69139
69138
69138
69138
69138
69137
69137
69137
69137
69136
69136
69136
69136
69136
69135
69135
69135
69135
69134
69134
69134
69134
69133
69133
69133
69133
69132
69132
69132
69132
69132
69131
69131
69131
69131
69130
69130
69130
69130
69129
69129
69129
69129
69128
69128
69128
69128
69128
69127
69127
69127
69127
69126
69126
69126
69126
69125
69125
69125
69125
69124
69124
69124
69124
69123
69123
69123
69123
69123
69122
69122
69122
69119
69118
69117
69115
69113
69111
69111
69111
69110
69110
69110
69110
69109
69109
69109
69109
69107
69107
69106
69105
69105
69105
69105
69105
69104
69104
69104
69103
69103
69103
69103
69102
69102
69102
69102
69102
69101
69101
69101
69099
69099
69099
69099
69098
69098
69098
69098
69098
69097
69097
69097
69097
69096
69096
69096
69096
69095
69095
69095
69095
69094
69094
69093
69092
69092
69092
69092
69091
69091
69091
69091
69090
69090
69090
69090
69089
69089
69088
69088
69087
69087
69087
69086
69086
69086
69085
69084
69084
69083
69082
69082
69082
69082
69081
69081
69081
69081
69081
69080
69080
69079
69078
69078
69078
69078
69077
69077
69077
69077
69077
69076
69076
69076
69076
69075
69075
69075
69075
69074
69074
69074
69074
69073
69073
69073
69073
69073
69072
69071
69070
69070
69070
69070
69069
69069
69069
69069
69069
69068
69068
69068
69068
69067
69067
69067
69067
69066
69066
69066
69066
69065
69065
69065
69065
69064
69064
69064
69064
69063
69063
69063
69063
69063
69062
69062
69062
69062
69061
69061
69061
69061
69060
69060
69060
69060
69060
69059
69059
69059
69059
69058
69058
69058
69058
69057
69057
69057
69057
69056
69056
69056
69056
69054
69052
69050
69049
69047
69045
69045
69045
69045
69044
69043
69043
69041
69041
69041
69040
69040
69040
69040
69039
69039
69039
69039
69038
69038
69038
69038
69037
69037
69037
69037
69037
69036
69035
69034
69034
69034
69034
69034
69033
69033
69033
69033
69032
69032
69032
69032
69031
69031
69031
69031
69030
69030
69030
69030
69030
69028
69028
69027
69027
69027
69027
69026
69026
69026
69025
69025
69025
69025
69024
69024
69023
69022
69022
69022
69022
69021
69021
69021
69018
69018
69018
69018
69017
69017
69017
69017
69016
69016
69016
69015
69015
69015
69015
69013
69013
69011
69011
69011
69011
69010
69010
69010
69010
69009
69009
69009
69009
69008
69008
69008
69008
69008
69007
69007
69007
69007
69006
69006
69006
69006
69005
69005
69005
69005
69004
69004
69004
69004
69004
69003
69003
69003
69003
69002
69002
69002
69002
69001
69001
69001
69001
69000
69000
69000
69000
69000
68999
68999
68999
68999
68998
68998
68998
68998
68997
68997
68997
68997
68996
68996
68996
68996
68995
68995
68995
68995
68995
68994
68994
68994
68994
68993
68993
68993
68993
68992
68992
68992
68992
68991
68991
68991
68991
68991
68990
68990
68990
68990
68989
68989
68989
68986
68985
68983
68982
68978
68977
68975
68975
68975
68975
68974
68974
68973
68973
68973
68973
68973
68972
68972
68972
68972
68971
68971
68971
68971
68970
68970
68968
68968
68968
68968
68967
68967
68967
68967
68966
68966
68966
68966
68966
68965
68965
68965
68964
68964
68964
68964
68963
68963
68963
68962
68961
68961
68961
68960
68960
68960
68960
68960
68959
68959
68959
68959
68958
68958
68957
68956
68956
68956
68956
68954
68954
68954
68952
68952
68952
68951
68951
68951
68951
68951
68950
68950
68950
68950
68949
68949
68949
68947
68947
68946
68945
68945
68945
68945
68944
68944
68944
68944
68943
68943
68943
68943
68942
68942
68942
68942
68942
68941
68941
68941
68941
68940
68940
68940
68940
68939
68939
68939
68939
68939
68938
68938
68938
68938
68937
68937
68937
68937
68936
68936
68936
68936
68936
68935
68935
68935
68935
68934
68934
68934
68934
68933
68933
68933
68933
68932
68932
68932
68932
68931
68931
68931
68931
68931
68930
68930
68930
68930
68929
68929
68929
68929
68928
68928
68928
68928
68927
68927
68927
68927
68926
68926
68926
68926
68926
68925
68925
68925
68925
68924
68924
68924
68924
68923
68923
68923
68923
68922
68922
68922
68922
68919
68918
68916
68914
68913
68912
68911
68911
68911
68911
68910
68910
68910
68910
68909
68909
68909
68909
68908
68908
68908
68906
68906
68906
68906
68905
68905
68905
68905
68904
68904
68904
68904
68904
68903
68903
68903
68903
68902
68902
68902
68902
68901
68901
68900
68899
68899
68899
68899
68898
68898
68898
68898
68897
68897
68897
68897
68897
68896
68895
68895
68893
68893
68893
68891
68891
68891
68889
68889
68889
68889
68888
68888
68888
68888
68887
68887
68887
68887
68886
68886
68886
68885
68884
68883
68883
68882
68882
68882
68882
68881
68881
68881
68881
68881
68880
68880
68880
68880
68879
68879
68879
68879
68878
68878
68876
68876
68876
68876
68875
68875
68875
68875
68874
68874
68874
68874
68873
68873
68873
68873
68872
68872
68872
68872
68871
68871
68871
68871
68870
68870
68870
68870
68870
68869
68869
68869
68869
68868
68868
68868
68868
68867
68867
68867
68867
68866
68866
68866
68866
68866
68865
68865
68865
68865
68864
68864
68864
68864
68863
68863
68863
68863
68862
68862
68862
68862
68862
68861
68861
68861
68861
68860
68860
68860
68860
68859
68859
68859
68859
68858
68858
68858
68858
68857
68857
68857
68857
68856
68855
68855
68854
68853
68852
68850
68846
68845
68843
68843
68843
68842
68842
68842
68842
68842
68841
68841
68840
68839
68839
68839
68839
68838
68838
68838
68838
68837
68837
68837
68836
68836
68836
68836
68835
68835
68835
68835
68835
68834
68834
68832
68832
68832
68832
68831
68831
68831
68831
68831
68830
68830
68830
68830
68829
68828
68826
68826
68826
68826
68825
68825
68825
68825
68823
68823
68823
68822
68822
68822
68822
68821
68821
68821
68821
68821
68820
68820
68820
68818
68818
68817
68816
68816
68816
68816
68815
68815
68815
68815
68814
68814
68814
68814
68813
68813
68813
68813
68813
68812
68812
68812
68810
68810
68810
68810
68809
68809
68809
68809
68809
68808
68808
68808
68808
68807
68807
68807
68807
68806
68806
68806
68806
68805
68805
68805
68805
68804
68804
68804
68804
68802
68802
68802
68801
68801
68801
68801
68801
68800
68800
68800
68800
68799
68799
68799
68799
68798
68798
68798
68798
68797
68797
68797
68797
68796
68796
68796
68796
68796
68795
68795
68795
68795
68794
68794
68794
68794
68793
68793
68793
68793
68792
68792
68792
68792
68791
68791
68791
68791
68791
68790
68790
68788
68788
68788
68788
68788
68787
68787
68787
68787
68786
68786
68786
68784
68783
68781
68780
68778
68776
68776
68775
68775
68774
68774
68773
68773
68773
68773
68772
68772
68772
68772
68771
68771
68771
68771
68770
68770
68770
68770
68770
68769
68769
68769
68769
68767
68767
68766
68766
68766
68766
68766
68765
68765
68765
68765
68763
68763
68763
68762
68761
68761
68760
68760
68760
68760
68759
68759
68758
68758
68757
68757
68757
68757
68756
68756
68756
68756
68755
68755
68755
68755
68754
68753
68753
68751
68751
68751
68750
68750
68750
68750
68749
68749
68749
68749
68749
68748
68748
68748
68748
68747
68747
68746
68746
68746
68744
68744
68744
68743
68743
68743
68743
68743
68742
68742
68742
68742
68741
68741
68741
68741
68740
68740
68740
68740
68739
68739
68739
68739
68739
68738
68738
68738
68738
68737
68737
68737
68737
68736
68736
68736
68736
68736
68735
68735
68735
68735
68734
68734
68734
68734
68733
68733
68733
68733
68732
68732
68732
68731
68731
68731
68730
68730
68730
68730
68729
68729
68729
68729
68729
68728
68728
68728
68728
68727
68727
68727
68727
68726
68726
68726
68726
68725
68724
68723
68723
68723
68723
68722
68722
68722
68722
68721
68721
68721
68721
68720
68720
68720
68720
68719
68719
68719
68719
68716
68714
68712
68709
68708
68706
68706
68706
68706
68705
68705
68705
68704
68704
68704
68704
68703
68703
68703
68703
68702
68702
68702
68702
68702
68701
68700
68699
68699
68699
68699
68699
68698
68698
68696
68696
68696
68696
68695
68695
68695
68693
68693
68693
68693
68692
68692
68692
68692
68690
68690
68690
68690
68689
68689
68689
68689
68688
68688
68688
68688
68688
68687
68687
68686
68685
68684
68684
68683
68683
68682
68682
68682
68682
68681
68681
68681
68681
68681
68680
68680
68680
68680
68679
68679
68679
68679
68677
68677
68677
68676
68676
68676
68676
68676
68675
68675
68675
68675
68674
68674
68674
68674
68673
68673
68673
68673
68672
68672
68672
68672
68672
68671
68671
68671
68671
68670
68670
68670
68670
68669
68669
68669
68669
68668
68668
68668
68668
68668
68667
68667
68667
68667
68666
68666
68666
68666
68665
68665
68665
68665
68665
68664
68664
68664
68664
68663
68663
68663
68663
68662
68662
68662
68662
68661
68661
68661
68661
68660
68660
68660
68660
68658
68658
68658
68657
68657
68657
68657
68656
68656
68656
68656
68655
68655
68655
68655
68655
68654
68654
68654
68654
68653
68653
68653
68653
68652
68652
68652
68652
68652
68651
68650
68648
68647
68645
68644
68643
68642
68642
68642
68642
68641
68641
68641
68641
68640
68640
68640
68640
68640
68639
68638
68638
68637
68637
68637
68635
68635
68635
68635
68634
68620
68620
68620
68619
68619
68618
68617
68617
68617
68617
68616
68616
68616
68614
68614
68614
68614
68613
68613
68613
68612
68612
68612
68612
68612
68611
68611
68611
68609
68609
68608
68607
68607
68607
68605
68605
68605
68604
68604
68604
68604
68603
68603
68603
68603
68602
68602
68602
68602
68602
68601
68600
68600
68599
68599
68599
68599
68598
68598
68598
68598
68597
68597
68597
68597
68597
68596
68596
68596
68596
68595
68595
68595
68595
68593
68593
68592
68592
68592
68592
68591
68591
68591
68591
68591
68590
68590
68590
68590
68589
68589
68589
68589
68588
68588
68588
68588
68587
68587
68587
68587
68587
68586
68586
68586
68586
68585
68585
68585
68584
68584
68584
68584
68584
68583
68583
68583
68583
68582
68582
68582
68582
68581
68580
68580
68579
68579
68579
68579
68578
68578
68578
68578
68577
68577
68577
68577
68576
68576
68576
68576
68576
68575
68575
68575
68575
68574
68574
68574
68574
68573
68573
68573
68573
68572
68572
68572
68572
68571
68571
68571
68571
68568
68567
68564
68563
68561
68560
68560
68559
68559
68558
68558
68558
68558
68558
68556
68556
68555
68554
68554
68554
68554
68553
68553
68553
68553
68552
68552
68552
68551
68550
68550
68550
68549
68549
68549
68549
68548
68547
68547
68547
68546
68546
68546
68546
68545
68545
68545
68545
68544
68544
68544
68544
68542
68542
68541
68540
68540
68540
68540
68539
68539
68539
68539
68538
68538
68538
68538
68537
68537
68537
68537
68536
68536
68536
68536
68534
68534
68534
68534
68533
68533
68533
68533
68532
68532
68532
68532
68531
68531
68531
68531
68530
68530
68530
68530
68530
68529
68529
68528
68527
68527
68527
68527
68526
68526
68526
68526
68526
68525
68525
68525
68525
68524
68524
68524
68524
68523
68523
68523
68523
68522
68522
68522
68522
68522
68521
68521
68521
68519
68519
68519
68519
68518
68518
68518
68518
68517
68517
68517
68517
68517
68516
68516
68516
68514
68514
68514
68514
68513
68513
68513
68513
68512
68512
68512
68512
68512
68511
68511
68511
68511
68510
68510
68510
68510
68509
68509
68509
68509
68508
68508
68508
68508
68507
68507
68507
68507
68507
68506
68506
68506
68506
68505
68505
68505
68505
68504
68504
68504
68504
68503
68503
68502
68500
68499
68498
68496
68494
68494
68493
68491
68491
68490
68490
68490
68490
68489
68489
68489
68489
68488
68488
68488
68488
68487
68486
68486
68486
68485
68485
68485
68485
68484
68483
68483
68482
68482
68482
68481
68481
68481
68481
68480
68480
68480
68480
68480
68479
68478
68478
68476
68476
68476
68476
68475
68475
68475
68475
68474
68474
68474
68474
68473
68473
68473
68472
68472
68472
68472
68472
68471
68470
68470
68469
68469
68469
68469
68469
68468
68468
68468
68468
68467
68467
68467
68467
68466
68466
68466
68466
68465
68465
68465
68465
68463
68463
68463
68462
68462
68462
68462
68461
68461
68461
68461
68460
68460
68460
68460
68459
68459
68459
68459
68459
68458
68458
68458
68458
68457
68457
68457
68457
68456
68456
68456
68456
68455
68455
68455
68455
68454
68454
68454
68454
68454
68453
68453
68452
68451
68451
68451
68451
68450
68450
68450
68450
68449
68449
68449
68448
68448
68448
68448
68447
68447
68447
68447
68446
68446
68446
68446
68446
68445
68445
68445
68445
68444
68444
68444
68444
68443
68443
68443
68443
68442
68442
68442
68442
68441
68441
68441
68441
68441
68440
68440
68440
68440
68439
68439
68439
68439
68438
68438
68438
68435
68432
68429
68428
68426
68425
68425
68424
68424
68424
68424
68423
68423
68423
68423
68422
68422
68421
68420
68420
68420
68420
68419
68419
68419
68418
68417
68417
68417
68417
68416
68416
68416
68416
68415
68415
68415
68415
68415
68414
68413
68413
68411
68411
68411
68411
68410
68410
68410
68410
68409
68409
68409
68409
68408
68408
68408
68408
68407
68407
68407
68407
68407
68405
68404
68404
68404
68404
68403
68403
68403
68403
68403
68402
68402
68402
68402
68401
68401
68401
68401
68400
68400
68400
68400
68399
68398
68398
68398
68397
68397
68397
68397
68396
68396
68396
68396
68395
68395
68395
68395
68394
68394
68394
68394
68394
68393
68392
68392
68391
68391
68391
68391
68390
68390
68390
68390
68389
68389
68389
68389
68388
68388
68388
68388
68388
68386
68386
68386
68385
68385
68385
68385
68384
68384
68384
68384
68383
68383
68383
68383
68383
68382
68382
68382
68382
68381
68381
68381
68381
68380
68380
68380
68380
68379
68379
68379
68379
68378
68378
68378
68378
68377
68377
68377
68377
68377
68376
68376
68376
68376
68375
68375
68375
68375
68374
68374
68374
68374
68373
68373
68373
68373
68372
68372
68372
68372
68372
68371
68371
68371
68371
68369
68368
68366
68365
68363
68362
68362
68361
68361
68361
68361
68359
68359
68359
68358
68358
68358
68358
68357
68356
68324
68324
68324
68323
68323
68323
68323
68322
68322
68322
68321
68321
68321
68321
68319
68319
68317
68317
68317
68317
68316
68316
68316
68316
68315
68315
68315
68315
68314
68314
68314
68314
68314
68313
68313
68313
68313
68311
68311
68311
68310
68310
68310
68310
68308
68308
68308
68307
68307
68307
68307
68306
68306
68306
68306
68305
68305
68305
68304
68304
68303
68303
68302
68302
68302
68302
68301
68301
68301
68301
68300
68300
68300
68300
68299
68299
68299
68299
68298
68298
68298
68297
68296
68295
68295
68294
68294
68294
68293
68293
68293
68293
68293
68292
68292
68292
68292
68290
68290
68290
68289
68289
68289
68289
68289
68288
68288
68288
68288
68287
68287
68287
68287
68286
68286
68286
68286
68285
68285
68285
68285
68284
68284
68284
68284
68284
68283
68283
68283
68283
68282
68282
68282
68282
68281
68281
68281
68281
68280
68280
68280
68280
68280
68279
68279
68279
68279
68278
68278
68278
68278
68277
68277
68277
68277
68276
68276
68276
68276
68276
68275
68275
68275
68275
68274
68274
68274
68274
68273
68273
68273
68273
68271
68268
68267
68265
68262
68260
68260
68259
68259
68259
68259
68258
68258
68257
68257
68256
68256
68256
68256
68255
68255
68255
68255
68254
68254
68254
68254
68253
68252
68252
68250
68250
68250
68249
68249
68249
68249
68248
68248
68248
68248
68247
68247
68247
68247
68247
68246
68246
68246
68246
68245
68244
68244
68243
68243
68243
68243
68242
68242
68242
68242
68241
68241
68241
68241
68241
68240
68240
68240
68240
68239
68239
68239
68239
68237
68237
68237
68237
68236
68236
68236
68236
68235
68235
68235
68234
68234
68234
68234
68233
68233
68233
68233
68233
68232
68231
68230
68229
68229
68228
68228
68228
68227
68227
68226
68226
68226
68226
68224
68224
68224
68224
68223
68223
68223
68223
68222
68222
68222
68222
68221
68221
68221
68221
68220
68220
68220
68220
68218
68218
68218
68217
68217
68217
68217
68216
68216
68216
68216
68215
68215
68215
68215
68214
68214
68214
68214
68214
68213
68213
68213
68213
68212
68212
68212
68212
68211
68211
68211
68211
68210
68210
68210
68210
68210
68209
68209
68209
68209
68208
68208
68208
68208
68207
68207
68207
68207
68207
68206
68206
68206
68206
68205
68205
68205
68205
68204
68204
68204
68204
68203
68203
68202
68200
68199
68198
68196
68193
68192
68191
68191
68190
68190
68190
68190
68189
68189
68189
68189
68189
68188
68188
68188
68188
68186
68186
68184
68184
68184
68184
68183
68183
68183
68183
68182
68182
68182
68182
68181
68181
68181
68181
68180
68180
68180
68180
68180
68178
68178
68177
68177
68177
68177
68176
68176
68176
68176
68175
68175
68175
68175
68174
68174
68174
68174
68173
68173
68173
68173
68173
68171
68171
68170
68170
68170
68170
68169
68169
68169
68169
68168
68168
68168
68168
68168
68167
68167
68167
68167
68166
68166
68164
68164
68163
68162
68162
68162
68162
68161
68161
68161
68159
68159
68159
68159
68158
68158
68158
68158
68158
68157
68157
68157
68157
68156
68156
68156
68156
68155
68155
68155
68155
68154
68154
68154
68154
68154
68153
68153
68153
68153
68152
68152
68152
68152
68151
68151
68151
68151
68150
68150
68150
68150
68150
68149
68149
68149
68149
68148
68148
68148
68148
68147
68147
68147
68147
68147
68146
68146
68146
68146
68145
68145
68145
68145
68144
68144
68144
68144
68143
68143
68143
68143
68143
68142
68142
68142
68142
68141
68141
68141
68141
68140
68140
68140
68140
68139
68139
68139
68139
68138
68138
68138
68138
68134
68131
68129
68128
68127
68125
68125
68124
68124
68124
68124
68123
68123
68123
68122
68122
68121
68121
68119
68119
68119
68118
68118
68118
68118
68117
68117
68117
68117
68116
68116
68116
68116
68116
68115
68115
68115
68115
68114
68113
68113
68112
68112
68112
68112
68111
68111
68111
68111
68110
68110
68110
68110
68110
68109
68109
68109
68109
68108
68108
68108
68108
68106
68106
68106
68105
68105
68105
68105
68104
68104
68104
68104
68103
68103
68103
68103
68102
68102
68102
68102
68102
68101
68100
68100
68098
68098
68097
68097
68097
68095
68095
68095
68095
68094
68094
68094
68094
68093
68093
68092
68091
68091
68091
68090
68090
68090
68090
68089
68089
68089
68089
68088
68088
68088
68088
68088
68087
68087
68087
68087
68086
68086
68086
68086
68085
68085
68085
68085
68085
68084
68084
68084
68084
68083
68083
68083
68083
68082
68082
68082
68082
68081
68081
68081
68081
68081
68080
68080
68080
68080
68079
68079
68079
68079
68078
68078
68078
68078
68077
68077
68077
68077
68076
68076
68076
68076
68075
68075
68075
68075
68075
68074
68074
68074
68074
68073
68073
68073
68073
68072
68072
68072
68072
68071
68071
68071
68071
68071
68070
68070
68070
68068
68066
68065
68064
68062
68061
68061
68061
68060
68060
68059
68058
68057
68056
68056
68056
68056
68055
68055
68055
68055
68055
68054
68054
68054
68054
68053
68053
68053
68053
68052
68052
68052
68050
68050
68050
68050
68049
68049
68049
68049
68049
68048
68048
68048
68048
68047
68047
68047
68047
68046
68046
68046
68046
68045
68045
68044
68043
68043
68043
68043
68042
68042
68042
68041
68040
68040
68040
68040
68039
68039
68039
68039
68038
68038
68038
68038
68036
68036
68034
68034
68033
68033
68032
68032
68032
68032
68031
68031
68031
68031
68030
68030
68030
68029
68028
68028
68028
68028
68027
68027
68027
68025
68025
68025
68025
68024
68024
68024
68024
68023
68023
68023
68023
68023
68022
68022
68022
68022
68021
68021
68021
68021
68020
68020
68020
68020
68020
68019
68019
68019
68019
68018
68018
68018
68018
68017
68017
68017
68017
68016
68016
68016
68016
68016
68015
68015
68015
68015
68014
68014
68014
68014
68013
68013
68013
68013
68012
68012
68012
68012
68011
68011
68011
68011
68010
68010
68010
68010
68010
68009
68009
68009
68009
68008
68008
68008
68008
68007
68007
68007
68007
68006
68006
68006
68006
68005
68005
68005
68005
68005
68004
68002
68000
67999
67997
67995
67993
67992
67991
67991
67991
67991
67990
67990
67990
67990
67989
67989
67989
67989
67988
67988
67988
67988
67987
67987
67987
67987
67985
67985
67985
67984
67984
67984
67984
67984
67983
67983
67983
67983
67982
67982
67982
67982
67981
67981
67981
67981
67981
67980
67980
67979
67978
67978
67978
67978
67977
67977
67977
67976
67976
67976
67976
67975
67975
67975
67975
67975
67974
67974
67974
67974
67972
67971
67969
67969
67969
67969
67968
67968
67968
67968
67967
67967
67967
67967
67967
67966
67966
67965
67964
67964
67964
67964
67963
67963
67963
67961
67961
67961
67961
67960
67960
67960
67960
67959
67959
67959
67959
67958
67958
67958
67958
67957
67957
67957
67957
67956
67956
67956
67956
67956
67955
67955
67955
67955
67954
67954
67954
67952
67952
67952
67952
67951
67951
67951
67951
67950
67950
67950
67950
67949
67949
67949
67949
67949
67948
67948
67948
67948
67947
67947
67947
67947
67946
67946
67946
67946
67945
67945
67945
67945
67944
67944
67944
67944
67943
67943
67943
67943
67942
67942
67942
67942
67942
67941
67941
67941
67941
67940
67940
67940
67940
67939
67939
67939
67939
67938
67938
67938
67938
67937
67937
67934
67933
67931
67930
67928
67927
67926
67926
67926
67926
67925
67925
67925
67925
67925
67924
67924
67924
67924
67923
67923
67922
67921
67921
67921
67921
67920
67920
67920
67920
67920
67919
67919
67919
67919
67918
67918
67918
67918
67917
67917
67917
67917
67917
67915
67915
67914
67914
67914
67914
67913
67913
67913
67913
67912
67912
67912
67912
67911
67911
67911
67911
67911
67909
67909
67907
67907
67906
67906
67905
67905
67905
67905
67904
67904
67904
67904
67904
67903
67903
67903
67903
67901
67901
67901
67900
67900
67900
67900
67899
67898
67898
67897
67897
67897
67897
67896
67896
67896
67896
67896
67895
67895
67895
67895
67893
67893
67892
67892
67892
67892
67892
67891
67891
67891
67890
67890
67890
67890
67889
67889
67889
67889
67888
67888
67888
67888
67887
67887
67887
67887
67886
67886
67886
67886
67885
67885
67885
67885
67884
67884
67884
67884
67884
67883
67883
67883
67882
67882
67882
67882
67881
67881
67881
67881
67880
67880
67880
67880
67879
67879
67879
67879
67878
67878
67878
67878
67878
67877
67877
67877
67877
67876
67876
67876
67876
67875
67875
67875
67875
67874
67874
67874
67874
67873
67873
67873
67873
67872
67872
67872
67869
67867
67865
67864
67862
67861
67860
67859
67859
67859
67859
67858
67858
67858
67857
67857
67856
67856
67855
67855
67855
67855
67854
67854
67854
67854
67853
67853
67853
67853
67852
67852
67852
67852
67852
67851
67851
67851
67851
67849
67849
67848
67848
67848
67847
67847
67847
67847
67847
67846
67846
67846
67846
67845
67845
67844
67843
67843
67843
67843
67841
67841
67839
67839
67839
67839
67838
67838
67838
67837
67837
67837
67837
67836
67836
67836
67836
67834
67834
67834
67833
67833
67833
67833
67833
67831
67831
67831
67830
67830
67830
67830
67829
67829
67829
67829
67828
67828
67828
67828
67826
67826
67826
67826
67825
67825
67825
67825
67824
67824
67824
67824
67823
67823
67823
67823
67822
67822
67822
67822
67821
67821
67821
67821
67821
67820
67820
67820
67820
67819
67819
67819
67819
67818
67818
67818
67818
67817
67817
67817
67817
67817
67816
67816
67816
67816
67815
67815
67815
67815
67814
67814
67814
67814
67813
67813
67813
67813
67813
67812
67812
67812
67812
67811
67811
67811
67811
67810
67810
67810
67810
67809
67809
67809
67809
67809
67808
67808
67808
67808
67807
67807
67807
67805
67805
67805
67804
67804
67804
67804
67804
67803
67803
67801
67800
67798
67797
67795
67794
67794
67793
67793
67792
67791
67791
67791
67791
67790
67790
67790
67790
67789
67789
67789
67789
67788
67788
67788
67788
67787
67787
67787
67787
67786
67786
67785
67784
67784
67784
67784
67783
67783
67783
67783
67782
67782
67782
67782
67780
67780
67779
67779
67779
67778
67778
67778
67777
67776
67775
67775
67775
67774
67774
67774
67774
67773
67773
67772
67772
67771
67771
67771
67771
67769
67769
67769
67768
67768
67768
67768
67767
67766
67766
67765
67765
67765
67765
67764
67764
67764
67764
67763
67763
67763
67763
67762
67760
67760
67759
67759
67759
67759
67758
67758
67758
67758
67758
67757
67757
67757
67757
67756
67756
67756
67756
67755
67755
67755
67755
67754
67754
67754
67754
67753
67753
67753
67753
67752
67752
67752
67752
67752
67751
67751
67751
67751
67750
67750
67750
67750
67749
67749
67749
67749
67749
67748
67748
67748
67748
67747
67747
67747
67747
67746
67746
67746
67746
67745
67745
67745
67745
67745
67744
67744
67744
67744
67743
67743
67743
67743
67742
67742
67742
67742
67741
67741
67740
67739
67739
67739
67739
67738
67738
67738
67738
67737
67737
67737
67737
67736
67736
67736
67736
67735
67735
67734
67732
67731
67728
67727
67725
67725
67725
67724
67724
67724
67723
67723
67723
67723
67722
67722
67722
67722
67721
67721
67721
67721
67721
67720
67720
67718
67718
67718
67718
67717
67717
67717
67717
67717
67716
67715
67715
67714
67714
67714
67714
67713
67713
67713
67713
67712
67711
67711
67710
67709
67709
67709
67709
67708
67708
67708
67707
67707
67707
67707
67707
67706
67706
67705
67704
67704
67704
67704
67703
67703
67703
67701
67701
67701
67700
67700
67700
67700
67700
67699
67699
67699
67698
67698
67698
67698
67696
67696
67695
67695
67695
67695
67694
67694
67694
67694
67693
67693
67693
67693
67693
67692
67692
67692
67692
67691
67691
67691
67691
67690
67690
67690
67690
67689
67689
67689
67689
67688
67688
67688
67688
67688
67687
67687
67687
67687
67686
67685
67685
67684
67684
67684
67684
67683
67683
67683
67683
67682
67682
67682
67682
67681
67681
67681
67681
67680
67680
67680
67680
67680
67679
67679
67679
67679
67678
67678
67678
67678
67677
67677
67677
67677
67676
67675
67675
67674
67674
67674
67674
67673
67673
67673
67673
67672
67672
67672
67672
67672
67671
67671
67671
67671
67670
67670
67670
67670
67669
67669
67669
67669
67668
67667
67665
67664
67662
67660
67659
67659
67658
67658
67658
67657
67657
67657
67656
67656
67656
67656
67655
67655
67655
67653
67653
67653
67653
67652
67652
67652
67650
67650
67650
67650
67649
67649
67649
67649
67648
67648
67648
67648
67647
67647
67646
67645
67644
67644
67644
67643
67643
67643
67643
67642
67642
67642
67642
67642
67641
67641
67641
67639
67639
67639
67639
67638
67638
67638
67638
67636
67636
67636
67636
67635
67635
67635
67635
67634
67634
67634
67634
67633
67633
67633
67632
67631
67631
67631
67631
67630
67630
67630
67629
67629
67629
67629
67628
67628
67628
67628
67627
67627
67627
67627
67627
67626
67626
67624
67623
67623
67623
67623
67622
67622
67622
67622
67621
67621
67621
67621
67620
67620
67620
67620
67619
67619
67619
67619
67619
67618
67618
67618
67618
67617
67617
67617
67617
67616
67616
67616
67616
67615
67615
67615
67615
67615
67614
67614
67614
67614
67613
67613
67613
67613
67612
67612
67612
67612
67610
67610
67610
67609
67609
67609
67609
67608
67608
67608
67608
67607
67607
67607
67607
67606
67606
67606
67606
67606
67605
67605
67605
67605
67604
67604
67604
67604
67603
67603
67603
67603
67602
67602
67602
67602
67601
67599
67597
67596
67594
67593
67591
67591
67591
67591
67590
67590
67590
67590
67589
67588
67588
67588
67587
67586
67586
67586
67585
67585
67585
67585
67584
67584
67584
67584
67583
67583
67583
67583
67582
67582
67581
67581
67579
67579
67579
67578
67578
67577
67577
67577
67577
67576
67576
67576
67576
67576
67575
67574
67573
67573
67573
67573
67572
67572
67572
67571
67570
67570
67570
67570
67569
67569
67569
67569
67568
67568
67568
67568
67567
67567
67566
67565
67565
67565
67565
67564
67564
67564
67564
67564
67563
67563
67563
67563
67562
67562
67562
67562
67561
67561
67561
67561
67560
67559
67559
67558
67558
67558
67558
67558
67557
67557
67557
67557
67556
67556
67556
67556
67555
67555
67555
67555
67554
67554
67554
67554
67553
67553
67553
67553
67552
67552
67552
67552
67552
67551
67551
67551
67551
67550
67550
67550
67550
67549
67549
67549
67549
67548
67548
67548
67548
67546
67546
67545
67545
67545
67545
67545
67544
67544
67544
67544
67543
67543
67543
67543
67542
67542
67542
67542
67541
67541
67541
67541
67541
67540
67540
67540
67540
67539
67539
67539
67539
67538
67538
67538
67538
67537
67537
67537
67537
67536
67536
67536
67536
67536
67535
67534
67532
67531
67530
67528
67526
67526
67526
67524
67523
67523
67522
67522
67522
67522
67521
67521
67521
67521
67520
67520
67520
67520
67519
67519
67519
67519
67519
67518
67517
67517
67515
67515
67515
67514
67514
67514
67514
67513
67513
67513
67513
67512
67512
67512
67512
67510
67510
67510
67510
67509
67509
67509
67509
67507
67507
67507
67506
67506
67506
67506
67505
67505
67505
67503
67503
67503
67503
67503
67500
67500
67499
67499
67499
67499
67498
67498
67498
67498
67497
67497
67497
67497
67496
67496
67496
67496
67495
67495
67495
67495
67495
67493
67493
67492
67492
67492
67492
67491
67491
67491
67491
67491
67490
67490
67490
67490
67489
67489
67489
67489
67488
67488
67488
67488
67487
67487
67487
67487
67486
67486
67486
67486
67485
67485
67485
67485
67484
67484
67484
67484
67484
67483
67483
67483
67482
67482
67481
67480
67480
67480
67480
67480
67479
67479
67479
67479
67478
67478
67478
67478
67477
67477
67477
67477
67476
67476
67476
67476
67475
67475
67475
67475
67474
67474
67474
67474
67474
67473
67473
67473
67472
67472
67472
67472
67471
67471
67471
67471
67471
67470
67470
67470
67470
67469
67469
67469
67469
67468
67468
67468
67468
67466
67465
67462
67461
67459
67458
67458
67457
67457
67457
67456
67456
67456
67456
67455
67455
67455
67455
67454
67454
67454
67454
67454
67452
67452
67451
67450
67450
67450
67450
67449
67449
67449
67449
67448
67448
67448
67448
67447
67447
67446
67446
67445
67445
67445
67445
67444
67444
67443
67442
67442
67442
67442
67441
67441
67441
67441
67440
67440
67440
67440
67439
67439
67438
67438
67437
67437
67437
67437
67436
67436
67436
67436
67435
67435
67435
67435
67434
67434
67434
67434
67433
67433
67433
67433
67433
67431
67431
67430
67430
67430
67430
67429
67429
67429
67429
67428
67428
67428
67428
67427
67427
67427
67427
67426
67426
67426
67425
67424
67424
67424
67424
67423
67423
67423
67423
67422
67422
67422
67422
67421
67421
67421
67421
67420
67420
67420
67420
67417
67417
67417
67416
67416
67416
67416
67415
67415
67415
67415
67414
67414
67414
67414
67414
67413
67413
67413
67413
67412
67412
67412
67412
67411
67411
67411
67411
67411
67410
67410
67410
67409
67409
67409
67408
67408
67408
67407
67407
67407
67407
67406
67406
67406
67406
67405
67405
67405
67405
67405
67404
67404
67404
67404
67403
67403
67403
67403
67402
67402
67402
67402
67401
67400
67398
67397
67395
67394
67392
67392
67392
67391
67391
67391
67391
67390
67390
67390
67390
67389
67388
67388
67386
67386
67386
67385
67385
67385
67385
67384
67384
67384
67384
67383
67383
67383
67382
67381
67380
67380
67380
67380
67379
67379
67379
67378
67377
67377
67377
67377
67376
67376
67376
67376
67375
67375
67375
67375
67375
67374
67373
67373
67372
67372
67372
67372
67371
67371
67371
67371
67370
67370
67370
67370
67370
67369
67369
67369
67369
67368
67368
67368
67368
67366
67366
67366
67365
67365
67365
67365
67364
67364
67364
67364
67364
67363
67363
67363
67363
67362
67362
67362
67362
67361
67359
67359
67357
67357
67356
67356
67356
67341
67341
67341
67340
67340
67340
67340
67339
67339
67339
67339
67337
67337
67336
67336
67336
67336
67336
67335
67335
67335
67334
67334
67334
67334
67334
67333
67333
67333
67333
67332
67332
67332
67332
67331
67331
67331
67331
67330
67330
67330
67330
67330
67329
67329
67329
67329
67328
67328
67328
67328
67327
67327
67327
67327
67327
67326
67326
67326
67326
67325
67325
67325
67325
67324
67324
67324
67324
67323
67323
67323
67323
67323
67322
67322
67322
67322
67321
67321
67321
67321
67320
67320
67320
67316
67314
67312
67311
67309
67308
67308
67307
67307
67307
67307
67305
67305
67304
67303
67303
67303
67303
67302
67302
67302
67302
67302
67301
67301
67301
67301
67300
67299
67299
67298
67298
67298
67298
67297
67297
67296
67295
67295
67295
67295
67294
67294
67294
67294
67293
67293
67293
67293
67293
67292
67291
67290
67290
67290
67290
67289
67289
67289
67289
67289
67288
67288
67288
67288
67287
67287
67287
67287
67286
67286
67286
67286
67285
67284
67283
67283
67283
67282
67282
67282
67282
67281
67281
67281
67281
67280
67280
67280
67280
67280
67279
67279
67279
67279
67277
67277
67275
67275
67275
67275
67275
67274
67274
67274
67274
67273
67273
67273
67273
67271
67271
67271
67270
67270
67270
67270
67269
67269
67269
67269
67269
67268
67268
67268
67268
67267
67267
67267
67267
67266
67266
67266
67266
67265
67265
67265
67265
67265
67264
67264
67264
67264
67263
67263
67263
67263
67262
67262
67262
67262
67262
67261
67261
67261
67261
67260
67260
67260
67260
67259
67259
67259
67259
67258
67258
67258
67258
67258
67257
67257
67257
67257
67256
67256
67256
67256
67255
67255
67255
67255
67254
67254
67254
67254
67253
67253
67253
67253
67252
67252
67252
67250
67249
67248
67246
67245
67242
67242
67241
67241
67240
67240
67240
67240
67239
67239
67239
67239
67238
67238
67238
67238
67237
67236
67236
67235
67235
67235
67235
67234
67234
67233
67232
67232
67232
67232
67232
67231
67231
67231
67231
67230
67230
67230
67230
67229
67228
67228
67228
67227
67227
67227
67227
67226
67226
67226
67226
67225
67225
67225
67225
67224
67224
67224
67224
67222
67222
67222
67221
67219
67219
67218
67218
67218
67218
67217
67217
67217
67217
67216
67216
67216
67216
67215
67215
67215
67215
67214
67214
67214
67212
67212
67211
67211
67210
67210
67210
67210
67209
67209
67209
67209
67207
67207
67207
67207
67206
67206
67206
67206
67205
67205
67205
67205
67205
67204
67204
67204
67204
67203
67203
67203
67203
67202
67202
67202
67202
67201
67201
67201
67201
67200
67200
67200
67199
67199
67199
67199
67198
67198
67198
67198
67197
67197
67197
67197
67197
67196
67196
67196
67196
67195
67195
67195
67195
67194
67194
67194
67194
67194
67193
67193
67193
67193
67192
67192
67192
67192
67191
67191
67191
67191
67190
67190
67190
67190
67190
67189
67189
67189
67189
67188
67188
67188
67188
67187
67187
67187
67187
67187
67186
67186
67186
67184
67181
67179
67178
67177
67175
67175
67175
67174
67174
67174
67173
67173
67173
67173
67173
67171
67171
67171
67170
67170
67170
67170
67169
67168
67168
67168
67167
67167
67167
67167
67166
67166
67166
67166
67165
67165
67165
67165
67163
67163
67163
67162
67162
67162
67162
67162
67161
67161
67161
67161
67160
67160
67160
67160
67159
67159
67159
67159
67158
67158
67158
67157
67156
67156
67156
67156
67155
67155
67155
67155
67154
67154
67154
67154
67153
67153
67153
67153
67153
67152
67152
67152
67150
67150
67149
67148
67148
67148
67148
67147
67147
67146
67145
67145
67145
67145
67144
67144
67144
67144
67144
67143
67143
67143
67143
67141
67141
67141
67141
67140
67140
67140
67140
67139
67139
67139
67139
67138
67138
67138
67138
67138
67137
67137
67137
67137
67136
67135
67135
67134
67134
67134
67134
67133
67133
67133
67133
67132
67132
67132
67132
67132
67131
67131
67131
67131
67130
67130
67130
67130
67129
67129
67129
67129
67128
67128
67128
67128
67128
67127
67127
67127
67127
67126
67126
67126
67126
67125
67125
67125
67125
67124
67124
67124
67124
67124
67123
67123
67123
67123
67122
67122
67122
67122
67121
67121
67121
67121
67120
67120
67120
67118
67116
67115
67114
67112
67110
67110
67110
67109
67109
67108
67107
67107
67107
67106
67106
67106
67106
67104
67104
67104
67104
67104
67103
67103
67103
67103
67102
67102
67102
67102
67101
67101
67099
67099
67099
67099
67098
67098
67098
67098
67097
67097
67097
67097
67096
67096
67096
67096
67096
67095
67095
67095
67095
67094
67094
67093
67092
67092
67092
67092
67091
67091
67091
67091
67090
67090
67090
67090
67089
67089
67089
67089
67088
67088
67088
67088
67086
67086
67083
67083
67083
67083
67081
67081
67081
67080
67080
67080
67080
67079
67079
67079
67079
67078
67078
67078
67078
67077
67077
67076
67076
67074
67074
67074
67073
67073
67073
67073
67072
67072
67072
67072
67072
67071
67071
67071
67071
67070
67070
67070
67070
67069
67069
67069
67069
67068
67068
67068
67068
67068
67067
67067
67067
67067
67066
67066
67066
67066
67065
67065
67065
67065
67064
67064
67064
67064
67064
67063
67063
67063
67063
67062
67062
67062
67062
67061
67061
67061
67061
67060
67060
67060
67060
67060
67059
67059
67059
67059
67058
67058
67058
67058
67057
67057
67057
67057
67057
67056
67056
67056
67056
67055
67055
67055
67055
67054
67054
67054
67054
67053
67053
67051
67049
67048
67046
67043
67042
67042
67042
67041
67041
67041
67041
67039
67039
67039
67038
67038
67038
67038
67038
67037
67037
67037
67037
67036
67036
67036
67035
67034
67034
67034
67034
67033
67033
67033
67033
67032
67032
67032
67032
67031
67031
67031
67031
67030
67030
67030
67030
67030
67029
67028
67028
67027
67027
67027
67027
67026
67026
67026
67026
67025
67025
67025
67025
67025
67024
67024
67024
67024
67023
67023
67022
67021
67020
67019
67019
67018
67018
67018
67018
67017
67017
67017
67017
67017
67016
67016
67016
67016
67015
67015
67015
67015
67014
67013
67013
67011
67011
67011
67010
67010
67010
67010
67009
67009
67009
67009
67008
67008
67008
67008
67008
67007
67007
67007
67007
67006
67006
67006
67006
67005
67005
67005
67005
67004
67004
67004
67003
67003
67003
67002
67002
67002
67002
67001
67001
67001
67001
67000
67000
67000
67000
67000
66999
66999
66999
66999
66998
66998
66998
66998
66997
66997
66997
66996
66996
66996
66996
66995
66995
66995
66994
66994
66994
66994
66994
66993
66993
66993
66993
66992
66992
66992
66992
66991
66991
66991
66991
66990
66990
66990
66990
66989
66989
66989
66989
66988
66988
66988
66988
66987
66987
66986
66984
66983
66982
66979
66977
66976
66976
66975
66975
66975
66975
66974
66974
66974
66974
66974
66973
66973
66973
66973
66971
66971
66971
66971
66970
66970
66970
66970
66969
66969
66969
66969
66968
66968
66968
66968
66967
66967
66967
66967
66966
66966
66966
66964
66964
66964
66964
66963
66963
66963
66963
66962
66962
66962
66962
66962
66961
66961
66961
66961
66960
66960
66960
66958
66955
66955
66953
66953
66953
66952
66952
66952
66952
66951
66951
66950
66950
66950
66950
66949
66949
66949
66949
66948
66948
66948
66948
66946
66946
66945
66944
66944
66944
66944
66943
66943
66943
66943
66942
66942
66942
66942
66941
66941
66941
66941
66941
66940
66940
66940
66940
66939
66939
66939
66939
66938
66938
66938
66938
66938
66937
66937
66937
66937
66936
66936
66936
66936
66935
66935
66935
66935
66934
66934
66934
66934
66933
66933
66933
66933
66933
66932
66932
66932
66932
66931
66931
66931
66931
66930
66930
66930
66930
66930
66929
66929
66929
66929
66928
66928
66928
66928
66927
66927
66927
66927
66926
66926
66926
66926
66926
66925
66925
66925
66925
66924
66924
66924
66924
66923
66923
66923
66923
66922
66922
66922
66922
66921
66921
66921
66921
66918
66917
66915
66914
66912
66911
66910
66910
66910
66910
66909
66909
66909
66909
66908
66907
66907
66906
66906
66906
66906
66905
66905
66905
66905
66904
66904
66904
66904
66904
66903
66903
66903
66903
66902
66902
66902
66902
66900
66900
66900
66900
66899
66899
66899
66899
66898
66898
66898
66898
66897
66897
66897
66897
66896
66896
66895
66894
66894
66893
66893
66891
66891
66891
66891
66890
66890
66890
66890
66889
66889
66889
66889
66888
66888
66888
66888
66887
66887
66887
66887
66887
66885
66885
66883
66883
66883
66883
66883
66882
66882
66882
66882
66881
66881
66881
66881
66880
66880
66880
66880
66879
66879
66879
66879
66877
66877
66877
66877
66876
66876
66876
66876
66875
66875
66875
66875
66874
66874
66874
66874
66874
66873
66873
66873
66873
66872
66872
66871
66870
66870
66870
66870
66869
66869
66869
66869
66868
66868
66868
66868
66868
66867
66867
66867
66867
66866
66866
66866
66866
66865
66865
66865
66865
66864
66864
66864
66864
66864
66863
66863
66863
66863
66862
66862
66862
66862
66861
66861
66861
66861
66860
66860
66860
66860
66859
66859
66859
66859
66859
66858
66858
66858
66858
66856
66856
66856
66856
66855
66855
66855
66855
66853
66852
66850
66849
66847
66845
66845
66845
66845
66843
66843
66843
66842
66842
66842
66842
66842
66841
66841
66841
66841
66840
66840
66840
66840
66839
66839
66839
66839
66838
66838
66838
66836
66836
66836
66835
66835
66835
66834
66834
66834
66834
66833
66833
66833
66833
66833
66831
66831
66831
66830
66830
66830
66827
66827
66825
66825
66825
66825
66824
66824
66824
66824
66824
66823
66823
66823
66823
66822
66822
66822
66822
66821
66821
66821
66821
66819
66819
66818
66817
66817
66817
66817
66816
66816
66816
66816
66815
66815
66815
66815
66814
66814
66814
66814
66814
66813
66813
66813
66811
66811
66811
66811
66810
66810
66810
66810
66810
66809
66809
66809
66809
66808
66808
66808
66808
66807
66807
66807
66807
66806
66806
66806
66806
66806
66805
66805
66805
66805
66804
66804
66804
66804
66803
66803
66803
66803
66802
66802
66802
66802
66802
66801
66801
66801
66801
66800
66800
66799
66799
66799
66799
66799
66798
66798
66798
66798
66797
66797
66797
66797
66796
66796
66796
66796
66795
66795
66795
66795
66794
66794
66794
66794
66794
66793
66792
66791
66791
66791
66791
66791
66790
66790
66790
66790
66789
66789
66789
66789
66788
66788
66788
66785
66784
66782
66780
66779
66777
66777
66777
66776
66776
66776
66776
66775
66775
66775
66775
66774
66774
66774
66774
66773
66773
66773
66773
66772
66772
66771
66771
66770
66770
66770
66770
66769
66769
66769
66769
66768
66768
66766
66766
66766
66766
66765
66765
66765
66765
66764
66763
66763
66761
66761
66761
66760
66760
66760
66760
66759
66759
66759
66759
66759
66758
66758
66758
66758
66757
66757
66757
66757
66756
66755
66754
66753
66752
66752
66752
66752
66751
66751
66751
66751
66750
66750
66750
66750
66749
66749
66749
66749
66749
66748
66748
66748
66746
66746
66746
66746
66745
66745
66745
66745
66744
66744
66744
66744
66743
66743
66743
66743
66742
66742
66742
66742
66742
66741
66741
66741
66741
66740
66740
66740
66740
66739
66739
66739
66739
66738
66738
66738
66738
66737
66737
66737
66737
66737
66736
66736
66736
66736
66735
66735
66735
66735
66734
66734
66734
66734
66733
66733
66733
66733
66733
66732
66732
66732
66731
66731
66731
66731
66731
66730
66730
66730
66730
66729
66729
66728
66727
66727
66727
66727
66726
66726
66726
66726
66726
66725
66725
66725
66725
66724
66724
66724
66724
66723
66723
66723
66723
66722
66722
66722
66722
66720
66719
66716
66715
66714
66712
66712
66712
66712
66711
66711
66711
66711
66710
66710
66710
66710
66709
66709
66709
66707
66707
66707
66707
66706
66706
66706
66706
66706
66704
66704
66704
66703
66703
66703
66703
66703
66702
66702
66702
66702
66699
66699
66697
66697
66697
66697
66697
66696
66696
66696
66696
66695
66695
66695
66695
66694
66694
66694
66694
66693
66693
66693
66693
66690
66690
66688
66688
66688
66688
66687
66687
66687
66687
66686
66686
66686
66686
66686
66685
66685
66685
66685
66684
66684
66684
66684
66682
66682
66682
66681
66681
66681
66681
66681
66680
66680
66680
66680
66679
66679
66679
66679
66678
66678
66678
66678
66677
66677
66677
66677
66676
66676
66676
66676
66676
66675
66675
66675
66675
66674
66674
66674
66674
66673
66673
66673
66673
66672
66672
66672
66672
66672
66671
66671
66671
66671
66670
66670
66670
66670
66669
66669
66669
66669
66668
66668
66668
66668
66668
66667
66667
66667
66667
66666
66666
66666
66664
66664
66664
66664
66663
66663
66663
66663
66662
66662
66662
66662
66661
66661
66661
66661
66661
66660
66660
66660
66660
66659
66659
66659
66659
66658
66658
66658
66658
66658
66657
66657
66657
66657
66656
66655
66653
66652
66651
66649
66648
66648
66647
66647
66647
66647
66646
66646
66646
66644
66644
66644
66644
66644
66643
66642
66642
66641
66641
66641
66641
66640
66640
66640
66640
66639
66639
66639
66639
66639
66637
66637
66636
66635
66635
66635
66635
66634
66634
66634
66634
66633
66633
66633
66633
66632
66632
66632
66632
66631
66631
66631
66631
66629
66629
66627
66627
66627
66627
66626
66626
66626
66626
66626
66625
66625
66625
66625
66624
66624
66624
66624
66623
66623
66623
66623
66621
66621
66621
66620
66620
66620
66620
66619
66619
66619
66619
66618
66618
66618
66618
66617
66617
66616
66616
66615
66615
66615
66615
66614
66614
66614
66614
66613
66613
66613
66613
66612
66612
66612
66612
66611
66611
66611
66611
66610
66610
66610
66610
66610
66609
66609
66609
66607
66607
66607
66607
66606
66606
66606
66606
66605
66605
66605
66605
66604
66604
66604
66604
66604
66603
66603
66603
66601
66601
66601
66600
66600
66600
66600
66599
66599
66599
66599
66598
66598
66598
66598
66597
66597
66597
66597
66597
66596
66596
66596
66596
66595
66595
66595
66595
66594
66594
66594
66594
66594
66593
66593
66593
66593
66592
66592
66592
66592
66591
66591
66591
66589
66587
66586
66585
66583
66581
66581
66581
66580
66579
66579
66578
66577
66577
66577
66577
66576
66576
66576
66576
66576
66575
66575
66575
66575
66574
66574
66574
66574
66571
66571
66569
66569
66569
66568
66568
66568
66568
66567
66567
66567
66567
66567
66566
66566
66566
66566
66565
66565
66565
66565
66564
66563
66563
66561
66561
66561
66560
66560
66560
66560
66559
66559
66559
66559
66559
66558
66558
66558
66558
66557
66557
66557
66557
66556
66555
66555
66555
66554
66554
66554
66554
66553
66553
66553
66553
66553
66552
66552
66552
66552
66551
66550
66550
66549
66549
66549
66549
66548
66548
66548
66548
66548
66547
66547
66547
66547
66546
66546
66546
66546
66545
66545
66545
66545
66544
66544
66544
66544
66543
66543
66543
66543
66543
66542
66542
66542
66542
66541
66541
66541
66541
66540
66540
66540
66540
66539
66539
66539
66538
66537
66537
66537
66537
66536
66536
66536
66536
66535
66535
66535
66535
66534
66534
66534
66534
66533
66533
66533
66533
66533
66532
66532
66532
66532
66531
66531
66531
66531
66530
66530
66530
66530
66529
66529
66529
66529
66529
66528
66528
66528
66528
66527
66527
66527
66527
66526
66526
66526
66526
66526
66525
66522
66521
66519
66516
66515
66513
66513
66513
66513
66512
66512
66512
66512
66511
66511
66511
66511
66510
66510
66510
66510
66509
66509
66508
66507
66506
66506
66506
66505
66505
66505
66505
66504
66504
66504
66504
66503
66503
66503
66503
66502
66502
66502
66501
66501
66501
66500
66499
66498
66498
66497
66497
66497
66497
66496
66496
66496
66496
66496
66495
66495
66495
66495
66494
66494
66494
66494
66493
66493
66492
66492
66491
66491
66491
66491
66490
66490
66490
66490
66489
66489
66489
66489
66488
66488
66488
66486
66486
66486
66486
66485
66485
66485
66485
66485
66484
66484
66484
66484
66483
66483
66483
66483
66482
66482
66482
66482
66480
66480
66480
66480
66479
66479
66479
66479
66478
66478
66478
66478
66477
66477
66477
66477
66476
66476
66476
66476
66476
66475
66475
66473
66473
66473
66473
66473
66472
66472
66472
66472
66471
66471
66471
66471
66470
66470
66470
66470
66469
66469
66469
66469
66468
66468
66468
66468
66468
66467
66467
66467
66467
66466
66466
66466
66466
66465
66465
66465
66465
66465
66464
66464
66464
66464
66463
66463
66463
66463
66462
66462
66462
66462
66461
66461
66461
66461
66461
66460
66460
66460
66460
66459
66459
66458
66455
66454
66453
66451
66450
66450
66449
66449
66449
66449
66448
66448
66448
66447
66447
66447
66445
66445
66444
66444
66443
66443
66443
66443
66442
66442
66442
66442
66441
66441
66441
66441
66440
66440
66440
66440
66440
66439
66439
66437
66436
66435
66435
66434
66434
66434
66434
66433
66433
66433
66433
66432
66432
66432
66432
66431
66431
66431
66431
66431
66430
66430
66429
66427
66427
66427
66427
66426
66426
66426
66426
66425
66425
66425
66425
66424
66424
66424
66424
66422
66422
66422
66421
66421
66421
66421
66420
66420
66420
66420
66419
66419
66419
66419
66418
66418
66418
66418
66418
66417
66416
66415
66414
66414
66413
66413
66413
66413
66412
66412
66412
66412
66411
66411
66411
66411
66410
66410
66410
66410
66408
66408
66408
66408
66407
66407
66407
66406
66406
66406
66406
66405
66405
66405
66405
66404
66404
66404
66404
66403
66403
66403
66403
66403
66402
66402
66402
66402
66401
66401
66401
66401
66400
66400
66400
66400
66399
66399
66399
66399
66398
66398
66398
66398
66398
66397
66397
66397
66397
66396
66396
66396
66396
66395
66395
66395
66395
66394
66394
66394
66394
66394
66393
66393
66393
66393
66392
66392
66392
66392
66391
66390
66388
66387
66385
66384
66383
66382
66382
66382
66381
66381
66380
66379
66378
66378
66377
66377
66377
66377
66376
66376
66376
66376
66375
66375
66375
66375
66374
66374
66374
66374
66373
66373
66373
66371
66370
66369
66369
66369
66368
66368
66368
66368
66367
66367
66367
66367
66366
66366
66366
66366
66366
66365
66365
66365
66365
66364
66363
66363
66362
66362
66362
66362
66361
66361
66361
66361
66360
66360
66360
66360
66360
66359
66359
66358
66357
66357
66357
66357
66356
66356
66356
66339
66338
66338
66338
66338
66337
66337
66337
66337
66337
66336
66336
66336
66334
66334
66332
66332
66332
66331
66331
66331
66331
66330
66330
66330
66330
66329
66329
66329
66329
66327
66327
66327
66326
66326
66326
66326
66325
66325
66325
66325
66324
66324
66324
66324
66323
66322
66322
66321
66321
66321
66321
66320
66320
66320
66320
66319
66319
66319
66319
66318
66318
66318
66318
66317
66317
66317
66317
66316
66316
66316
66315
66315
66315
66315
66314
66314
66314
66314
66313
66313
66313
66312
66312
66312
66312
66311
66311
66311
66311
66310
66310
66310
66309
66309
66309
66309
66309
66308
66308
66308
66307
66307
66307
66307
66306
66306
66306
66306
66306
66304
66302
66301
66298
66296
66293
66293
66291
66291
66290
66290
66290
66290
66289
66289
66289
66289
66288
66288
66288
66288
66287
66287
66287
66287
66287
66286
66286
66285
66284
66283
66283
66282
66282
66281
66281
66281
66281
66280
66280
66280
66280
66279
66279
66279
66279
66278
66278
66278
66278
66278
66276
66276
66275
66275
66275
66275
66275
66274
66274
66274
66274
66273
66273
66273
66272
66272
66272
66270
66270
66270
66270
66270
66269
66269
66269
66269
66268
66268
66268
66268
66267
66267
66267
66267
66266
66266
66266
66266
66264
66264
66262
66262
66262
66261
66261
66261
66261
66260
66260
66260
66260
66260
66258
66258
66257
66257
66257
66257
66257
66256
66256
66256
66256
66255
66255
66255
66255
66254
66254
66254
66254
66253
66253
66253
66253
66252
66252
66252
66252
66252
66251
66251
66251
66251
66250
66250
66250
66250
66249
66249
66249
66249
66249
66248
66248
66248
66248
66247
66247
66247
66247
66246
66246
66246
66246
66245
66245
66245
66245
66244
66244
66244
66244
66244
66243
66243
66243
66243
66242
66242
66242
66242
66241
66241
66241
66241
66240
66240
66240
66240
66240
66239
66239
66239
66239
66238
66238
66238
66238
66237
66237
66234
66232
66230
66229
66227
66226
66226
66226
66225
66225
66225
66224
66224
66224
66224
66223
66223
66223
66223
66222
66222
66222
66221
66220
66219
66219
66218
66218
66218
66218
66217
66217
66217
66217
66216
66216
66216
66216
66215
66215
66215
66215
66214
66214
66214
66212
66212
66212
66212
66211
66211
66211
66211
66210
66210
66210
66210
66210
66209
66209
66209
66209
66207
66207
66207
66206
66206
66206
66206
66205
66205
66205
66205
66204
66204
66204
66204
66204
66203
66203
66202
66202
66201
66200
66199
66194
66194
66193
66193
66193
66192
66192
66192
66191
66189
66189
66189
66188
66188
66187
66187
66187
66186
66186
66185
66185
66183
66182
66182
66181
66181
66180
66180
66180
66179
66179
66179
66178
66178
66178
66177
66177
66177
66121
66120
66120
66119
66119
66119
66119
66118
66118
66118
66118
66117
66117
66117
66117
66116
66116
66116
66116
66115
66115
66115
66115
66115
66114
66114
66114
66114
66113
66113
66113
66112
66112
66112
66112
66111
66111
66111
66111
66110
66110
66110
66110
66110
66109
66109
66109
66109
66108
66108
66108
66108
66107
66107
66107
66107
66106
66106
66106
66106
66106
66105
66105
66105
66105
66104
66104
66104
66104
66101
66100
66099
66097
66095
66093
66093
66093
66092
66092
66092
66092
66091
66091
66091
66091
66089
66089
66086
66086
66086
66085
66085
66085
66084
66084
66084
66084
66084
66083
66083
66083
66083
66082
66082
66082
66082
66081
66081
66080
66079
66079
66079
66079
66078
66078
66078
66078
66078
66077
66077
66077
66077
66076
66076
66076
66075
66074
66074
66074
66074
66073
66073
66073
66071
66071
66071
66071
66070
66070
66070
66070
66069
66069
66069
66069
66069
66067
66067
66065
66065
66065
66064
66064
66064
66062
66062
66062
66062
66061
66061
66061
66061
66060
66060
66060
66060
66059
66059
66059
66057
66057
66056
66055
66055
66055
66054
66054
66054
66054
66054
66053
66053
66053
66053
66052
66052
66052
66052
66051
66051
66051
66051
66050
66050
66050
66050
66050
66049
66049
66049
66049
66048
66048
66048
66048
66047
66047
66047
66047
66047
66046
66046
66046
66046
66045
66045
66045
66045
66044
66044
66044
66044
66043
66043
66043
66043
66043
66042
66042
66042
66042
66041
66041
66041
66041
66040
66040
66040
66040
66039
66039
66039
66039
66039
66038
66038
66038
66038
66037
66037
66037
66037
66036
66036
66036
66036
66035
66035
66035
66035
66035
66033
66031
66030
66029
66027
66026
66025
66025
66025
66025
66023
66023
66022
66021
66021
66021
66021
66020
66020
66020
66020
66019
66019
66019
66019
66018
66018
66018
66018
66017
66017
66017
66017
66015
66015
66015
66015
66014
66014
66014
66014
66013
66013
66013
66013
66012
66012
66012
66012
66012
66010
66010
66009
66009
66009
66009
66008
66008
66008
66008
66007
66007
66007
66007
66006
66006
66006
66006
66006
66005
66005
66003
66003
66002
66001
66001
66000
66000
65999
65999
65999
65999
65998
65998
65998
65998
65997
65997
65997
65997
65996
65996
65996
65996
65994
65994
65993
65992
65992
65992
65992
65991
65991
65991
65991
65990
65990
65990
65990
65989
65989
65989
65989
65989
65988
65988
65988
65988
65987
65987
65987
65987
65986
65986
65986
65986
65985
65985
65984
65983
65983
65983
65983
65983
65982
65982
65982
65982
65981
65981
65981
65981
65980
65980
65980
65980
65979
65979
65979
65979
65979
65978
65978
65978
65978
65977
65977
65977
65977
65976
65976
65976
65976
65975
65975
65975
65975
65975
65974
65974
65974
65974
65973
65973
65973
65973
65972
65972
65972
65972
65971
65971
65971
65971
65970
65970
65970
65970
65970
65969
65969
65969
65967
65966
65964
65963
65960
65958
65956
65956
65956
65955
65955
65955
65955
65954
65954
65954
65954
65954
65953
65953
65953
65953
65952
65952
65952
65952
65951
65950
65950
65949
65949
65949
65949
65948
65948
65948
65948
65948
65947
65947
65947
65947
65946
65946
65945
65944
65944
65944
65944
65943
65943
65943
65943
65942
65942
65942
65942
65942
65941
65941
65941
65941
65940
65940
65940
65938
65938
65935
65934
65934
65934
65934
65933
65933
65933
65933
65932
65932
65932
65932
65931
65931
65931
65931
65931
65930
65930
65930
65928
65928
65927
65926
65926
65926
65926
65925
65925
65925
65925
65924
65924
65924
65924
65923
65923
65923
65923
65923
65922
65922
65922
65922
65921
65921
65921
65921
65920
65920
65920
65920
65919
65919
65919
65919
65918
65918
65918
65918
65918
65917
65917
65917
65917
65916
65916
65916
65916
65915
65915
65915
65915
65914
65914
65914
65914
65913
65913
65913
65913
65912
65912
65912
65912
65912
65911
65911
65911
65911
65910
65910
65910
65910
65909
65909
65909
65909
65908
65908
65908
65908
65908
65907
65907
65907
65907
65906
65906
65906
65906
65905
65905
65905
65905
65905
65904
65904
65904
65904
65903
65903
65903
65903
65899
65897
65896
65895
65893
65892
65892
65891
65891
65891
65891
65890
65890
65890
65890
65889
65889
65889
65889
65888
65888
65887
65886
65886
65886
65886
65885
65885
65885
65885
65884
65884
65884
65884
65884
65883
65883
65883
65881
65881
65880
65880
65880
65880
65879
65879
65879
65879
65878
65878
65878
65878
65877
65877
65877
65877
65876
65876
65875
65873
65873
65872
65871
65871
65871
65871
65870
65870
65869
65869
65869
65869
65868
65868
65868
65868
65868
65867
65867
65867
65867
65866
65865
65865
65863
65863
65863
65862
65862
65862
65862
65861
65861
65861
65861
65860
65860
65860
65860
65859
65859
65859
65859
65859
65858
65857
65857
65856
65856
65856
65856
65855
65855
65855
65855
65855
65854
65854
65854
65854
65853
65853
65853
65853
65852
65852
65852
65852
65851
65851
65851
65851
65850
65850
65850
65850
65850
65849
65849
65849
65849
65848
65848
65848
65848
65847
65847
65847
65847
65847
65846
65846
65846
65846
65845
65845
65845
65845
65844
65844
65844
65844
65843
65843
65843
65843
65842
65842
65842
65842
65842
65841
65841
65841
65841
65840
65840
65840
65840
65839
65839
65839
65839
65838
65838
65838
65836
65836
65836
65836
65835
65835
65834
65832
65831
65829
65828
65826
65825
65825
65825
65825
65824
65824
65824
65824
65824
65822
65822
65822
65821
65821
65821
65821
65820
65820
65820
65820
65819
65819
65819
65819
65818
65818
65817
65817
65816
65816
65816
65816
65815
65815
65815
65815
65814
65814
65814
65814
65813
65813
65813
65812
65811
65811
65811
65809
65809
65808
65808
65807
65807
65807
65807
65806
65806
65806
65804
65804
65804
65804
65803
65803
65803
65803
65802
65802
65802
65802
65800
65800
65799
65798
65798
65798
65798
65797
65797
65797
65797
65796
65796
65796
65796
65795
65795
65795
65795
65795
65794
65794
65794
65792
65792
65792
65792
65791
65791
65791
65790
65790
65790
65790
65789
65789
65789
65789
65788
65788
65788
65788
65788
65787
65787
65787
65787
65786
65786
65786
65786
65785
65785
65785
65785
65784
65784
65784
65784
65783
65783
65783
65783
65783
65782
65782
65782
65782
65781
65781
65781
65781
65780
65780
65780
65780
65780
65779
65779
65779
65779
65778
65778
65778
65778
65777
65777
65777
65777
65776
65776
65776
65776
65775
65775
65775
65775
65775
65774
65774
65774
65772
65772
65772
65772
65771
65771
65771
65771
65770
65770
65770
65770
65770
65769
65769
65767
65736
65734
65732
65731
65729
65729
65729
65729
65727
65727
65727
65727
65726
65726
65726
65726
65725
65725
65725
65725
65724
65724
65724
65724
65723
65722
65722
65721
65721
65721
65721
65720
65720
65720
65720
65719
65719
65719
65719
65717
65717
65717
65717
65716
65716
65716
65714
65714
65713
65713
65712
65712
65712
65712
65711
65711
65711
65711
65710
65710
65710
65710
65709
65709
65709
65709
65709
65708
65708
65707
65706
65705
65705
65704
65704
65704
65704
65703
65703
65703
65703
65702
65702
65702
65702
65702
65701
65701
65701
65701
65700
65700
65699
65698
65698
65698
65698
65697
65697
65697
65697
65696
65696
65696
65696
65695
65695
65695
65695
65695
65694
65694
65694
65694
65693
65693
65693
65693
65692
65692
65692
65692
65691
65691
65691
65691
65690
65689
65689
65688
65688
65688
65688
65687
65687
65687
65687
65686
65686
65686
65686
65685
65685
65685
65685
65685
65684
65684
65684
65684
65683
65683
65683
65683
65682
65682
65682
65682
65681
65681
65681
65681
65680
65680
65680
65680
65680
65678
65678
65677
65677
65677
65677
65676
65676
65676
65676
65676
65675
65675
65675
65675
65674
65674
65674
65674
65673
65673
65673
65673
65673
65671
65670
65668
65664
65663
65661
65661
65661
65660
65660
65660
65660
65659
65659
65659
65659
65659
65658
65658
65658
65656
65656
65656
65655
65655
65655
65655
65655
65654
65654
65654
65652
65652
65652
65652
65651
65651
65651
65651
65650
65650
65649
65648
65647
65647
65646
65646
65646
65646
65645
65645
65645
65645
65645
65644
65644
65644
65644
65643
65643
65643
65643
65642
65642
65640
65640
65639
65639
65638
65638
65638
65638
65637
65637
65637
65637
65636
65636
65636
65636
65635
65635
65635
65635
65635
65634
65634
65633
65632
65632
65632
65632
65631
65631
65631
65631
65630
65630
65630
65630
65629
65629
65629
65629
65628
65628
65628
65628
65628
65627
65627
65627
65627
65626
65626
65626
65626
65625
65625
65625
65625
65624
65624
65624
65624
65624
65623
65623
65623
65623
65622
65622
65622
65622
65621
65621
65621
65621
65620
65620
65620
65620
65619
65619
65619
65619
65619
65618
65618
65618
65618
65617
65617
65617
65617
65616
65616
65616
65616
65614
65614
65614
65613
65613
65613
65613
65612
65612
65612
65612
65611
65611
65611
65611
65611
65610
65610
65610
65610
65609
65609
65609
65609
65608
65608
65608
65608
65607
65607
65607
65607
65607
65604
65602
65600
65598
65597
65596
65595
65595
65595
65595
65594
65594
65594
65594
65592
65592
65592
65591
65591
65591
65591
65591
65589
65589
65588
65588
65588
65588
65588
65587
65587
65587
65587
65586
65586
65585
65584
65583
65583
65583
65582
65582
65582
65581
65581
65581
65581
65580
65580
65580
65580
65579
65579
65579
65579
65579
65578
65578
65577
65576
65575
65575
65574
65574
65574
65574
65573
65573
65573
65573
65572
65572
65572
65572
65572
65571
65571
65571
65571
65570
65570
65569
65568
65568
65568
65568
65567
65567
65567
65567
65567
65566
65566
65566
65565
65565
65565
65564
65564
65564
65564
65563
65563
65563
65562
65561
65561
65561
65561
65560
65560
65559
65559
65559
65559
65559
65558
65558
65558
65558
65557
65557
65557
65557
65556
65556
65556
65556
65555
65555
65555
65555
65555
65554
65554
65554
65554
65553
65553
65553
65553
65552
65552
65552
65552
65551
65551
65551
65551
65551
65549
65549
65548
65548
65547
65547
65547
65547
65546
65546
65546
65546
65545
65545
65545
65545
65544
65544
65544
65544
65544
65543
65543
65543
65543
65542
65542
65542
65542
65541
65541
65541
65541
65540
65540
65540
65540
65540
65539
65539
65539
65539
65537
65536
65534
65533
65530
65529
65528
65528
65527
65527
65526
65526
65526
65524
65524
65524
65523
65523
65523
65523
65522
65522
65522
65522
65521
65521
65521
65521
65520
65519
65519
65517
65517
65517
65517
65516
65516
65516
65516
65516
65515
65515
65515
65515
65514
65514
65514
65514
65513
65513
65513
65513
65511
65511
65510
65509
65509
65509
65509
65508
65508
65508
65508
65507
65506
65506
65506
65505
65505
65505
65505
65504
65504
65504
65504
65502
65502
65501
65501
65501
65501
65501
65500
65500
65500
65500
65499
65499
65499
65499
65498
65498
65498
65498
65498
65497
65497
65497
65495
65495
65495
65494
65494
65494
65494
65493
65493
65493
65493
65493
65492
65492
65492
65492
65491
65491
65491
65491
65490
65490
65490
65490
65489
65489
65489
65489
65489
65488
65488
65488
65488
65487
65487
65487
65487
65486
65486
65486
65486
65485
65485
65484
65483
65483
65483
65483
65482
65482
65482
65482
65481
65481
65481
65481
65480
65480
65480
65480
65480
65479
65479
65479
65479
65478
65478
65478
65478
65477
65477
65477
65477
65477
65476
65476
65476
65476
65475
65475
65475
65475
65474
65474
65474
65474
65473
65473
65473
65473
65473
65472
65472
65472
65470
65469
65466
65465
65463
65462
65461
65461
65461
65461
65460
65460
65460
65460
65459
65459
65459
65459
65458
65458
65458
65458
65457
65456
65456
65454
65454
65454
65453
65453
65453
65453
65453
65452
65452
65452
65452
65451
65451
65451
65451
65450
65450
65450
65450
65449
65448
65448
65446
65446
65446
65446
65445
65445
65445
65444
65444
65444
65444
65443
65443
65443
65443
65443
65442
65442
65442
65442
65441
65440
65440
65439
65439
65439
65439
65438
65438
65438
65438
65437
65437
65437
65437
65437
65436
65436
65436
65436
65435
65435
65435
65435
65433
65433
65433
65432
65432
65432
65432
65431
65431
65431
65431
65430
65430
65430
65430
65428
65428
65428
65428
65427
65427
65427
65427
65426
65426
65426
65426
65426
65425
65425
65425
65425
65424
65424
65424
65424
65422
65422
65422
65421
65420
65420
65419
65419
65419
65419
65418
65418
65418
65418
65417
65417
65417
65417
65416
65416
65416
65416
65415
65415
65415
65415
65415
65414
65414
65414
65414
65413
65413
65413
65413
65412
65412
65412
65412
65411
65411
65411
65411
65411
65410
65410
65410
65410
65409
65409
65409
65409
65408
65408
65408
65408
65407
65407
65407
65407
65407
65406
65406
65406
65404
65402
65399
65398
65396
65395
65394
65394
65394
65394
65393
65393
65393
65393
65392
65392
65392
65391
65390
65389
65389
65388
65388
65388
65388
65388
65387
65387
65387
65387
65386
65386
65386
65386
65385
65385
65385
65385
65384
65384
65383
65382
65381
65381
65381
65380
65380
65380
65380
65379
65379
65379
65379
65378
65378
65378
65378
65377
65377
65377
65377
65377
65376
65375
65374
65374
65374
65374
65374
65373
65373
65373
65373
65372
65372
65372
65372
65371
65371
65371
65371
65370
65370
65370
65370
65370
65368
65368
65368
65367
65367
65367
65366
65366
65366
65365
65365
65365
65365
65364
65364
65363
65362
65362
65362
65362
65361
65361
65361
65361
65360
65360
65360
65360
65359
65359
65359
65359
65358
65358
65358
65358
65357
65335
65334
65334
65333
65333
65333
65332
65332
65332
65331
65331
65331
65330
65330
65329
65329
65329
65328
65328
65328
65328
65327
65327
65327
65327
65326
65326
65326
65325
65325
65325
65325
65324
65324
65324
65323
65323
65323
65323
65322
65322
65322
65321
65321
65321
65321
65320
65320
65320
65319
65319
65319
65318
65318
65317
65317
65317
65317
65316
65316
65316
65315
65315
65315
65315
65314
65314
65314
65313
65310
65308
65306
65305
65303
65301
65301
65301
65301
65300
65300
65298
65298
65296
65296
65296
65296
65295
65295
65295
65295
65295
65294
65294
65294
65294
65293
65293
65293
65293
65292
65292
65292
65292
65290
65290
65289
65288
65288
65288
65288
65287
65287
65287
65287
65286
65286
65286
65286
65286
65285
65285
65285
65285
65284
65284
65284
65283
65282
65282
65282
65282
65281
65281
65281
65281
65280
65280
65280
65279
65279
65279
65278
65278
65278
65278
65278
65277
65277
65277
65275
65275
65275
65275
65274
65274
65274
65274
65273
65273
65273
65273
65272
65272
65272
65270
65270
65269
65268
65268
65268
65268
65267
65267
65267
65267
65266
65266
65266
65266
65265
65265
65265
65265
65263
65263
65263
65262
65262
65262
65262
65261
65261
65261
65261
65261
65260
65260
65260
65260
65259
65259
65259
65259
65258
65258
65258
65258
65258
65257
65257
65257
65257
65256
65256
65256
65256
65255
65255
65255
65255
65254
65254
65254
65254
65254
65253
65253
65253
65253
65252
65252
65252
65252
65251
65251
65251
65251
65251
65250
65250
65250
65250
65249
65249
65249
65249
65248
65248
65248
65248
65248
65247
65247
65247
65247
65246
65246
65246
65246
65245
65245
65243
65242
65241
65237
65236
65234
65233
65232
65231
65231
65231
65231
65230
65230
65230
65230
65230
65229
65229
65229
65229
65228
65228
65228
65228
65227
65227
65227
65225
65225
65224
65224
65223
65223
65223
65223
65222
65222
65222
65222
65221
65221
65221
65221
65220
65220
65220
65220
65220
65219
65219
65218
65217
65217
65217
65217
65216
65216
65216
65216
65215
65215
65215
65215
65213
65213
65213
65212
65212
65212
65212
65211
65211
65211
65209
65209
65209
65208
65208
65208
65208
65207
65207
65207
65207
65206
65206
65206
65206
65204
65204
65203
65202
65202
65202
65202
65201
65201
65201
65201
65200
65200
65200
65200
65200
65198
65198
65197
65197
65197
65197
65197
65196
65196
65196
65196
65195
65195
65195
65195
65194
65194
65194
65194
65193
65193
65193
65193
65192
65192
65192
65192
65191
65191
65191
65191
65191
65190
65190
65190
65190
65189
65189
65189
65189
65188
65188
65188
65188
65187
65187
65187
65187
65187
65186
65186
65186
65186
65185
65185
65185
65185
65184
65184
65184
65184
65183
65183
65183
65183
65182
65182
65182
65182
65182
65181
65181
65181
65181
65180
65180
65180
65180
65179
65179
65179
65179
65178
65178
65178
65178
65178
65176
65173
65172
65171
65169
65168
65168
65167
65167
65167
65167
65166
65166
65166
65166
65165
65165
65165
65165
65164
65164
65164
65163
65162
65161
65161
65160
65160
65160
65160
65159
65159
65159
65159
65158
65158
65158
65158
65157
65157
65157
65157
65156
65156
65156
65155
65154
65154
65154
65154
65153
65153
65153
65153
65152
65152
65152
65152
65151
65151
65151
65151
65150
65150
65150
65150
65150
65149
65148
65148
65147
65147
65147
65147
65146
65146
65146
65146
65145
65145
65145
65145
65144
65143
65142
65141
65141
65141
65140
65140
65140
65140
65139
65139
65139
65139
65137
65137
65137
65137
65136
65136
65136
65136
65135
65135
65134
65134
65133
65133
65133
65133
65132
65132
65132
65132
65131
65131
65131
65131
65130
65130
65130
65130
65130
65129
65129
65129
65127
65127
65127
65127
65126
65126
65126
65126
65125
65125
65125
65125
65125
65124
65124
65124
65124
65123
65123
65123
65123
65122
65122
65122
65122
65121
65121
65121
65121
65121
65120
65120
65120
65120
65119
65119
65119
65119
65118
65118
65118
65118
65117
65117
65117
65117
65116
65116
65116
65116
65115
65115
65115
65115
65115
65114
65114
65114
65114
65113
65113
65113
65113
65112
65110
65109
65106
65105
65104
65102
65102
65102
65101
65101
65101
65101
65100
65100
65100
65100
65098
65098
65096
65096
65096
65096
65096
65095
65095
65095
65095
65094
65094
65094
65094
65093
65093
65093
65093
65092
65092
65092
65092
65090
65090
65090
65090
65089
65089
65089
65089
65088
65088
65088
65088
65087
65087
65087
65087
65087
65086
65086
65086
65086
65085
65085
65084
65083
65083
65083
65083
65082
65082
65082
65082
65081
65081
65081
65081
65080
65080
65079
65078
65077
65077
65076
65076
65076
65076
65075
65075
65073
65073
65073
65073
65072
65072
65072
65072
65071
65071
65071
65071
65071
65069
65069
65067
65067
65067
65066
65066
65066
65066
65065
65065
65065
65065
65064
65064
65064
65064
65063
65063
65063
65063
65062
65062
65062
65062
65061
65061
65061
65061
65061
65060
65060
65060
65060
65059
65059
65059
65059
65058
65058
65058
65058
65057
65057
65057
65057
65057
65056
65056
65056
65056
65055
65055
65055
65055
65054
65054
65054
65054
65053
65053
65053
65053
65052
65052
65052
65052
65052
65051
65051
65051
65051
65050
65050
65050
65050
65049
65049
65049
65049
65048
65048
65048
65048
65047
65047
65047
65047
65047
65046
65046
65046
65043
65041
65040
65038
65037
65036
65035
65035
65035
65035
65033
65033
65031
65031
65031
65031
65030
65030
65030
65030
65029
65029
65029
65029
65029
65028
65028
65028
65028
65027
65027
65027
65027
65025
65025
65025
65024
65024
65024
65024
65024
65023
65023
65023
65023
65022
65022
65022
65022
65021
65021
65021
65021
65021
65020
65020
65018
65018
65018
65018
65017
65017
65017
65016
65016
65016
65016
65015
65015
65015
65015
65013
65013
65012
65011
65011
65011
65011
65009
65009
65009
65009
65008
65008
65008
65008
65007
65007
65007
65007
65006
65006
65006
65006
65004
65004
65002
65002
65002
65002
65001
65001
65001
65001
65001
65000
65000
65000
65000
64999
64999
64999
64999
64998
64998
64998
64998
64998
64997
64997
64997
64997
64996
64996
64996
64996
64995
64995
64995
64995
64994
64994
64994
64994
64994
64993
64993
64993
64993
64992
64992
64992
64992
64991
64991
64991
64991
64991
64990
64990
64990
64990
64989
64989
64989
64989
64988
64988
64988
64988
64987
64987
64987
64987
64987
64986
64986
64986
64986
64985
64985
64985
64985
64984
64984
64984
64984
64983
64983
64983
64983
64982
64982
64982
64982
64981
64981
64981
64981
64981
64980
64980
64978
64977
64974
64972
64970
64969
64967
64967
64967
64967
64966
64966
64966
64966
64965
64965
64965
64964
64964
64964
64964
64963
64963
64963
64963
64962
64962
64961
64960
64960
64960
64960
64959
64959
64959
64959
64958
64958
64958
64958
64958
64957
64957
64957
64957
64956
64956
64956
64956
64955
64954
64953
64953
64953
64953
64952
64952
64952
64952
64952
64951
64951
64951
64951
64949
64948
64947
64946
64946
64944
64944
64944
64944
64943
64943
64943
64943
64943
64942
64942
64942
64942
64941
64941
64941
64941
64940
64940
64939
64938
64937
64937
64937
64936
64936
64936
64936
64935
64935
64935
64935
64934
64934
64934
64934
64933
64933
64933
64933
64933
64932
64932
64932
64932
64931
64931
64931
64931
64930
64930
64930
64930
64930
64929
64929
64929
64929
64928
64928
64928
64928
64927
64927
64927
64927
64926
64926
64926
64926
64926
64925
64925
64925
64925
64924
64924
64924
64924
64923
64923
64923
64923
64923
64922
64922
64922
64922
64921
64921
64921
64921
64920
64920
64920
64920
64919
64919
64919
64919
64918
64918
64918
64918
64917
64917
64917
64917
64916
64916
64916
64916
64916
64915
64915
64915
64915
64914
64914
64914
64914
64913
64913
64911
64909
64908
64906
64905
64904
64903
64903
64903
64903
64902
64902
64902
64902
64902
64901
64901
64901
64901
64900
64900
64898
64898
64898
64898
64897
64897
64897
64897
64896
64896
64896
64896
64896
64895
64895
64895
64895
64894
64894
64894
64894
64893
64893
64892
64891
64891
64891
64891
64890
64890
64890
64890
64890
64889
64889
64889
64889
64888
64887
64885
64884
64884
64883
64883
64883
64883
64882
64882
64882
64882
64881
64881
64881
64881
64881
64880
64880
64880
64880
64879
64879
64878
64877
64876
64876
64875
64875
64875
64875
64874
64874
64874
64874
64873
64873
64873
64873
64872
64872
64872
64872
64872
64871
64871
64870
64869
64869
64869
64869
64868
64868
64868
64868
64867
64867
64867
64867
64866
64866
64866
64866
64865
64865
64865
64865
64864
64864
64863
64863
64862
64862
64862
64862
64861
64861
64861
64861
64860
64860
64860
64860
64859
64859
64859
64859
64858
64858
64858
64858
64858
64857
64857
64857
64857
64856
64856
64856
64856
64855
64855
64855
64855
64854
64854
64854
64854
64854
64853
64853
64853
64853
64852
64852
64852
64852
64851
64851
64851
64851
64850
64850
64850
64850
64850
64849
64849
64849
64847
64847
64847
64847
64844
64843
64841
64840
64838
64836
64836
64836
64836
64835
64835
64835
64835
64834
64834
64833
64832
64832
64832
64832
64832
64831
64831
64831
64831
64830
64830
64830
64830
64829
64829
64829
64829
64828
64828
64828
64828
64828
64826
64826
64826
64825
64825
64825
64825
64824
64824
64824
64824
64823
64823
64822
64821
64820
64820
64818
64818
64818
64818
64817
64817
64817
64817
64816
64816
64816
64816
64815
64815
64815
64815
64815
64814
64814
64814
64814
64812
64812
64810
64810
64810
64809
64809
64809
64809
64808
64808
64808
64808
64808
64807
64807
64807
64807
64806
64806
64806
64806
64805
64804
64804
64803
64803
64803
64803
64802
64802
64802
64802
64801
64801
64801
64801
64800
64800
64800
64800
64800
64799
64799
64799
64799
64798
64798
64798
64798
64797
64797
64797
64797
64796
64796
64796
64796
64795
64795
64795
64795
64795
64794
64794
64794
64794
64793
64793
64793
64793
64792
64792
64792
64792
64791
64791
64791
64791
64791
64790
64790
64790
64790
64789
64789
64789
64789
64788
64788
64788
64788
64787
64787
64787
64787
64786
64786
64786
64786
64785
64785
64785
64784
64783
64783
64783
64783
64782
64782
64782
64782
64781
64781
64781
64781
64778
64776
64775
64774
64772
64771
64771
64770
64770
64769
64769
64768
64768
64768
64768
64767
64767
64767
64767
64766
64766
64766
64766
64765
64765
64765
64765
64765
64764
64764
64764
64764
64762
64762
64762
64761
64761
64761
64761
64760
64760
64760
64758
64758
64758
64758
64757
64756
64756
64754
64754
64754
64753
64753
64753
64753
64753
64752
64752
64752
64752
64751
64751
64751
64751
64750
64750
64750
64750
64749
64748
64748
64746
64746
64746
64746
64745
64745
64745
64745
64744
64744
64744
64744
64743
64743
64743
64743
64742
64742
64742
64742
64742
64740
64740
64740
64739
64739
64739
64738
64738
64738
64738
64737
64737
64737
64737
64737
64736
64736
64736
64736
64735
64735
64735
64735
64734
64734
64734
64734
64733
64733
64733
64733
64733
64732
64732
64732
64732
64731
64731
64731
64731
64730
64730
64730
64730
64729
64729
64729
64729
64729
64728
64728
64728
64728
64727
64727
64727
64727
64726
64726
64726
64726
64725
64725
64725
64725
64724
64724
64724
64724
64724
64723
64723
64723
64723
64722
64722
64722
64720
64720
64720
64720
64719
64719
64719
64719
64718
64718
64718
64718
64718
64717
64717
64717
64717
64716
64716
64716
64716
64715
64713
64712
64710
64708
64706
64704
64704
64704
64704
64703
64703
64703
64703
64702
64702
64702
64702
64701
64701
64701
64701
64700
64700
64700
64700
64699
64698
64698
64697
64697
64697
64697
64696
64695
64695
64695
64694
64694
64694
64694
64693
64692
64692
64690
64690
64690
64689
64689
64689
64689
64688
64688
64688
64688
64688
64687
64687
64687
64687
64686
64686
64686
64686
64685
64683
64683
64681
64681
64681
64681
64680
64680
64680
64680
64679
64679
64679
64679
64678
64678
64678
64678
64677
64677
64677
64677
64677
64675
64675
64675
64674
64674
64674
64674
64673
64673
64673
64673
64672
64672
64672
64672
64671
64671
64671
64671
64671
64670
64670
64670
64670
64669
64669
64669
64669
64668
64668
64668
64668
64667
64667
64667
64667
64667
64666
64666
64666
64666
64665
64665
64665
64665
64664
64664
64664
64664
64663
64663
64663
64663
64662
64662
64662
64662
64661
64661
64661
64661
64661
64660
64660
64660
64660
64659
64659
64659
64659
64658
64658
64658
64658
64656
64656
64656
64655
64655
64655
64655
64655
64654
64654
64654
64654
64653
64653
64653
64653
64652
64652
64652
64652
64652
64651
64651
64651
64651
64650
64650
64650
64650
64649
64649
64648
64646
64645
64643
64642
64641
64640
64640
64640
64640
64639
64639
64639
64639
64638
64638
64638
64638
64637
64637
64636
64635
64635
64635
64634
64633
64633
64633
64633
64632
64632
64632
64632
64631
64631
64630
64629
64628
64628
64628
64627
64627
64627
64627
64626
64626
64626
64626
64625
64625
64625
64625
64624
64624
64624
64624
64623
64623
64622
64622
64620
64620
64620
64619
64619
64619
64619
64618
64618
64618
64618
64617
64617
64617
64617
64616
64616
64616
64616
64616
64615
64614
64613
64613
64613
64613
64612
64612
64612
64612
64612
64611
64611
64611
64611
64610
64610
64610
64610
64609
64609
64609
64609
64608
64607
64607
64606
64606
64606
64606
64606
64605
64605
64605
64605
64604
64604
64604
64604
64603
64603
64603
64603
64602
64602
64602
64602
64601
64600
64600
64599
64599
64599
64599
64598
64598
64598
64598
64597
64597
64597
64597
64596
64596
64596
64596
64595
64595
64595
64595
64595
64594
64592
64591
64591
64591
64591
64590
64590
64590
64590
64589
64589
64589
64589
64588
64588
64588
64588
64588
64587
64587
64587
64587
64586
64586
64586
64586
64585
64585
64585
64585
64585
64584
64584
64584
64584
64583
64583
64583
64583
64582
64581
64579
64578
64577
64575
64573
64573
64573
64573
64572
64572
64572
64572
64571
64570
64568
64568
64568
64568
64567
64567
64567
64567
64566
64566
64566
64566
64565
64565
64564
64563
64562
64562
64561
64561
64561
64561
64560
64560
64560
64560
64559
64559
64559
64559
64558
64558
64558
64558
64558
64557
64557
64556
64555
64554
64554
64553
64553
64553
64553
64552
64552
64552
64552
64551
64551
64551
64551
64550
64550
64550
64550
64550
64549
64549
64548
64547
64547
64547
64547
64546
64546
64546
64546
64546
64545
64545
64545
64545
64544
64544
64544
64544
64543
64543
64543
64543
64542
64541
64541
64540
64540
64540
64540
64539
64539
64539
64539
64538
64538
64538
64538
64538
64537
64537
64537
64537
64536
64536
64536
64536
64535
64535
64535
64535
64534
64534
64534
64534
64533
64533
64533
64533
64533
64532
64532
64532
64532
64531
64531
64531
64531
64530
64529
64529
64528
64528
64527
64527
64527
64527
64526
64526
64526
64526
64525
64525
64525
64525
64525
64524
64524
64524
64524
64523
64523
64523
64523
64522
64522
64522
64522
64521
64521
64521
64521
64521
64520
64520
64520
64520
64519
64519
64519
64519
64518
64518
64518
64518
64517
64517
64517
64514
64512
64511
64510
64508
64507
64505
64505
64504
64503
64503
64503
64503
64502
64502
64502
64502
64502
64501
64501
64501
64501
64500
64499
64499
64497
64497
64497
64496
64496
64496
64496
64496
64495
64495
64495
64495
64494
64494
64494
64494
64493
64493
64493
64493
64492
64491
64491
64489
64489
64489
64489
64488
64488
64488
64488
64488
64487
64487
64487
64487
64486
64486
64486
64486
64485
64485
64485
64485
64483
64483
64483
64482
64482
64482
64482
64482
64481
64481
64481
64481
64480
64480
64480
64480
64479
64479
64479
64479
64478
64478
64478
64476
64476
64476
64476
64476
64475
64475
64475
64475
64474
64474
64474
64473
64473
64473
64473
64472
64472
64472
64472
64472
64471
64471
64471
64470
64470
64470
64470
64469
64454
64453
64453
64453
64453
64452
64452
64452
64452
64451
64451
64451
64451
64448
64448
64447
64447
64447
64447
64447
64446
64446
64446
64446
64445
64445
64445
64445
64444
64444
64444
64444
64443
64443
64443
64442
64442
64442
64442
64441
64441
64441
64441
64441
64440
64440
64440
64440
64439
64439
64439
64439
64438
64438
64438
64438
64438
64437
64437
64437
64437
64436
64436
64436
64436
64435
64435
64435
64435
64434
64434
64433
64431
64429
64427
64426
64424
64424
64424
64423
64423
64423
64423
64422
64422
64422
64422
64421
64420
64420
64418
64418
64418
64418
64417
64417
64417
64417
64416
64416
64416
64416
64415
64415
64415
64415
64414
64414
64414
64414
64413
64412
64411
64410
64410
64409
64409
64409
64409
64408
64408
64408
64408
64407
64407
64407
64407
64406
64406
64406
64406
64406
64405
64405
64404
64402
64402
64402
64402
64401
64401
64401
64401
64400
64400
64400
64400
64399
64399
64399
64399
64399
64398
64398
64398
64398
64397
64396
64396
64395
64395
64395
64395
64394
64394
64394
64394
64393
64393
64393
64393
64393
64392
64392
64392
64392
64391
64391
64390
64389
64389
64389
64389
64388
64388
64388
64388
64387
64387
64387
64387
64387
64386
64386
64386
64386
64384
64384
64384
64383
64383
64383
64382
64382
64382
64382
64382
64381
64381
64381
64381
64380
64380
64380
64380
64379
64379
64379
64379
64378
64378
64378
64378
64377
64377
64377
64377
64377
64376
64376
64376
64376
64375
64375
64375
64375
64374
64374
64374
64374
64373
64373
64373
64373
64373
64372
64372
64372
64372
64371
64371
64371
64371
64370
64370
64370
64370
64369
64369
64369
64369
64368
64368
64367
64364
64363
64361
64360
64358
64358
64358
64357
64357
64357
64343
64343
64341
64341
64341
64340
64340
64340
64340
64339
64339
64339
64339
64338
64338
64338
64338
64337
64337
64337
64337
64336
64336
64335
64334
64333
64333
64333
64332
64332
64332
64332
64331
64331
64331
64331
64331
64330
64330
64330
64330
64329
64329
64329
64329
64328
64327
64327
64326
64326
64326
64326
64325
64325
64325
64325
64324
64324
64324
64324
64323
64323
64323
64323
64323
64322
64322
64322
64322
64320
64320
64319
64319
64319
64319
64318
64318
64318
64318
64317
64317
64317
64317
64316
64316
64316
64316
64315
64315
64315
64314
64313
64312
64312
64311
64311
64311
64311
64310
64310
64310
64310
64309
64309
64309
64306
64306
64306
64306
64305
64305
64305
64305
64304
64304
64304
64304
64302
64302
64302
64301
64301
64301
64301
64300
64300
64300
64300
64299
64299
64299
64299
64298
64298
64298
64298
64298
64297
64297
64297
64297
64296
64296
64296
64296
64295
64295
64295
64295
64294
64294
64294
64294
64293
64293
64293
64293
64292
64292
64292
64292
64292
64291
64291
64291
64291
64290
64290
64290
64290
64289
64289
64289
64289
64288
64288
64288
64288
64288
64287
64287
64285
64284
64283
64281
64280
64277
64277
64275
64275
64275
64275
64274
64274
64274
64274
64273
64273
64273
64273
64273
64272
64272
64272
64272
64271
64271
64271
64271
64269
64269
64268
64267
64267
64267
64267
64266
64266
64266
64266
64266
64265
64265
64265
64265
64264
64264
64264
64264
64263
64263
64263
64261
64261
64261
64261
64260
64260
64260
64260
64259
64259
64259
64259
64258
64258
64258
64258
64258
64257
64257
64257
64257
64256
64256
64255
64254
64254
64254
64254
64253
64253
64253
64253
64252
64252
64252
64252
64251
64251
64251
64251
64250
64250
64250
64249
64248
64248
64246
64246
64246
64245
64245
64245
64245
64244
64244
64244
64242
64242
64242
64242
64241
64241
64241
64241
64240
64240
64240
64240
64239
64239
64239
64239
64238
64238
64238
64238
64238
64237
64237
64237
64237
64236
64236
64236
64236
64235
64235
64235
64235
64234
64234
64234
64234
64234
64233
64233
64233
64233
64232
64232
64232
64232
64231
64231
64231
64231
64230
64230
64230
64230
64230
64229
64229
64229
64229
64228
64228
64228
64228
64227
64227
64227
64227
64226
64226
64226
64226
64226
64225
64225
64225
64225
64224
64224
64224
64224
64223
64223
64223
64223
64223
64220
64217
64216
64213
64211
64209
64209
64209
64209
64208
64208
64208
64208
64207
64207
64207
64207
64206
64206
64206
64206
64205
64204
64204
64202
64202
64202
64201
64201
64201
64201
64201
64200
64200
64200
64200
64199
64199
64199
64199
64198
64198
64198
64198
64197
64196
64196
64196
64195
64195
64195
64195
64194
64194
64194
64194
64193
64193
64193
64193
64192
64192
64192
64192
64192
64191
64191
64191
64189
64189
64189
64189
64188
64188
64188
64188
64187
64187
64187
64187
64187
64186
64186
64186
64186
64185
64185
64185
64185
64183
64183
64180
64180
64180
64179
64179
64179
64179
64177
64177
64177
64176
64176
64176
64176
64175
64175
64175
64175
64174
64174
64174
64174
64174
64173
64173
64173
64173
64172
64172
64172
64172
64171
64171
64171
64171
64171
64170
64170
64170
64170
64169
64169
64169
64169
64168
64168
64168
64168
64168
64167
64167
64167
64167
64166
64166
64166
64166
64165
64165
64165
64165
64164
64164
64164
64164
64163
64163
64163
64163
64163
64162
64162
64162
64162
64161
64161
64161
64161
64160
64160
64160
64160
64160
64159
64159
64159
64159
64158
64158
64158
64158
64157
64157
64157
64157
64156
64156
64156
64156
64155
64155
64154
64151
64150
64148
64147
64146
64145
64145
64145
64144
64144
64144
64144
64143
64143
64143
64141
64141
64140
64139
64139
64139
64138
64138
64138
64138
64138
64137
64137
64137
64137
64136
64136
64136
64136
64135
64135
64135
64135
64133
64133
64133
64132
64132
64132
64132
64132
64131
64131
64130
64130
64130
64130
64129
64129
64129
64129
64128
64128
64128
64128
64127
64126
64126
64124
64124
64124
64123
64123
64123
64123
64122
64122
64122
64122
64121
64121
64121
64121
64121
64120
64120
64120
64118
64118
64116
64116
64116
64116
64114
64114
64114
64114
64113
64113
64113
64113
64112
64112
64112
64110
64110
64110
64110
64109
64109
64109
64109
64108
64108
64108
64108
64107
64107
64107
64107
64107
64106
64106
64106
64106
64105
64105
64105
64105
64104
64104
64104
64104
64104
64103
64103
64103
64103
64102
64102
64102
64102
64101
64101
64101
64101
64100
64100
64100
64100
64100
64099
64099
64099
64099
64098
64098
64098
64098
64097
64097
64097
64097
64096
64096
64096
64096
64096
64095
64095
64095
64095
64094
64094
64094
64094
64093
64093
64093
64093
64092
64092
64092
64092
64092
64091
64091
64091
64091
64090
64090
64090
64090
64089
64089
64089
64087
64086
64085
64082
64080
64078
64078
64078
64078
64077
64076
64076
64074
64074
64074
64073
64073
64073
64073
64072
64072
64072
64072
64071
64071
64071
64070
64070
64070
64070
64069
64069
64069
64068
64067
64067
64067
64067
64066
64066
64066
64066
64065
64065
64065
64065
64065
64064
64064
64064
64064
64063
64063
64063
64063
64062
64061
64061
64060
64060
64060
64060
64059
64059
64059
64059
64058
64058
64058
64058
64057
64057
64057
64057
64056
64056
64056
64054
64054
64053
64051
64051
64050
64050
64050
64050
64050
64049
64049
64049
64049
64048
64048
64048
64045
64045
64043
64043
64043
64043
64042
64042
64042
64042
64041
64041
64041
64041
64040
64040
64040
64040
64039
64039
64039
64039
64038
64038
64038
64038
64038
64037
64037
64037
64037
64036
64036
64036
64034
64034
64034
64034
64033
64033
64033
64033
64032
64032
64032
64032
64032
64031
64031
64031
64031
64030
64030
64030
64030
64029
64029
64029
64029
64028
64028
64028
64028
64027
64027
64027
64027
64027
64026
64026
64026
64026
64025
64025
64025
64025
64024
64024
64024
64024
64023
64023
64023
64023
64022
64022
64022
64022
64022
64021
64021
64021
64021
64020
64020
64020
64020
64019
64018
64016
64015
64013
64011
64009
64008
64007
64007
64007
64007
64006
64006
64006
64006
64005
64005
64005
64005
64004
64004
64004
64004
64003
64003
64003
64003
64001
64001
64001
64000
64000
64000
64000
64000
63999
63999
63999
63998
63998
63998
63998
63997
63997
63997
63997
63996
63996
63996
63996
63994
63994
63994
63993
63993
63993
63993
63992
63992
63992
63992
63991
63991
63991
63991
63990
63990
63990
63990
63990
63989
63987
63986
63985
63985
63985
63984
63984
63984
63984
63983
63983
63983
63983
63982
63982
63982
63982
63980
63980
63978
63978
63978
63978
63977
63977
63977
63977
63976
63976
63976
63976
63975
63975
63975
63975
63974
63974
63974
63974
63973
63973
63973
63973
63973
63972
63972
63972
63972
63971
63971
63971
63971
63970
63970
63970
63970
63969
63969
63969
63969
63969
63968
63968
63968
63968
63967
63967
63967
63967
63966
63966
63966
63966
63966
63965
63965
63965
63965
63964
63964
63964
63964
63963
63963
63963
63963
63962
63962
63962
63962
63962
63961
63961
63961
63961
63960
63960
63960
63960
63959
63959
63959
63959
63958
63958
63958
63958
63958
63957
63957
63957
63957
63956
63956
63956
63956
63955
63955
63955
63955
63954
63951
63949
63948
63946
63945
63943
63943
63943
63943
63942
63942
63941
63941
63941
63941
63940
63940
63940
63940
63940
63939
63938
63937
63937
63937
63937
63936
63936
63936
63936
63935
63935
63935
63935
63935
63934
63934
63934
63934
63933
63933
63933
63933
63932
63931
63931
63930
63930
63930
63930
63929
63929
63929
63929
63928
63928
63928
63928
63928
63927
63927
63927
63925
63925
63924
63923
63923
63921
63921
63921
63920
63920
63920
63920
63920
63919
63919
63919
63919
63918
63918
63918
63915
63915
63914
63913
63913
63913
63913
63912
63912
63912
63912
63912
63911
63911
63911
63911
63910
63910
63910
63910
63909
63909
63909
63907
63907
63907
63907
63906
63906
63906
63906
63906
63905
63905
63905
63905
63904
63904
63904
63904
63903
63903
63903
63903
63902
63902
63902
63902
63902
63901
63901
63901
63901
63900
63900
63900
63900
63899
63899
63899
63899
63898
63898
63898
63898
63898
63897
63897
63897
63897
63896
63896
63896
63895
63895
63895
63894
63894
63894
63894
63893
63893
63893
63893
63892
63892
63892
63892
63892
63891
63891
63891
63891
63890
63890
63890
63890
63889
63889
63889
63889
63888
63888
63888
63888
63888
63887
63887
63885
63885
63884
63882
63881
63879
63878
63877
63877
63876
63876
63876
63876
63875
63875
63875
63875
63873
63873
63873
63872
63872
63872
63872
63871
63871
63871
63871
63870
63870
63870
63870
63869
63869
63869
63869
63869
63868
63868
63868
63866
63866
63866
63865
63865
63865
63865
63864
63864
63864
63864
63863
63863
63863
63863
63861
63861
63861
63860
63860
63860
63859
63858
63857
63857
63856
63855
63855
63854
63854
63854
63854
63853
63853
63853
63853
63852
63852
63851
63850
63849
63849
63848
63848
63848
63848
63847
63847
63847
63847
63847
63846
63846
63846
63846
63845
63845
63845
63845
63844
63844
63843
63843
63842
63842
63842
63842
63841
63841
63841
63841
63840
63840
63840
63840
63839
63839
63839
63839
63838
63838
63838
63838
63838
63837
63837
63837
63837
63836
63836
63836
63836
63835
63835
63835
63835
63834
63834
63834
63834
63834
63833
63833
63833
63833
63832
63832
63832
63832
63831
63831
63831
63831
63830
63830
63830
63830
63829
63825
63825
63825
63825
63824
63824
63824
63824
63823
63823
63823
63823
63822
63822
63822
63822
63821
63821
63821
63821
63821
63820
63820
63820
63820
63818
63818
63818
63817
63817
63817
63817
63816
63816
63816
63816
63814
63812
63811
63810
63808
63807
63807
63806
63806
63805
63804
63804
63804
63803
63803
63803
63803
63802
63802
63802
63802
63802
63801
63801
63801
63801
63800
63800
63800
63800
63799
63799
63798
63797
63797
63797
63797
63796
63796
63796
63796
63795
63795
63795
63794
63793
63793
63793
63793
63792
63792
63792
63792
63790
63790
63789
63788
63788
63788
63788
63787
63787
63787
63787
63786
63786
63786
63786
63785
63785
63783
63782
63781
63781
63780
63780
63780
63780
63779
63779
63779
63779
63779
63778
63778
63778
63778
63777
63777
63777
63777
63776
63776
63775
63774
63774
63774
63774
63774
63773
63773
63773
63773
63772
63772
63772
63772
63771
63771
63771
63771
63770
63770
63770
63769
63769
63769
63769
63768
63768
63768
63768
63767
63767
63767
63767
63766
63766
63765
63764
63764
63764
63764
63763
63763
63763
63763
63763
63762
63762
63762
63762
63761
63761
63761
63761
63760
63760
63760
63760
63759
63759
63759
63759
63759
63758
63758
63758
63758
63757
63757
63756
63756
63756
63755
63755
63755
63755
63754
63754
63754
63754
63752
63752
63752
63751
63751
63751
63751
63750
63750
63750
63750
63750
63749
63749
63749
63749
63748
63748
63748
63748
63745
63744
63742
63740
63738
63737
63736
63736
63736
63736
63735
63735
63735
63735
63735
63734
63734
63734
63734
63733
63733
63733
63733
63732
63732
63732
63731
63730
63730
63730
63730
63729
63729
63729
63729
63727
63727
63727
63726
63726
63726
63726
63726
63725
63725
63725
63725
63723
63723
63721
63721
63721
63721
63720
63720
63720
63720
63720
63719
63719
63719
63718
63718
63718
63717
63716
63715
63715
63714
63714
63714
63714
63713
63713
63713
63713
63712
63712
63712
63712
63712
63711
63711
63711
63711
63710
63710
63708
63708
63708
63708
63707
63707
63707
63707
63706
63706
63706
63706
63705
63705
63705
63705
63704
63704
63704
63704
63703
63703
63703
63703
63703
63702
63702
63702
63702
63701
63701
63701
63701
63700
63700
63700
63700
63699
63699
63699
63699
63698
63698
63698
63698
63697
63697
63697
63697
63697
63696
63696
63696
63696
63695
63695
63695
63695
63694
63694
63694
63694
63693
63693
63693
63693
63693
63692
63692
63692
63692
63691
63691
63691
63691
63690
63689
63688
63688
63688
63688
63687
63687
63687
63687
63686
63686
63686
63686
63685
63685
63685
63685
63685
63684
63684
63684
63684
63683
63683
63683
63683
63682
63682
63682
63679
63678
63677
63675
63674
63672
63672
63672
63672
63671
63671
63671
63670
63670
63670
63670
63670
63669
63669
63669
63667
63667
63667
63667
63666
63666
63665
63664
63664
63664
63664
63663
63663
63663
63663
63663
63662
63662
63662
63662
63661
63660
63660
63658
63658
63658
63658
63657
63657
63657
63657
63656
63656
63656
63656
63655
63655
63655
63653
63652
63651
63650
63650
63650
63650
63649
63649
63649
63649
63648
63648
63648
63648
63647
63647
63647
63647
63646
63646
63646
63646
63644
63644
63644
63644
63643
63643
63643
63643
63642
63642
63642
63642
63641
63641
63641
63641
63640
63640
63640
63640
63640
63639
63639
63638
63637
63637
63637
63637
63636
63636
63636
63636
63635
63635
63635
63635
63634
63634
63634
63634
63633
63633
63633
63633
63633
63632
63632
63632
63632
63631
63631
63631
63631
63630
63630
63630
63630
63629
63629
63629
63629
63629
63628
63628
63628
63628
63627
63627
63627
63627
63626
63626
63626
63624
63624
63624
63624
63623
63623
63623
63623
63622
63622
63622
63622
63621
63621
63621
63621
63621
63620
63620
63620
63620
63619
63619
63619
63619
63618
63618
63618
63618
63617
63617
63617
63617
63617
63616
63616
63616
63616
63614
63613
63611
63609
63608
63607
63606
63606
63606
63606
63605
63605
63605
63605
63603
63603
63603
63601
63601
63600
63600
63600
63599
63599
63599
63599
63598
63598
63598
63598
63597
63597
63597
63597
63597
63595
63595
63593
63593
63593
63593
63592
63592
63592
63592
63592
63591
63591
63591
63591
63590
63590
63589
63588
63587
63587
63587
63586
63586
63586
63586
63585
63585
63585
63584
63583
63583
63583
63583
63582
63582
63582
63582
63581
63581
63580
63579
63579
63579
63579
63578
63578
63578
63578
63577
63577
63577
63577
63576
63576
63576
63576
63576
63575
63575
63575
63575
63574
63573
63573
63572
63572
63572
63572
63571
63571
63571
63570
63570
63570
63570
63569
63569
63569
63569
63568
63568
63568
63568
63567
63567
63567
63567
63567
63566
63566
63566
63566
63565
63565
63565
63565
63564
63564
63564
63564
63563
63563
63563
63563
63563
63562
63562
63562
63562
63560
63560
63559
63559
63559
63559
63559
63558
63558
63558
63558
63557
63557
63557
63557
63556
63556
63556
63556
63555
63555
63555
63555
63555
63554
63554
63554
63554
63553
63553
63553
63553
63552
63552
63552
63552
63552
63551
63551
63551
63551
63550
63550
63550
63550
63549
63549
63547
63546
63544
63543
63541
63540
63540
63540
63537
63537
63537
63536
63536
63536
63536
63536
63535
63535
63535
63535
63534
63534
63534
63534
63533
63533
63533
63533
63532
63531
63531
63529
63529
63529
63529
63528
63528
63528
63528
63527
63527
63527
63527
63527
63526
63526
63524
63523
63522
63522
63521
63521
63521
63521
63520
63520
63520
63520
63519
63519
63519
63519
63518
63518
63518
63518
63517
63517
63517
63516
63515
63515
63515
63515
63514
63514
63514
63514
63513
63513
63513
63513
63512
63512
63512
63512
63511
63511
63511
63511
63510
63510
63509
63509
63494
63494
63494
63494
63493
63493
63493
63493
63492
63492
63492
63492
63491
63491
63491
63491
63491
63490
63490
63490
63489
63489
63489
63488
63488
63488
63488
63488
63487
63487
63487
63487
63486
63486
63484
63484
63484
63484
63483
63483
63483
63483
63481
63481
63481
63480
63480
63480
63480
63479
63479
63479
63479
63478
63478
63478
63478
63478
63477
63477
63477
63477
63476
63476
63476
63476
63475
63475
63475
63475
63474
63474
63474
63474
63474
63473
63473
63473
63472
63472
63472
63472
63471
63471
63471
63471
63471
63470
63470
63470
63470
63469
63469
63469
63469
63468
63468
63468
63466
63465
63462
63460
63458
63456
63456
63456
63455
63455
63455
63455
63454
63454
63454
63454
63453
63453
63453
63453
63453
63452
63452
63451
63450
63449
63448
63448
63448
63448
63447
63447
63447
63446
63446
63446
63446
63445
63445
63445
63444
63443
63442
63442
63441
63441
63441
63441
63440
63440
63440
63440
63440
63439
63439
63439
63439
63438
63438
63438
63438
63437
63437
63435
63435
63435
63434
63434
63434
63434
63433
63433
63433
63433
63432
63432
63432
63432
63431
63431
63431
63431
63431
63430
63430
63430
63428
63428
63428
63427
63427
63427
63426
63426
63426
63426
63425
63425
63425
63425
63424
63424
63424
63424
63423
63423
63423
63422
63421
63421
63421
63421
63420
63420
63420
63420
63419
63419
63419
63418
63418
63418
63418
63417
63417
63417
63417
63415
63415
63415
63414
63414
63414
63414
63413
63413
63413
63413
63412
63412
63412
63412
63411
63411
63411
63411
63410
63410
63410
63409
63409
63409
63409
63408
63408
63408
63408
63407
63407
63407
63407
63406
63406
63406
63406
63405
63405
63405
63405
63405
63404
63404
63404
63404
63403
63403
63402
63402
63402
63402
63402
63401
63401
63401
63401
63400
63400
63400
63400
63399
63399
63399
63396
63394
63393
63391
63390
63388
63388
63388
63387
63387
63387
63386
63386
63386
63386
63385
63385
63383
63383
63382
63382
63381
63381
63381
63381
63380
63380
63380
63380
63379
63379
63379
63379
63378
63377
63377
63374
63374
63374
63374
63373
63373
63372
63372
63372
63372
63371
63371
63371
63371
63370
63370
63370
63370
63369
63369
63369
63368
63367
63367
63367
63367
63366
63366
63366
63366
63365
63365
63364
63364
63364
63364
63363
63363
63363
63363
63362
63362
63362
63362
63360
63360
63360
63359
63359
63359
63359
63358
63358
63358
63358
63358
63357
63357
63357
63357
63356
63356
63343
63343
63343
63341
63341
63339
63339
63339
63338
63338
63338
63337
63337
63337
63337
63337
63336
63336
63336
63336
63334
63334
63334
63333
63333
63333
63333
63332
63332
63332
63332
63331
63331
63331
63331
63330
63330
63330
63330
63329
63329
63329
63329
63328
63328
63328
63328
63328
63327
63327
63327
63327
63326
63326
63326
63326
63325
63325
63325
63325
63324
63324
63324
63324
63324
63323
63323
63323
63323
63322
63322
63322
63322
63321
63321
63321
63321
63320
63320
63320
63320
63319
63319
63319
63319
63319
63318
63318
63318
63318
63317
63317
63317
63317
63315
63314
63312
63311
63309
63307
63307
63306
63306
63306
63306
63304
63304
63303
63303
63302
63302
63302
63301
63301
63300
63300
63300
63300
63299
63299
63299
63299
63297
63297
63296
63295
63295
63295
63295
63294
63294
63294
63294
63293
63293
63293
63293
63293
63292
63292
63292
63292
63291
63291
63291
63289
63289
63289
63289
63288
63288
63288
63288
63288
63287
63287
63287
63287
63285
63285
63284
63284
63284
63284
63283
63283
63283
63283
63281
63281
63281
63280
63280
63280
63280
63279
63279
63279
63279
63279
63278
63278
63278
63278
63277
63277
63277
63277
63276
63275
63275
63273
63273
63273
63272
63272
63272
63272
63272
63271
63271
63271
63271
63269
63269
63269
63268
63268
63268
63268
63267
63267
63267
63267
63266
63266
63266
63266
63265
63265
63265
63265
63265
63264
63264
63264
63264
63263
63263
63263
63263
63262
63262
63262
63262
63261
63261
63261
63261
63260
63260
63260
63260
63260
63259
63259
63259
63259
63258
63258
63258
63258
63257
63257
63257
63257
63256
63256
63256
63256
63255
63255
63255
63255
63254
63254
63254
63254
63254
63253
63253
63253
63253
63252
63252
63252
63252
63251
63251
63251
63251
63250
63250
63250
63250
63249
63248
63246
63245
63244
63242
63239
63239
63238
63237
63237
63237
63236
63236
63236
63236
63236
63235
63235
63235
63235
63234
63234
63233
63232
63230
63229
63229
63229
63229
63228
63228
63228
63228
63227
63227
63227
63227
63226
63226
63226
63226
63226
63225
63225
63225
63223
63223
63223
63223
63222
63222
63222
63222
63221
63221
63221
63221
63221
63220
63220
63220
63220
63219
63219
63219
63219
63218
63218
63217
63216
63216
63216
63216
63215
63215
63215
63215
63215
63214
63214
63214
63214
63213
63213
63213
63213
63212
63212
63212
63210
63210
63209
63209
63208
63208
63208
63208
63207
63207
63207
63205
63205
63205
63205
63204
63204
63204
63204
63204
63203
63203
63203
63203
63202
63202
63202
63202
63201
63201
63201
63201
63200
63200
63200
63200
63199
63199
63199
63198
63197
63197
63197
63197
63196
63196
63196
63196
63195
63195
63195
63195
63195
63194
63194
63194
63194
63193
63193
63193
63193
63192
63192
63192
63192
63191
63191
63191
63191
63190
63190
63190
63190
63190
63189
63189
63189
63189
63188
63188
63188
63188
63187
63187
63187
63187
63186
63186
63186
63186
63186
63185
63185
63185
63185
63184
63184
63184
63184
63183
63183
63183
63183
63181
63179
63177
63176
63174
63172
63172
63172
63172
63171
63171
63171
63171
63171
63170
63170
63169
63168
63167
63167
63167
63166
63166
63166
63166
63165
63165
63165
63165
63165
63164
63164
63164
63164
63163
63163
63163
63163
63162
63161
63161
63160
63160
63160
63160
63160
63159
63159
63159
63158
63158
63158
63158
63158
63157
63157
63157
63157
63156
63156
63156
63156
63154
63154
63154
63153
63153
63153
63153
63152
63152
63152
63152
63151
63151
63151
63151
63150
63150
63150
63150
63149
63149
63148
63147
63146
63146
63145
63145
63145
63144
63143
63143
63142
63142
63142
63142
63141
63141
63141
63141
63140
63140
63140
63140
63140
63138
63138
63138
63137
63137
63137
63137
63136
63136
63136
63136
63136
63135
63135
63135
63135
63134
63134
63134
63134
63133
63133
63133
63133
63132
63132
63132
63132
63132
63131
63131
63131
63131
63130
63130
63130
63130
63129
63129
63129
63129
63128
63128
63128
63128
63127
63127
63127
63127
63127
63126
63126
63126
63126
63125
63125
63125
63125
63124
63124
63124
63124
63123
63123
63123
63123
63122
63122
63122
63122
63122
63121
63121
63121
63121
63120
63120
63120
63120
63119
63119
63119
63119
63118
63118
63118
63115
63113
63112
63110
63109
63107
63107
63107
63107
63106
63105
63104
63103
63103
63103
63102
63102
63102
63102
63101
63101
63101
63101
63100
63100
63100
63100
63100
63099
63099
63099
63099
63098
63096
63096
63095
63095
63095
63095
63094
63094
63094
63094
63093
63093
63093
63092
63092
63092
63092
63092
63091
63091
63091
63091
63090
63089
63089
63088
63088
63088
63088
63087
63087
63087
63087
63086
63086
63086
63086
63085
63085
63085
63085
63084
63084
63084
63083
63082
63081
63081
63080
63078
63078
63078
63077
63077
63075
63074
63073
63073
63073
63072
63072
63072
63071
63071
63071
63070
63070
63068
63068
63066
63066
63065
63065
63064
63064
63064
63063
63063
63063
63062
63062
63062
63061
63061
63061
63060
63060
63060
63059
63059
63059
63058
63058
62989
62989
62988
62988
62987
62987
62987
62987
62986
62986
62986
62986
62986
62985
62985
62985
62985
62984
62984
62984
62984
62983
62983
62983
62983
62982
62982
62982
62982
62981
62981
62981
62981
62981
62980
62980
62980
62980
62979
62979
62979
62979
62978
62978
62978
62978
62977
62977
62977
62977
62977
62976
62976
62976
62976
62975
62975
62975
62974
62974
62974
62974
62974
62973
62973
62973
62971
62969
62968
62966
62964
62962
62961
62961
62960
62960
62960
62960
62959
62959
62959
62959
62958
62958
62958
62958
62958
62957
62957
62957
62957
62956
62956
62955
62954
62954
62954
62954
62953
62953
62953
62953
62952
62952
62952
62952
62951
62951
62951
62951
62950
62950
62950
62950
62949
62949
62948
62947
62947
62947
62947
62946
62946
62946
62946
62945
62945
62945
62945
62944
62943
62943
62942
62942
62942
62942
62942
62940
62940
62937
62937
62937
62936
62936
62936
62935
62935
62935
62935
62934
62934
62934
62934
62933
62933
62933
62933
62932
62932
62932
62930
62930
62929
62928
62928
62928
62928
62927
62927
62927
62927
62926
62926
62926
62926
62926
62925
62925
62925
62925
62924
62924
62924
62924
62923
62923
62923
62923
62922
62922
62922
62922
62922
62921
62921
62921
62921
62920
62920
62920
62920
62919
62919
62919
62919
62919
62918
62918
62918
62918
62917
62917
62917
62917
62916
62916
62916
62916
62915
62915
62915
62915
62915
62914
62914
62914
62914
62913
62913
62913
62913
62912
62912
62912
62912
62911
62911
62911
62911
62911
62910
62910
62910
62910
62909
62909
62909
62909
62908
62908
62908
62908
62907
62907
62907
62907
62906
62906
62903
62902
62899
62896
62895
62893
62893
62893
62893
62892
62892
62892
62892
62891
62891
62891
62891
62890
62890
62890
62890
62887
62887
62886
62886
62886
62886
62885
62885
62885
62885
62884
62884
62884
62884
62884
62883
62883
62883
62883
62882
62882
62882
62882
62880
62880
62880
62879
62879
62879
62879
62878
62878
62878
62878
62877
62877
62877
62877
62876
62876
62876
62876
62876
62874
62873
62872
62871
62871
62870
62870
62870
62870
62869
62869
62869
62869
62869
62868
62868
62868
62868
62867
62867
62867
62866
62866
62866
62864
62864
62863
62862
62862
62862
62862
62862
62861
62861
62861
62861
62860
62860
62860
62860
62859
62859
62859
62859
62858
62858
62858
62858
62858
62857
62857
62857
62857
62856
62856
62856
62856
62855
62855
62855
62855
62855
62854
62854
62853
62852
62852
62852
62852
62851
62851
62851
62851
62850
62850
62850
62850
62850
62849
62849
62849
62849
62848
62848
62848
62848
62847
62847
62847
62847
62847
62846
62846
62846
62846
62845
62845
62845
62845
62844
62844
62844
62844
62843
62843
62843
62843
62842
62842
62842
62842
62841
62841
62841
62841
62841
62840
62840
62840
62840
62839
62839
62839
62839
62839
62838
62838
62838
62835
62834
62832
62831
62829
62827
62827
62827
62826
62826
62826
62826
62825
62825
62825
62823
62823
62823
62823
62822
62822
62822
62822
62822
62821
62821
62821
62821
62820
62820
62820
62820
62819
62819
62819
62819
62818
62818
62817
62816
62816
62816
62816
62816
62815
62815
62815
62815
62814
62814
62814
62814
62813
62813
62813
62811
62811
62811
62811
62809
62809
62807
62807
62807
62807
62806
62806
62806
62806
62806
62805
62805
62805
62805
62804
62804
62804
62804
62803
62803
62803
62803
62801
62801
62800
62799
62799
62799
62799
62798
62798
62798
62798
62798
62797
62797
62797
62797
62796
62795
62795
62794
62794
62794
62794
62793
62793
62793
62793
62792
62792
62792
62792
62792
62791
62791
62791
62791
62790
62790
62790
62790
62789
62789
62789
62789
62788
62788
62788
62788
62787
62787
62787
62787
62787
62786
62786
62786
62786
62785
62785
62785
62785
62784
62784
62784
62784
62783
62783
62783
62783
62783
62782
62782
62782
62782
62781
62781
62781
62781
62780
62780
62780
62780
62779
62779
62779
62779
62778
62778
62778
62778
62778
62777
62777
62777
62777
62776
62776
62776
62776
62775
62775
62773
62773
62773
62773
62772
62772
62772
62772
62771
62769
62767
62766
62764
62763
62761
62761
62761
62760
62758
62758
62757
62757
62757
62756
62756
62756
62756
62755
62755
62755
62755
62754
62754
62754
62754
62754
62753
62753
62753
62753
62752
62751
62751
62750
62750
62750
62750
62749
62749
62749
62749
62748
62748
62748
62748
62746
62746
62746
62745
62745
62745
62745
62743
62743
62742
62741
62741
62741
62741
62741
62740
62740
62740
62740
62739
62739
62739
62739
62738
62738
62738
62738
62737
62737
62737
62736
62735
62734
62734
62733
62733
62733
62733
62732
62732
62732
62732
62731
62731
62731
62731
62730
62729
62729
62728
62728
62728
62727
62727
62727
62727
62727
62726
62726
62726
62726
62725
62725
62725
62725
62724
62724
62724
62724
62723
62723
62723
62723
62723
62722
62722
62722
62722
62721
62721
62721
62720
62720
62720
62720
62720
62719
62719
62719
62719
62718
62718
62718
62718
62717
62717
62717
62717
62717
62716
62716
62716
62716
62715
62715
62715
62715
62714
62714
62714
62713
62713
62713
62713
62712
62712
62712
62712
62712
62711
62711
62711
62711
62710
62710
62710
62710
62709
62707
62707
62703
62703
62702
62702
62702
62701
62701
62701
62700
62700
62700
62699
62699
62699
62698
62698
62696
62694
62560
62557
62555
62554
62553
62553
62553
62553
62552
62552
62552
62552
62551
62551
62551
62551
62550
62550
62550
62549
62549
62549
62549
62548
62547
62547
62546
62546
62546
62546
62545
62545
62545
62545
62545
62543
62543
62543
62542
62542
62542
62542
62541
62541
62541
62539
62539
62538
62537
62537
62537
62537
62537
62536
62536
62536
62536
62535
62535
62535
62535
62534
62533
62533
62532
62532
62532
62532
62530
62530
62528
62528
62528
62527
62527
62527
62527
62526
62526
62526
62526
62525
62525
62525
62525
62523
62523
62523
62523
62522
62522
62522
62522
62521
62521
62521
62521
62520
62520
62520
62520
62519
62519
62519
62519
62518
62518
62518
62518
62518
62517
62517
62517
62517
62516
62516
62516
62516
62515
62515
62515
62515
62514
62514
62514
62514
62514
62513
62513
62513
62513
62512
62512
62512
62512
62511
62511
62511
62511
62511
62510
62510
62510
62510
62509
62509
62509
62509
62508
62508
62508
62508
62507
62507
62507
62507
62507
62506
62506
62506
62506
62505
62505
62504
62503
62503
62503
62503
62503
62502
62502
62502
62502
62501
62501
62501
62501
62500
62500
62500
62500
62499
62499
62499
62499
62498
62498
62498
62498
62498
62496
62494
62493
62492
62490
62487
62487
62486
62486
62486
62485
62485
62484
62484
62484
62483
62481
62480
62480
62479
62475
62474
62474
62474
62473
62473
62472
62472
62407
62407
62407
62406
62406
62406
62406
62405
62405
62405
62405
62404
62404
62403
62402
62401
62401
62401
62400
62400
62400
62400
62399
62399
62399
62399
62398
62398
62398
62398
62397
62397
62397
62397
62396
62396
62394
62394
62393
62393
62392
62392
62392
62392
62391
62391
62391
62391
62390
62390
62390
62390
62389
62388
62388
62387
62387
62387
62387
62387
62386
62386
62386
62386
62385
62385
62385
62385
62384
62384
62384
62384
62383
62383
62383
62383
62381
62381
62380
62380
62380
62380
62379
62379
62379
62378
62378
62378
62378
62377
62377
62377
62377
62376
62376
62376
62376
62376
62375
62375
62374
62373
62373
62373
62373
62372
62372
62372
62372
62371
62371
62371
62371
62370
62370
62370
62370
62370
62369
62369
62369
62369
62368
62368
62368
62368
62367
62367
62366
62365
62365
62365
62365
62364
62364
62364
62364
62363
62363
62363
62363
62363
62362
62362
62362
62362
62361
62361
62361
62361
62360
62360
62360
62360
62359
62359
62359
62359
62359
62358
62358
62358
62358
62357
62336
62333
62331
62329
62327
62326
62325
62325
62325
62324
62324
62324
62324
62323
62322
62321
62321
62321
62320
62319
62319
62318
62318
62318
62318
62317
62317
62317
62316
62316
62316
62316
62315
62315
62315
62313
62313
62311
62311
62311
62310
62310
62310
62309
62309
62309
62309
62308
62308
62308
62307
62307
62307
62307
62306
62306
62306
62305
62304
62303
62302
62301
62301
62301
62300
62300
62299
62299
62299
62298
62298
62298
62298
62297
62297
62296
62296
62295
62295
62295
62295
62294
62294
62294
62294
62293
62293
62293
62293
62292
62292
62292
62292
62291
62291
62291
62291
62290
62289
62288
62288
62288
62287
62287
62287
62287
62287
62286
62286
62286
62286
62285
62285
62285
62285
62284
62284
62284
62284
62283
62283
62283
62283
62283
62282
62282
62282
62282
62281
62281
62281
62281
62280
62280
62280
62280
62279
62279
62279
62279
62278
62278
62278
62278
62278
62277
62277
62276
62275
62275
62275
62275
62274
62274
62274
62274
62273
62273
62273
62273
62272
62272
62272
62272
62271
62271
62271
62271
62270
62270
62270
62270
62269
62269
62269
62269
62268
62268
62268
62268
62267
62267
62267
62267
62267
62266
62266
62266
62266
62265
62265
62265
62262
62260
62258
62257
62256
62253
62253
62252
62251
62251
62249
62249
62248
62248
62248
62247
62247
62247
62247
62247
62246
62246
62246
62246
62245
62245
62245
62245
62244
62243
62243
62241
62241
62241
62240
62240
62240
62240
62240
62239
62239
62239
62238
62238
62238
62238
62237
62237
62237
62237
62237
62236
62235
62234
62233
62233
62233
62232
62232
62232
62232
62231
62231
62231
62231
62230
62230
62230
62230
62228
62228
62228
62228
62227
62227
62227
62227
62226
62226
62226
62226
62226
62225
62225
62225
62225
62224
62224
62224
62224
62223
62223
62222
62222
62221
62221
62221
62221
62220
62220
62220
62220
62219
62219
62219
62219
62218
62218
62218
62218
62217
62217
62217
62217
62217
62216
62216
62216
62216
62215
62215
62215
62215
62214
62214
62214
62214
62213
62213
62213
62213
62213
62212
62212
62212
62212
62211
62211
62210
62209
62209
62209
62209
62208
62208
62208
62208
62208
62207
62207
62207
62207
62206
62206
62206
62206
62205
62205
62205
62205
62204
62204
62204
62204
62203
62203
62203
62203
62202
62202
62202
62202
62202
62201
62201
62201
62201
62200
62200
62200
62200
62199
62199
62199
62199
62198
62198
62198
62198
62198
62197
62197
62194
62193
62190
62189
62188
62186
62186
62186
62185
62185
62185
62185
62185
62184
62184
62184
62183
62183
62183
62182
62182
62182
62182
62180
62180
62179
62178
62178
62178
62178
62178
62177
62177
62177
62177
62176
62176
62176
62176
62175
62175
62175
62175
62174
62174
62174
62173
62172
62171
62170
62170
62170
62170
62169
62169
62169
62169
62168
62168
62168
62168
62168
62167
62166
62164
62164
62164
62164
62163
62163
62163
62163
62163
62162
62162
62161
62161
62161
62161
62160
62160
62160
62160
62159
62159
62159
62157
62157
62157
62157
62156
62156
62156
62156
62155
62155
62155
62155
62155
62154
62154
62154
62154
62153
62153
62153
62153
62151
62151
62151
62151
62150
62150
62150
62150
62149
62149
62149
62149
62148
62148
62148
62148
62147
62147
62147
62147
62147
62146
62145
62144
62144
62144
62143
62143
62143
62142
62142
62142
62142
62142
62141
62141
62141
62141
62140
62140
62140
62140
62140
62139
62139
62139
62139
62138
62138
62138
62138
62137
62137
62137
62137
62136
62136
62136
62136
62136
62135
62135
62135
62135
62134
62134
62134
62134
62133
62133
62133
62133
62132
62132
62132
62132
62132
62131
62131
62131
62131
62130
62130
62130
62130
62128
62127
62125
62124
62123
62120
62120
62120
62119
62119
62119
62119
62118
62118
62118
62118
62117
62116
62116
62114
62114
62114
62114
62113
62113
62113
62113
62112
62112
62112
62112
62111
62111
62111
62111
62110
62110
62110
62110
62110
62108
62108
62106
62106
62106
62106
62105
62105
62105
62105
62104
62104
62104
62104
62103
62103
62103
62102
62101
62101
62101
62101
62100
62100
62100
62100
62099
62099
62099
62099
62098
62098
62098
62098
62098
62097
62097
62097
62097
62096
62095
62095
62094
62094
62094
62093
62093
62093
62093
62093
62092
62092
62092
62092
62091
62091
62091
62091
62090
62090
62090
62088
62088
62087
62086
62086
62086
62086
62085
62085
62085
62085
62084
62084
62084
62084
62083
62083
62083
62083
62081
62081
62081
62080
62080
62080
62080
62079
62078
62078
62077
62077
62077
62077
62077
62076
62076
62076
62076
62075
62075
62075
62074
62074
62074
62074
62074
62073
62073
62073
62073
62072
62072
62072
62072
62071
62071
62071
62071
62071
62070
62070
62070
62070
62069
62069
62069
62069
62068
62068
62068
62068
62068
62067
62067
62067
62067
62066
62066
62066
62066
62065
62065
62065
62065
62064
62064
62064
62064
62064
62063
62063
62061
62059
62058
62056
62054
62053
62052
62052
62052
62052
62051
62050
62050
62049
62048
62048
62048
62048
62047
62047
62047
62047
62046
62046
62046
62046
62045
62045
62045
62045
62044
62044
62044
62044
62042
62042
62041
62040
62040
62040
62040
62039
62039
62039
62039
62038
62038
62038
62038
62037
62037
62036
62036
62035
62035
62035
62035
62034
62034
62034
62034
62033
62033
62033
62033
62032
62032
62032
62032
62032
62031
62031
62031
62031
62029
62029
62029
62028
62028
62028
62028
62027
62027
62027
62027
62026
62026
62026
62026
62026
62025
62025
62025
62025
62024
62023
62023
62021
62021
62021
62021
62020
62020
62020
62020
62019
62019
62019
62019
62018
62018
62017
62016
62016
62016
62016
62015
62015
62015
62014
62014
62014
62014
62013
62013
62013
62013
62013
62012
62012
62012
62012
62011
62011
62011
62011
62010
62010
62010
62010
62009
62009
62009
62009
62009
62008
62008
62008
62008
62007
62007
62007
62007
62006
62006
62006
62006
62005
62005
62005
62005
62004
62004
62004
62004
62004
62003
62003
62003
62003
61989
61989
61989
61989
61988
61988
61988
61988
61987
61987
61987
61987
61986
61986
61986
61986
61985
61985
61985
61985
61984
61984
61981
61980
61978
61977
61974
61972
61972
61970
61970
61970
61969
61969
61969
61969
61968
61968
61968
61968
61967
61967
61967
61967
61966
61966
61966
61966
61965
61965
61964
61964
61962
61962
