210575
165076
160914
117076
113512
69083
69081
69080
69079
69078
69078
69078
69077
69077
69077
69056
69056
69055
69055
69053
69053
69053
69052
69052
69052
69051
69051
69051
69050
69050
69049
69049
69049
69048
69047
69047
69045
69044
69044
69044
69043
69043
69043
69043
69042
69042
69042
69042
69041
69040
69040
69039
69039
69038
69037
69037
69036
69036
69036
69035
69035
69035
69035
69034
69034
69034
69034
69033
69031
69028
69027
69027
69027
69026
69026
69026
69025
69025
69024
69024
69024
69023
69023
69023
69023
69022
69022
69021
69021
69020
69020
69019
69019
69019
69018
69018
69018
69017
69017
68956
68956
68955
68955
68955
68955
68954
68954
68954
68954
68953
68953
68953
68953
68952
68952
68952
68951
68951
68951
68950
68950
68950
68950
68949
68949
68949
68948
68948
68948
68948
68947
68947
68947
68947
68946
68946
68946
68946
68945
68944
68944
68944
68944
68943
68943
68943
68943
68941
68941
68940
68940
68940
68939
68939
68939
68939
68939
68938
68938
68938
68937
68937
68937
68937
68936
68936
68936
68935
68935
68935
68934
68934
68934
68933
68933
68933
68933
68932
68932
68932
68932
68931
68931
68931
68931
68930
68930
68930
68930
68929
68929
68929
68927
68925
68923
68922
68920
68918
68918
68918
68916
68916
68916
68916
68915
68914
68914
68913
68913
68913
68912
68912
68912
68912
68911
68911
68911
68911
68910
68910
68910
68908
68908
68907
68906
68906
68906
68906
68905
68905
68905
68905
68904
68904
68904
68904
68903
68903
68903
68903
68902
68902
68902
68902
68900
68900
68898
68898
68898
68898
68897
68897
68897
68897
68896
68896
68893
68893
68893
68893
68892
68892
68892
68892
68891
68891
68891
68889
68889
68889
68888
68888
68888
68888
68887
68887
68887
68887
68886
68886
68886
68886
68885
68850
68848
68848
68847
68847
68847
68846
68846
68846
68846
68845
68845
68845
68845
68844
68844
68844
68844
68843
68843
68843
68843
68842
68842
68842
68842
68841
68841
68841
68841
68840
68840
68840
68840
68839
68839
68839
68839
68838
68838
68838
68838
68837
68837
68837
68837
68836
68836
68836
68836
68834
68834
68833
68833
68833
68833
68832
68832
68832
68832
68831
68831
68831
68831
68830
68830
68830
68830
68829
68829
68829
68828
68828
68828
68828
68827
68827
68827
68827
68826
68826
68826
68826
68825
68825
68825
68825
68824
68824
68824
68824
68823
68823
68823
68823
68822
68822
68822
68822
68821
68821
68820
68818
68815
68812
68810
68797
68797
68797
68797
68796
68796
68796
68795
68795
68795
68795
68794
68794
68794
68794
68793
68793
68793
68791
68791
68789
68789
68789
68789
68788
68788
68788
68787
68787
68787
68786
68786
68786
68786
68785
68785
68785
68785
68785
68784
68784
68782
68782
68780
68780
68780
68780
68779
68779
68779
68779
68778
68778
68778
68778
68777
68777
68777
68777
68776
68776
68776
68776
68775
68774
68774
68773
68773
68773
68773
68772
68772
68772
68772
68771
68771
68771
68771
68770
68770
68770
68770
68769
68769
68769
68769
68768
68767
68766
68766
68766
68766
68765
68765
68765
68765
68764
68764
68764
68764
68763
68763
68762
68761
68761
68761
68761
68760
68760
68760
68760
68760
68759
68759
68759
68758
68758
68758
68758
68758
68757
68757
68757
68755
68755
68754
68754
68752
68752
68752
68752
68751
68751
68751
68751
68750
68750
68750
68750
68749
68749
68749
68749
68748
68748
68748
68748
68748
68747
68747
68747
68747
68746
68746
68746
68746
68745
68745
68745
68745
68744
68744
68743
68743
68742
68742
68742
68742
68742
68741
68741
68741
68741
68740
68740
68740
68740
68739
68739
68739
68739
68738
68738
68738
68738
68737
68737
68735
68732
68731
68729
68728
68726
68726
68725
68725
68725
68725
68724
68724
68724
68724
68723
68723
68722
68721
68720
68720
68719
68719
68719
68719
68718
68718
68718
68718
68717
68717
68717
68717
68716
68716
68716
68716
68715
68715
68715
68713
68713
68711
68711
68711
68710
68710
68710
68710
68709
68709
68709
68709
68708
68708
68708
68708
68708
68707
68707
68707
68706
68706
68705
68704
68704
68704
68704
68703
68703
68703
68703
68702
68702
68702
68702
68701
68701
68701
68701
68700
68700
68700
68700
68700
68699
68698
68697
68697
68697
68697
68696
68696
68696
68696
68695
68695
68695
68695
68694
68694
68693
68692
68692
68692
68692
68691
68691
68691
68691
68691
68690
68690
68690
68690
68689
68689
68689
68689
68688
68688
68688
68688
68686
68686
68686
68685
68685
68685
68685
68684
68684
68684
68684
68683
68683
68683
68683
68682
68682
68682
68682
68681
68681
68681
68681
68680
68680
68680
68680
68679
68679
68679
68679
68678
68678
68678
68678
68677
68677
68677
68677
68676
68676
68676
68676
68675
68675
68675
68675
68674
68674
68674
68674
68673
68673
68673
68673
68672
68672
68672
68672
68671
68671
68671
68671
68670
68670
68670
68670
68670
68669
68666
68665
68663
68662
68660
68658
68657
68657
68657
68657
68656
68654
68654
68653
68652
68652
68652
68652
68651
68651
68651
68651
68650
68650
68650
68650
68649
68649
68649
68649
68648
68648
68648
68648
68646
68646
68644
68644
68644
68643
68643
68643
68643
68642
68642
68642
68642
68641
68641
68641
68641
68640
68640
68640
68640
68639
68639
68638
68637
68637
68637
68637
68636
68636
68636
68636
68635
68635
68635
68635
68634
68634
68634
68633
68633
68633
68633
68632
68632
68632
68630
68630
68630
68630
68629
68629
68629
68629
68628
68628
68628
68628
68628
68627
68627
68626
68625
68623
68623
68623
68622
68622
68622
68622
68621
68621
68621
68621
68620
68620
68620
68620
68619
68619
68617
68617
68617
68617
68616
68616
68616
68616
68615
68615
68615
68615
68614
68614
68614
68614
68613
68613
68613
68613
68612
68612
68612
68612
68611
68611
68611
68611
68610
68610
68610
68610
68609
68609
68609
68609
68608
68608
68608
68608
68607
68607
68607
68606
68606
68606
68606
68605
68605
68605
68605
68604
68604
68604
68604
68603
68603
68603
68603
68602
68602
68602
68602
68601
68601
68601
68601
68600
68600
68600
68600
68600
68599
68599
68599
68599
68598
68598
68596
68594
68593
68591
68590
68587
68587
68586
68585
68585
68585
68584
68584
68584
68584
68583
68583
68583
68583
68582
68582
68582
68582
68581
68581
68581
68581
68580
68579
68579
68577
68577
68577
68576
68576
68576
68576
68575
68575
68575
68575
68574
68574
68574
68574
68573
68573
68573
68573
68572
68572
68571
68570
68570
68570
68570
68569
68569
68569
68569
68568
68568
68568
68568
68566
68566
68566
68565
68565
68565
68565
68564
68564
68564
68562
68562
68562
68561
68561
68561
68561
68560
68560
68560
68560
68559
68559
68559
68559
68557
68557
68555
68555
68555
68555
68554
68554
68554
68554
68553
68553
68553
68553
68552
68552
68551
68550
68550
68550
68550
68549
68549
68549
68549
68548
68548
68548
68548
68547
68547
68547
68547
68546
68546
68546
68546
68545
68545
68545
68544
68544
68544
68543
68543
68543
68543
68542
68542
68542
68542
68541
68541
68541
68541
68540
68540
68540
68540
68539
68539
68539
68539
68538
68538
68538
68538
68537
68537
68537
68537
68536
68536
68536
68536
68535
68535
68535
68535
68534
68534
68534
68534
68533
68533
68533
68533
68532
68532
68532
68532
68531
68531
68531
68531
68530
68530
68530
68530
68529
68529
68529
68529
68527
68524
68522
68521
68518
68516
68516
68516
68516
68515
68515
68515
68515
68514
68514
68514
68514
68513
68513
68513
68513
68512
68511
68511
68509
68509
68508
68508
68508
68508
68507
68507
68507
68507
68506
68506
68506
68506
68505
68505
68505
68505
68504
68504
68504
68503
68502
68502
68502
68502
68501
68501
68501
68501
68500
68500
68500
68500
68499
68499
68499
68499
68498
68498
68498
68497
68497
68497
68496
68495
68495
68495
68495
68494
68494
68494
68494
68493
68493
68493
68493
68492
68492
68491
68490
68489
68489
68488
68488
68488
68488
68487
68487
68487
68487
68486
68485
68484
68484
68484
68484
68483
68483
68483
68483
68482
68481
68481
68480
68480
68480
68480
68479
68479
68479
68479
68478
68478
68478
68478
68477
68477
68477
68477
68476
68476
68476
68476
68474
68474
68474
68473
68473
68473
68473
68472
68472
68472
68472
68471
68471
68471
68471
68470
68470
68470
68470
68469
68469
68469
68469
68468
68468
68468
68468
68467
68467
68467
68467
68466
68466
68466
68466
68465
68465
68465
68465
68464
68464
68464
68464
68463
68463
68463
68463
68462
68462
68462
68462
68461
68461
68461
68461
68460
68460
68460
68460
68459
68459
68459
68459
68458
68457
68454
68453
68451
68450
68448
68448
68448
68447
68447
68447
68447
68446
68446
68446
68446
68444
68444
68442
68442
68442
68442
68441
68441
68441
68441
68440
68440
68440
68440
68439
68439
68439
68439
68438
68438
68438
68438
68437
68436
68436
68435
68435
68435
68435
68434
68434
68434
68434
68433
68433
68433
68433
68432
68432
68432
68432
68431
68431
68431
68431
68430
68429
68429
68428
68428
68428
68428
68427
68427
68427
68427
68426
68426
68426
68426
68425
68424
68424
68422
68422
68422
68422
68421
68421
68421
68421
68419
68419
68418
68418
68418
68417
68417
68417
68417
68416
68416
68416
68416
68414
68414
68412
68412
68412
68412
68411
68411
68411
68411
68410
68410
68410
68410
68409
68409
68409
68409
68408
68408
68408
68408
68407
68407
68407
68407
68406
68406
68406
68406
68405
68405
68405
68405
68405
68404
68404
68404
68404
68403
68403
68403
68403
68402
68402
68402
68402
68401
68401
68401
68401
68400
68400
68400
68400
68399
68399
68399
68399
68398
68398
68398
68398
68397
68397
68397
68397
68396
68396
68396
68396
68395
68395
68395
68395
68394
68394
68394
68394
68393
68393
68393
68393
68392
68392
68392
68392
68391
68391
68391
68391
68390
68387
68386
68384
68383
68380
68379
68378
68378
68378
68378
68376
68375
68374
68374
68373
68373
68373
68373
68372
68372
68372
68372
68371
68371
68371
68371
68370
68370
68370
68370
68369
68369
68369
68367
68367
68367
68367
68366
68366
68366
68366
68365
68365
68365
68365
68364
68364
68364
68364
68363
68363
68363
68363
68362
68362
68362
68360
68360
68360
68360
68359
68359
68359
68359
68358
68358
68358
68358
68357
68357
68357
68355
68355
68353
68353
68353
68353
68352
68351
68351
68350
68350
68350
68350
68349
68349
68349
68349
68348
68348
68348
68348
68347
68347
68345
68345
68344
68343
68343
68343
68343
68342
68342
68342
68342
68341
68341
68341
68341
68340
68340
68340
68340
68339
68339
68339
68339
68338
68338
68338
68338
68337
68337
68337
68337
68336
68336
68336
68335
68335
68335
68335
68334
68334
68334
68334
68333
68333
68333
68333
68332
68332
68332
68332
68331
68331
68331
68331
68330
68330
68330
68330
68329
68329
68329
68329
68328
68328
68328
68328
68327
68327
68327
68327
68326
68326
68326
68326
68325
68325
68325
68325
68324
68324
68324
68324
68323
68323
68323
68323
68322
68322
68322
68322
68321
68321
68321
68321
68320
68320
68320
68320
68318
68316
68315
68313
68310
68309
68307
68307
68307
68307
68306
68306
68306
68306
68305
68305
68305
68305
68304
68304
68304
68304
68303
68303
68303
68303
68302
68301
68300
68300
68300
68300
68299
68299
68299
68299
68298
68298
68298
68298
68297
68297
68297
68297
68296
68296
68296
68296
68295
68295
68294
68293
68293
68293
68293
68292
68292
68292
68292
68291
68291
68291
68291
68290
68289
68287
68287
68286
68285
68284
68284
68284
68283
68283
68283
68282
68282
68282
68281
68281
68281
68281
68280
68280
68280
68280
68279
68279
68277
68277
68276
68275
68275
68275
68275
68274
68274
68274
68274
68273
68273
68273
68273
68272
68272
68272
68272
68271
68271
68271
68271
68270
68270
68270
68270
68269
68269
68269
68269
68268
68268
68268
68268
68267
68267
68267
68267
68266
68266
68266
68266
68265
68265
68265
68265
68264
68264
68264
68264
68263
68263
68263
68263
68262
68262
68262
68262
68261
68261
68261
68261
68260
68260
68260
68260
68259
68259
68259
68259
68258
68258
68258
68258
68257
68257
68257
68257
68256
68256
68256
68256
68255
68255
68255
68255
68254
68254
68254
68254
68253
68253
68253
68253
68253
68252
68252
68252
68252
68251
68251
68251
68250
68248
68246
68245
68242
68240
68239
68238
68238
68238
68238
68237
68237
68237
68237
68236
68236
68236
68236
68235
68235
68235
68233
68233
68233
68232
68232
68232
68232
68231
68231
68231
68231
68230
68230
68230
68230
68229
68229
68229
68229
68228
68228
68228
68228
68226
68226
68226
68225
68225
68225
68225
68224
68224
68224
68223
68223
68222
68222
68222
68221
68219
68218
68217
68217
68217
68217
68216
68216
68216
68216
68215
68215
68215
68215
68214
68214
68214
68214
68213
68213
68213
68213
68211
68211
68209
68209
68209
68208
68208
68208
68208
68207
68207
68207
68207
68206
68206
68206
68206
68205
68205
68205
68205
68204
68204
68202
68202
68202
68201
68201
68201
68201
68200
68200
68200
68200
68199
68199
68199
68199
68198
68198
68198
68198
68197
68197
68197
68197
68195
68195
68195
68194
68194
68194
68194
68193
68193
68193
68193
68192
68192
68192
68192
68191
68191
68191
68191
68190
68190
68190
68190
68189
68189
68189
68189
68188
68188
68188
68188
68187
68187
68187
68187
68186
68186
68186
68186
68185
68185
68185
68185
68184
68184
68184
68184
68183
68183
68183
68183
68182
68182
68182
68182
68181
68181
68181
68181
68180
68179
68179
68178
68178
68176
68175
68173
68172
68170
68168
68168
68167
68167
68167
68167
68166
68166
68166
68166
68164
68164
68164
68163
68163
68163
68163
68162
68162
68162
68162
68161
68161
68161
68161
68160
68160
68160
68160
68159
68159
68159
68159
68157
68157
68157
68156
68156
68156
68156
68155
68155
68155
68155
68154
68154
68153
68152
68151
68151
68149
68149
68149
68148
68148
68148
68148
68147
68147
68147
68147
68146
68146
68146
68146
68145
68145
68145
68145
68144
68144
68143
68142
68141
68140
68140
68140
68140
68139
68139
68139
68139
68138
68138
68138
68138
68137
68137
68137
68137
68136
68136
68136
68136
68134
68134
68134
68133
68133
68133
68133
68132
68132
68132
68132
68131
68131
68131
68131
68130
68130
68130
68130
68129
68129
68129
68129
68128
68128
68128
68128
68127
68127
68127
68126
68126
68126
68126
68125
68125
68125
68125
68124
68124
68124
68124
68123
68123
68123
68123
68122
68122
68122
68122
68121
68121
68121
68121
68120
68120
68120
68120
68119
68119
68119
68119
68118
68118
68118
68118
68117
68117
68117
68117
68116
68116
68116
68116
68115
68115
68115
68115
68114
68114
68112
68112
68112
68111
68111
68111
68111
68110
68110
68110
68110
68109
68109
68106
68105
68102
68101
68099
68098
68097
68097
68097
68095
68095
68094
68094
68094
68094
68093
68093
68093
68093
68092
68092
68092
68092
68091
68091
68091
68091
68090
68090
68090
68090
68089
68088
68088
68087
68087
68087
68087
68086
68086
68086
68086
68084
68084
68084
68083
68083
68082
68081
68080
68080
68080
68079
68079
68079
68079
68078
68078
68078
68078
68077
68077
68077
68077
68076
68076
68076
68076
68075
68075
68073
68073
68072
68071
68071
68071
68071
68070
68070
68070
68070
68069
68069
68069
68069
68068
68068
68068
68068
68067
68067
68067
68067
68065
68065
68065
68064
68064
68064
68063
68063
68063
68063
68062
68062
68062
68062
68061
68061
68061
68061
68060
68060
68060
68060
68059
68059
68059
68059
68058
68058
68058
68058
68057
68057
68057
68057
68056
68056
68056
68056
68055
68055
68055
68055
68054
68054
68054
68054
68053
68053
68053
68053
68052
68052
68052
68052
68051
68051
68051
68051
68051
68050
68050
68050
68049
68049
68049
68049
68048
68048
68048
68048
68047
68047
68047
68047
68046
68046
68046
68044
68044
68044
68044
68043
68043
68043
68043
68042
68042
68042
68042
68041
68041
68041
68041
68040
68040
68040
68040
68039
68039
68038
68036
68035
68032
68030
68029
68029
68028
68028
68028
68028
68027
68027
68027
68027
68026
68026
68026
68025
68025
68025
68025
68024
68024
68024
68024
68022
68022
68022
68021
68021
68021
68020
68018
68018
68018
68018
68017
68017
68017
68017
68015
68015
68013
68013
68013
68012
68012
68012
68011
68011
68011
68011
68010
68010
68010
68010
68009
68009
68009
68009
68008
68008
68008
68005
68005
68003
68003
68003
68002
68002
68002
68001
68001
68001
68001
68000
68000
68000
68000
67999
67999
67999
67999
67998
67998
67998
67996
67996
67996
67995
67995
67995
67995
67994
67994
67994
67994
67993
67993
67993
67993
67992
67992
67992
67992
67991
67991
67991
67991
67990
67990
67990
67989
67989
67989
67989
67988
67988
67988
67988
67987
67987
67987
67987
67986
67986
67986
67985
67985
67985
67985
67984
67984
67984
67984
67983
67983
67983
67983
67982
67982
67982
67982
67981
67981
67981
67980
67980
67980
67980
67979
67979
67979
67979
67978
67978
67978
67978
67977
67977
67976
67975
67975
67975
67974
67974
67974
67974
67973
67973
67973
67973
67972
67972
67972
67972
67971
67971
67971
67971
67970
67970
67970
67970
67969
67969
67969
67968
67968
67968
67968
67966
67964
67962
67960
67959
67957
67957
67956
67956
67956
67956
67955
67955
67955
67955
67954
67954
67954
67954
67953
67952
67952
67951
67951
67949
67949
67949
67948
67948
67948
67948
67947
67947
67947
67947
67945
67945
67943
67943
67943
67943
67942
67942
67942
67942
67941
67941
67941
67941
67940
67940
67940
67940
67939
67939
67939
67939
67938
67937
67937
67935
67935
67935
67934
67933
67933
67933
67933
67932
67932
67932
67932
67931
67931
67931
67931
67930
67930
67930
67930
67929
67928
67928
67927
67927
67927
67927
67926
67926
67926
67926
67925
67925
67925
67925
67924
67924
67924
67924
67923
67923
67923
67922
67922
67920
67920
67920
67920
67919
67919
67919
67919
67918
67918
67918
67918
67917
67917
67917
67917
67916
67916
67916
67916
67915
67915
67915
67915
67913
67913
67912
67912
67912
67912
67911
67911
67911
67911
67910
67910
67910
67910
67909
67909
67909
67909
67908
67908
67908
67908
67907
67907
67905
67905
67905
67885
67823
67822
67822
67822
67821
67821
67821
67821
67820
67820
67820
67820
67819
67819
67819
67819
67818
67818
67818
67818
67817
67817
67817
67817
67816
67816
67816
67816
67815
67815
67815
67815
67814
67814
67814
67814
67811
67809
67808
67806
67805
67803
67803
67802
67802
67802
67801
67801
67801
67800
67799
67798
67797
67797
67797
67797
67796
67796
67796
67796
67795
67795
67795
67795
67794
67793
67793
67791
67791
67790
67790
67790
67789
67789
67789
67789
67789
67788
67788
67788
67787
67787
67787
67787
67786
67786
67786
67786
67784
67784
67782
67782
67782
67782
67781
67781
67781
67781
67780
67780
67780
67780
67779
67779
67779
67779
67778
67778
67778
67778
67777
67776
67775
67775
67775
67775
67774
67774
67774
67774
67773
67773
67773
67773
67772
67772
67772
67772
67771
67771
67771
67771
67770
67770
67768
67768
67768
67768
67767
67767
67767
67767
67766
67766
67766
67766
67765
67765
67765
67765
67764
67764
67764
67764
67763
67763
67763
67763
67762
67762
67762
67762
67761
67761
67761
67761
67760
67760
67760
67760
67759
67759
67759
67759
67758
67758
67758
67758
67757
67756
67756
67755
67755
67755
67754
67754
67754
67754
67753
67753
67753
67753
67752
67752
67752
67752
67751
67751
67751
67751
67750
67750
67750
67750
67750
67749
67749
67749
67749
67748
67748
67748
67748
67747
67747
67747
67747
67746
67746
67746
67746
67745
67745
67745
67745
67744
67744
67744
67739
67735
67734
67732
67731
67729
67727
67727
67726
67725
67725
67725
67724
67724
67724
67724
67723
67723
67723
67723
67722
67722
67722
67720
67720
67719
67719
67718
67718
67718
67718
67717
67717
67717
67717
67716
67716
67716
67716
67715
67715
67715
67715
67714
67714
67714
67712
67712
67710
67710
67710
67710
67709
67709
67709
67709
67708
67708
67708
67708
67707
67707
67707
67707
67706
67706
67706
67706
67705
67704
67704
67703
67703
67703
67703
67702
67702
67702
67702
67701
67701
67701
67701
67700
67700
67700
67700
67699
67699
67699
67699
67698
67697
67696
67696
67696
67696
67695
67695
67695
67695
67694
67694
67694
67694
67693
67693
67693
67693
67692
67692
67692
67692
67691
67691
67691
67691
67690
67690
67690
67690
67689
67689
67689
67689
67689
67688
67688
67688
67687
67687
67687
67687
67686
67685
67685
67684
67684
67684
67684
67683
67683
67683
67683
67682
67682
67682
67682
67681
67681
67681
67681
67680
67680
67680
67680
67679
67679
67679
67679
67678
67678
67678
67678
67677
67677
67677
67677
67676
67676
67676
67676
67675
67675
67675
67675
67674
67674
67674
67674
67673
67673
67673
67673
67672
67672
67672
67672
67671
67671
67671
67671
67669
67667
67665
67663
67662
67660
67660
67660
67660
67659
67659
67659
67659
67658
67658
67658
67658
67656
67656
67654
67654
67654
67654
67653
67653
67653
67653
67652
67652
67652
67652
67651
67651
67651
67651
67650
67650
67650
67650
67649
67648
67647
67646
67646
67645
67645
67645
67644
67644
67644
67644
67644
67643
67643
67643
67643
67642
67642
67642
67642
67641
67641
67641
67639
67638
67638
67637
67637
67637
67637
67636
67636
67636
67636
67635
67635
67635
67635
67634
67634
67634
67634
67633
67633
67633
67633
67631
67631
67631
67630
67630
67630
67630
67629
67629
67629
67629
67628
67628
67628
67628
67627
67627
67627
67627
67626
67626
67625
67624
67624
67624
67624
67623
67623
67623
67623
67622
67622
67622
67622
67621
67621
67621
67621
67620
67618
67618
67618
67618
67617
67617
67617
67617
67616
67616
67616
67616
67615
67615
67615
67615
67614
67614
67614
67614
67613
67613
67613
67613
67612
67612
67612
67612
67611
67611
67611
67611
67610
67610
67610
67610
67609
67609
67609
67609
67608
67608
67608
67608
67607
67607
67607
67607
67606
67606
67606
67606
67605
67605
67605
67605
67604
67604
67604
67604
67603
67603
67603
67603
67602
67602
67602
67600
67596
67595
67593
67592
67590
67590
67589
67589
67589
67589
67587
67587
67585
67585
67584
67584
67584
67584
67583
67583
67583
67582
67582
67582
67582
67581
67581
67581
67581
67580
67580
67580
67580
67578
67578
67576
67576
67576
67575
67575
67575
67575
67574
67574
67574
67574
67573
67573
67573
67573
67572
67572
67572
67572
67571
67571
67570
67569
67569
67569
67569
67568
67568
67568
67568
67567
67567
67567
67567
67566
67566
67566
67566
67565
67565
67565
67565
67564
67564
67562
67562
67562
67562
67561
67561
67561
67561
67560
67560
67560
67560
67559
67559
67559
67559
67558
67558
67558
67558
67557
67556
67556
67554
67554
67554
67553
67553
67553
67553
67552
67552
67551
67551
67551
67550
67549
67549
67549
67548
67548
67548
67548
67547
67547
67547
67547
67546
67545
67544
67544
67544
67544
67543
67543
67501
67500
67499
67499
67498
67498
67497
67497
67497
67496
67496
67495
67495
67494
67493
67493
67492
67492
67491
67491
67490
67490
67490
67489
67489
67489
67488
67488
67488
67487
67487
67487
67486
67486
67486
67485
67485
67485
67484
67484
67484
67483
67483
67483
67482
67482
67482
67482
67481
67481
67480
67480
67480
67479
67479
67479
67479
67475
67474
67472
67470
67468
67465
67464
67463
67462
67462
67462
67461
67461
67461
67460
67460
67459
67459
67459
67459
67458
67458
67457
67457
67457
67456
67456
67456
67454
67454
67452
67452
67451
67451
67451
67450
67450
67450
67450
67449
67449
67449
67448
67448
67447
67447
67447
67446
67446
67445
67445
67443
67442
67442
67442
67441
67441
67441
67440
67440
67440
67439
67439
67439
67439
67438
67438
67438
67438
67437
67437
67437
67437
67436
67435
67434
67434
67434
67434
67433
67433
67433
67433
67432
67432
67432
67432
67431
67431
67431
67431
67430
67430
67430
67430
67428
67428
67426
67426
67426
67425
67425
67425
67425
67424
67424
67424
67423
67422
67422
67422
67422
67421
67421
67421
67421
67420
67420
67420
67420
67419
67419
67419
67419
67418
67418
67418
67418
67417
67417
67417
67417
67416
67416
67416
67416
67415
67415
67415
67415
67414
67414
67414
67414
67413
67413
67413
67413
67412
67412
67412
67412
67411
67411
67411
67411
67410
67410
67410
67410
67409
67409
67409
67409
67408
67408
67408
67408
67407
67407
67407
67407
67406
67406
67406
67406
67405
67405
67405
67405
67404
67404
67404
67404
67403
67403
67403
67403
67402
67402
67402
67402
67397
67394
67393
67390
67387
67385
67385
67385
67385
67384
67384
67384
67383
67383
67383
67383
67382
67382
67382
67382
67381
67381
67380
67379
67378
67377
67377
67377
67377
67376
67376
67376
67376
67375
67375
67375
67375
67374
67374
67374
67374
67373
67373
67373
67373
67371
67371
67371
67370
67370
67370
67370
67369
67369
67369
67369
67368
67368
67368
67368
67367
67367
67367
67367
67366
67366
67366
67366
67364
67364
67364
67363
67363
67363
67363
67362
67362
67362
67362
67361
67361
67361
67361
67360
67360
67360
67360
67359
67359
67357
67357
67356
67356
67355
67355
67355
67354
67354
67352
67352
67352
67352
67351
67351
67351
67351
67350
67350
67350
67350
67349
67349
67349
67349
67348
67348
67348
67348
67347
67347
67347
67347
67346
67346
67346
67345
67345
67345
67344
67343
67343
67343
67343
67342
67342
67342
67342
67341
67341
67341
67341
67340
67340
67340
67340
67339
67339
67339
67339
67338
67338
67338
67338
67337
67337
67337
67337
67336
67336
67336
67336
67335
67335
67335
67335
67334
67334
67334
67334
67333
67333
67333
67333
67332
67332
67332
67332
67331
67331
67331
67331
67330
67330
67330
67330
67329
67329
67329
67329
67328
67328
67328
67326
67324
67322
67321
67319
67317
67315
67314
67314
67313
67313
67313
67312
67312
67312
67311
67309
67308
67306
67306
67305
67305
67304
67304
67303
67303
67303
67302
67302
67302
67301
67301
67301
67300
67300
67300
67300
67299
67299
67298
67297
67297
67297
67297
67296
67296
67296
67296
67295
67295
67295
67295
67294
67294
67294
67294
67293
67293
67293
67293
67292
67292
67291
67290
67289
67288
67288
67288
67288
67287
67287
67287
67287
67286
67286
67286
67286
67285
67285
67285
67285
67284
67284
67283
67282
67278
67277
67277
67277
67275
67274
67274
67273
67273
67272
67272
67271
67271
67270
67270
67268
67267
67267
67266
67266
67266
67265
67265
67265
67265
67264
67264
67264
67264
67263
67263
67263
67263
67262
67262
67262
67262
67261
67261
67261
67261
67260
67260
67260
67260
67259
67259
67259
67259
67258
67258
67258
67258
67257
67257
67257
67257
67256
67256
67256
67256
67255
67255
67255
67255
67254
67254
67254
67254
67253
67253
67253
67253
67252
67252
67252
67252
67251
67251
67251
67251
67250
67250
67250
67250
67249
67249
67249
67249
67248
67248
67248
67248
67247
67247
67247
67246
67246
67246
67246
67245
67245
67245
67245
67244
67244
67244
67241
67239
67238
67236
67234
67232
67232
67232
67232
67231
67230
67230
67228
67228
67227
67227
67227
67227
67226
67226
67226
67226
67225
67225
67225
67225
67224
67224
67224
67224
67223
67223
67223
67221
67221
67220
67220
67220
67220
67219
67219
67219
67219
67218
67218
67218
67218
67217
67217
67217
67217
67216
67216
67216
67216
67215
67214
67213
67213
67213
67213
67212
67212
67212
67212
67211
67211
67211
67211
67210
67210
67210
67210
67209
67209
67209
67209
67207
67207
67205
67204
67204
67203
67203
67203
67202
67202
67202
67202
67201
67201
67201
67201
67201
67199
67199
67197
67197
67197
67196
67196
67196
67196
67195
67195
67195
67195
67194
67194
67194
67194
67193
67193
67193
67193
67192
67192
67192
67192
67191
67191
67191
67191
67190
67190
67190
67190
67189
67188
67188
67187
67187
67187
67187
67186
67186
67186
67186
67185
67185
67185
67184
67184
67184
67184
67183
67183
67183
67183
67182
67182
67182
67182
67181
67181
67181
67181
67180
67180
67180
67180
67179
67179
67179
67179
67178
67178
67178
67178
67177
67177
67177
67177
67177
67176
67176
67176
67176
67175
67175
67175
67175
67174
67174
67174
67174
67173
67173
67173
67173
67172
67172
67170
67169
67167
67166
67163
67161
67160
67159
67159
67159
67158
67158
67158
67158
67157
67157
67157
67157
67156
67156
67156
67156
67155
67155
67155
67155
67154
67153
67153
67152
67152
67152
67152
67151
67151
67151
67151
67150
67150
67150
67150
67149
67149
67149
67149
67148
67148
67148
67148
67147
67146
67146
67145
67145
67145
67145
67144
67144
67144
67144
67143
67143
67143
67143
67142
67142
67142
67142
67141
67141
67141
67138
67138
67136
67136
67136
67136
67135
67135
67135
67135
67134
67134
67134
67134
67133
67133
67133
67131
67131
67130
67129
67129
67129
67129
67128
67128
67128
67128
67127
67127
67127
67127
67126
67126
67126
67126
67125
67125
67125
67125
67124
67124
67124
67124
67123
67123
67123
67123
67123
67122
67122
67122
67122
67121
67121
67121
67121
67120
67120
67120
67120
67119
67119
67119
67119
67118
67118
67118
67118
67117
67117
67117
67117
67116
67116
67116
67116
67115
67115
67115
67115
67114
67114
67114
67114
67113
67113
67113
67113
67112
67112
67112
67112
67111
67111
67111
67111
67110
67110
67110
67110
67109
67109
67109
67109
67108
67108
67108
67108
67107
67107
67107
67107
67106
67106
67106
67106
67105
67105
67105
67105
67099
67098
67096
67095
67093
67092
67091
67091
67091
67091
67090
67090
67090
67090
67089
67089
67089
67089
67088
67088
67088
67086
67086
67086
67086
67085
67085
67085
67085
67084
67084
67084
67084
67083
67083
67083
67083
67082
67082
67082
67082
67081
67081
67081
67079
67079
67079
67078
67078
67078
67078
67077
67077
67077
67077
67076
67076
67076
67076
67075
67075
67075
67073
67073
67073
67071
67071
67069
67069
67069
67068
67068
67068
67068
67067
67067
67067
67067
67066
67066
67066
67066
67064
67064
67063
67062
67062
67062
67062
67061
67061
67061
67061
67060
67060
67060
67060
67059
67059
67059
67059
67058
67058
67058
67058
67056
67056
67055
67055
67055
67055
67054
67054
67054
67054
67053
67053
67053
67053
67053
67052
67052
67052
67052
67051
67051
67051
67051
67050
67050
67050
67050
67049
67049
67049
67049
67048
67048
67048
67048
67047
67047
67047
67047
67046
67046
67046
67046
67045
67045
67045
67045
67044
67044
67044
67043
67043
67043
67043
67043
67042
67042
67042
67042
67041
67041
67041
67041
67040
67040
67040
67040
67039
67039
67039
67038
67038
67038
67038
67038
67037
67037
67037
67037
67036
67036
67036
67036
67035
67035
67033
67033
67032
67030
67029
67027
67025
67024
67023
67023
67023
67023
67022
67022
67022
67022
67021
67020
67019
67019
67019
67018
67018
67018
67017
67017
67017
67017
67017
67016
67016
67016
67015
67015
67015
67015
67015
67014
67014
67014
67012
67012
67012
67011
67011
67011
67011
67010
67010
67010
67010
67009
67009
67009
67009
67007
67007
67006
67006
67006
67006
67004
67004
67002
67002
67002
67000
67000
67000
66999
66999
66999
66999
66998
66998
66998
66998
66997
66996
66996
66994
66994
66994
66993
66993
66993
66993
66992
66992
66992
66992
66991
66991
66991
66991
66990
66990
66990
66990
66989
66989
66987
66986
66986
66986
66985
66985
66985
66985
66984
66984
66984
66984
66983
66983
66983
66983
66982
66982
66982
66982
66981
66981
66981
66981
66980
66980
66980
66980
66979
66979
66979
66979
66978
66978
66978
66978
66977
66977
66977
66977
66976
66976
66976
66976
66975
66975
66975
66975
66974
66974
66974
66974
66973
66973
66973
66973
66972
66972
66972
66972
66971
66971
66971
66971
66970
66970
66970
66970
66969
66969
66969
66969
66968
66968
66968
66968
66967
66967
66967
66967
66966
66966
66964
66964
66964
66964
66963
66963
66963
66963
66962
66962
66962
66960
66959
66958
66956
66955
66953
66953
66953
66952
66951
66951
66950
66950
66950
66950
66949
66949
66949
66949
66948
66948
66948
66948
66947
66947
66947
66947
66946
66946
66946
66946
66945
66944
66943
66943
66943
66943
66942
66942
66942
66942
66941
66941
66941
66939
66939
66939
66938
66938
66938
66938
66937
66937
66935
66935
66934
66933
66933
66933
66933
66932
66932
66932
66932
66931
66931
66931
66931
66930
66930
66929
66928
66927
66926
66926
66926
66926
66925
66925
66925
66925
66924
66924
66924
66924
66923
66923
66923
66923
66922
66922
66922
66922
66920
66920
66920
66919
66919
66919
66919
66918
66918
66918
66918
66917
66917
66917
66917
66916
66916
66916
66916
66915
66915
66915
66915
66914
66914
66914
66914
66913
66913
66913
66913
66912
66912
66912
66912
66910
66910
66910
66909
66909
66909
66909
66908
66908
66908
66908
66907
66907
66906
66906
66906
66906
66905
66905
66905
66904
66904
66904
66903
66900
66900
66899
66899
66899
66898
66898
66898
66897
66897
66896
66896
66895
66895
66895
66869
66869
66868
66868
66867
66865
66865
66864
66864
66863
66863
66863
66862
66862
66862
66862
66861
66861
66861
66861
66860
66860
66860
66860
66859
66857
66855
66854
66851
66849
66848
66848
66847
66847
66847
66846
66846
66846
66846
66845
66845
66845
66845
66844
66844
66844
66844
66843
66843
66843
66843
66841
66841
66841
66840
66840
66840
66840
66839
66839
66838
66837
66837
66837
66837
66836
66836
66836
66836
66835
66835
66835
66833
66833
66832
66831
66831
66831
66830
66830
66830
66830
66829
66829
66829
66829
66828
66828
66828
66826
66826
66825
66825
66824
66824
66824
66824
66823
66823
66823
66823
66822
66822
66822
66822
66821
66821
66821
66821
66820
66820
66820
66817
66817
66816
66816
66816
66816
66815
66815
66815
66815
66814
66814
66814
66814
66813
66813
66813
66813
66812
66812
66812
66812
66811
66811
66811
66811
66810
66810
66810
66810
66809
66809
66809
66809
66808
66808
66808
66808
66807
66807
66807
66807
66806
66806
66806
66806
66805
66805
66805
66805
66804
66804
66804
66804
66803
66803
66803
66803
66802
66802
66802
66802
66801
66801
66801
66801
66800
66800
66800
66800
66799
66799
66799
66799
66798
66798
66797
66796
66796
66796
66796
66795
66795
66795
66795
66794
66794
66794
66794
66793
66793
66793
66793
66792
66792
66792
66792
66791
66791
66791
66791
66790
66790
66790
66790
66786
66785
66783
66782
66781
66779
66779
66779
66778
66778
66778
66778
66777
66777
66777
66777
66776
66776
66776
66776
66774
66774
66774
66773
66773
66773
66771
66771
66770
66770
66770
66770
66769
66769
66769
66769
66768
66768
66768
66768
66767
66766
66766
66764
66764
66764
66763
66763
66763
66763
66762
66762
66762
66762
66761
66761
66761
66761
66759
66759
66757
66757
66757
66757
66756
66756
66756
66756
66755
66755
66755
66754
66754
66754
66754
66753
66753
66753
66753
66752
66752
66750
66750
66750
66750
66749
66749
66749
66749
66748
66748
66748
66748
66748
66747
66747
66747
66746
66746
66746
66746
66746
66745
66745
66743
66743
66743
66742
66742
66742
66742
66741
66741
66741
66741
66740
66740
66740
66740
66739
66739
66739
66739
66738
66738
66738
66738
66737
66737
66737
66737
66736
66736
66736
66736
66735
66735
66735
66735
66734
66734
66734
66734
66733
66733
66733
66733
66732
66732
66732
66732
66731
66731
66731
66729
66729
66729
66728
66728
66728
66728
66727
66727
66727
66727
66726
66726
66726
66726
66725
66725
66725
66725
66724
66724
66724
66724
66723
66723
66723
66723
66722
66722
66722
66721
66721
66721
66720
66720
66720
66720
66719
66718
66716
66714
66713
66711
66710
66710
66709
66709
66709
66709
66708
66708
66708
66706
66706
66706
66704
66704
66703
66703
66703
66703
66702
66702
66702
66702
66701
66701
66701
66701
66700
66700
66700
66700
66698
66698
66697
66696
66696
66696
66695
66695
66695
66695
66694
66694
66694
66694
66693
66693
66693
66691
66691
66689
66689
66689
66689
66688
66688
66688
66688
66687
66687
66686
66685
66685
66685
66685
66684
66684
66684
66684
66683
66683
66680
66680
66680
66680
66679
66679
66679
66679
66678
66678
66678
66678
66677
66677
66677
66677
66676
66676
66676
66676
66676
66675
66675
66674
66673
66673
66673
66672
66672
66672
66672
66671
66671
66671
66671
66671
66670
66670
66670
66670
66669
66669
66669
66669
66668
66668
66668
66668
66667
66667
66667
66667
66666
66666
66666
66666
66665
66665
66665
66665
66664
66664
66664
66664
66663
66663
66663
66663
66662
66662
66660
66660
66660
66660
66659
66659
66659
66659
66658
66658
66658
66658
66657
66657
66657
66657
66656
66656
66656
66656
66655
66655
66655
66655
66654
66654
66654
66654
66653
66653
66653
66652
66652
66652
66652
66651
66651
66651
66651
66650
66650
66650
66650
66649
66649
66649
66649
66647
66645
66644
66643
66641
66640
66639
66639
66637
66636
66636
66636
66635
66635
66635
66634
66634
66634
66634
66633
66633
66633
66633
66632
66632
66632
66632
66631
66631
66630
66629
66628
66627
66627
66627
66627
66626
66626
66626
66626
66625
66625
66625
66625
66624
66624
66623
66622
66621
66621
66620
66620
66620
66620
66619
66619
66619
66618
66618
66618
66618
66617
66617
66617
66617
66616
66616
66616
66616
66614
66613
66613
66613
66613
66613
66612
66612
66612
66611
66611
66611
66611
66610
66610
66610
66610
66609
66609
66609
66609
66608
66608
66607
66606
66606
66606
66606
66605
66605
66605
66605
66604
66604
66604
66604
66603
66603
66603
66603
66602
66602
66602
66602
66601
66601
66601
66601
66600
66600
66600
66600
66599
66599
66599
66599
66598
66598
66598
66596
66596
66596
66596
66595
66595
66595
66595
66593
66593
66592
66592
66592
66592
66591
66591
66591
66591
66590
66590
66590
66590
66589
66589
66589
66589
66588
66588
66588
66588
66587
66587
66587
66587
66586
66586
66586
66586
66585
66585
66585
66585
66584
66584
66584
66584
66583
66583
66583
66583
66582
66582
66582
66581
66581
66581
66581
66580
66580
66580
66580
66579
66579
66579
66577
66576
66573
66572
66570
66567
66566
66566
66566
66565
66565
66565
66565
66564
66564
66564
66564
66563
66563
66563
66563
66562
66562
66561
66560
66559
66559
66558
66558
66558
66558
66557
66557
66557
66557
66556
66556
66556
66555
66555
66554
66553
66552
66552
66551
66551
66551
66551
66550
66550
66550
66550
66549
66549
66549
66549
66548
66548
66548
66548
66547
66547
66547
66545
66545
66545
66544
66544
66544
66544
66543
66543
66543
66543
66542
66542
66542
66542
66541
66541
66541
66541
66540
66540
66540
66540
66537
66537
66536
66536
66536
66535
66535
66535
66535
66534
66534
66534
66534
66533
66533
66533
66533
66532
66532
66532
66532
66530
66530
66530
66529
66529
66529
66529
66528
66528
66528
66528
66527
66527
66526
66526
66526
66526
66525
66525
66525
66523
66523
66523
66523
66522
66522
66522
66522
66521
66521
66521
66521
66520
66520
66520
66520
66519
66519
66519
66519
66518
66518
66518
66518
66517
66517
66517
66517
66516
66516
66516
66516
66515
66515
66515
66515
66514
66514
66514
66514
66513
66513
66513
66513
66512
66512
66512
66512
66511
66511
66511
66511
66510
66510
66510
66510
66509
66509
66509
66509
66508
66508
66508
66508
66507
66505
66503
66502
66500
66499
66497
66497
66497
66496
66496
66496
66495
66495
66495
66495
66494
66494
66493
66493
66491
66491
66490
66490
66490
66490
66489
66489
66489
66489
66488
66488
66488
66488
66487
66486
66486
66484
66484
66484
66483
66483
66482
66482
66482
66482
66482
66481
66481
66481
66480
66480
66480
66480
66480
66479
66479
66479
66477
66477
66477
66477
66476
66476
66476
66476
66475
66475
66475
66475
66474
66474
66474
66474
66473
66473
66473
66473
66472
66472
66472
66470
66470
66470
66470
66469
66469
66469
66469
66468
66468
66468
66468
66467
66467
66467
66467
66466
66466
66466
66466
66465
66464
66464
66462
66462
66462
66461
66461
66461
66461
66460
66460
66460
66460
66459
66459
66459
66459
66457
66457
66457
66456
66456
66456
66456
66455
66455
66455
66455
66454
66454
66454
66454
66453
66453
66453
66453
66452
66452
66452
66452
66451
66451
66451
66451
66450
66450
66450
66450
66449
66449
66449
66449
66448
66448
66448
66448
66447
66447
66447
66447
66446
66446
66446
66446
66445
66445
66445
66445
66444
66444
66444
66444
66443
66443
66443
66443
66442
66442
66442
66442
66441
66441
66441
66440
66440
66440
66440
66439
66439
66439
66439
66437
66436
66434
66433
66431
66430
66429
66429
66429
66429
66428
66427
66426
66425
66425
66425
66424
66424
66424
66423
66423
66423
66423
66422
66422
66422
66422
66421
66420
66420
66418
66418
66417
66417
66417
66417
66416
66416
66416
66416
66415
66415
66415
66415
66414
66414
66414
66414
66413
66413
66413
66411
66411
66411
66410
66410
66410
66410
66409
66409
66409
66409
66408
66408
66406
66406
66406
66405
66405
66405
66405
66404
66404
66404
66402
66401
66401
66401
66400
66400
66400
66400
66399
66399
66399
66399
66398
66398
66398
66398
66397
66397
66397
66397
66396
66395
66395
66393
66393
66393
66393
66392
66392
66392
66392
66391
66391
66391
66391
66389
66389
66389
66389
66388
66388
66388
66388
66387
66387
66387
66387
66386
66386
66386
66386
66385
66385
66385
66385
66384
66384
66384
66383
66383
66383
66382
66382
66382
66381
66381
66381
66381
66380
66380
66380
66380
66380
66379
66379
66379
66379
66378
66378
66378
66378
66377
66377
66377
66377
66376
66376
66376
66376
66375
66375
66375
66375
66374
66374
66374
66374
66373
66373
66373
66373
66372
66372
66372
66372
66371
66371
66371
66371
66370
66370
66370
66370
66369
66369
66369
66369
66368
66367
66365
66364
66362
66361
66358
66358
66356
66356
66356
66355
66355
66355
66355
66354
66354
66354
66354
66353
66353
66353
66353
66351
66351
66349
66349
66348
66348
66348
66347
66347
66347
66347
66346
66346
66346
66346
66345
66345
66345
66345
66344
66344
66344
66344
66342
66342
66342
66341
66341
66341
66341
66340
66340
66340
66340
66339
66339
66339
66339
66338
66338
66338
66338
66337
66337
66337
66337
66335
66335
66335
66334
66334
66334
66334
66333
66333
66333
66333
66332
66332
66332
66331
66331
66331
66331
66330
66330
66330
66328
66328
66326
66326
66326
66326
66325
66325
66325
66325
66324
66323
66323
66322
66322
66322
66322
66321
66321
66321
66321
66320
66320
66320
66319
66319
66319
66319
66318
66318
66318
66318
66317
66317
66317
66317
66316
66316
66316
66314
66314
66314
66314
66313
66313
66313
66312
66312
66312
66312
66311
66311
66311
66311
66311
66310
66310
66310
66310
66309
66309
66309
66309
66308
66308
66308
66307
66307
66307
66307
66306
66306
66306
66306
66305
66305
66305
66305
66304
66304
66304
66304
66303
66303
66303
66303
66302
66302
66302
66302
66301
66301
66301
66301
66300
66300
66300
66300
66300
66299
66299
66299
66299
66297
66294
66293
66292
66290
66288
66288
66288
66288
66287
66287
66287
66287
66286
66286
66286
66284
66284
66282
66282
66282
66282
66281
66281
66281
66281
66280
66280
66280
66280
66279
66279
66279
66279
66278
66278
66278
66278
66277
66276
66276
66276
66275
66275
66275
66275
66274
66274
66274
66274
66273
66273
66273
66273
66272
66272
66272
66272
66271
66271
66271
66270
66269
66269
66269
66268
66268
66268
66267
66267
66267
66267
66266
66266
66266
66266
66266
66265
66265
66265
66265
66264
66264
66261
66261
66260
66259
66259
66259
66258
66258
66257
66256
66256
66256
66255
66254
66254
66254
66254
66253
66253
66253
66252
66252
66252
66250
66250
66250
66249
66249
66249
66248
66248
66248
66248
66247
66247
66247
66247
66246
66246
66246
66246
66245
66245
66245
66245
66244
66244
66244
66244
66243
66243
66243
66243
66242
66242
66242
66242
66241
66241
66241
66241
66240
66240
66240
66240
66239
66239
66239
66239
66238
66238
66238
66238
66237
66237
66237
66237
66236
66236
66236
66236
66235
66235
66235
66235
66234
66234
66234
66234
66233
66233
66233
66233
66232
66232
66232
66232
66231
66231
66231
66231
66230
66230
66230
66230
66229
66229
66229
66229
66225
66223
66222
66220
66219
66217
66217
66217
66216
66216
66215
66214
66213
66213
66212
66212
66212
66212
66211
66211
66211
66211
66210
66210
66210
66210
66209
66209
66209
66209
66208
66208
66208
66206
66206
66206
66205
66205
66205
66205
66204
66204
66204
66204
66203
66203
66203
66203
66202
66202
66202
66201
66201
66201
66200
66200
66195
66195
66194
66194
66194
66193
66193
66193
66192
66192
66191
66191
66190
66190
66189
66189
66188
66188
66187
66187
66187
66185
66184
66182
66182
66182
66180
66179
66179
66179
66179
66178
66178
66178
66178
66177
66177
66177
66177
66176
66176
66175
66175
66175
66173
66173
66171
66171
66171
66170
66170
66170
66170
66169
66169
66169
66169
66168
66168
66168
66168
66167
66167
66167
66167
66166
66166
66166
66165
66165
66165
66165
66164
66164
66164
66164
66164
66163
66163
66163
66163
66162
66162
66162
66162
66161
66161
66161
66161
66160
66160
66160
66160
66159
66159
66159
66159
66158
66158
66158
66157
66157
66157
66157
66157
66156
66156
66156
66156
66155
66155
66155
66155
66154
66154
66154
66154
66153
66153
66153
66153
66152
66152
66152
66152
66151
66151
66151
66151
66150
66150
66150
66150
66149
66149
66149
66147
66146
66144
66143
66140
66138
66137
66137
66137
66136
66136
66136
66136
66135
66135
66135
66135
66134
66134
66134
66133
66133
66133
66133
66132
66132
66132
66130
66130
66130
66130
66129
66129
66129
66129
66128
66128
66128
66128
66127
66127
66127
66127
66126
66126
66126
66126
66125
66125
66125
66123
66123
66123
66122
66122
66122
66122
66121
66121
66121
66121
66120
66120
66120
66118
66118
66117
66117
66117
66117
66116
66113
66113
66110
66110
66110
66110
66109
66109
66109
66109
66108
66108
66108
66108
66107
66107
66107
66107
66106
66106
66106
66106
66105
66104
66104
66102
66102
66101
66101
66101
66101
66100
66100
66100
66100
66099
66099
66099
66099
66098
66098
66098
66098
66097
66097
66097
66097
66096
66096
66096
66096
66095
66095
66095
66095
66094
66094
66094
66094
66093
66093
66093
66093
66092
66092
66092
66092
66091
66091
66091
66091
66090
66090
66090
66090
66089
66089
66089
66089
66088
66088
66088
66088
66088
66087
66087
66087
66087
66086
66086
66086
66086
66085
66085
66085
66085
66084
66084
66084
66084
66083
66083
66083
66083
66082
66082
66082
66082
66081
66081
66081
66081
66080
66080
66080
66080
66079
66079
66079
66079
66078
66076
66074
66071
66069
66067
66066
66065
66065
66065
66065
66064
66064
66064
66064
66063
66063
66063
66063
66062
66062
66062
66060
66060
66059
66059
66059
66059
66058
66058
66058
66058
66057
66057
66057
66057
66056
66056
66056
66056
66055
66055
66055
66055
66054
66053
66053
66052
66052
66052
66051
66051
66051
66051
66050
66050
66050
66050
66049
66049
66049
66049
66048
66048
66048
66046
66045
66045
66043
66043
66043
66043
66042
66042
66042
66042
66041
66041
66041
66041
66040
66040
66040
66040
66039
66039
66039
66039
66038
66037
66037
66035
66035
66035
66034
66034
66034
66033
66033
66033
66033
66032
66032
66032
66032
66031
66031
66031
66031
66030
66030
66030
66030
66029
66029
66029
66029
66028
66028
66028
66028
66027
66027
66027
66027
66026
66026
66026
66026
66024
66024
66024
66023
66023
66023
66023
66022
66022
66022
66022
66021
66021
66021
66021
66020
66020
66020
66020
66019
66019
66019
66019
66018
66018
66018
66018
66017
66017
66017
66017
66017
66016
66016
66016
66016
66015
66015
66015
66015
66014
66014
66014
66014
66013
66013
66013
66012
66012
66012
66012
66012
66011
66011
66011
66011
66010
66010
66010
66010
66009
66009
66009
66009
66006
66005
66003
66002
66000
65999
65998
65998
65998
65998
65997
65997
65997
65997
65996
65995
65994
65994
65994
65994
65993
65993
65993
65993
65992
65992
65992
65992
65991
65991
65991
65991
65991
65990
65990
65990
65990
65989
65988
65987
65987
65987
65987
65986
65986
65986
65986
65985
65985
65985
65985
65985
65984
65984
65984
65982
65982
65982
65981
65979
65979
65977
65977
65977
65976
65976
65976
65975
65975
65975
65975
65974
65974
65974
65974
65973
65973
65973
65973
65972
65972
65972
65970
65970
65968
65968
65968
65968
65967
65967
65967
65966
65966
65966
65966
65965
65965
65965
65965
65963
65963
65962
65962
65962
65962
65962
65961
65961
65961
65961
65960
65960
65960
65960
65959
65959
65959
65959
65958
65958
65958
65957
65957
65957
65957
65956
65956
65956
65956
65955
65955
65955
65955
65954
65954
65954
65954
65953
65953
65953
65953
65952
65949
65949
65949
65948
65947
65947
65947
65946
65946
65946
65946
65945
65945
65945
65945
65944
65944
65944
65944
65943
65943
65943
65943
65942
65942
65942
65942
65941
65941
65941
65941
65940
65940
65940
65940
65939
65939
65939
65939
65938
65938
65937
65936
65936
65936
65936
65935
65935
65935
65935
65931
65930
65928
65926
65925
65924
65923
65923
65923
65921
65921
65921
65920
65920
65920
65920
65919
65919
65919
65919
65918
65918
65918
65918
65917
65917
65917
65917
65916
65916
65916
65916
65914
65914
65914
65913
65913
65913
65913
65912
65912
65912
65911
65911
65911
65911
65909
65909
65909
65908
65908
65908
65908
65906
65906
65905
65904
65904
65904
65904
65903
65903
65903
65902
65902
65902
65902
65901
65901
65901
65900
65900
65900
65900
65899
65899
65898
65897
65896
65896
65895
65895
65894
65894
65894
65893
65893
65893
65893
65892
65892
65892
65892
65890
65890
65890
65889
65889
65889
65889
65888
65888
65888
65888
65887
65887
65887
65887
65886
65886
65886
65886
65696
65695
65694
65694
65693
65693
65692
65692
65692
65692
65691
65691
65691
65691
65690
65690
65690
65689
65689
65689
65689
65688
65688
65688
65688
65687
65687
65687
65687
65686
65686
65686
65686
65685
65685
65685
65685
65684
65684
65684
65684
65683
65683
65683
65683
65682
65682
65682
65682
65681
65681
65681
65681
65680
65680
65680
65680
65679
65679
65679
65679
65678
65675
65675
65674
65674
65674
65674
65673
65673
65673
65672
65672
65672
65672
65671
65671
65671
65671
65670
65669
65667
65666
65663
65662
65660
65660
65660
65659
65659
65659
65659
65658
65658
65658
65658
65657
65657
65657
65657
65656
65656
65656
65656
65655
65655
65654
65653
65653
65653
65653
65652
65652
65652
65652
65651
65651
65650
65649
65649
65649
65649
65648
65648
65648
65648
65647
65643
65643
65641
65641
65640
65640
65640
65640
65639
65639
65639
65639
65638
65638
65638
65638
65637
65636
65635
65635
65635
65635
65634
65633
65632
65631
65631
65631
65630
65630
65630
65629
65629
65629
65629
65628
65628
65628
65628
65627
65626
65625
65625
65625
65625
65624
65624
65624
65624
65623
65623
65623
65623
65622
65622
65622
65622
65621
65621
65621
65621
65620
65620
65620
65620
65619
65619
65619
65619
65618
65618
65618
65618
65617
65617
65617
65617
65616
65616
65616
65616
65615
65615
65615
65615
65614
65614
65614
65614
65613
65613
65613
65613
65612
65612
65612
65612
65611
65611
65611
65611
65610
65610
65610
65610
65609
65609
65609
65609
65608
65608
65608
65608
65607
65607
65607
65607
65606
65605
65605
65604
65604
65604
65604
65603
65603
65603
65603
65602
65602
65602
65602
65601
65601
65601
65601
65600
65600
65600
65600
65599
65599
65599
65599
65598
65597
65595
65594
65592
65591
65587
65587
65586
65586
65586
65586
65585
65585
65585
65585
65584
65584
65584
65584
65583
65582
65582
65581
65581
65581
65581
65580
65580
65579
65578
65578
65578
65578
65577
65577
65577
65577
65576
65576
65576
65576
65574
65574
65572
65572
65572
65572
65571
65571
65571
65571
65570
65570
65570
65570
65569
65569
65569
65569
65568
65568
65568
65568
65567
65565
65565
65563
65563
65563
65562
65562
65562
65562
65561
65561
65561
65561
65560
65560
65560
65560
65558
65558
65557
65557
65557
65557
65556
65556
65556
65556
65555
65555
65555
65555
65554
65554
65554
65554
65554
65553
65553
65553
65553
65551
65551
65550
65550
65550
65550
65549
65549
65549
65549
65548
65548
65548
65548
65547
65547
65547
65547
65546
65546
65546
65546
65545
65545
65543
65543
65543
65543
65542
65542
65542
65542
65541
65541
65541
65541
65540
65540
65540
65540
65539
65539
65539
65539
65538
65538
65538
65538
65537
65537
65537
65537
65535
65535
65535
65534
65534
65534
65534
65533
65533
65533
65533
65532
65532
65532
65532
65531
65531
65531
65531
65530
65530
65530
65530
65529
65529
65529
65529
65528
65528
65528
65528
65527
65527
65527
65527
65526
65525
65523
65522
65520
65519
65517
65517
65517
65516
65516
65516
65516
65515
65515
65514
65513
65513
65513
65513
65511
65511
65511
65510
65510
65510
65510
65509
65509
65509
65509
65508
65508
65508
65508
65507
65505
65505
65503
65503
65503
65502
65502
65502
65502
65501
65501
65501
65501
65500
65500
65500
65500
65499
65499
65499
65499
65498
65498
65497
65496
65495
65495
65495
65494
65494
65494
65494
65493
65493
65493
65493
65492
65492
65492
65491
65490
65490
65489
65489
65489
65489
65488
65488
65488
65488
65487
65487
65487
65487
65486
65486
65486
65486
65485
65485
65485
65484
65484
65482
65482
65482
65482
65481
65481
65481
65481
65480
65480
65480
65480
65479
65479
65479
65479
65478
65478
65478
65478
65477
65477
65477
65477
65476
65476
65476
65476
65475
65475
65475
65475
65475
65474
65474
65474
65474
65473
65473
65473
65473
65472
65472
65472
65472
65471
65471
65471
65470
65469
65469
65468
65468
65468
65468
65467
65467
65467
65467
65466
65466
65466
65466
65465
65465
65465
65465
65464
65464
65464
65464
65463
65463
65463
65463
65462
65462
65462
65462
65461
65461
65461
65461
65460
65460
65460
65460
65459
65459
65459
65459
65458
65458
65458
65455
65454
65452
65450
65449
65447
65447
65447
65445
65445
65444
65443
65443
65442
65442
65442
65442
65441
65441
65441
65441
65440
65440
65440
65440
65439
65439
65439
65439
65437
65437
65435
65435
65435
65435
65434
65434
65434
65434
65433
65433
65433
65433
65432
65432
65432
65431
65431
65431
65431
65430
65430
65429
65428
65427
65427
65426
65426
65426
65426
65425
65425
65425
65425
65424
65424
65424
65424
65423
65422
65422
65421
65421
65421
65421
65420
65420
65420
65420
65419
65419
65419
65419
65418
65418
65418
65418
65417
65417
65417
65417
65416
65415
65415
65414
65414
65414
65413
65413
65413
65413
65412
65412
65412
65412
65411
65411
65411
65411
65410
65410
65410
65410
65409
65409
65409
65409
65408
65408
65408
65408
65407
65407
65407
65407
65406
65406
65406
65406
65405
65405
65405
65405
65404
65404
65404
65404
65403
65402
65401
65401
65401
65401
65400
65400
65400
65400
65400
65399
65399
65399
65399
65398
65398
65398
65398
65397
65397
65397
65397
65396
65396
65396
65396
65395
65395
65395
65395
65394
65394
65394
65394
65393
65393
65393
65393
65392
65392
65392
65392
65391
65391
65391
65391
65390
65390
65390
65390
65389
65389
65389
65389
65387
65385
65382
65381
65379
65378
65378
65377
65377
65377
65377
65376
65376
65376
65376
65375
65375
65375
65375
65374
65374
65374
65374
65371
65371
65365
65364
65364
65364
65363
65363
65362
65362
65362
65361
65361
65360
65360
65359
65359
65359
65358
65358
65358
65357
65357
65355
65354
65352
65352
65351
65351
65351
65350
65350
65350
65349
65349
65348
65347
65347
65346
65346
65344
65342
65342
65341
65341
65341
65340
65340
65339
65339
65338
65338
65338
65337
65337
65336
65336
65335
65335
65335
65334
65334
65333
65331
65331
65330
65330
65329
65329
65328
65328
65328
65327
65327
65327
65326
65326
65326
65325
65325
65325
65324
65324
65324
65322
65322
65322
65321
65321
65320
65320
65320
65320
65319
65319
65319
65318
65318
65318
65317
65317
65317
65316
65316
65316
65316
65314
65313
65313
65313
65312
65312
65312
65311
65311
65311
65311
65310
65310
65310
65309
65309
65309
65308
65308
65308
65307
65307
65307
65307
65306
65306
65306
65305
65305
65305
65304
65304
65303
65303
65303
65302
65302
65302
65301
65301
65301
65301
65300
65300
65300
65299
65299
65299
65298
65298
65298
65297
65297
65297
65296
65296
65296
65296
65295
65295
65294
65294
65293
65291
65247
65244
65243
65241
65239
65239
65238
65238
65238
65237
65237
65237
65237
65236
65236
65236
65234
65234
65232
65232
65232
65231
65231
65231
65231
65230
65230
65230
65230
65229
65229
65229
65229
65228
65228
65228
65228
65227
65227
65226
65225
65224
65224
65224
65223
65223
65223
65223
65222
65222
65222
65222
65221
65221
65221
65221
65219
65219
65219
65218
65218
65218
65218
65217
65217
65217
65217
65216
65216
65216
65216
65215
65215
65215
65215
65214
65214
65214
65214
65212
65212
65211
65211
65211
65211
65210
65210
65210
65209
65209
65209
65209
65209
65208
65208
65208
65208
65207
65207
65207
65205
65205
65203
65203
65203
65203
65202
65202
65202
65202
65201
65201
65201
65201
65200
65200
65200
65200
65199
65198
65198
65197
65197
65197
65197
65196
65196
65194
65194
65194
65194
65193
65193
65193
65193
65192
65192
65192
65192
65191
65191
65191
65191
65190
65190
65190
65190
65189
65189
65189
65189
65188
65188
65188
65188
65187
65187
65187
65187
65186
65186
65186
65186
65185
65185
65185
65185
65184
65184
65183
65183
65183
65183
65182
65182
65182
65182
65181
65181
65181
65181
65180
65180
65180
65180
65179
65179
65179
65179
65178
65178
65177
65173
65172
65170
65169
65167
65167
65167
65167
65166
65166
65165
65164
65162
65161
65161
65161
65161
65160
65160
65160
65160
65159
65159
65159
65159
65158
65158
65158
65158
65157
65157
65157
65157
65155
65155
65153
65153
65153
65152
65152
65152
65152
65151
65151
65151
65151
65150
65150
65150
65150
65148
65148
65147
65147
65147
65147
65146
65146
65146
65146
65145
65145
65145
65145
65144
65144
65144
65144
65143
65143
65143
65143
65142
65141
65140
65140
65140
65140
65139
65139
65139
65139
65138
65138
65138
65138
65137
65137
65137
65137
65136
65136
65136
65136
65134
65133
65132
65132
65132
65131
65131
65131
65131
65130
65130
65130
65130
65129
65129
65129
65127
65127
65127
65127
65126
65126
65126
65125
65125
65125
65125
65124
65124
65124
65124
65123
65123
65123
65123
65122
65122
65122
65122
65121
65121
65121
65120
65120
65120
65120
65120
65119
65119
65119
65119
65118
65118
65117
65117
65117
65117
65116
65116
65116
65116
65115
65115
65115
65115
65114
65114
65114
65114
65113
65113
65113
65113
65112
65112
65112
65112
65111
65111
65111
65111
65110
65110
65110
65110
65109
65109
65109
65109
65108
65108
65108
65108
65107
65107
65107
65107
65104
65102
65101
65099
65098
65095
65095
65094
65093
65093
65093
65092
65092
65092
65092
65091
65091
65091
65091
65090
65090
65090
65090
65089
65089
65089
65089
65088
65087
65087
65085
65085
65085
65084
65084
65084
65083
65083
65083
65082
65082
65082
65081
65081
65081
65079
65079
65079
65079
65078
65078
65078
65078
65077
65077
65077
65077
65076
65076
65076
65076
65075
65075
65075
65075
65074
65074
65074
65072
65072
65072
65071
65071
65071
65071
65070
65070
65070
65070
65069
65069
65069
65069
65068
65068
65068
65068
65067
65067
65066
65066
65064
65064
65064
65063
65063
65063
65062
65062
65062
65062
65061
65060
65060
65059
65059
65059
65059
65058
65058
65058
65058
65057
65057
65057
65057
65056
65056
65056
65056
65055
65055
65055
65055
65054
65054
65054
65054
65053
65053
65053
65053
65052
65052
65052
65052
65051
65051
65051
65051
65050
65050
65050
65050
65049
65049
65049
65049
65048
65048
65048
65048
65047
65047
65047
65047
65046
65046
65046
65046
65045
65045
65045
65045
65044
65044
65044
65044
65043
65043
65043
65043
65042
65042
65042
65042
65041
65041
65041
65041
65040
65040
65040
65040
65039
65039
65039
65039
65039
65038
65038
65038
65036
65033
65032
65030
65028
65027
65027
65027
65026
65026
65026
65026
65025
65025
65025
65025
65024
65024
65024
65024
65023
65023
65020
65020
65019
65018
65018
65018
65018
65017
65017
65017
65017
65016
65016
65016
65016
65015
65015
65014
65013
65013
65013
65013
65012
65012
65012
65011
65011
65011
65011
65010
65010
65010
65010
65009
65009
65009
65009
65008
65008
65008
65006
65006
65005
65004
65004
65004
65004
65003
65003
65003
65002
65002
65002
65002
65001
65001
65001
65001
65000
65000
65000
64998
64998
64997
64996
64996
64996
64996
64995
64995
64995
64993
64993
64993
64993
64992
64992
64992
64992
64991
64991
64991
64991
64990
64989
64989
64988
64988
64988
64988
64987
64987
64987
64987
64986
64986
64986
64986
64985
64985
64985
64985
64984
64984
64984
64984
64983
64983
64983
64983
64982
64982
64982
64982
64981
64981
64981
64981
64980
64980
64980
64980
64979
64979
64979
64979
64978
64978
64978
64978
64977
64977
64977
64977
64976
64976
64976
64976
64975
64975
64975
64974
64974
64974
64974
64973
64973
64973
64973
64972
64972
64972
64972
64971
64971
64971
64971
64970
64970
64970
64970
64969
64969
64969
64969
64968
64968
64968
64968
64967
64966
64964
64962
64961
64959
64958
64958
64957
64957
64957
64957
64956
64956
64956
64955
64955
64954
64953
64952
64952
64952
64951
64951
64951
64951
64950
64950
64950
64949
64949
64949
64949
64948
64947
64947
64946
64946
64946
64946
64945
64945
64945
64945
64944
64944
64944
64944
64944
64943
64943
64943
64943
64942
64942
64942
64942
64940
64940
64940
64939
64939
64939
64939
64938
64938
64938
64938
64937
64937
64937
64937
64936
64936
64936
64936
64935
64935
64934
64933
64932
64932
64932
64931
64931
64929
64929
64929
64928
64928
64928
64928
64927
64927
64927
64927
64926
64926
64926
64926
64925
64924
64923
64922
64922
64921
64921
64921
64921
64920
64920
64920
64920
64919
64919
64919
64919
64918
64918
64918
64918
64917
64917
64917
64917
64916
64916
64916
64916
64914
64914
64913
64913
64913
64913
64912
64912
64912
64912
64911
64911
64911
64911
64910
64910
64910
64910
64909
64909
64909
64909
64908
64908
64908
64908
64907
64907
64907
64907
64906
64906
64906
64906
64905
64905
64905
64905
64904
64904
64904
64904
64903
64903
64903
64903
64902
64902
64902
64902
64901
64901
64901
64901
64900
64900
64900
64900
64899
64899
64899
64899
64898
64898
64897
64895
64893
64892
64889
64888
64887
64887
64887
64887
64849
64849
64847
64847
64846
64846
64846
64845
64845
64845
64844
64843
64843
64843
64843
64842
64842
64840
64840
64839
64839
64839
64838
64838
64838
64838
64837
64837
64837
64837
64836
64836
64836
64836
64835
64835
64835
64835
64834
64834
64833
64832
64832
64832
64832
64831
64831
64831
64831
64830
64830
64830
64830
64829
64829
64829
64829
64828
64828
64828
64828
64826
64826
64824
64824
64823
64822
64822
64822
64822
64821
64821
64821
64821
64820
64820
64820
64820
64819
64819
64819
64819
64818
64818
64816
64816
64814
64814
64814
64814
64813
64813
64813
64813
64812
64812
64812
64812
64811
64811
64811
64811
64810
64810
64810
64810
64809
64809
64809
64809
64808
64808
64808
64808
64807
64807
64807
64807
64806
64806
64806
64806
64805
64805
64805
64805
64804
64804
64804
64804
64803
64803
64803
64803
64802
64802
64802
64802
64801
64801
64801
64801
64800
64800
64800
64800
64799
64799
64799
64799
64798
64798
64798
64798
64797
64797
64797
64797
64796
64796
64796
64796
64795
64795
64795
64795
64794
64794
64794
64794
64793
64793
64793
64793
64792
64792
64792
64792
64791
64791
64791
64791
64788
64786
64785
64783
64780
64779
64777
64777
64777
64776
64776
64776
64776
64775
64775
64775
64775
64774
64774
64774
64774
64772
64772
64772
64771
64771
64771
64771
64770
64770
64770
64770
64769
64769
64769
64769
64768
64768
64768
64768
64767
64767
64767
64767
64765
64765
64765
64765
64764
64764
64764
64764
64763
64747
64747
64747
64746
64746
64746
64746
64745
64745
64745
64745
64744
64743
64742
64740
64740
64740
64739
64739
64739
64739
64738
64738
64738
64738
64737
64737
64737
64737
64736
64736
64736
64736
64735
64735
64734
64733
64732
64732
64731
64731
64731
64731
64730
64730
64729
64729
64729
64729
64728
64728
64728
64728
64727
64727
64727
64727
64726
64726
64726
64726
64725
64725
64725
64725
64724
64724
64724
64724
64723
64723
64723
64722
64722
64722
64721
64721
64721
64720
64720
64720
64720
64719
64719
64719
64719
64718
64718
64718
64718
64717
64717
64717
64717
64716
64716
64716
64716
64715
64715
64715
64715
64714
64714
64714
64714
64713
64713
64713
64713
64712
64712
64712
64712
64711
64711
64711
64711
64710
64710
64710
64710
64709
64709
64709
64709
64708
64708
64708
64708
64707
64707
64707
64707
64706
64706
64706
64706
64705
64703
64701
64700
64698
64697
64694
64694
64694
64693
64693
64693
64693
64692
64692
64692
64691
64690
64690
64690
64689
64689
64688
64688
64688
64688
64687
64687
64687
64687
64686
64686
64686
64686
64685
64685
64685
64685
64684
64683
64683
64682
64682
64682
64682
64681
64681
64681
64681
64680
64680
64680
64680
64679
64679
64679
64679
64678
64676
64675
64674
64673
64672
64672
64671
64670
64670
64669
64669
64669
64669
64668
64668
64668
64668
64667
64667
64667
64667
64666
64666
64666
64666
64664
64664
64662
64662
64662
64662
64661
64661
64661
64661
64660
64660
64660
64660
64659
64659
64659
64659
64658
64658
64658
64658
64657
64656
64656
64655
64655
64655
64654
64654
64654
64654
64653
64653
64653
64653
64653
64652
64652
64652
64652
64651
64651
64651
64651
64650
64650
64650
64650
64649
64649
64649
64649
64648
64648
64648
64648
64647
64647
64647
64647
64646
64646
64646
64645
64645
64645
64645
64644
64644
64644
64644
64643
64643
64643
64643
64642
64642
64642
64642
64641
64641
64641
64641
64640
64640
64640
64640
64639
64639
64639
64639
64638
64638
64638
64638
64637
64637
64637
64637
64636
64636
64636
64634
64634
64634
64634
64633
64633
64632
64630
64628
64627
64625
64624
64621
64621
64621
64621
64619
64619
64618
64618
64618
64618
64617
64617
64617
64617
64616
64616
64616
64616
64615
64615
64615
64615
64614
64614
64614
64614
64613
64612
64612
64611
64611
64611
64611
64610
64610
64610
64610
64609
64609
64609
64609
64608
64608
64607
64606
64606
64606
64606
64604
64604
64602
64602
64602
64602
64601
64601
64601
64601
64600
64600
64600
64600
64599
64599
64599
64599
64598
64598
64598
64598
64597
64596
64596
64594
64594
64593
64593
64593
64593
64592
64592
64592
64592
64591
64591
64591
64591
64590
64590
64590
64590
64589
64589
64589
64587
64587
64587
64586
64586
64586
64586
64585
64585
64585
64585
64584
64584
64584
64583
64583
64583
64583
64582
64582
64582
64582
64581
64581
64581
64581
64581
64580
64580
64578
64578
64578
64578
64577
64577
64577
64577
64576
64576
64576
64576
64575
64575
64575
64575
64574
64574
64574
64574
64573
64573
64573
64573
64572
64572
64572
64572
64571
64571
64571
64571
64570
64570
64570
64570
64569
64569
64569
64569
64568
64568
64568
64568
64567
64567
64567
64567
64565
64565
64565
64564
64564
64564
64564
64563
64563
64563
64563
64562
64562
64562
64562
64561
64560
64558
64557
64553
64551
64550
64549
64549
64549
64549
64548
64548
64548
64548
64547
64547
64547
64547
64546
64546
64546
64546
64545
64545
64545
64545
64543
64543
64542
64542
64542
64541
64541
64540
64540
64540
64540
64539
64539
64538
64537
64537
64537
64537
64536
64536
64536
64535
64534
64533
64532
64532
64532
64532
64531
64531
64531
64531
64530
64530
64530
64530
64529
64529
64529
64529
64528
64528
64528
64528
64526
64526
64524
64524
64524
64524
64523
64523
64523
64523
64522
64522
64522
64522
64521
64521
64521
64521
64520
64520
64519
64519
64519
64517
64517
64517
64517
64516
64516
64516
64516
64515
64515
64515
64515
64514
64514
64514
64514
64513
64513
64513
64513
64512
64512
64512
64512
64511
64511
64511
64511
64510
64510
64510
64510
64509
64509
64509
64509
64508
64508
64508
64508
64507
64507
64507
64507
64506
64506
64506
64506
64505
64505
64505
64505
64505
64504
64504
64503
64503
64503
64503
64502
64502
64502
64502
64501
64501
64501
64501
64500
64500
64500
64500
64499
64499
64499
64497
64497
64497
64497
64496
64496
64496
64496
64495
64495
64495
64495
64494
64494
64494
64494
64493
64493
64493
64493
64492
64492
64492
64492
64491
64488
64486
64485
64482
64481
64479
64479
64478
64478
64478
64478
64477
64477
64477
64477
64476
64476
64476
64476
64475
64474
64473
64473
64473
64473
64472
64472
64472
64472
64471
64470
64470
64469
64469
64469
64469
64468
64468
64468
64467
64467
64465
64465
64464
64464
64463
64463
64463
64463
64462
64462
64462
64462
64461
64461
64461
64461
64460
64460
64460
64460
64459
64459
64459
64457
64457
64455
64455
64455
64454
64454
64454
64454
64453
64453
64453
64453
64452
64452
64452
64452
64451
64451
64451
64451
64450
64450
64448
64448
64448
64448
64447
64447
64447
64447
64446
64446
64446
64446
64445
64445
64445
64445
64444
64444
64444
64444
64443
64443
64443
64443
64442
64442
64442
64442
64441
64441
64441
64441
64440
64440
64440
64440
64439
64439
64439
64439
64438
64438
64438
64438
64437
64437
64437
64437
64436
64436
64436
64436
64435
64435
64435
64435
64434
64434
64434
64434
64433
64433
64433
64433
64432
64432
64432
64432
64431
64431
64431
64429
64429
64428
64428
64428
64428
64427
64427
64427
64427
64426
64426
64426
64426
64425
64425
64425
64425
64424
64424
64424
64423
64423
64423
64423
64423
64422
64422
64422
64422
64421
64421
64421
64421
64419
64417
64416
64414
64412
64410
64410
64410
64409
64409
64409
64409
64408
64408
64407
64406
64406
64406
64405
64405
64405
64403
64403
64403
64403
64402
64402
64402
64402
64401
64401
64401
64401
64400
64400
64399
64398
64397
64397
64397
64396
64396
64396
64396
64395
64395
64395
64394
64394
64394
64394
64393
64393
64393
64393
64392
64392
64392
64390
64390
64389
64389
64388
64388
64387
64386
64386
64386
64386
64385
64385
64385
64385
64384
64384
64384
64384
64383
64383
64383
64383
64381
64381
64381
64380
64380
64380
64380
64379
64379
64379
64379
64378
64378
64378
64378
64377
64377
64376
64375
64375
64375
64375
64374
64374
64374
64373
64373
64373
64373
64372
64372
64372
64372
64371
64371
64371
64371
64370
64370
64370
64370
64370
64369
64369
64369
64369
64368
64368
64368
64368
64367
64367
64367
64367
64366
64366
64366
64366
64365
64365
64365
64365
64364
64364
64364
64364
64363
64363
64361
64361
64361
64361
64360
64360
64360
64360
64359
64359
64359
64359
64358
64358
64358
64358
64357
64357
64357
64357
64356
64356
64356
64356
64355
64355
64355
64355
64354
64354
64354
64354
64353
64353
64353
64353
64352
64352
64352
64352
64351
64351
64351
64349
64348
64346
64344
64343
64341
64341
64341
64339
64339
64339
64338
64337
64337
64336
64336
64336
64336
64335
64335
64335
64335
64334
64334
64334
64334
64333
64333
64333
64331
64331
64329
64329
64329
64329
64328
64328
64328
64328
64327
64327
64327
64327
64326
64326
64326
64326
64325
64325
64325
64325
64324
64323
64322
64321
64320
64320
64320
64320
64319
64319
64319
64319
64318
64318
64318
64318
64317
64317
64317
64317
64316
64316
64316
64316
64314
64314
64313
64313
64313
64313
64313
64312
64312
64312
64311
64311
64311
64311
64311
64310
64310
64308
64308
64308
64308
64307
64307
64307
64307
64306
64306
64306
64306
64305
64305
64305
64305
64304
64304
64304
64304
64303
64303
64303
64303
64302
64302
64302
64302
64301
64301
64301
64301
64300
64300
64300
64300
64298
64298
64297
64297
64297
64297
64296
64296
64296
64296
64295
64295
64293
64293
64293
64293
64292
64292
64292
64292
64291
64291
64291
64291
64290
64290
64290
64290
64289
64289
64289
64289
64288
64288
64288
64288
64287
64287
64287
64287
64286
64286
64286
64286
64285
64285
64285
64285
64284
64284
64284
64284
64283
64283
64283
64283
64282
64282
64282
64282
64281
64281
64281
64281
64279
64278
64275
64273
64271
64270
64270
64269
64269
64269
64269
64268
64268
64268
64268
64267
64267
64267
64267
64266
64266
64266
64266
64264
64264
64262
64262
64262
64262
64261
64261
64261
64261
64260
64260
64260
64260
64259
64259
64259
64259
64258
64258
64258
64258
64257
64256
64256
64254
64254
64254
64253
64253
64253
64253
64252
64252
64252
64252
64251
64251
64251
64251
64250
64250
64250
64250
64249
64249
64248
64248
64247
64247
64247
64247
64246
64246
64246
64246
64245
64245
64245
64245
64244
64244
64244
64242
64242
64242
64241
64241
64241
64241
64240
64240
64240
64240
64239
64239
64239
64239
64238
64238
64238
64238
64237
64237
64236
64235
64235
64235
64235
64234
64234
64234
64234
64233
64233
64233
64233
64232
64232
64232
64232
64231
64231
64231
64231
64230
64230
64230
64228
64228
64228
64228
64227
64227
64227
64227
64226
64226
64226
64226
64226
64225
64225
64225
64224
64224
64224
64224
64223
64223
64223
64223
64223
64222
64222
64222
64222
64221
64221
64221
64221
64220
64220
64220
64220
64219
64219
64219
64219
64218
64218
64218
64218
64217
64217
64217
64217
64216
64216
64216
64216
64215
64215
64215
64215
64214
64214
64214
64214
64211
64209
64208
64206
64204
64203
64202
64202
64202
64202
64201
64201
64201
64201
64200
64200
64200
64198
64198
64196
64196
64196
64195
64195
64195
64195
64194
64194
64194
64194
64193
64193
64193
64193
64192
64192
64192
64192
64192
64191
64189
64189
64188
64188
64187
64187
64187
64187
64186
64186
64186
64186
64185
64185
64185
64185
64184
64184
64184
64184
64183
64183
64183
64181
64181
64181
64181
64180
64180
64180
64180
64179
64179
64179
64179
64178
64178
64178
64178
64177
64176
64176
64175
64175
64175
64174
64174
64174
64174
64173
64173
64173
64173
64172
64172
64172
64172
64172
64171
64171
64171
64169
64169
64168
64167
64167
64167
64167
64166
64166
64166
64166
64165
64165
64165
64165
64164
64164
64164
64164
64163
64163
64161
64161
64161
64161
64160
64160
64160
64160
64159
64159
64159
64159
64158
64158
64158
64158
64157
64157
64157
64157
64156
64156
64156
64156
64156
64155
64155
64155
64155
64154
64154
64154
64154
64153
64153
64153
64153
64152
64152
64152
64151
64151
64151
64151
64150
64150
64150
64150
64149
64149
64149
64149
64148
64148
64148
64148
64147
64147
64147
64147
64146
64146
64145
64145
64145
64145
64144
64144
64144
64144
64142
64141
64139
64136
64135
64133
64133
64133
64133
64132
64132
64130
64130
64129
64129
64128
64128
64128
64128
64127
64127
64127
64127
64126
64126
64126
64126
64125
64125
64125
64125
64124
64124
64124
64122
64122
64121
64120
64120
64120
64120
64119
64119
64119
64119
64118
64118
64118
64118
64117
64117
64117
64117
64116
64116
64116
64116
64114
64114
64113
64113
64113
64113
64113
64111
64111
64110
64110
64110
64110
64109
64109
64109
64109
64107
64107
64107
64106
64106
64106
64105
64105
64105
64105
64105
64104
64104
64104
64104
64103
64103
64103
64103
64102
64102
64101
64100
64099
64099
64098
64098
64098
64098
64097
64097
64097
64096
64096
64096
64096
64095
64095
64095
64093
64093
64093
64093
64092
64092
64092
64092
64091
64091
64091
64091
64090
64090
64090
64090
64089
64089
64089
64088
64088
64088
64087
64087
64087
64087
64086
64086
64086
64086
64085
64085
64085
64085
64084
64084
64084
64084
64083
64083
64083
64083
64082
64082
64082
64082
64081
64081
64081
64081
64080
64080
64080
64080
64079
64079
64079
64079
64078
64078
64078
64078
64077
64077
64077
64077
64076
64076
64076
64076
64075
64075
64075
64075
64074
64074
64074
64074
64073
64072
64070
64069
64067
64065
64062
64062
64061
64060
64060
64060
64059
64059
64059
64059
64058
64058
64058
64058
64057
64057
64057
64057
64056
64056
64056
64055
64055
64054
64053
64052
64052
64051
64051
64051
64051
64050
64050
64050
64050
64049
64049
64049
64049
64048
64048
64048
64048
64047
64047
64047
64045
64045
64045
64045
64044
64044
64044
64044
64043
64043
64043
64043
64042
64042
64042
64042
64041
64040
64040
64039
64039
64039
64039
64038
64038
64038
64038
64037
64037
64037
64037
64036
64036
64036
64036
64035
64035
64035
64033
64033
64032
64031
64031
64031
64030
64030
64030
64030
64029
64029
64029
64029
64029
64027
64027
64027
64026
64026
64026
64026
64025
64025
64025
64024
64024
64024
64024
64023
64023
64023
64023
64022
64022
64022
64022
64021
64021
64019
64019
64019
64019
64018
64018
64018
64018
64017
64017
64017
64017
64016
64016
64016
64016
64015
64015
64015
64015
64014
64014
64014
64014
64013
64013
64013
64013
64012
64012
64012
64012
64011
64011
64011
64011
64010
64010
64010
64010
64009
64009
64009
64009
64008
64008
64008
64008
64007
64007
64007
64007
64006
64006
64006
64006
64005
64005
64005
64005
64004
64004
64004
64004
64002
63998
63997
63995
63993
63992
63992
63991
63991
63991
63991
63990
63990
63990
63990
63989
63989
63989
63989
63988
63988
63988
63986
63986
63985
63984
63984
63984
63984
63983
63983
63983
63983
63982
63982
63982
63982
63981
63981
63981
63981
63980
63980
63980
63980
63978
63978
63977
63977
63977
63977
63976
63976
63976
63976
63975
63975
63975
63975
63974
63974
63974
63972
63972
63972
63972
63971
63971
63971
63971
63970
63970
63970
63970
63969
63969
63969
63969
63968
63968
63968
63968
63968
63966
63966
63964
63964
63964
63964
63963
63963
63963
63962
63962
63962
63960
63960
63960
63960
63959
63959
63959
63958
63958
63958
63957
63956
63956
63955
63955
63955
63954
63954
63954
63954
63953
63953
63953
63953
63952
63952
63952
63952
63951
63951
63951
63951
63950
63950
63950
63950
63949
63949
63949
63949
63948
63948
63948
63948
63947
63947
63947
63947
63946
63946
63946
63946
63945
63945
63945
63945
63944
63944
63944
63944
63943
63943
63943
63943
63942
63942
63942
63942
63941
63941
63941
63941
63940
63940
63940
63940
63939
63939
63939
63939
63938
63938
63938
63938
63937
63937
63937
63937
63936
63936
63936
63936
63935
63935
63935
63935
63934
63931
63930
63928
63927
63925
63924
63924
63923
63923
63923
63922
63922
63922
63922
63921
63921
63920
63919
63918
63917
63917
63917
63917
63916
63916
63916
63916
63915
63915
63915
63915
63914
63914
63914
63913
63913
63913
63913
63912
63911
63911
63910
63910
63910
63909
63909
63909
63909
63908
63908
63908
63908
63907
63907
63907
63907
63905
63905
63905
63904
63904
63904
63904
63903
63903
63903
63902
63902
63902
63902
63901
63901
63901
63901
63900
63900
63900
63899
63898
63897
63897
63896
63896
63896
63895
63895
63894
63893
63893
63893
63892
63892
63892
63892
63891
63891
63891
63891
63890
63890
63889
63888
63886
63886
63861
63861
63860
63860
63859
63859
63858
63858
63857
63857
63857
63856
63856
63855
63855
63855
63854
63854
63854
63853
63853
63852
63852
63851
63851
63850
63850
63850
63849
63849
63849
63848
63848
63847
63847
63847
63846
63846
63845
63845
63845
63844
63844
63844
63843
63843
63842
63842
63842
63841
63841
63840
63840
63840
63839
63839
63839
63838
63838
63838
63837
63837
63837
63836
63836
63836
63836
63835
63835
63835
63834
63834
63834
63834
63833
63833
63833
63832
63832
63832
63831
63831
63831
63831
63830
63830
63830
63829
63826
63824
63820
63817
63814
63810
63810
63809
63809
63809
63806
63806
63804
63804
63804
63803
63803
63803
63802
63801
63801
63801
63800
63800
63800
63799
63799
63799
63798
63798
63798
63797
63797
63795
63795
63795
63795
63794
63794
63794
63794
63793
63793
63793
63793
63792
63792
63792
63792
63791
63790
63790
63789
63789
63789
63789
63788
63788
63788
63788
63787
63787
63787
63787
63785
63784
63784
63784
63784
63783
63783
63782
63781
63780
63780
63779
63779
63777
63777
63777
63777
63776
63776
63776
63776
63775
63775
63775
63775
63774
63774
63774
63774
63773
63772
63772
63770
63770
63770
63769
63769
63769
63769
63768
63768
63768
63768
63767
63767
63767
63767
63766
63766
63766
63766
63765
63765
63765
63765
63764
63764
63764
63764
63763
63763
63763
63763
63762
63762
63762
63762
63761
63761
63761
63761
63760
63760
63760
63760
63759
63759
63759
63759
63758
63758
63758
63758
63757
63757
63757
63757
63756
63756
63756
63756
63755
63755
63755
63755
63754
63754
63754
63754
63753
63753
63753
63753
63752
63752
63752
63752
63751
63751
63751
63751
63751
63750
63750
63750
63750
63749
63749
63749
63749
63748
63748
63748
63747
63747
63747
63747
63747
63745
63743
63742
63740
63738
63736
63735
63734
63734
63734
63733
63733
63733
63733
63732
63732
63731
63731
63731
63730
63727
63727
63726
63726
63726
63725
63725
63723
63722
63722
63722
63721
63721
63721
63720
63720
63719
63719
63719
63718
63718
63718
63717
63717
63553
63552
63552
63551
63551
63550
63550
63550
63550
63549
63549
63549
63549
63548
63548
63548
63547
63547
63547
63547
63546
63544
63544
63468
63466
63466
63465
63465
63465
63464
63464
63464
63464
63463
63463
63463
63462
63462
63462
63462
63461
63461
63461
63461
63459
63459
63457
63457
63457
63456
63456
63456
63456
63455
63455
63455
63454
63454
63454
63454
63453
63453
63453
63452
63452
63452
63452
63451
63451
63451
63450
63450
63450
63450
63449
63449
63449
63449
63448
63448
63448
63448
63447
63447
63445
63445
63444
63444
63444
63444
63443
63443
63443
63443
63442
63442
63442
63441
63441
63441
63441
63440
63440
63440
63440
63439
63439
63439
63439
63438
63438
63438
63438
63437
63437
63437
63437
63436
63436
63436
63435
63435
63435
63435
63434
63434
63434
63434
63433
63433
63433
63433
63432
63432
63432
63432
63431
63431
63431
63430
63430
63430
63429
63429
63429
63429
63429
63428
63422
63420
63416
63415
63413
63412
63411
63411
63411
63410
63410
63410
63410
63409
63409
63409
63409
63408
63408
63408
63408
63406
63406
63405
63405
63405
63405
63404
63404
63404
63404
63403
63403
63403
63403
63402
63402
63402
63400
63400
63399
63399
63399
63399
63398
63398
63398
63398
63397
63397
63397
63397
63396
63396
63396
63396
63396
63395
63395
63392
63392
63390
63390
63390
63389
63389
63389
63389
63388
63388
63388
63388
63387
63387
63387
63387
63386
63386
63386
63386
63385
63385
63384
63383
63382
63381
63381
63381
63381
63380
63380
63380
63379
63379
63379
63379
63378
63378
63378
63378
63377
63377
63377
63377
63376
63375
63375
63374
63374
63374
63374
63373
63373
63373
63372
63372
63372
63372
63372
63371
63371
63371
63370
63370
63370
63370
63370
63369
63369
63369
63368
63368
63368
63368
63367
63367
63367
63367
63366
63366
63366
63366
63365
63365
63365
63365
63364
63364
63364
63364
63363
63363
63363
63363
63362
63362
63362
63362
63361
63361
63361
63361
63360
63360
63360
63360
63359
63359
63359
63359
63358
63358
63358
63358
63357
63357
63357
63357
63357
63356
63356
63356
63356
63355
63355
63355
63355
63353
63353
63352
63352
63352
63348
63347
63346
63344
63343
63341
63341
63341
63340
63340
63340
63339
63339
63339
63338
63337
63337
63336
63336
63336
63335
63335
63335
63335
63334
63334
63334
63334
63333
63333
63333
63333
63331
63331
63330
63330
63330
63330
63329
63329
63329
63329
63328
63328
63328
63328
63327
63327
63327
63327
63325
63325
63325
63323
63322
63321
63321
63320
63320
63320
63320
63319
63319
63319
63318
63318
63318
63318
63317
63317
63317
63317
63316
63316
63316
63316
63314
63314
63312
63312
63312
63311
63311
63311
63311
63310
63310
63310
63310
63309
63309
63309
63309
63308
63308
63308
63308
63307
63307
63306
63305
63305
63305
63304
63304
63304
63304
63303
63303
63303
63303
63302
63302
63302
63302
63301
63301
63301
63301
63300
63300
63300
63300
63299
63299
63299
63299
63298
63298
63298
63297
63297
63297
63297
63296
63296
63296
63296
63295
63295
63295
63295
63294
63294
63294
63294
63293
63293
63293
63293
63292
63292
63292
63292
63291
63291
63291
63291
63290
63290
63290
63290
63289
63289
63289
63289
63288
63288
63288
63288
63287
63287
63287
63287
63286
63286
63286
63286
63284
63284
63284
63283
63283
63283
63283
63282
63282
63282
63282
63281
63281
63281
63278
63276
63275
63273
63271
63270
63269
63269
63269
63267
63267
63267
63267
63266
63266
63266
63266
63265
63265
63265
63265
63264
63264
63264
63264
63263
63262
63262
63261
63261
63261
63261
63260
63260
63260
63260
63259
63259
63259
63259
63258
63257
63257
63256
63256
63256
63256
63254
63254
63252
63252
63252
63251
63251
63251
63251
63250
63250
63250
63250
63249
63249
63249
63249
63247
63246
63246
63246
63243
63242
63240
63239
63237
63237
63237
63236
63236
63235
63235
63234
63234
63233
63233
63233
63232
63232
63231
63231
63231
63230
63230
63172
63171
63169
63169
63169
63168
63168
63168
63167
63167
63167
63167
63166
63166
63166
63166
63165
63165
63165
63165
63164
63164
63164
63163
63163
63163
63163
63162
63162
63162
63162
63161
63161
63161
63161
63160
63160
63160
63159
63159
63159
63159
63158
63158
63158
63158
63157
63157
63157
63157
63156
63156
63156
63155
63155
63155
63155
63154
63154
63154
63154
63153
63153
63153
63153
63152
63152
63152
63152
63151
63151
63151
63151
63150
63150
63150
63150
63149
63148
63147
63147
63147
63147
63146
63146
63146
63146
63145
63145
63145
63145
63144
63144
63144
63144
63143
63143
63143
63143
63142
63142
63140
63139
63137
63134
63133
63131
63131
63131
63130
63130
63130
63130
63129
63129
63129
63129
63128
63128
63128
63128
63126
63126
63125
63125
63125
63125
63124
63124
63124
63124
63123
63123
63122
63122
63121
63121
63121
63121
63120
63120
63120
63118
63118
63117
63116
63116
63115
63115
63115
63115
63114
63114
63114
63114
63113
63113
63113
63113
63112
63112
63112
63112
63111
63111
63110
63109
63108
63108
63107
63107
63107
63107
63106
63106
63106
63106
63105
63105
63105
63105
63104
63104
63104
63104
63103
63103
63103
63101
63101
63101
63100
63100
63100
63100
63099
63099
63099
63099
63098
63098
63098
63098
63097
63097
63097
63097
63096
63096
63096
63096
63095
63095
63095
63095
63094
63094
63094
63094
63093
63093
63093
63093
63092
63092
63092
63092
63091
63091
63090
63089
63089
63089
63089
63088
63088
63088
63088
63087
63087
63087
63087
63086
63086
63086
63086
63085
63085
63085
63085
63084
63084
63084
63084
63083
63083
63083
63083
63082
63082
63082
63078
63078
63078
63078
63077
63077
63077
63076
63076
63076
63076
63075
63075
63075
63075
63074
63074
63074
63074
63073
63073
63073
63073
63072
63072
63072
63072
63071
63071
63071
63071
63070
63069
63067
63066
63064
63062
63059
63059
63059
63058
63058
63058
63057
63057
63057
63055
63055
63055
63054
63054
63054
63054
63053
63053
63052
63051
63051
63051
63051
63050
63050
63050
63050
63049
63049
63049
63047
63047
63046
63046
63045
63045
63045
63044
63044
63044
63044
63043
63043
63043
63043
63043
63042
63042
63042
63041
63041
63041
63041
63039
63039
63037
63037
63037
63036
63036
63036
63036
63035
63035
63035
63035
63034
63034
63034
63034
63033
63033
63033
63033
63032
63032
63031
63030
63030
63030
63030
63029
63029
63029
63029
63028
63028
63028
63028
63027
63027
63027
63027
63026
63026
63026
63026
63026
63025
63023
63023
63023
63023
63022
63022
63022
63022
63022
63021
63021
63021
63021
63020
63020
63020
63020
63019
63019
63019
63019
63018
63018
63018
63018
63017
63017
63017
63017
63016
63016
63016
63016
63015
63015
63015
63015
63014
63014
63014
63014
63013
63013
63013
63013
63012
63012
63010
63010
63010
63010
63009
63009
63009
63009
63008
63008
63008
63008
63007
63007
63007
63007
63006
63006
63006
63006
63005
63005
63005
63005
63004
63004
63004
63004
63003
63003
63003
63003
63002
63002
63002
63002
63001
63001
63001
63001
63000
62997
62996
62995
62993
62992
62990
62990
62990
62988
62988
62988
62987
62987
62987
62985
62985
62985
62985
62984
62984
62984
62984
62983
62983
62983
62983
62982
62982
62982
62980
62980
62978
62978
62978
62977
62977
62977
62977
62976
62976
62976
62976
62975
62975
62975
62975
62974
62974
62974
62974
62973
62973
62972
62971
62970
62970
62970
62969
62969
62969
62969
62968
62968
62968
62968
62967
62967
62967
62967
62966
62966
62966
62966
62965
62965
62963
62963
62963
62963
62962
62962
62962
62962
62961
62961
62961
62961
62960
62960
62960
62960
62959
62959
62959
62959
62958
62958
62958
62956
62956
62955
62955
62955
62955
62954
62954
62954
62954
62953
62953
62953
62953
62952
62952
62952
62952
62951
62951
62951
62951
62950
62950
62950
62950
62949
62949
62949
62948
62948
62948
62948
62947
62947
62947
62947
62946
62946
62946
62946
62945
62945
62945
62942
62942
62942
62942
62941
62941
62941
62941
62940
62940
62940
62940
62939
62939
62939
62939
62938
62938
62938
62938
62937
62937
62937
62937
62936
62936
62936
62936
62935
62935
62935
62935
62934
62934
62934
62934
62933
62933
62933
62933
62932
62932
62932
62932
62931
62931
62931
62931
62930
62930
62929
62927
62924
62923
62922
62919
62919
62919
62919
62918
62918
62918
62917
62917
62917
62917
62916
62916
62916
62916
62915
62915
62915
62913
62913
62911
62911
62911
62911
62910
62910
62910
62910
62909
62909
62909
62909
62908
62908
62908
62907
62907
62907
62907
62907
62906
62905
62904
62903
62903
62902
62902
62902
62902
62901
62901
62901
62901
62900
62900
62900
62900
62899
62899
62898
62897
62897
62897
62897
62895
62895
62894
62894
62894
62894
62893
62893
62893
62892
62892
62892
62892
62891
62891
62891
62891
62890
62890
62890
62890
62889
62889
62888
62887
62887
62887
62887
62886
62886
62886
62886
62864
62864
62863
62863
62862
62862
62862
62861
62861
62861
62860
62860
62860
62860
62859
62859
62859
62858
62858
62858
62857
62857
62857
62857
62856
62856
62856
62855
62855
62855
62854
62854
62852
62852
62852
62851
62851
62851
62851
62850
62850
62850
62850
62849
62849
62849
62849
62848
62848
62848
62848
62847
62847
62847
62847
62846
62846
62846
62846
62845
62845
62845
62845
62844
62844
62844
62844
62843
62843
62843
62843
62842
62842
62842
62842
62841
62841
62841
62841
62840
62840
62840
62840
62839
62839
62839
62839
62838
62838
62838
62838
62835
62833
62831
62829
62828
62826
62826
62826
62826
62825
62825
62825
62824
62824
62824
62824
62823
62822
62822
62820
62820
62820
62820
62819
62819
62819
62819
62818
62818
62818
62818
62817
62817
62817
62817
62816
62816
62816
62816
62815
62814
62814
62812
62812
62812
62812
62811
62811
62811
62811
62810
62810
62810
62810
62809
62809
62809
62809
62808
62808
62808
62808
62807
62806
62806
62805
62805
62805
62805
62804
62804
62804
62804
62803
62803
62803
62803
62802
62802
62802
62802
62801
62801
62801
62800
62800
62799
62799
62798
62798
62798
62798
62797
62797
62797
62797
62796
62796
62796
62796
62795
62794
62794
62793
62793
62793
62793
62792
62792
62792
62792
62791
62791
62791
62791
62790
62790
62790
62790
62789
62789
62789
62789
62788
62786
62785
62785
62785
62783
62783
62783
62782
62782
62782
62782
62781
62781
62781
62781
62780
62780
62780
62780
62779
62779
62779
62779
62778
62778
62778
62778
62777
62777
62777
62777
62776
62776
62776
62776
62775
62775
62775
62775
62774
62774
62774
62774
62773
62773
62773
62773
62772
62772
62772
62772
62771
62770
62770
62770
62767
62767
62766
62766
62766
62765
62765
62765
62764
62764
62764
62763
62763
62761
62758
62756
62754
62752
62750
62749
62749
62748
62748
62748
62745
62745
62743
62743
62742
62742
62742
62741
62741
62741
62740
62740
62739
62739
62739
62738
62738
62737
62737
62737
62736
62735
62735
62733
62732
62730
62730
62730
62729
62729
62729
62728
62728
62728
62727
62727
62727
62727
62726
62726
62726
62725
62725
62725
62725
62724
62722
62722
62722
62721
62721
62720
62720
62720
62719
62719
62719
62718
62718
62718
62718
62717
62717
62717
62716
62716
62716
62715
62715
62713
62713
62713
62712
62712
62712
62712
62711
62711
62711
62710
62710
62710
62709
62709
62707
62707
62707
62706
62706
62706
62706
62705
62704
62703
62703
62703
62702
62702
62702
62701
62701
62701
62700
62700
62698
62698
62697
62697
62696
62696
62696
62695
62695
62695
62694
62694
62694
62694
62693
62693
62693
62692
62692
62692
62691
62691
62691
62690
62690
62690
62689
62689
62688
62688
62688
62687
62686
62686
62686
62685
62685
62685
62684
62684
62684
62683
62683
62683
62682
62682
62682
62681
62681
62681
62680
62680
62680
62679
62679
62678
62678
62678
62677
62677
62676
62676
62675
62675
62675
62674
62674
62674
62674
62673
62673
62673
62673
62672
62672
62672
62672
62669
62666
62665
62663
62662
62659
62659
62657
62657
62657
62657
62656
62656
62656
62655
62655
62655
62655
62654
62654
62654
62654
62653
62653
62653
62653
62652
62652
62651
62650
62649
62649
62648
62648
62648
62648
62647
62647
62647
62646
62646
62646
62646
62645
62645
62645
62645
62644
62644
62644
62644
62642
62642
62642
62641
62641
62641
62641
62640
62640
62640
62640
62639
62639
62639
62639
62638
62638
62638
62637
62637
62637
62637
62636
62635
62635
62634
62634
62634
62634
62633
62633
62633
62633
62632
62632
62632
62632
62631
62630
62630
62629
62629
62629
62629
62628
62628
62625
62624
62624
62624
62624
62623
62623
62623
62623
62621
62621
62621
62620
62620
62620
62620
62619
62619
62619
62619
62618
62618
62618
62618
62617
62617
62617
62617
62616
62616
62616
62616
62615
62615
62615
62615
62614
62614
62614
62614
62613
62613
62613
62613
62612
62612
62612
62612
62611
62611
62611
62611
62610
62610
62610
62610
62609
62609
62609
62609
62608
62608
62608
62607
62607
62607
62607
62606
62606
62606
62606
62605
62605
62605
62604
62604
62604
62604
62603
62603
62603
62603
62602
62602
62602
62602
62601
62601
62601
62601
62600
62600
62600
62600
62599
62598
62595
62594
62592
62591
62590
62589
62589
62589
62589
62588
62588
62588
62588
62587
62587
62587
62587
62586
62586
62586
62585
62584
62584
62582
62582
62582
62582
62581
62581
62581
62581
62580
62580
62580
62580
62579
62579
62579
62579
62578
62578
62578
62578
62577
62576
62575
62575
62575
62575
62574
62574
62574
62574
62573
62573
62573
62573
62572
62572
62572
62572
62571
62571
62570
62569
62569
62569
62567
62567
62567
62567
62566
62566
62566
62565
62565
62565
62565
62564
62564
62564
62564
62562
62562
62562
62561
62561
62561
62561
62560
62559
62559
62558
62558
62558
62558
62556
62556
62555
62555
62555
62554
62554
62554
62554
62552
62552
62552
62552
62551
62551
62551
62551
62550
62550
62550
62550
62549
62549
62549
62549
62548
62548
62548
62548
62547
62547
62547
62547
62546
62546
62546
62546
62545
62545
62545
62545
62544
62544
62544
62544
62543
62543
62543
62543
62542
62542
62542
62542
62541
62541
62541
62541
62540
62540
62540
62540
62539
62539
62539
62539
62538
62538
62538
62537
62537
62537
62536
62535
62535
62534
62534
62533
62533
62532
62532
62532
62532
62531
62531
62531
62530
62530
62530
62530
62529
62529
62529
62529
62528
62528
62525
62524
62522
62520
62519
62517
62517
62517
62517
62516
62516
62516
62515
62515
62515
62515
62513
62513
62511
62511
62511
62510
62510
62510
62510
62509
62509
62509
62509
62508
62508
62508
62508
62507
62507
62507
62507
62506
62506
62505
62504
62504
62504
62504
62503
62503
62503
62503
62502
62502
62502
62502
62501
62501
62501
62501
62500
62500
62500
62500
62499
62499
62497
62497
62497
62497
62496
62496
62496
62496
62496
62495
62495
62495
62495
62494
62494
62492
62492
62492
62492
62491
62491
62491
62490
62489
62488
62488
62485
62485
62485
62485
62484
62484
62484
62484
62483
62483
62483
62483
62481
62481
62481
62480
62480
62480
62480
62479
62479
62479
62479
62478
62478
62478
62477
62477
62477
62477
62476
62476
62476
62476
62475
62475
62475
62475
62474
62474
62473
62472
62472
62472
62472
62471
62471
62471
62471
62470
62470
62470
62469
62469
62469
62469
62468
62468
62468
62468
62467
62467
62467
62467
62466
62466
62466
62466
62465
62465
62465
62465
62465
62464
62464
62464
62464
62463
62463
62463
62463
62462
62462
62462
62462
62461
62461
62461
62461
62460
62460
62460
62460
62459
62459
62459
62459
62458
62458
62458
62458
62457
62457
62457
62455
62453
62452
62450
62449
62447
62447
62447
62446
62446
62445
62445
62443
62443
62443
62442
62442
62442
62442
62441
62441
62441
62441
62440
62440
62440
62440
62439
62439
62439
62439
62438
62438
62437
62437
62436
62436
62436
62436
62435
62435
62435
62435
62434
62434
62434
62434
62433
62433
62433
62433
62432
62432
62432
62432
62431
62430
62429
62429
62429
62429
62428
62428
62428
62427
62427
62427
62427
62426
62426
62426
62424
62424
62424
62424
62423
62423
62423
62423
62420
62419
62419
62419
62419
62418
62418
62418
62418
62417
62417
62417
62417
62416
62416
62415
62414
62413
62413
62412
62412
62412
62412
62411
62411
62411
62411
62410
62410
62410
62410
62409
62409
62409
62409
62408
62408
62408
62408
62407
62407
62407
62407
62406
62406
62406
62406
62405
62405
62405
62405
62404
62404
62404
62404
62403
62403
62403
62403
62402
62402
62402
62402
62401
62401
62401
62401
62400
62400
62400
62400
62399
62399
62399
62399
62398
62398
62398
62398
62397
62397
62397
62397
62396
62396
62396
62396
62395
62395
62395
62395
62394
62394
62394
62394
62393
62393
62393
62393
62392
62392
62392
62392
62391
62391
62391
62391
62390
62390
62390
62390
62389
62389
62386
62385
62383
62382
62379
62377
62375
62375
62375
62375
62374
62374
62374
62374
62373
62373
62373
62373
62372
62372
62372
62371
62371
62371
62371
62371
62370
62369
62368
62368
62368
62368
62367
62367
62367
62367
62366
62366
62366
62366
62365
62365
62365
62365
62364
62364
62364
62364
62363
62363
62361
62361
62361
62361
62360
62360
62360
62360
62359
62359
62359
62359
62358
62358
62358
62356
62356
62356
62356
62355
62354
62354
62354
62351
62351
62350
62350
62350
62350
62349
62349
62349
62349
62348
62348
62348
62348
62347
62346
62345
62344
62343
62343
62343
62343
62342
62342
62342
62342
62341
62341
62341
62341
62340
62340
62340
62339
62339
62339
62339
62338
62338
62338
62338
62338
62337
62337
62337
62336
62336
62336
62336
62336
62335
62335
62335
62335
62334
62334
62334
62334
62333
62333
62333
62333
62332
62332
62332
62332
62331
62331
62331
62331
62330
62330
62330
62330
62329
62329
62329
62329
62328
62328
62328
62328
62327
62327
62327
62327
62326
62326
62326
62325
62325
62324
62324
62321
62320
62320
62319
62319
62319
62318
62318
62318
62318
62317
62317
62316
62316
62316
62315
62314
62314
62313
62313
62313
62312
62312
62312
62311
62310
62254
62252
62250
62249
62247
62246
62246
62245
62245
62245
62245
62244
62244
62244
62244
62243
62243
62243
62243
62242
62242
62241
62240
62240
62240
62240
62239
62239
62239
62239
62238
62238
62238
62237
62237
62237
62237
62237
62236
62236
62236
62236
62235
62235
62233
62233
62233
62233
62232
62232
62232
62232
62231
62231
62231
62231
62230
62230
62230
62229
62228
62227
62227
62226
62225
62224
62224
62223
62222
62222
62222
62222
62221
62221
62221
62221
62220
62220
62220
62220
62219
62219
62218
62217
62216
62216
62215
62215
62215
62215
62214
62214
62214
62214
62213
62213
62213
62213
62212
62212
62212
62212
62211
62211
62211
62209
62209
62209
62209
62208
62208
62208
62208
62207
62207
62207
62207
62206
62206
62206
62206
62205
62205
62205
62205
62204
62204
62204
62204
62203
62203
62203
62203
62202
62202
62202
62202
62201
62201
62201
62201
62201
62200
62200
62200
62200
62199
62199
62199
62199
62198
62198
62198
62198
62197
62197
62197
62197
62196
62196
62196
62195
62195
62195
62195
62194
62194
62194
62194
62193
62193
62193
62193
62192
62192
62192
62192
62191
62191
62191
62191
62190
62190
62190
62190
62189
62189
62189
62189
62187
62187
62187
62185
62183
62182
62180
62179
62177
62177
62177
62176
62176
62176
62176
62175
62175
62175
62173
62173
62173
62173
62172
62172
62172
62172
62171
62171
62171
62170
62170
62170
62170
62169
62169
62169
62169
62168
62168
62168
62168
62166
62166
62166
62165
62165
62165
62165
62164
62164
62164
62164
62163
62163
62163
62160
62158
62158
62157
62157
62157
62157
62156
62156
62154
62154
62154
62154
62153
62153
62153
62153
62152
62152
62152
62152
62151
62151
62151
62148
62148
62146
62146
62146
62146
62145
62144
62144
62144
62144
62144
62143
62143
62143
62143
62142
62142
62142
62142
62141
62141
62141
62139
62139
62139
62139
62138
62138
62138
62138
62137
62137
62137
62137
62136
62136
62136
62136
62135
62135
62135
62135
62134
62134
62134
62134
62133
62133
62133
62133
62132
62131
62130
62130
62130
62130
62129
62129
62129
62129
62128
62128
62128
62128
62127
62127
62127
62127
62126
62126
62126
62126
62125
62125
62125
62125
62124
62124
62124
62124
62123
62123
62123
62123
62122
62122
62122
62122
62121
62121
62121
62121
62120
62120
62120
62120
62119
62119
62119
62119
62118
62118
62118
62116
62116
62116
62115
62115
62115
62115
62114
62114
62114
62114
62113
62112
62110
62109
62107
62106
62104
62104
62104
62103
62102
62101
62101
62101
62101
62100
62100
62100
62100
62099
62099
62099
62099
62098
62098
62098
62098
62097
62097
62097
62097
62096
62096
62095
62094
62094
62094
62094
62093
62093
62093
62093
62092
62092
62091
62090
62090
62090
62088
62088
62088
62088
62087
62087
62087
62087
62085
62085
62085
62084
62084
62084
62084
62083
62083
62083
62083
62082
62082
62082
62082
62080
62080
62078
62078
62078
62077
62077
62077
62077
62076
62076
62076
62076
62075
62075
62075
62075
62074
62074
62074
62074
62073
62073
62072
62071
62071
62071
62071
62070
62070
62070
62070
62069
62069
62069
62069
62068
62068
62068
62068
62067
62067
62067
62067
62066
62066
62066
62066
62065
62065
62065
62065
62064
62064
62064
62064
62063
62063
62063
62063
62062
62062
62062
62062
62061
62061
62061
62061
62060
62060
62060
62060
62059
62059
62059
62059
62058
62058
62058
62058
62057
62057
62057
62057
62057
62056
62056
62056
62056
62055
62055
62055
62055
62054
62054
62054
62054
62053
62053
62053
62053
62051
62050
62050
62050
62050
62049
62049
62049
62049
62048
62048
62048
62047
62047
62047
62047
62046
62046
62046
62046
62045
62043
62041
62040
62037
62035
62034
62034
62034
62033
62033
62033
62032
62032
62032
62032
62031
62031
62031
62031
62030
62030
62030
62030
62029
62029
62029
62027
62027
62027
62027
62026
62026
62026
62026
62024
62024
62024
62023
62023
62023
62023
62021
62021
62021
62020
62020
62020
62020
62019
62017
62017
62016
62016
62016
62016
62015
62015
62015
62015
62014
62014
62014
62014
62013
62012
62012
62010
62010
62009
62009
62009
62009
62008
62008
62008
62008
62007
62007
62007
62007
62006
62006
62006
62006
62005
62005
62005
62003
62003
62003
62002
62002
62002
62002
62001
62001
62001
62001
62000
62000
62000
62000
61999
61999
61999
61999
61998
61998
61998
61998
61997
61997
61997
61997
61996
61996
61996
61996
61995
61995
61995
61995
61994
61994
61994
61994
61993
61993
61993
61993
61992
61992
61992
61992
61991
61991
61991
61991
61990
61990
61990
61990
61989
61989
61989
61989
61988
61988
61988
61988
61987
61987
61987
61987
61986
61986
61986
61986
61985
61985
61985
61985
61983
61983
61982
61982
61982
61982
61981
61981
61981
61981
61980
61980
61980
61980
61979
61979
61979
61979
61978
61978
61978
61978
61977
61977
61977
61977
61976
61976
61976
61976
61973
61972
61970
61969
61967
61966
61966
61965
61965
61965
61965
61964
61964
61964
61964
61963
61963
61963
61963
61962
61961
61961
61960
61960
61960
61958
61958
61958
61958
61957
61957
61957
61957
61956
61956
61955
61955
61954
61954
61954
61954
61953
61953
61952
61951
61951
61951
61950
61950
61950
61949
61949
61949
61949
61948
61948
61948
61948
61946
61946
61945
61944
61944
61944
61942
61942
61941
61941
61941
61941
61940
61940
61940
61940
61939
61939
61939
61939
61938
61938
61938
61937
61936
61936
61936
61936
61935
61935
61935
61935
61934
61934
61934
61934
61933
61933
61933
61933
61932
61932
61932
61931
61931
61931
61929
61929
61929
61929
61928
61928
61928
61928
61927
61927
61927
61927
61926
61926
61926
61926
61925
61925
61925
61925
61924
61924
61924
61924
61923
61923
61922
61922
61922
61922
61921
61921
61921
61921
61920
61920
61920
61920
61919
61919
61919
61919
61918
61918
61918
61918
61917
61917
61917
61915
61915
61915
61914
61914
61914
61914
61913
61913
61913
61912
61912
61912
61912
61911
61911
61911
61911
61910
61910
61910
61910
61909
61909
61909
61909
61908
61908
61908
61908
61907
61907
61907
61907
61907
61906
61906
61906
61905
61904
61903
61901
61899
61898
61896
61896
61896
61896
61895
61895
61895
61894
61894
61892
61892
61891
61890
61890
61890
61890
61889
61889
61889
61889
61888
61888
61888
61888
61886
61886
61886
61885
61864
61864
61863
61863
61861
61860
61860
61860
61859
61859
61858
61858
61858
61857
61857
61857
61856
61856
61856
61853
61852
61851
61850
61850
61850
61849
61849
61849
61848
61848
61848
61848
61847
61847
61847
61846
61846
61846
61845
61845
61844
61844
61843
61843
61842
61842
61842
61842
61841
61841
61841
61841
61840
61840
61840
61840
61839
61839
61839
61839
61838
61838
61838
61838
61837
61836
61835
61835
61835
61835
61834
61834
61834
61834
61833
61833
61833
61833
61832
61832
61832
61832
61831
61831
61831
61831
61830
61830
61830
61830
61829
61829
61829
61829
61828
61827
61827
61826
61826
61826
61826
61825
61825
61825
61825
61824
61824
61824
61824
61823
61823
61822
61821
61821
61821
61821
61820
61820
61820
61820
61819
61819
61819
61819
61818
61818
61818
61818
61817
61817
61817
61817
61816
61816
61816
61816
61815
61815
61815
61815
61814
61814
61814
61814
61813
61813
61813
61813
61812
61812
61812
61811
61811
61811
61811
61810
61810
61810
61810
61808
61806
61803
61802
61800
61799
61798
61797
61795
61795
61795
61795
61794
61794
61794
61794
61793
61793
61793
61793
61792
61792
61792
61790
61790
61790
61789
61789
61789
61789
61788
61787
61787
61786
61786
61786
61786
61785
61785
61785
61785
61784
61784
61784
61784
61783
61782
61782
61780
61780
61780
61780
61779
61779
61779
61779
61778
61778
61778
61778
61777
61777
61777
61777
61776
61776
61776
61776
61775
61774
61774
61773
61773
61773
61773
61772
61772
61772
61772
61771
61771
61771
61771
61770
61770
61770
61770
61770
61769
61769
61769
61769
61767
61767
61767
61766
61766
61766
61766
61765
61765
61765
61765
61764
61764
61764
61764
61763
61763
61763
61763
61762
61762
61762
61762
61761
61761
61761
61761
61760
61760
61760
61760
61759
61759
61759
61759
61758
61758
61758
61758
61757
61757
61757
61757
61755
61755
61754
61754
61754
61754
61753
61753
61753
61753
61752
61752
61752
61752
61751
61751
61751
61751
61750
61750
61750
61750
61749
61749
61749
61749
61748
61748
61748
61748
61747
61747
61747
61747
61746
61746
61746
61746
61745
61745
61745
61745
61744
61744
61744
61744
61743
61743
61743
61743
61742
61742
61742
61742
61741
61741
61741
61738
61736
61733
61732
61730
61729
61729
61729
61728
61728
61728
61727
61727
61727
61726
61726
61726
61724
61724
61724
61723
61723
61723
61723
61722
61721
61720
61720
61720
61720
61719
61719
61719
61719
61718
61718
61718
61718
61717
61717
61714
61714
61712
61712
61712
61712
61711
61711
61711
61711
61710
61710
61710
61710
61709
61709
61709
61709
61709
61708
61708
61708
61708
61706
61706
61705
61705
61705
61704
61704
61704
61703
61703
61703
61703
61702
61702
61702
61702
61701
61701
61701
61701
61700
61700
61700
61698
61698
61698
61698
61697
61697
61697
61697
61696
61696
61696
61696
61695
61695
61695
61695
61694
61694
61694
61694
61693
61692
61692
61691
61691
61691
61691
61690
61690
61690
61690
61689
61689
61689
61689
61688
61688
61688
61688
61687
61686
61686
61685
61685
61685
61685
61684
61684
61684
61684
61683
61683
61683
61683
61682
61682
61682
61682
61681
61681
61681
61681
61680
61680
61680
61680
61679
61679
61679
61679
61678
61678
61678
61678
61677
61677
61677
61677
61676
61676
61676
61676
61675
61675
61675
61675
61674
61674
61674
61674
61673
61673
61673
61673
61672
61672
61672
61672
61671
61671
61671
61671
61670
61670
61670
61670
61668
61666
61665
61663
61661
61660
61660
61659
61659
61659
61658
61657
61657
61656
61656
61656
61655
61655
61655
61653
61653
61653
61653
61652
61652
61652
61652
61651
61651
61651
61651
61650
61650
61650
61648
61648
61647
61646
61646
61646
61646
61645
61645
61645
61644
61644
61644
61644
61643
61643
61643
61643
61643
61642
61642
61642
61642
61640
61640
61640
61639
61639
61639
61639
61637
61637
61637
61636
61636
61636
61636
61635
61635
61635
61635
61634
61634
61633
61633
61633
61631
61631
61631
61631
61630
61630
61630
61629
61629
61629
61629
61629
61628
61628
61628
61628
61627
61627
61627
61626
61626
61625
61625
61623
61623
61623
61622
61622
61622
61622
61621
61621
61621
61621
61620
61620
61620
61618
61618
61618
61617
61617
61617
61617
61616
61616
61616
61616
61615
61615
61615
61615
61614
61614
61614
61614
61613
61613
61613
61613
61612
61612
61612
61612
61611
61611
61611
61611
61610
61610
61610
61610
61609
61609
61609
61609
61609
61608
61608
61608
61607
61607
61607
61606
61606
61606
61606
61605
61605
61605
61605
61604
61604
61604
61604
61603
61603
61603
61603
61602
61602
61602
61602
61601
61601
61601
61601
61600
61600
61600
61600
61599
61598
61596
61595
61594
61592
61590
61589
61589
61589
61589
61588
61588
61588
61586
61586
61586
61586
61585
61585
61585
61585
61584
61584
61584
61584
61583
61583
61583
61581
61581
61578
61578
61578
61577
61577
61577
61577
61576
61576
61576
61576
61575
61575
61575
61575
61574
61574
61574
61574
61573
61573
61572
61572
61571
61571
61571
61571
61570
61570
61570
61570
61569
61569
61569
61568
61568
61568
61568
61567
61567
61567
61567
61566
61566
61565
61564
61564
61564
61563
61563
61563
61563
61562
61562
61562
61562
61561
61561
61561
61561
61560
61560
61560
61560
61559
61558
61558
61556
61556
61556
61556
61555
61555
61555
61555
61554
61554
61554
61552
61552
61552
61552
61551
61551
61551
61550
61550
61550
61550
61550
61549
61549
61549
61549
61548
61548
61548
61548
61546
61546
61545
61545
61545
61545
61544
61544
61544
61544
61543
61543
61543
61543
61542
61542
61542
61542
61541
61541
61541
61541
61540
61540
61540
61540
61539
61539
61539
61539
61538
61538
61538
61538
61537
61537
61537
61537
61537
61536
61536
61536
61535
61535
61535
61535
61534
61534
61534
61534
61533
61533
61533
61533
61532
61532
61532
61532
61531
61531
61531
61531
61530
61530
61529
61527
61526
61524
61522
61519
61518
61517
61516
61516
61515
61515
61515
61515
61514
61514
61513
61513
61513
61513
61512
61512
61511
61510
61508
61508
61508
61508
61507
61507
61507
61507
61506
61506
61506
61506
61505
61505
61505
61505
61504
61504
61504
61504
61503
61502
61502
61502
61501
61501
61501
61501
61500
61500
61500
61500
61499
61499
61499
61499
61498
61498
61498
61498
61497
61497
61497
61497
61495
61495
61495
61494
61494
61494
61494
61493
61493
61493
61493
61492
61492
61492
61492
61491
61491
61491
61491
61490
61490
61489
61488
61487
61487
61487
61486
61486
61486
61485
61485
61484
61484
61483
61483
61483
61483
61482
61482
61482
61482
61481
61481
61481
61481
61480
61480
61480
61480
61479
61479
61479
61479
61478
61478
61478
61478
61477
61477
61477
61477
61476
61476
61476
61476
61475
61475
61475
61475
61474
61474
61474
61474
61473
61473
61473
61473
61472
61472
61472
61472
61471
61471
61471
61471
61470
61470
61470
61470
61469
61469
61469
61469
61468
61468
61468
61468
61467
61467
61467
61467
61466
61466
61466
61466
61465
61465
61465
61465
61465
61464
61464
61464
61464
61463
61463
61463
61463
61462
61462
61462
61462
61461
61461
61458
61456
61454
61453
61451
61450
61450
61449
61449
61449
61449
61448
61448
61448
61448
61447
61446
61445
61443
61443
61443
61442
61442
61442
61442
61441
61441
61441
61441
61440
61440
61440
61439
61439
61439
61439
61438
61438
61438
61436
61436
61435
61435
61435
61435
61434
61434
61434
61434
61433
61433
61433
61433
61432
61432
61432
61432
61431
61431
61431
61431
61430
61429
61429
61429
61428
61428
61428
61427
61427
61427
61427
61426
61426
61426
61426
61425
61425
61425
61425
61424
61424
61424
61423
61422
61421
61420
61420
61420
61420
61418
61418
61418
61417
61417
61417
61416
61416
61416
61415
61414
61414
61413
61413
61413
61413
61412
61412
61412
61412
61411
61411
61411
61411
61410
61410
61410
61410
61409
61409
61409
61409
61408
61408
61408
61407
61407
61407
61407
61406
61406
61406
61406
61405
61405
61405
61405
61404
61404
61404
61404
61403
61403
61403
61403
61402
61402
61402
61402
61401
61401
61401
61401
61400
61400
61400
61399
61399
61399
61399
61398
61398
61398
61398
61397
61397
61397
61397
61396
61396
61396
61396
61395
61395
61395
61395
61394
61394
61394
61394
61393
61393
61393
61393
61392
61392
61392
61392
61391
61391
61391
61390
61389
61387
61386
61384
61383
61381
61381
61381
61380
61380
61379
61379
61377
61377
61377
61376
61376
61376
61376
61375
61375
61375
61375
61374
61374
61374
61374
61373
61373
61373
61373
61372
61372
61371
61370
61370
61370
61370
61369
61369
61369
61369
61368
61368
61368
61368
61367
61367
61367
61367
61366
61366
61366
61366
61365
61365
61364
61363
61363
61363
61363
61362
61362
61362
61360
61360
61360
61359
61359
61359
61359
61358
61358
61358
61358
61357
61357
61356
61355
61354
61354
61352
61352
61352
61351
61351
61351
61351
61350
61350
61350
61350
61349
61349
61348
61347
61347
61347
61347
61346
61346
61346
61345
61344
61343
61343
61343
61343
61342
61342
61342
61342
61341
61341
61341
61341
61340
61340
61340
61340
61339
61339
61339
61339
61338
61338
61338
61338
61338
61337
61337
61337
61336
61336
61336
61336
61335
61335
61335
61335
61334
61334
61334
61334
61333
61333
61333
61333
61333
61332
61332
61332
61332
61331
61331
61331
61331
61330
61330
61330
61330
61329
61329
61329
61329
61328
61328
61328
61328
61327
61327
61327
61327
61326
61326
61326
61326
61325
61325
61325
61325
61324
61324
61324
61324
61323
61323
61323
61323
61322
61322
61322
61319
61317
61316
61315
61312
61311
61309
61309
61309
61308
61308
61308
61307
61307
61307
61307
61306
61306
61306
61306
61305
61305
61305
61305
61304
61304
61304
61301
61301
61301
61301
61300
61300
61300
61300
61299
61299
61299
61299
61298
61298
61298
61298
61297
61297
61297
61297
61296
61296
61296
61294
61294
61294
61294
61293
61293
61293
61293
61292
61292
61292
61292
61291
61290
61224
61223
61223
61222
61222
61221
61221
61218
61217
61215
61215
61215
61215
61214
61214
61214
61214
61213
61213
61213
61213
61212
61212
61212
61210
61210
61210
61209
61209
61209
61209
61208
61207
61207
61207
61206
61206
61206
61205
61205
61205
61205
61204
61204
61204
61204
61203
61203
61203
61203
61202
61202
61202
61202
61201
61201
61201
61201
61200
61200
61200
61200
61199
61199
61197
61197
61197
61197
61196
61196
61196
61196
61195
61195
61195
61195
61194
61194
61194
61194
61193
61193
61193
61193
61192
61192
61192
61192
61191
61191
61191
61191
61190
61190
61190
61189
61189
61189
61189
61188
61188
61188
61188
61187
61187
61187
61186
61186
61186
61186
61185
61185
61185
61185
61184
61184
61184
61183
61183
61183
61182
61182
61182
61182
61181
61181
61181
61181
61178
61176
61174
61173
61171
61170
61169
61169
61169
61169
61168
61168
61168
61168
61167
61167
61167
61167
61166
61166
61166
61164
61164
61164
61163
61163
61163
61163
61162
61162
61162
61162
61161
61161
61161
61161
61160
61160
61160
61160
61159
61159
61159
61159
61157
61157
61157
61156
61156
61156
61156
61155
61155
61155
61155
61154
61154
61154
61154
61153
61153
61153
61153
61151
61151
61149
61149
61148
61147
61147
61147
61147
61146
61146
61146
61146
61145
61145
61145
61145
61144
61144
61143
61142
61142
61142
61141
61141
61141
61140
61139
61139
61138
61138
61138
61137
61137
61137
61137
61137
61136
61136
61136
61135
61135
61134
61133
61133
61133
61133
61132
61132
61132
61132
61131
61130
61130
61129
61127
61126
61125
61125
61125
61124
61124
61124
61123
61123
61123
61122
61122
61122
61121
61121
61121
61120
61120
61119
61119
61119
61118
61118
61118
61117
61117
61116
60905
60903
60902
60902
60901
60901
60901
60901
60900
60900
60900
60900
60899
60899
60899
60898
60898
60898
60897
60897
60897
60897
60896
60896
60896
60896
60895
60895
60895
60894
60894
60894
60893
60893
60893
60892
60892
60892
60892
60891
60891
60891
60891
60890
60890
60887
60863
60861
60857
60855
60853
60851
60851
60850
60850
60850
60849
60849
60849
60849
60848
60842
60842
60841
60841
60841
60841
60840
60840
60840
60840
60839
60839
60839
60839
60838
60838
60838
60838
60837
60837
60837
60837
60836
60835
60835
60834
60834
60834
60834
60833
60833
60833
60833
60832
60832
60832
60832
60831
60831
60830
60829
60829
60829
60829
60827
60827
60825
60825
60825
60825
60824
60824
60824
60824
60823
60823
60823
60822
60822
60822
60822
60820
60820
60819
60819
60819
60819
60818
60818
60817
60817
60816
60816
60816
60816
60815
60815
60815
60815
60814
60814
60814
60813
60813
60811
60811
60811
60811
60810
60810
60810
60810
60809
60809
60809
60809
60808
60808
60808
60808
60808
60807
60807
60807
60806
60806
60806
60806
60805
60805
60805
60805
60804
60804
60804
60804
60803
60803
60803
60803
60802
60802
60802
60802
60801
60801
60801
60801
60800
60800
60800
60800
60799
60799
60799
60799
60798
60798
60798
60798
60797
60797
60797
60797
60796
60796
60796
60796
60795
60795
60795
60795
60794
60794
60794
60794
60793
60793
60793
60793
60792
60792
60792
60792
60791
60791
60791
60790
60789
60789
60789
60789
60788
60788
60788
60788
60787
60786
60784
60783
60781
60780
60778
60778
60778
60777
60776
60776
60775
60775
60775
60775
60774
60774
60774
60774
60773
60773
60773
60773
60772
60772
60772
60772
60771
60771
60771
60771
60770
60769
60769
60768
60768
60768
60768
60767
60767
60767
60767
60766
60766
60766
60764
60764
60764
60764
60763
60763
60763
60763
60761
60761
60760
60759
60759
60759
60759
60758
60758
60758
60758
60756
60756
60755
60755
60755
60755
60753
60753
60753
60752
60752
60752
60751
60751
60750
60750
60749
60749
60749
60749
60748
60748
60748
60748
60747
60747
60747
60747
60746
60745
60745
60744
60744
60744
60744
60743
60743
60743
60743
60742
60742
60742
60742
60741
60741
60741
60741
60740
60740
60740
60740
60739
60739
60739
60739
60738
60738
60738
60738
60737
60737
60737
60737
60736
60736
60736
60736
60735
60735
60735
60735
60734
60734
60734
60734
60733
60733
60733
60733
60732
60732
60732
60732
60731
60731
60731
60731
60730
60730
60730
60730
60729
60729
60729
60729
60729
60728
60728
60727
60727
60727
60727
60726
60726
60726
60726
60725
60725
60725
60723
60723
60723
60722
60722
60722
60722
60721
60721
60721
60721
60721
60720
60720
60720
60720
60719
60719
60719
60717
60716
60714
60711
60710
60707
60707
60706
60706
60706
60706
60705
60705
60705
60704
60704
60704
60704
60703
60703
60703
60703
60702
60702
60702
60702
60700
60700
60700
60699
60699
60699
60699
60698
60698
60698
60696
60696
60696
60696
60695
60695
60695
60695
60694
60694
60694
60692
60692
60691
60691
60690
60690
60690
60690
60689
60689
60689
60689
60688
60688
60688
60688
60687
60686
60686
60685
60685
60685
60685
60684
60684
60682
60682
60682
60682
60681
60681
60681
60681
60680
60680
60680
60680
60679
60679
60679
60677
60677
60677
60677
60676
60676
60676
60676
60675
60675
60675
60675
60674
60674
60674
60674
60673
60673
60673
60673
60672
60672
60672
60672
60671
60671
60671
60671
60670
60670
60670
60670
60669
60669
60669
60669
60668
60668
60668
60668
60667
60666
60665
60665
60665
60665
60664
60664
60664
60664
60663
60663
60663
60662
60662
60662
60662
60661
60661
60661
60661
60660
60660
60660
60660
60659
60659
60659
60659
60658
60658
60658
60658
60657
60657
60657
60657
60655
60655
60654
60654
60654
60653
60653
60653
60653
60652
60652
60652
60652
60651
60651
60651
60651
60650
60650
60650
60650
60649
60649
60649
60649
60648
60648
60648
60646
60645
60643
60641
60639
60636
60636
60636
60636
60635
60635
60634
60634
60634
60634
60633
60633
60633
60633
60632
60631
60630
60630
60630
60630
60629
60629
60628
60627
60627
60627
60627
60626
60626
60626
60625
60625
60625
60625
60624
60624
60623
60622
60621
60621
60620
60620
60620
60620
60619
60619
60619
60619
60618
60618
60618
60618
60617
60616
60616
60615
60615
60615
60614
60614
60614
60612
60612
60612
60612
60611
60611
60611
60611
60610
60610
60610
60610
60609
60609
60609
60607
60607
60607
60607
60606
60606
60606
60606
60605
60605
60605
60605
60604
60604
60604
60604
60603
60603
60603
60603
60602
60602
60602
60600
60600
60600
60600
60599
60599
60599
60599
60598
60598
60598
60598
60597
60597
60597
60597
60596
60596
60596
60596
60595
60595
60595
60595
60594
60594
60594
60594
60593
60593
60593
60593
60592
60592
60592
60592
60591
60591
60591
60591
60590
60590
60590
60590
60589
60589
60589
60589
60588
60588
60588
60586
60586
60586
60586
60585
60585
60585
60585
60584
60584
60584
60584
60583
60583
60583
60583
60582
60582
60582
60582
60581
60581
60581
60581
60581
60580
60580
60580
60580
60579
60579
60579
60579
60578
60578
60578
60578
60575
60573
60572
60570
60569
60565
60565
60564
60564
60564
60564
60563
60563
60563
60561
60561
60561
60560
60559
60559
60559
60558
60558
60558
60558
60557
60557
60557
60557
60556
60556
60556
60556
60555
60555
60554
60553
60552
60552
60551
60551
60551
60550
60550
60550
60550
60549
60549
60549
60549
60548
60548
60547
60547
60546
60546
60546
60546
60545
60545
60544
60544
60543
60543
60543
60543
60542
60542
60542
60542
60541
60541
60541
60541
60540
60539
60539
60538
60538
60538
60538
60537
60537
60537
60537
60536
60536
60536
60536
60535
60535
60535
60535
60534
60534
60534
60534
60533
60532
60532
60531
60531
60531
60531
60530
60530
60530
60530
60529
60529
60529
60529
60528
60528
60528
60528
60527
60527
60527
60527
60526
60526
60526
60526
60525
60525
60525
60525
60524
60524
60524
60524
60523
60523
60523
60523
60522
60522
60522
60522
60521
60521
60521
60521
60520
60520
60518
60518
60518
60518
60517
60517
60517
60517
60516
60516
60516
60515
60515
60515
60515
60514
60514
60514
60514
60513
60513
60513
60513
60512
60512
60512
60512
60511
60511
60511
60511
60510
60510
60510
60510
60509
60509
60509
60508
60508
60508
60508
60507
60507
60507
60507
60505
60504
60502
60501
60499
60498
60497
60497
60495
60494
60494
60494
60493
60493
60493
60493
60492
60492
60492
60492
60491
60491
60491
60491
60490
60490
60490
60490
60489
60488
60488
60486
60486
60485
60485
60485
60485
60484
60484
60484
60484
60483
60483
60483
60483
60482
60481
60481
60480
60480
60480
60480
60479
60479
60478
60477
60477
60477
60477
60476
60476
60476
60476
60475
60474
60473
60473
60473
60473
60471
60471
60471
60471
60470
60470
60470
60470
60469
60469
60469
60469
60468
60468
60468
60468
60467
60467
60467
60467
60466
60466
60466
60464
60464
60464
60464
60463
60463
60463
60463
60462
60462
60462
60462
60461
60461
60461
60460
60460
60460
60460
60459
60459
60458
60458
60458
60458
60457
60457
60457
60457
60456
60456
60456
60456
60456
60455
60455
60455
60455
60454
60454
60454
60453
60453
60453
60453
60451
60451
60450
60450
60450
60450
60449
60449
60449
60449
60448
60448
60448
60448
60447
60447
60447
60447
60446
60446
60446
60446
60445
60445
60445
60445
60444
60444
60444
60444
60443
60443
60443
60443
60442
60442
60442
60442
60442
60441
60441
60441
60440
60440
60440
60440
60440
60439
60439
60439
60439
60438
60438
60438
60438
60436
60435
60432
60431
60428
60426
60426
60426
60426
60425
60425
60425
60424
60424
60424
60424
60423
60423
60423
60423
60422
60422
60422
60420
60420
60418
60418
60418
60417
60417
60417
60416
60416
60416
60416
60415
60415
60415
60415
60414
60413
60413
60413
60412
60412
60412
60412
60411
60410
60410
60409
60409
60409
60408
60408
60408
60408
60408
60407
60407
60407
60407
60406
60405
60405
60404
60404
60404
60404
60403
60403
60403
60403
60402
60402
60402
60401
60401
60401
60401
60400
60400
60400
60400
60399
60399
60398
60397
60397
60397
60397
60396
60396
60396
60396
60395
60395
60395
60395
60394
60394
60394
60394
60393
60393
60393
60393
60391
60391
60391
60390
60390
60390
60389
60389
60389
60389
60389
60388
60388
60388
60388
60387
60387
60387
60387
60386
60386
60384
60383
60383
60383
60382
60382
60382
60382
60381
60381
60381
60381
60380
60380
60380
60380
60379
60379
60379
60379
60378
60378
60378
60378
60377
60377
60377
60377
60377
60376
60376
60376
60376
60375
60375
60375
60375
60374
60374
60374
60374
60373
60373
60373
60373
60372
60372
60372
60371
60371
60371
60371
60371
60370
60370
60370
60370
60369
60369
60369
60369
60368
60368
60368
60366
60364
60363
60361
60360
60358
60358
60358
60357
60357
60357
60356
60356
60356
60356
60355
60355
60354
60354
60352
60351
60351
60351
60350
60350
60347
60347
60346
60346
60346
60345
60345
60344
60344
60342
60342
60341
60341
60340
60340
60340
60340
60337
60337
60336
60336
60335
60335
60335
60334
60334
60333
60333
60333
60332
60332
60332
60168
60167
60166
60166
60165
60165
60164
60164
60164
60164
60163
60163
60163
60163
60162
60162
60162
60162
60161
60161
60161
60161
60160
60158
60158
60157
60157
60157
60157
60156
60156
60156
60155
60155
60155
60155
60154
60154
60154
60153
60153
60153
60153
60153
60151
60151
60149
60149
60149
60148
60148
60148
60148
60147
60147
60147
60147
60146
60146
60146
60146
60145
60144
60144
60143
60143
60143
60142
60142
60142
60141
60141
60141
60141
60140
60140
60140
60140
60139
60139
60139
60139
60138
60138
60138
60138
60137
60137
60137
60137
60136
60136
60136
60136
60135
60135
60135
60135
60134
60134
60134
60134
60133
60133
60133
60133
60132
60132
60132
60132
60131
60131
60131
60131
60130
60130
60130
60130
60129
60129
60129
60129
60128
60128
60128
60128
60127
60127
60127
60127
60126
60126
60126
60126
60125
60122
60121
60119
60118
60114
60112
60112
60112
60111
60111
60111
60109
60109
60107
60107
60106
60106
60106
60106
60105
60105
60105
60105
60104
60104
60104
60104
60103
60102
60102
60102
60101
