225884
180932
173955
124969
117876
68960
68959
68958
68957
68957
68956
68956
68955
68955
68954
68948
68948
68947
68947
68946
68946
68945
68945
68945
68944
68942
68942
68942
68940
68939
68938
68938
68938
68937
68937
68937
68935
68935
68934
68934
68934
68934
68933
68933
68932
68932
68932
68932
68931
68931
68931
68930
68930
68928
68928
68927
68926
68926
68926
68925
68925
68925
68924
68924
68924
68924
68923
68923
68922
68921
68921
68921
68921
68920
68920
68920
68920
68919
68919
68919
68919
68919
68918
68918
68918
68917
68917
68917
68917
68916
68916
68916
68916
68915
68915
68915
68915
68915
68914
68912
68912
68912
68912
68911
68911
68911
68911
68911
68910
68910
68910
68910
68909
68909
68909
68909
68908
68908
68908
68907
68907
68907
68907
68906
68906
68906
68905
68905
68905
68905
68905
68904
68904
68904
68903
68903
68903
68903
68902
68902
68901
68901
68901
68901
68901
68900
68900
68900
68899
68899
68899
68899
68898
68897
68896
68896
68896
68896
68895
68895
68895
68894
68894
68894
68894
68893
68893
68893
68893
68892
68892
68892
68892
68891
68891
68891
68890
68890
68890
68890
68889
68889
68889
68889
68888
68888
68888
68888
68887
68887
68887
68887
68885
68883
68882
68880
68873
68871
68871
68871
68870
68870
68870
68869
68869
68869
68867
68867
68865
68865
68864
68864
68864
68864
68863
68863
68863
68863
68862
68862
68862
68860
68860
68860
68860
68859
68859
68859
68859
68857
68857
68857
68857
68856
68856
68856
68856
68855
68855
68855
68854
68854
68854
68854
68852
68852
68850
68850
68850
68850
68849
68849
68849
68849
68848
68848
68845
68845
68845
68845
68844
68844
68844
68844
68843
68843
68843
68841
68841
68841
68840
68840
68840
68840
68840
68839
68839
68839
68839
68838
68838
68838
68838
68837
68837
68837
68837
68836
68836
68836
68834
68834
68833
68833
68833
68833
68832
68832
68832
68832
68832
68831
68831
68831
68831
68830
68830
68830
68830
68829
68829
68829
68829
68828
68828
68828
68828
68827
68827
68827
68827
68826
68826
68826
68826
68826
68825
68825
68825
68825
68824
68824
68824
68824
68823
68823
68822
68821
68821
68821
68821
68820
68820
68820
68820
68819
68819
68819
68819
68818
68818
68818
68818
68817
68817
68817
68817
68816
68816
68816
68816
68815
68815
68815
68815
68815
68814
68814
68814
68814
68813
68813
68813
68813
68812
68812
68812
68812
68811
68811
68811
68811
68810
68810
68809
68807
68806
68804
68803
68801
68801
68789
68788
68787
68787
68787
68787
68786
68786
68786
68786
68785
68785
68785
68785
68785
68784
68783
68782
68782
68782
68782
68782
68781
68781
68780
68779
68779
68778
68778
68778
68778
68777
68777
68776
68776
68776
68776
68775
68775
68774
68773
68772
68772
68771
68771
68771
68770
68770
68769
68769
68769
68769
68768
68768
68768
68768
68767
68767
68767
68767
68767
68766
68765
68765
68764
68764
68764
68764
68763
68763
68763
68763
68762
68762
68762
68762
68761
68761
68761
68761
68760
68760
68760
68760
68759
68758
68758
68758
68757
68757
68757
68757
68756
68756
68756
68756
68755
68755
68755
68755
68754
68754
68754
68754
68753
68753
68753
68753
68752
68752
68752
68752
68752
68751
68751
68751
68751
68750
68750
68750
68750
68748
68748
68747
68747
68747
68747
68746
68745
68744
68744
68744
68744
68743
68743
68743
68743
68742
68742
68742
68742
68742
68741
68741
68741
68741
68740
68740
68740
68740
68739
68739
68739
68739
68738
68738
68738
68738
68737
68737
68737
68737
68736
68736
68736
68736
68735
68735
68735
68735
68734
68734
68734
68734
68733
68733
68733
68733
68733
68732
68732
68732
68732
68731
68731
68729
68728
68724
68722
68721
68719
68719
68719
68719
68718
68718
68718
68718
68717
68717
68717
68717
68715
68715
68714
68714
68714
68714
68714
68713
68712
68711
68711
68711
68711
68710
68710
68710
68710
68709
68709
68709
68709
68708
68708
68707
68706
68705
68705
68704
68704
68704
68704
68703
68703
68703
68703
68702
68702
68702
68702
68702
68701
68701
68701
68701
68700
68700
68699
68698
68698
68698
68697
68697
68697
68697
68696
68696
68696
68696
68695
68695
68695
68695
68695
68694
68694
68694
68694
68693
68693
68692
68691
68691
68691
68690
68690
68690
68690
68689
68689
68689
68689
68688
68688
68688
68688
68688
68687
68687
68687
68687
68685
68685
68685
68684
68684
68683
68683
68683
68682
68682
68681
68681
68678
68678
68677
68677
68676
68676
68676
68673
68673
68673
68673
68672
68672
68672
68671
68599
68598
68598
68598
68598
68597
68597
68597
68597
68596
68596
68596
68596
68595
68595
68595
68595
68594
68594
68594
68594
68593
68593
68593
68593
68592
68592
68592
68592
68591
68591
68591
68591
68591
68590
68590
68590
68590
68589
68589
68589
68589
68588
68588
68588
68588
68587
68587
68587
68587
68586
68586
68586
68586
68585
68585
68585
68585
68581
68579
68578
68576
68574
68573
68572
68572
68572
68572
68571
68570
68570
68569
68569
68569
68569
68568
68568
68567
68566
68566
68566
68566
68565
68565
68565
68565
68564
68564
68564
68564
68563
68563
68561
68561
68560
68559
68559
68559
68559
68558
68558
68558
68558
68557
68557
68557
68557
68556
68556
68556
68556
68556
68555
68555
68555
68553
68553
68553
68553
68552
68552
68552
68552
68551
68551
68551
68551
68550
68550
68550
68550
68549
68549
68549
68549
68548
68548
68548
68547
68546
68546
68546
68546
68545
68545
68545
68545
68544
68544
68544
68544
68543
68543
68543
68543
68542
68542
68542
68542
68540
68540
68538
68538
68538
68537
68537
68537
68537
68537
68536
68536
68536
68536
68535
68535
68533
68533
68533
68533
68532
68532
68532
68532
68531
68531
68531
68531
68530
68530
68530
68529
68529
68529
68528
68528
68528
68528
68527
68527
68527
68527
68526
68526
68526
68526
68526
68525
68525
68525
68525
68524
68524
68524
68524
68523
68523
68523
68523
68522
68522
68522
68522
68521
68521
68521
68521
68520
68520
68520
68520
68520
68519
68519
68519
68519
68518
68518
68518
68518
68517
68517
68516
68516
68516
68516
68515
68515
68515
68515
68515
68512
68510
68509
68506
68504
68502
68501
68501
68501
68501
68500
68500
68500
68498
68498
68498
68497
68497
68497
68497
68496
68496
68496
68496
68495
68495
68495
68495
68493
68493
68491
68491
68491
68491
68490
68490
68490
68490
68490
68489
68489
68489
68489
68488
68488
68488
68488
68487
68487
68487
68487
68485
68485
68485
68484
68484
68484
68484
68483
68483
68483
68483
68482
68482
68481
68480
68480
68480
68480
68480
68479
68479
68479
68479
68477
68477
68477
68476
68476
68476
68475
68475
68475
68475
68475
68474
68474
68474
68474
68473
68473
68473
68473
68472
68472
68470
68470
68469
68468
68468
68468
68468
68467
68467
68467
68467
68466
68466
68465
68464
68464
68464
68464
68463
68463
68463
68463
68462
68462
68462
68462
68462
68461
68461
68461
68461
68460
68460
68460
68460
68459
68459
68459
68458
68458
68458
68458
68457
68457
68457
68456
68456
68456
68456
68455
68455
68455
68455
68454
68454
68454
68454
68453
68453
68453
68453
68452
68452
68452
68452
68451
68451
68451
68451
68450
68450
68450
68450
68450
68449
68449
68449
68449
68448
68448
68448
68448
68447
68447
68447
68447
68446
68446
68446
68446
68445
68445
68445
68445
68444
68444
68444
68442
68441
68439
68438
68436
68434
68433
68432
68431
68431
68431
68431
68430
68430
68430
68430
68430
68429
68429
68429
68429
68428
68427
68426
68425
68425
68424
68424
68424
68424
68423
68423
68423
68423
68422
68422
68422
68422
68421
68421
68421
68421
68420
68420
68420
68418
68418
68418
68418
68417
68417
68417
68417
68416
68416
68416
68415
68415
68415
68415
68414
68414
68414
68414
68413
68413
68413
68413
68411
68411
68411
68410
68410
68410
68410
68409
68409
68409
68409
68408
68408
68408
68408
68407
68407
68407
68407
68407
68406
68405
68404
68403
68403
68402
68402
68402
68402
68401
68401
68400
68399
68399
68399
68399
68398
68398
68398
68398
68397
68397
68397
68397
68396
68396
68396
68396
68395
68395
68395
68395
68394
68394
68394
68394
68393
68393
68393
68393
68391
68391
68391
68390
68390
68390
68390
68389
68389
68389
68389
68389
68388
68388
68388
68388
68387
68387
68387
68387
68386
68386
68386
68386
68385
68385
68385
68385
68384
68384
68384
68384
68384
68383
68383
68383
68383
68382
68382
68382
68382
68381
68381
68381
68381
68380
68380
68380
68380
68379
68379
68379
68379
68378
68378
68378
68378
68378
68377
68377
68377
68377
68376
68376
68374
68370
68368
68367
68366
68364
68363
68363
68362
68362
68362
68361
68361
68361
68361
68360
68359
68359
68357
68357
68356
68356
68356
68355
68355
68355
68355
68354
68354
68354
68354
68353
68353
68353
68353
68352
68352
68352
68352
68350
68350
68350
68349
68349
68349
68349
68348
68348
68348
68348
68348
68347
68347
68347
68347
68346
68346
68346
68346
68345
68345
68345
68343
68343
68343
68342
68342
68342
68342
68341
68341
68341
68341
68340
68340
68340
68340
68340
68339
68339
68339
68339
68338
68337
68337
68335
68335
68335
68334
68334
68333
68332
68332
68332
68331
68331
68331
68330
68330
68330
68328
68328
68328
68328
68327
68327
68327
68326
68326
68326
68326
68325
68325
68325
68325
68324
68324
68324
68324
68323
68323
68323
68323
68322
68322
68322
68322
68322
68321
68321
68321
68320
68320
68320
68320
68320
68319
68319
68319
68319
68318
68318
68318
68318
68317
68317
68317
68317
68316
68316
68316
68316
68315
68315
68315
68315
68314
68314
68314
68314
68313
68313
68313
68313
68313
68312
68312
68312
68312
68311
68311
68311
68311
68310
68310
68310
68310
68309
68309
68309
68309
68308
68308
68308
68308
68307
68307
68307
68307
68306
68306
68306
68303
68301
68300
68299
68297
68295
68295
68295
68295
68294
68293
68293
68291
68291
68291
68290
68290
68290
68290
68289
68289
68289
68289
68288
68288
68288
68288
68287
68287
68287
68287
68287
68286
68285
68284
68284
68284
68284
68284
68283
68283
68283
68282
68282
68282
68282
68281
68281
68281
68281
68280
68280
68280
68280
68279
68279
68277
68277
68277
68277
68276
68276
68276
68276
68275
68275
68275
68275
68274
68274
68274
68274
68273
68273
68273
68273
68272
68271
68271
68269
68269
68268
68267
68267
68267
68267
68267
68266
68266
68266
68266
68265
68265
68265
68263
68263
68263
68263
68262
68262
68262
68262
68260
68260
68260
68259
68259
68259
68259
68258
68258
68258
68258
68257
68257
68257
68257
68256
68256
68256
68256
68255
68255
68255
68255
68254
68254
68254
68254
68253
68253
68253
68253
68252
68252
68252
68252
68251
68251
68251
68251
68251
68250
68250
68250
68250
68249
68249
68249
68249
68248
68248
68248
68248
68247
68247
68247
68247
68246
68246
68246
68246
68245
68245
68245
68245
68244
68244
68244
68244
68243
68243
68243
68243
68242
68242
68242
68242
68241
68241
68241
68241
68240
68240
68240
68240
68239
68239
68239
68239
68238
68238
68236
68235
68232
68230
68228
68226
68225
68224
68224
68224
68223
68223
68223
68222
68222
68222
68222
68222
68221
68221
68221
68221
68220
68220
68220
68220
68219
68218
68218
68217
68217
68217
68216
68216
68216
68216
68215
68215
68215
68215
68214
68214
68214
68214
68214
68213
68213
68213
68212
68212
68210
68210
68210
68210
68210
68209
68209
68209
68209
68208
68208
68208
68208
68207
68206
68205
68205
68205
68205
68204
68204
68203
68201
68200
68200
68199
68199
68199
68199
68198
68198
68198
68198
68197
68197
68197
68197
68196
68195
68195
68194
68194
68194
68194
68193
68193
68192
68191
68191
68191
68191
68190
68190
68190
68190
68189
68189
68189
68189
68188
68188
68188
68188
68187
68187
68187
68187
68186
68186
68186
68186
68186
68185
68185
68185
68185
68184
68184
68184
68184
68183
68183
68183
68183
68182
68182
68182
68182
68181
68181
68181
68181
68180
68180
68180
68180
68179
68179
68179
68179
68178
68178
68178
68178
68178
68177
68177
68177
68177
68176
68176
68176
68176
68175
68175
68175
68175
68174
68174
68174
68174
68173
68173
68173
68173
68172
68172
68172
68172
68171
68171
68171
68171
68170
68170
68170
68170
68169
68169
68169
68169
68168
68166
68165
68163
68162
68160
68159
68158
68158
68158
68158
68157
68157
68157
68157
68156
68156
68156
68156
68155
68155
68155
68153
68153
68153
68153
68152
68152
68152
68152
68151
68151
68151
68151
68150
68150
68150
68150
68149
68149
68149
68149
68148
68148
68148
68146
68146
68146
68146
68145
68145
68145
68145
68144
68144
68144
68144
68143
68143
68143
68143
68142
68142
68142
68140
68140
68138
68138
68137
68136
68136
68136
68136
68135
68135
68135
68135
68134
68134
68134
68134
68133
68133
68132
68131
68131
68131
68131
68130
68130
68130
68128
68128
68128
68128
68127
68127
68127
68127
68126
68126
68126
68126
68125
68125
68125
68123
68123
68123
68123
68122
68122
68122
68121
68121
68121
68121
68120
68120
68120
68120
68119
68119
68119
68119
68118
68118
68118
68118
68116
68116
68116
68115
68115
68115
68115
68115
68114
68114
68114
68114
68113
68113
68113
68113
68112
68112
68112
68112
68111
68111
68111
68111
68110
68110
68110
68110
68110
68109
68109
68109
68109
68108
68108
68108
68108
68107
68107
68107
68107
68106
68106
68106
68106
68105
68105
68105
68105
68104
68104
68104
68104
68103
68103
68103
68103
68102
68102
68102
68102
68101
68101
68100
68097
68095
68094
68092
68090
68089
68088
68088
68088
68087
68087
68087
68087
68086
68086
68085
68084
68084
68084
68084
68083
68083
68083
68083
68082
68082
68082
68082
68081
68081
68081
68081
68081
68080
68080
68080
68080
68079
68077
68077
68077
68077
68076
68076
68076
68076
68076
68075
68075
68075
68075
68074
68074
68074
68072
68072
68072
68072
68071
68070
68070
68068
68068
68067
68067
68067
68067
68066
68066
68066
68066
68065
68065
68065
68065
68065
68063
68063
68062
68062
68062
68062
68061
68061
68060
68060
68059
68059
68059
68058
68058
68058
68058
68057
68057
68057
68057
68056
68056
68055
68055
68054
68054
68054
68054
68053
68053
68053
68053
68052
68052
68052
68052
68051
68051
68051
68051
68050
68050
68050
68050
68050
68049
68049
68049
68049
68048
68048
68048
68034
68033
68033
68033
68033
68032
68032
68032
68032
68031
68031
68031
68031
68030
68030
68030
68030
68030
68029
68029
68029
68029
68028
68028
68028
68028
68027
68027
68027
68027
68026
68026
68026
68026
68025
68025
68025
68025
68024
68024
68024
68024
68023
68023
68023
68023
68022
68022
68022
68022
68021
68021
68021
68019
68019
68019
68018
68018
68018
68018
68017
68017
68017
68014
68013
68011
68010
68008
68007
68007
68006
68006
68004
68004
68004
68004
68003
68003
68003
68003
68003
68002
68002
68002
68002
68001
68001
68001
68001
68000
68000
68000
68000
67999
67999
67998
67997
67997
67997
67996
67996
67996
67996
67995
67995
67995
67995
67995
67993
67993
67993
67992
67992
67992
67992
67991
67990
67990
67988
67988
67988
67988
67987
67987
67987
67987
67986
67986
67986
67986
67985
67985
67985
67984
67983
67983
67983
67983
67982
67982
67982
67980
67980
67980
67980
67979
67979
67979
67979
67978
67978
67978
67978
67977
67977
67977
67975
67975
67975
67975
67974
67974
67974
67974
67973
67973
67973
67973
67972
67972
67972
67972
67971
67971
67971
67971
67970
67970
67970
67970
67969
67969
67969
67969
67969
67968
67968
67968
67968
67967
67967
67967
67967
67966
67966
67966
67966
67965
67965
67965
67965
67964
67964
67964
67964
67963
67963
67963
67963
67963
67962
67962
67962
67962
67961
67961
67961
67961
67960
67960
67960
67960
67959
67959
67959
67959
67958
67958
67958
67958
67957
67957
67957
67957
67956
67956
67955
67954
67954
67954
67954
67953
67953
67953
67952
67952
67952
67951
67951
67951
67951
67950
67950
67950
67950
67947
67946
67944
67942
67940
67939
67939
67938
67938
67938
67938
67937
67937
67937
67936
67936
67936
67936
67935
67935
67935
67935
67934
67934
67934
67934
67932
67932
67932
67931
67931
67931
67931
67930
67930
67930
67927
67927
67927
67927
67926
67926
67926
67926
67925
67925
67925
67923
67923
67922
67921
67921
67921
67921
67920
67920
67920
67920
67919
67919
67919
67919
67918
67918
67915
67915
67915
67915
67914
67914
67914
67914
67912
67912
67912
67911
67911
67911
67911
67910
67910
67910
67910
67909
67909
67909
67909
67907
67907
67907
67906
67906
67906
67906
67905
67905
67905
67905
67905
67904
67904
67904
67904
67903
67903
67903
67903
67902
67902
67902
67902
67901
67901
67901
67901
67900
67900
67900
67900
67899
67899
67899
67899
67898
67898
67898
67898
67897
67897
67897
67897
67896
67896
67896
67896
67895
67895
67895
67895
67895
67894
67894
67894
67894
67893
67893
67893
67893
67892
67892
67892
67892
67891
67891
67891
67891
67890
67890
67890
67890
67889
67889
67889
67889
67887
67887
67887
67887
67886
67886
67886
67886
67885
67885
67885
67885
67884
67884
67884
67884
67883
67883
67883
67883
67882
67882
67882
67882
67881
67881
67881
67881
67879
67878
67876
67875
67874
67872
67872
67872
67871
67871
67871
67871
67870
67870
67870
67870
67869
67869
67869
67869
67867
67867
67867
67866
67866
67866
67865
67864
67864
67863
67863
67863
67863
67862
67862
67862
67862
67861
67861
67861
67861
67859
67859
67857
67857
67856
67856
67856
67856
67856
67855
67855
67855
67854
67854
67854
67854
67854
67852
67852
67852
67851
67851
67851
67851
67850
67849
67849
67848
67848
67848
67848
67847
67847
67847
67847
67846
67846
67846
67846
67845
67844
67844
67843
67843
67843
67843
67843
67842
67842
67842
67842
67841
67841
67841
67841
67840
67840
67840
67840
67839
67839
67839
67839
67837
67837
67837
67836
67836
67836
67836
67835
67835
67835
67835
67834
67834
67834
67834
67833
67833
67833
67833
67832
67832
67832
67832
67832
67830
67830
67829
67829
67829
67829
67828
67828
67828
67828
67827
67827
67827
67827
67827
67826
67826
67826
67826
67825
67825
67825
67825
67824
67824
67824
67824
67821
67821
67821
67820
67820
67820
67819
67819
67819
67819
67818
67818
67818
67818
67817
67817
67817
67817
67816
67816
67816
67816
67815
67815
67815
67815
67814
67814
67814
67814
67813
67813
67813
67813
67812
67812
67812
67810
67809
67807
67806
67804
67803
67802
67802
67802
67802
67801
67801
67801
67801
67799
67799
67799
67798
67797
67797
67796
67796
67796
67796
67795
67795
67795
67795
67794
67794
67794
67794
67793
67793
67793
67792
67791
67790
67789
67789
67789
67789
67788
67788
67788
67788
67788
67787
67787
67787
67787
67786
67785
67785
67784
67784
67784
67784
67783
67783
67782
67781
67781
67781
67781
67780
67780
67780
67780
67779
67779
67779
67779
67778
67778
67777
67776
67776
67776
67776
67776
67775
67775
67775
67775
67774
67774
67774
67774
67773
67773
67773
67773
67772
67772
67772
67772
67771
67770
67770
67769
67769
67769
67769
67768
67768
67768
67768
67768
67767
67767
67767
67767
67766
67766
67766
67766
67765
67765
67765
67765
67764
67764
67764
67764
67763
67763
67763
67763
67762
67762
67762
67762
67762
67761
67761
67761
67761
67760
67760
67760
67760
67759
67759
67759
67759
67757
67757
67757
67756
67756
67756
67756
67756
67755
67755
67755
67755
67754
67754
67754
67754
67753
67753
67753
67753
67752
67752
67752
67752
67751
67751
67751
67751
67750
67750
67750
67750
67749
67749
67749
67749
67748
67748
67748
67748
67747
67747
67747
67747
67747
67746
67743
67741
67740
67738
67737
67736
67735
67735
67733
67732
67732
67731
67731
67731
67730
67730
67730
67730
67729
67729
67729
67729
67728
67728
67728
67728
67727
67727
67727
67725
67725
67723
67723
67723
67723
67722
67722
67722
67722
67722
67721
67721
67721
67721
67720
67720
67719
67718
67718
67718
67718
67718
67717
67717
67716
67715
67715
67715
67715
67714
67714
67714
67714
67713
67713
67713
67712
67712
67712
67710
67710
67710
67710
67709
67709
67709
67709
67708
67708
67708
67708
67707
67707
67707
67707
67706
67706
67706
67706
67706
67705
67705
67704
67703
67703
67703
67702
67702
67702
67702
67701
67701
67701
67701
67700
67700
67700
67700
67699
67699
67699
67699
67698
67698
67698
67698
67697
67697
67697
67697
67696
67696
67696
67696
67695
67695
67695
67695
67695
67694
67694
67694
67694
67693
67693
67693
67693
67690
67690
67689
67689
67689
67689
67689
67688
67688
67688
67688
67687
67687
67687
67687
67686
67686
67686
67686
67685
67685
67685
67685
67684
67684
67684
67684
67683
67683
67683
67683
67683
67682
67682
67682
67682
67681
67681
67681
67681
67680
67680
67680
67680
67679
67679
67679
67679
67678
67678
67678
67678
67677
67677
67677
67675
67674
67671
67647
67644
67642
67642
67641
67641
67641
67641
67640
67640
67640
67639
67639
67639
67639
67638
67638
67638
67637
67637
67635
67635
67634
67633
67633
67633
67633
67632
67632
67632
67631
67631
67631
67630
67630
67630
67630
67628
67628
67627
67627
67627
67627
67626
67626
67624
67624
67624
67624
67623
67623
67623
67623
67622
67622
67622
67622
67621
67621
67621
67619
67617
67617
67616
67616
67616
67616
67615
67615
67615
67615
67614
67614
67614
67614
67613
67613
67613
67612
67612
67612
67612
67611
67610
67609
67609
67609
67609
67608
67608
67608
67608
67607
67607
67607
67607
67606
67606
67606
67606
67605
67605
67605
67605
67603
67603
67602
67602
67602
67602
67601
67601
67601
67601
67600
67600
67600
67600
67599
67599
67599
67599
67599
67598
67598
67596
67596
67596
67596
67595
67595
67595
67594
67594
67594
67594
67593
67593
67593
67593
67592
67592
67592
67592
67591
67591
67591
67591
67590
67590
67590
67590
67589
67589
67589
67589
67588
67588
67588
67587
67587
67587
67587
67586
67586
67586
67586
67585
67585
67585
67585
67585
67584
67584
67584
67584
67583
67583
67583
67583
67582
67582
67582
67582
67581
67581
67581
67581
67580
67579
67576
67574
67573
67571
67570
67570
67569
67569
67569
67569
67568
67568
67568
67568
67567
67567
67566
67565
67564
67564
67563
67563
67563
67563
67562
67562
67562
67562
67561
67561
67561
67561
67560
67559
67559
67558
67558
67558
67558
67557
67557
67555
67555
67555
67555
67554
67554
67554
67554
67553
67553
67553
67553
67552
67552
67552
67551
67550
67550
67550
67550
67549
67549
67549
67549
67548
67548
67548
67548
67547
67547
67547
67547
67546
67546
67546
67546
67545
67545
67544
67543
67543
67543
67543
67542
67542
67542
67542
67541
67541
67541
67541
67541
67540
67540
67540
67540
67539
67539
67539
67537
67537
67536
67535
67535
67535
67535
67534
67534
67534
67533
67533
67533
67532
67532
67532
67531
67531
67528
67528
67527
67527
67527
67526
67526
67526
67526
67524
67524
67523
67523
67523
67523
67522
67522
67522
67522
67521
67521
67521
67521
67520
67520
67520
67520
67519
67519
67519
67519
67518
67518
67518
67518
67518
67517
67517
67517
67517
67516
67516
67516
67516
67515
67515
67515
67515
67514
67514
67514
67514
67513
67513
67513
67513
67512
67512
67512
67512
67511
67511
67511
67511
67511
67510
67510
67510
67510
67509
67509
67509
67509
67507
67506
67504
67503
67501
67499
67499
67499
67499
67498
67498
67497
67496
67495
67495
67494
67494
67494
67494
67493
67493
67493
67493
67492
67492
67492
67492
67491
67490
67490
67489
67489
67488
67488
67488
67488
67486
67486
67486
67485
67485
67485
67485
67484
67484
67484
67484
67483
67483
67483
67483
67481
67481
67481
67480
67480
67480
67480
67479
67479
67479
67479
67478
67478
67478
67477
67477
67477
67477
67476
67476
67476
67476
67475
67474
67473
67473
67473
67473
67472
67472
67472
67472
67472
67471
67471
67471
67471
67470
67470
67470
67470
67469
67469
67469
67467
67467
67466
67465
67465
67465
67465
67464
67464
67464
67464
67463
67463
67463
67463
67461
67461
67461
67461
67460
67460
67460
67459
67459
67459
67458
67458
67458
67458
67458
67457
67457
67457
67456
67456
67456
67456
67456
67455
67455
67455
67455
67454
67454
67454
67454
67453
67453
67453
67453
67452
67452
67452
67452
67451
67451
67451
67451
67450
67450
67450
67450
67450
67449
67449
67449
67449
67448
67448
67448
67448
67447
67447
67447
67447
67446
67446
67446
67446
67445
67445
67445
67445
67444
67444
67444
67444
67444
67443
67443
67443
67443
67442
67442
67442
67442
67441
67438
67437
67436
67434
67432
67430
67430
67428
67428
67428
67427
67427
67427
67427
67426
67426
67426
67426
67425
67425
67425
67425
67423
67423
67423
67422
67422
67422
67422
67421
67420
67420
67419
67419
67419
67419
67418
67418
67418
67418
67417
67417
67417
67417
67416
67415
67414
67414
67414
67414
67413
67413
67413
67413
67412
67412
67412
67412
67411
67411
67411
67411
67410
67410
67410
67409
67409
67409
67407
67407
67407
67407
67406
67406
67406
67406
67405
67405
67405
67405
67404
67404
67404
67404
67403
67403
67403
67403
67403
67401
67401
67398
67398
67398
67398
67397
67397
67397
67397
67396
67396
67395
67394
67394
67394
67394
67393
67393
67393
67393
67393
67392
67392
67392
67392
67391
67391
67391
67391
67390
67390
67390
67390
67389
67389
67389
67389
67388
67388
67388
67388
67387
67387
67387
67387
67386
67386
67386
67386
67385
67385
67385
67385
67385
67384
67384
67384
67384
67383
67383
67383
67383
67382
67382
67382
67382
67381
67381
67381
67381
67380
67380
67380
67380
67379
67379
67379
67379
67378
67378
67378
67378
67378
67377
67377
67377
67377
67376
67376
67376
67376
67375
67375
67375
67375
67374
67374
67374
67374
67373
67373
67373
67371
67369
67367
67366
67364
67363
67363
67362
67362
67362
67362
67362
67361
67361
67361
67361
67359
67359
67359
67358
67358
67358
67358
67357
67356
67355
67355
67355
67355
67354
67354
67354
67354
67353
67353
67353
67353
67353
67352
67351
67350
67350
67350
67350
67349
67349
67349
67349
67348
67348
67348
67348
67347
67347
67347
67347
67346
67346
67346
67346
67345
67345
67344
67343
67342
67341
67341
67341
67341
67340
67340
67340
67340
67339
67339
67339
67339
67338
67338
67338
67338
67337
67337
67335
67335
67334
67333
67333
67333
67333
67332
67332
67331
67330
67330
67330
67330
67329
67329
67329
67329
67328
67328
67328
67328
67327
67326
67326
67325
67325
67325
67325
67324
67324
67324
67324
67323
67323
67323
67323
67322
67322
67322
67322
67321
67321
67321
67321
67321
67320
67320
67319
67319
67319
67319
67319
67318
67318
67318
67318
67317
67317
67317
67317
67316
67316
67316
67316
67315
67315
67315
67315
67314
67314
67314
67314
67314
67313
67313
67313
67313
67312
67312
67312
67312
67311
67311
67311
67311
67310
67310
67310
67310
67309
67309
67309
67309
67308
67308
67308
67308
67307
67307
67307
67307
67306
67306
67306
67306
67306
67305
67305
67303
67302
67301
67299
67297
67296
67296
67295
67295
67295
67293
67293
67293
67293
67292
67292
67292
67292
67290
67290
67289
67289
67289
67289
67288
67288
67288
67288
67287
67287
67287
67287
67286
67285
67285
67284
67284
67284
67284
67283
67283
67283
67283
67282
67282
67282
67282
67282
67281
67281
67281
67281
67280
67280
67280
67280
67278
67278
67277
67277
67277
67277
67276
67276
67276
67276
67276
67275
67275
67275
67275
67274
67274
67274
67274
67273
67273
67272
67271
67270
67270
67269
67269
67268
67267
67267
67267
67267
67266
67266
67266
67266
67265
67265
67265
67265
67265
67264
67264
67264
67261
67261
67259
67259
67259
67259
67258
67258
67258
67258
67257
67257
67257
67256
67256
67256
67256
67256
67255
67255
67255
67255
67254
67254
67254
67254
67253
67253
67252
67251
67251
67251
67251
67250
67250
67250
67250
67249
67249
67249
67249
67249
67248
67248
67248
67248
67247
67247
67247
67247
67246
67246
67246
67245
67245
67245
67245
67244
67244
67244
67244
67244
67243
67243
67243
67243
67242
67242
67242
67242
67241
67241
67241
67241
67240
67240
67240
67240
67239
67239
67239
67239
67239
67238
67238
67238
67238
67237
67237
67237
67237
67236
67235
67233
67232
67230
67228
67226
67226
67226
67226
67225
67225
67225
67224
67223
67223
67223
67223
67222
67222
67222
67222
67221
67221
67221
67221
67220
67220
67219
67219
67218
67218
67218
67217
67217
67217
67217
67216
67216
67216
67216
67215
67215
67215
67215
67214
67214
67214
67214
67213
67213
67212
67211
67211
67211
67211
67210
67210
67210
67210
67209
67209
67209
67208
67208
67208
67208
67208
67207
67207
67207
67207
67205
67205
67203
67202
67202
67201
67201
67201
67201
67200
67200
67200
67200
67200
67199
67199
67199
67199
67198
67198
67198
67198
67197
67196
67196
67194
67194
67193
67193
67193
67193
67192
67192
67192
67192
67191
67191
67191
67191
67190
67190
67190
67190
67190
67189
67189
67189
67189
67188
67188
67188
67188
67187
67187
67187
67187
67186
67186
67186
67186
67185
67185
67185
67185
67184
67184
67184
67184
67184
67183
67183
67183
67183
67182
67182
67182
67182
67181
67181
67181
67181
67180
67180
67180
67180
67179
67179
67179
67179
67178
67178
67178
67178
67178
67177
67177
67177
67177
67176
67176
67176
67176
67175
67175
67175
67175
67174
67174
67174
67174
67173
67173
67173
67173
67172
67172
67172
67172
67172
67171
67171
67168
67167
67165
67164
67161
67160
67158
67158
67157
67157
67157
67157
67156
67156
67156
67156
67155
67155
67155
67155
67154
67153
67153
67152
67152
67152
67152
67151
67151
67151
67151
67151
67150
67150
67150
67150
67149
67149
67149
67149
67148
67148
67148
67148
67146
67146
67146
67145
67145
67145
67145
67144
67144
67144
67144
67143
67143
67143
67143
67143
67142
67142
67142
67142
67141
67138
67138
67135
67135
67135
67134
67134
67134
67134
67133
67133
67133
67133
67132
67132
67132
67132
67131
67131
67131
67131
67130
67130
67129
67128
67127
67127
67126
67126
67126
67126
67125
67125
67125
67124
67124
67124
67124
67123
67123
67123
67123
67123
67122
67122
67122
67122
67121
67121
67121
67121
67120
67120
67120
67120
67119
67119
67119
67119
67119
67118
67118
67118
67118
67117
67117
67117
67117
67116
67116
67116
67116
67115
67115
67115
67115
67115
67114
67114
67114
67114
67113
67113
67113
67113
67112
67112
67112
67112
67111
67111
67111
67111
67110
67110
67110
67109
67109
67109
67109
67109
67108
67108
67108
67108
67107
67107
67107
67107
67106
67106
67106
67106
67105
67105
67105
67105
67104
67104
67104
67104
67104
67103
67103
67103
67103
67102
67100
67098
67097
67095
67094
67092
67092
67092
67092
67091
67091
67091
67091
67091
67090
67089
67089
67088
67088
67088
67088
67087
67087
67087
67087
67086
67086
67086
67086
67086
67085
67085
67085
67085
67084
67084
67084
67084
67082
67082
67081
67081
67081
67081
67080
67080
67080
67080
67079
67079
67079
67079
67078
67078
67078
67078
67076
67076
67076
67074
67074
67073
67072
67072
67071
67070
67070
67070
67070
67070
67069
67069
67069
67069
67068
67068
67068
67068
67067
67067
67067
67067
67065
67065
67064
67063
67063
67063
67063
67062
67062
67062
67062
67061
67061
67061
67061
67060
67060
67060
67060
67059
67059
67059
67059
67057
67057
67057
67056
67056
67056
67056
67055
67055
67055
67055
67055
67054
67054
67054
67054
67053
67053
67053
67053
67052
67052
67052
67051
67051
67051
67051
67050
67050
67050
67050
67049
67049
67049
67049
67048
67048
67048
67048
67047
67047
67047
67047
67046
67046
67046
67046
67045
67045
67045
67045
67045
67044
67044
67044
67044
67043
67043
67043
67043
67042
67042
67042
67042
67041
67041
67041
67041
67040
67040
67040
67040
67039
67039
67039
67039
67038
67038
67038
67036
67036
67036
67036
67035
67035
67035
67035
67033
67032
67030
67029
67027
67025
67025
67025
67025
67023
67023
67023
67023
67022
67022
67022
67022
67021
67021
67021
67021
67020
67020
67020
67020
67020
67019
67019
67018
67018
67018
67018
67016
67016
67016
67015
67015
67015
67015
67014
67014
67014
67014
67013
67013
67013
67013
67011
67011
67011
67011
67010
67010
67008
67008
67007
67006
67006
67006
67006
67005
67005
67005
67005
67004
67004
67004
67004
67003
67003
67003
67003
67002
67002
67002
67002
66999
66999
66998
66997
66997
66997
66996
66996
66996
66996
66995
66995
66995
66994
66994
66994
66994
66993
66993
66993
66993
66993
66992
66991
66990
66990
66990
66990
66989
66989
66989
66989
66989
66988
66988
66988
66988
66987
66987
66987
66987
66986
66986
66986
66986
66985
66985
66985
66985
66984
66984
66984
66982
66982
66982
66982
66981
66981
66981
66981
66980
66980
66980
66980
66980
66979
66979
66979
66979
66978
66978
66978
66978
66977
66977
66977
66977
66976
66976
66976
66976
66975
66975
66975
66975
66975
66974
66974
66974
66974
66973
66973
66973
66972
66972
66972
66972
66971
66971
66969
66969
66969
66969
66968
66968
66968
66968
66968
66967
66967
66967
66967
66966
66966
66966
66966
66964
66962
66961
66958
66957
66955
66955
66955
66955
66954
66954
66954
66954
66954
66953
66953
66953
66953
66952
66952
66952
66952
66951
66951
66951
66951
66949
66949
66949
66948
66948
66948
66948
66947
66947
66947
66947
66946
66945
66944
66944
66944
66944
66943
66943
66943
66943
66941
66941
66940
66940
66939
66939
66939
66939
66938
66938
66938
66938
66937
66937
66937
66937
66936
66936
66936
66936
66936
66935
66935
66934
66933
66932
66932
66932
66931
66931
66931
66931
66930
66930
66930
66930
66929
66929
66929
66929
66928
66928
66928
66928
66927
66927
66926
66925
66925
66925
66925
66925
66924
66924
66924
66924
66923
66923
66923
66923
66922
66922
66922
66922
66921
66921
66921
66921
66920
66920
66920
66920
66919
66919
66919
66919
66918
66918
66918
66918
66917
66917
66917
66917
66917
66916
66916
66916
66916
66915
66915
66915
66915
66914
66914
66914
66914
66913
66913
66913
66913
66912
66912
66912
66912
66912
66911
66911
66911
66911
66910
66910
66910
66910
66909
66909
66909
66909
66908
66907
66907
66906
66906
66906
66906
66905
66905
66905
66905
66904
66904
66904
66904
66903
66903
66903
66903
66902
66902
66902
66902
66902
66901
66901
66901
66898
66897
66894
66893
66891
66890
66890
66889
66889
66889
66889
66888
66888
66888
66888
66887
66887
66887
66887
66886
66885
66885
66884
66884
66884
66884
66883
66883
66883
66881
66881
66881
66881
66880
66880
66880
66880
66879
66879
66879
66879
66877
66877
66875
66874
66874
66874
66874
66873
66873
66873
66873
66872
66872
66872
66872
66872
66871
66871
66871
66871
66870
66870
66870
66868
66868
66867
66867
66866
66866
66866
66865
66865
66865
66865
66864
66864
66864
66864
66864
66863
66863
66863
66863
66862
66862
66862
66860
66860
66860
66860
66859
66859
66859
66859
66858
66858
66858
66858
66858
66857
66857
66857
66857
66856
66856
66856
66856
66855
66855
66855
66855
66854
66854
66854
66854
66853
66853
66853
66853
66853
66852
66852
66852
66852
66851
66851
66851
66851
66850
66850
66850
66850
66849
66849
66849
66849
66849
66848
66848
66848
66848
66847
66847
66847
66847
66846
66846
66846
66846
66845
66845
66845
66844
66844
66844
66844
66842
66842
66842
66841
66841
66841
66841
66840
66840
66840
66840
66839
66839
66839
66839
66838
66838
66838
66838
66838
66837
66837
66837
66837
66836
66836
66836
66835
66835
66835
66835
66834
66834
66834
66834
66832
66831
66829
66827
66826
66824
66824
66823
66823
66823
66823
66822
66822
66822
66820
66820
66820
66820
66819
66819
66818
66818
66817
66817
66817
66817
66816
66816
66816
66816
66815
66815
66815
66815
66814
66813
66813
66811
66811
66811
66811
66810
66810
66810
66810
66809
66809
66809
66809
66808
66808
66808
66808
66807
66807
66807
66807
66806
66805
66805
66803
66803
66803
66802
66801
66801
66800
66800
66800
66800
66800
66799
66799
66799
66799
66798
66798
66798
66798
66797
66797
66796
66795
66795
66795
66795
66794
66794
66794
66794
66793
66793
66793
66793
66793
66792
66792
66792
66790
66790
66790
66789
66789
66789
66789
66788
66788
66788
66788
66787
66787
66787
66787
66786
66786
66786
66786
66785
66785
66785
66785
66784
66784
66784
66784
66783
66783
66783
66783
66783
66782
66782
66782
66782
66781
66781
66781
66781
66780
66780
66780
66780
66779
66779
66779
66779
66778
66778
66777
66776
66776
66776
66776
66776
66775
66775
66775
66775
66774
66774
66774
66773
66773
66773
66772
66772
66772
66772
66771
66771
66771
66771
66770
66770
66770
66770
66770
66769
66769
66769
66769
66768
66768
66768
66768
66767
66767
66767
66767
66766
66766
66766
66764
66763
66762
66760
66757
66756
66755
66755
66754
66753
66753
66752
66751
66751
66751
66751
66750
66750
66750
66750
66749
66749
66749
66749
66748
66748
66748
66748
66747
66746
66746
66744
66744
66744
66744
66743
66743
66743
66743
66743
66742
66742
66742
66742
66741
66741
66741
66741
66740
66740
66740
66740
66737
66737
66735
66735
66735
66734
66734
66734
66734
66733
66733
66733
66733
66732
66732
66731
66731
66731
66731
66730
66730
66730
66730
66728
66728
66728
66727
66727
66727
66727
66726
66726
66726
66726
66725
66725
66725
66725
66724
66724
66723
66722
66722
66722
66722
66721
66721
66721
66721
66721
66720
66720
66720
66720
66719
66719
66719
66719
66718
66718
66718
66718
66717
66717
66717
66717
66716
66716
66716
66716
66715
66715
66715
66715
66714
66714
66713
66712
66712
66712
66712
66711
66711
66711
66711
66710
66710
66709
66708
66708
66708
66708
66707
66707
66707
66707
66707
66706
66706
66706
66706
66705
66705
66705
66705
66704
66704
66704
66704
66703
66703
66703
66703
66702
66702
66702
66702
66701
66701
66701
66701
66701
66700
66700
66700
66700
66699
66699
66699
66699
66698
66698
66698
66698
66697
66697
66697
66697
66696
66696
66695
66693
66691
66689
66687
66686
66685
66685
66685
66685
66684
66684
66684
66684
66683
66683
66683
66683
66682
66682
66682
66682
66681
66680
66680
66678
66678
66678
66677
66677
66677
66677
66676
66676
66676
66676
66676
66675
66675
66675
66675
66674
66674
66674
66674
66673
66672
66672
66656
66656
66655
66655
66655
66655
66654
66654
66654
66654
66653
66653
66653
66653
66653
66652
66652
66652
66652
66651
66651
66650
66649
66649
66649
66649
66648
66648
66648
66648
66647
66647
66647
66647
66646
66646
66646
66646
66644
66644
66643
66643
66643
66643
66642
66642
66642
66642
66641
66641
66641
66641
66640
66640
66640
66640
66639
66639
66639
66637
66637
66637
66637
66636
66636
66636
66636
66636
66635
66635
66635
66634
66634
66634
66634
66634
66633
66633
66633
66633
66632
66632
66630
66630
66630
66629
66629
66629
66629
66628
66628
66628
66628
66627
66627
66627
66627
66626
66626
66626
66626
66625
66625
66625
66625
66624
66624
66624
66624
66623
66623
66623
66623
66623
66622
66622
66622
66622
66621
66621
66621
66621
66620
66620
66620
66620
66619
66619
66619
66619
66618
66618
66618
66618
66617
66617
66617
66617
66617
66616
66616
66616
66616
66615
66612
66611
66609
66608
66607
66605
66605
66605
66605
66604
66604
66604
66604
66603
66603
66603
66603
66601
66601
66599
66599
66599
66598
66598
66598
66598
66598
66597
66597
66597
66597
66596
66596
66596
66596
66595
66595
66595
66595
66594
66593
66592
66590
66590
66589
66589
66589
66588
66588
66588
66588
66588
66587
66587
66586
66586
66586
66586
66586
66585
66585
66585
66585
66583
66583
66583
66582
66582
66581
66581
66581
66581
66580
66580
66580
66580
66579
66579
66579
66579
66577
66577
66577
66576
66576
66576
66576
66575
66575
66575
66575
66575
66574
66574
66574
66574
66573
66573
66573
66572
66572
66571
66570
66569
66569
66569
66568
66568
66568
66568
66567
66567
66567
66567
66566
66566
66566
66566
66565
66565
66565
66564
66563
66563
66563
66562
66562
66562
66562
66561
66561
66561
66561
66560
66560
66560
66560
66559
66559
66559
66559
66558
66558
66558
66558
66557
66557
66557
66557
66557
66556
66556
66556
66556
66555
66555
66555
66555
66554
66554
66554
66554
66553
66553
66553
66553
66553
66552
66552
66552
66552
66551
66551
66551
66551
66550
66550
66550
66550
66549
66549
66549
66549
66548
66548
66548
66547
66547
66547
66547
66546
66546
66545
66543
66542
66541
66539
66537
66536
66536
66536
66535
66535
66534
66533
66532
66532
66532
66531
66531
66530
66530
66530
66529
66529
66529
66529
66528
66528
66528
66528
66527
66527
66527
66527
66527
66525
66525
66523
66523
66523
66523
66522
66522
66522
66522
66521
66521
66521
66521
66520
66520
66520
66520
66520
66519
66519
66519
66519
66517
66517
66517
66516
66516
66516
66516
66514
66514
66514
66513
66513
66513
66513
66512
66512
66512
66510
66510
66510
66510
66509
66509
66509
66509
66508
66508
66508
66508
66507
66507
66507
66507
66507
66506
66506
66506
66506
66504
66504
66502
66502
66502
66502
66501
66501
66501
66501
66500
66500
66500
66500
66499
66499
66499
66497
66497
66497
66497
66496
66496
66496
66496
66495
66495
66495
66495
66494
66494
66494
66494
66494
66493
66493
66493
66492
66492
66492
66492
66492
66491
66491
66491
66491
66490
66490
66490
66490
66489
66489
66489
66489
66488
66488
66488
66488
66487
66487
66487
66487
66486
66486
66486
66486
66485
66485
66485
66485
66484
66484
66484
66484
66483
66483
66483
66483
66483
66482
66482
66482
66482
66481
66481
66481
66481
66480
66480
66480
66480
66479
66479
66479
66479
66478
66478
66477
66475
66474
66472
66471
66468
66468
66466
66466
66466
66466
66465
66465
66465
66465
66464
66464
66464
66464
66463
66463
66463
66463
66462
66462
66462
66462
66461
66460
66460
66457
66457
66457
66456
66456
66456
66456
66455
66455
66455
66455
66454
66454
66454
66454
66453
66453
66453
66452
66452
66452
66450
66450
66450
66449
66449
66449
66449
66449
66448
66448
66448
66448
66447
66447
66447
66447
66446
66445
66444
66444
66444
66444
66443
66443
66443
66443
66442
66442
66442
66442
66442
66441
66441
66441
66441
66440
66440
66440
66438
66438
66437
66437
66436
66436
66436
66436
66435
66435
66435
66435
66434
66434
66433
66432
66432
66432
66432
66431
66431
66431
66431
66430
66430
66430
66430
66429
66429
66429
66429
66428
66428
66428
66428
66428
66427
66427
66427
66425
66425
66425
66425
66424
66424
66424
66424
66423
66423
66423
66422
66422
66422
66421
66421
66421
66421
66420
66420
66420
66420
66419
66419
66419
66419
66418
66418
66418
66418
66417
66417
66417
66417
66416
66416
66416
66416
66416
66415
66415
66415
66415
66414
66414
66414
66414
66413
66413
66413
66413
66412
66412
66412
66412
66411
66411
66411
66411
66410
66410
66410
66410
66409
66407
66405
66403
66402
66400
66399
66398
66398
66398
66398
66397
66397
66397
66397
66397
66396
66396
66396
66395
66395
66395
66395
66393
66393
66392
66391
66391
66391
66391
66390
66390
66390
66390
66389
66389
66389
66389
66388
66388
66388
66388
66387
66387
66387
66387
66385
66385
66385
66384
66384
66384
66384
66384
66383
66383
66383
66383
66382
66382
66382
66382
66381
66380
66380
66380
66379
66379
66379
66379
66378
66378
66378
66378
66377
66377
66377
66377
66376
66376
66376
66376
66376
66375
66374
66374
66372
66372
66372
66371
66371
66371
66371
66370
66370
66368
66368
66368
66367
66367
66367
66367
66366
66366
66366
66366
66365
66364
66364
66363
66363
66363
66363
66362
66362
66362
66362
66362
66361
66361
66361
66361
66360
66360
66360
66360
66359
66359
66359
66359
66358
66358
66358
66358
66357
66357
66357
66357
66356
66356
66356
66356
66356
66355
66355
66355
66355
66354
66354
66354
66354
66353
66353
66353
66353
66352
66352
66352
66352
66351
66351
66351
66351
66350
66350
66350
66350
66350
66349
66349
66349
66349
66348
66348
66348
66348
66347
66347
66347
66347
66346
66346
66346
66346
66345
66345
66345
66345
66344
66344
66344
66344
66343
66340
66339
66337
66336
66334
66333
66333
66333
66332
66332
66332
66331
66331
66331
66331
66330
66329
66329
66327
66327
66327
66326
66326
66326
66326
66325
66325
66325
66325
66324
66324
66324
66324
66323
66323
66323
66323
66322
66322
66320
66320
66319
66319
66319
66319
66318
66318
66318
66318
66317
66317
66317
66317
66316
66316
66316
66314
66314
66314
66314
66313
66313
66313
66313
66312
66312
66312
66312
66311
66311
66311
66311
66311
66310
66310
66310
66310
66308
66308
66306
66306
66306
66306
66305
66305
66303
66303
66303
66303
66302
66302
66302
66302
66302
66301
66301
66301
66301
66300
66300
66298
66298
66297
66296
66296
66296
66296
66295
66295
66295
66295
66294
66294
66294
66294
66293
66293
66293
66293
66293
66292
66292
66292
66292
66291
66291
66291
66291
66290
66290
66290
66290
66289
66289
66289
66289
66288
66288
66288
66288
66288
66287
66287
66287
66287
66286
66286
66286
66286
66285
66285
66285
66285
66284
66284
66284
66284
66283
66283
66283
66283
66282
66282
66282
66282
66281
66281
66281
66281
66281
66280
66280
66280
66280
66279
66279
66279
66279
66278
66278
66278
66278
66277
66277
66277
66276
66276
66276
66276
66276
66275
66275
66274
66272
66271
66269
66268
66266
66266
66266
66266
66265
66264
66264
66262
66262
66262
66261
66261
66261
66261
66260
66260
66260
66260
66259
66259
66259
66259
66258
66258
66258
66258
66257
66257
66256
66255
66255
66255
66255
66254
66254
66254
66254
66253
66253
66253
66253
66252
66252
66252
66252
66250
66250
66250
66249
66249
66249
66249
66249
66248
66248
66248
66248
66247
66247
66245
66245
66245
66244
66244
66244
66244
66242
66242
66241
66240
66240
66239
66238
66238
66238
66238
66237
66237
66237
66237
66236
66236
66236
66236
66235
66235
66235
66235
66234
66233
66232
66231
66231
66230
66230
66230
66230
66229
66229
66229
66228
66228
66228
66228
66227
66227
66227
66227
66226
66226
66226
66226
66226
66225
66225
66225
66225
66224
66224
66224
66224
66223
66223
66223
66223
66222
66222
66222
66222
66221
66221
66221
66221
66221
66220
66220
66220
66220
66219
66219
66219
66219
66218
66218
66218
66218
66217
66217
66217
66217
66216
66216
66216
66216
66215
66215
66215
66215
66214
66214
66214
66214
66214
66213
66213
66213
66213
66212
66212
66212
66212
66211
66211
66211
66211
66210
66210
66210
66210
66209
66209
66209
66209
66208
66208
66208
66208
66206
66204
66202
66200
66197
66196
66194
66194
66194
66194
66193
66193
66193
66192
66192
66192
66192
66191
66191
66191
66191
66190
66190
66190
66190
66189
66189
66187
66187
66186
66186
66186
66185
66185
66185
66185
66184
66184
66184
66184
66184
66183
66183
66183
66181
66181
66181
66180
66180
66180
66180
66180
66179
66179
66179
66178
66178
66178
66178
66177
66177
66177
66176
66176
66176
66174
66174
66172
66171
66171
66171
66171
66170
66170
66170
66170
66169
66169
66169
66169
66168
66168
66168
66168
66167
66167
66167
66167
66165
66165
66164
66163
66163
66163
66163
66162
66162
66162
66162
66161
66161
66161
66161
66160
66160
66160
66160
66160
66159
66159
66159
66159
66158
66158
66158
66158
66157
66157
66157
66157
66156
66156
66156
66156
66155
66155
66155
66155
66153
66153
66153
66153
66152
66152
66152
66151
66151
66151
66151
66150
66150
66150
66150
66149
66149
66149
66149
66148
66148
66148
66148
66148
66147
66147
66147
66147
66146
66146
66146
66146
66145
66145
66145
66145
66144
66144
66144
66144
66143
66143
66143
66143
66142
66142
66142
66142
66141
66141
66141
66141
66141
66140
66140
66140
66140
66139
66139
66139
66139
66138
66138
66138
66135
66134
66133
66131
66130
66128
66128
66128
66128
66127
66127
66127
66127
66126
66126
66126
66126
66125
66125
66125
66125
66123
66123
66123
66122
66122
66122
66122
66121
66121
66121
66121
66120
66120
66120
66120
66119
66119
66118
66117
66117
66117
66117
66117
66116
66116
66116
66116
66115
66115
66115
66115
66114
66114
66114
66114
66113
66113
66112
66110
66110
66109
66108
66108
66108
66108
66107
66107
66107
66107
66106
66106
66106
66106
66105
66105
66105
66105
66104
66104
66104
66104
66102
66102
66101
66101
66100
66100
66100
66099
66099
66099
66099
66099
66098
66098
66098
66097
66097
66097
66097
66097
66096
66096
66096
66094
66094
66094
66094
66093
66093
66093
66093
66092
66092
66092
66092
66091
66091
66091
66091
66090
66090
66090
66090
66090
66089
66089
66089
66088
66088
66088
66088
66087
66087
66087
66087
66087
66086
66086
66086
66086
66085
66085
66085
66085
66084
66084
66084
66084
66083
66083
66083
66083
66082
66082
66082
66082
66081
66081
66081
66081
66080
66080
66079
66079
66079
66079
66078
66078
66078
66078
66078
66077
66077
66076
66076
66076
66076
66075
66075
66075
66075
66074
66074
66074
66072
66072
66072
66072
66071
66071
66068
66067
66065
66063
66062
66061
66060
66060
66060
66059
66059
66059
66059
66059
66058
66056
66055
66055
66055
66055
66054
66054
66054
66054
66053
66053
66053
66053
66052
66052
66052
66052
66050
66050
66050
66049
66049
66049
66049
66048
66048
66048
66048
66047
66047
66047
66047
66047
66046
66045
66045
66044
66044
66043
66042
66041
66041
66040
66040
66040
66040
66039
66039
66039
66039
66039
66038
66038
66038
66038
66037
66037
66037
66037
66036
66036
66035
66034
66033
66033
66032
66032
66032
66032
66031
66031
66031
66031
66030
66030
66030
66030
66030
66029
66029
66029
66029
66028
66028
66027
66026
66026
66026
66026
66025
66025
66025
66025
66024
66024
66024
66024
66023
66023
66023
66023
66022
66022
66022
66022
66022
66021
66021
66021
66021
66020
66020
66020
66020
66019
66019
66019
66019
66018
66018
66018
66018
66017
66017
66017
66017
66016
66016
66016
66016
66015
66015
66015
66015
66015
66014
66014
66014
66014
66013
66013
66013
66013
66012
66012
66012
66012
66011
66011
66011
66011
66010
66010
66010
66010
66009
66009
66009
66009
66009
66008
66008
66007
66006
66006
66006
66006
66005
66005
66005
66005
66004
66004
66004
66004
66003
66003
66001
66000
65999
65997
65996
65994
65994
65994
65994
65992
65992
65992
65991
65991
65991
65991
65990
65990
65990
65990
65989
65989
65989
65989
65988
65988
65987
65987
65986
65986
65986
65986
65985
65985
65985
65985
65984
65984
65984
65984
65982
65982
65982
65981
65981
65981
65981
65979
65979
65978
65977
65977
65977
65977
65976
65976
65976
65976
65975
65975
65975
65975
65974
65974
65972
65972
65972
65972
65971
65971
65970
65969
65968
65968
65967
65967
65967
65967
65966
65966
65966
65966
65965
65965
65965
65965
65965
65964
65964
65964
65964
65963
65963
65962
65961
65961
65961
65961
65960
65960
65960
65960
65959
65959
65959
65959
65959
65958
65958
65958
65958
65957
65957
65957
65957
65956
65956
65956
65956
65955
65955
65955
65955
65954
65954
65954
65954
65953
65953
65953
65953
65952
65952
65952
65951
65951
65951
65951
65951
65950
65950
65950
65950
65949
65949
65949
65949
65948
65948
65948
65948
65947
65947
65947
65947
65946
65946
65946
65946
65945
65945
65945
65945
65945
65944
65944
65944
65944
65942
65942
65941
65941
65941
65941
65940
65940
65940
65940
65940
65939
65939
65939
65939
65938
65938
65938
65938
65937
65937
65937
65937
65936
65935
65933
65932
65929
65928
65925
65925
65924
65924
65924
65924
65923
65923
65923
65923
65923
65922
65922
65922
65922
65920
65920
65920
65919
65919
65919
65919
65918
65918
65918
65918
65916
65916
65916
65916
65915
65915
65915
65915
65914
65914
65913
65912
65911
65911
65911
65910
65910
65910
65910
65909
65909
65909
65909
65908
65908
65908
65908
65907
65907
65907
65907
65906
65906
65905
65904
65903
65902
65902
65902
65902
65901
65901
65901
65901
65901
65900
65900
65900
65900
65899
65899
65899
65899
65898
65898
65898
65896
65896
65896
65896
65895
65895
65895
65895
65894
65894
65894
65894
65893
65893
65893
65893
65892
65892
65892
65892
65891
65891
65891
65891
65890
65890
65890
65890
65889
65889
65889
65889
65888
65888
65888
65888
65888
65887
65887
65887
65887
65885
65885
65885
65884
65884
65884
65884
65883
65883
65883
65883
65882
65882
65882
65882
65882
65881
65881
65881
65881
65880
65880
65880
65880
65879
65879
65879
65879
65878
65878
65878
65877
65876
65876
65876
65875
65875
65875
65875
65874
65874
65874
65874
65873
65873
65873
65873
65873
65872
65872
65872
65872
65871
65871
65871
65871
65870
65870
65870
65870
65869
65869
65869
65869
65867
65866
65864
65863
65861
65860
65860
65859
65859
65859
65859
65858
65858
65858
65856
65856
65856
65856
65855
65855
65855
65855
65853
65853
65853
65853
65852
65852
65852
65852
65851
65851
65851
65851
65850
65849
65849
65847
65847
65847
65847
65846
65846
65846
65846
65845
65845
65845
65845
65844
65844
65844
65844
65843
65843
65843
65843
65843
65841
65841
65839
65839
65839
65839
65838
65838
65838
65837
65837
65837
65837
65836
65836
65836
65836
65835
65835
65835
65835
65835
65834
65833
65833
65832
65832
65832
65832
65831
65831
65831
65830
65830
65830
65830
65829
65829
65829
65828
65828
65828
65828
65827
65827
65827
65825
65825
65825
65825
65824
65824
65824
65824
65823
65823
65823
65823
65823
65822
65822
65822
65822
65821
65821
65821
65821
65820
65820
65820
65820
65819
65819
65819
65819
65818
65818
65818
65818
65817
65817
65817
65817
65816
65816
65816
65816
65815
65815
65815
65815
65815
65813
65813
65813
65812
65812
65812
65812
65811
65811
65811
65811
65810
65810
65810
65810
65809
65809
65809
65809
65808
65808
65808
65808
65808
65807
65807
65807
65806
65806
65806
65806
65806
65805
65805
65805
65805
65804
65804
65804
65804
65803
65803
65801
65799
65798
65796
65795
65792
65792
65792
65790
65790
65790
65789
65789
65788
65788
65787
65787
65787
65787
65786
65786
65786
65786
65785
65785
65785
65785
65784
65784
65783
65783
65781
65781
65781
65780
65780
65780
65780
65779
65779
65779
65779
65778
65778
65778
65778
65777
65777
65777
65777
65777
65776
65775
65774
65773
65773
65772
65772
65772
65772
65771
65771
65771
65771
65771
65770
65770
65770
65770
65769
65769
65769
65769
65768
65768
65767
65766
65753
65753
65753
65752
65752
65752
65752
65752
65751
65751
65751
65751
65750
65750
65750
65749
65749
65749
65749
65748
65748
65746
65746
65746
65746
65745
65745
65745
65745
65744
65744
65744
65744
65743
65743
65743
65743
65742
65742
65742
65742
65742
65741
65741
65741
65741
65740
65740
65740
65740
65739
65739
65739
65739
65738
65738
65738
65738
65737
65737
65737
65737
65736
65736
65735
65734
65734
65734
65734
65734
65733
65733
65733
65733
65732
65732
65732
65732
65731
65731
65731
65731
65730
65730
65730
65730
65729
65729
65729
65729
65729
65728
65728
65728
65728
65727
65727
65727
65727
65726
65726
65726
65726
65725
65725
65725
65725
65724
65724
65724
65724
65723
65723
65723
65723
65721
65719
65717
65715
65714
65712
65712
65712
65712
65711
65711
65711
65711
65711
65710
65710
65710
65710
65709
65709
65709
65709
65708
65707
65707
65705
65705
65704
65704
65704
65704
65703
65703
65703
65703
65703
65702
65702
65702
65702
65701
65701
65701
65701
65700
65700
65699
65698
65697
65697
65696
65696
65696
65696
65695
65695
65695
65695
65694
65694
65694
65694
65694
65693
65692
65692
65691
65691
65691
65689
65689
65689
65689
65688
65688
65688
65687
65687
65687
65687
65687
65686
65686
65686
65686
65685
65685
65685
65685
65684
65684
65684
65682
65682
65682
65682
65681
65681
65681
65681
65680
65680
65680
65680
65679
65679
65679
65678
65677
65677
65677
65677
65676
65676
65676
65676
65675
65675
65675
65675
65674
65674
65674
65674
65674
65673
65673
65673
65673
65672
65672
65672
65656
65656
65655
65655
65655
65655
65654
65654
65654
65654
65654
65653
65653
65653
65653
65652
65652
65652
65651
65651
65651
65651
65651
65650
65650
65650
65650
65649
65649
65649
65648
65648
65648
65648
65647
65647
65647
65647
65646
65646
65646
65646
65645
65645
65645
65645
65645
65644
65644
65644
65644
65643
65643
65643
65643
65642
65642
65642
65642
65641
65640
65638
65636
65635
65632
65631
65631
65630
65630
65630
65629
65629
65629
65629
65628
65628
65628
65624
65624
65622
65622
65622
65622
65621
65621
65621
65620
65620
65620
65620
65619
65619
65619
65619
65618
65618
65618
65618
65617
65617
65616
65615
65614
65614
65614
65613
65613
65613
65613
65612
65612
65612
65612
65611
65611
65611
65611
65610
65610
65610
65610
65609
65609
65608
65607
65607
65607
65607
65606
65606
65606
65606
65605
65605
65605
65605
65604
65604
65604
65604
65603
65603
65603
65602
65602
65602
65600
65600
65600
65600
65599
65599
65599
65599
65599
65598
65598
65598
65598
65597
65597
65596
65595
65595
65595
65595
65594
65594
65594
65594
65593
65593
65593
65593
65592
65592
65592
65592
65591
65591
65591
65591
65591
65589
65589
65589
65588
65588
65586
65586
65586
65586
65585
65585
65585
65585
65585
65584
65584
65584
65584
65583
65583
65583
65583
65582
65582
65582
65582
65581
65581
65581
65581
65580
65580
65580
65580
65579
65579
65579
65579
65579
65578
65578
65578
65578
65577
65577
65577
65577
65576
65576
65576
65576
65575
65575
65575
65575
65574
65574
65574
65574
65574
65573
65573
65573
65573
65572
65572
65572
65572
65571
65570
65567
65566
65564
65563
65561
65561
65561
65560
65560
65560
65558
65558
65557
65556
65556
65556
65556
65555
65555
65555
65555
65555
65554
65554
65554
65554
65553
65553
65553
65553
65552
65552
65552
65550
65550
65549
65548
65548
65548
65548
65547
65547
65547
65547
65546
65546
65546
65546
65546
65545
65545
65545
65545
65544
65544
65544
65542
65542
65542
65542
65541
65541
65541
65541
65540
65540
65540
65540
65539
65539
65539
65539
65538
65538
65538
65538
65537
65537
65537
65536
65535
65535
65535
65535
65534
65534
65534
65534
65533
65533
65533
65533
65532
65532
65531
65531
65529
65529
65528
65528
65528
65528
65527
65527
65527
65527
65527
65526
65526
65526
65526
65525
65525
65524
65523
65523
65523
65522
65522
65522
65522
65521
65521
65521
65521
65520
65520
65520
65520
65519
65519
65519
65519
65518
65518
65518
65518
65517
65517
65517
65517
65516
65516
65516
65516
65515
65515
65515
65515
65515
65514
65514
65514
65514
65513
65513
65513
65513
65512
65512
65512
65512
65512
65511
65511
65511
65511
65510
65510
65510
65510
65509
65509
65509
65509
65508
65508
65508
65508
65507
65507
65507
65507
65507
65506
65506
65506
65506
65505
65505
65505
65502
65500
65499
65498
65495
65493
65492
65491
65491
65490
65490
65490
65490
65489
65489
65489
65489
65489
65488
65488
65488
65488
65487
65487
65487
65487
65486
65486
65485
65485
65483
65483
65483
65482
65482
65482
65482
65481
65481
65481
65481
65480
65480
65480
65480
65479
65479
65479
65479
65478
65478
65477
65476
65476
65476
65476
65476
65475
65475
65475
65475
65474
65474
65474
65474
65473
65473
65473
65473
65472
65472
65472
65472
65472
65470
65470
65470
65469
65469
65469
65469
65468
65468
65468
65468
65467
65467
65467
65467
65465
65465
65464
65463
65463
65463
65463
65462
65462
65462
65462
65461
65461
65461
65461
65461
65459
65459
65459
65458
65458
65458
65458
65457
65457
65457
65457
65456
65456
65456
65456
65455
65455
65455
65455
65454
65454
65454
65454
65454
65453
65453
65453
65453
65452
65452
65452
65452
65451
65451
65451
65451
65450
65450
65450
65450
65449
65449
65449
65449
65449
65448
65448
65448
65448
65447
65447
65447
65447
65446
65446
65446
65446
65445
65445
65445
65445
65444
65444
65444
65444
65444
65443
65443
65443
65443
65442
65442
65442
65442
65441
65441
65441
65441
65440
65440
65440
65440
65439
65439
65439
65439
65438
65437
65434
65432
65430
65429
65428
65427
65427
65427
65427
65426
65426
65426
65426
65425
65425
65425
65424
65424
65424
65423
65423
65422
65421
65420
65420
65419
65419
65419
65418
65418
65418
65418
65417
65417
65417
65416
65416
65416
65416
65416
65415
65415
65415
65415
65413
65413
65413
65412
65412
65412
65412
65411
65411
65411
65411
65410
65410
65410
65410
65410
65409
65409
65409
65407
65407
65407
65407
65405
65405
65405
65404
65404
65404
65404
65404
65403
65403
65403
65403
65402
65402
65402
65401
65400
65399
65399
65398
65398
65398
65398
65397
65397
65397
65397
65397
65395
65395
65394
65394
65394
65394
65393
65393
65393
65393
65391
65391
65391
65390
65390
65390
65390
65389
65389
65389
65389
65388
65388
65388
65388
65387
65387
65387
65387
65387
65386
65386
65386
65386
65385
65385
65385
65385
65384
65384
65384
65384
65383
65383
65383
65383
65382
65382
65382
65382
65382
65381
65381
65381
65381
65380
65380
65380
65380
65379
65379
65379
65379
65378
65378
65378
65378
65378
65377
65377
65377
65377
65376
65376
65376
65376
65375
65375
65375
65375
65374
65374
65374
65374
65374
65373
65373
65373
65373
65372
65372
65372
65372
65371
65371
65371
65369
65368
65366
65365
65363
65361
65361
65360
65360
65360
65360
65359
65359
65359
65359
65358
65357
65357
65355
65355
65354
65354
65354
65354
65353
65353
65353
65353
65353
65352
65352
65352
65352
65351
65351
65351
65351
65350
65350
65349
65348
65348
65348
65348
65348
65347
65347
65347
65347
65346
65346
65346
65346
65345
65345
65345
65345
65344
65344
65344
65344
65343
65342
65342
65342
65341
65341
65341
65341
65340
65340
65340
65340
65339
65339
65339
65339
65337
65337
65336
65335
65335
65335
65335
65334
65334
65334
65332
65332
65332
65332
65331
65331
65331
65331
65330
65330
65330
65330
65330
65328
65328
65326
65326
65325
65325
65325
65325
65324
65324
65324
65324
65323
65323
65323
65323
65322
65322
65322
65322
65321
65321
65321
65321
65320
65320
65320
65320
65318
65318
65318
65318
65317
65317
65317
65317
65316
65316
65316
65316
65315
65315
65315
65315
65314
65314
65314
65314
65314
65313
65313
65313
65313
65312
65312
65312
65312
65311
65311
65311
65311
65310
65310
65310
65310
65310
65309
65309
65309
65309
65308
65308
65308
65308
65307
65307
65307
65307
65306
65306
65306
65306
65305
65305
65305
65305
65305
65304
65304
65304
65304
65303
65302
65300
65299
65298
65296
65294
65294
65294
65293
65293
65292
65291
65290
65290
65289
65289
65289
65289
65288
65288
65288
65288
65288
65287
65287
65287
65287
65286
65286
65286
65286
65285
65285
65284
65283
65283
65283
65283
65282
65282
65282
65282
65281
65281
65281
65281
65280
65280
65280
65280
65280
65279
65279
65279
65279
65278
65277
65277
65276
65276
65276
65276
65275
65275
65275
65275
65274
65274
65274
65274
65273
65272
65272
65270
65270
65270
65269
65269
65268
65267
65267
65267
65267
65266
65266
65266
65266
65265
65265
65265
65265
65264
65264
65264
65262
65262
65261
65260
65260
65260
65260
65260
65259
65259
65259
65259
65258
65258
65258
65258
65257
65257
65257
65257
65256
65256
65256
65256
65255
65255
65255
65255
65254
65254
65254
65254
65253
65253
65253
65252
65252
65252
65252
65251
65251
65251
65251
65251
65250
65250
65250
65250
65249
65249
65249
65249
65248
65248
65248
65248
65247
65247
65247
65247
65246
65246
65246
65246
65245
65245
65245
65245
65245
65244
65244
65244
65244
65243
65243
65243
65243
65242
65242
65242
65242
65241
65241
65241
65241
65240
65240
65240
65240
65239
65239
65239
65239
65239
65238
65238
65238
65238
65235
65233
65232
65229
65227
65225
65224
65223
65223
65223
65223
65222
65222
65222
65221
65221
65221
65221
65220
65220
65220
65220
65219
65219
65219
65219
65218
65217
65217
65216
65216
65216
65216
65215
65215
65215
65215
65214
65214
65214
65214
65213
65213
65213
65213
65213
65212
65212
65212
65212
65210
65210
65209
65209
65209
65209
65209
65208
65208
65208
65208
65207
65207
65207
65207
65205
65205
65204
65203
65202
65202
65201
65201
65201
65201
65200
65200
65200
65200
65199
65199
65199
65199
65198
65198
65198
65198
65198
65196
65196
65194
65194
65194
65193
65193
65193
65193
65192
65192
65192
65192
65191
65191
65191
65191
65190
65190
65190
65190
65189
65189
65189
65189
65189
65188
65188
65188
65188
65187
65187
65187
65187
65186
65186
65186
65186
65185
65185
65185
65185
65184
65184
65184
65184
65183
65183
65183
65183
65183
65182
65182
65182
65182
65181
65181
65181
65181
65180
65180
65180
65180
65179
65179
65179
65179
65179
65178
65178
65178
65178
65177
65177
65177
65177
65176
65176
65176
65176
65175
65175
65175
65175
65174
65174
65174
65174
65174
65173
65173
65173
65173
65172
65172
65172
65172
65171
65171
65171
65171
65170
65170
65170
65167
65166
65164
65163
65161
65160
65160
65159
65159
65159
65159
65158
65158
65158
65158
65157
65157
65157
65157
65156
65156
65155
65154
65154
65154
65154
65153
65153
65153
65153
65152
65152
65152
65152
65151
65151
65151
65151
65150
65150
65150
65150
65149
65149
65148
65147
65147
65147
65147
65147
65146
65146
65146
65145
65145
65145
65145
65144
65144
65143
65141
65139
65139
65139
65137
65137
65137
65137
65136
65136
65136
65136
65136
65135
65135
65135
65135
65134
65134
65134
65134
65133
65132
65132
65130
65130
65129
65129
65129
65129
65128
65128
65128
65128
65127
65127
65127
65127
65126
65126
65126
65126
65125
65125
65125
65123
65123
65123
65123
65122
65122
65122
65122
65121
65121
65121
65121
65120
65120
65120
65120
65119
65119
65119
65119
65118
65118
65118
65118
65117
65117
65117
65117
65117
65116
65116
65116
65116
65115
65115
65115
65115
65114
65114
65114
65114
65113
65113
65113
65113
65112
65112
65112
65112
65111
65111
65111
65111
65110
65110
65110
65110
65109
65109
65109
65109
65108
65108
65108
65108
65107
65107
65107
65107
65107
65106
65106
65106
65106
65105
65105
65105
65105
65104
65104
65104
65104
65103
65102
65102
65101
65101
65100
65098
65096
65094
65093
65091
65091
65091
65091
65090
65090
65090
65090
65089
65089
65088
65087
65087
65087
65087
65086
65058
65057
65057
65057
65056
65056
65056
65056
65055
65055
65055
65054
65054
65054
65054
65054
65053
65052
65051
65051
65051
65051
65050
65050
65050
65050
65049
65049
65049
65049
65047
65047
65045
65045
65043
65043
65043
65043
65042
65042
65042
65042
65041
65041
65041
65041
65041
65040
65040
65040
65040
65039
65039
65039
65039
65037
65037
65036
65035
65035
65035
65034
65034
65034
65034
65034
65033
65033
65033
65033
65032
65032
65032
65032
65031
65031
65031
65031
65029
65029
65029
65029
65028
65028
65028
65028
65027
65027
65027
65027
65026
65026
65026
65026
65025
65025
65025
65025
65024
65024
65024
65024
65023
65023
65023
65023
65023
65021
65021
65020
65020
65020
65020
65019
65019
65019
65019
65019
65018
65018
65018
65018
65017
65017
65017
65017
65016
65016
65016
65016
65015
65015
65015
65015
65014
65014
65014
65014
65013
65013
65013
65013
65012
65012
65012
65012
65012
65011
65011
65011
65011
65010
65010
65010
65010
65009
65009
65009
65007
65007
65007
65007
65006
65006
65006
65006
65005
65005
65005
65005
65004
65003
65001
65000
64998
64997
64995
64995
64995
64995
64993
64993
64993
64992
64992
64992
64992
64991
64991
64991
64991
64990
64990
64990
64990
64990
64989
64989
64989
64989
64988
64988
64988
64986
64986
64986
64985
64985
64985
64985
64984
64984
64984
64983
64982
64982
64982
64982
64980
64980
64978
64978
64978
64978
64977
64977
64977
64977
64977
64976
64976
64976
64976
64975
64975
64975
64975
64974
64974
64974
64974
64972
64972
64971
64970
64970
64970
64970
64969
64969
64969
64969
64969
64968
64968
64968
64968
64967
64967
64967
64967
64966
64966
64966
64964
64964
64964
64963
64963
64963
64963
64962
64962
64962
64962
64962
64961
64961
64961
64961
64960
64960
64960
64960
64959
64959
64959
64959
64958
64958
64958
64958
64957
64957
64957
64957
64957
64956
64956
64956
64956
64955
64955
64955
64955
64954
64954
64954
64954
64953
64953
64953
64953
64953
64952
64952
64952
64952
64951
64951
64951
64951
64950
64950
64950
64950
64949
64949
64949
64949
64948
64948
64948
64948
64948
64947
64947
64947
64947
64946
64946
64945
64944
64944
64944
64944
64943
64943
64943
64943
64942
64942
64942
64942
64941
64941
64941
64941
64940
64940
64940
64940
64939
64935
64933
64931
64928
64927
64926
64925
64925
64925
64924
64924
64924
64924
64923
64923
64923
64922
64922
64922
64922
64922
64921
64921
64921
64921
64920
64919
64918
64918
64918
64918
64917
64917
64916
64915
64915
64915
64914
64914
64914
64914
64912
64912
64911
64910
64910
64910
64910
64909
64909
64909
64909
64908
64908
64908
64908
64907
64907
64907
64907
64906
64906
64906
64906
64904
64904
64902
64902
64902
64902
64901
64901
64901
64901
64900
64900
64900
64900
64900
64899
64899
64899
64899
64898
64898
64898
64898
64896
64896
64896
64895
64895
64895
64895
64894
64894
64894
64894
64893
64893
64893
64893
64892
64892
64892
64892
64891
64891
64891
64891
64890
64890
64890
64890
64889
64889
64889
64889
64889
64888
64888
64888
64888
64887
64887
64887
64887
64886
64886
64886
64886
64885
64885
64885
64885
64884
64884
64884
64884
64884
64883
64883
64883
64883
64882
64882
64882
64882
64881
64881
64881
64881
64880
64880
64880
64880
64879
64879
64879
64879
64878
64877
64877
64876
64876
64876
64876
64876
64875
64875
64875
64875
64874
64874
64874
64874
64873
64873
64873
64873
64872
64872
64872
64872
64871
64871
64871
64871
64870
64870
64870
64870
64868
64866
64865
64864
64862
64861
64861
64860
64860
64860
64860
64859
64859
64859
64859
64858
64858
64858
64858
64858
64856
64856
64855
64855
64854
64853
64853
64853
64853
64852
64852
64852
64852
64851
64851
64850
64849
64848
64848
64848
64847
64847
64847
64847
64846
64846
64846
64846
64845
64845
64845
64844
64844
64844
64844
64844
64843
64843
64842
64841
64840
64840
64839
64839
64838
64837
64837
64837
64837
64836
64836
64836
64836
64835
64835
64835
64835
64835
64834
64834
64834
64832
64832
64832
64831
64831
64831
64831
64830
64830
64830
64830
64829
64829
64829
64829
64828
64828
64828
64828
64827
64827
64827
64827
64825
64825
64824
64824
64824
64824
64823
64823
64823
64823
64822
64822
64822
64822
64821
64821
64821
64821
64820
64820
64820
64820
64820
64819
64819
64819
64819
64818
64818
64818
64818
64817
64817
64817
64817
64816
64816
64816
64816
64815
64815
64815
64815
64814
64814
64814
64814
64813
64812
64811
64811
64811
64811
64811
64810
64810
64810
64809
64809
64809
64809
64808
64808
64808
64808
64808
64807
64807
64807
64807
64806
64806
64806
64806
64805
64805
64805
64805
64804
64804
64804
64804
64803
64803
64803
64803
64802
64802
64801
64798
64796
64795
64793
64792
64792
64792
64791
64791
64791
64790
64790
64790
64789
64787
64787
64787
64786
64786
64786
64786
64785
64785
64785
64785
64784
64784
64784
64782
64782
64781
64780
64780
64780
64780
64779
64779
64779
64779
64779
64778
64778
64778
64778
64777
64777
64777
64777
64776
64776
64776
64774
64774
64773
64773
64772
64772
64772
64772
64771
64771
64771
64771
64770
64770
64770
64770
64769
64769
64769
64769
64769
64768
64768
64766
64766
64766
64766
64766
64765
64765
64765
64765
64764
64764
64764
64764
64763
64763
64763
64763
64762
64762
64762
64762
64761
64761
64760
64759
64759
64759
64759
64758
64758
64758
64758
64758
64757
64757
64757
64757
64756
64756
64756
64756
64755
64755
64755
64755
64754
64754
64754
64754
64753
64753
64753
64753
64751
64751
64751
64751
64750
64750
64750
64750
64749
64749
64749
64749
64748
64748
64748
64746
64746
64746
64746
64745
64745
64745
64745
64745
64744
64744
64744
64744
64743
64743
64743
64743
64742
64742
64742
64742
64741
64741
64741
64740
64740
64740
64739
64739
64739
64739
64739
64738
64738
64738
64738
64737
64737
64737
64737
64736
64736
64736
64736
64735
64735
64735
64735
64735
64733
64731
64730
64729
64727
64726
64724
64724
64722
64722
64721
64721
64721
64720
64720
64720
64720
64720
64719
64719
64719
64719
64718
64717
64717
64715
64715
64715
64714
64714
64714
64714
64713
64713
64713
64713
64712
64712
64712
64712
64711
64711
64711
64711
64710
64710
64709
64708
64707
64707
64706
64706
64706
64706
64705
64705
64705
64705
64704
64704
64704
64704
64703
64703
64703
64703
64702
64702
64702
64700
64700
64700
64700
64699
64699
64699
64699
64698
64698
64698
64698
64698
64697
64697
64697
64697
64696
64696
64696
64696
64695
64695
64694
64693
64693
64693
64693
64692
64692
64692
64692
64691
64691
64691
64691
64691
64690
64690
64690
64690
64689
64689
64689
64689
64688
64688
64688
64688
64687
64687
64687
64687
64687
64686
64686
64686
64686
64685
64685
64685
64685
64684
64684
64684
64682
64682
64682
64682
64681
64681
64681
64681
64680
64680
64680
64680
64679
64679
64679
64679
64678
64678
64678
64678
64677
64677
64677
64677
64676
64676
64676
64676
64675
64675
64675
64675
64675
64674
64674
64674
64674
64673
64673
64673
64673
64672
64672
64672
64672
64671
64671
64658
64657
64657
64657
64657
64656
64656
64656
64656
64655
64655
64651
64650
64647
64646
64644
64642
64641
64641
64641
64641
64641
64640
64640
64639
64639
64639
64639
64637
64637
64636
64635
64635
64635
64635
64634
64634
64634
64634
64633
64633
64633
64633
64632
64632
64632
64632
64631
64631
64631
64631
64629
64629
64628
64627
64627
64627
64627
64626
64626
64626
64626
64625
64625
64625
64625
64625
64624
64624
64624
64623
64623
64623
64623
64621
64621
64621
64620
64620
64619
64619
64619
64618
64618
64618
64618
64617
64617
64617
64617
64616
64616
64616
64616
64616
64615
64615
64614
64613
64613
64613
64613
64612
64612
64612
64612
64611
64611
64611
64611
64610
64610
64610
64610
64609
64609
64609
64609
64607
64607
64607
64607
64606
64606
64606
64606
64605
64605
64605
64605
64604
64604
64604
64604
64603
64603
64602
64601
64601
64601
64601
64600
64600
64600
64600
64599
64599
64599
64599
64599
64598
64598
64598
64598
64597
64597
64597
64597
64596
64596
64596
64596
64595
64595
64595
64595
64594
64594
64594
64594
64593
64593
64593
64593
64592
64592
64592
64592
64591
64591
64591
64591
64590
64590
64590
64590
64589
64589
64589
64589
64588
64588
64588
64588
64587
64587
64587
64587
64586
64586
64586
64586
64585
64584
64582
64581
64580
64578
64577
64576
64576
64576
64576
64575
64574
64574
64573
64572
64572
64572
64571
64571
64571
64571
64570
64570
64570
64569
64569
64569
64569
64568
64568
64568
64568
64567
64567
64566
64565
64564
64564
64563
64563
64563
64563
64562
64562
64562
64562
64561
64561
64561
64561
64560
64560
64560
64560
64560
64559
64559
64558
64557
64557
64557
64557
64556
64556
64554
64554
64554
64554
64553
64553
64553
64553
64552
64552
64552
64552
64551
64551
64551
64551
64549
64549
64549
64548
64548
64548
64548
64547
64547
64547
64547
64546
64546
64546
64546
64545
64545
64545
64545
64545
64544
64543
64543
64541
64541
64541
64540
64540
64540
64540
64539
64539
64539
64539
64538
64538
64536
64536
64536
64536
64535
64535
64535
64535
64534
64534
64534
64534
64534
64533
64533
64533
64533
64532
64532
64532
64532
64531
64531
64531
64531
64530
64530
64530
64530
64529
64529
64529
64529
64529
64528
64528
64528
64528
64527
64527
64527
64527
64526
64526
64526
64526
64525
64525
64525
64525
64524
64524
64524
64524
64523
64523
64523
64523
64522
64522
64522
64522
64521
64521
64521
64521
64521
64520
64520
64520
64520
64519
64519
64519
64519
64518
64516
64514
64513
64511
64510
64507
64507
64505
64505
64505
64504
64504
64504
64504
64503
64503
64503
64503
64502
64502
64502
64502
64501
64501
64501
64501
64500
64500
64499
64498
64497
64497
64497
64496
64496
64496
64496
64495
64495
64495
64495
64494
64494
64494
64494
64493
64493
64493
64493
64492
64492
64491
64491
64490
64490
64490
64490
64489
64489
64489
64489
64488
64488
64488
64488
64487
64487
64487
64487
64486
64486
64486
64486
64486
64484
64484
64483
64483
64483
64483
64483
64482
64482
64482
64482
64481
64481
64481
64481
64480
64480
64480
64480
64479
64479
64477
64477
64476
64475
64475
64475
64475
64474
64474
64474
64474
64473
64472
64472
64472
64471
64471
64471
64471
64470
64470
64470
64470
64469
64469
64469
64469
64468
64468
64468
64468
64467
64467
64466
64465
64465
64465
64465
64464
64464
64464
64464
64464
64463
64463
64463
64463
64462
64462
64462
64462
64461
64461
64461
64461
64460
64460
64460
64460
64460
64459
64459
64459
64459
64458
64458
64458
64457
64457
64457
64457
64457
64456
64456
64456
64456
64455
64455
64455
64455
64454
64454
64454
64454
64453
64453
64453
64453
64452
64452
64452
64452
64452
64451
64451
64451
64451
64449
64446
64445
64443
64441
64439
64439
64438
64438
64438
64438
64437
64437
64437
64437
64436
64436
64436
64436
64435
64435
64435
64433
64433
64432
64432
64431
64431
64431
64431
64430
64430
64430
64430
64429
64429
64429
64429
64429
64428
64428
64428
64428
64427
64427
64426
64425
64425
64425
64425
64424
64424
64424
64424
64424
64423
64423
64423
64423
64422
64422
64422
64422
64421
64421
64421
64421
64420
64419
64418
64418
64418
64418
64417
64417
64417
64417
64417
64416
64416
64416
64416
64415
64415
64415
64415
64414
64414
64414
64412
64412
64411
64411
64410
64410
64410
64410
64409
64408
64407
64407
64407
64406
64406
64406
64406
64405
64405
64405
64405
64404
64404
64404
64404
64403
64403
64403
64403
64402
64402
64402
64402
64401
64401
64401
64401
64400
64400
64400
64400
64399
64399
64399
64399
64399
64398
64398
64398
64398
64397
64397
64397
64397
64396
64396
64396
64396
64395
64395
64395
64395
64394
64394
64394
64394
64394
64393
64393
64393
64393
64392
64392
64392
64392
64391
64391
64391
64391
64390
64390
64390
64390
64389
64389
64389
64389
64388
64388
64388
64388
64388
64387
64387
64387
64387
64386
64386
64386
64386
64385
64385
64385
64381
64378
64377
64376
64373
64371
64371
64371
64370
64370
64370
64370
64369
64369
64369
64369
64367
64367
64365
64365
64365
64365
64364
64364
64364
64364
64363
64363
64363
64363
64363
64362
64362
64362
64362
64361
64361
64361
64361
64359
64359
64359
64358
64358
64358
64358
64357
64357
64357
64357
64356
64356
64356
64356
64356
64355
64355
64355
64355
64354
64354
64354
64352
64352
64351
64351
64351
64350
64350
64350
64350
64349
64349
64349
64349
64348
64348
64348
64348
64347
64347
64347
64347
64345
64345
64344
64343
64343
64343
64341
64341
64341
64341
64340
64340
64340
64339
64339
64339
64339
64337
64337
64337
64336
64336
64336
64336
64335
64335
64335
64335
64334
64334
64334
64334
64334
64333
64333
64333
64333
64332
64332
64332
64332
64331
64331
64331
64331
64330
64330
64330
64330
64329
64329
64329
64329
64329
64328
64328
64328
64328
64327
64327
64327
64327
64326
64326
64326
64326
64325
64325
64325
64325
64324
64324
64324
64323
64323
64323
64323
64322
64322
64322
64322
64321
64321
64321
64321
64321
64320
64320
64320
64320
64319
64319
64319
64319
64318
64318
64318
64318
64317
64317
64317
64317
64316
64316
64316
64316
64316
64315
64315
64313
64311
64310
64309
64307
64306
64305
64305
64305
64305
64303
64303
64302
64301
64301
64301
64301
64300
64300
64300
64299
64299
64299
64299
64299
64298
64298
64298
64298
64297
64297
64297
64296
64295
64295
64294
64294
64294
64294
64293
64293
64293
64293
64293
64292
64292
64292
64292
64291
64291
64291
64291
64290
64290
64290
64290
64288
64288
64288
64287
64287
64287
64287
64286
64285
64284
64284
64284
64284
64283
64283
64283
64282
64282
64282
64282
64281
64280
64280
64278
64277
64277
64276
64276
64276
64276
64275
64275
64275
64275
64274
64274
64274
64274
64272
64272
64269
64269
64269
64269
64268
64268
64268
64267
64267
64267
64267
64266
64266
64266
64266
64265
64265
64265
64265
64264
64264
64264
64264
64263
64263
64263
64263
64262
64262
64262
64262
64261
64261
64261
64261
64260
64260
64260
64260
64259
64259
64259
64259
64258
64258
64258
64258
64258
64257
64257
64257
64257
64256
64256
64256
64256
64255
64255
64255
64255
64254
64254
64254
64254
64253
64253
64253
64253
64252
64252
64252
64252
64251
64251
64251
64251
64250
64250
64250
64250
64249
64249
64249
64249
64248
64248
64248
64248
64247
64247
64247
64247
64246
64246
64246
64246
64244
64243
64241
64240
64237
64236
64235
64234
64234
64234
64234
64233
64233
64233
64233
64232
64232
64232
64232
64231
64231
64231
64231
64230
64230
64230
64230
64228
64228
64228
64227
64227
64227
64227
64227
64226
64226
64226
64226
64225
64225
64225
64225
64224
64224
64224
64224
64223
64223
64223
64221
64221
64221
64221
64220
64220
64220
64219
64219
64219
64219
64218
64218
64218
64218
64218
64217
64217
64217
64217
64216
64214
64214
64212
64212
64211
64211
64211
64211
64210
64210
64210
64210
64210
64209
64209
64209
64209
64207
64207
64205
64205
64205
64205
64204
64204
64204
64204
64203
64203
64203
64203
64202
64202
64202
64202
64201
64201
64201
64201
64200
64200
64200
64200
64199
64199
64199
64199
64199
64198
64198
64198
64198
64197
64197
64197
64197
64196
64195
64195
64194
64194
64194
64194
64193
64193
64193
64193
64192
64192
64192
64192
64192
64191
64191
64191
64191
64190
64190
64190
64190
64189
64189
64189
64189
64188
64188
64188
64188
64187
64187
64187
64186
64186
64186
64186
64185
64185
64185
64185
64184
64184
64184
64184
64183
64183
64183
64183
64182
64182
64182
64182
64181
64181
64181
64181
64180
64180
64180
64180
64179
64179
64177
64175
64173
64172
64170
64168
64168
64167
64167
64167
64167
64166
64166
64166
64166
64165
64165
64165
64165
64165
64164
64163
64163
64162
64162
64162
64162
64161
64161
64161
64161
64160
64160
64160
64160
64159
64159
64159
64159
64158
64158
64158
64158
64157
64156
64156
64155
64155
64155
64155
64154
64154
64154
64154
64153
64153
64153
64153
64152
64152
64152
64152
64150
64150
64150
64148
64148
64147
64146
64146
64146
64146
64145
64145
64145
64145
64144
64144
64144
64144
64143
64143
64142
64141
64140
64140
64140
64139
64139
64139
64139
64138
64138
64138
64138
64137
64137
64137
64137
64137
64136
64136
64136
64136
64135
64133
64133
64133
64132
64132
64132
64132
64131
64131
64131
64131
64130
64130
64130
64130
64129
64129
64129
64129
64128
64128
64128
64128
64128
64127
64127
64127
64127
64126
64126
64126
64126
64125
64125
64125
64125
64124
64124
64124
64124
64124
64123
64123
64122
64122
64122
64122
64121
64121
64121
64121
64120
64120
64120
64120
64119
64119
64119
64118
64118
64118
64118
64118
64117
64117
64117
64117
64116
64116
64116
64116
64115
64115
64115
64115
64114
64114
64114
64114
64113
64113
64113
64113
64112
64112
64111
64110
64108
64106
64105
64103
64102
64100
64100
64100
64100
64099
64099
64099
64098
64098
64098
64097
64096
64096
64096
64096
64095
64095
64095
64095
64094
64094
64094
64094
64093
64093
64093
64093
64093
64092
64092
64092
64091
64091
64090
64089
64089
64089
64088
64088
64088
64088
64088
64087
64087
64087
64087
64086
64086
64085
64084
64084
64084
64084
64084
64082
64082
64080
64080
64080
64080
64079
64079
64079
64079
64078
64078
64078
64078
64077
64077
64077
64075
64075
64074
64073
64073
64073
64073
64072
64072
64072
64072
64071
64071
64071
64071
64070
64070
64070
64070
64069
64069
64069
64068
64067
64066
64066
64066
64066
64065
64065
64065
64065
64064
64064
64064
64064
64064
64063
64063
64063
64063
64062
64062
64062
64062
64061
64061
64061
64061
64060
64060
64060
64060
64060
64059
64059
64059
64059
64058
64058
64058
64058
64057
64057
64057
64057
64056
64056
64056
64056
64055
64055
64055
64055
64055
64054
64054
64054
64054
64053
64053
64053
64053
64052
64052
64052
64052
64051
64051
64051
64051
64050
64050
64050
64050
64049
64049
64049
64049
64049
64048
64048
64048
64048
64047
64046
64046
64045
64045
64045
64045
64044
64044
64044
64044
64043
64042
64040
64039
64037
64035
64034
64034
64033
64033
64032
64032
64031
64031
64031
64031
64030
64030
64030
64030
64029
64029
64029
64029
64028
64028
64028
64028
64028
64027
64027
64027
64027
64025
64025
64025
64024
64024
64024
64024
64024
64023
64023
64023
64023
64021
64021
64020
64020
64020
64020
64019
64019
64019
64018
64017
64016
64016
64015
64015
64015
64015
64014
64014
64014
64012
64012
64012
64011
64011
64011
64009
64009
64007
64006
64006
64006
64006
64005
64005
64005
64005
64004
64004
64004
64004
64003
64003
64003
64003
64002
64002
64002
64002
64000
64000
64000
63999
63999
63999
63999
63999
63998
63998
63998
63998
63997
63997
63997
63996
63996
63996
63996
63996
63995
63995
63995
63995
63994
63994
63994
63994
63993
63993
63993
63993
63992
63992
63992
63992
63991
63991
63991
63991
63990
63990
63990
63990
63989
63989
63989
63989
63988
63988
63988
63988
63987
63987
63987
63987
63986
63986
63986
63986
63985
63985
63985
63985
63984
63984
63984
63984
63983
63983
63983
63983
63982
63982
63982
63982
63981
63981
63981
63980
63979
63979
63979
63979
63978
63978
63978
63978
63977
63977
63977
63977
63976
63976
63976
63976
63976
63975
63975
63973
63972
63971
63968
63967
63965
63965
63965
63964
63964
63964
63963
63963
63963
63963
63962
63962
63962
63962
63961
63961
63961
63961
63961
63960
63960
63958
63958
63958
63958
63957
63945
63945
63944
63944
63943
63942
63942
63942
63941
63941
63941
63941
63941
63940
63940
63940
63938
63938
63937
63937
63936
63936
63936
63935
63935
63935
63935
63934
63934
63934
63934
63933
63933
63932
63931
63930
63930
63930
63929
63929
63929
63929
63928
63928
63928
63928
63928
63927
63927
63927
63927
63926
63926
63926
63926
63925
63924
63924
63923
63923
63923
63923
63922
63922
63922
63922
63921
63921
63921
63921
63921
63920
63920
63920
63920
63919
63919
63919
63919
63918
63918
63918
63918
63917
63917
63917
63917
63916
63916
63916
63916
63915
63915
63915
63915
63914
63914
63913
63912
63912
63912
63912
63911
63911
63911
63911
63910
63910
63910
63910
63909
63909
63909
63909
63908
63908
63908
63908
63907
63907
63907
63907
63906
63906
63906
63906
63905
63905
63905
63905
63905
63904
63903
63902
63902
63902
63902
63902
63901
63901
63901
63901
63900
63900
63900
63900
63899
63899
63899
63899
63898
63898
63898
63898
63897
63897
63897
63897
63896
63896
63896
63894
63893
63891
63890
63888
63886
63886
63886
63885
63885
63885
63885
63884
63884
63884
63884
63883
63883
63883
63883
63881
63881
63881
63881
63880
63880
63879
63878
63878
63878
63878
63877
63877
63877
63877
63876
63876
63876
63876
63875
63875
63874
63874
63872
63872
63872
63871
63871
63871
63871
63871
63870
63870
63870
63870
63869
63869
63869
63867
63867
63866
63865
63865
63865
63865
63864
63864
63864
63864
63863
63863
63863
63863
63863
63862
63862
63862
63862
63861
63861
63861
63858
63858
63858
63858
63857
63857
63857
63857
63856
63856
63856
63856
63855
63855
63855
63855
63854
63854
63854
63854
63854
63853
63853
63852
63851
63851
63851
63851
63850
63850
63850
63850
63849
63849
63849
63849
63848
63848
63848
63848
63847
63847
63847
63847
63846
63846
63846
63846
63846
63845
63845
63845
63845
63844
63844
63844
63844
63843
63843
63843
63843
63842
63842
63842
63842
63841
63841
63841
63841
63840
63840
63840
63840
63838
63838
63838
63837
63837
63837
63836
63836
63836
63836
63836
63835
63835
63835
63835
63834
63834
63834
63834
63833
63833
63833
63833
63832
63832
63832
63832
63832
63831
63831
63831
63831
63830
63830
63830
63830
63829
63829
63826
63825
63824
63822
63821
63819
63819
63819
63819
63818
63818
63818
63818
63817
63816
63816
63815
63814
63814
63813
63813
63813
63813
63813
63812
63812
63812
63812
63811
63811
63811
63811
63810
63810
63810
63808
63808
63807
63807
63806
63806
63805
63805
63805
63805
63805
63804
63804
63804
63804
63803
63803
63802
63801
63800
63800
63799
63799
63799
63799
63799
63798
63798
63798
63797
63797
63797
63797
63796
63796
63796
63796
63795
63795
63795
63793
63793
63793
63793
63793
63792
63792
63792
63792
63791
63791
63791
63791
63790
63790
63790
63790
63789
63789
63789
63789
63788
63788
63787
63786
63786
63786
63786
63785
63785
63785
63785
63784
63784
63784
63784
63784
63783
63783
63783
63783
63782
63782
63782
63782
63781
63781
63781
63781
63780
63780
63780
63780
63779
63779
63779
63779
63778
63778
63778
63778
63778
63777
63777
63777
63777
63776
63776
63776
63776
63774
63774
63774
63773
63773
63773
63773
63772
63772
63772
63772
63771
63771
63771
63771
63770
63770
63770
63770
63769
63769
63769
63769
63768
63768
63768
63768
63768
63767
63767
63767
63767
63766
63766
63766
63766
63765
63765
63765
63765
63764
63764
63764
63764
63763
63763
63763
63761
63760
63759
63757
63756
63754
63754
63754
63751
63751
63751
63751
63750
63750
63750
63750
63749
63749
63749
63748
63748
63748
63747
63747
63747
63747
63746
63746
63746
63745
63744
63743
63743
63742
63742
63742
63742
63741
63741
63741
63741
63741
63740
63740
63740
63739
63738
63738
63736
63736
63735
63735
63735
63735
63735
63734
63734
63734
63734
63733
63733
63733
63733
63732
63730
63730
63729
63729
63729
63727
63727
63727
63727
63726
63726
63726
63726
63725
63725
63725
63725
63724
63724
63724
63724
63723
63723
63723
63723
63723
63722
63722
63721
63720
63720
63720
63720
63719
63719
63719
63719
63718
63718
63718
63718
63717
63717
63717
63717
63716
63716
63716
63716
63715
63715
63715
63715
63714
63714
63714
63714
63714
63713
63713
63713
63713
63712
63712
63712
63712
63711
63711
63711
63711
63710
63710
63709
63708
63708
63708
63708
63708
63707
63707
63707
63707
63706
63706
63706
63706
63705
63705
63705
63705
63704
63704
63704
63704
63704
63703
63703
63703
63702
63702
63702
63702
63701
63701
63701
63701
63700
63700
63700
63700
63700
63699
63699
63699
63699
63698
63698
63698
63698
63697
63697
63697
63697
63696
63696
63696
63696
63695
63693
63692
63690
63688
63687
63685
63685
63685
63685
63684
63684
63684
63684
63683
63683
63683
63683
63682
63682
63682
63682
63682
63681
63680
63680
63678
63678
63678
63678
63677
63677
63677
63677
63676
63676
63676
63676
63675
63675
63675
63673
63673
63672
63671
63671
63659
63658
63658
63658
63657
63657
63657
63657
63656
63656
63656
63656
63655
63655
63655
63655
63654
63654
63653
63652
63652
63652
63652
63651
63651
63651
63651
63650
63650
63650
63650
63649
63649
63649
63649
63648
63648
63648
63648
63647
63647
63646
63645
63645
63645
63645
63644
63644
63644
63644
63643
63643
63643
63643
63642
63642
63642
63642
63641
63641
63641
63641
63639
63639
63639
63638
63638
63638
63638
63637
63637
63637
63637
63636
63636
63636
63636
63636
63635
63635
63635
63635
63633
63631
63631
63631
63631
63630
63630
63630
63630
63629
63629
63629
63629
63628
63628
63628
63628
63627
63627
63627
63627
63627
63626
63626
63626
63626
63625
63625
63625
63625
63624
63624
63624
63624
63623
63623
63623
63623
63622
63622
63622
63622
63621
63621
63621
63621
63620
63620
63620
63620
63619
63619
63619
63619
63619
63618
63618
63618
63618
63617
63617
63617
63617
63616
63616
63614
63613
63611
63610
63608
63607
63606
63606
63606
63606
63605
63605
63605
63605
63604
63604
63604
63602
63602
63601
63600
63600
63600
63600
63599
63599
63599
63599
63599
63598
63598
63598
63598
63597
63596
63595
63594
63594
63594
63593
63593
63593
63593
63592
63592
63592
63592
63591
63591
63591
63591
63590
63590
63590
63590
63589
63589
63588
63587
63587
63587
63587
63586
63586
63586
63585
63585
63585
63585
63584
63584
63584
63584
63584
63583
63583
63583
63583
63582
63582
63580
63579
63579
63579
63579
63578
63578
63578
63578
63577
63577
63577
63577
63576
63576
63576
63576
63575
63575
63575
63575
63573
63573
63571
63571
63571
63571
63570
63570
63570
63570
63569
63569
63569
63569
63568
63568
63568
63566
63566
63566
63566
63565
63565
63565
63565
63564
63564
63564
63564
63563
63563
63563
63563
63562
63562
63562
63562
63562
63561
63561
63561
63561
63560
63560
63560
63560
63559
63559
63559
63559
63558
63558
63558
63558
63557
63557
63557
63557
63556
63556
63556
63556
63555
63555
63555
63555
63554
63554
63554
63554
63553
63553
63553
63553
63552
63552
63552
63552
63551
63551
63551
63551
63551
63550
63550
63550
63550
63549
63549
63549
63549
63546
63543
63542
63540
63539
63537
63537
63537
63536
63536
63536
63534
63534
63533
63532
63532
63532
63532
63531
63531
63531
63531
63530
63530
63530
63530
63530
63529
63528
63528
63526
63526
63526
63525
63525
63525
63525
63524
63524
63524
63524
63523
63523
63523
63523
63522
63522
63522
63522
63522
63521
63520
63520
63519
63519
63519
63519
63518
63518
63518
63518
63517
63517
63517
63516
63516
63516
63516
63515
63515
63515
63515
63515
63514
63513
63513
63512
63512
63512
63512
63511
63511
63511
63511
63510
63510
63510
63510
63509
63509
63509
63509
63508
63508
63508
63506
63506
63505
63504
63504
63504
63504
63503
63503
63503
63503
63502
63502
63502
63501
63500
63500
63500
63500
63499
63499
63499
63499
63498
63498
63498
63498
63497
63497
63497
63497
63497
63496
63496
63496
63496
63495
63495
63495
63495
63494
63494
63494
63494
63493
63493
63493
63493
63492
63492
63492
63492
63492
63491
63491
63491
63491
63490
63490
63490
63490
63489
63489
63489
63489
63488
63488
63488
63488
63487
63487
63487
63487
63487
63486
63486
63486
63486
63485
63485
63485
63485
63484
63484
63484
63484
63483
63483
63483
63483
63482
63482
63482
63482
63482
63481
63481
63479
63478
63477
63475
63474
63471
63471
63470
63469
63469
63469
63469
63468
63468
63468
63468
63467
63467
63467
63467
63467
63466
63465
63464
63463
63463
63462
63462
63462
63462
63462
63461
63461
63461
63460
63460
63460
63460
63460
63459
63459
63459
63459
63458
63458
63457
63456
63456
63456
63456
63455
63455
63455
63455
63454
63454
63454
63454
63454
63453
63453
63453
63453
63452
63450
63450
63449
63449
63448
63447
63447
63447
63447
63446
63446
63446
63446
63445
63445
63445
63445
63444
63444
63444
63444
63443
63443
63443
63443
63441
63441
63440
63439
63439
63439
63439
63438
63438
63438
63438
63436
63436
63436
63435
63435
63435
63435
63435
63434
63434
63434
63434
63433
63433
63433
63433
63432
63432
63432
63432
63431
63431
63431
63431
63430
63430
63430
63430
63429
63429
63429
63429
63428
63428
63428
63428
63427
63427
63427
63427
63427
63426
63426
63426
63426
63425
63425
63425
63425
63424
63424
63424
63424
63423
63423
63423
63423
63422
63422
63422
63421
63421
63421
63421
63421
63420
63420
63420
63420
63419
63419
63419
63419
63418
63418
63418
63418
63417
63417
63417
63417
63416
63416
63416
63416
63416
63415
63415
63415
63415
63414
63414
63413
63410
63408
63406
63405
63403
63403
63403
63403
63403
63402
63402
63402
63402
63401
63401
63400
63399
63398
63398
63398
63397
63397
63397
63397
63396
63396
63396
63396
63395
63395
63395
63395
63394
63394
63394
63394
63393
63393
63392
63392
63391
63391
63391
63391
63390
63390
63390
63390
63389
63389
63389
63389
63388
63388
63388
63388
63388
63387
63387
63387
63387
63385
63385
63385
63384
63384
63384
63384
63383
63383
63383
63383
63382
63382
63382
63382
63381
63381
63381
63381
63381
63380
63379
63379
63377
63377
63377
63377
63376
63376
63375
63374
63374
63374
63374
63373
63373
63373
63373
63372
63372
63372
63372
63371
63371
63370
63370
63369
63369
63369
63369
63368
63368
63368
63368
63367
63367
63367
63367
63366
63366
63366
63366
63366
63365
63365
63365
63363
63363
63363
63363
63362
63362
63362
63362
63361
63361
63361
63361
63361
63360
63360
63360
63360
63359
63359
63359
63359
63358
63358
63358
63358
63357
63357
63357
63357
63357
63356
63356
63356
63356
63355
63355
63355
63355
63354
63354
63354
63354
63353
63353
63353
63353
63352
63352
63352
63352
63351
63351
63351
63351
63351
63350
63350
63350
63350
63349
63349
63349
63349
63348
63347
63345
63344
63342
63341
63340
63340
63339
63339
63339
63337
63337
63336
63335
63335
63335
63335
63334
63334
63334
63334
63333
63333
63333
63333
63332
63332
63332
63332
63331
63331
63331
63331
63329
63329
63329
63328
63328
63328
63328
63328
63327
63327
63327
63327
63326
63326
63326
63326
63325
63325
63325
63325
63324
63324
63324
63323
63322
63322
63322
63322
63321
63321
63321
63321
63320
63320
63320
63319
63319
63319
63319
63318
63318
63318
63318
63317
63315
63315
63313
63313
63313
63311
63311
63311
63311
63310
63310
63310
63310
63309
63309
63309
63309
63308
63308
63308
63308
63308
63307
63306
63305
63304
63304
63304
63303
63303
63303
63303
63302
63302
63302
63302
63301
63301
63301
63301
63300
63300
63300
63300
63299
63299
63299
63299
63298
63298
63298
63298
63298
63297
63297
63297
63297
63296
63296
63296
63296
63295
63295
63295
63295
63294
63294
63294
63294
63293
63293
63293
63293
63293
63292
63292
63292
63292
63291
63291
63291
63291
63290
63290
63290
63290
63289
63289
63289
63289
63289
63288
63288
63288
63287
63287
63287
63287
63286
63286
63286
63286
63285
63285
63285
63285
63284
63284
63284
63284
63283
63283
63283
63283
63283
63280
63278
63277
63276
63272
63271
63270
63269
63269
63269
63268
63268
63268
63267
63267
63267
63267
63266
63266
63266
63266
63265
63265
63265
63265
63264
63264
63263
63262
63262
63262
63262
63261
63261
63261
63261
63260
63260
63260
63260
63259
63259
63259
63259
63258
63258
63258
63258
63257
63257
63256
63256
63255
63255
63255
63255
63254
63254
63254
63254
63253
63253
63253
63253
63253
63252
63252
63252
63252
63251
63251
63250
63249
63247
63247
63246
63246
63246
63246
63245
63245
63245
63245
63244
63244
63244
63244
63244
63243
63243
63243
63243
63242
63242
63240
63240
63239
63238
63238
63238
63238
63238
63237
63237
63237
63237
63236
63236
63236
63236
63235
63235
63235
63235
63234
63234
63234
63234
63234
63233
63233
63233
63233
63232
63232
63232
63232
63231
63231
63231
63231
63230
63230
63230
63230
63229
63229
63229
63229
63229
63228
63228
63228
63228
63227
63227
63227
63227
63226
63226
63226
63226
63225
63225
63225
63225
63224
63224
63224
63224
63224
63223
63223
63223
63223
63222
63222
63222
63221
63221
63221
63221
63220
63220
63220
63220
63219
63219
63219
63219
63218
63218
63218
63218
63217
63217
63217
63217
63216
63216
63216
63216
63213
63211
63210
63207
63206
63204
63204
63204
63204
63203
63203
63203
63203
63202
63202
63202
63202
63201
63201
63201
63201
63199
63199
63199
63199
63198
63198
63198
63198
63197
63197
63197
63197
63196
63196
63196
63196
63196
63195
63195
63195
63195
63194
63194
63193
63192
63192
63192
63192
63191
63191
63191
63191
63190
63190
63190
63189
63189
63189
63189
63188
63188
63188
63188
63184
63182
63182
63181
63181
63180
63180
63180
63179
63179
63179
63179
63178
63178
63178
63178
63178
63177
63177
63177
63177
63176
63176
63176
63174
63174
63172
63172
63172
63172
63171
63171
63171
63171
63171
63170
63170
63170
63170
63169
63169
63169
63168
63168
63168
63168
63167
63167
63167
63167
63166
63166
63166
63166
63165
63165
63165
63165
63165
63164
63164
63164
63164
63163
63163
63163
63163
63162
63162
63162
63162
63161
63161
63161
63161
63161
63160
63160
63160
63160
63159
63159
63159
63159
63158
63158
63158
63158
63157
63157
63157
63157
63157
63156
63156
63156
63156
63155
63155
63155
63155
63154
63154
63154
63154
63153
63153
63153
63153
63152
63152
63152
63152
63151
63151
63151
63151
63151
63150
63150
63150
63150
63149
63149
63149
63149
63148
63148
63145
63144
63143
63141
63140
63138
63138
63138
63138
63137
63137
63137
63137
63136
63136
63135
63134
63134
63134
63134
63133
63133
63133
63133
63133
63132
63132
63132
63132
63131
63131
63131
63131
63130
63130
63130
63130
63129
63128
63128
63128
63127
63127
63127
63127
63126
63126
63126
63126
63125
63125
63125
63125
63124
63124
63121
63121
63121
63121
63119
63119
63118
63118
63117
63117
63117
63116
63116
63116
63116
63115
63115
63115
63115
63114
63114
63114
63114
63114
63113
63113
63113
63111
63111
63110
63109
63109
63109
63109
63109
63108
63108
63108
63108
63107
63107
63107
63107
63106
63105
63105
63104
63104
63104
63104
63104
63103
63103
63103
63103
63102
63102
63102
63102
63101
63101
63101
63101
63100
63100
63100
63100
63099
63099
63099
63099
63098
63098
63097
63096
63096
63096
63096
63096
63095
63095
63095
63095
63094
63094
63094
63094
63093
63093
63093
63093
63092
63092
63092
63092
63091
63091
63091
63091
63091
63090
63090
63090
63090
63089
63089
63089
63089
63088
63088
63088
63088
63087
63087
63087
63086
63086
63086
63086
63085
63085
63085
63085
63085
63084
63084
63084
63084
63082
63082
63082
63081
63081
63081
63081
63080
63080
63079
63077
63076
63074
63073
63072
63071
63071
63071
63070
63069
63069
63069
63069
63068
63068
63068
63068
63067
63067
63067
63067
63066
63066
63066
63066
63065
63065
63065
63065
63065
63064
63063
63063
63062
63062
63062
63061
63061
63061
63061
63060
63060
63060
63060
63060
63057
63057
63057
63056
63056
63056
63056
63054
63054
63053
63052
63052
63052
63052
63051
63051
63051
63051
63050
63050
63050
63050
63049
63049
63049
63049
63048
63048
63048
63048
63046
63046
63044
63044
63044
63044
63043
63043
63043
63043
63043
63042
63042
63042
63042
63041
63041
63040
63039
63039
63039
63039
63038
63038
63038
63038
63037
63037
63037
63037
63037
63036
63036
63036
63036
63035
63035
63035
63035
63034
63034
63034
63034
63033
63033
63033
63033
63032
63032
63032
63032
63031
63031
63031
63031
63031
63030
63030
63030
63030
63029
63029
63029
63029
63028
63028
63028
63028
63027
63027
63027
63027
63026
63026
63026
63026
63026
63025
63025
63025
63025
63024
63024
63024
63024
63023
63023
63023
63023
63022
63022
63022
63022
63021
63021
63021
63021
63021
63019
63019
63018
63018
63018
63018
63017
63017
63017
63017
63017
63016
63016
63016
63016
63015
63015
63015
63012
63011
63009
63007
63006
63004
63004
63004
63003
63003
63003
63003
63002
63002
63002
63002
63001
63001
63001
63001
63000
63000
63000
63000
63000
62999
62998
62998
62997
62997
62997
62997
62996
62996
62996
62996
62995
62994
62994
62993
62993
62993
62993
62992
62992
62992
62992
62990
62990
62988
62988
62988
62988
62987
62987
62987
62987
62986
62986
62986
62986
62985
62985
62985
62985
62984
62984
62984
62984
62984
62982
62982
62980
62980
62980
62980
62979
62979
62979
62979
62978
62978
62978
62978
62977
62977
62977
62975
62975
62975
62975
62974
62974
62974
62974
62974
62973
62973
62973
62972
62972
62972
62971
62971
62971
62971
62971
62970
62970
62970
62970
62969
62969
62969
62969
62968
62968
62968
62968
62967
62967
62967
62967
62966
62966
62966
62966
62966
62965
62965
62965
62965
62964
62964
62964
62964
62963
62963
62963
62963
62962
62962
62962
62962
62962
62961
62961
62961
62961
62960
62960
62960
62960
62959
62959
62959
62959
62958
62958
62958
62958
62957
62957
62957
62957
62955
62955
62955
62954
62954
62954
62954
62954
62953
62953
62953
62953
62952
62952
62952
62952
62951
62951
62951
62950
62950
62950
62950
62949
62949
62949
62949
62947
62945
62944
62943
62941
62940
62939
62939
62939
62939
62938
62938
62938
62938
62937
62937
62937
62937
62936
62936
62935
62934
62934
62934
62934
62933
62933
62933
62932
62931
62931
62931
62931
62930
62930
62930
62930
62929
62929
62929
62929
62926
62926
62924
62924
62924
62924
62923
62923
62923
62923
62922
62922
62922
62922
62921
62921
62921
62921
62920
62920
62920
62920
62919
62917
62917
62915
62915
62915
62914
62914
62914
62914
62914
62913
62913
62913
62913
62912
62912
62912
62911
62910
62910
62910
62910
62909
62909
62909
62909
62908
62908
62908
62908
62907
62907
62907
62907
62906
62906
62906
62906
62905
62905
62904
62903
62903
62903
62903
62902
62902
62902
62902
62902
62901
62901
62901
62901
62900
62900
62900
62900
62899
62899
62899
62899
62898
62898
62898
62898
62898
62897
62897
62897
62897
62896
62896
62896
62896
62895
62895
62895
62895
62894
62894
62894
62894
62894
62893
62893
62893
62893
62892
62892
62892
62892
62890
62890
62890
62889
62889
62889
62889
62888
62888
62888
62888
62887
62887
62887
62887
62886
62886
62886
62886
62885
62885
62885
62885
62885
62884
62884
62884
62884
62883
62883
62883
62883
62882
62882
62882
62882
62880
62879
62877
62876
62874
62873
62873
62872
62872
62872
62872
62871
62871
62871
62870
62869
62869
62869
62869
62867
62867
62866
62866
62866
62866
62865
62865
62865
62865
62865
62864
62864
62864
62864
62863
62862
62861
62860
62860
62860
62859
62859
62859
62859
62859
62858
62858
62858
62858
62857
62857
62857
62857
62856
62856
62856
62856
62855
62854
62854
62852
62852
62852
62851
62851
62851
62851
62850
62850
62850
62850
62850
62849
62849
62849
62847
62847
62847
62847
62846
62846
62846
62846
62845
62845
62845
62845
62844
62844
62844
62844
62843
62843
62843
62843
62842
62842
62842
62841
62840
62840
62840
62840
62839
62839
62839
62838
62838
62838
62838
62838
62837
62837
62837
62837
62836
62836
62836
62836
62835
62835
62835
62835
62834
62834
62834
62834
62833
62832
62832
62832
62831
62831
62831
62831
62830
62830
62830
62830
62829
62829
62828
62828
62828
62828
62827
62827
62826
62825
62825
62825
62825
62824
62824
62824
62824
62823
62823
62823
62823
62823
62822
62822
62822
62822
62821
62821
62821
62821
62820
62820
62820
62820
62819
62819
62819
62819
62818
62818
62818
62818
62818
62817
62817
62817
62817
62816
62816
62816
62816
62815
62815
62813
62812
62810
62808
62807
62806
62805
62805
62804
62803
62801
62801
62800
62800
62800
62800
62799
62799
62799
62799
62798
62798
62798
62798
62797
62797
62797
62797
62796
62795
62795
62793
62793
62793
62793
62792
62792
62792
62792
62791
62791
62791
62791
62790
62790
62790
62790
62789
62789
62789
62789
62788
62787
62787
62785
62785
62785
62785
62784
62784
62784
62783
62783
62783
62783
62782
62782
62782
62782
62780
62780
62780
62779
62779
62779
62779
62778
62778
62778
62778
62777
62777
62777
62777
62777
62776
62776
62776
62776
62775
62775
62775
62773
62773
62773
62773
62772
62772
62772
62772
62771
62771
62771
62771
62770
62770
62770
62770
62769
62769
62769
62769
62769
62768
62768
62768
62768
62767
62767
62767
62767
62766
62766
62766
62766
62765
62765
62765
62765
62764
62764
62764
62764
62763
62763
62763
62763
62762
62761
62761
62761
62760
62760
62760
62760
62759
62759
62759
62759
62758
62758
62758
62758
62757
62757
62757
62757
62756
62756
62756
62756
62756
62755
62755
62755
62755
62754
62754
62754
62754
62753
62753
62753
62753
62752
62752
62752
62752
62751
62751
62751
62751
62751
62750
62750
62750
62750
62749
62749
62749
62749
62748
62745
62744
62741
62740
62738
62737
62736
62736
62736
62736
62735
62735
62735
62735
62734
62734
62734
62734
62733
62733
62733
62733
62732
62731
62731
62729
62729
62729
62729
62728
62728
62728
62728
62728
62727
62727
62727
62727
62726
62726
62726
62726
62725
62725
62725
62725
62723
62723
62722
62721
62721
62721
62721
62720
62720
62720
62720
62719
62719
62719
62719
62718
62718
62717
62716
62716
62716
62716
62715
62715
62715
62715
62714
62714
62714
62714
62713
62713
62713
62713
62712
62712
62712
62712
62712
62711
62710
62710
62709
62709
62709
62709
62708
62708
62708
62708
62707
62707
62707
62707
62707
62706
62706
62706
62706
62705
62705
62703
62703
62703
62703
62702
62702
62702
62701
62701
62701
62701
62701
62700
62700
62700
62700
62699
62699
62699
62699
62698
62698
62697
62696
62696
62696
62696
62695
62695
62695
62695
62694
62694
62694
62694
62693
62693
62693
62693
62692
62692
62692
62692
62691
62691
62691
62691
62690
62690
62690
62690
62689
62689
62689
62689
62689
62688
62688
62688
62688
62687
62687
62687
62687
62686
62686
62686
62686
62685
62685
62685
62685
62685
62684
62684
62684
62684
62683
62683
62683
62683
62682
62682
62682
62682
62680
62678
62677
62675
62674
62672
62672
62672
62671
62671
62657
62657
62657
62656
62656
62656
62656
62654
62654
62651
62651
62651
62650
62650
62650
62650
62649
62649
62649
62649
62649
62648
62648
62648
62648
62647
62647
62647
62647
62646
62645
62644
62643
62643
62642
62642
62642
62642
62641
62641
62641
62641
62640
62640
62640
62640
62639
62638
62638
62637
62637
62637
62637
62636
62635
62635
62634
62634
62634
62633
62633
62633
62633
62633
62632
62632
62632
62632
62631
62631
62630
62629
62629
62629
62629
62628
62628
62628
62628
62627
62627
62627
62627
62626
62626
62626
62626
62626
62625
62625
62625
62623
62623
62621
62621
62621
62621
62620
62620
62620
62620
62619
62619
62619
62619
62618
62618
62618
62618
62617
62616
62616
62616
62615
62615
62615
62615
62614
62614
62614
62614
62613
62613
62612
62612
62612
62612
62612
62611
62611
62611
62611
62610
62610
62610
62610
62609
62609
62609
62609
62608
62608
62608
62608
62607
62607
62607
62607
62607
62606
62606
62606
62606
62605
62605
62605
62605
62604
62604
62604
62604
62603
62603
62603
62603
62603
62602
62602
62602
62602
62601
62601
62601
62601
62600
62600
62600
62600
62599
62599
62599
62599
62597
62596
62594
62593
62591
62590
62590
62589
62589
62589
62589
62587
62587
62586
62585
62585
62585
62585
62584
62584
62583
62583
62583
62582
62582
62580
62579
62578
62578
62578
62578
62577
62577
62576
62574
62574
62572
62572
62571
62571
62571
62570
62570
62570
62570
62569
62569
62568
62568
62568
62568
62565
62565
62564
62564
62564
62563
62563
62563
62562
62562
62562
62561
62561
62466
62466
62465
62465
62465
62465
62464
62464
62464
62464
62461
62461
62461
62461
62460
62460
62460
62460
62459
62459
62459
62459
62458
62458
62458
62458
62457
62457
62457
62457
62456
62455
62455
62453
62453
62453
62452
62452
62452
62452
62451
62451
62451
62451
62450
62450
62450
62448
62448
62448
62447
62447
62447
62447
62446
62446
62446
62446
62445
62445
62445
62445
62444
62444
62443
62442
62442
62442
62442
62441
62441
62441
62441
62440
62440
62440
62440
62439
62439
62439
62439
62438
62438
62438
62438
62438
62437
62437
62437
62437
62436
62436
62436
62436
62435
62435
62435
62435
62434
62434
62434
62434
62433
62433
62433
62433
62432
62432
62432
62432
62431
62431
62431
62431
62430
62430
62430
62430
62429
62429
62429
62429
62429
62428
62428
62428
62428
62427
62426
62424
62423
62421
62419
62413
62413
62412
62411
62411
62411
62410
62410
62410
62410
62409
62409
62409
62409
62408
62408
62408
62408
62407
62407
62407
62407
62407
62405
62405
62403
62403
62403
62403
62402
62402
62402
62402
62401
62401
62401
62401
62400
62400
62400
62398
62398
62398
62398
62398
62397
62397
62397
62397
62396
62396
62396
62396
62395
62395
62395
62395
62394
62394
62394
62394
62393
62393
62392
62391
62391
62391
62391
62390
62390
62390
62390
62389
62389
62389
62389
62388
62388
62388
62388
62387
62387
62387
62387
62385
62385
62383
62383
62383
62383
62382
62382
62382
62382
62381
62381
62381
62379
62379
62379
62379
62379
62378
62378
62378
62378
62377
62377
62377
62377
62376
62376
62376
62375
62375
62374
62374
62374
62374
62374
62373
62373
62373
62373
62372
62372
62372
62372
62371
62371
62371
62371
62370
62370
62370
62370
62369
62369
62369
62369
62369
62368
62368
62368
62368
62367
62367
62367
62367
62366
62366
62366
62366
62365
62365
62365
62365
62364
62364
62364
62364
62364
62363
62363
62363
62363
62362
62362
62362
62362
62361
62361
62361
62361
62360
62360
62360
62360
62359
62359
62359
62359
62359
62358
62358
62358
62358
62355
62352
62351
62349
62348
62347
62346
62346
62346
62346
62345
62345
62345
62345
62344
62344
62344
62344
62343
62343
62343
62343
62341
62341
62339
62339
62339
62339
62338
62338
62338
62338
62337
62337
62337
62337
62336
62336
62336
62334
62334
62334
62334
62333
62333
62333
62333
62332
62332
62332
62332
62331
62331
62331
62331
62331
62330
62330
62330
62330
62329
62329
62328
62327
62327
62327
62327
62326
62326
62326
62326
62325
62325
62325
62325
62324
62324
62324
62324
62323
62323
62323
62323
62321
62321
62320
62319
62319
62319
62319
62318
62318
62318
62316
62316
62316
62316
62315
62315
62315
62315
62314
62314
62314
62314
62313
62312
62312
62311
62311
62311
62311
62310
62310
62310
62310
62309
62309
62309
62309
62308
62308
62308
62308
62307
62307
62307
62307
62306
62306
62306
62306
62306
62305
62305
62305
62305
62304
62304
62304
62304
62303
62303
62303
62303
62302
62302
62302
62302
62301
62301
62301
62301
62300
62300
62300
62300
62300
62299
62299
62299
62298
62298
62298
62298
62298
62297
62297
62297
62297
62296
62296
62296
62296
62295
62295
62295
62295
62294
62294
62294
62294
62293
62293
62293
62293
62292
62292
62292
62292
62291
62291
62286
62284
62283
62281
62279
62225
62224
62224
62224
62224
62223
62223
62223
62223
62222
62222
62219
62219
62217
62217
62217
62217
62216
62216
62216
62216
62215
62215
62215
62215
62214
62214
62214
62213
62212
62212
62212
62212
62211
62211
62211
62211
62210
62210
62210
62210
62209
62209
62209
62209
62208
62208
62208
62208
62208
62207
62206
62205
62205
62205
62205
62204
62204
62204
62202
62202
62202
62202
62201
62201
62201
62201
62200
62200
62200
62200
62199
62198
62198
62196
62196
62196
62196
62195
62194
62194
62193
62193
62193
62193
62192
62192
62192
62192
62191
62191
62191
62191
62190
62190
62189
62189
62187
62187
62186
62186
62186
62186
62185
62185
62185
62185
62184
62184
62184
62184
62183
62183
62183
62183
62183
62182
62182
62182
62182
62181
62181
62181
62181
62180
62180
62180
62180
62179
62179
62179
62179
62179
62178
62178
62178
62178
62177
62177
62177
62177
62176
62176
62176
62176
62175
62175
62175
62175
62174
62174
62174
62174
62174
62173
62173
62173
62173
62172
62172
62172
62172
62171
62171
62171
62171
62170
62170
62170
62170
62169
62169
62169
62169
62168
62168
62168
62168
62168
62167
62167
62167
62167
62166
62166
62166
62166
62162
62161
62160
62158
62157
62156
62155
62155
62155
62154
62153
62153
62152
62151
62151
62151
62151
62150
62150
62150
62150
62149
62149
62149
62149
62148
62148
62147
62147
62146
62146
62146
62146
62145
62145
62145
62145
62144
62144
62144
62144
62143
62143
62143
62143
62143
62142
62142
62142
62142
62140
62140
62140
62139
62139
62139
62138
62138
62138
62138
62137
62137
62137
62137
62136
62136
62136
62136
62135
62135
62135
62134
62133
62132
62131
62130
62130
62129
62129
62129
62129
62128
62128
62128
62128
62128
62127
62127
62127
62127
62126
62126
62126
62126
62124
62124
62122
62122
62122
62122
62121
62121
62121
62121
62120
62120
62120
62120
62119
62119
62119
62119
62118
62118
62118
62118
62118
62117
62117
62117
62117
62116
62116
62116
62116
62115
62115
62115
62113
62113
62113
62113
62112
62112
62112
62112
62112
62111
62111
62111
62110
62110
62110
62110
62110
62109
62109
62109
62109
62108
62108
62108
62108
62107
62107
62107
62107
62106
62106
62106
62106
62106
62105
62105
62105
62105
62104
62104
62104
62104
62103
62103
62103
62103
62102
62102
62102
62102
62101
62101
62101
62101
62101
62100
62100
62100
62100
62099
62099
62099
62099
62098
62097
62095
62094
62092
62089
62087
62085
62085
62085
62085
62084
62084
62084
62084
62083
62083
62083
62083
62082
62082
62082
62080
62080
62080
62080
62079
62079
62079
62079
62078
62078
62078
62078
62078
62077
62077
62077
62077
62076
62076
62076
62076
62075
62075
62073
62073
62073
62073
62073
62072
62072
62072
62072
62071
62071
62071
62071
62070
62070
62070
62070
62069
62069
62069
62069
62067
62066
62064
62064
62064
62063
62063
62063
62063
62062
62062
62062
62062
62062
62061
62061
62061
62061
62060
62060
62060
62060
62059
62058
62058
62056
62056
62056
62055
62055
62055
62055
62054
62054
62054
62054
62053
62053
62053
62053
62052
62052
62052
62052
62051
62051
62051
62051
62051
62050
62050
62050
62049
62049
62049
62049
62048
62048
62048
62048
62047
62047
62047
62047
62046
62046
62046
62046
62045
62045
62045
62045
62044
62044
62044
62044
62043
62043
62043
62043
62042
62042
62042
62042
62042
62041
62041
62041
62041
62040
62040
62040
62040
62039
62039
62039
62038
62038
62038
62038
62037
62037
62037
62037
62036
62036
62036
62036
62035
62035
62035
62035
62034
62034
62034
62034
62034
62033
62033
62033
62033
62032
62032
62032
62032
62031
62031
62027
62025
62023
62021
62020
62018
62018
62018
62018
62017
62017
62017
62016
62016
62016
62014
62014
62014
62013
62013
62013
62013
62012
62012
62012
62012
62012
62011
62011
62011
62011
62010
62010
62010
62010
62009
62009
62009
62007
62007
62007
62007
62006
62006
62006
62006
62005
62005
62005
62005
62004
62004
62004
62004
62003
62003
62003
62001
62001
62000
61999
61998
61998
61997
61997
61997
61997
61996
61996
61996
61996
61995
61995
61995
61995
61994
61994
61994
61994
61993
61993
61993
61992
61991
61990
61990
61989
61989
61989
61989
61988
61988
61988
61988
61988
61987
61987
61987
61986
61986
61986
61986
61985
61985
61985
61984
61983
61983
61983
61983
61982
61982
61982
61982
61981
61981
61981
61981
61980
61980
61980
61980
61980
61979
61979
61979
61979
61978
61978
61978
61978
61977
61977
61977
61977
61976
61976
61976
61976
61975
61975
61975
61975
61974
61974
61974
61974
61974
61973
61973
61973
61973
61972
61972
61972
61972
61971
61971
61971
61971
61970
61970
61970
61969
61969
61969
61969
61968
61968
61968
61968
61967
61967
61967
61967
61967
61966
61966
61966
61966
61965
61965
61965
61965
61964
61963
61963
61962
61962
61962
61962
61961
61960
61958
61957
61955
61953
61951
61951
61951
61951
61949
61949
61949
61949
61948
61948
61948
61948
61947
61947
61947
61947
61946
61946
61946
61946
61945
61945
61945
61945
61944
61944
61944
61942
61942
61942
61942
61941
61941
61941
61941
61940
61940
61940
61940
61939
61939
61939
61939
61937
61937
61937
61936
61936
61935
61934
61933
61933
61933
61932
61932
61932
61932
61931
61931
61930
61929
61929
61929
61929
61929
61928
61928
61928
61928
61927
61927
61926
61925
61924
61924
61924
61923
61923
61923
61923
61922
61922
61922
61922
61921
61921
61921
61921
61920
61920
61920
61920
61919
61919
61918
61918
61917
61917
61916
61916
61916
61916
61915
61915
61915
61915
61914
61914
61914
61914
61913
61913
61913
61913
61912
61912
61912
61912
61912
61911
61911
61911
61911
61910
61910
61910
61910
61909
61909
61909
61909
61908
61908
61908
61908
61907
61907
61907
61907
61906
61906
61906
61906
61906
61905
61905
61905
61905
61904
61904
61904
61904
61903
61903
61903
61903
61902
61902
61902
61902
61901
61901
61901
61901
61900
61900
61900
61900
61900
61899
61899
61897
61897
61897
61897
61896
61896
61896
61896
61896
61895
61895
61895
61895
61894
61894
61894
61892
61891
61890
61886
61884
61883
61882
61882
61882
61882
61881
61881
61881
61881
61880
61880
61880
61880
61879
61879
61879
61879
61878
61878
61878
61878
61876
61876
61876
61875
61875
61875
61875
61874
61874
61874
61874
61873
61873
61872
61871
61871
61871
61871
61870
61870
61870
61869
61868
61867
61867
61867
61866
61866
61866
61865
61865
61865
61865
61865
61864
61864
61864
61864
61863
61863
61863
61863
61862
61862
61861
61860
61859
61859
61859
61858
61858
61858
61858
61857
61857
61857
61857
61856
61856
61856
61856
61855
61855
61855
61855
61854
61854
61853
61852
61852
61852
61852
61852
61851
61851
61851
61851
61850
61850
61850
61850
61849
61849
61849
61849
61848
61848
61848
61848
61847
61847
61847
61847
61846
61846
61846
61846
61845
61845
61845
61845
61845
61843
61843
61843
61842
61842
61842
61842
61841
61841
61841
61841
61840
61840
61840
61840
61839
61839
61839
61839
61838
61838
61838
61838
61837
61837
61837
61837
61836
61836
61836
61836
61835
61835
61835
61835
61834
61834
61834
61834
61832
61832
61831
61831
61831
61831
61830
61830
61830
61830
61829
61829
61829
61829
61829
61828
61828
61828
61828
61827
61827
61827
61827
61826
61826
61825
61823
61822
61818
61817
61815
61815
61815
61815
61814
61814
61814
61814
61813
61813
61813
61813
61813
61812
61812
61811
61810
61810
61810
61810
61809
61809
61809
61809
61808
61807
61807
61807
61806
61806
61806
61806
61805
61805
61805
61805
61803
61803
61802
61801
61801
61801
61801
61800
61800
61800
61800
61799
61799
61799
61799
61798
61798
61798
61798
61797
61797
61797
61797
61795
61795
61794
61793
61793
61793
61793
61792
61792
61792
61792
61791
61791
61791
61791
61790
61790
61790
61790
61790
61789
61789
61789
61787
61787
61787
61787
61786
61786
61786
61786
61785
61785
61785
61785
61784
61784
61784
61784
61784
61783
61783
61783
61783
61782
61782
61782
61782
61781
61781
61781
61781
61780
61780
61780
61780
61779
61779
61779
61779
61778
61778
61778
61778
61777
61777
61777
61777
61777
61776
61776
61776
61776
61775
61775
61775
61775
61774
61774
61774
61774
61773
61773
61773
61773
61772
61772
61772
61772
61771
61771
61771
61771
61770
61769
61769
61768
61768
61768
61768
61767
61767
61767
61767
61766
61766
61766
61766
61765
61765
61765
61765
61765
61764
61764
61764
61764
61763
61763
61763
61763
61762
61762
61762
61762
61761
61761
61761
61758
61757
61755
61754
61752
61751
61750
61750
61750
61749
61749
61749
61748
61748
61747
61746
61746
61746
61746
61745
61745
61744
61744
61743
61743
61743
61743
61742
61742
61742
61742
61741
61741
61741
61741
61739
61739
61738
61738
61737
61736
61736
61736
61736
61736
61735
61735
61735
61735
61734
61734
61734
61734
61733
61733
61733
61733
61732
61731
61731
61729
61729
61729
61728
61728
61728
61728
61727
61727
61727
61727
61726
61726
61726
61726
61725
61725
61725
61725
61724
61724
61723
61722
61722
61722
61722
61721
61721
61721
61721
61721
61720
61720
61720
61720
61719
61719
61719
61717
61717
61717
61717
61716
61716
61716
61716
61715
61715
61715
61715
61714
61714
61714
61714
61713
61713
61713
61713
61712
61712
61712
61712
61711
61711
61711
61711
61710
61710
61710
61710
61710
61709
61709
61709
61709
61708
61708
61708
61708
61707
61707
61707
61707
61706
61706
61706
61706
61705
61705
61704
61703
61703
61703
61703
61702
61702
61702
61702
61701
61701
61701
61701
61700
61700
61700
61700
61699
61699
61699
61699
61698
61698
61698
61698
61698
61697
61697
61697
61696
61696
61696
61696
61695
61695
61695
61695
61695
61694
61694
61694
61694
61693
61692
61690
61689
61687
61685
61684
61683
61683
61682
61681
61681
61681
61680
61679
61679
61679
61679
61678
61678
61678
61678
61677
61677
61677
61677
61676
61676
61676
61676
61674
61674
61673
61672
61672
61672
61672
61671
61671
61650
61650
61650
61649
61649
61649
61648
61648
61648
61648
61647
61647
61647
61647
61644
61644
61642
61642
61642
61642
61641
61641
61641
61641
61640
61640
61638
61638
61638
61637
61637
61637
61637
61636
61636
61636
61636
61634
61633
61633
61633
61633
61632
61632
61632
61632
61631
61631
61631
61631
61630
61630
61630
61630
61628
61628
61627
61627
61627
61627
61626
61626
61626
61626
61625
61625
61624
61624
61624
61624
61624
61623
61623
61623
61623
61622
61622
61622
61622
61621
61621
61621
61621
61620
61620
61620
61620
61619
61619
61619
61619
61618
61618
61618
61618
61617
61617
61617
61617
61616
61616
61616
61614
61614
61614
61613
61613
61613
61613
61612
61612
61612
61612
61612
61611
61611
61611
61611
61610
61610
61610
61610
61609
61609
61609
61609
61608
61608
61608
61608
61607
61607
61607
61607
61606
61606
61606
61606
61606
61605
61605
61605
61605
61604
61604
61604
61604
61603
61603
61603
61603
61602
61602
61602
61600
61599
61596
61595
61593
61592
61592
61591
61591
61591
61591
61590
61590
61590
61590
61589
61589
61589
61589
61588
61588
61588
61588
61586
61586
61585
61584
61584
61584
61584
61583
61583
61583
61583
61582
61582
61582
61582
61581
61581
61581
61581
61580
61580
61580
61580
61578
61578
61576
61576
61576
61576
61575
61575
61575
61575
61574
61574
61574
61574
61573
61573
61573
61573
61572
61572
61572
61572
61571
61570
61570
61569
61569
61569
61569
61568
61568
61568
61568
61567
61567
61567
61567
61566
61566
61566
61564
61564
61564
61564
61563
61563
61563
61563
61562
61562
61562
61562
61561
61561
61561
61561
61560
61560
61560
61560
61559
61558
61558
61557
61557
61557
61557
61556
61556
61556
61556
61555
61555
61555
61555
61554
61554
61554
61554
61553
61553
61553
61551
61551
61551
61550
61549
61549
61549
61548
61548
61548
61548
61548
61547
61547
61547
61547
61546
61546
61546
61546
61545
61545
61545
61545
61544
61544
61544
61544
61543
61543
61543
61543
61542
61542
61542
61542
61541
61541
61541
61541
61540
61540
61540
61540
61539
61539
61539
61539
61538
61538
61538
61538
61538
61537
61537
61537
61537
61536
61536
61536
61536
61535
61535
61535
61532
61531
61528
61526
61525
61523
61523
61523
61522
61522
61522
61522
61521
61521
61521
61521
61520
61519
61519
61517
61517
61517
61517
61516
61516
61516
61516
61515
61515
61515
61515
61514
61514
61514
61513
61513
61513
61513
61512
61512
61511
61511
61509
61509
61509
61508
61508
61508
61508
61507
61507
61507
61507
61506
61506
61506
61506
61506
61505
61505
61505
61505
61504
61503
61503
61502
61502
61502
61502
61501
61501
61501
61501
61500
61500
61500
61500
61499
61499
61499
61498
61497
61497
61497
61497
61496
61496
61496
61496
61495
61495
61495
61495
61494
61494
61494
61494
61493
61493
61493
61493
61491
61491
61489
61489
61489
61489
61489
61488
61488
61488
61488
61487
61487
61487
61487
61486
61486
61486
61486
61485
61485
61483
61483
61483
61483
61482
61482
61482
61481
61481
61481
61481
61480
61480
61480
61480
61480
61479
61479
61479
61479
61478
61478
61478
61478
61477
61477
61477
61477
61476
61476
61476
61476
61475
61475
61475
61475
61474
61474
61474
61474
61474
61473
61473
61473
61473
61472
61472
61472
61472
61471
61471
61471
61470
61470
61470
61470
61469
61469
61469
61468
61468
61468
61468
61468
61467
61467
61467
61467
61466
61466
61463
61462
61460
61459
61457
61456
61455
61455
61455
61455
61454
61453
61453
61451
61451
61451
61451
61450
61450
61450
61450
61449
61449
61449
61449
61448
61448
61448
61448
61447
61447
61447
