219100
173365
166625
121369
116758
73372
73370
73369
73368
73368
73367
73367
73366
73366
73366
73365
73365
73364
73364
73364
73363
73363
73356
73355
73355
73355
73354
73354
73354
73353
73353
73353
73352
73352
73352
73352
73350
73349
73349
73349
73348
73347
73347
73345
73345
73344
73344
73344
73343
73343
73343
73342
73342
73342
73341
73341
73341
73340
73340
73340
73340
73339
73338
73337
73337
73337
73336
73336
73336
73336
73335
73335
73335
73335
73334
73334
73334
73334
73333
73333
73333
73332
73332
73332
73332
73331
73331
73331
73331
73330
73330
73330
73330
73328
73328
73328
73327
73327
73327
73327
73326
73326
73326
73326
73325
73325
73323
73323
73323
73323
73322
73322
73322
73322
73322
73321
73321
73321
73321
73320
73320
73320
73319
73319
73319
73319
73318
73318
73318
73318
73317
73317
73316
73316
73316
73316
73315
73315
73314
73314
73313
73313
73312
73311
73311
73311
73310
73310
73310
73309
73309
73308
73308
73308
73307
73307
73307
73306
73306
73306
73306
73305
73305
73305
73304
73304
73304
73304
73303
73303
73303
73302
73302
73302
73302
73301
73301
73301
73300
73300
73300
73299
73299
73299
73298
73298
73298
73298
73297
73297
73297
73296
73295
73293
73290
73289
73288
73280
73280
73280
73279
73279
73279
73279
73278
73278
73278
73278
73277
73277
73277
73277
73276
73276
73276
73274
73274
73272
73272
73272
73272
73271
73271
73271
73271
73270
73270
73270
73270
73269
73269
73269
73269
73268
73268
73268
73268
73267
73266
73266
73264
73264
73264
73263
73263
73263
73263
73263
73262
73262
73262
73262
73261
73261
73261
73261
73258
73257
73257
73257
73257
73255
73255
73255
73254
73254
73254
73254
73253
73253
73253
73252
73252
73252
73252
73251
73251
73251
73251
73250
73250
73250
73250
73249
73248
73248
73247
73247
73247
73247
73246
73246
73246
73246
73245
73245
73245
73245
73244
73244
73244
73244
73243
73243
73243
73243
73242
73242
73242
73242
73242
73241
73241
73241
73241
73240
73240
73240
73240
73239
73239
73239
73239
73238
73238
73237
73236
73236
73236
73236
73235
73235
73235
73235
73234
73234
73234
73234
73233
73233
73233
73233
73232
73232
73232
73232
73231
73231
73231
73231
73231
73230
73230
73230
73230
73229
73229
73229
73229
73228
73228
73228
73228
73227
73227
73227
73227
73226
73226
73226
73226
73225
73225
73225
73225
73224
73224
73224
73224
73223
73223
73223
73223
73222
73221
73219
73216
73215
73213
73206
73206
73205
73205
73205
73205
73204
73204
73204
73204
73203
73203
73202
73201
73200
73200
73199
73199
73199
73199
73198
73198
73198
73197
73197
73197
73197
73196
73196
73196
73196
73195
73195
73195
73195
73193
73193
73191
73191
73191
73191
73190
73190
73190
73190
73189
73189
73189
73189
73189
73188
73188
73188
73188
73187
73187
73187
73187
73185
73185
73184
73184
73184
73184
73183
73183
73183
73183
73183
73182
73182
73182
73182
73181
73181
73181
73181
73180
73180
73180
73180
73178
73178
73178
73177
73177
73177
73177
73176
73176
73176
73176
73175
73175
73175
73175
73173
73173
73173
73172
73172
73172
73172
73171
73171
73171
73171
73170
73170
73170
73170
73169
73169
73169
73169
73169
73168
73168
73168
73166
73166
73166
73165
73164
73164
73163
73163
73163
73163
73162
73162
73162
73162
73161
73161
73161
73161
73160
73160
73160
73160
73159
73159
73159
73159
73158
73158
73158
73158
73158
73157
73157
73157
73157
73156
73156
73156
73156
73155
73155
73155
73155
73154
73154
73154
73154
73153
73153
73153
73129
73128
73128
73128
73128
73127
73127
73127
73126
73126
73126
73125
73125
73125
73125
73124
73124
73124
73121
73119
73117
73115
73113
73111
73110
73110
73110
73109
73109
73106
73105
73104
73103
73103
73102
73102
73102
73102
73101
73101
73101
73100
73100
73100
73100
73099
73099
73099
73098
73098
73098
73097
73096
73096
73094
73094
73094
73093
73093
73093
73093
73092
73092
73092
73092
73091
73091
73091
73091
73090
73090
73090
73090
73090
73089
73088
73088
73087
73087
73087
73087
73086
73086
73086
73086
73085
73085
73085
73085
73084
73084
73084
73084
73083
73083
73083
73083
73083
73081
73081
73081
73080
73080
73080
73080
73079
73079
73079
73079
73078
73078
73078
73078
73076
73076
73076
73075
73075
73075
73075
73074
73072
73071
73071
73071
73071
73070
73070
73070
73070
73069
73069
73069
73068
73067
73067
73067
73066
73066
73066
73066
73065
73065
73065
73065
73064
73064
73064
73064
73063
73063
73063
73063
73062
73062
73062
73062
73062
73061
73061
73061
73061
73060
73060
73060
73060
73059
73059
73059
73059
73058
73058
73058
73058
73057
73057
73057
73057
73056
73056
73056
73056
73055
73055
73055
73055
73055
73054
73054
73054
73054
73053
73053
73053
73053
73052
73052
73052
73052
73051
73051
73051
73051
73050
73050
73050
73050
73049
73049
73049
73046
73045
73043
73040
73038
73036
73035
73034
73034
73033
73033
73033
73032
73032
73032
73032
73032
73031
73031
73031
73031
73030
73030
73030
73030
73029
73029
73029
73028
73027
73026
73026
73025
73025
73025
73025
73024
73024
73024
73024
73024
73023
73023
73023
73022
73022
73022
73022
73022
73021
73021
73020
73019
73019
73019
73019
73018
73018
73018
73018
73017
73017
73017
73017
73016
73016
73016
73016
73015
73015
73015
73015
73014
73014
73013
73013
73012
73012
73012
73012
73011
73011
73011
73011
73010
73010
73010
73010
73009
73008
73008
73007
73007
73007
73007
73006
73006
73005
73004
73004
73004
73004
73003
73003
73003
73003
73001
73001
73001
73000
73000
73000
73000
72999
72999
72999
72999
72998
72998
72998
72998
72997
72997
72997
72997
72996
72996
72996
72995
72995
72995
72995
72994
72994
72994
72994
72993
72993
72993
72993
72992
72992
72992
72992
72992
72991
72991
72991
72991
72990
72990
72990
72990
72989
72989
72989
72989
72988
72988
72988
72988
72987
72987
72987
72987
72986
72986
72986
72986
72985
72985
72985
72985
72985
72984
72984
72984
72984
72983
72983
72983
72983
72982
72982
72982
72982
72981
72981
72981
72981
72981
72980
72977
72975
72973
72972
72970
72968
72968
72967
72967
72967
72967
72966
72966
72966
72965
72965
72965
72965
72964
72964
72964
72964
72962
72962
72960
72960
72960
72959
72959
72959
72959
72959
72958
72958
72958
72958
72957
72957
72957
72957
72956
72956
72956
72956
72955
72954
72954
72953
72953
72953
72952
72952
72952
72952
72951
72951
72951
72950
72950
72950
72950
72949
72949
72949
72947
72947
72947
72947
72945
72945
72945
72945
72944
72944
72944
72943
72943
72943
72942
72942
72942
72942
72941
72940
72939
72939
72939
72939
72938
72938
72938
72937
72936
72936
72936
72936
72935
72934
72934
72933
72933
72933
72933
72932
72932
72932
72930
72930
72930
72929
72929
72929
72929
72929
72928
72928
72928
72928
72927
72927
72927
72927
72926
72926
72926
72926
72925
72925
72925
72925
72925
72924
72924
72924
72924
72923
72923
72923
72923
72922
72922
72922
72922
72921
72921
72921
72921
72921
72920
72920
72920
72920
72919
72919
72919
72919
72918
72918
72918
72918
72917
72917
72917
72917
72917
72916
72916
72916
72916
72915
72915
72915
72915
72914
72914
72914
72914
72913
72913
72913
72913
72912
72912
72912
72912
72912
72911
72911
72911
72911
72910
72910
72907
72906
72904
72903
72901
72900
72899
72899
72899
72899
72898
72898
72898
72898
72898
72897
72896
72896
72894
72894
72893
72893
72893
72893
72892
72892
72892
72892
72891
72891
72891
72891
72890
72890
72890
72890
72890
72889
72889
72888
72887
72887
72887
72887
72886
72886
72886
72886
72885
72885
72885
72885
72885
72884
72884
72884
72884
72883
72883
72883
72883
72882
72881
72881
72880
72880
72880
72880
72879
72879
72879
72879
72879
72878
72878
72878
72878
72876
72876
72876
72875
72875
72875
72874
72874
72873
72872
72872
72870
72870
72870
72870
72869
72869
72869
72869
72869
72868
72868
72868
72866
72866
72866
72866
72865
72865
72865
72865
72864
72864
72864
72864
72863
72863
72863
72863
72862
72862
72862
72862
72861
72861
72861
72861
72861
72860
72860
72860
72858
72858
72858
72857
72857
72857
72857
72856
72856
72856
72856
72855
72855
72855
72855
72854
72854
72854
72854
72853
72853
72853
72853
72853
72852
72852
72852
72852
72851
72851
72851
72851
72850
72850
72850
72850
72849
72849
72849
72849
72849
72848
72848
72848
72848
72847
72847
72847
72847
72846
72846
72846
72846
72845
72845
72845
72845
72845
72844
72844
72844
72844
72843
72843
72841
72839
72838
72836
72834
72832
72831
72831
72830
72830
72829
72828
72827
72827
72826
72826
72826
72826
72825
72825
72825
72825
72824
72824
72824
72824
72823
72823
72823
72823
72822
72822
72822
72820
72820
72820
72820
72819
72819
72819
72819
72818
72818
72818
72818
72818
72817
72817
72817
72817
72816
72816
72816
72816
72815
72815
72814
72813
72813
72813
72813
72812
72812
72812
72812
72811
72811
72811
72811
72811
72810
72809
72809
72808
72808
72808
72807
72807
72807
72804
72804
72804
72804
72803
72803
72803
72803
72802
72802
72802
72802
72801
72801
72801
72799
72799
72797
72797
72796
72796
72796
72796
72795
72795
72795
72795
72794
72794
72794
72794
72793
72793
72793
72793
72793
72792
72792
72792
72792
72791
72791
72791
72791
72790
72790
72790
72790
72789
72789
72789
72789
72789
72788
72788
72788
72788
72787
72787
72787
72787
72786
72786
72786
72786
72785
72785
72785
72785
72785
72784
72784
72784
72784
72783
72783
72783
72783
72782
72782
72782
72782
72781
72781
72781
72781
72780
72780
72780
72780
72780
72779
72779
72779
72779
72778
72778
72778
72778
72777
72777
72777
72777
72776
72776
72776
72776
72775
72775
72775
72775
72775
72774
72772
72770
72769
72767
72765
72764
72762
72762
72762
72761
72761
72761
72761
72760
72760
72760
72759
72759
72759
72759
72758
72758
72758
72758
72757
72757
72757
72755
72755
72755
72755
72754
72754
72754
72754
72754
72753
72753
72753
72753
72752
72752
72752
72752
72751
72751
72751
72751
72750
72750
72749
72748
72748
72748
72747
72747
72747
72747
72747
72746
72746
72746
72746
72745
72745
72744
72743
72743
72743
72743
72741
72741
72741
72739
72739
72738
72738
72738
72738
72738
72737
72737
72737
72737
72736
72736
72736
72736
72734
72734
72733
72732
72732
72732
72732
72731
72731
72731
72731
72730
72730
72730
72730
72729
72729
72729
72729
72728
72728
72728
72728
72727
72727
72727
72727
72726
72726
72726
72726
72726
72725
72725
72725
72725
72724
72724
72724
72724
72723
72723
72723
72723
72722
72722
72722
72722
72721
72721
72721
72721
72720
72720
72720
72720
72719
72719
72719
72719
72718
72718
72718
72718
72718
72717
72717
72717
72717
72716
72716
72716
72716
72715
72715
72715
72715
72714
72714
72714
72714
72713
72713
72713
72713
72712
72712
72712
72712
72711
72711
72711
72711
72711
72710
72710
72710
72710
72709
72709
72709
72709
72708
72708
72705
72704
72702
72700
72698
72696
72696
72696
72696
72695
72695
72695
72695
72694
72694
72694
72694
72693
72693
72693
72693
72691
72691
72691
72690
72690
72690
72690
72689
72689
72689
72689
72688
72688
72688
72688
72687
72687
72687
72687
72687
72686
72686
72686
72684
72684
72684
72683
72683
72683
72683
72682
72682
72682
72682
72681
72681
72681
72681
72679
72679
72678
72678
72677
72676
72675
72675
72674
72673
72673
72673
72673
72672
72672
72672
72672
72672
72671
72671
72671
72671
72670
72669
72669
72667
72667
72667
72666
72666
72666
72666
72665
72665
72665
72665
72664
72664
72664
72664
72663
72663
72663
72663
72662
72662
72661
72661
72660
72660
72660
72660
72659
72659
72659
72659
72658
72658
72658
72658
72657
72657
72657
72657
72657
72656
72656
72656
72656
72655
72655
72655
72655
72654
72654
72654
72654
72653
72653
72653
72653
72653
72652
72652
72652
72652
72651
72651
72651
72651
72650
72650
72650
72650
72649
72649
72649
72649
72648
72648
72648
72648
72648
72647
72647
72647
72647
72646
72646
72646
72646
72645
72645
72645
72645
72644
72644
72644
72644
72643
72643
72643
72643
72643
72642
72642
72642
72642
72641
72641
72640
72639
72639
72638
72636
72635
72633
72631
72630
72630
72629
72629
72629
72629
72628
72628
72628
72628
72626
72626
72626
72625
72625
72625
72625
72624
72624
72624
72624
72624
72623
72623
72623
72623
72622
72622
72622
72622
72621
72621
72621
72620
72619
72619
72619
72618
72618
72618
72618
72618
72617
72617
72617
72617
72616
72615
72613
72613
72613
72613
72612
72612
72612
72612
72610
72610
72610
72609
72609
72609
72609
72608
72608
72608
72608
72607
72607
72607
72607
72605
72605
72603
72603
72603
72603
72602
72602
72602
72602
72601
72601
72601
72601
72600
72600
72600
72600
72600
72599
72599
72599
72599
72597
72597
72597
72596
72596
72596
72596
72595
72595
72595
72595
72594
72594
72594
72594
72593
72593
72593
72593
72593
72592
72592
72592
72592
72591
72591
72591
72591
72590
72589
72589
72589
72588
72588
72588
72588
72587
72587
72587
72587
72586
72586
72586
72586
72585
72585
72585
72585
72585
72584
72584
72584
72584
72583
72583
72583
72583
72582
72582
72582
72582
72581
72581
72581
72581
72581
72580
72580
72580
72580
72579
72579
72579
72579
72578
72578
72578
72578
72577
72577
72577
72575
72575
72575
72575
72574
72574
72574
72574
72573
72573
72573
72573
72571
72570
72568
72566
72563
72561
72561
72561
72560
72559
72559
72558
72558
72558
72558
72558
72557
72557
72557
72557
72556
72556
72556
72556
72555
72555
72555
72555
72554
72554
72554
72554
72552
72552
72552
72551
72551
72551
72551
72550
72550
72550
72550
72548
72548
72548
72548
72546
72546
72546
72545
72545
72545
72545
72544
72543
72543
72543
72542
72542
72542
72542
72541
72541
72541
72541
72540
72540
72540
72540
72538
72538
72537
72536
72536
72536
72536
72535
72535
72535
72535
72534
72534
72534
72534
72533
72533
72533
72533
72532
72532
72532
72532
72530
72530
72529
72529
72529
72529
72528
72528
72528
72528
72528
72527
72527
72527
72527
72526
72526
72526
72526
72525
72525
72525
72525
72524
72524
72524
72524
72523
72523
72523
72523
72522
72522
72522
72522
72521
72521
72521
72521
72520
72520
72520
72520
72519
72519
72519
72519
72519
72518
72518
72518
72518
72517
72517
72517
72517
72516
72516
72516
72516
72515
72515
72515
72515
72514
72514
72514
72514
72514
72513
72513
72513
72513
72512
72512
72512
72512
72511
72510
72510
72509
72509
72509
72508
72508
72508
72508
72507
72507
72507
72507
72507
72506
72506
72506
72506
72505
72505
72505
72502
72500
72498
72496
72495
72493
72493
72492
72492
72492
72492
72492
72491
72491
72491
72490
72490
72490
72490
72489
72489
72489
72489
72488
72488
72488
72486
72486
72486
72486
72485
72485
72485
72485
72483
72483
72483
72483
72482
72482
72482
72480
72480
72480
72479
72479
72479
72479
72478
72477
72477
72476
72476
72476
72476
72475
72475
72475
72475
72474
72474
72474
72474
72473
72472
72472
72470
72470
72469
72469
72469
72468
72468
72468
72468
72468
72467
72467
72467
72467
72466
72466
72466
72466
72465
72465
72465
72463
72463
72463
72463
72462
72462
72462
72462
72462
72461
72461
72461
72461
72460
72460
72460
72460
72459
72459
72459
72459
72458
72458
72458
72458
72457
72457
72457
72457
72456
72456
72456
72456
72456
72455
72455
72455
72455
72454
72454
72454
72454
72453
72453
72453
72453
72452
72452
72452
72452
72451
72451
72451
72451
72450
72450
72450
72450
72450
72449
72449
72449
72449
72448
72448
72448
72448
72447
72447
72447
72447
72446
72446
72446
72446
72444
72444
72444
72443
72443
72443
72443
72442
72442
72442
72442
72441
72441
72441
72441
72440
72440
72440
72440
72439
72439
72439
72439
72439
72438
72438
72438
72438
72437
72437
72435
72434
72432
72430
72428
72427
72426
72426
72426
72426
72425
72425
72425
72425
72424
72424
72424
72424
72423
72423
72422
72421
72421
72421
72421
72419
72419
72419
72418
72418
72418
72418
72417
72417
72417
72416
72415
72415
72415
72415
72414
72414
72414
72412
72412
72412
72412
72411
72411
72411
72411
72410
72410
72410
72410
72410
72409
72409
72408
72407
72406
72406
72406
72405
72404
72404
72403
72403
72403
72403
72402
72402
72402
72402
72401
72401
72401
72401
72400
72400
72400
72398
72398
72398
72398
72397
72397
72397
72397
72396
72396
72396
72396
72395
72395
72395
72395
72394
72394
72394
72394
72393
72393
72393
72392
72391
72391
72391
72391
72390
72390
72390
72390
72389
72389
72389
72389
72388
72388
72388
72388
72387
72387
72387
72387
72387
72386
72386
72386
72386
72385
72385
72385
72385
72384
72384
72384
72384
72383
72383
72383
72382
72382
72382
72382
72382
72381
72381
72381
72381
72380
72380
72380
72378
72378
72378
72378
72377
72377
72377
72377
72376
72376
72376
72375
72375
72375
72375
72374
72374
72374
72374
72373
72373
72373
72373
72373
72372
72372
72372
72372
72371
72371
72371
72371
72370
72370
72370
72370
72369
72369
72369
72367
72365
72364
72363
72361
72360
72360
72359
72359
72359
72358
72358
72358
72357
72356
72356
72354
72354
72354
72353
72353
72353
72353
72352
72352
72352
72352
72351
72351
72350
72349
72349
72349
72349
72348
72348
72348
72346
72346
72346
72346
72345
72345
72345
72345
72344
72344
72344
72344
72343
72343
72343
72342
72341
72340
72340
72339
72339
72339
72339
72338
72338
72338
72338
72337
72337
72337
72337
72336
72336
72336
72336
72336
72335
72335
72334
72333
72333
72333
72333
72332
72332
72332
72332
72331
72331
72331
72331
72330
72330
72330
72330
72329
72329
72329
72329
72328
72328
72327
72327
72326
72326
72326
72326
72325
72325
72325
72325
72324
72324
72324
72324
72323
72323
72323
72323
72322
72322
72322
72322
72321
72321
72321
72321
72321
72320
72320
72320
72318
72318
72318
72317
72317
72317
72317
72317
72316
72316
72316
72316
72315
72315
72315
72315
72313
72313
72313
72312
72312
72312
72312
72311
72311
72311
72311
72310
72310
72310
72310
72309
72309
72309
72309
72308
72308
72308
72308
72307
72307
72307
72307
72306
72306
72306
72306
72306
72305
72305
72305
72305
72304
72304
72304
72304
72303
72303
72303
72303
72302
72302
72302
72302
72300
72298
72296
72294
72292
72291
72291
72289
72288
72287
72287
72287
72286
72286
72286
72286
72285
72285
72285
72285
72284
72284
72284
72282
72282
72282
72282
72282
72281
72281
72281
72279
72279
72279
72279
72278
72278
72278
72278
72277
72277
72277
72277
72276
72276
72276
72275
72274
72273
72273
72272
72272
72272
72272
72271
72271
72271
72271
72270
72270
72270
72270
72269
72269
72269
72269
72269
72268
72268
72267
72266
72266
72266
72266
72265
72265
72265
72265
72264
72264
72264
72264
72263
72263
72263
72263
72262
72262
72262
72262
72261
72261
72260
72259
72259
72259
72259
72258
72258
72258
72258
72257
72257
72257
72257
72257
72256
72256
72256
72256
72255
72255
72255
72255
72254
72254
72254
72254
72253
72253
72253
72253
72252
72252
72252
72252
72251
72251
72251
72251
72250
72250
72250
72250
72249
72248
72247
72247
72247
72247
72247
72246
72246
72246
72246
72245
72245
72245
72245
72244
72244
72244
72244
72243
72243
72243
72243
72242
72242
72242
72242
72241
72241
72241
72241
72241
72240
72240
72240
72240
72239
72239
72239
72239
72238
72238
72238
72238
72237
72237
72237
72237
72237
72236
72236
72236
72236
72235
72235
72235
72235
72234
72231
72230
72227
72226
72224
72223
72222
72222
72222
72222
72221
72221
72221
72221
72220
72220
72220
72219
72218
72218
72218
72218
72217
72217
72217
72215
72215
72215
72215
72214
72214
72214
72214
72213
72213
72213
72213
72212
72212
72212
72210
72210
72203
72203
72203
72202
72202
72202
72201
72201
72200
72200
72200
72199
72199
72199
72199
72198
72198
72197
72197
72197
72196
72194
72194
72193
72193
72193
72192
72191
72191
72191
72190
72190
72190
72189
72189
72189
72188
72188
72187
72187
72187
72187
72186
72186
72184
72183
72183
72182
72182
72182
72181
72181
72180
72180
72180
72179
72179
72178
72178
72177
72177
72176
72176
72175
72175
72172
72172
72171
72171
72170
72170
72170
72169
72169
72169
72168
72168
72168
72167
72167
72167
72166
72166
72165
72163
72162
72162
72161
72161
72161
72161
72160
72160
72159
72159
72159
72159
72158
72158
72158
72157
72157
72157
72156
72156
72156
72155
72155
72155
72154
72154
72153
72136
72136
72136
72135
72135
72134
72134
72134
72133
72133
72133
72132
72132
72132
72131
72131
72130
72130
72130
72129
72129
72129
72128
72128
72128
72127
72127
72127
72127
72126
72126
72126
72125
72125
72125
72124
72124
72124
72121
72120
72116
72114
72112
72110
72110
72110
72109
72109
72109
72107
72107
72107
72106
72106
72106
72106
72105
72104
72103
72103
72103
72103
72102
72102
72102
72102
72101
72101
72101
72101
72100
72100
72099
72099
72097
72097
72096
72096
72096
72096
72095
72095
72095
72095
72094
72094
72094
72094
72093
72093
72093
72093
72092
72092
72092
72090
72090
72090
72090
72089
72089
72089
72087
72087
72087
72087
72086
72086
72086
72086
72085
72085
72085
72085
72084
72084
72084
72084
72082
72082
72082
72082
72081
72081
72081
72081
72080
72080
72080
72080
72079
72079
72079
72079
72078
72078
72078
72078
72077
72076
72075
72074
72074
72073
72073
72073
72073
72072
72072
72072
72072
72071
72071
72071
72071
72069
72069
72068
72068
72068
72068
72068
72067
72067
72067
72067
72066
72066
72066
72066
72065
72065
72065
72064
72064
72064
72064
72063
72063
72063
72063
72062
72062
72062
72062
72061
72061
72061
72061
72060
72060
72060
72060
72060
72059
72059
72059
72059
72058
72058
72058
72058
72057
72057
72057
72057
72056
72056
72056
72056
72055
72055
72055
72055
72054
72054
72054
72054
72054
72053
72053
72053
72053
72052
72052
72052
72052
72051
72051
72051
72049
72048
72046
72045
72041
72038
72038
72038
72038
72037
72037
72037
72037
72035
72035
72035
72034
72034
72034
72034
72033
72033
72033
72033
72032
72032
72032
72032
72030
72030
72029
72028
72028
72028
72028
72027
72027
72027
72027
72026
72026
72026
72026
72025
72025
72025
72025
72025
72024
72024
72024
72022
72022
72022
72022
72021
72021
72021
72021
72020
72020
72020
72020
72019
72019
72019
72019
72018
72018
72018
72018
72017
72017
72017
72015
72015
72015
72014
72014
72014
72014
72013
72013
72013
72013
72012
72012
72012
72012
72011
72011
72011
72011
72010
72010
72009
72009
72007
72007
72007
72007
72006
72006
72006
72006
72005
72005
72005
72003
72003
72003
72003
72002
72002
72002
72002
72001
72001
72001
72001
72000
72000
72000
72000
72000
71999
71999
71999
71997
71997
71997
71996
71996
71996
71996
71995
71995
71995
71995
71995
71994
71994
71994
71994
71993
71993
71993
71993
71992
71992
71992
71992
71991
71991
71991
71991
71990
71990
71990
71990
71989
71989
71989
71989
71988
71988
71988
71988
71987
71987
71987
71987
71986
71986
71986
71986
71986
71985
71985
71985
71985
71984
71984
71984
71984
71983
71983
71983
71983
71982
71982
71982
71980
71977
71976
71975
71973
71970
71970
71969
71968
71968
71968
71968
71967
71967
71967
71967
71966
71966
71966
71966
71965
71965
71964
71963
71962
71962
71961
71961
71961
71961
71960
71960
71960
71960
71959
71959
71959
71959
71958
71958
71958
71958
71957
71957
71957
71956
71955
71955
71955
71955
71954
71954
71954
71954
71953
71953
71953
71953
71952
71952
71952
71952
71951
71951
71951
71951
71950
71950
71949
71948
71948
71948
71948
71947
71947
71947
71947
71946
71946
71946
71946
71945
71945
71945
71945
71944
71944
71944
71944
71942
71942
71941
71940
71940
71940
71940
71939
71939
71939
71937
71937
71937
71937
71936
71936
71936
71936
71935
71935
71935
71935
71934
71934
71934
71934
71933
71933
71933
71933
71932
71932
71932
71932
71931
71931
71931
71931
71930
71930
71930
71930
71930
71929
71929
71929
71929
71928
71928
71928
71928
71927
71927
71927
71927
71926
71926
71926
71926
71925
71925
71925
71925
71924
71924
71924
71924
71923
71923
71923
71923
71923
71922
71922
71922
71922
71921
71921
71921
71921
71920
71920
71920
71920
71919
71919
71919
71919
71918
71918
71918
71918
71917
71917
71917
71917
71917
71916
71916
71916
71916
71915
71915
71912
71909
71908
71907
71905
71903
71903
71903
71902
71902
71902
71901
71901
71901
71901
71900
71899
71898
71897
71897
71896
71896
71896
71896
71895
71895
71895
71895
71895
71894
71894
71894
71894
71893
71893
71893
71893
71892
71892
71891
71890
71890
71890
71889
71889
71889
71889
71888
71888
71888
71888
71887
71887
71887
71887
71886
71886
71886
71886
71885
71885
71885
71884
71883
71883
71883
71883
71882
71882
71882
71882
71881
71881
71881
71881
71880
71880
71880
71880
71879
71879
71879
71879
71877
71877
71876
71875
71875
71875
71875
71873
71873
71873
71872
71872
71872
71872
71871
71871
71871
71869
71869
71869
71869
71868
71868
71868
71868
71867
71867
71867
71867
71867
71866
71866
71866
71866
71865
71865
71865
71865
71864
71864
71864
71864
71863
71863
71863
71863
71862
71862
71862
71862
71861
71861
71861
71861
71861
71860
71860
71860
71860
71859
71859
71859
71859
71858
71858
71858
71858
71857
71857
71857
71857
71857
71856
71856
71856
71856
71855
71855
71855
71854
71854
71854
71854
71853
71853
71853
71853
71852
71852
71852
71852
71852
71851
71851
71851
71851
71850
71850
71850
71849
71849
71849
71849
71849
71848
71848
71848
71848
71847
71846
71843
71841
71840
71838
71837
71837
71836
71836
71836
71834
71834
71832
71832
71832
71832
71831
71831
71831
71831
71830
71830
71830
71830
71830
71829
71829
71829
71829
71828
71828
71828
71828
71826
71826
71825
71825
71825
71825
71824
71824
71824
71824
71823
71823
71823
71823
71822
71822
71822
71822
71821
71821
71821
71821
71820
71819
71819
71818
71818
71818
71818
71817
71817
71816
71815
71815
71815
71815
71814
71814
71814
71814
71814
71813
71813
71813
71811
71811
71810
71809
71808
71807
71807
71807
71806
71806
71806
71806
71805
71805
71805
71805
71804
71803
71803
71802
71802
71802
71802
71801
71801
71800
71799
71799
71798
71798
71798
71798
71797
71797
71797
71797
71796
71796
71796
71796
71795
71795
71795
71795
71794
71794
71794
71794
71794
71793
71793
71793
71792
71792
71792
71792
71791
71791
71791
71791
71790
71790
71790
71790
71789
71789
71789
71789
71788
71788
71788
71788
71787
71787
71787
71787
71786
71786
71786
71786
71786
71785
71785
71785
71785
71784
71784
71784
71784
71783
71783
71783
71783
71782
71782
71782
71782
71781
71781
71781
71781
71780
71780
71780
71780
71779
71779
71779
71779
71778
71778
71778
71778
71778
71777
71776
71774
71773
71771
71769
71767
71766
71766
71765
71765
71765
71765
71764
71764
71764
71764
71763
71763
71763
71763
71763
71762
71762
71762
71762
71761
71761
71760
71759
71759
71759
71759
71758
71758
71758
71758
71757
71757
71757
71757
71756
71756
71756
71756
71755
71755
71755
71755
71754
71754
71753
71752
71752
71752
71752
71751
71751
71751
71751
71750
71750
71750
71750
71750
71749
71749
71749
71749
71748
71748
71748
71746
71745
71744
71743
71743
71743
71743
71742
71742
71742
71742
71742
71741
71741
71741
71740
71740
71739
71738
71738
71738
71738
71737
71737
71737
71735
71735
71735
71735
71734
71734
71734
71734
71734
71733
71733
71733
71733
71732
71732
71732
71732
71731
71731
71731
71731
71730
71730
71730
71730
71729
71729
71729
71729
71728
71728
71728
71726
71726
71726
71726
71725
71725
71725
71725
71724
71724
71724
71724
71724
71723
71723
71723
71723
71722
71722
71722
71722
71721
71721
71721
71721
71720
71720
71720
71720
71719
71719
71719
71719
71719
71718
71718
71718
71718
71717
71717
71717
71717
71716
71716
71716
71716
71715
71715
71715
71715
71714
71714
71714
71714
71713
71713
71713
71713
71712
71712
71712
71712
71712
71711
71707
71705
71704
71702
71701
71699
71699
71699
71698
71698
71698
71698
71697
71697
71697
71697
71696
71696
71696
71696
71695
71694
71694
71694
71693
71693
71693
71693
71692
71692
71692
71692
71691
71691
71691
71691
71690
71690
71690
71690
71689
71689
71689
71689
71687
71687
71687
71687
71686
71686
71686
71686
71685
71685
71685
71685
71684
71684
71684
71684
71683
71683
71683
71681
71681
71680
71680
71678
71678
71678
71678
71677
71677
71677
71677
71676
71676
71676
71676
71675
71675
71675
71673
71673
71673
71673
71673
71672
71672
71672
71670
71670
71670
71669
71669
71669
71669
71668
71668
71668
71668
71667
71667
71667
71667
71665
71665
71665
71664
71664
71664
71664
71664
71663
71663
71663
71663
71662
71662
71662
71662
71661
71661
71661
71661
71660
71660
71660
71660
71659
71659
71659
71659
71659
71658
71658
71658
71658
71657
71657
71657
71657
71656
71656
71656
71656
71655
71655
71655
71655
71655
71654
71654
71654
71654
71653
71653
71653
71653
71652
71652
71652
71652
71651
71651
71651
71651
71650
71650
71650
71650
71649
71649
71649
71649
71648
71648
71648
71648
71648
71647
71647
71647
71647
71646
71646
71646
71646
71645
71645
71645
71643
71640
71639
71637
71635
71634
71633
71633
71632
71632
71632
71632
71631
71631
71630
71630
71628
71628
71628
71627
71627
71627
71627
71626
71626
71626
71626
71626
71625
71625
71625
71625
71624
71624
71624
71624
71623
71623
71623
71621
71621
71621
71621
71620
71620
71620
71620
71619
71619
71619
71619
71618
71618
71618
71618
71616
71616
71616
71615
71615
71614
71614
71612
71612
71612
71611
71611
71611
71611
71610
71610
71610
71610
71609
71609
71609
71609
71607
71607
71607
71606
71606
71606
71606
71605
71604
71604
71604
71603
71603
71603
71603
71602
71602
71602
71602
71601
71601
71601
71601
71599
71599
71599
71598
71598
71598
71598
71597
71597
71597
71597
71596
71596
71596
71596
71596
71595
71595
71595
71595
71594
71594
71594
71594
71593
71593
71593
71593
71592
71592
71592
71592
71591
71591
71591
71591
71590
71590
71590
71590
71589
71589
71589
71589
71589
71588
71588
71588
71588
71587
71587
71587
71587
71586
71586
71586
71585
71585
71585
71585
71584
71584
71584
71584
71583
71583
71583
71583
71582
71582
71582
71582
71581
71581
71581
71581
71581
71580
71580
71580
71579
71579
71579
71576
71576
71576
71576
71575
71575
71575
71575
71574
71574
71572
71571
71569
71567
71566
71565
71564
71564
71564
71562
71562
71562
71562
71561
71561
71561
71561
71560
71560
71560
71560
71559
71559
71559
71559
71558
71558
71558
71558
71557
71557
71557
71556
71555
71555
71555
71555
71554
71554
71554
71554
71553
71553
71553
71553
71551
71551
71551
71550
71550
71550
71550
71549
71548
71548
71546
71546
71546
71546
71545
71545
71545
71545
71544
71543
71543
71542
71542
71542
71542
71540
71540
71540
71540
71539
71539
71539
71539
71537
71537
71537
71536
71536
71536
71536
71535
71535
71535
71535
71534
71534
71534
71534
71532
71532
71532
71531
71531
71531
71531
71530
71530
71530
71530
71529
71529
71529
71529
71528
71528
71528
71528
71528
71527
71527
71527
71527
71526
71526
71526
71526
71525
71525
71525
71525
71524
71524
71524
71524
71524
71523
71523
71523
71523
71522
71522
71522
71522
71521
71521
71521
71521
71520
71520
71520
71520
71519
71519
71519
71519
71519
71518
71518
71518
71518
71517
71517
71517
71517
71516
71516
71516
71516
71515
71515
71515
71515
71514
71514
71514
71514
71513
71513
71512
71511
71508
71508
71507
71507
71507
71507
71506
71506
71506
71506
71505
71505
71505
71505
71504
71504
71504
71502
71501
71500
71497
71496
71494
71494
71494
71493
71493
71493
71493
71492
71492
71492
71492
71491
71491
71491
71491
71490
71490
71490
71490
71489
71489
71488
71487
71487
71487
71487
71486
71486
71486
71486
71485
71484
71484
71483
71483
71483
71483
71483
71482
71482
71482
71482
71480
71480
71478
71478
71478
71477
71477
71477
71477
71476
71476
71476
71476
71475
71475
71475
71475
71473
71473
71473
71472
71472
71472
71472
71472
71470
71470
71470
71469
71469
71469
71469
71468
71468
71468
71468
71467
71467
71467
71467
71465
71465
71465
71464
71464
71464
71464
71463
71463
71463
71463
71463
71462
71462
71462
71462
71461
71461
71461
71461
71460
71460
71460
71460
71459
71459
71459
71459
71459
71458
71458
71458
71458
71457
71457
71457
71457
71456
71456
71456
71456
71453
71453
71452
71452
71452
71452
71452
71451
71451
71451
71451
71450
71450
71450
71450
71449
71449
71449
71449
71448
71448
71448
71448
71447
71447
71447
71447
71446
71446
71446
71446
71445
71445
71445
71445
71445
71443
71443
71442
71442
71442
71442
71442
71441
71441
71441
71441
71440
71440
71440
71440
71439
71439
71439
71439
71438
71438
71438
71438
71438
71437
71437
71437
71436
71435
71433
71432
71430
71428
71426
71426
71426
71425
71425
71425
71425
71424
71424
71424
71424
71423
71423
71423
71423
71421
71421
71421
71420
71420
71420
71420
71418
71418
71418
71417
71417
71417
71417
71417
71416
71416
71416
71416
71415
71415
71414
71413
71412
71412
71411
71411
71411
71411
71410
71410
71410
71410
71410
71409
71409
71409
71409
71407
71407
71406
71406
71406
71406
71405
71405
71404
71403
71403
71403
71403
71403
71402
71402
71402
71402
71401
71401
71401
71401
71400
71399
71399
71398
71398
71398
71398
71397
71397
71397
71396
71396
71396
71396
71396
71395
71395
71395
71395
71394
71394
71394
71394
71393
71392
71392
71391
71391
71391
71391
71390
71390
71390
71390
71390
71389
71389
71389
71388
71388
71388
71387
71387
71387
71387
71386
71386
71386
71386
71385
71385
71385
71385
71384
71384
71384
71384
71383
71383
71383
71383
71383
71382
71382
71382
71382
71381
71381
71381
71381
71380
71380
71380
71380
71379
71378
71377
71377
71377
71377
71376
71376
71376
71376
71375
71375
71375
71375
71374
71374
71374
71374
71373
71373
71373
71373
71372
71372
71372
71372
71372
71371
71371
71371
71371
71370
71370
71370
71370
71369
71369
71369
71366
71365
71363
71362
71360
71359
71358
71358
71358
71358
71357
71357
71357
71357
71355
71355
71355
71355
71353
71353
71353
71352
71352
71352
71352
71351
71351
71351
71351
71350
71350
71350
71350
71349
71349
71348
71347
71346
71346
71346
71345
71345
71344
71344
71344
71344
71343
71343
71343
71343
71342
71342
71341
71340
71340
71340
71340
71339
71339
71339
71337
71337
71337
71337
71336
71336
71336
71336
71335
71335
71335
71335
71334
71334
71334
71333
71332
71332
71332
71332
71331
71331
71331
71330
71330
71330
71330
71330
71329
71329
71329
71329
71328
71328
71328
71328
71327
71327
71324
71324
71324
71324
71323
71323
71323
71323
71322
71322
71322
71322
71321
71321
71321
71321
71320
71320
71320
71320
71320
71319
71319
71319
71319
71318
71318
71318
71318
71317
71317
71317
71317
71316
71316
71316
71316
71315
71315
71315
71315
71314
71314
71314
71314
71313
71313
71313
71312
71311
71311
71311
71311
71310
71310
71310
71309
71309
71309
71309
71308
71308
71308
71308
71307
71307
71307
71307
71306
71306
71306
71306
71305
71305
71305
71305
71304
71304
71304
71304
71303
71303
71303
71303
71302
71302
71302
71301
71301
71301
71300
71300
71300
71300
71298
71297
71295
71294
71292
71290
71290
71290
71288
71287
71287
71286
71286
71286
71286
71285
71285
71285
71285
71284
71284
71284
71284
71283
71283
71283
71283
71282
71282
71281
71280
71279
71279
71278
71278
71278
71278
71278
71277
71277
71277
71277
71276
71276
71276
71276
71274
71274
71273
71273
71273
71273
71273
71272
71271
71270
71270
71270
71270
71269
71269
71269
71269
71269
71267
71267
71267
71266
71266
71264
71264
71264
71264
71263
71263
71263
71263
71263
71262
71262
71262
71262
71261
71261
71261
71261
71260
71260
71260
71260
71259
71259
71258
71257
71257
71257
71257
71256
71256
71256
71256
71256
71255
71255
71255
71254
71254
71254
71254
71253
71253
71253
71253
71252
71252
71252
71252
71251
71251
71251
71251
71250
71250
71250
71250
71250
71249
71249
71249
71248
71248
71248
71247
71247
71247
71247
71247
71245
71245
71244
71244
71244
71244
71243
71243
71243
71243
71242
71242
71242
71242
71242
71241
71241
71241
71241
71240
71240
71240
71240
71239
71239
71239
71239
71238
71238
71238
71238
71237
71237
71237
71237
71236
71236
71236
71236
71235
71235
71235
71235
71235
71234
71234
71234
71234
71233
71233
71233
71233
71232
71232
71232
71230
71229
71226
71224
71223
71221
71221
71221
71221
71220
71220
71220
71219
71219
71219
71219
71219
71218
71218
71218
71218
71217
71217
71216
71216
71214
71214
71213
71213
71213
71213
71212
71212
71212
71212
71211
71211
71211
71211
71210
71209
71209
71209
71208
71208
71208
71208
71207
71206
71206
71205
71205
71205
71205
71204
71204
71204
71204
71203
71203
71203
71203
71202
71201
71201
71201
71200
71200
71200
71200
71199
71199
71199
71199
71198
71198
71198
71198
71197
71197
71197
71197
71196
71196
71196
71196
71194
71194
71194
71193
71193
71193
71193
71192
71192
71192
71192
71192
71191
71191
71191
71191
71190
71190
71190
71190
71189
71187
71187
71186
71186
71186
71186
71185
71185
71185
71185
71184
71184
71184
71184
71183
71183
71183
71183
71183
71182
71182
71179
71179
71179
71179
71178
71178
71178
71178
71177
71177
71177
71177
71176
71176
71176
71176
71175
71175
71175
71175
71174
71174
71174
71174
71174
71173
71173
71173
71173
71172
71172
71172
71172
71171
71171
71171
71171
71170
71170
71170
71170
71170
71169
71169
71169
71169
71168
71168
71168
71168
71167
71167
71167
71167
71166
71166
71166
71166
71166
71165
71165
71165
71165
71164
71163
71161
71160
71158
71157
71155
71155
71154
71154
71154
71154
71153
71153
71153
71120
71120
71119
71117
71117
71115
71115
71114
71114
71114
71114
71113
71113
71112
71112
71112
71111
71111
71111
71111
71109
71108
71108
71108
71107
71107
71107
71107
71105
71104
71104
71104
71104
71103
71103
71103
71103
71102
71102
71102
71102
71101
71101
71100
71099
71099
71099
71099
71098
71098
71098
71098
71097
71097
71097
71097
71096
71096
71096
71096
71096
71095
71095
71095
71095
71094
71093
71093
71092
71092
71092
71092
71091
71091
71091
71091
71090
71090
71090
71090
71089
71089
71089
71089
71088
71088
71088
71086
71086
71085
71084
71084
71084
71084
71083
71083
71083
71083
71082
71082
71082
71082
71081
71081
71081
71079
71079
71079
71079
71078
71078
71078
71078
71077
71077
71077
71077
71076
71076
71076
71076
71075
71075
71075
71075
71074
71074
71074
71074
71073
71073
71073
71073
71072
71072
71072
71072
71072
71071
71071
71071
71071
71070
71070
71070
71070
71069
71069
71069
71069
71068
71068
71068
71068
71067
71067
71067
71067
71067
71066
71066
71066
71066
71065
71065
71065
71065
71064
71064
71064
71064
71063
71063
71063
71063
71062
71062
71062
71058
71056
71054
71053
71052
71050
71050
71050
71049
71049
71049
71047
71047
71045
71045
71045
71045
71044
71044
71044
71044
71043
71043
71043
71043
71042
71042
71042
71040
71040
71040
71040
71039
71039
71039
71039
71037
71037
71037
71036
71036
71036
71036
71035
71035
71035
71035
71034
71034
71034
71034
71032
71032
71032
71031
71031
71031
71031
71030
71030
71030
71030
71029
71029
71029
71029
71029
71028
71028
71028
71028
71027
71027
71027
71025
71025
71025
71025
71024
71024
71024
71024
71023
71023
71023
71023
71022
71022
71022
71022
71021
71021
71021
71021
71021
71017
71017
71015
71015
71014
71014
71014
71014
71013
71013
71013
71013
71012
71012
71012
71010
71010
71010
71010
71009
71009
71009
71009
71008
71008
71008
71008
71008
71007
71007
71007
71007
71006
71006
71006
71006
71005
71005
71005
71005
71004
71004
71004
71004
71003
71003
71003
71003
71003
71002
71002
71002
71002
71001
71001
71001
71001
71000
71000
71000
71000
70999
70999
70999
70999
70998
70998
70998
70998
70998
70997
70997
70997
70997
70996
70996
70996
70996
70995
70995
70995
70995
70994
70994
70994
70994
70994
70993
70993
70993
70993
70992
70992
70992
70992
70991
70991
70990
70988
70987
70985
70984
70981
70981
70980
70979
70979
70979
70979
70978
70978
70978
70978
70977
70977
70977
70977
70977
70976
70975
70974
70974
70974
70974
70973
70973
70973
70972
70971
70971
70971
70971
70970
70970
70970
70970
70969
70969
70969
70969
70969
70968
70967
70967
70966
70966
70966
70966
70965
70965
70965
70965
70965
70964
70964
70964
70964
70963
70963
70963
70963
70961
70961
70961
70960
70959
70959
70959
70958
70958
70958
70958
70957
70957
70957
70957
70956
70956
70956
70956
70955
70955
70955
70955
70955
70954
70953
70953
70951
70951
70951
70950
70950
70950
70950
70949
70949
70949
70947
70947
70947
70947
70946
70946
70946
70946
70945
70945
70945
70945
70944
70944
70944
70944
70943
70943
70943
70943
70942
70942
70942
70942
70941
70941
70941
70941
70941
70940
70940
70940
70939
70939
70939
70939
70938
70938
70938
70938
70937
70937
70937
70937
70936
70936
70936
70936
70936
70935
70935
70935
70935
70934
70934
70934
70934
70933
70933
70933
70933
70932
70932
70932
70932
70931
70931
70931
70931
70931
70930
70930
70930
70930
70929
70929
70929
70929
70928
70928
70928
70928
70927
70927
70927
70927
70926
70926
70926
70926
70925
70923
70920
70919
70917
70916
70914
70914
70914
70913
70913
70913
70913
70912
70912
70912
70912
70910
70910
70910
70909
70909
70909
70909
70908
70907
70907
70907
70906
70906
70906
70906
70905
70905
70905
70905
70904
70904
70904
70904
70902
70902
70902
70901
70901
70901
70901
70900
70900
70900
70900
70900
70899
70899
70899
70899
70898
70898
70898
70898
70897
70897
70897
70896
70895
70895
70895
70895
70894
70894
70894
70894
70893
70893
70893
70893
70892
70892
70892
70892
70891
70891
70891
70891
70889
70889
70887
70886
70886
70886
70886
70885
70885
70883
70883
70883
70883
70882
70882
70882
70882
70881
70881
70881
70881
70880
70880
70879
70879
70878
70878
70878
70878
70877
70877
70877
70877
70876
70876
70876
70876
70875
70875
70875
70875
70874
70874
70874
70874
70872
70872
70872
70871
70871
70871
70871
70870
70870
70870
70870
70870
70869
70869
70869
70869
70868
70868
70868
70868
70867
70867
70867
70867
70866
70866
70866
70866
70866
70865
70865
70865
70865
70864
70864
70864
70864
70863
70863
70863
70863
70862
70862
70862
70862
70862
70861
70861
70861
70861
70860
70860
70860
70860
70859
70859
70859
70859
70858
70858
70858
70858
70857
70857
70856
70854
70853
70851
70850
70848
70848
70848
70847
70847
70845
70845
70845
70845
70844
70844
70844
70844
70842
70842
70842
70841
70841
70841
70841
70840
70840
70840
70840
70839
70839
70839
70839
70837
70837
70837
70837
70836
70836
70836
70836
70835
70835
70835
70835
70834
70834
70834
70834
70833
70833
70833
70833
70832
70832
70832
70831
70830
70830
70830
70830
70829
70829
70829
70829
70828
70828
70828
70828
70827
70827
70827
70827
70826
70826
70826
70826
70824
70824
70823
70822
70822
70822
70820
70820
70820
70820
70819
70819
70819
70819
70818
70818
70818
70818
70817
70817
70817
70817
70816
70815
70815
70813
70813
70813
70812
70812
70812
70812
70811
70811
70811
70811
70810
70810
70810
70810
70810
70809
70809
70809
70809
70808
70808
70808
70808
70807
70807
70807
70807
70806
70806
70806
70806
70805
70805
70805
70805
70805
70804
70804
70804
70804
70803
70803
70803
70803
70802
70802
70802
70802
70801
70801
70801
70801
70800
70800
70800
70800
70800
70799
70799
70799
70799
70798
70798
70798
70798
70797
70797
70797
70797
70796
70796
70796
70796
70796
70795
70795
70795
70795
70794
70794
70794
70794
70793
70793
70793
70793
70792
70792
70792
70789
70788
70786
70784
70781
70780
70779
70779
70779
70779
70779
70778
70777
70776
70776
70776
70776
70776
70775
70775
70775
70775
70774
70774
70774
70774
70773
70772
70772
70771
70771
70771
70771
70770
70770
70770
70770
70770
70769
70769
70769
70768
70768
70768
70768
70767
70767
70767
70767
70766
70765
70765
70765
70764
70764
70764
70764
70763
70763
70763
70763
70762
70762
70762
70762
70762
70761
70761
70761
70761
70760
70759
70759
70756
70755
70754
70754
70754
70754
70753
70753
70753
70753
70752
70752
70752
70752
70751
70751
70751
70751
70750
70750
70750
70748
70748
70747
70746
70746
70746
70746
70745
70745
70745
70745
70744
70744
70744
70744
70744
70743
70743
70743
70743
70742
70742
70742
70742
70741
70741
70741
70741
70740
70740
70740
70740
70740
70739
70739
70739
70739
70738
70738
70738
70738
70737
70737
70737
70737
70736
70736
70736
70736
70735
70735
70735
70735
70735
70734
70734
70734
70734
70733
70733
70733
70733
70732
70732
70732
70732
70731
70731
70731
70731
70731
70730
70730
70730
70730
70729
70729
70729
70729
70728
70728
70728
70728
70727
70727
70727
70727
70726
70726
70726
70726
70725
70725
70725
70725
70724
70724
70724
70722
70721
70720
70718
70715
70714
70712
70712
70712
70712
70711
70711
70711
70711
70710
70710
70710
70710
70710
70709
70709
70708
70707
70707
70707
70707
70706
70706
70706
70706
70705
70705
70705
70705
70704
70704
70704
70704
70703
70703
70703
70703
70702
70702
70701
70700
70700
70700
70700
70699
70699
70699
70699
70699
70698
70698
70698
70698
70697
70697
70697
70697
70696
70696
70695
70692
70692
70690
70690
70690
70690
70689
70689
70689
70689
70688
70688
70688
70688
70687
70687
70687
70687
70686
70686
70686
70686
70686
70684
70684
70682
70682
70682
70682
70681
70681
70681
70681
70680
70680
70680
70680
70679
70679
70679
70679
70678
70678
70678
70678
70678
70677
70677
70677
70677
70676
70676
70676
70676
70675
70675
70675
70675
70674
70674
70674
70674
70673
70673
70673
70673
70672
70672
70672
70672
70672
70671
70671
70671
70671
70670
70670
70670
70670
70669
70669
70669
70669
70668
70668
70668
70668
70668
70667
70667
70667
70667
70666
70666
70666
70666
70665
70665
70665
70665
70664
70664
70664
70664
70663
70663
70663
70663
70662
70662
70662
70662
70662
70661
70661
70661
70661
70660
70660
70660
70660
70659
70659
70659
70659
70658
70658
70656
70654
70653
70650
70648
70646
70646
70646
70646
70645
70645
70645
70644
70644
70644
70642
70642
70642
70642
70641
70641
70641
70641
70640
70640
70640
70639
70639
70639
70639
70638
70638
70638
70638
70637
70637
70637
70637
70635
70635
70635
70635
70634
70634
70634
70634
70633
70633
70633
70633
70632
70632
70632
70632
70631
70631
70630
70630
70629
70628
70628
70625
70625
70625
70624
70624
70624
70624
70623
70623
70623
70623
70622
70622
70622
70622
70621
70621
70621
70621
70621
70620
70619
70618
70617
70617
70617
70616
70616
70616
70616
70615
70615
70615
70615
70614
70614
70614
70614
70613
70613
70613
70598
70598
70598
70596
70596
70595
70595
70595
70595
70594
70593
70593
70593
70593
70592
70592
70592
70592
70591
70591
70591
70591
70590
70590
70590
70590
70588
70588
70588
70588
70587
70587
70587
70587
70586
70586
70586
70585
70585
70585
70584
70584
70584
70584
70583
70583
70583
70583
70582
70582
70582
70582
70582
70581
70581
70581
70581
70580
70580
70580
70580
70579
70579
70579
70579
70578
70578
70578
70578
70577
70577
70577
70577
70576
70576
70576
70576
70576
70575
70575
70575
70574
70573
70572
70572
70572
70571
70571
70571
70571
70569
70568
70566
70565
70563
70561
70561
70561
70561
70559
70559
70559
70559
70558
70558
70558
70558
70557
70557
70557
70557
70556
70556
70556
70556
70555
70555
70555
70555
70554
70554
70554
70552
70552
70552
70552
70551
70551
70551
70551
70550
70550
70550
70550
70549
70549
70549
70548
70547
70547
70547
70547
70546
70545
70545
70543
70543
70543
70542
70542
70542
70542
70541
70541
70541
70541
70540
70540
70540
70540
70539
70539
70539
70539
70538
70538
70537
70536
70535
70535
70534
70534
70534
70534
70533
70533
70533
70533
70532
70532
70532
70532
70531
70531
70531
70531
70531
70530
70530
70529
70528
70528
70528
70528
70527
70527
70527
70527
70526
70526
70526
70526
70525
70525
70525
70525
70524
70524
70524
70524
70523
70523
70523
70523
70523
70522
70522
70522
70522
70521
70521
70521
70521
70520
70520
70520
70520
70519
70519
70519
70519
70519
70518
70518
70518
70518
70517
70517
70517
70517
70516
70516
70516
70516
70515
70515
70515
70515
70514
70514
70514
70514
70513
70513
70513
70513
70513
70512
70512
70512
70512
70511
70511
70511
70510
70509
70509
70508
70508
70508
70507
70507
70507
70507
70506
70506
70506
70506
70505
70505
70505
70505
70502
70500
70499
70496
70495
70493
70493
70493
70493
70492
70492
70492
70491
70491
70491
70491
70490
70490
70490
70490
70490
70489
70489
70489
70489
70488
70487
70486
70486
70486
70486
70485
70485
70485
70484
70484
70484
70484
70481
70481
70481
70480
70480
70480
70480
70479
70479
70477
70476
70475
70474
70474
70474
70474
70473
70473
70473
70473
70473
70472
70472
70472
70472
70471
70471
70471
70471
70470
70470
70470
70468
70468
70467
70466
70466
70466
70466
70465
70465
70465
70465
70465
70464
70464
70464
70464
70463
70463
70463
70463
70462
70462
70462
70460
70460
70460
70460
70460
70459
70459
70459
70459
70458
70458
70458
70458
70457
70457
70457
70457
70456
70456
70456
70456
70455
70455
70455
70455
70454
70454
70454
70454
70454
70453
70453
70453
70453
70452
70452
70452
70452
70451
70451
70451
70451
70450
70450
70450
70450
70449
70449
70449
70449
70449
70448
70448
70448
70448
70447
70447
70447
70447
70446
70446
70446
70446
70445
70445
70445
70445
70444
70444
70444
70444
70444
70443
70442
70441
70441
70441
70441
70441
70440
70440
70440
70440
70439
70439
70439
70439
70438
70438
70438
70438
70437
70437
70437
70437
70436
70436
70436
70436
70434
70433
70430
70429
70427
70425
70425
70425
70425
70424
70424
70424
70424
70423
70423
70423
70423
70422
70422
70422
70421
70420
70420
70420
70419
70419
70419
70419
70418
70417
70417
70416
70416
70416
70416
70415
70415
70415
70415
70414
70414
70413
70412
70411
70411
70411
70410
70410
70410
70410
70409
70409
70409
70409
70408
70408
70408
70408
70407
70407
70407
70407
70406
70406
70404
70403
70402
70401
70401
70401
70401
70400
70400
70400
70400
70399
70399
70399
70398
70398
70398
70397
70397
70397
70397
70396
70396
70395
70395
70394
70394
70394
70394
70393
70393
70393
70393
70392
70392
70392
70392
70391
70391
70391
70391
70390
70390
70390
70390
70389
70389
70389
70389
70389
70388
70388
70388
70388
70387
70387
70387
70387
70386
70386
70386
70386
70385
70385
70385
70385
70385
70384
70384
70384
70384
70383
70383
70383
70383
70382
70382
70382
70382
70381
70381
70381
70381
70380
70380
70380
70380
70379
70379
70379
70379
70378
70378
70377
70376
70376
70376
70375
70375
70375
70375
70374
70374
70374
70374
70374
70373
70373
70373
70373
70372
70372
70372
70372
70371
70371
70371
70371
70370
70370
70370
70370
70370
70369
70369
70369
70369
70368
70367
70365
70364
70362
70361
70359
70359
70359
70359
70358
70358
70358
70358
70357
70356
70356
70356
70355
70355
70355
70353
70353
70353
70353
70352
70352
70352
70352
70351
70351
70351
70351
70350
70350
70350
70348
70348
70346
70345
70345
70345
70345
70344
70344
70344
70344
70344
70343
70343
70343
70343
70342
70342
70342
70342
70341
70341
70341
70339
70339
70338
70337
70337
70337
70336
70336
70336
70336
70335
70335
70335
70335
70334
70334
70334
70334
70333
70333
70333
70333
70333
70331
70331
70331
70330
70330
70330
70330
70329
70329
70329
70329
70328
70328
70328
70328
70327
70327
70325
70325
70325
70325
70324
70324
70324
70324
70323
70323
70323
70323
70322
70322
70322
70322
70322
70321
70321
70321
70321
70320
70320
70320
70320
70319
70319
70319
70319
70318
70317
70317
70316
70316
70316
70316
70315
70315
70315
70315
70314
70314
70314
70314
70313
70313
70313
70313
70312
70312
70311
70310
70310
70310
70310
70309
70309
70309
70309
70309
70308
70308
70308
70308
70307
70307
70307
70307
70306
70306
70306
70306
70305
70305
70305
70305
70304
70304
70304
70304
70304
70303
70303
70303
70303
70302
70302
70302
70302
70301
70301
70301
70301
70300
70298
70297
70296
70294
70292
70290
70290
70290
70288
70288
70288
70286
70286
70286
70286
70285
70285
70285
70285
70284
70284
70284
70284
70283
70283
70283
70283
70282
70282
70281
70280
70279
70279
70278
70278
70278
70278
70277
70277
70277
70277
70276
70276
70276
70276
70276
70275
70275
70275
70275
70274
70274
70273
70272
70271
70271
70270
70270
70270
70270
70269
70269
70269
70269
70269
70268
70268
70268
70268
70267
70267
70267
70267
70266
70266
70265
70264
70264
70264
70264
70263
70263
70263
70263
70262
70262
70262
70262
70261
70261
70261
70261
70259
70259
70259
70258
70258
70258
70258
70257
70257
70257
70257
70257
70256
70256
70256
70256
70255
70255
70255
70255
70254
70254
70254
70254
70253
70253
70253
70253
70252
70252
70252
70252
70252
70251
70251
70251
70251
70250
70250
70250
70250
70249
70249
70249
70249
70248
70248
70247
70246
70246
70246
70246
70246
70245
70245
70245
70245
70244
70244
70244
70244
70243
70243
70243
70243
70242
70242
70242
70242
70241
70241
70241
70241
70240
70240
70240
70240
70239
70239
70239
70239
70239
70238
70238
70238
70238
70237
70237
70237
70237
70236
70236
70236
70236
70235
70235
70235
70235
70234
70234
70231
70230
70227
70226
70224
70223
70223
70222
70222
70222
70222
70221
70221
70221
70221
70220
70220
70220
70220
70219
70219
70219
70219
70217
70217
70214
70214
70214
70214
70214
70213
70213
70213
70213
70212
70212
70212
70212
70211
70211
70211
70211
70210
70210
70210
70210
70208
70208
70207
70206
70206
70206
70205
70205
70205
70205
70205
70204
70204
70204
70204
70203
70203
70203
70203
70202
70202
70202
70202
70200
70200
70200
70199
70199
70199
70199
70198
70198
70198
70198
70197
70197
70197
70197
70196
70196
70195
70195
70194
70194
70194
70194
70193
70193
70193
70193
70192
70192
70192
70192
70191
70191
70191
70191
70190
70190
70190
70188
70188
70188
70188
70187
70187
70187
70187
70186
70186
70186
70186
70186
70185
70185
70185
70185
70184
70184
70184
70184
70183
70183
70182
70181
70181
70181
70181
70180
70180
70180
70180
70179
70179
70179
70179
70178
70178
70178
70178
70178
70177
70177
70177
70177
70176
70176
70176
70176
70175
70175
70175
70175
70174
70174
70174
70174
70173
70173
70173
70173
70173
70172
70172
70172
70172
70171
70171
70171
70171
70170
70170
70170
70170
70169
70169
70169
70169
70169
70168
70168
70168
70168
70167
70167
70166
70163
70162
70161
70159
70158
70157
70157
70157
70157
70156
70156
70156
70156
70155
70155
70155
70154
70153
70138
70138
70138
70137
70137
70137
70136
70136
70136
70136
70135
70135
70135
70135
70134
70134
70134
70134
70134
70133
70133
70131
70131
70130
70130
70129
70129
70129
70129
70128
70128
70128
70128
70127
70127
70127
70127
70126
70126
70126
70126
70125
70125
70125
70124
70122
70122
70122
70121
70121
70121
70121
70120
70120
70120
70120
70120
70119
70119
70119
70119
70117
70117
70116
70116
70116
70116
70116
70115
70115
70115
70115
70114
70114
70114
70114
70113
70113
70113
70113
70112
70112
70111
70111
70109
70109
70109
70108
70108
70108
70108
70107
70107
70107
70107
70107
70106
70106
70106
70106
70105
70105
70104
70103
70103
70103
70103
70102
70102
70102
70102
70101
70101
70101
70101
70100
70100
70100
70100
70099
70099
70099
70099
70099
70098
70098
70098
70098
70097
70097
70097
70097
70096
70096
70096
70096
70095
70095
70095
70095
70094
70094
70094
70094
70094
70093
70093
70093
70093
70092
70092
70092
70092
70091
70091
70091
70091
70090
70090
70090
70090
70090
70089
70089
70089
70089
70088
70088
70088
70088
70087
70087
70086
70085
70084
70082
70081
70079
70078
70077
70077
70077
70077
70076
70075
70075
70073
70073
70073
70072
70072
70072
70072
70071
70071
70071
70071
70071
70070
70070
70070
70070
70069
70069
70069
70069
70068
70066
70065
70064
70064
70063
70063
70063
70063
70062
70062
70062
70062
70061
70061
70061
70061
70060
70060
70060
70060
70059
70059
70058
70057
70057
70056
70056
70056
70056
70055
70055
70055
70055
70054
70054
70054
70054
70054
70053
70053
70051
70051
70051
70051
70050
70050
70050
70050
70049
70049
70049
70049
70048
70048
70048
70048
70047
70047
70047
70047
70046
70045
70045
70043
70043
70043
70042
70042
70042
70042
70041
70041
70041
70041
70040
70040
70040
70040
70038
70038
70037
70037
70037
70037
70037
70036
70036
70036
70036
70035
70035
70035
70035
70034
70033
70032
70032
70032
70032
70031
70031
70031
70031
70030
70030
70030
70030
70029
70029
70029
70029
70028
70028
70028
70028
70028
70027
70027
70027
70027
70026
70026
70026
70026
70025
70025
70025
70025
70024
70024
70024
70024
70023
70023
70023
70023
70022
70022
70022
70022
70022
70021
70021
70021
70021
70020
70020
70020
70020
70019
70019
70019
70019
70018
70018
70018
70018
70018
70016
70014
70013
70010
70009
70006
70006
70005
70004
70004
70004
70004
70004
70003
70003
70003
70003
70002
70002
70002
70002
70001
70001
70001
70001
70000
70000
70000
69998
69998
69997
69996
69996
69996
69995
69995
69995
69995
69994
69994
69994
69994
69994
69993
69993
69993
69993
69992
69992
69992
69992
69990
69990
69990
69989
69989
69989
69989
69988
69988
69988
69988
69987
69987
69987
69987
69986
69986
69985
69984
69984
69984
69984
69983
69983
69983
69983
69982
69982
69982
69982
69981
69981
69981
69981
69980
69980
69980
69980
69978
69978
69977
69976
69976
69976
69976
69975
69975
69975
69975
69974
69974
69974
69973
69972
69972
69972
69972
69971
69971
69971
69971
69970
69970
69970
69970
69969
69969
69969
69969
69968
69968
69968
69968
69967
69967
69967
69967
69966
69966
69966
69966
69966
69965
69965
69965
69965
69964
69964
69964
69964
69963
69963
69963
69963
69962
69962
69962
69962
69962
69961
69961
69961
69961
69960
69960
69960
69960
69959
69959
69959
69959
69958
69958
69958
69958
69957
69957
69957
69957
69956
69956
69956
69956
69955
69955
69955
69955
69955
69954
69954
69954
69954
69953
69953
69953
69953
69952
69952
69952
69952
69951
69948
69946
69944
69943
69941
69940
69939
69939
69939
69939
69938
69938
69938
69937
69937
69937
69937
69936
69936
69936
69936
69935
69933
69933
69931
69931
69930
69930
69930
69930
69929
69929
69929
69929
69929
69928
69928
69928
69928
69927
69927
69927
69927
69926
69926
69925
69924
69924
69924
69924
69923
69923
69923
69923
69922
69922
69922
69922
69921
69921
69921
69921
69919
69919
69919
69919
69918
69918
69918
69918
69917
69917
69917
69917
69916
69916
69916
69916
69915
69915
69915
69915
69914
69913
69913
69911
69911
69911
69911
69910
69910
69910
69910
69909
69908
69907
69907
69907
69907
69906
69906
69906
69906
69905
69905
69905
69903
69903
69903
69903
69902
69902
69902
69902
69901
69901
69901
69901
69901
69900
69900
69900
69900
69899
69899
69899
69899
69898
69898
69898
69898
69897
69897
69897
69897
69896
69896
69896
69896
69895
69895
69895
69895
69895
69894
69894
69894
69894
69893
69893
69893
69893
69892
69892
69892
69892
69891
69891
69891
69891
69890
69890
69890
69890
69890
69889
69889
69889
69889
69888
69888
69888
69888
69887
69887
69887
69887
69886
69886
69886
69886
69885
69885
69885
69885
69885
69884
69884
69884
69884
69883
69883
69881
69880
69879
69877
69875
69874
69873
69873
69873
69873
69872
69872
69872
69872
69872
69871
69870
69870
69868
69868
69868
69867
69867
69867
69867
69866
69866
69866
69866
69866
69865
69865
69865
69865
69864
69864
69864
69864
69863
69862
69862
69861
69861
69861
69861
69860
69860
69860
69860
69859
69859
69859
69859
69858
69858
69858
69857
69856
69856
69856
69856
69855
69855
69855
69853
69853
69853
69853
69852
69852
69852
69852
69852
69851
69851
69851
69851
69849
69849
69848
69847
69847
69847
69847
69846
69845
69845
69844
69844
69844
69844
69843
69843
69843
69843
69842
69842
69842
69842
69841
69840
69840
69838
69838
69838
69837
69837
69837
69837
69836
69836
69836
69836
69835
69835
69835
69835
69834
69834
69834
69834
69833
69833
69833
69833
69833
69832
69832
69832
69832
69831
69831
69831
69831
69830
69830
69830
69830
69829
69829
69829
69829
69828
69828
69828
69828
69827
69827
69827
69827
69826
69826
69826
69826
69826
69825
69825
69825
69825
69824
69824
69824
69824
69823
69823
69823
69823
69822
69822
69822
69822
69821
69821
69821
69821
69821
69820
69820
69820
69820
69819
69819
69819
69819
69818
69818
69818
69818
69817
69817
69817
69817
69815
69814
69812
69811
69809
69808
69807
69807
69807
69807
69805
69805
69802
69802
69802
69801
69801
69801
69800
69800
69800
69800
69799
69799
69799
69799
69798
69798
69798
69798
69797
69797
69797
69796
69795
69795
69795
69795
69794
69794
69794
69794
69793
69793
69793
69793
69792
69792
69792
69792
69790
69790
69790
69789
69789
69789
69788
69788
69788
69788
69787
69787
69787
69787
69786
69786
69786
69786
69786
69785
69785
69784
69783
69782
69782
69782
69780
69780
69780
69779
69779
69779
69779
69778
69778
69778
69778
69777
69777
69777
69777
69777
69776
69776
69775
69774
69773
69772
69772
69772
69772
69772
69771
69771
69771
69771
69770
69770
69770
69770
69769
69769
69769
69769
69768
69768
69768
69768
69767
69767
69767
69767
69766
69766
69766
69766
69765
69765
69764
69764
69763
69763
69763
69763
69762
69762
69762
69762
69761
69761
69761
69761
69760
69760
69760
69760
69759
69759
69759
69759
69759
69758
69758
69758
69758
69757
69757
69757
69757
69756
69756
69756
69756
69755
69755
69755
69755
69755
69754
69754
69754
69754
69753
69753
69753
69753
69752
69752
69752
69752
69751
69751
69751
69751
69750
69750
69750
69750
69750
69749
69749
69749
69747
69746
69744
69743
69740
69739
69737
69737
69737
69736
69736
69736
69736
69735
69735
69735
69735
69734
69734
69734
69734
69733
69733
69733
69733
69732
69732
69731
69731
69730
69730
69730
69730
69729
69729
69729
69728
69728
69728
69728
69727
69727
69727
69727
69725
69725
69725
69725
69724
69724
69724
69724
69724
69723
69723
69723
69723
69722
69722
69722
69722
69721
69721
69721
69720
69719
69718
69715
69715
69715
69714
69714
69714
69714
69714
69713
69713
69713
69713
69712
69712
69712
69712
69711
69711
69711
69711
69710
69709
69709
69707
69707
69706
69706
69706
69706
69705
69705
69705
69705
69704
69704
69704
69704
69703
69703
69703
69703
69703
69702
69702
69702
69702
69701
69701
69701
69701
69700
69700
69700
69700
69699
69699
69699
69699
69698
69698
69698
69698
69697
69697
69697
69697
69697
69696
69696
69696
69696
69695
69695
69695
69695
69694
69694
69694
69694
69693
69693
69693
69693
69692
69692
69692
69692
69691
69691
69691
69691
69690
69690
69690
69690
69689
69689
69689
69689
69688
69688
69688
69688
69687
69687
69687
69687
69686
69686
69686
69686
69685
69685
69685
69685
69685
69684
69684
69684
69684
69683
69683
69683
69683
69682
69679
69677
69676
69674
69673
69670
69670
69669
69669
69669
69669
69668
69668
69667
69667
69667
69667
69666
69666
69666
69666
69664
69664
69663
69663
69663
69663
69662
69662
69662
69662
69662
69661
69661
69661
69661
69660
69660
69659
69658
69658
69658
69658
69657
69657
69657
69657
69656
69656
69656
69656
69655
69655
69655
69655
69654
69654
69654
69652
69651
69651
69649
69649
69649
69649
69648
69648
69648
69648
69647
69647
69647
69647
69646
69646
69646
69646
69646
69645
69645
69645
69645
69643
69643
69642
69641
69641
69641
69641
69640
69640
69640
69640
69639
69639
69639
69638
69638
69638
69638
69637
69637
69637
69637
69636
69635
69635
69635
69634
69634
69634
69634
69633
69633
69633
69633
69632
69632
69632
69632
69632
69631
69631
69631
69631
69630
69630
69630
69629
69629
69629
69629
69628
69628
69628
69628
69627
69627
69627
69627
69627
69626
69626
69626
69626
69625
69625
69625
69625
69624
69624
69624
69624
69623
69623
69623
69623
69622
69622
69622
69622
69621
69621
69621
69621
69621
69620
69620
69620
69620
69619
69619
69619
69619
69618
69618
69618
69618
69617
69617
69617
69617
69616
69616
69616
69616
69614
69614
69614
69613
69613
69613
69611
69610
69608
69607
69606
69604
69604
69604
69603
69603
69603
69603
69602
69602
69602
69600
69600
69600
69600
69599
69599
69599
69599
69598
69598
69598
69598
69597
69597
69597
69597
69596
69595
69595
69595
69594
69594
69594
69594
69593
69593
69593
69593
69592
69592
69592
69592
69591
69591
69590
69589
69589
69589
69587
69587
69586
69585
69585
69585
69585
69584
69584
69584
69584
69582
69582
69582
69581
69581
69581
69581
69580
69580
69580
69580
69579
69578
69578
69576
69576
69576
69575
69575
69575
69575
69574
69574
69574
69574
69574
69573
69573
69573
69573
69572
69572
69572
69572
69571
69570
69570
69569
69569
69569
69569
69568
69568
69568
69568
69567
69567
69567
69567
69566
69566
69566
69566
69565
69565
69565
69565
69564
69564
69564
69564
69564
69563
69563
69563
69563
69562
69562
69562
69562
69561
69561
69561
69561
69560
69560
69560
69560
69560
69559
69513
69512
69511
69511
69511
69510
69510
69510
69509
69509
69509
69508
69508
69508
69507
69507
69506
69506
69505
69505
69505
69504
69504
69504
69503
69503
69503
69502
69502
69502
69502
69501
69501
69498
69498
69498
69498
69497
69497
69497
69497
69496
69496
69496
69496
69496
69495
69495
69492
69491
69490
69488
69487
69484
69484
69483
69483
69482
69481
69481
69481
69481
69480
69480
69480
69480
69479
69479
69479
69479
69478
69478
69478
69478
69476
69476
69476
69475
69475
69475
69475
69474
69474
69474
69474
69473
69473
69473
69472
69471
69471
69471
69471
69470
69470
69469
69468
69467
69467
69466
69466
69466
69466
69465
69465
69465
69465
69464
69464
69464
69464
69463
69463
69463
69463
69462
69462
69462
69460
69460
69459
69458
69458
69458
69458
69457
69457
69457
69457
69457
69456
69456
69456
69455
69455
69455
69455
69454
69454
69454
69454
69452
69452
69452
69452
69451
69451
69451
69451
69450
69450
69450
69450
69449
69449
69449
69449
69448
69448
69448
69448
69447
69447
69447
69447
69447
69446
69446
69446
69446
69445
69445
69445
69445
69444
69444
69442
69442
69442
69441
69441
69441
69441
69441
69440
69440
69440
69440
69439
69439
69439
69439
69438
69438
69438
69438
69437
69437
69437
69437
69436
69436
69436
69436
69436
69435
69435
69435
69435
69434
69434
69434
69434
69433
69433
69433
69431
69431
69431
69431
69430
69430
69430
69430
69429
69429
69429
69429
69428
69428
69428
69428
69428
69427
69427
69427
69427
69426
69426
69426
69424
69423
69421
69419
69417
69415
69415
69415
69415
69414
69414
69414
69414
69413
69413
69413
69413
69413
69412
69412
69411
69410
69410
69410
69410
69409
69409
69409
69409
69408
69408
69407
69407
69406
69406
69406
69406
69405
69405
69405
69405
69403
69403
69402
69401
69401
69401
69401
69400
69400
69400
69400
69399
69399
69399
69399
69398
69398
69398
69398
69397
69397
69397
69397
69395
69395
69393
69393
69393
69393
69392
69392
69392
69392
69391
69391
69391
69391
69390
69390
69390
69390
69389
69389
69389
69389
69389
69387
69387
69386
69386
69386
69386
69386
69385
69385
69385
69385
69384
69384
69384
69384
69383
69383
69383
69383
69382
69382
69382
69382
69381
69381
69381
69381
69381
69380
69380
69380
69380
69379
69379
69379
69379
69378
69378
69378
69378
69377
69377
69377
69377
69376
69376
69376
69376
69375
69375
69375
69375
69374
69374
69374
69374
69373
69373
69373
69373
69372
69372
69372
69372
69371
69371
69371
69371
69370
69370
69370
69370
69368
69367
69367
69367
69367
69367
69366
69366
69366
69366
69365
69365
69365
69365
69364
69364
69364
69364
69363
69363
69363
69363
69362
69362
69362
69362
69362
69361
69361
69361
69361
69360
69360
69357
69356
69354
69353
69350
69348
69348
69348
69348
69347
69347
69347
69347
69346
69345
69345
69344
69344
69344
69344
69344
69343
69342
69342
69341
69341
69341
69341
69340
69340
69340
69340
69339
69339
69339
69338
69337
69336
69335
69335
69335
69335
69334
69334
69334
69334
69333
69333
69333
69333
69332
69332
69332
69332
69332
69331
69331
69331
69329
69329
69328
69328
69327
69327
69327
69327
69326
69326
69326
69326
69325
69325
69325
69325
69324
69324
69324
69324
69324
69323
69323
69322
69321
69321
69321
69321
69320
69320
69320
69320
69319
69319
69319
69319
69319
69318
69318
69318
69318
69317
69317
69317
69317
69316
69315
69315
69314
69314
69314
69314
69313
69313
69313
69313
69313
69312
69312
69312
69312
69311
69311
69311
69311
69310
69310
69310
69310
69309
69309
69309
69309
69308
69308
69308
69308
69308
69307
69307
69307
69307
69306
69306
69306
69306
69305
69305
69305
69305
69304
69304
69303
69303
69302
69302
69301
69301
69301
69301
69300
69300
69300
69299
69299
69299
69299
69298
69298
69298
69298
69298
69297
69297
69297
69297
69296
69296
69296
69296
69295
69295
69295
69295
69294
69294
69294
69294
69293
69293
69293
69293
69293
69292
69291
69289
69288
69286
69285
69284
69283
69283
69282
69282
69281
69281
69281
69279
69279
69279
69279
69278
69278
69278
69278
69277
69277
69277
69277
69276
69276
69276
69276
69274
69274
69273
69272
69272
69272
69272
69271
69271
69271
69271
69270
69270
69270
69270
69269
69269
69269
69269
69268
69268
69268
69268
69266
69266
69265
69264
69264
69264
69264
69263
69263
69263
69263
69262
69261
69261
69260
69260
69260
69260
69259
69259
69259
69259
69258
69257
69257
69257
69256
69256
69256
69256
69255
69255
69255
69255
69254
69254
69254
69254
69253
69253
69253
69253
69253
69252
69252
69252
69250
69250
69250
69250
69249
69249
69249
69249
69248
69248
69248
69248
69247
69247
69247
69247
69247
69246
69246
69246
69246
69245
69245
69245
69245
69244
69244
69244
69244
69243
69243
69243
69243
69243
69242
69242
69242
69242
69241
69241
69241
69241
69240
69239
69239
69238
69238
69238
69238
69237
69237
69237
69237
69236
69236
69236
69236
69235
69235
69235
69235
69234
69234
69234
69234
69233
69233
69233
69233
69232
69232
69232
69232
69231
69231
69231
69231
69230
69230
69230
69230
69230
69229
69229
69229
69229
69228
69228
69228
69228
69227
69227
69227
69227
69225
69224
69221
69219
69217
69215
69215
69215
69215
69214
69214
69214
69213
69213
69213
69213
69212
69212
69212
69212
69211
69211
69211
69210
69209
69208
69208
69207
69207
69207
69207
69206
69206
69206
69206
69205
69205
69205
69205
69204
69204
69204
69204
69203
69203
69203
69202
69201
69200
69200
69199
69199
69199
69199
69198
69198
69198
69198
69198
69197
69197
69197
69197
69196
69196
69196
69196
69195
69195
69194
69193
69193
69193
69192
69192
69192
69192
69191
69191
69191
69191
69191
69190
69190
69190
69190
69189
69189
69189
69189
69188
69188
69187
69186
69186
69186
69186
69185
69185
69185
69185
69184
69184
69184
69184
69183
69183
69182
69181
69181
69181
69181
69181
69180
69180
69180
69180
69179
69179
69179
69179
69178
69178
69178
69178
69177
69177
69177
69175
69175
69175
69175
69173
69173
69173
69173
69172
69172
69172
69171
69171
69171
69170
69170
69170
69170
69169
69169
69169
69169
69168
69168
69168
69168
69167
69167
69167
69167
69167
69166
69166
69166
69166
69165
69165
69165
69165
69164
69164
69164
69164
69163
69163
69163
69163
69162
69162
69162
69162
69161
69161
69161
69161
69161
69160
69160
69160
69160
69159
69159
69159
69159
69157
69154
69153
69129
69127
69124
69124
69124
69123
69123
69123
69122
69122
69122
69121
69121
69121
69119
69118
69116
69115
69115
69115
69114
69114
69114
69113
69113
69113
69112
69112
69112
69112
69111
69111
69111
69110
69110
69110
69109
69108
69107
69106
69105
69105
69105
69105
69104
69104
69104
69103
69103
69103
69103
69102
69102
69102
69101
69101
69101
69101
69100
69100
69098
69098
69097
69097
69097
69097
69096
69096
69096
69095
69095
69095
69095
69094
69094
69094
69093
69093
69093
69093
69092
69092
69092
69090
69089
69089
69089
69088
69088
69088
69088
69088
69087
69087
69087
69087
69086
69086
69085
69084
69084
69084
69083
69083
69083
69083
69082
69082
69082
69082
69081
69081
69081
69081
69081
69080
69080
69080
69080
69079
69078
69078
69077
69077
69077
69076
69076
69076
69076
69075
69075
69075
69075
69074
69074
69074
69074
69074
69073
69073
69073
69073
69072
69072
69072
69072
69071
69071
69071
69071
69070
69070
69070
69070
69069
69069
69069
69069
69069
69068
69068
69068
69068
69067
69067
69067
69067
69066
69066
69066
69066
69065
69065
69065
69065
69064
69064
69064
69064
69064
69063
69063
69063
69063
69062
69062
69062
69062
69061
69058
69057
69055
69051
69050
69047
69047
69046
69046
69046
69046
69044
69044
69043
69042
69042
69042
69042
69041
69041
69041
69041
69040
69040
69040
69040
69039
69039
69039
69039
69038
69038
69038
69038
69036
69036
69034
69034
69034
69034
69033
69033
69033
69032
69032
69032
69031
69031
69030
69030
69029
69029
69028
69028
69028
69027
69027
69026
69025
69025
69025
69025
69024
69024
69024
69024
69023
69023
69022
69022
69022
69022
69022
69021
69021
69021
69020
69020
69020
69020
69018
69018
69018
69018
69017
69017
69017
69017
69016
69016
69016
69016
69015
69015
69015
69014
69013
69012
69011
69011
69011
69011
69010
69010
69010
69010
69009
69009
69009
69009
69008
69008
69008
69008
69006
69006
69006
69006
69005
69005
69005
69005
69004
69004
69004
69004
69003
69003
69003
69003
69002
69002
69002
69002
69001
69001
69001
69001
69000
69000
69000
69000
69000
68999
68999
68999
68999
68998
68998
68998
68998
68997
68997
68997
68997
68996
68996
68996
68996
68996
68995
68995
68995
68995
68994
68994
68994
68994
68993
68993
68993
68993
68992
68992
68992
68992
68991
68991
68991
68991
68991
68990
68990
68990
68990
68989
68989
68989
68989
68988
68988
68988
68986
68985
68983
68982
68981
68978
68978
68977
68976
68976
68976
68976
68975
68975
68975
68975
68974
68974
68974
68974
68973
68973
68973
68973
68973
68972
68972
68972
68970
68970
68969
68968
68968
68968
68968
68967
68967
68967
68967
68966
68966
68966
68966
68965
68965
68965
68965
68965
68964
68964
68964
68962
68962
68962
68961
68961
68961
68961
68960
68960
68960
68960
68960
68959
68958
68957
68957
68957
68957
68956
68956
68956
68956
68955
68954
68954
68954
68953
68953
68953
68953
68952
68952
68952
68952
68951
68951
68951
68951
68949
68949
68947
68947
68947
68946
68946
68946
68946
68946
68945
68945
68945
68945
68944
68944
68942
68942
68942
68942
68941
68941
68941
68941
68941
68940
68940
68940
68939
68939
68939
68939
68939
68938
68938
68938
68938
68937
68937
68937
68937
68936
68936
68936
68936
68935
68935
68935
68935
68935
68934
68934
68934
68934
68933
68933
68933
68933
68932
68932
68932
68932
68931
68931
68931
68931
68930
68930
68930
68930
68930
68929
68929
68929
68929
68928
68928
68928
68928
68927
68927
68927
68927
68926
68926
68926
68926
68926
68925
68925
68925
68925
68924
68924
68924
68924
68923
68923
68923
68923
68922
68922
68922
68920
68918
68915
68914
68912
68911
68911
68910
68910
68910
68910
68909
68909
68909
68909
68908
68908
68908
68908
68907
68907
68907
68905
68905
68904
68904
68903
68903
68903
68902
68902
68902
68902
68901
68901
68901
68901
68901
68900
68900
68900
68900
68899
68899
68899
68897
68897
68897
68897
68896
68896
68896
68896
68895
68895
68895
68895
68894
68894
68894
68894
68894
68893
68893
68893
68893
68892
68892
68891
68890
68890
68890
68890
68889
68889
68889
68889
68888
68888
68888
68888
68887
68887
68886
68886
68884
68884
68884
68883
68883
68883
68883
68882
68882
68882
68882
68880
68880
68880
68879
68879
68879
68879
68878
68878
68878
68876
68876
68876
68876
68875
68875
68875
68875
68874
68874
68874
68874
68873
68873
68873
68873
68873
68872
68872
68872
68872
68871
68870
68870
68869
68869
68869
68869
68868
68868
68868
68868
68867
68867
68867
68867
68867
68866
68866
68866
68866
68865
68865
68865
68865
68864
68864
68864
68864
68863
68863
68863
68863
68862
68862
68862
68862
68862
68861
68861
68861
68861
68860
68860
68860
68860
68859
68859
68859
68859
68858
68858
68858
68858
68857
68857
68857
68857
68857
68856
68856
68856
68856
68855
68855
68855
68853
68851
68850
68849
68847
68845
68845
68845
68844
68844
68844
68844
68843
68843
68843
68843
68841
68841
68840
68839
68839
68839
68839
68838
68838
68838
68838
68837
68837
68837
68837
68837
68836
68836
68836
68836
68835
68835
68835
68833
68833
68833
68833
68833
68832
68832
68832
68832
68831
68831
68831
68831
68830
68830
68830
68830
68829
68829
68829
68829
68828
68828
68827
68827
68826
68826
68826
68826
68825
68825
68825
68825
68824
68824
68824
68824
68823
68822
68822
68820
68820
68820
68819
68819
68819
68819
68818
68817
68817
68816
68816
68816
68816
68815
68815
68815
68815
68814
68814
68814
68812
68812
68811
68810
68810
68810
68810
68809
68809
68809
68809
68809
68808
68808
68808
68808
68807
68807
68807
68807
68806
68806
68806
68806
68805
68805
68805
68805
68804
68804
68804
68804
68803
68803
68803
68803
68802
68802
68802
68802
68801
68801
68801
68801
68800
68800
68800
68800
68799
68799
68799
68799
68799
68798
68798
68798
68798
68797
68797
68797
68797
68796
68796
68796
68796
68795
68795
68795
68795
68794
68794
68794
68794
68794
68793
68793
68793
68793
68792
68792
68792
68792
68791
68791
68791
68791
68790
68790
68790
68790
68789
68789
68786
68785
68783
68781
68780
68778
68778
68778
68777
68777
68775
68775
68773
68773
68773
68773
68772
68772
68772
68772
68771
68771
68771
68771
68770
68770
68770
68770
68769
68769
68769
68769
68768
68767
68767
68766
68766
68766
68766
68765
68765
68765
68765
68764
68764
68764
68764
68764
68763
68763
68763
68763
68762
68762
68762
68761
68760
68760
68759
68759
68759
68759
68759
68758
68758
68758
68758
68757
68757
68757
68757
68755
68755
68754
68753
68753
68753
68753
68751
68751
68751
68750
68750
68750
68750
68749
68749
68749
68749
68748
68748
68748
68748
68747
68746
68746
68744
68744
68744
68744
68743
68743
68743
68743
68742
68742
68742
68742
68741
68741
68741
68741
68740
68740
68740
68740
68739
68739
68739
68739
68738
68738
68738
68738
68738
68737
68737
68737
68737
68736
68736
68736
68736
68735
68735
68735
68735
68734
68734
68734
68734
68733
68733
68733
68733
68732
68732
68732
68732
68731
68731
68731
68731
68731
68730
68730
68730
68730
68729
68729
68729
68729
68728
68728
68728
68728
68727
68727
68727
68727
68726
68726
68726
68726
68726
68725
68725
68725
68725
68724
68724
68724
68724
68723
68723
68723
68723
68722
68722
68722
68722
68721
68720
68718
68716
68715
68712
68711
68710
68709
68709
68709
68709
68708
68708
68708
68708
68707
68707
68707
68707
68706
68706
68706
68706
68706
68705
68705
68705
68703
68703
68703
68703
68702
68702
68702
68702
68701
68701
68701
68701
68700
68700
68700
68700
68699
68699
68699
68699
68698
68698
68698
68697
68696
68696
68696
68696
68695
68695
68695
68695
68694
68694
68694
68694
68693
68692
68691
68690
68689
68688
68687
68687
68687
68686
68686
68686
68686
68685
68685
68685
68685
68684
68684
68684
68684
68683
68683
68683
68683
68681
68681
68680
68679
68679
68679
68679
68678
68678
68678
68678
68677
68677
68677
68677
68676
68676
68676
68675
68675
68675
68675
68674
68674
68674
68674
68674
68673
68673
68673
68673
68672
68672
68672
68672
68671
68671
68671
68671
68670
68670
68670
68669
68669
68669
68669
68668
68668
68668
68668
68667
68667
68667
68667
68667
68666
68666
68666
68666
68665
68665
68665
68665
68664
68664
68664
68664
68663
68663
68663
68649
68649
68649
68649
68648
68648
68648
68648
68647
68647
68647
68647
68646
68646
68646
68646
68645
68645
68645
68645
68644
68644
68644
68644
68644
68643
68643
68643
68643
68642
68642
68641
68641
68641
68638
68636
68634
68633
68631
68630
68630
68629
68629
68629
68628
68628
68628
68628
68627
68627
68627
68627
68626
68626
68626
68625
68624
68624
68624
68623
68623
68623
68623
68622
68622
68622
68622
68621
68621
68621
68621
68620
68620
68620
68620
68619
68619
68619
68617
68617
68617
68617
68616
68616
68616
68616
68615
68615
68615
68615
68614
68614
68614
68612
68611
68610
68609
68609
68609
68609
68608
68608
68608
68608
68607
68607
68607
68607
68606
68606
68606
68606
68605
68605
68605
68605
68603
68603
68601
68601
68601
68601
68600
68600
68600
68600
68600
68599
68599
68599
68599
68598
68598
68598
68598
68597
68597
68597
68597
68595
68595
68595
68594
68594
68594
68594
68593
68593
68593
68593
68592
68592
68592
68592
68591
68591
68591
68591
68590
68590
68590
68590
68588
68588
68588
68588
68587
68587
68587
68587
68586
68586
68586
68586
68585
68585
68585
68585
68584
68584
68584
68584
68584
68583
68583
68583
68583
68582
68582
68582
68582
68581
68581
68581
68581
68580
68580
68580
68580
68579
68579
68579
68579
68578
68578
68578
68578
68578
68577
68577
68577
68577
68576
68576
68576
68576
68575
68575
68575
68575
68574
68574
68573
68572
68572
68572
68570
68569
68568
68565
68563
68561
68561
68561
68561
68560
68560
68560
68560
68559
68559
68558
68558
68557
68557
68557
68557
68556
68556
68556
68556
68555
68555
68555
68555
68554
68554
68554
68554
68553
68553
68553
68553
68552
68551
68551
68551
68550
68550
68550
68550
68549
68549
68549
68549
68548
68548
68547
68546
68545
68545
68543
68543
68543
68542
68542
68542
68542
68541
68541
68541
68541
68540
68540
68540
68540
68539
68539
68539
68539
68538
68538
68537
68536
68535
68535
68534
68534
68534
68534
68533
68533
68533
68533
68532
68532
68532
68531
68531
68531
68531
68530
68530
68530
68530
68528
68528
68528
68528
68527
68527
68527
68527
68526
68526
68526
68526
68526
68525
68525
68525
68525
68524
68524
68524
68524
68523
68523
68523
68523
68522
68522
68522
68522
68521
68521
68521
68521
68520
68520
68520
68520
68520
68519
68519
68519
68519
68518
68518
68518
68518
68517
68517
68517
68517
68516
68516
68516
68516
68515
68515
68515
68515
68515
68514
68514
68514
68514
68513
68513
68513
68513
68512
68512
68512
68512
68511
68511
68511
68511
68510
68510
68510
68510
68509
68508
68508
68507
68507
68507
68507
68507
68506
68506
68506
68506
68505
68505
68501
68500
68498
68497
68495
68494
68494
68493
68493
68491
68491
68491
68491
68490
68490
68490
68490
68489
68489
68489
68489
68488
68488
68488
68488
68487
68487
68487
68487
68486
68486
68486
68484
68484
68484
68483
68483
68483
68483
68482
68482
68482
68481
68480
68480
68480
68480
68478
68478
68477
68476
68476
68476
68476
68475
68475
68475
68475
68474
68474
68474
68474
68473
68473
68473
68473
68472
68472
68472
68472
68470
68470
68469
68468
68468
68468
68468
68467
68467
68467
68467
68466
68466
68466
68466
68465
68465
68465
68465
68464
68464
68464
68464
68462
68462
68462
68461
68461
68461
68461
68460
68460
68460
68460
68460
68459
68459
68459
68459
68458
68458
68458
68458
68457
68457
68457
68457
68456
68456
68456
68456
68455
68455
68455
68455
68454
68454
68454
68454
68453
68453
68453
68453
68452
68452
68452
68452
68451
68451
68451
68451
68450
68450
68450
68450
68449
68449
68449
68449
68449
68448
68448
68448
68448
68447
68447
68447
68447
68446
68446
68446
68446
68445
68445
68445
68445
68444
68444
68444
68444
68442
68442
68441
68441
68441
68441
68441
68440
68440
68440
68440
68439
68439
68439
68439
68438
68438
68438
68438
68437
68437
68437
68435
68434
68433
68430
68429
68427
68426
68426
68426
68426
68425
68425
68425
68425
68424
68424
68424
68424
68423
68423
68423
68423
68423
68422
68422
68422
68420
68420
68420
68420
68419
68419
68418
68417
68417
68417
68416
68416
68416
68416
68415
68414
68414
68412
68412
68412
68412
68411
68411
68411
68411
68410
68410
68410
68410
68409
68409
68409
68409
68408
68408
68408
68408
68407
68405
68404
68403
68403
68403
68402
68402
68402
68402
68401
68401
68401
68401
68400
68400
68400
68400
68399
68399
68399
68399
68398
68398
68397
68396
68396
68396
68396
68395
68395
68395
68395
68394
68394
68394
68394
68393
68393
68393
68393
68392
68392
68392
68392
68391
68391
68391
68391
68390
68390
68390
68390
68390
68389
68389
68389
68389
68388
68388
68388
68388
68387
68387
68387
68387
68386
68386
68386
68386
68385
68385
68385
68385
68384
68384
68384
68384
68383
68383
68383
68383
68383
68382
68382
68382
68382
68381
68381
68381
68381
68380
68380
68380
68380
68379
68379
68379
68377
68377
68377
68377
68376
68376
68376
68376
68375
68375
68375
68375
68374
68374
68374
68374
68373
68373
68373
68373
68372
68372
68372
68372
68371
68371
68371
68371
68370
68370
68370
68367
68366
68364
68362
68361
68360
68359
68359
68359
68358
68358
68358
68358
68357
68357
68357
68357
68356
68356
68356
68355
68354
68354
68354
68352
68352
68351
68351
68351
68351
68351
68350
68350
68350
68350
68348
68348
68347
68346
68346
68346
68346
68345
68345
68345
68345
68344
68344
68344
68344
68343
68343
68343
68343
68343
68342
68342
68342
68340
68340
68339
68338
68338
68338
68338
68337
68337
68337
68337
68336
68336
68336
68336
68336
68335
68335
68335
68335
68334
68334
68334
68332
68332
68332
68332
68331
68331
68331
68331
68330
68330
68330
68330
68329
68329
68329
68329
68328
68328
68328
68328
68328
68327
68327
68326
68325
68325
68325
68325
68324
68324
68324
68324
68323
68323
68323
68322
68322
68322
68322
68322
68321
68321
68321
68321
68320
68320
68320
68318
68318
68318
68318
68318
68317
68317
68317
68317
68316
68316
68316
68316
68315
68315
68315
68315
68314
68314
68314
68314
68313
68313
68313
68311
68311
68311
68310
68310
68310
68310
68310
68309
68309
68309
68309
68308
68308
68308
68308
68307
68307
68307
68307
68306
68306
68306
68306
68305
68305
68305
68305
68304
68304
68304
68304
68304
68303
68303
68303
68303
68302
68302
68302
68300
68299
68297
68296
68295
68293
68293
68293
68292
68292
68292
68292
68291
68291
68290
68288
68288
68288
68287
68287
68287
68287
68286
68286
68286
68286
68286
68285
68285
68284
68283
68282
68282
68281
68281
68281
68281
68280
68280
68280
68280
68279
68279
68279
68279
68279
68278
68278
68278
68278
68277
68277
68276
68275
68274
68274
68274
68273
68273
68273
68273
68272
68272
68272
68272
68271
68271
68271
68271
68270
68270
68270
68270
68269
68269
68268
68267
68267
68267
68267
68267
68266
68266
68266
68266
68265
68265
68265
68265
68264
68264
68264
68264
68263
68263
68263
68263
68262
68261
68261
68261
68260
68260
68260
68260
68259
68259
68259
68259
68258
68258
68258
68258
68257
68257
68257
68257
68256
68256
68256
68256
68255
68255
68255
68255
68255
68254
68254
68254
68254
68253
68253
68253
68253
68252
68252
68252
68252
68251
68251
68251
68251
68250
68249
68249
68249
68248
68248
68248
68247
68247
68247
68247
68246
68246
68246
68246
68245
68245
68245
68245
68244
68244
68244
68244
68244
68243
68243
68243
68243
68242
68242
68242
68242
68241
68241
68241
68241
68240
68240
68240
68240
68239
68239
68239
68239
68239
68238
68238
68238
68238
68237
68233
68231
68228
68227
68225
68224
68222
68222
68220
68220
68220
68219
68219
68219
68219
68218
68218
68218
68218
68217
68217
68217
68217
68215
68215
68214
68213
68213
68213
68213
68212
68212
68212
68212
68211
68211
68211
68211
68210
68210
68210
68210
68209
68209
68209
68209
68207
68207
68206
68205
68205
68205
68205
68204
68204
68204
68204
68203
68203
68203
68203
68202
68202
68202
68202
68201
68201
68201
68201
68199
68199
68199
68198
68198
68198
68198
68197
68197
68197
68197
68197
68196
68196
68196
68196
68195
68195
68195
68195
68194
68194
68194
68192
68192
68192
68192
68191
68191
68191
68191
68190
68190
68190
68190
68189
68189
68189
68189
68189
68188
68188
68188
68188
68187
68187
68187
68187
68186
68186
68186
68186
68185
68185
68185
68185
68184
68184
68184
68184
68183
68183
68183
68183
68182
68181
68181
68180
68180
68180
68180
68179
68179
68179
68179
68179
68178
68178
68178
68178
68177
68177
68177
68177
68176
68176
68176
68176
68175
68175
68175
68175
68174
68174
68174
68174
68173
68173
68173
68173
68172
68172
68172
68172
68172
68171
68171
68171
68171
68170
68170
68170
68170
68169
68169
68169
68169
68168
68168
68168
68168
68167
68167
68166
68164
68162
68160
68159
68157
68157
68157
68156
68156
68156
68156
68155
68155
68155
68155
68154
68153
68153
68137
68137
68137
68137
68136
68136
68136
68136
68135
68135
68135
68135
68134
68134
68134
68134
68133
68133
68133
68133
68133
68131
68131
68129
68129
68129
68129
68128
68128
68128
68128
68127
68127
68127
68127
68126
68126
68126
68126
68125
68125
68125
68125
68125
68123
68122
68121
68121
68121
68121
68120
68120
68120
68120
68119
68119
68119
68119
68118
68118
68118
68118
68117
68117
68117
68117
68117
68115
68115
68115
68114
68114
68114
68114
68113
68113
68113
68113
68112
68112
68112
68112
68112
68111
68111
68111
68111
68110
68109
68109
68108
68108
68108
68108
68107
68107
68107
68107
68106
68106
68106
68106
68106
68105
68105
68105
68102
68091
68091
68091
68091
68090
68090
68090
68090
68089
68089
68089
68089
68089
68088
68088
68088
68088
68087
68087
68087
68087
68086
68086
68086
68086
68085
68085
68085
68085
68085
68084
68084
68084
68084
68083
68083
68083
68083
68082
68082
68082
68082
68081
68081
68081
68081
68080
68080
68080
68080
68079
68079
68079
68079
68078
68078
68078
68078
68077
68077
68077
68077
68077
68076
68076
68076
68074
68072
68071
68069
68068
68066
68066
68066
68066
68065
68065
68064
68063
68062
68062
68062
68061
68061
68061
68061
68060
68060
68060
68060
68059
68059
68059
68059
68058
68058
68058
68058
68058
68057
68056
68055
68054
68054
68054
68053
68053
68053
68053
68052
68052
68052
68052
68051
68051
68051
68051
68050
68050
68050
68050
68049
68049
68048
68047
68047
68047
68047
68046
68046
68046
68046
68045
68045
68045
68045
68044
68044
68044
68044
68044
68043
68043
68043
68043
68042
68041
68041
68040
68040
68040
68040
68039
68039
68039
68039
68038
68038
68038
68038
68037
68037
68037
68037
68036
68036
68036
68034
68034
68033
68032
68032
68032
68032
68031
68031
68031
68031
68031
68030
68030
68030
68028
68028
68028
68028
68027
68027
68027
68027
68026
68026
68026
68026
68024
68024
68024
68023
68023
68023
68023
68022
68022
68022
68022
68022
68021
68021
68021
68020
68020
68020
68020
68019
68019
68019
68019
68019
68018
68018
68018
68018
68017
68017
68017
68017
68016
68016
68016
68016
68015
68015
68015
68015
68014
68014
68014
68014
68014
68013
68013
68013
68013
68012
68012
68012
68012
68011
68011
68011
68011
68010
68010
68010
68010
68010
68009
68009
68008
68006
68005
68003
68002
67999
67999
67998
67997
67997
67997
67997
67997
67996
67996
67996
67996
67995
67995
67995
67995
67994
67994
67994
67994
67993
67993
67993
67991
67991
67990
67989
67989
67989
67988
67988
67988
67988
67987
67987
67987
67987
67986
67986
67986
67986
67985
67985
67985
67985
67984
67983
67983
67982
67982
67982
67982
67981
67981
67981
67981
67981
67980
67980
67980
67980
67979
67979
67979
67979
67978
67978
67978
67978
67976
67976
67976
67976
67975
67975
67975
67975
67974
67974
67974
67974
67973
67973
67973
67973
67972
67972
67972
67972
67971
67970
67970
67968
67968
67968
67967
67967
67967
67967
67966
67966
67966
67964
67963
67963
67963
67963
67962
67962
67962
67962
67961
67961
67961
67960
67960
67960
67960
67959
67959
67959
67959
67959
67958
67958
67958
67958
67957
67957
67957
67957
67956
67956
67956
67956
67955
67955
67955
67955
67955
67954
67954
67954
67954
67953
67953
67953
67953
67952
67952
67952
67952
67951
67951
67951
67951
67950
67950
67950
67950
67950
67949
67949
67949
67949
67948
67948
67948
67948
67947
67947
67947
67947
67946
67946
67946
67946
67945
67945
67945
67945
67945
67944
67944
67944
67944
67943
67940
67938
67936
67935
67932
67930
67930
67930
67930
67929
67929
67929
67929
67928
67928
67928
67928
67928
67927
67927
67927
67927
67925
67925
67923
67923
67923
67922
67922
67922
67922
67921
67921
67921
67921
67920
67920
67920
67920
67920
67919
67919
67919
67919
67918
67917
67916
67916
67916
67916
67915
67915
67915
67915
67914
67914
67914
67914
67913
67913
67913
67913
67912
67912
67912
67912
67912
67911
67910
67909
67909
67909
67909
67908
67908
67908
67908
67908
67907
67907
67907
67907
67906
67906
67906
67906
67905
67905
67905
67903
67903
67902
67901
67901
67901
67901
67900
67900
67899
67898
67898
67898
67898
67897
67897
67897
67897
67896
67896
67896
67896
67895
67895
67895
67895
67895
67894
67894
67894
67894
67893
67893
67893
67893
67892
67892
67892
67892
67891
67891
67891
67891
67891
67890
67890
67890
67890
67889
67889
67889
67889
67888
67888
67888
67888
67887
67887
67887
67887
67887
67886
67886
67886
67886
67885
67885
67885
67885
67884
67884
67883
67883
67883
67883
67882
67882
67882
67882
67882
67881
67881
67881
67881
67880
67880
67880
67880
67879
67879
67879
67879
67878
67878
67878
67878
67878
67877
67877
67877
67877
67876
67876
67874
67871
67870
67869
67867
67866
67865
67865
67865
67865
67865
67864
67864
67864
67864
67863
67862
67862
67860
67860
67860
67860
67859
67859
67859
67859
67858
67858
67858
67858
67857
67857
67857
67857
67856
67856
67856
67856
67855
67854
67854
67853
67853
67853
67853
67853
67852
67851
67851
67851
67851
67851
67850
67850
67850
67850
67849
67849
67849
67849
67848
67848
67847
67846
67845
67845
67845
67844
67844
67844
67844
67843
67843
67843
67843
67842
67842
67842
67841
67841
67841
67841
67841
67839
67839
67837
67837
67837
67837
67834
67834
67834
67834
67833
67833
67833
67833
67832
67832
67832
67830
67830
67830
67830
67829
67829
67829
67829
67828
67828
67828
67828
67827
67827
67827
67827
67826
67826
67826
67826
67825
67825
67825
67825
67824
67824
67824
67824
67824
67823
67823
67823
67823
67822
67822
67822
67822
67821
67821
67821
67821
67820
67820
67820
67820
67819
67819
67819
67819
67819
67818
67818
67818
67818
67817
67817
67817
67817
67816
67816
67816
67816
67815
67815
67815
67815
67814
67814
67814
67814
67814
67813
67813
67813
67813
67812
67812
67812
67812
67811
67811
67811
67811
67810
67810
67810
67810
67809
67809
67809
67809
67808
67807
67806
67804
67803
67801
67799
67799
67799
67799
67798
67797
67797
67795
67795
67795
67795
67794
67794
67794
67794
67793
67793
67793
67793
67792
67792
67792
67792
67791
67791
67791
67791
67790
67789
67789
67788
67788
67788
67788
67787
67787
67787
67787
67786
67786
67786
67786
67785
67785
67785
67785
67785
67784
67784
67784
67784
67782
67782
67782
67781
67781
67781
67781
67780
67780
67780
67780
67779
67779
67779
67779
67778
67778
67778
67778
67778
67777
67776
67775
67774
67773
67772
67772
67772
67771
67771
67771
67771
67770
67770
67770
67770
67770
67769
67768
67767
67766
67766
67765
67765
67765
67765
67764
67764
67764
67764
67763
67763
67763
67763
67762
67762
67762
67762
67761
67761
67761
67761
67760
67760
67760
67760
67760
67759
67759
67759
67759
67758
67757
67756
67756
67756
67756
67755
67755
67755
67755
67754
67754
67754
67754
67753
67753
67753
67753
67752
67752
67752
67752
67751
67751
67751
67751
67751
67750
67750
67750
67750
67749
67749
67749
67749
67748
67748
67748
67748
67747
67747
67747
67747
67746
67746
67746
67746
67745
67745
67745
67745
67745
67744
67744
67744
67744
67743
67743
67743
67743
67742
67742
67742
67742
67741
67740
67738
67737
67736
67733
67731
67730
67730
67730
67729
67729
67729
67729
67728
67728
67728
67728
67727
67727
67727
67727
67727
67726
67726
67726
67726
67725
67724
67724
67723
67723
67723
67723
67722
67722
67722
67722
67721
67721
67721
67721
67720
67720
67720
67720
67720
67719
67719
67719
67719
67717
67717
67717
67716
67716
67716
67716
67715
67715
67715
67715
67714
67714
67714
67714
67713
67713
67713
67713
67712
67712
67709
67709
67708
67707
67707
67707
67707
67706
67706
67706
67706
67705
67705
67705
67705
67705
67704
67702
67702
67700
67700
67699
67699
67699
67698
67698
67698
67698
67697
67697
67697
67697
67696
67696
67696
67696
67695
67695
67695
67695
67694
67694
67694
67694
67693
67693
67693
67693
67693
67692
67692
67692
67692
67691
67691
67691
67691
67690
67690
67690
67690
67689
67689
67689
67689
67689
67688
67688
67688
67688
67687
67687
67687
67687
67686
67686
67686
67686
67685
67685
67685
67685
67685
67684
67684
67684
67684
67683
67683
67683
67683
67682
67682
67682
67682
67681
67681
67681
67681
67681
67680
67680
67680
67680
67679
67679
67679
67679
67678
67678
67678
67678
67677
67677
67677
67677
67676
67676
67676
67676
67675
67672
67670
67669
67668
67666
67665
67664
67664
67664
67664
67664
67663
67663
67663
67663
67662
67662
67662
67662
67661
67661
67660
67659
67659
67659
67659
67658
67658
67658
67658
67658
67657
67657
67657
67657
67656
67656
67656
67656
67655
67655
67655
67655
67654
67653
67653
67652
67652
67652
67652
67651
67651
67651
67651
67650
67650
67650
67650
67649
67649
67649
67649
67647
67647
67646
67645
67645
67643
67643
67643
67642
67642
67642
67642
67641
67641
67641
67641
67640
67640
67640
67640
67638
67638
67637
67637
67636
67636
67636
67636
67635
67635
67635
67635
67634
67634
67634
67634
67633
67633
67633
67633
67632
67632
67632
67631
67630
67630
67630
67630
67629
67629
67629
67629
67628
67628
67628
67628
67627
67627
67627
67627
67626
67626
67626
67626
67626
67625
67625
67625
67625
67624
67624
67624
67624
67623
67623
67623
67623
67622
67622
67622
67622
67622
67621
67621
67621
67621
67620
67620
67620
67619
67619
67619
67619
67618
67618
67618
67618
67618
67617
67617
67617
67617
67616
67616
67616
67616
67615
67615
67615
67615
67614
67614
67614
67614
67613
67613
67613
67613
67612
67612
67612
67612
67611
67611
67611
67611
67610
67610
67608
67608
67607
67605
67604
67602
67601
67599
67599
67599
67599
67598
67598
67598
67598
67597
67597
67596
67595
67595
67595
67594
67594
67594
67594
67593
67593
67593
67593
67593
67592
67592
67592
67592
67591
67591
67591
67591
67590
67590
67589
67588
67588
67588
67588
67587
67587
67587
67587
67586
67586
67586
67586
67585
67585
67584
67583
67583
67583
67583
67582
67581
67581
67579
67579
67579
67577
67577
67577
67576
67576
67576
67575
67575
67575
67575
67574
67574
67572
67571
67570
67570
67570
67569
67569
67569
67569
67568
67568
67568
67568
67567
67567
67567
67566
67566
67566
67566
67565
67565
67565
67563
67563
67563
67562
67562
67562
67562
67561
67561
67561
67561
67561
67560
67560
67560
67560
67559
67559
67559
67559
67558
67558
67558
67558
67557
67557
67557
67557
67556
67556
67556
67556
67555
67555
67555
67555
67554
67554
67554
67554
67554
67553
67553
67553
67553
67552
67552
67552
67552
67551
67551
67551
67551
67550
67550
67550
67550
67549
67549
67549
67549
67548
67548
67548
67548
67548
67547
67547
67547
67547
67546
67546
67546
67546
67545
67545
67545
67545
67544
67544
67544
67544
67542
67542
67542
67541
67541
67541
67541
67540
67540
67540
67540
67538
67537
67535
67534
67533
67531
67531
67530
67530
67529
67529
67528
67528
67528
67527
67527
67527
67527
67526
67526
67526
67526
67525
67525
67525
67525
67524
67524
67524
67524
67524
67523
67522
67522
67521
67521
67521
67521
67520
67520
67520
67520
67519
67519
67518
67517
67517
67517
67517
67516
67516
67516
67516
67514
67514
67513
67512
67512
67512
67512
67511
67511
67511
67511
67510
67510
67510
67510
67509
67509
67508
67507
67506
67506
67505
67505
67505
67505
67504
67504
67504
67504
67503
67503
67503
67502
67502
67502
67502
67501
67501
67501
67501
67499
67499
67499
67498
67498
67498
67498
67497
67497
67497
67497
67496
67496
67496
67496
67495
67495
67495
67495
67494
67494
67494
67494
67493
67493
67493
67493
67493
67492
67492
67492
67492
67491
67491
67491
67489
67489
67489
67488
67488
67488
67488
67487
67487
67487
67487
67486
67486
67486
67486
67486
67485
67485
67485
67485
67484
67484
67484
67484
67483
67483
67483
67483
67482
67482
67482
67482
67481
67481
67481
67481
67480
67480
67480
67480
67479
67479
67479
67479
67477
67477
67477
67476
67476
67476
67475
67475
67475
67475
67474
67474
67474
67474
67473
67473
67473
67473
67472
67472
67470
67468
67467
67465
67463
67462
67461
67461
67461
67461
67460
67460
67460
67460
67459
67459
67459
67459
67458
67458
67458
67458
67457
67457
67457
67457
67455
67455
67455
67454
67454
67454
67454
67453
67453
67452
67452
67451
67451
67451
67451
67450
67450
67450
67450
67449
67449
67448
67447
67446
67446
67446
67445
67445
67445
67445
67444
67444
67444
67444
67444
67443
67443
67443
67440
67440
67439
67438
67438
67438
67437
67437
67437
67437
67437
67436
67436
67436
67436
67435
67435
67435
67435
67434
67434
67434
67434
67432
67432
67432
67431
67431
67431
67431
67430
67430
67430
67430
67430
67429
67429
67429
67429
67428
67428
67428
67428
67427
67427
67427
67427
67426
67426
67426
67426
67426
67425
67425
67425
67425
67424
67424
67424
67424
67423
67423
67423
67423
67422
67422
67422
67422
67422
67421
67421
67421
67421
67420
67420
67420
67420
67419
67419
67419
67419
67418
67418
67418
67418
67418
67417
67417
67417
67417
67416
67416
67416
67416
67415
67415
67415
67415
67414
67413
67413
67412
67412
67412
67412
67411
67411
67411
67411
67410
67410
67410
67410
67409
67409
67409
67409
67409
67408
67408
67408
67408
67407
67407
67407
67407
67406
67406
67404
67402
67401
67399
67398
67396
67396
67396
67396
67395
67395
67395
67395
67394
67394
67394
67394
67394
67393
67393
67392
67391
67391
67391
67391
67390
67389
67389
67388
67388
67388
67388
67387
67387
67387
67387
67386
67386
67386
67386
67386
67384
67384
67382
67382
67382
67382
67381
67381
67381
67381
67380
67380
67380
67380
67379
67379
67379
67378
67377
67376
67376
67376
67375
67375
67375
67375
67374
67374
67374
67374
67373
67373
67373
67373
67372
67372
67372
67372
67371
67371
67370
67369
67369
67369
67369
67369
67368
67368
67368
67368
67367
67367
67367
67367
67366
67366
67366
67366
67365
67365
67365
67365
67364
67363
67363
67362
67362
67362
67362
67361
67361
67361
67361
67360
67360
67360
67360
67359
67359
67359
67359
67358
67358
67358
67358
67358
67357
67357
67357
67357
67356
67356
67356
67356
67355
67355
67355
67355
67354
67354
67354
67354
67353
67353
67353
67353
67353
67352
67352
67352
67352
67351
67351
67349
67349
67349
67349
67348
67348
67348
67348
67347
67347
67347
67347
67346
67346
67346
67346
67345
67345
67345
67345
67345
67344
67344
67344
67344
67343
67343
67343
67343
67342
67342
67342
67342
67341
67341
67341
67341
67340
67339
67337
67336
67334
67333
67331
67331
67331
67331
67330
67330
67330
67330
67330
67328
67328
67328
67326
67325
67325
67325
67325
67324
67324
67324
67324
67323
67323
67323
67323
67323
67322
67322
67322
67322
67320
67320
67318
67318
67318
67317
67317
67317
67317
67316
67316
67316
67316
67316
67315
67315
67315
67313
67313
67311
67310
67310
67310
67310
67309
67309
67309
67309
67308
67307
67307
67306
67306
67306
67306
67305
67305
67305
67305
67304
67303
67303
67302
67302
67302
67302
67302
67301
67301
67301
67301
67300
67300
67300
67300
67299
67299
67299
67299
67298
67298
67298
67298
67296
67296
67296
67295
67295
67295
67295
67295
67294
67294
67294
67294
67293
67293
67293
67293
67292
67292
67292
67292
67291
67291
67291
67291
67290
67290
67290
67290
67289
67289
67289
67289
67289
67288
67288
67288
67287
67287
67287
67287
67287
67286
67286
67286
67286
67285
67285
67284
67283
67283
67283
67283
67282
67282
67282
67282
67281
67281
67281
67281
67280
67280
67280
67280
67279
67279
67279
67279
67278
67278
67278
67278
67278
67277
67277
67277
67277
67276
67276
67276
67276
67275
67275
67275
67275
67274
67274
67274
67274
67273
67273
67273
67273
67273
67271
67269
67268
67267
67265
67263
67263
67263
67261
67260
67260
67260
67259
67259
67259
67259
67259
67258
67258
67258
67258
67257
67257
67257
67257
67256
67256
67256
67256
67254
67254
67252
67252
67252
67252
67251
67251
67251
67251
67250
67250
67250
67250
67249
67249
67249
67247
67247
67246
67245
67245
67245
67245
67244
67244
67243
67243
67243
67243
67243
67242
67242
67242
67242
67241
67241
67241
67241
67240
67239
67239
67238
67238
67238
67238
67237
67237
67237
67237
67237
67236
67236
67236
67236
67235
67235
67235
67235
67234
67234
67234
67234
67232
67232
67232
67231
67231
67231
67231
67230
67230
67230
67230
67229
67229
67229
67229
67229
67228
67228
67228
67228
67227
67227
67227
67227
67226
67226
67226
67226
67225
67225
67225
67225
67224
67224
67224
67224
67222
67222
67222
67222
67221
67221
67221
67221
67219
67219
67219
67218
67218
67218
67218
67217
67217
67217
67217
67216
67216
67216
67216
67215
67215
67215
67215
67214
67214
67214
67214
67213
67213
67213
67213
67213
67212
67212
67212
67212
67211
67211
67211
67211
67210
67210
67210
67210
67209
67209
67209
67209
67209
67208
67208
67208
67208
67207
67207
67207
67207
67206
67206
67206
67204
67203
67201
67199
67197
67196
67195
67195
67195
67195
67194
67194
67194
67194
67193
67193
67193
67193
67192
67192
67192
67192
67192
67190
67190
67188
67188
67188
67187
67187
67187
67187
67186
67186
67186
67186
67186
67185
67185
67185
67183
67183
67181
67180
67180
67180
67180
67179
67179
67179
67179
67178
67178
67178
67178
67177
67177
67177
67177
67176
67176
67176
67176
67174
67174
67174
67174
67173
67173
67173
67173
67172
67172
67172
67172
67171
67171
67171
67171
67170
67170
67170
67170
67169
67169
67169
67167
67167
67167
67167
67166
67166
67166
67166
67166
67165
67165
67165
67165
67164
67164
67164
67164
67163
67163
67163
67163
67161
67161
67161
67161
67160
67160
67160
67160
67159
67159
67159
67159
67158
67158
67158
67158
67157
67157
67157
67157
67155
67155
67155
67154
67154
67154
67154
67153
67153
67153
67153
67138
67138
67138
67137
67137
67137
67137
67136
67136
67136
67136
67135
67135
67135
67135
67134
67134
67134
67134
67133
67133
67133
67133
67133
67132
67132
67132
67132
67131
67131
67131
67131
67130
67130
67130
67130
67129
67129
67129
67129
67128
67128
67128
67128
67128
67127
67127
67127
67127
67126
67126
67126
67126
67125
67122
67121
67120
67118
67117
67115
67115
67115
67114
67114
67114
67114
67113
67113
67113
67113
67112
67111
67110
67109
67109
67108
67108
67107
67107
67104
67104
67103
67103
67103
67102
67102
67102
67102
67099
67099
67097
67096
67096
67095
67094
67094
67093
67093
67092
67092
67092
67091
67091
67091
67090
67090
67090
67089
67089
67089
67088
67087
67086
67086
67085
67085
67085
67084
67084
67083
67083
67083
67082
67081
67081
67081
67080
67080
67080
67079
67079
67078
67078
67078
67075
67075
67075
67074
67074
67073
67073
67073
67072
67072
67072
67072
67071
67071
67071
67070
67070
67070
67069
67069
67069
67067
67067
67065
67065
67064
67064
67064
67063
67063
67063
67062
67062
67062
67061
67061
67061
67061
67059
67058
67058
67058
67057
67057
67057
67056
67056
67056
67055
67055
67054
67053
67053
67053
67052
67052
67052
67051
67051
67051
67050
67050
67050
67049
67049
67049
67048
67048
67048
67047
67047
67047
67046
67046
67045
67045
67045
67044
67044
67044
67044
67043
67043
67043
67042
67042
67042
67041
67041
67041
67040
67040
67040
67040
67039
67039
67039
67039
67038
67038
67038
67038
67037
67037
67036
67036
67036
67036
67036
67035
67035
67035
67033
67032
67030
67029
67027
67025
67025
67024
67024
67024
67024
67022
67022
67020
67020
67020
67020
67019
67019
67019
67018
67018
67018
67018
67017
67017
67017
67017
67015
67015
67013
67013
67013
67013
67012
67012
67012
67012
67011
67011
67011
67011
67010
67010
67010
67010
67009
67009
67009
67009
67008
67006
67005
67005
67005
67005
67004
67004
67004
67004
67003
67003
67003
67003
67001
67001
67001
67000
67000
67000
67000
66999
66999
66999
66997
66997
66997
66997
66996
66996
66996
66996
66995
66995
66995
66995
66994
66994
66994
66994
66993
66993
66993
66993
66992
66991
66991
66989
66989
66989
66989
66988
66988
66988
66988
66987
66987
66987
66987
66985
66985
66984
66984
66984
66984
66983
66983
66983
66983
66983
66982
66982
66982
66982
66981
66981
66981
66981
66980
66980
66980
66980
66979
66979
66979
66979
66978
66978
66978
66978
66977
66977
66977
66977
66976
66976
66976
66976
66975
66975
66975
66975
66975
66974
66974
66974
66974
66973
66973
66973
66973
66972
66972
66972
66972
66971
66971
66971
66971
66970
66970
66970
66970
66969
66969
66969
66969
66968
66968
66968
66968
66968
66967
66967
66967
66966
66966
66966
66966
66965
66965
66965
66963
66962
66961
66959
66958
66955
66955
66954
66954
66953
66953
66953
66953
66952
66952
66952
66952
66951
66951
66951
66951
66950
66949
66949
66947
66947
66947
66947
66946
66946
66946
66946
66945
66945
66945
66945
66944
66944
66944
66944
66943
66943
66943
66943
66942
66941
66941
66940
66940
66940
66940
66939
66939
66939
66938
66938
66938
66938
66937
66937
66937
66937
66937
66936
66936
66936
66936
66935
66934
66934
66933
66933
66933
66933
66932
66932
66932
66932
66931
66931
66931
66931
66930
66930
66930
66930
66929
66929
66929
66927
66927
66926
66925
66925
66925
66925
66924
66924
66924
66924
66922
66922
66921
66921
66921
66921
66920
66920
66920
66920
66919
66919
66919
66919
66918
66918
66918
66918
66917
66917
66917
66917
66916
66916
66916
66916
66916
66915
66914
66913
66913
66913
66913
66912
66912
66912
66912
66911
66911
66911
66911
66910
66910
66910
66910
66909
66909
66909
66909
66909
66908
66908
66908
66908
66907
66907
66907
66907
66906
66906
66906
66906
66905
66905
66905
66905
66904
66904
66904
66904
66903
66903
66903
66903
66903
66902
66902
66902
66902
66901
66901
66901
66901
66900
66900
66900
66900
66899
66899
66899
66899
66898
66897
66894
66893
66891
66890
66888
66888
66888
66888
66887
66887
66887
66887
66886
66886
66886
66885
66884
66883
66883
66882
66882
66882
66882
66881
66881
66881
66881
66881
66880
66880
66880
66880
66879
66879
66879
66879
66878
66878
66875
66875
66875
66875
66874
66874
66874
66874
66873
66873
66873
66873
66872
66872
66872
66872
66872
66871
66871
66871
66871
66870
66870
66868
66868
66868
66868
66867
66867
66867
66867
66866
66866
66866
66866
66866
66865
66865
66865
66865
66864
66864
66864
66864
66862
66862
66860
66860
66860
66860
66859
66859
66858
66857
66857
66857
66857
66856
66856
66856
66856
66855
66855
66855
66855
66854
66854
66853
66852
66852
66852
66852
66851
66851
66851
66851
66850
66850
66850
66850
66850
66849
66849
66849
66849
66848
66848
66848
66848
66847
66847
66847
66847
66846
66846
66846
66846
66845
66845
66845
66845
66844
66844
66844
66844
66844
66843
66843
66843
66843
66842
66842
66842
66842
66841
66841
66841
66841
66840
66840
66840
66840
66839
66839
66839
66839
66838
66838
66838
66838
66838
66837
66837
66837
66837
66836
66836
66836
66836
66835
66835
66835
66835
66834
66834
66834
66834
66833
66833
66833
66833
66832
66832
66829
66828
66826
66825
66823
66822
66822
66821
66821
66821
66819
66819
66818
66817
66817
66817
66817
66816
66816
66816
66816
66816
66815
66815
66815
66815
66814
66814
66814
66814
66813
66813
66813
66811
66811
66811
66811
66810
66810
66810
66810
66809
66809
66809
66808
66808
66808
66808
66808
66807
66807
66807
66807
66806
66806
66806
66804
66804
66804
66804
66803
66803
66803
66803
66802
66802
66802
66802
66801
66801
66801
66801
66801
66800
66800
66800
66800
66798
66798
66796
66796
66796
66794
66794
66794
66794
66793
66793
66793
66793
66792
66792
66792
66792
66791
66791
66791
66791
66790
66790
66789
66789
66787
66787
66787
66786
66786
66786
66786
66785
66785
66785
66785
66784
66784
66784
66784
66783
66783
66783
66783
66783
66782
66782
66782
66782
66781
66781
66781
66781
66780
66780
66780
66780
66779
66779
66779
66779
66778
66778
66778
66778
66778
66777
66777
66777
66777
66776
66776
66776
66776
66775
66775
66775
66774
66774
66774
66774
66773
66773
66773
66773
66772
66772
66772
66772
66772
66771
66771
66771
66771
66770
66770
66770
66770
66769
66769
66769
66769
66768
66768
66768
66768
66768
66767
66767
66767
66767
66766
66766
66766
66766
66764
66762
66761
66760
66757
66755
66754
66754
66753
66753
66753
66753
66752
66752
66752
66752
66751
66751
66751
66751
66750
66750
66750
66750
66749
66749
66749
66748
66747
66747
66747
66747
66746
66746
66746
66746
66745
66745
66745
66745
66744
66744
66744
66744
66743
66743
66743
66743
66742
66742
66739
66739
66739
66738
66738
66738
66738
66737
66737
66737
66737
66737
66736
66736
66735
66734
66734
66734
66734
66733
66733
66732
66731
66729
66729
66728
66728
66727
66727
66727
66727
66726
66726
66726
66726
66725
66725
66725
66725
66724
66724
66724
66724
66723
66722
66722
66720
66720
66720
66720
66719
66719
66719
66719
66718
66718
66718
66718
66717
66717
66717
66717
66716
66716
66716
66716
66715
66715
66715
66715
66715
66714
66714
66714
66714
66713
66713
66713
66713
66712
66712
66712
66712
66711
66711
66711
66711
66710
66710
66710
66710
66710
66709
66709
66709
66709
66708
66708
66708
66708
66707
66707
66707
66707
66706
66706
66706
66706
66705
66705
66705
66705
66705
66704
66704
66704
66704
66703
66703
66703
66703
66702
66702
66702
66702
66701
66701
66701
66701
66700
66700
66700
66700
66699
66699
66699
66699
66698
66698
66698
66698
66698
66694
66693
66691
66688
66686
66685
66685
66685
66684
66684
66684
66684
66683
66683
66683
66683
66683
66682
66682
66682
66682
66680
66680
66680
66679
66679
66679
66679
66678
66678
66678
66678
66677
66677
66677
66677
66676
66676
66676
66676
66675
66675
66675
66675
66673
66673
66673
66673
66672
66672
66672
66672
66671
66671
66671
66670
66670
66670
66670
66670
66669
66669
66669
66669
66667
66665
66665
66664
66663
66663
66663
66663
66662
66662
66662
66662
66662
66661
66661
66661
66661
66660
66660
66660
66660
66659
66659
66659
66657
66657
66656
66655
66655
66655
66655
66654
66654
66654
66654
66653
66653
66653
66653
66652
66652
66652
66652
66652
66651
66651
66651
66651
66650
66650
66650
66650
66649
66649
66649
66649
66648
66648
66648
66648
66647
66647
66647
66646
66645
66645
66644
66644
66644
66644
66643
66643
66643
66643
66642
66642
66642
66642
66641
66641
66641
66641
66641
66640
66640
66640
66640
66639
66639
66639
66639
66638
66638
66638
66638
66637
66637
66637
66637
66636
66636
66636
66636
66636
66635
66635
66635
66635
66634
66634
66634
66634
66633
66633
66633
66633
66632
66632
66632
66632
66631
66631
66631
66631
66630
66630
66630
66630
66627
66626
66624
66623
66621
66619
66619
66619
66618
66618
66618
66618
66617
66617
66617
66615
66615
66615
66614
66614
66614
66613
66613
66613
66613
66613
66612
66612
66612
66612
66611
66611
66611
66611
66610
66610
66610
66610
66607
66607
66607
66607
66606
66606
66606
66606
66605
66605
66605
66605
66604
66604
66604
66604
66603
66602
66602
66602
66601
66600
66599
66598
66598
66598
66597
66597
66597
66597
66596
66596
66596
66596
66595
66595
66595
66595
66594
66594
66594
66594
66594
66593
66592
66592
66590
66590
66590
66589
66589
66589
66589
66588
66588
66588
66588
66587
66587
66587
66587
66585
66585
66584
66584
66584
66584
66583
66583
66583
66583
66582
66582
66582
66582
66582
66581
66581
66581
66581
66580
66580
66580
66580
66579
66579
66579
66579
66578
66578
66578
66578
66577
66577
66577
66577
66576
66576
66576
66576
66575
66575
66575
66575
66574
66574
66574
66574
66573
66573
66573
66573
66572
66572
66572
66572
66572
66571
66571
66571
66571
66570
66570
66570
66570
66569
66569
66569
66569
66568
66568
66568
66568
66567
66567
66567
66567
66566
66566
66566
66566
66565
66565
66565
66564
66563
66563
66562
66562
66562
66562
66562
66561
66561
66558
66557
66555
66554
66552
66551
66551
66550
66550
66549
66549
66548
66548
66548
66547
66547
66547
66547
66546
66546
66546
66546
66545
66545
66545
66545
66544
66544
66544
66544
66543
66543
66542
66542
66541
66541
66541
66541
66540
66540
66540
66540
66539
66539
66539
66539
66537
66537
66537
66536
66536
66536
66536
66534
66534
66533
66532
66532
66532
66532
66531
66531
66531
66531
66530
66530
66530
66530
66529
66529
66529
66529
66529
66528
66528
66528
66526
66526
66525
66524
66524
66524
66524
66523
66523
66523
66523
66522
66522
66522
66522
66521
66521
66520
66519
66519
66519
66519
66519
66518
66518
66518
66518
66517
66517
66517
66517
66516
66516
66516
66516
66515
66515
66515
66515
66514
66514
66514
66514
66514
66513
66513
66513
66513
66512
66512
66512
66512
66511
66511
66511
66510
66510
66510
66510
66509
66509
66509
66509
66509
66508
66508
66508
66508
66507
66507
66507
66507
66506
66506
66506
66506
66505
66505
66505
66505
66504
66504
66504
66504
66503
66503
66503
66503
66502
66502
66502
66502
66501
66501
66501
66501
66500
66500
66499
66499
66498
66498
66498
66498
66497
66497
66497
66497
66496
66496
66482
66482
66481
66481
66481
66481
66479
66477
66476
66473
66472
66470
66470
66469
66469
66469
66469
66468
66468
66468
66468
66467
66467
66467
66467
66466
66466
66466
66466
66465
66465
66465
66462
66462
66462
66462
66461
66461
66461
66461
66460
66460
66460
66458
66458
66458
66458
66457
66457
66457
66457
66456
66456
66454
66454
66453
66453
66452
66452
66452
66452
66451
66451
66451
66451
66450
66450
66450
66450
66450
66448
66448
66448
66447
66447
66447
66445
66445
66444
66443
66443
66442
66442
66442
66442
66442
66441
66441
66441
66440
66440
66440
66440
66438
66438
66438
66438
66437
66437
66437
66437
66436
66436
66436
66436
66435
66435
66435
66435
66434
66434
66434
66434
66433
66433
66433
66433
66432
66432
66432
66432
66432
66431
66431
66431
66431
66430
66430
66430
66430
66429
66429
66429
66429
66428
66428
66428
66428
66427
66427
66427
66427
66426
66426
66426
66426
66426
66425
66425
66425
66425
66424
66424
66424
66424
66423
66423
66423
66423
66422
66422
66422
66422
66421
66421
66421
66421
66420
66420
66420
66420
66418
66418
66418
66417
66417
66417
66417
66416
66416
66416
66416
66415
66415
66415
66415
66414
66414
66414
66414
66413
66413
66413
66413
66412
66412
66412
66412
66410
66409
66407
66406
66404
66401
66401
66401
66401
66400
66400
66400
66400
66399
66399
66399
66399
66398
66398
66398
66396
66396
66396
66396
66395
66395
66395
66395
66393
66393
66393
66392
66392
66392
66392
66391
66391
66391
66391
66390
66390
66389
66389
66387
66387
66386
66386
66386
66386
66385
66385
66385
66385
66384
66384
66384
66384
66384
66383
66383
66383
66383
66382
66382
66381
66380
66379
66379
66378
66378
66378
66378
66378
66377
66377
66377
66377
66376
66376
66376
66376
66374
66374
66374
66373
66373
66373
66373
66372
66372
66372
66372
66371
66371
66371
66371
66371
66370
66370
66370
66370
66369
66369
66369
66367
66367
66367
66367
66366
66366
66366
66366
66365
66365
66365
66365
66364
66364
66364
66364
66364
66363
66363
66363
66363
66362
66362
66362
66360
66360
66359
66359
66359
66359
66358
66358
66358
66358
66358
66357
66357
66357
66357
66356
66356
66356
66356
66355
66355
66355
66355
66354
66354
66354
66354
66353
66352
66352
66351
66351
66351
66351
66350
66350
66350
66350
66349
66349
66349
66349
66348
66348
66348
66348
66348
66347
66347
66347
66347
66346
66346
66346
66346
66345
66345
66345
66345
66344
66344
66344
66344
66343
66342
66340
66339
66338
66336
66335
66334
66334
66334
66334
66333
66333
66333
66333
66330
66330
66330
66329
66329
66328
66327
66327
66327
66327
66326
66326
66326
66326
66326
66325
66325
66325
66325
66324
66324
66322
66322
66321
66320
66320
66320
66320
66319
66319
66319
66319
66319
66318
66318
66318
66318
66317
66317
66317
66317
66316
66316
66316
66314
66314
66313
66312
66312
66312
66312
66311
66311
66311
66311
66310
66310
66310
66310
66309
66309
66308
66307
66307
66307
66307
66306
66306
66306
66306
66305
66305
66305
66305
66305
66304
66304
66304
66304
66303
66303
66303
66303
66302
66301
66301
66300
66300
66300
66300
66299
66299
66299
66299
66299
66298
66298
66298
66298
66297
66297
66297
66297
66296
66296
66296
66296
66295
66295
66295
66295
66294
66294
66294
66294
66293
66293
66293
66293
66293
66292
66292
66292
66292
66291
66291
66291
66291
66290
66290
66290
66290
66289
66288
66287
66287
66287
66286
66286
66286
66286
66285
66285
66285
66285
66284
66284
66284
66284
66283
66283
66283
66282
66282
66282
66281
66281
66281
66281
66280
66280
66280
66279
66279
66279
66278
66278
66278
66278
66277
66277
66277
66276
66276
66276
66276
66275
66275
66272
66271
66269
66268
66266
66265
66265
66265
66263
66263
66262
66261
66261
66260
66260
66260
66260
66259
66259
66259
66259
66258
66258
66258
66258
66257
66257
66257
66257
66255
66255
66254
66254
66253
66253
66253
66253
66252
66252
66252
66252
66251
66251
66251
66251
66250
66250
66250
66250
66249
66249
66249
66248
66247
66246
66245
66245
66245
66245
66244
66244
66244
66244
66243
66243
66243
66243
66242
66242
66241
66240
66240
66240
66240
66239
66239
66239
66239
66238
66238
66238
66238
66237
66237
66237
66237
66236
66236
66236
66236
66236
66235
66234
66234
66233
66233
66233
66233
66232
66232
66232
66232
66231
66231
66231
66231
66230
66230
66230
66230
66229
66229
66229
66229
66229
66228
66228
66228
66228
66227
66227
66227
66227
66226
66226
66226
66226
66225
66225
66225
66224
66224
66224
66224
66223
66223
66223
66223
66221
66221
66221
66220
66220
66220
66220
66220
66219
66219
66219
66219
66218
66218
66218
66218
66217
66217
66217
66217
66216
66216
66216
66216
66215
66215
66215
66215
66214
66214
66214
66214
66214
66213
66213
66213
66213
66212
66212
66212
66212
66211
66211
66211
66211
66210
66210
66210
66209
66209
66209
66209
66208
66208
66206
66204
66202
66200
66199
66196
66196
66196
66196
66195
66195
66195
66195
66194
66194
66194
66194
66193
66193
66193
66193
66193
66192
66191
66191
66189
66189
66189
66189
66188
66188
66188
66188
66187
66187
66187
66187
66186
66186
66186
66186
66185
66185
66185
66185
66184
66183
66183
66181
66181
66181
66180
66180
66180
66180
66179
66179
66179
66179
66178
66178
66178
66178
66176
66175
66175
66174
66174
66174
66174
66173
66173
66173
66173
66172
66172
66172
66172
66171
66171
66171
66171
66170
66170
66170
66170
66168
66168
66168
66168
66167
66167
66167
66167
66166
66166
66166
66166
66165
66165
66165
66165
66164
66164
66164
66163
66163
66162
66162
66161
66161
66161
66161
66160
66160
66160
66160
66159
66159
66159
66159
66158
66158
66158
66158
66157
66157
66157
66157
66155
66155
66155
66154
66154
66154
66154
66153
66153
66153
66153
66115
66114
66114
66114
66114
66113
66113
66113
66113
66112
66112
66112
66112
66111
66111
66111
66111
66111
66110
66110
66110
66110
66109
66109
66109
66109
66108
66108
66108
66108
66107
66107
66107
66107
66106
66106
66106
66106
66105
66105
66105
66105
66105
66104
66104
66104
66104
66103
66103
66103
66103
66102
66101
66099
66098
66096
66095
66093
66093
66093
66092
66092
66092
66092
66091
66091
66091
66091
66090
66089
66089
66087
66087
66087
66087
66086
66086
66086
66085
66085
66085
66085
66085
66084
66084
66084
66084
66083
66083
66083
66083
66082
66081
66081
66079
66079
66079
66078
66078
66077
66077
66077
66077
66076
66076
66076
66076
66075
66075
66074
66073
66073
66073
66073
66072
66072
66072
66072
66071
66071
66071
66071
66070
66070
66070
66070
66070
66069
66069
66069
66069
66068
66067
66067
66066
66066
66066
66065
66065
66065
66065
66064
66064
66064
66064
66063
66063
66063
66063
66063
66062
66062
66062
66060
66060
66059
66058
66058
66058
66058
66057
66057
66057
66056
66056
66056
66056
66055
66055
66055
66055
66054
66053
66053
66052
66052
66052
66052
66051
66051
66050
66050
66049
66049
66049
66049
66048
66048
66048
66048
66047
66047
66047
66047
66046
66046
66046
66046
66045
66045
66045
66045
66044
66044
66044
66044
66044
66043
66043
66043
66043
66042
66042
66042
66042
66041
66041
66041
66041
66040
66040
66040
66040
66040
66039
66039
66039
66039
66038
66038
66038
66038
66037
66037
66037
66037
66036
66036
66036
66036
66035
66035
66035
66035
66033
66031
66029
66028
66026
66023
66023
66022
66022
66022
66022
66020
66020
66018
66018
66018
66018
66017
66017
66017
66017
66016
66016
66016
66016
66015
66015
66015
66015
66014
66014
66014
66014
66013
66012
66012
66010
66010
66010
66010
66009
66009
66009
66009
66008
66008
66007
66007
66007
66007
66006
66005
66004
66004
66004
66003
66003
66003
66003
66002
66002
66002
66002
66001
66001
66001
66001
66000
66000
66000
66000
65999
65999
65999
65997
65997
65997
65997
65996
65996
65996
65996
65996
65995
65995
65995
65995
65994
65994
65994
65994
65993
65993
65993
65993
65991
65991
65990
65989
65989
65989
65989
65988
65988
65988
65988
65987
65987
65987
65987
65986
65985
65985
65984
65984
65984
65984
65983
65983
65983
65983
65982
65982
65982
65982
65981
65981
65981
65981
65980
65980
65980
65980
65980
65979
65979
65979
65979
65978
65978
65978
65978
65977
65977
65977
65977
65976
65976
65976
65976
65975
65975
65975
65975
65975
65974
65974
65974
65974
65973
65973
65973
65973
65972
65972
65972
65972
65971
65971
65971
65971
65971
65970
65970
65970
65970
65969
65969
65969
65969
65968
65968
65968
65968
65967
65967
65967
65967
65967
65966
65966
65966
65963
65962
65960
65959
65957
65955
65954
65953
65953
65953
65952
65952
65952
65951
65951
65951
65951
65951
65950
65950
65950
65950
65949
65949
65949
65949
65948
65948
65947
65946
65945
65945
