234716
189087
182663
133076
126343
77081
77079
77079
77077
77077
77076
77076
77075
77075
77075
77074
77074
77074
77073
77073
77072
77072
77062
77061
77061
77060
77060
77060
77059
77059
77059
77058
77058
77058
77057
77057
77055
77055
77054
77054
77054
77052
77052
77050
77050
77050
77049
77049
77049
77049
77048
77048
77047
77047
77047
77047
77046
77046
77045
77045
77045
77045
77043
77043
77042
77042
77042
77042
77041
77041
77041
77040
77040
77040
77040
77039
77039
77039
77039
77038
77038
77038
77037
77037
77037
77037
77037
77036
77036
77036
77035
77035
77035
77033
77033
77033
77032
77032
77032
77032
77031
77031
77031
77031
77030
77030
77026
77025
77025
77024
77024
77024
77023
77023
77023
77022
77022
77022
77021
77021
77020
77020
77020
77019
77019
77018
77018
76945
76944
76944
76944
76943
76943
76942
76942
76942
76941
76941
76940
76940
76939
76939
76937
76936
76936
76936
76935
76935
76935
76934
76934
76933
76933
76933
76933
76932
76932
76932
76931
76931
76931
76931
76930
76930
76929
76929
76929
76929
76928
76928
76928
76927
76927
76927
76926
76926
76926
76925
76925
76925
76924
76924
76924
76923
76923
76923
76923
76922
76922
76922
76921
76921
76919
76918
76915
76913
76911
76909
76908
76908
76908
76907
76907
76907
76907
76906
76906
76906
76906
76905
76905
76905
76905
76904
76904
76903
76902
76876
76876
76876
76875
76875
76875
76874
76874
76874
76873
76873
76873
76873
76872
76872
76872
76871
76871
76871
76871
76870
76868
76868
76866
76866
76865
76865
76865
76865
76864
76864
76864
76863
76863
76863
76863
76862
76862
76862
76859
76858
76858
76858
76858
76856
76856
76855
76855
76855
76855
76854
76854
76854
76853
76853
76853
76853
76852
76852
76852
76852
76851
76851
76851
76851
76850
76850
76849
76848
76848
76848
76847
76847
76847
76847
76846
76846
76846
76846
76845
76845
76845
76845
76845
76844
76844
76844
76844
76843
76843
76843
76843
76842
76842
76842
76842
76841
76841
76841
76841
76840
76840
76840
76840
76839
76839
76839
76839
76837
76837
76836
76836
76836
76836
76835
76835
76835
76835
76834
76834
76834
76834
76833
76833
76833
76833
76832
76832
76832
76832
76831
76831
76831
76831
76830
76830
76830
76830
76829
76829
76829
76829
76828
76828
76828
76828
76828
76827
76827
76827
76827
76826
76826
76826
76826
76825
76825
76825
76824
76824
76824
76824
76824
76823
76823
76823
76823
76821
76819
76816
76815
76813
76801
76801
76801
76801
76800
76800
76800
76799
76799
76799
76799
76798
76797
76797
76795
76795
76795
76794
76794
76794
76793
76793
76793
76793
76792
76792
76792
76792
76791
76791
76791
76791
76791
76790
76790
76788
76788
76787
76786
76786
76786
76786
76785
76785
76785
76785
76784
76784
76784
76784
76783
76783
76783
76783
76783
76782
76782
76782
76780
76780
76780
76779
76779
76779
76779
76778
76778
76778
76777
76777
76777
76777
76777
76776
76776
76776
76775
76775
76775
76775
76774
76773
76772
76772
76772
76772
76771
76771
76771
76771
76770
76770
76770
76769
76769
76769
76767
76767
76767
76767
76766
76766
76766
76766
76766
76765
76765
76765
76765
76764
76764
76764
76764
76763
76763
76763
76763
76762
76762
76761
76760
76760
76760
76758
76758
76758
76758
76757
76757
76757
76757
76756
76756
76756
76755
76755
76754
76754
76754
76754
76753
76753
76753
76753
76752
76752
76752
76752
76751
76751
76751
76751
76750
76750
76750
76750
76749
76749
76749
76749
76748
76748
76748
76748
76747
76747
76747
76747
76746
76746
76746
76746
76745
76745
76745
76745
76745
76744
76744
76744
76744
76743
76743
76743
76743
76742
76742
76740
76739
76737
76736
76734
76732
76732
76732
76731
76731
76731
76729
76729
76728
76727
76727
76727
76727
76726
76726
76726
76726
76725
76725
76725
76725
76724
76724
76724
76724
76723
76723
76723
76723
76719
76719
76717
76717
76717
76716
76716
76716
76716
76715
76715
76715
76715
76714
76714
76714
76713
76713
76713
76713
76712
76712
76712
76710
76710
76710
76710
76709
76709
76709
76709
76708
76708
76708
76708
76707
76707
76707
76707
76706
76706
76706
76706
76705
76705
76705
76703
76703
76703
76703
76702
76702
76702
76702
76701
76701
76701
76701
76700
76700
76700
76698
76698
76698
76697
76697
76697
76697
76696
76695
76695
76694
76694
76694
76694
76693
76693
76693
76693
76692
76692
76691
76690
76690
76689
76689
76689
76689
76688
76688
76688
76688
76687
76687
76687
76687
76686
76686
76686
76686
76685
76685
76685
76685
76685
76684
76684
76684
76684
76683
76683
76683
76683
76682
76682
76682
76682
76681
76681
76681
76681
76680
76680
76680
76680
76679
76679
76679
76679
76678
76678
76678
76678
76677
76677
76677
76677
76676
76676
76676
76676
76675
76675
76675
76675
76675
76674
76674
76674
76674
76673
76673
76673
76673
76672
76672
76672
76672
76669
76667
76666
76664
76662
76658
76657
76656
76656
76655
76655
76655
76655
76654
76654
76654
76654
76653
76653
76653
76653
76652
76652
76652
76652
76651
76651
76651
76649
76649
76647
76647
76647
76646
76646
76646
76646
76645
76645
76645
76645
76644
76644
76644
76644
76644
76643
76643
76643
76643
76642
76641
76640
76640
76640
76640
76639
76639
76639
76639
76639
76638
76638
76638
76638
76637
76637
76637
76637
76636
76636
76636
76636
76635
76634
76633
76633
76633
76633
76632
76632
76632
76632
76631
76631
76631
76631
76631
76630
76629
76629
76628
76628
76628
76628
76627
76627
76626
76625
76625
76625
76625
76624
76624
76624
76624
76622
76622
76621
76621
76621
76621
76620
76620
76620
76620
76620
76619
76619
76619
76619
76618
76618
76618
76618
76617
76617
76617
76617
76616
76616
76616
76616
76615
76615
76615
76615
76614
76614
76614
76614
76613
76613
76613
76613
76612
76612
76612
76612
76611
76611
76611
76611
76610
76610
76610
76610
76610
76609
76609
76609
76609
76608
76608
76608
76608
76607
76607
76607
76607
76606
76606
76606
76606
76605
76605
76605
76605
76604
76604
76604
76604
76603
76603
76603
76603
76602
76602
76602
76602
76601
76601
76599
76596
76595
76594
76592
76591
76590
76590
76590
76590
76589
76589
76589
76589
76588
76588
76588
76588
76587
76587
76587
76587
76585
76585
76582
76582
76582
76581
76581
76581
76581
76580
76580
76580
76580
76579
76579
76579
76579
76578
76578
76578
76578
76577
76577
76576
76576
76575
76575
76575
76575
76574
76574
76574
76574
76573
76573
76573
76573
76572
76572
76572
76572
76571
76570
76570
76569
76569
76568
76567
76567
76567
76566
76566
76566
76566
76566
76565
76565
76564
76564
76564
76564
76562
76562
76562
76562
76561
76561
76561
76561
76559
76559
76559
76558
76558
76558
76556
76556
76556
76556
76555
76555
76555
76555
76554
76553
76553
76552
76552
76552
76552
76551
76551
76551
76551
76550
76550
76550
76550
76550
76549
76549
76549
76549
76548
76548
76548
76548
76547
76547
76547
76547
76546
76546
76546
76546
76545
76545
76545
76545
76544
76544
76544
76544
76544
76543
76543
76543
76543
76542
76542
76542
76542
76541
76541
76541
76541
76540
76540
76540
76540
76539
76539
76539
76539
76538
76538
76538
76538
76537
76537
76537
76537
76536
76536
76536
76536
76536
76535
76535
76535
76535
76534
76534
76534
76534
76533
76533
76533
76533
76532
76530
76528
76527
76525
76523
76522
76522
76521
76521
76521
76521
76520
76520
76520
76520
76519
76518
76518
76516
76516
76516
76515
76515
76515
76515
76514
76514
76514
76513
76513
76513
76513
76512
76512
76512
76512
76511
76511
76511
76510
76509
76509
76509
76509
76508
76508
76508
76508
76507
76507
76507
76507
76506
76506
76506
76506
76505
76505
76505
76505
76504
76504
76502
76502
76502
76502
76501
76501
76501
76501
76500
76500
76500
76500
76499
76499
76499
76497
76497
76497
76497
76496
76496
76496
76495
76494
76494
76493
76492
76492
76491
76491
76491
76491
76490
76490
76490
76490
76489
76489
76487
76487
76487
76487
76486
76486
76486
76486
76485
76485
76485
76485
76484
76484
76484
76484
76483
76483
76483
76483
76482
76482
76482
76482
76482
76481
76481
76481
76479
76479
76479
76478
76478
76478
76478
76477
76477
76477
76477
76476
76476
76476
76476
76475
76475
76475
76475
76474
76474
76474
76474
76473
76473
76473
76473
76472
76472
76472
76472
76471
76471
76471
76471
76471
76470
76470
76470
76470
76469
76469
76469
76468
76468
76468
76468
76467
76467
76467
76467
76466
76466
76466
76466
76466
76465
76465
76465
76465
76464
76464
76464
76464
76462
76460
76458
76457
76455
76453
76453
76453
76452
76452
76451
76451
76435
76435
76435
76435
76434
76434
76434
76434
76433
76433
76433
76433
76432
76432
76432
76432
76431
76431
76431
76431
76430
76429
76428
76428
76428
76428
76427
76427
76427
76427
76426
76426
76426
76426
76425
76425
76425
76425
76425
76424
76424
76424
76424
76423
76422
76422
76421
76421
76421
76420
76420
76420
76420
76419
76419
76419
76419
76418
76418
76417
76416
76416
76416
76416
76415
76415
76415
76412
76412
76412
76411
76411
76411
76411
76410
76410
76410
76410
76409
76409
76409
76409
76407
76407
76405
76405
76405
76404
76404
76404
76404
76403
76403
76403
76403
76402
76402
76402
76402
76401
76401
76401
76401
76400
76400
76400
76400
76399
76399
76399
76399
76398
76398
76398
76398
76397
76397
76397
76397
76396
76396
76396
76396
76395
76395
76395
76395
76395
76394
76394
76394
76394
76393
76393
76393
76393
76392
76392
76392
76392
76391
76391
76391
76391
76390
76390
76390
76390
76389
76389
76389
76389
76388
76388
76388
76388
76388
76387
76387
76387
76387
76386
76386
76386
76385
76385
76385
76385
76384
76384
76384
76384
76384
76383
76383
76383
76383
76382
76382
76382
76379
76377
76376
76374
76371
76370
76368
76368
76367
76367
76367
76366
76366
76366
76366
76365
76365
76365
76365
76364
76364
76364
76364
76363
76363
76363
76363
76361
76361
76361
76360
76360
76360
76360
76359
76359
76359
76359
76358
76358
76358
76358
76357
76357
76357
76357
76356
76356
76356
76356
76354
76354
76354
76354
76353
76353
76353
76353
76352
76352
76352
76352
76351
76351
76351
76349
76349
76349
76348
76348
76347
76347
76346
76345
76345
76344
76344
76344
76344
76343
76343
76343
76343
76342
76342
76342
76342
76342
76340
76340
76338
76338
76338
76337
76337
76337
76337
76336
76336
76336
76336
76336
76335
76335
76335
76335
76334
76334
76334
76334
76333
76333
76333
76333
76332
76332
76332
76332
76331
76331
76331
76331
76330
76330
76330
76330
76329
76329
76329
76329
76328
76328
76328
76328
76327
76327
76327
76327
76326
76326
76326
76326
76326
76325
76325
76325
76325
76324
76324
76324
76324
76323
76323
76323
76323
76322
76322
76322
76322
76321
76321
76321
76321
76320
76320
76320
76320
76319
76319
76319
76319
76318
76318
76318
76318
76317
76317
76317
76317
76316
76316
76316
76316
76315
76315
76315
76315
76315
76314
76314
76314
76314
76311
76309
76308
76305
76304
76302
76302
76302
76301
76301
76301
76301
76300
76300
76300
76300
76299
76299
76299
76299
76298
76296
76295
76295
76295
76295
76294
76294
76294
76294
76293
76293
76293
76293
76293
76292
76292
76292
76292
76291
76291
76291
76291
76290
76289
76288
76288
76288
76288
76287
76287
76287
76287
76286
76286
76286
76286
76285
76285
76284
76283
76282
76282
76281
76280
76280
76279
76278
76277
76277
76277
76277
76276
76276
76276
76276
76275
76275
76275
76275
76275
76274
76273
76272
76271
76271
76270
76270
76270
76270
76269
76269
76269
76269
76268
76268
76268
76268
76267
76267
76267
76267
76267
76266
76266
76265
76264
76264
76264
76264
76263
76263
76263
76263
76262
76262
76262
76262
76261
76261
76261
76261
76260
76260
76260
76260
76259
76259
76259
76259
76258
76258
76258
76258
76257
76257
76257
76257
76256
76256
76256
76256
76256
76255
76255
76255
76255
76254
76254
76254
76254
76253
76253
76253
76253
76252
76252
76252
76252
76251
76251
76251
76251
76250
76250
76250
76250
76249
76249
76249
76249
76248
76248
76248
76248
76248
76247
76247
76247
76247
76246
76246
76246
76246
76245
76245
76245
76245
76244
76243
76243
76242
76241
76240
76238
76236
76235
76233
76233
76233
76233
76232
76232
76232
76232
76231
76231
76229
76229
76229
76229
76228
76228
76228
76228
76227
76227
76227
76227
76226
76226
76226
76226
76225
76225
76225
76225
76224
76224
76224
76222
76222
76222
76222
76221
76221
76221
76221
76220
76220
76220
76220
76219
76219
76218
76216
76216
76216
76215
76215
76215
76215
76214
76213
76213
76212
76212
76212
76211
76211
76211
76211
76211
76210
76210
76210
76210
76209
76208
76208
76206
76206
76206
76205
76205
76205
76204
76204
76204
76204
76203
76203
76203
76203
76202
76202
76202
76202
76201
76201
76201
76199
76199
76199
76199
76198
76198
76198
76198
76197
76197
76197
76197
76196
76196
76196
76196
76195
76195
76195
76195
76194
76194
76194
76194
76193
76193
76193
76193
76192
76190
76190
76190
76190
76189
76189
76189
76189
76188
76188
76188
76188
76187
76187
76187
76187
76186
76186
76186
76186
76185
76185
76185
76185
76184
76184
76184
76184
76184
76183
76183
76183
76183
76182
76182
76182
76182
76181
76181
76181
76181
76180
76180
76180
76180
76179
76179
76179
76179
76178
76178
76178
76176
76176
76176
76175
76175
76175
76175
76174
76174
76174
76174
76174
76172
76171
76169
76168
76166
76163
76163
76163
76162
76161
76161
76160
76160
76160
76160
76159
76159
76159
76159
76158
76158
76158
76158
76157
76157
76157
76157
76156
76156
76156
76156
76156
76154
76154
76153
76153
76153
76153
76152
76152
76152
76152
76151
76150
76149
76149
76149
76148
76147
76147
76147
76147
76146
76146
76146
76144
76144
76144
76144
76143
76143
76143
76143
76142
76142
76142
76142
76141
76141
76141
76139
76139
76137
76137
76137
76137
76136
76136
76136
76136
76135
76135
76135
76135
76134
76134
76134
76134
76133
76133
76133
76133
76132
76131
76130
76130
76130
76130
76129
76129
76129
76129
76128
76128
76128
76128
76127
76127
76127
76127
76126
76126
76126
76126
76126
76125
76125
76125
76125
76124
76124
76124
76124
76123
76123
76123
76123
76122
76122
76122
76122
76121
76121
76121
76121
76120
76120
76120
76120
76119
76119
76119
76119
76118
76118
76118
76118
76117
76117
76117
76117
76117
76116
76116
76116
76116
76115
76115
76115
76115
76114
76114
76114
76114
76113
76113
76113
76113
76112
76112
76112
76110
76110
76109
76109
76109
76108
76108
76108
76108
76107
76107
76107
76107
76106
76106
76106
76106
76105
76105
76105
76105
76102
76100
76099
76096
76095
76093
76093
76093
76092
76092
76092
76092
76091
76091
76091
76091
76090
76090
76090
76089
76089
76089
76089
76088
76088
76088
76086
76086
76086
76085
76085
76085
76085
76084
76083
76083
76082
76082
76082
76081
76081
76079
76079
76079
76079
76078
76078
76078
76078
76076
76076
76076
76075
76075
76075
76075
76074
76074
76074
76074
76073
76073
76073
76073
76071
76071
76069
76069
76069
76068
76068
76068
76068
76067
76067
76067
76067
76066
76066
76066
76066
76065
76065
76065
76065
76064
76064
76063
76062
76062
76062
76062
76061
76061
76061
76061
76060
76060
76060
76060
76059
76059
76059
76059
76058
76058
76058
76058
76058
76057
76057
76057
76057
76056
76056
76056
76055
76055
76055
76055
76055
76054
76054
76054
76054
76053
76053
76053
76053
76052
76052
76052
76052
76051
76051
76051
76051
76050
76050
76050
76050
76049
76049
76049
76049
76048
76048
76048
76048
76047
76047
76047
76047
76046
76046
76046
76045
76045
76045
76045
76045
76044
76042
76042
76042
76042
76041
76041
76041
76041
76040
76040
76040
76040
76039
76039
76039
76039
76038
76038
76038
76038
76037
76037
76037
76037
76036
76036
76036
76036
76036
76035
76034
76032
76031
76029
76028
76025
76025
76025
76025
76024
76024
76024
76024
76023
76023
76023
76022
76022
76022
76022
76020
76020
76020
76019
76019
76018
76017
76017
76017
76017
76016
76016
76016
76016
76015
76014
76014
76013
76013
76013
76013
76012
76012
76011
76010
76010
76010
76010
76009
76009
76009
76008
76008
76008
76008
76008
76007
76007
76005
76005
76004
76003
76003
76003
76001
76001
76001
76000
76000
76000
76000
76000
75999
75999
75999
75999
75998
75998
75998
75998
75997
75996
75995
75995
75995
75995
75994
75994
75994
75994
75993
75993
75993
75993
75992
75992
75992
75992
75991
75991
75991
75991
75990
75990
75988
75988
75988
75988
75987
75987
75987
75987
75986
75986
75986
75986
75985
75985
75985
75985
75985
75984
75984
75984
75984
75983
75983
75983
75983
75982
75982
75982
75982
75981
75981
75981
75981
75980
75980
75980
75980
75979
75979
75979
75979
75978
75978
75978
75978
75977
75977
75977
75977
75975
75975
75974
75974
75974
75974
75973
75973
75973
75972
75972
75972
75972
75971
75971
75971
75971
75970
75970
75970
75970
75969
75969
75969
75969
75969
75968
75968
75968
75968
75967
75967
75967
75967
75966
75966
75966
75966
75965
75963
75962
75960
75959
75957
75955
75955
75955
75955
75954
75954
75954
75954
75953
75952
75952
75950
75950
75950
75950
75949
75949
75949
75949
75948
75948
75948
75948
75947
75946
75946
75945
75945
75945
75945
75944
75944
75943
75942
75942
75942
75942
75941
75941
75941
75941
75940
75940
75940
75940
75940
75939
75938
75937
75936
75936
75935
75935
75935
75935
75934
75934
75934
75934
75933
75933
75933
75933
75932
75932
75932
75932
75931
75931
75931
75929
75929
75929
75929
75928
75928
75928
75928
75927
75927
75927
75927
75926
75926
75926
75926
75925
75925
75925
75925
75924
75924
75924
75922
75922
75922
75922
75921
75921
75921
75920
75920
75920
75920
75920
75919
75919
75919
75919
75918
75918
75918
75918
75917
75917
75917
75917
75916
75916
75916
75916
75915
75915
75914
75913
75913
75913
75913
75912
75912
75912
75912
75911
75911
75911
75911
75910
75910
75910
75908
75908
75908
75907
75907
75907
75907
75906
75906
75906
75906
75906
75905
75905
75905
75905
75904
75904
75904
75904
75903
75903
75903
75903
75902
75902
75902
75902
75901
75901
75901
75901
75900
75900
75900
75900
75884
75884
75884
75884
75883
75883
75883
75883
75882
75882
75882
75882
75879
75878
75877
75875
75872
75871
75870
75869
75867
75867
75867
75867
75866
75866
75866
75865
75865
75865
75865
75865
75864
75864
75863
75862
75862
75861
75861
75861
75861
75860
75860
75859
75858
75858
75858
75858
75858
75857
75857
75857
75857
75856
75856
75856
75856
75855
75854
75854
75852
75852
75852
75851
75851
75851
75851
75850
75850
75850
75850
75850
75849
75849
75849
75849
75848
75848
75848
75848
75847
75846
75846
75845
75845
75845
75845
75844
75844
75844
75844
75843
75843
75843
75843
75842
75842
75842
75842
75841
75841
75841
75841
75840
75839
75839
75838
75838
75838
75838
75837
75837
75837
75837
75836
75836
75836
75836
75835
75835
75835
75835
75834
75834
75834
75834
75833
75833
75833
75833
75832
75832
75832
75832
75831
75831
75831
75831
75830
75830
75830
75830
75829
75829
75829
75829
75828
75827
75826
75826
75826
75826
75825
75825
75825
75825
75824
75824
75824
75824
75823
75823
75823
75823
75822
75822
75822
75822
75821
75821
75821
75821
75820
75820
75820
75820
75819
75819
75819
75819
75818
75818
75818
75818
75817
75817
75817
75817
75817
75816
75816
75816
75816
75815
75815
75815
75815
75814
75814
75814
75814
75813
75813
75813
75810
75809
75805
75803
75802
75800
75800
75800
75799
75799
75799
75798
75798
75798
75798
75797
75797
75796
75796
75795
75795
75795
75795
75794
75794
75792
75792
75792
75791
75791
75791
75791
75790
75790
75790
75790
75789
75789
75789
75789
75787
75787
75785
75785
75785
75785
75784
75784
75784
75784
75783
75783
75783
75783
75782
75782
75782
75782
75781
75781
75781
75781
75780
75779
75779
75779
75778
75778
75778
75778
75777
75777
75777
75777
75776
75776
75776
75776
75775
75775
75775
75775
75774
75774
75774
75774
75772
75772
75772
75771
75771
75771
75771
75770
75770
75770
75770
75769
75769
75769
75769
75768
75768
75768
75768
75767
75767
75766
75765
75765
75765
75765
75764
75764
75764
75764
75763
75763
75763
75763
75762
75762
75762
75762
75761
75761
75760
75760
75759
75759
75759
75759
75758
75758
75758
75758
75757
75757
75757
75757
75756
75756
75756
75756
75755
75755
75755
75755
75754
75754
75754
75754
75753
75753
75753
75753
75752
75752
75752
75752
75751
75751
75751
75751
75750
75750
75750
75750
75749
75749
75749
75749
75748
75748
75748
75748
75747
75747
75747
75747
75746
75746
75746
75746
75745
75745
75745
75745
75744
75744
75744
75744
75742
75741
75739
75737
75735
75733
75733
75733
75733
75732
75732
75731
75730
75730
75730
75730
75729
75729
75728
75727
75727
75726
75726
75726
75726
75725
75725
75725
75725
75725
75724
75724
75724
75724
75722
75722
75720
75720
75720
75720
75719
75719
75719
75719
75718
75718
75718
75718
75717
75717
75717
75717
75716
75716
75716
75716
75715
75714
75714
75714
75713
75713
75713
75712
75710
75710
75710
75709
75709
75709
75709
75708
75708
75708
75708
75707
75707
75707
75707
75706
75705
75705
75704
75704
75704
75704
75703
75703
75703
75703
75702
75702
75702
75702
75701
75701
75701
75701
75700
75700
75700
75698
75698
75697
75696
75696
75696
75696
75695
75695
75695
75695
75694
75694
75694
75694
75693
75692
75691
75691
75691
75691
75690
75690
75690
75690
75689
75689
75689
75689
75688
75688
75688
75688
75687
75687
75687
75687
75686
75686
75686
75686
75685
75685
75685
75685
75684
75684
75684
75684
75683
75683
75683
75683
75682
75682
75682
75682
75682
75681
75681
75681
75681
75680
75680
75680
75680
75679
75679
75679
75679
75678
75678
75678
75678
75677
75677
75677
75677
75676
75676
75676
75676
75675
75675
75675
75675
75674
75674
75674
75674
75673
75672
75670
75669
75667
75665
75663
75663
75662
75662
75662
75662
75661
75661
75659
75659
75659
75659
75658
75658
75658
75658
75657
75657
75657
75657
75656
75656
75656
75654
75654
75653
75652
75652
75652
75652
75651
75651
75651
75651
75650
75650
75650
75650
75649
75649
75649
75649
75648
75648
75648
75648
75646
75646
75646
75645
75645
75645
75645
75644
75644
75644
75644
75643
75643
75643
75643
75642
75642
75642
75642
75641
75641
75641
75641
75639
75639
75639
75638
75638
75638
75638
75637
75637
75637
75636
75636
75636
75636
75635
75635
75635
75634
75634
75634
75634
75632
75632
75630
75630
75630
75630
75629
75629
75629
75629
75628
75628
75628
75625
75624
75624
75624
75624
75623
75623
75623
75623
75622
75622
75622
75621
75621
75621
75620
75620
75620
75620
75620
75618
75618
75617
75617
75617
75617
75616
75616
75616
75616
75615
75615
75615
75615
75614
75614
75614
75614
75613
75613
75613
75613
75612
75612
75612
75612
75611
75611
75611
75611
75610
75610
75610
75610
75609
75609
75609
75609
75608
75608
75608
75608
75608
75607
75607
75607
75607
75606
75606
75606
75606
75605
75605
75605
75605
75604
75604
75604
75604
75603
75603
75603
75603
75602
75601
75599
75597
75595
75593
75590
75590
75589
75588
75588
75588
75588
75587
75587
75587
75586
75586
75586
75586
75585
75585
75585
75583
75583
75582
75581
75581
75581
75581
75580
75580
75580
75580
75579
75579
75579
75579
75578
75578
75578
75578
75577
75577
75577
75577
75575
75575
75575
75574
75574
75574
75574
75573
75573
75573
75573
75572
75572
75572
75572
75571
75571
75571
75571
75570
75570
75570
75570
75568
75568
75568
75567
75567
75567
75567
75566
75566
75566
75566
75565
75565
75565
75565
75564
75564
75564
75564
75563
75563
75562
75561
75560
75560
75559
75559
75559
75558
75558
75558
75556
75556
75556
75556
75555
75555
75555
75554
75554
75554
75554
75554
75553
75553
75553
75553
75552
75552
75552
75552
75551
75551
75551
75551
75550
75550
75550
75550
75549
75549
75549
75549
75548
75548
75548
75548
75547
75547
75547
75547
75546
75546
75546
75546
75545
75545
75545
75545
75544
75544
75544
75544
75543
75543
75543
75543
75542
75542
75542
75542
75541
75541
75541
75541
75540
75540
75540
75540
75540
75539
75539
75539
75539
75538
75538
75538
75538
75537
75537
75537
75537
75536
75536
75536
75536
75535
75535
75535
75535
75534
75534
75534
75534
75531
75528
75526
75525
75524
75522
75521
75521
75521
75520
75520
75519
75519
75519
75519
75518
75517
75517
75515
75515
75515
75515
75514
75514
75514
75514
75513
75513
75513
75513
75512
75512
75512
75512
75511
75511
75511
75511
75510
75509
75509
75508
75508
75508
75508
75507
75507
75507
75507
75506
75506
75506
75506
75505
75505
75505
75504
75504
75504
75504
75503
75503
75502
75501
75501
75501
75501
75500
75500
75499
75499
75499
75499
75498
75498
75498
75498
75497
75497
75497
75497
75496
75496
75494
75494
75493
75492
75492
75492
75492
75490
75490
75490
75489
75489
75489
75489
75488
75488
75488
75486
75486
75486
75486
75485
75485
75485
75485
75484
75484
75484
75484
75483
75483
75483
75483
75482
75482
75482
75482
75481
75481
75481
75481
75480
75480
75480
75480
75479
75479
75479
75479
75478
75478
75478
75478
75477
75477
75477
75477
75476
75476
75476
75476
75475
75475
75475
75475
75474
75474
75474
75474
75473
75473
75473
75472
75472
75472
75472
75471
75471
75471
75471
75470
75470
75470
75470
75469
75469
75469
75469
75468
75468
75468
75468
75467
75467
75467
75467
75466
75466
75466
75466
75465
75465
75465
75465
75464
75464
75464
75464
75463
75462
75460
75459
75456
75455
75453
75453
75453
75453
75452
75451
75451
75449
75449
75449
75449
75448
75448
75447
75447
75447
75447
75446
75446
75446
75446
75445
75445
75445
75445
75444
75444
75444
75442
75442
75442
75442
75441
75441
75441
75441
75440
75440
75440
75440
75439
75439
75439
75439
75439
75438
75438
75438
75438
75437
75437
75436
75435
75435
75435
75435
75434
75434
75434
75429
75429
75428
75428
75427
75427
75426
75426
75425
75425
75425
75425
75424
75422
75422
75420
75419
75417
75417
75416
75416
75415
75415
75415
75414
75414
75414
75413
75413
75413
75410
75410
75410
75409
75409
75409
75408
75408
75405
75352
75352
75351
75351
75351
75351
75350
75350
75350
75350
75349
75349
75349
75349
75348
75348
75348
75348
75347
75347
75347
75347
75346
75346
75346
75346
75345
75345
75345
75345
75344
75344
75344
75344
75343
75343
75343
75343
75342
75342
75342
75342
75341
75341
75341
75341
75340
75340
75340
75340
75339
75339
75339
75339
75338
75338
75338
75338
75337
75337
75337
75337
75337
75336
75336
75336
75336
75335
75335
75335
75335
75334
75334
75334
75334
75333
75333
75333
75333
75332
75332
75332
75332
75331
75331
75331
75331
75330
75330
75328
75326
75325
75323
75320
75318
75317
75317
75316
75316
75316
75316
75315
75315
75315
75315
75314
75314
75314
75314
75313
75313
75313
75313
75312
75312
75312
75311
75310
75310
75310
75310
75309
75309
75309
75309
75308
75308
75308
75308
75307
75307
75307
75307
75306
75306
75306
75306
75305
75305
75304
75304
75303
75303
75303
75302
75302
75302
75302
75301
75301
75301
75301
75300
75300
75300
75300
75300
75299
75299
75299
75297
75296
75294
75294
75294
75293
75293
75293
75293
75292
75292
75292
75292
75292
75291
75291
75291
75289
75289
75289
75289
75288
75288
75288
75288
75286
75286
75286
75285
75285
75285
75285
75284
75284
75284
75284
75283
75283
75283
75283
75282
75282
75282
75282
75281
75281
75281
75281
75280
75280
75280
75280
75279
75279
75279
75279
75279
75277
75277
75276
75276
75276
75276
75275
75275
75275
75275
75274
75274
75274
75274
75273
75273
75273
75273
75272
75272
75272
75272
75271
75271
75271
75271
75270
75270
75270
75270
75269
75269
75269
75269
75268
75268
75268
75268
75267
75267
75267
75267
75267
75266
75266
75266
75266
75265
75265
75265
75265
75264
75264
75264
75264
75263
75263
75263
75263
75262
75262
75262
75262
75261
75257
75254
75252
75251
75249
75247
75247
75247
75247
75246
75246
75246
75246
75246
75245
75245
75245
75245
75244
75244
75244
75242
75242
75242
75241
75241
75241
75241
75240
75240
75240
75240
75239
75239
75239
75239
75239
75238
75238
75238
75238
75237
75237
75237
75235
75235
75235
75235
75234
75234
75234
75234
75233
75233
75233
75233
75233
75232
75232
75232
75232
75231
75231
75229
75229
75228
75227
75226
75226
75225
75225
75225
75225
75224
75224
75224
75224
75223
75223
75223
75223
75222
75221
75221
75221
75220
75220
75220
75219
75219
75218
75218
75217
75217
75217
75217
75216
75216
75216
75216
75215
75215
75215
75215
75214
75213
75213
75212
75212
75212
75212
75211
75211
75211
75211
75210
75210
75210
75210
75209
75209
75209
75209
75208
75208
75208
75208
75207
75207
75207
75207
75206
75206
75206
75206
75205
75205
75205
75205
75204
75204
75204
75204
75203
75203
75203
75203
75202
75202
75202
75202
75202
75201
75201
75201
75201
75200
75200
75200
75200
75199
75199
75199
75199
75198
75198
75198
75198
75197
75197
75197
75197
75196
75196
75196
75196
75195
75195
75195
75195
75194
75194
75194
75194
75194
75193
75193
75193
75193
75192
75192
75190
75188
75186
75185
75183
75181
75180
75180
75179
75179
75179
75179
75178
75178
75178
75177
75176
75176
75176
75175
75175
75175
75175
75174
75174
75174
75173
75173
75173
75172
75172
75172
75172
75171
75171
75171
75171
75171
75170
75169
75169
75168
75168
75168
75168
75167
75167
75167
75167
75166
75166
75166
75166
75165
75165
75163
75163
75163
75163
75162
75161
75160
75159
75159
75159
75158
75158
75158
75158
75157
75157
75157
75157
75156
75156
75156
75156
75154
75154
75153
75153
75153
75153
75152
75152
75151
75151
75150
75150
75150
75150
75149
75149
75149
75149
75148
75148
75148
75148
75147
75146
75146
75145
75145
75145
75145
75144
75144
75144
75144
75143
75143
75143
75143
75142
75142
75142
75142
75141
75141
75141
75141
75140
75140
75140
75140
75139
75139
75139
75139
75138
75138
75138
75138
75137
75137
75137
75137
75136
75136
75136
75136
75136
75135
75135
75135
75135
75134
75134
75134
75134
75133
75133
75133
75132
75132
75132
75131
75131
75131
75131
75130
75130
75130
75130
75129
75129
75129
75129
75128
75128
75128
75128
75127
75127
75127
75127
75126
75126
75126
75126
75126
75125
75124
75123
75123
75123
75123
75122
75122
75122
75122
75121
75120
75117
75115
75114
75112
75111
75111
75111
75110
75109
75109
75108
75108
75108
75108
75107
75107
75107
75107
75106
75106
75106
75106
75105
75105
75105
75105
75104
75104
75104
75104
75103
75102
75102
75101
75101
75101
75101
75100
75100
75100
75100
75099
75099
75099
75097
75097
75097
75097
75096
75096
75096
75095
75094
75094
75092
75092
75092
75092
75091
75091
75091
75091
75090
75089
75089
75088
75088
75088
75088
75086
75086
75086
75085
75085
75085
75085
75084
75083
75082
75082
75082
75082
75081
75081
75081
75081
75080
75080
75080
75080
75079
75079
75077
75077
75077
75077
75076
75076
75076
75076
75075
75075
75075
75075
75074
75074
75074
75074
75073
75073
75073
75073
75073
75072
75072
75072
75072
75071
75071
75071
75071
75070
75070
75070
75070
75069
75069
75069
75069
75068
75068
75068
75068
75067
75067
75067
75067
75066
75066
75066
75066
75065
75065
75065
75065
75064
75064
75064
75064
75064
75063
75063
75063
75063
75062
75062
75062
75062
75061
75061
75061
75061
75060
75060
75060
75060
75059
75059
75059
75059
75058
75058
75057
75056
75056
75056
75056
75055
75055
75055
75055
75054
75054
75054
75054
75053
75053
75053
75053
75052
75052
75051
75049
75048
75045
75044
75042
75042
75042
75042
75041
75041
75041
75041
75040
75040
75040
75040
75040
75039
75039
75039
75039
75038
75038
75038
75038
75036
75036
75035
75035
75035
75035
75034
75034
75034
75034
75032
75032
75032
75032
75031
75031
75031
75031
75030
75030
75030
75028
75028
75027
75027
75026
75026
75026
75026
75025
75025
75025
75025
75024
75024
75024
75024
75023
75022
75022
75021
75021
75021
75021
75020
75020
75019
75018
75018
75018
75018
75017
75017
75017
75017
75016
75016
75016
75016
75016
75015
75014
75014
75013
75013
75013
75013
75012
75012
75012
75012
75011
75011
75011
75011
75010
75010
75010
75010
75009
75009
75009
75009
75008
75008
75008
75008
75007
75007
75007
75007
75006
75006
75006
75006
75005
75005
75005
75005
75005
75004
75004
75002
75002
75002
75002
75001
75001
75001
75001
75000
75000
75000
75000
74999
74999
74999
74999
74998
74998
74998
74998
74997
74997
74997
74997
74996
74996
74996
74996
74995
74995
74995
74995
74994
74994
74994
74994
74992
74992
74992
74991
74991
74991
74991
74990
74990
74990
74990
74989
74989
74989
74989
74988
74988
74988
74988
74987
74987
74987
74987
74986
74986
74986
74986
74985
74983
74981
74980
74978
74976
74975
74974
74974
74973
74973
74973
74973
74972
74972
74972
74972
74971
74971
74971
74970
74969
74969
74968
74968
74968
74968
74968
74966
74966
74966
74965
74965
74965
74965
74964
74964
74964
74964
74963
74963
74963
74961
74961
74960
74959
74959
74959
74959
74958
74958
74958
74958
74957
74957
74957
74957
74956
74956
74955
74954
74954
74954
74954
74953
74953
74953
74951
74951
74951
74951
74950
74950
74950
74950
74949
74949
74949
74949
74948
74948
74948
74946
74946
74946
74946
74945
74945
74945
74945
74944
74944
74944
74944
74943
74943
74943
74943
74942
74942
74942
74942
74941
74941
74941
74939
74939
74939
74939
74939
74938
74938
74938
74938
74937
74937
74937
74937
74936
74936
74936
74936
74935
74935
74935
74935
74934
74934
74934
74934
74933
74933
74933
74933
74932
74932
74932
74932
74931
74931
74931
74931
74930
74930
74930
74930
74929
74929
74929
74929
74928
74928
74928
74928
74927
74927
74926
74925
74925
74925
74925
74924
74924
74924
74924
74923
74923
74923
74923
74922
74922
74922
74922
74921
74921
74921
74921
74920
74920
74920
74920
74919
74919
74919
74919
74918
74918
74918
74918
74917
74917
74917
74917
74914
74913
74911
74910
74908
74907
74906
74906
74906
74906
74905
74905
74905
74905
74903
74903
74903
74902
74901
74901
74901
74900
74900
74900
74852
74852
74851
74851
74851
74851
74850
74850
74850
74850
74849
74848
74847
74846
74846
74845
74845
74845
74844
74844
74844
74844
74843
74843
74843
74843
74842
74842
74841
74840
74840
74840
74839
74839
74839
74839
74837
74837
74837
74836
74836
74836
74836
74835
74835
74835
74835
74834
74834
74834
74834
74832
74832
74832
74831
74831
74831
74831
74830
74830
74830
74830
74829
74829
74829
74829
74828
74828
74828
74828
74827
74827
74827
74827
74825
74825
74825
74824
74824
74824
74824
74823
74823
74823
74823
74822
74822
74822
74822
74821
74821
74821
74821
74820
74820
74820
74820
74820
74819
74819
74819
74819
74818
74818
74818
74818
74817
74817
74817
74817
74816
74816
74816
74816
74815
74815
74815
74815
74814
74814
74814
74814
74812
74812
74812
74811
74811
74811
74811
74810
74810
74810
74810
74809
74809
74809
74809
74808
74808
74808
74808
74807
74807
74807
74807
74806
74806
74806
74806
74805
74805
74805
74805
74804
74804
74804
74804
74804
74803
74803
74803
74802
74802
74802
74802
74802
74801
74801
74798
74797
74795
74794
74792
74790
74790
74789
74788
74786
74786
74786
74786
74785
74785
74785
74785
74784
74784
74784
74784
74783
74783
74783
74783
74782
74782
74782
74782
74780
74780
74778
74778
74778
74778
74777
74777
74777
74777
74776
74776
74776
74776
74775
74775
74775
74773
74773
74773
74773
74772
74772
74772
74772
74770
74770
74770
74769
74769
74769
74769
74768
74768
74768
74766
74766
74766
74766
74765
74764
74763
74763
74763
74763
74762
74762
74762
74761
74761
74761
74760
74760
74760
74760
74759
74759
74759
74759
74758
74758
74758
74758
74756
74756
74756
74755
74755
74755
74755
74754
74754
74754
74754
74753
74753
74753
74753
74752
74752
74752
74752
74751
74751
74751
74751
74750
74750
74750
74750
74750
74749
74749
74749
74749
74748
74748
74748
74748
74747
74747
74747
74747
74746
74746
74746
74746
74745
74744
74744
74743
74743
74743
74743
74742
74742
74742
74742
74741
74741
74741
74741
74740
74740
74740
74740
74739
74739
74739
74739
74738
74738
74738
74738
74737
74737
74737
74737
74736
74736
74736
74736
74735
74735
74735
74735
74734
74734
74734
74734
74733
74733
74733
74733
74732
74732
74732
74732
74732
74731
74731
74731
74731
74729
74727
74725
74724
74722
74721
74721
74720
74720
74720
74720
74719
74719
74719
74719
74718
74718
74718
74718
74717
74717
74717
74717
74715
74715
74714
74713
74713
74713
74713
74712
74712
74712
74712
74711
74711
74711
74711
74710
74710
74709
74708
74708
74708
74708
74707
74707
74707
74706
74705
74705
74705
74705
74704
74704
74704
74704
74703
74703
74703
74703
74702
74702
74701
74700
74700
74700
74700
74699
74699
74699
74699
74698
74698
74698
74698
74697
74697
74697
74697
74696
74696
74696
74696
74695
74695
74694
74694
74693
74693
74693
74693
74692
74692
74692
74692
74691
74691
74691
74691
74690
74690
74690
74690
74689
74689
74689
74687
74687
74687
74687
74686
74686
74686
74686
74685
74685
74685
74685
74684
74684
74684
74684
74683
74683
74683
74683
74682
74679
74678
74678
74678
74678
74677
74677
74677
74677
74676
74676
74676
74676
74675
74675
74675
74675
74674
74674
74674
74674
74674
74673
74673
74673
74673
74672
74672
74672
74672
74671
74671
74671
74671
74670
74670
74670
74670
74669
74669
74669
74669
74668
74668
74668
74668
74668
74667
74667
74667
74667
74666
74666
74666
74665
74665
74665
74665
74664
74664
74664
74664
74663
74663
74661
74660
74658
74657
74655
74654
74653
74653
74653
74652
74652
74652
74652
74652
74651
74651
74651
74649
74649
74648
74647
74647
74647
74647
74646
74646
74646
74646
74645
74645
74645
74645
74644
74644
74643
74642
74642
74642
74642
74641
74641
74641
74640
74639
74639
74639
74639
74638
74638
74638
74638
74637
74637
74637
74637
74636
74636
74635
74634
74634
74634
74634
74633
74633
74633
74632
74632
74632
74632
74631
74631
74631
74631
74630
74630
74630
74630
74629
74629
74629
74628
74627
74627
74627
74627
74626
74626
74626
74626
74625
74625
74625
74625
74624
74624
74624
74624
74623
74623
74623
74623
74621
74621
74619
74619
74619
74619
74618
74618
74618
74618
74617
74617
74617
74617
74616
74616
74616
74616
74614
74614
74614
74613
74613
74613
74613
74612
74612
74612
74612
74611
74611
74611
74611
74610
74610
74610
74610
74609
74609
74609
74609
74609
74608
74608
74608
74608
74607
74607
74607
74607
74606
74606
74606
74606
74605
74605
74605
74605
74604
74604
74604
74604
74603
74603
74603
74603
74602
74602
74602
74602
74601
74601
74601
74601
74600
74600
74600
74600
74599
74599
74599
74599
74598
74598
74598
74598
74597
74597
74597
74597
74596
74593
74592
74590
74589
74587
74586
74585
74585
74585
74585
74584
74583
74583
74581
74581
74580
74580
74580
74580
74579
74579
74579
74579
74578
74578
74578
74578
74577
74576
74576
74576
74575
74575
74575
74575
74574
74573
74573
74572
74572
74572
74572
74571
74571
74571
74571
74570
74570
74570
74570
74569
74568
74567
74567
74567
74567
74566
74566
74566
74566
74565
74565
74565
74565
74564
74564
74564
74564
74563
74563
74563
74563
74562
74562
74561
74560
74560
74560
74560
74559
74559
74559
74558
74558
74558
74558
74557
74557
74557
74557
74556
74556
74556
74556
74555
74554
74554
74552
74552
74552
74551
74551
74551
74551
74550
74550
74550
74550
74549
74549
74546
74546
74546
74546
74545
74545
74545
74545
74544
74544
74544
74544
74543
74543
74543
74543
74542
74542
74542
74542
74542
74541
74541
74541
74541
74540
74540
74540
74540
74539
74539
74539
74539
74538
74538
74538
74538
74537
74537
74537
74537
74536
74536
74536
74536
74535
74535
74535
74535
74534
74534
74534
74534
74533
74533
74533
74533
74532
74532
74532
74532
74531
74531
74531
74531
74531
74530
74530
74530
74530
74529
74529
74529
74529
74528
74528
74528
74528
74527
74527
74527
74527
74525
74524
74522
74521
74520
74517
74516
74515
74514
74514
74514
74514
74513
74513
74513
74513
74512
74512
74512
74511
74511
74511
74510
74509
74509
74509
74509
74508
74508
74508
74506
74506
74506
74506
74505
74505
74505
74505
74504
74504
74504
74504
74503
74503
74503
74501
74501
74501
74501
74500
74500
74500
74500
74499
74499
74499
74499
74498
74498
74498
74498
74497
74497
74497
74496
74495
74495
74495
74493
74493
74493
74493
74492
74492
74492
74492
74491
74491
74491
74491
74490
74490
74490
74490
74489
74489
74489
74489
74488
74487
74487
74485
74485
74485
74484
74484
74484
74484
74483
74483
74483
74481
74481
74481
74481
74480
74480
74480
74480
74480
74479
74479
74479
74479
74478
74478
74478
74478
74477
74477
74477
74477
74476
74476
74476
74476
74475
74475
74475
74475
74474
74474
74474
74474
74473
74473
74473
74473
74472
74472
74472
74472
74471
74471
74471
74471
74470
74470
74470
74470
74469
74469
74469
74469
74468
74468
74468
74468
74468
74467
74467
74467
74467
74466
74466
74466
74466
74465
74465
74465
74465
74464
74464
74464
74464
74463
74463
74463
74463
74462
74462
74462
74462
74461
74461
74461
74461
74460
74460
74460
74460
74459
74458
74455
74453
74452
74450
74449
74449
74449
74448
74448
74448
74447
74447
74447
74447
74446
74445
74445
74444
74444
74444
74444
74443
74443
74442
74441
74441
74441
74440
74440
74440
74440
74440
74439
74439
74439
74439
74438
74438
74436
74436
74436
74436
74435
74435
74435
74435
74434
74434
74434
74434
74434
74433
74433
74433
74433
74432
74432
74432
74432
74431
74431
74430
74429
74429
74429
74429
74428
74428
74428
74428
74427
74427
74427
74427
74426
74426
74426
74426
74425
74425
74425
74425
74423
74423
74421
74421
74421
74421
74420
74420
74420
74418
74418
74418
74418
74417
74417
74417
74417
74417
74416
74416
74416
74416
74415
74413
74412
74412
74412
74412
74411
74411
74411
74411
74410
74410
74410
74410
74409
74409
74409
74409
74408
74408
74408
74408
74407
74406
74405
74405
74405
74404
74404
74404
74403
74403
74403
74402
74402
74402
74401
74401
74401
74401
74400
74400
74400
74400
74399
74399
74399
74399
74398
74398
74398
74397
74397
74397
74397
74396
74396
74396
74396
74395
74395
74395
74394
74394
74394
74394
74393
74393
74393
74393
74392
74392
74392
74391
74391
74391
74391
74390
74390
74390
74390
74389
74389
74389
74389
74388
74388
74387
74385
74384
74382
74380
74379
74379
74378
74378
74378
74376
74376
74376
74376
74375
74375
74375
74375
74373
74373
74373
74372
74372
74372
74372
74371
74371
74371
74371
74370
74370
74370
74370
74368
74368
74368
74367
74367
74367
74367
74366
74366
74366
74366
74365
74365
74365
74365
74364
74364
74364
74364
74363
74363
74363
74363
74361
74361
74361
74360
74360
74359
74359
74359
74358
74358
74358
74358
74358
74357
74357
74357
74357
74356
74356
74356
74356
74354
74354
74352
74352
74352
74352
74350
74350
74350
74349
74349
74349
74349
74348
74348
74348
74348
74347
74347
74347
74347
74346
74346
74345
74344
74343
74343
74342
74342
74342
74342
74341
74341
74341
74341
74340
74340
74340
74340
74339
74339
74339
74339
74338
74338
74338
74338
74337
74337
74337
74337
74336
74336
74336
74336
74335
74335
74335
74335
74334
74334
74334
74334
74333
74333
74333
74333
74332
74332
74332
74332
74331
74331
74331
74331
74330
74330
74330
74330
74329
74329
74329
74329
74328
74328
74328
74328
74328
74327
74327
74327
74327
74326
74326
74326
74326
74325
74325
74325
74325
74324
74324
74324
74324
74323
74323
74323
74323
74322
74322
74322
74322
74321
74321
74321
74318
74317
74315
74313
74311
74310
74309
74309
74309
74309
74308
74308
74306
74306
74306
74305
74305
74305
74304
74304
74304
74304
74304
74303
74303
74303
74303
74301
74301
74301
74300
74300
74300
74300
74299
74299
74299
74299
74298
74298
74298
74298
74297
74297
74297
74297
74296
74296
74296
74296
74294
74294
74294
74293
74293
74293
74293
74292
74292
74292
74292
74291
74291
74291
74291
74290
74290
74290
74289
74289
74289
74287
74287
74285
74284
74284
74284
74283
74283
74283
74283
74282
74282
74282
74282
74281
74281
74281
74281
74280
74280
74280
74280
74279
74277
74276
74275
74275
74274
74274
74273
74273
74273
74273
74272
74272
74272
74272
74272
74271
74271
74271
74271
74270
74270
74270
74270
74269
74269
74269
74269
74268
74268
74268
74268
74267
74267
74267
74267
74266
74266
74266
74266
74265
74265
74265
74265
74264
74264
74264
74264
74263
74263
74263
74263
74262
74262
74262
74262
74261
74261
74261
74261
74260
74260
74259
74259
74259
74259
74258
74258
74258
74258
74257
74257
74257
74257
74256
74256
74256
74256
74255
74255
74255
74255
74255
74254
74254
74254
74253
74253
74253
74253
74253
74252
74252
74252
74252
74251
74251
74251
74251
74249
74248
74246
74245
74242
74241
74240
74239
74239
74239
74239
74238
74238
74238
74238
74237
74237
74237
74236
74236
74236
74235
74234
74234
74234
74234
74233
74233
74233
74233
74232
74232
74232
74232
74231
74231
74231
74231
74230
74230
74230
74230
74229
74229
74228
74227
74227
74227
74226
74226
74226
74226
74225
74225
74225
74225
74224
74224
74224
74224
74223
74223
74223
74223
74221
74218
74218
74217
74216
74216
74216
74216
74215
74215
74215
74215
74214
74214
74214
74214
74213
74213
74213
74213
74212
74212
74212
74212
74210
74210
74209
74208
74208
74208
74208
74207
74207
74207
74207
74206
74206
74206
74206
74205
74205
74205
74205
74204
74204
74204
74204
74203
74203
74203
74203
74203
74202
74202
74202
74202
74201
74201
74201
74201
74200
74200
74200
74200
74199
74199
74199
74199
74198
74198
74198
74198
74197
74197
74197
74197
74196
74196
74196
74196
74195
74195
74195
74195
74194
74194
74194
74194
74193
74193
74193
74193
74192
74192
74192
74192
74191
74191
74191
74191
74190
74190
74190
74190
74189
74189
74189
74189
74188
74188
74188
74188
74187
74187
74187
74187
74186
74186
74186
74186
74185
74185
74185
74185
74184
74184
74184
74184
74181
74180
74178
74177
74175
74173
74173
74173
74172
74172
74172
74172
74171
74171
74171
74169
74169
74169
74169
74168
74168
74168
74168
74167
74167
74167
74167
74166
74166
74166
74166
74165
74165
74165
74165
74164
74164
74164
74163
74162
74162
74162
74162
74161
74161
74161
74161
74160
74160
74160
74160
74159
74159
74159
74159
74158
74157
74156
74156
74154
74154
74153
74152
74152
74152
74152
74151
74151
74151
74151
74150
74150
74150
74150
74149
74149
74149
74149
74148
74148
74148
74148
74146
74146
74143
74143
74143
74143
74142
74142
74142
74142
74141
74141
74141
74141
74140
74140
74140
74140
74139
74139
74139
74139
74138
74137
74137
74136
74136
74136
74136
74135
74135
74135
74135
74134
74134
74134
74134
74134
74133
74133
74133
74132
74132
74132
74132
74132
74130
74130
74130
74129
74129
74129
74129
74128
74128
74128
74128
74127
74127
74127
74126
74126
74126
74125
74125
74125
74125
74124
74124
74124
74124
74123
74123
74123
74123
74122
74122
74122
74122
74121
74121
74121
74121
74120
74120
74120
74120
74119
74119
74119
74119
74118
74118
74118
74118
74117
74117
74117
74117
74116
74116
74116
74114
74114
74114
74114
74113
74113
74113
74113
74111
74110
74108
74107
74105
74103
74103
74103
74103
74101
74101
74101
74100
74100
74100
74100
74099
74099
74099
74099
74098
74098
74098
74098
74097
74097
74097
74097
74096
74096
74096
74096
74094
74094
74093
74093
74093
74093
74092
74092
74092
74092
74091
74091
74091
74091
74090
74089
74089
74089
74088
74088
74088
74086
74086
74085
74084
74084
74084
74084
74083
74083
74083
74083
74082
74082
74082
74082
74081
74081
74081
74081
74080
74080
74080
74080
74078
74078
74076
74076
74076
74076
74075
74075
74075
74074
74074
74074
74074
74073
74073
74073
74073
74072
74072
74072
74071
74071
74071
74070
74069
74069
74069
74069
74068
74068
74068
74068
74067
74067
74067
74067
74066
74066
74066
74066
74065
74065
74065
74065
74064
74064
74064
74064
74063
74063
74063
74063
74062
74062
74062
74062
74062
74061
74061
74061
74061
74060
74060
74060
74060
74059
74059
74059
74059
74058
74058
74058
74058
74057
74057
74057
74057
74056
74056
74056
74056
74055
74055
74055
74055
74054
74054
74054
74054
74053
74053
74053
74053
74052
74052
74052
74052
74051
74051
74050
74049
74049
74049
74049
74048
74048
74048
74048
74048
74047
74047
74047
74047
74046
74046
74046
74043
74042
74040
74038
74036
74035
74035
74034
74034
74034
74034
74033
74033
74033
74032
74032
74032
74032
74031
74031
74031
74031
74030
74030
74030
74030
74028
74028
74027
74027
74027
74027
74026
74026
74026
74026
74025
74025
74023
74023
74023
74023
74022
74022
74022
74022
74021
74020
74020
74018
74018
74018
74018
74017
74017
74017
74016
74016
74016
74016
74015
74015
74015
74015
74015
74014
74014
74014
74014
74013
74010
74010
74008
74008
74008
74008
74007
74007
74007
74007
74007
74006
74006
74006
74006
74005
74005
74005
74005
74004
74004
74004
74004
74002
74002
74002
74001
74001
74001
74001
74000
74000
74000
74000
73999
73999
73999
73999
73998
73998
73998
73998
73997
73997
73997
73997
73996
73996
73996
73996
73995
73995
73995
73995
73994
73994
73994
73994
73993
73993
73993
73993
73992
73992
73992
73992
73991
73991
73991
73991
73991
73990
73990
73990
73990
73989
73989
73989
73989
73988
73988
73988
73988
73987
73987
73987
73987
73986
73986
73986
73986
73985
73985
73985
73985
73984
73983
73983
73982
73982
73982
73982
73981
73981
73981
73981
73980
73980
73980
73980
73979
73979
73979
73979
73978
73978
73978
73978
73978
73977
73977
73977
73975
73974
73971
73970
73968
73967
73966
73966
73966
73966
73965
73965
73965
73964
73964
73964
73964
73963
73963
73963
73961
73961
73961
73961
73960
73960
73960
73960
73959
73958
73958
73958
73957
73957
73957
73956
73956
73956
73956
73956
73955
73954
73954
73952
73952
73952
73951
73951
73951
73950
73950
73950
73950
73950
73949
73949
73949
73949
73948
73948
73948
73948
73947
73947
73944
73944
73943
73942
73942
73942
73942
73941
73941
73941
73941
73940
73940
73940
73940
73939
73939
73939
73939
73938
73938
73938
73938
73936
73936
73936
73936
73935
73935
73935
73935
73934
73934
73934
73934
73933
73933
73933
73933
73932
73932
73932
73932
73931
73931
73931
73931
73930
73930
73930
73930
73929
73929
73929
73929
73928
73928
73928
73928
73927
73927
73927
73927
73926
73926
73926
73926
73926
73925
73925
73925
73925
73924
73924
73924
73924
73923
73923
73923
73923
73922
73922
73922
73922
73921
73921
73921
73921
73920
73920
73920
73920
73919
73918
73918
73917
73917
73917
73917
73916
73916
73916
73916
73915
73915
73915
73915
73914
73914
73914
73914
73913
73913
73913
73913
73912
73912
73912
73912
73911
73911
73911
73911
73911
73910
73910
73910
73909
73908
73906
73905
73903
73902
73900
73900
73900
73883
73883
73882
73882
73882
73882
73880
73879
73879
73879
73879
73878
73877
73877
73876
73876
73876
73876
73875
73875
73875
73875
73874
73874
73874
73874
73874
73872
73872
73870
73870
73870
73870
73869
73869
73869
73869
73868
73868
73868
73868
73867
73867
73867
73867
73866
73866
73866
73866
73865
73864
73864
73861
73861
73861
73860
73860
73860
73860
73859
73859
73859
73859
73858
73858
73858
73858
73857
73857
73857
73857
73856
73856
73855
73854
73854
73854
73854
73853
73853
73853
73853
73852
73852
73852
73852
73851
73851
73851
73851
73849
73849
73849
73849
73848
73848
73848
73848
73847
73847
73847
73847
73846
73846
73846
73846
73845
73845
73845
73845
73844
73844
73844
73843
73843
73842
73840
73839
73839
73838
73836
73836
73836
73835
73835
73835
73835
73834
73834
73834
73833
73833
73833
73832
73832
73832
73831
73831
73831
73830
73596
73596
73595
73595
73595
73595
73594
73594
73594
73594
73593
73593
73593
73593
73592
73592
73592
73592
73591
73591
73591
73591
73590
73590
73590
73590
73589
73589
73589
73589
73588
73588
73588
73588
73587
73587
73587
73587
73586
73586
73586
73586
73585
73585
73581
73579
73496
73495
73493
73492
73491
73491
73490
73489
73489
73488
73487
73487
73487
73487
73486
73486
73486
73486
73485
73485
73485
73485
73484
73484
73484
73484
73483
73482
73482
73480
73480
73479
73479
73479
73478
73478
73478
73478
73477
73477
73477
73477
73476
73476
73476
73476
73475
73475
73475
73475
73473
73473
73471
73471
73471
73470
73470
73470
73470
73469
73469
73469
73469
73469
73468
73468
73468
73468
73467
73467
73467
73467
73466
73465
73465
73464
73464
73464
73464
73463
73463
73463
73463
73462
73462
73462
73462
73461
73461
73460
73459
73459
73458
73458
73458
73458
73457
73457
73457
73457
73456
73456
73456
73456
73455
73455
73455
73455
73454
73454
73454
73454
73453
73453
73453
73453
73453
73452
73452
73452
73452
73451
73451
73451
73451
73450
73450
73450
73450
73449
73449
73448
73448
73448
73447
73445
73444
73442
73442
73441
73441
73441
73441
73440
73440
73439
73438
73438
73438
73437
73437
73437
73436
73436
73435
73435
73435
73434
73434
73433
73433
73389
73389
73389
73389
73388
73388
73388
73388
73387
73387
73387
73387
73386
73386
73386
73386
73385
73385
73385
73385
73384
73384
73384
73383
73383
73383
73383
73383
73382
73379
73377
73375
73373
73372
73370
73370
73370
73370
73369
73369
73369
73369
73368
73368
73368
73368
73367
73367
73367
73367
73366
73366
73365
73364
73363
73363
73362
73362
73362
73362
73361
73361
73361
73361
73360
73360
73360
73360
73359
73359
73359
73359
73358
73358
73358
73357
73356
73354
73353
73353
73353
73352
73352
73352
73352
73351
73351
73351
73351
73351
73350
73350
73350
73350
73349
73349
73349
73349
73347
73347
73347
73346
73346
73346
73346
73345
73345
73345
73345
73344
73344
73344
73344
73343
73343
73341
73341
73341
73340
73340
73340
73340
73339
73339
73339
73339
73338
73338
73338
73338
73337
73337
73337
73337
73336
73336
73334
73334
73334
73334
73333
73333
73333
73333
73332
73332
73332
73332
73331
73331
73331
73331
73331
73330
73330
73330
73330
73329
73329
73328
73327
73327
73327
73327
73326
73326
73326
73326
73325
73325
73325
73325
73324
73324
73324
73324
73323
73323
73323
73323
73322
73322
73322
73322
73321
73321
73321
73321
73320
73320
73320
73320
73319
73319
73319
73319
73318
73318
73318
73318
73317
73317
73317
73317
73316
73316
73316
73316
73315
73315
73315
73315
73315
73314
73314
73314
73314
73313
73313
73313
73313
73311
73286
73284
73283
73281
73280
73279
73279
73279
73279
73278
73278
73278
73278
73277
73277
73277
73275
73275
73274
73274
73273
73273
73273
73272
73272
73272
73272
73271
73271
73271
73271
73271
73270
73270
73270
73270
73269
73269
73269
73267
73267
73265
73265
73265
73265
73264
73264
73263
73263
73263
73263
73263
73262
73262
73262
73262
73261
73261
73261
73261
73260
73260
73258
73257
73257
73257
73256
73256
73256
73256
73255
73255
73255
73255
73254
73254
73254
73254
73253
73252
73252
73251
73251
73251
73251
73250
73250
73250
73250
73249
73249
73249
73249
73248
73248
73248
73248
73247
73247
73247
73245
73245
73244
73243
73243
73243
73243
73242
73242
73242
73242
73241
73241
73241
73241
73240
73240
73240
73240
73239
73237
73235
73234
73234
73234
73233
73233
73232
73232
73232
73231
73231
73230
73230
73230
73229
73229
73229
73228
73228
73227
73227
73227
73226
73226
73226
73225
73225
73225
73224
73224
73224
73175
73175
73175
73174
73174
73174
73174
73173
73173
73173
73173
73172
73172
73172
73172
73171
73171
73171
73171
73170
73170
73170
73170
73169
73169
73169
73169
73168
73168
73168
73168
73167
73167
73167
73167
73166
73166
73166
73166
73163
73162
73160
73159
73157
73156
73155
73155
73155
73155
73154
73153
73152
73151
73151
73151
73150
73150
73150
73150
73149
73149
73149
73149
73148
73148
73148
73148
73147
73147
73147
73147
73146
73146
73144
73144
73143
73143
73142
73142
73142
73142
73141
73141
73141
73141
73140
73140
73140
73140
73139
73139
73139
73139
73138
73138
73138
73135
73135
73135
73134
73134
73134
73134
73133
73133
73133
73133
73132
73132
73132
73132
73131
73131
73130
73129
73129
73129
73129
73128
73128
73128
73128
73127
73127
73127
73127
73126
73126
73126
73126
73125
73125
73125
73125
73123
73123
73121
73121
73121
73121
73120
73120
73120
73120
73119
73119
73119
73119
73118
73118
73118
73116
73116
73116
73116
73115
73115
73115
73115
73114
73114
73114
73114
73114
73113
73113
73113
73111
73111
73111
73110
73110
73110
73110
73109
73109
73109
73109
73109
73108
73108
73108
73108
73107
73107
73107
73107
73106
73106
73106
73106
73105
73105
73105
73105
73104
73104
73104
73104
73103
73103
73103
73103
73102
73102
73102
73102
73101
73101
73101
73101
73100
73100
73100
73100
73099
73099
73099
73099
73098
73098
73098
73098
73097
73097
73097
73097
73096
73096
73096
73096
73094
73092
73091
73088
73086
73083
73083
73081
73081
73081
73081
73080
73080
73080
73080
73079
73079
73079
73079
73078
73078
73078
73078
73077
73077
73077
73077
73076
73075
73075
73073
73073
73073
73072
73072
73072
73072
73071
73071
73071
73071
73070
73070
73070
73070
73069
73069
73069
73069
73069
73068
73067
73067
73066
73066
73066
73066
73065
73065
73065
73065
73064
73064
73064
73064
73063
73063
73063
73061
73061
73061
73061
73060
73060
73060
73060
73059
73059
73059
73059
73058
73058
73058
73058
73057
73057
73057
73057
73057
73055
73055
73053
73053
73053
73053
73052
73052
73052
73052
73051
73051
73051
73051
73049
73049
73049
73048
73048
73048
73048
73047
73047
73047
73047
73047
73046
73046
73046
73046
73045
73045
73045
73045
73044
73044
73044
73044
73043
73043
73043
73043
73042
73042
73042
73042
73041
73041
73041
73041
73040
73040
73040
73040
73039
73039
73039
73039
73038
73038
73038
73038
73038
73037
73037
73037
73037
73036
73036
73036
73036
73035
73035
73035
73035
73034
73034
73034
73034
73033
73033
73033
73033
73032
73032
73032
73032
73031
73031
73031
73031
73030
73030
73030
73030
73029
73029
73029
73029
73028
73028
73028
73028
73025
73022
73021
73019
73018
73016
73016
73016
73016
73015
73015
73015
73014
73014
73014
73013
73013
73013
73013
73012
73012
73012
73010
73010
73009
73008
73008
73008
73008
73007
73007
73007
73007
73006
73006
73006
73006
73005
73005
73005
73005
73004
73004
73004
73004
73001
73001
73000
73000
73000
73000
72999
72999
72999
72999
72998
72998
72998
72998
72997
72997
72997
72995
72995
72995
72995
72994
72994
72993
72993
72993
72992
72992
72992
72992
72991
72991
72991
72991
72990
72990
72990
72990
72988
72988
72986
72986
72986
72986
72985
72985
72985
72985
72984
72983
72982
72982
72982
72982
72981
72981
72981
72981
72980
72980
72980
72978
72978
72978
72978
72977
72977
72977
72977
72977
72976
72976
72976
72976
72975
72975
72975
72975
72974
72974
72974
72973
72973
72973
72973
72973
72972
72972
72972
72972
72971
72971
72971
72971
72970
72970
72970
72970
72969
72969
72969
72969
72968
72968
72968
72968
72967
72967
72967
72967
72966
72966
72966
72966
72965
72965
72965
72965
72964
72964
72964
72964
72963
72963
72963
72963
72963
72962
72962
72962
72962
72961
72961
72961
72961
72960
72960
72960
72960
72959
72959
72959
72959
72958
72958
72958
72958
72956
72954
72953
72951
72949
72948
72947
72947
72947
72947
72946
72946
72946
72946
72945
72945
72943
72943
72942
72941
72941
72941
72941
72940
72940
72940
72940
72939
72939
72939
72939
72938
72938
72938
72938
72937
72937
72937
72937
72935
72935
72935
72935
72934
72934
72934
72934
72933
72933
72933
72933
72932
72932
72932
72932
72931
72930
72930
72929
72929
72929
72929
72928
72928
72927
72926
72926
72926
72926
72925
72925
72925
72925
72924
72924
72924
72924
72922
72922
72920
72920
72920
72919
72919
72919
72917
72917
72917
72917
72916
72916
72916
72916
72915
72915
72915
72915
72914
72914
72914
72913
72912
72911
72911
72910
72910
72910
72910
72909
72909
72909
72909
72908
72908
72908
72908
72907
72907
72907
72907
72906
72906
72906
72906
72905
72905
72905
72905
72904
72904
72904
72904
72903
72903
72903
72903
72902
72902
72902
72902
72901
72901
72901
72901
72900
72900
72900
72878
72877
72877
72876
72876
72876
72875
72875
72875
72874
72874
72874
72874
72873
72873
72873
72872
72872
72872
72871
72871
72871
72871
72870
72870
72870
72869
72869
72869
72869
72868
72868
72868
72867
72867
72867
72867
72866
72866
72866
72865
72865
72865
72864
72864
72862
72860
72859
72857
72855
72854
72853
72853
72853
72852
72850
72850
72849
72849
72848
72848
72848
72847
72847
72847
72847
72846
72846
72846
72846
72846
72845
72845
72845
72845
72844
72844
72844
72842
72842
72842
72841
72841
72841
72841
72840
72840
72840
72840
72839
72839
72839
72839
72838
72838
72835
72835
72835
72835
72834
72834
72834
72834
72833
72833
72833
72833
72832
72832
72832
72832
72831
72831
72831
72831
72830
72829
72829
72827
72827
72827
72825
72825
72825
72824
72824
72824
72824
72823
72823
72823
72823
72823
72822
72822
72822
72822
72821
72821
72819
72819
72818
72817
72817
72817
72817
72816
72816
72816
72816
72815
72815
72815
72815
72814
72814
72814
72813
72813
72813
72813
72813
72812
72812
72812
72812
72811
72811
72811
72811
72810
72810
72810
72808
72808
72808
72807
72807
72807
72807
72807
72806
72806
72806
72805
72805
72805
72804
72804
72804
72804
72803
72803
72803
72803
72802
72802
72802
72802
72801
72801
72801
72801
72800
72800
72800
72800
72800
72799
72799
72799
72799
72798
72798
72798
72798
72797
72797
72797
72797
72796
72796
72796
72796
72795
72795
72795
72795
72794
72794
72794
72794
72793
72793
72793
72793
72792
72791
72789
72788
72786
72783
72782
72780
72780
72780
72779
72779
72779
72779
72778
72778
72778
72778
72777
72777
72777
72777
72776
72776
72776
72776
72775
72775
72774
72773
72773
72773
72773
72772
72772
72772
72772
72771
72771
72771
72771
72770
72770
72770
72770
72768
72768
72768
72767
72767
72767
72767
72766
72766
72766
72766
72765
72765
72765
72765
72764
72764
72764
72764
72763
72763
72762
72762
72758
72757
72757
72757
72757
72756
72756
72756
72756
72755
72755
72755
72755
72754
72754
72754
72754
72753
72753
72753
72753
72751
72751
72749
72749
72749
72748
72748
72748
72747
72747
72747
72747
72746
72746
72746
72746
72745
72745
72745
72745
72744
72744
72744
72744
72743
72743
72743
72743
72742
72742
72742
72742
72741
72741
72741
72741
72740
72740
72740
72740
72739
72739
72739
72739
72738
72738
72738
72738
72737
72737
72737
72737
72737
72736
72736
72736
72736
72735
72735
72735
72735
72734
72734
72734
72734
72733
72733
72733
72733
72732
72732
72732
72732
72731
72731
72731
72731
72730
72730
72730
72730
72730
72729
72729
72729
72729
72728
72728
72728
72728
72727
72727
72727
72727
72726
72726
72726
72726
72725
72725
72725
72725
72724
72724
72720
72716
72714
72712
72710
72709
72708
72708
72707
72707
72706
72706
72706
72705
72705
72705
72704
72704
72703
72703
72703
72578
72577
72577
72577
72576
72576
72576
72576
72575
72575
72575
72575
72574
72574
72574
72574
72573
72570
72569
72569
72569
72569
72568
72568
72568
72568
72567
72567
72567
72567
72566
72566
72566
72566
72565
72565
72565
72562
72561
72560
72559
72559
72559
72558
72558
72558
72558
72557
72557
72557
72557
72556
72556
72556
72556
72555
72555
72555
72555
72554
72554
72553
72552
72551
72550
72550
72550
72550
72549
72549
72549
72549
72548
72548
72548
72548
72547
72547
72547
72547
72546
72546
72546
72546
72544
72544
72544
72544
72543
72543
72543
72542
72542
72542
72542
72541
72541
72541
72541
72541
72540
72540
72540
72540
72539
72539
72539
72538
72538
72538
72538
72537
72537
72537
72537
72537
72536
72536
72536
72536
72535
72535
72535
72535
72534
72534
72534
72534
72533
72533
72533
72533
72532
72532
72532
72532
72531
72531
72531
72531
72530
72530
72530
72530
72529
72529
72529
72529
72528
72528
72528
72528
72527
72527
72527
72527
72526
72526
72526
72526
72526
72525
72525
72525
72525
72523
72523
72522
72522
72522
72522
72520
72519
72517
72516
72514
72513
72513
72512
72512
72512
72512
72511
72511
72511
72511
72509
72509
72509
72508
72508
72508
72507
72507
72507
72506
72506
72506
72506
72505
72505
72505
72505
72503
72503
72503
72503
72502
72502
72502
72502
72501
72501
72501
72501
72500
72500
72500
72500
72499
72498
72498
72497
72497
72495
72495
72494
72494
72493
72493
72493
72493
72492
72492
72492
72490
72490
72490
72489
72489
72489
72489
72488
72488
72488
72488
72488
72486
72486
72484
72484
72484
72484
72483
72483
72483
72483
72482
72482
72482
72482
72481
72481
72481
72481
72480
72480
72480
72480
72479
72478
72478
72477
72477
72477
72477
72476
72476
72476
72476
72475
72475
72475
72475
72474
72474
72474
72474
72473
72473
72473
72473
72472
72472
72472
72472
72471
72471
72471
72471
72470
72470
72470
72470
72469
72469
72469
72469
72468
72468
72468
72468
72467
72467
72467
72467
72467
72466
72466
72466
72466
72465
72465
72465
72465
72464
72464
72464
72464
72463
72463
72463
72462
72462
72462
72462
72461
72461
72461
72461
72461
72460
72460
72460
72460
72459
72459
72459
72457
72457
72457
72456
72456
72456
72456
72456
72455
72455
72455
72455
72454
72454
72454
72450
72449
72447
72446
72444
72443
72443
72442
72442
72440
72440
72440
72440
72439
72439
72439
72439
72438
72438
72438
72438
72437
72437
72437
72437
72436
72434
72434
72433
72433
72433
72433
72432
72432
72432
72432
72431
72431
72431
72431
72429
72429
72428
72428
72428
72428
72428
72426
72426
72424
72424
72424
72424
72423
72423
72423
72423
72422
72422
72422
72421
72421
72421
72421
72420
72420
72420
72420
72419
72419
72418
72418
72416
72416
72415
72415
72415
72414
72414
72414
72414
72414
72413
72413
72413
72413
72412
72412
72412
72412
72411
72411
72411
72409
72409
72409
72409
72408
72408
72408
72408
72407
72407
72407
72407
72406
72406
72406
72406
72406
72405
72405
72405
72405
72404
72404
72404
72404
72403
72403
72403
72403
72402
72402
72402
72402
72401
72401
72399
72399
72399
72399
72398
72398
72398
72398
72398
72397
72397
72397
72397
72396
72396
72396
72396
72395
72395
72395
72395
72394
72394
72394
72394
72393
72393
72393
72393
72392
72392
72392
72392
72391
72391
72391
72391
72390
72390
72390
72388
72388
72388
72388
72387
72387
72387
72387
72386
72386
72386
72386
72385
72385
72385
72385
72384
72384
72384
72384
72383
72383
72383
72383
72381
72380
72378
72376
72374
72372
72372
72372
72371
72371
72371
72371
72370
72370
72370
72370
72369
72369
72369
72369
72367
72367
72367
72366
72366
72366
72366
72365
72365
72365
72365
72363
72363
72363
72362
72362
72362
72362
72361
72361
72361
72360
72359
72358
72358
72357
72357
72357
72357
72356
72356
72356
72356
72355
72355
72355
72355
72354
72354
72354
72354
72353
72353
72353
72351
72351
72349
72349
72349
72349
72348
72348
72348
72348
72347
72347
72347
72347
72346
72346
72346
72346
72345
72345
72345
72345
72344
72343
72343
72342
72342
72342
72342
72341
72341
72341
72341
72340
72340
72340
72340
72339
72339
72339
72339
72338
72338
72338
72338
72337
72337
72337
72337
72336
72336
72336
72336
72335
72335
72335
72335
72335
72334
72334
72334
72334
72333
72333
72333
72333
72332
72332
72332
72332
72331
72331
72331
72331
72330
72330
72330
72330
72329
72329
72329
72329
72328
72328
72328
72328
72327
72327
72327
72327
72326
72326
72326
72326
72326
72324
72324
72324
72323
72323
72323
72323
72322
72322
72322
72322
72321
72321
72321
72321
72320
72320
72320
72320
72319
72319
72319
72319
72318
72318
72318
72318
72318
72317
72317
72317
72317
72316
72314
72312
72310
72309
72307
72306
72306
72305
72305
72305
72305
72304
72304
72304
72301
72301
72301
72300
72300
72300
72300
72299
72298
72298
72297
72297
72297
72296
72296
72296
72296
72295
72295
72295
72295
72293
72293
72292
72291
72291
72291
72290
72290
72290
72290
72289
72289
72289
72289
72288
72288
72288
72288
72288
72287
72287
72287
72287
72285
72285
72284
72283
72283
72283
72282
72282
72282
72282
72281
72281
72281
72281
72280
72280
72280
72280
72279
72279
72279
72279
72279
72277
72277
72276
72276
72276
72276
72275
72275
72275
72275
72275
72274
72274
72274
72274
72273
72273
72273
72273
72272
72272
72272
72272
72270
72270
72269
72269
72269
72269
72268
72268
72268
72268
72267
72267
72267
72267
72266
72266
72266
72266
72265
72265
72265
72265
72265
72264
72264
72264
72264
72263
72263
72263
72263
72262
72262
72262
72262
72261
72261
72261
72261
72260
72260
72260
72260
72259
72259
72259
72257
72257
72257
72256
72256
72256
72255
72255
72255
72255
72254
72254
72254
72254
72254
72253
72253
72253
72253
72252
72252
72252
72252
72251
72251
72251
72251
72250
72250
72250
72250
72249
72249
72249
72249
72248
72248
72248
72248
72247
72247
72247
72245
72244
72242
72241
72239
72238
72238
72238
72236
72236
72236
72235
72235
72234
72234
72233
72233
72233
72232
72232
72232
72231
72231
72231
72231
72230
72230
72230
72230
72228
72228
72227
72226
72226
72226
72226
72225
72225
72225
72225
72224
72224
72224
72224
72223
72223
72223
72223
72222
72222
72222
72222
72220
72220
72219
72218
72218
72218
72218
72217
72217
72217
72216
72216
72215
72214
72214
72214
72214
72213
72213
72213
72213
72212
72212
72211
72210
72210
72210
72210
72209
72209
72209
72209
72208
72208
72208
72208
72207
72207
72207
72207
72206
72206
72206
72206
72205
72205
72204
72204
72203
72203
72203
72203
72202
72202
72202
72202
72201
72201
72201
72201
72200
72200
72200
72200
72199
72199
72199
72199
72198
72198
72198
72198
72197
72197
72197
72197
72196
72196
72196
72196
72195
72195
72195
72195
72194
72194
72194
72194
72193
72192
72192
72191
72191
72191
72191
72190
72190
72190
72190
72189
72189
72189
72189
72188
72188
72188
72188
72187
72187
72187
72187
72186
72186
72186
72186
72185
72185
72185
72185
72184
72184
72184
72184
72183
72183
72183
72183
72182
72182
72182
72182
72181
72181
72181
72181
72180
72180
72180
72180
72179
72178
72176
72174
72173
72171
72168
72168
72168
72167
72167
72167
72167
72166
72166
72166
72166
72165
72165
72165
72165
72164
72164
72164
72162
72162
72161
72160
72160
72160
72160
72159
72159
72159
72159
72158
72158
72158
72158
72157
72157
72157
72157
72156
72156
72156
72156
72154
72154
72153
72152
72152
72152
72152
72151
72151
72151
72151
72150
72150
72150
72150
72149
72149
72149
72149
72148
72148
72148
72148
72146
72146
72146
72146
72145
72145
72145
72145
72144
72144
72144
72144
72143
72143
72143
72143
72142
72142
72142
72142
72141
72141
72141
72139
72139
72139
72139
72138
72138
72138
72138
72137
72137
72137
72137
72136
72136
72136
72134
72134
72134
72134
72133
72133
72133
72133
72132
72132
72132
72132
72131
72131
72131
72131
72130
72130
72130
72130
72129
72128
72127
72127
72127
72126
72125
72125
72125
72125
72124
72124
72124
72123
72123
72123
72123
72123
72122
72122
72122
72122
72121
72121
72121
72121
72120
72120
72120
72120
72119
72119
72119
72119
72118
72118
72118
72118
72117
72117
72117
72117
72116
72116
72116
72116
72115
72115
72115
72115
72114
72114
72114
72114
72113
72113
72113
72113
72112
72112
72112
72111
72111
72111
72111
72109
72107
72105
72104
72102
72101
72100
72100
72100
72100
72099
72099
72099
72099
72098
72098
72098
72097
72096
72095
72095
72094
72094
72094
72094
72093
72093
72093
72093
72092
72092
72092
72092
72091
72091
72091
72091
72090
72090
72090
72088
72088
72087
72086
72086
72086
72086
72085
72085
72085
72085
72084
72084
72084
72084
72083
72083
72083
72083
72082
72082
72082
72082
72080
72080
72080
72079
72079
72078
72078
72078
72078
72077
72077
72077
72077
72076
72076
72076
72076
72075
72075
72075
72075
72075
72074
72073
72072
72072
72072
72072
72071
72071
72071
72071
72070
72070
72070
72070
72069
72069
72068
72067
72067
72067
72067
72066
72066
72066
72066
72065
72065
72065
72065
72064
72064
72064
72064
72063
72063
72063
72063
72062
72061
72061
72060
72060
72060
72060
72059
72059
72059
72059
72058
72058
72058
72058
72057
72057
72057
72057
72056
72056
72056
72056
72056
72055
72055
72055
72055
72054
72054
72054
72054
72053
72053
72053
72053
72052
72052
72052
72052
72051
72051
72051
72050
72050
72050
72050
72049
72049
72049
72049
72048
72048
72048
72048
72047
72047
72047
72047
72046
72046
72046
72046
72045
72045
72045
72045
72044
72044
72044
72041
72040
72038
72037
72035
72032
72032
72032
72031
72031
72031
72029
72029
72027
72027
72027
72027
72026
72026
72026
72026
72025
72025
72025
72025
72024
72024
72024
72024
72023
72023
72023
72023
72022
72021
72020
72019
72018
72018
72018
72018
72017
72017
72017
72017
72016
72016
72016
72016
72015
72015
72015
72015
72014
72014
72014
72014
72012
72012
72012
72011
72011
72011
72010
72010
72010
72010
72010
72009
72009
72009
72009
72008
72008
72008
72008
72007
72007
72007
72007
72005
72005
72005
72004
72004
72004
72004
72003
72003
72003
72002
72002
72002
72002
72001
72000
72000
71998
71998
71998
71998
71997
71997
71997
71997
71996
71996
71996
71996
71995
71995
71995
71995
71994
71993
71993
71992
71992
71992
71992
71991
71991
71991
71991
71990
71990
71990
71989
71989
71989
71989
71989
71988
71988
71988
71988
71987
71987
71987
71987
71986
71986
71986
71986
71985
71985
71985
71985
71984
71984
71984
71984
71983
71983
71983
71983
71982
71982
71982
71982
71981
71981
71981
71981
71980
71980
71980
71980
71979
71979
71979
71979
71978
71978
71978
71978
71977
71977
71977
71977
71976
71976
71976
71976
71975
71975
71975
71975
71974
71974
71974
71974
71972
71970
71969
71967
71966
71963
71963
71961
71961
71961
71961
71960
71960
71960
71959
71959
71959
71959
71959
71958
71958
71958
71957
71957
71957
71957
71956
71956
71955
71954
71953
71953
71953
71952
71952
71952
71952
71951
71951
71951
71951
71950
71950
71950
71950
71949
71949
71948
71948
71948
71948
71946
71946
71946
71945
71945
71945
71945
71944
71944
71944
71944
71943
71943
71941
71941
71941
71941
71940
71940
71940
71940
71939
71939
71938
71937
71937
71937
71937
71936
71936
71936
71936
71935
71935
71935
71935
71934
71934
71933
71933
71931
71931
71931
71930
71930
71930
71930
71929
71929
71929
71929
71928
71928
71928
71926
71926
71926
71926
71925
71925
71925
71925
71924
71924
71924
71924
71923
71923
71923
71923
71922
71922
71922
71922
71921
71921
71921
71921
71921
71920
71920
71920
71920
71919
71919
71919
71919
71918
71918
71918
71918
71917
71917
71917
71917
71916
71916
71916
71916
71915
71915
71915
71915
71914
71914
71914
71914
71913
71913
71913
71913
71912
71912
71912
71912
71911
71911
71911
71911
71910
71910
71910
71910
71909
71909
71909
71909
71908
71908
71908
71908
71907
71907
71907
71907
71907
71906
71906
71906
71906
71905
71904
71901
71878
71876
71873
71871
71871
71870
71870
71870
71869
71869
71869
71868
71868
71868
71868
71867
71867
71867
71866
71866
71864
71864
71862
71862
71862
71861
71861
71861
71860
71860
71860
71860
71859
71859
71859
71859
71858
71858
71858
71858
71857
71857
71857
71855
71855
71855
71855
71854
71854
71854
71854
71853
71853
71853
71853
71852
71852
71852
71852
71851
71851
71851
71851
71850
71850
71850
71849
71848
71848
71848
71847
71847
71847
71847
71847
71846
71846
71846
71846
71845
71845
71843
71843
71841
71841
71841
71841
71840
71840
71840
71840
71839
71839
71839
71838
71837
71837
71837
71837
71836
71836
71836
71836
71835
71834
71834
71833
71833
71833
71833
71832
71832
71832
71832
71831
71831
71831
71831
71830
71830
71830
71830
71829
71829
71829
71829
71827
71827
71827
71826
71826
71826
71826
71825
71825
71825
71825
71824
71824
71824
71824
71823
71823
71823
71823
71822
71822
71822
71822
71821
71821
71821
71821
71820
71820
71820
71820
71820
71819
71819
71819
71819
71818
71818
71818
71818
71817
71817
71817
71817
71816
71816
71816
71816
71815
71815
71815
71815
71814
71814
71814
71814
71813
71813
71813
71813
71812
71812
71812
71812
71809
71807
71806
71804
71802
71801
71800
71800
71800
71800
71799
71799
71799
71798
71798
71798
71796
71796
71795
71794
71794
71794
71794
71793
71793
71793
71793
71792
71792
71792
71792
71791
71791
71791
71791
71790
71790
71790
71790
71788
71788
71788
71788
71787
71787
71787
71787
71786
71786
71786
71786
71785
71785
71785
71785
71784
71784
71784
71784
71783
71783
71783
71781
71781
71781
71780
71780
71780
71780
71779
71779
71779
71779
71778
71778
71778
71778
71776
71776
71775
71774
71774
71774
71774
71773
71773
71773
71771
71771
71771
71770
71770
71770
71769
71769
71769
71769
71769
71768
71768
71767
71766
71765
71765
71764
71764
71764
71764
71763
71763
71763
71763
71762
71762
71762
71762
71762
71761
71761
71761
71761
71760
71760
71760
71760
71759
71759
71759
71759
71758
71758
71758
71758
71757
71757
71757
71757
71756
71756
71756
71756
71755
71755
71755
71755
71754
71754
71754
71754
71753
71753
71753
71753
71752
71752
71752
71752
71752
71751
71751
71751
71751
71750
71750
71750
71750
71749
71749
71749
71749
71748
71748
71748
71748
71747
71747
71747
71747
71746
71746
71746
71746
71745
71745
71745
71745
71744
71744
71744
71744
71743
71743
71740
71739
71737
71736
71733
71732
71732
71731
71731
71731
71729
71729
71727
71727
71727
71726
71726
71726
71726
71725
71725
71725
71725
71724
71724
71724
71724
71723
71723
71723
71723
71722
71722
71721
71721
71720
71720
71720
71720
71719
71719
71719
71719
71718
71718
71718
71718
71717
71717
71717
71717
71716
71716
71716
71716
71715
71714
71714
71713
71713
71713
71713
71712
71712
71712
71712
71711
71711
71711
71711
71710
71709
71709
71707
71707
71707
71707
71706
71705
71705
71704
71704
71704
71704
71703
71703
71703
71703
71703
71702
71702
71702
71702
71701
71700
71700
71698
71698
71698
71697
71697
71697
71697
71696
71696
71696
71696
71696
71695
71695
71695
71695
71694
71694
71694
71694
71693
71693
71693
71693
71692
71692
71692
71692
71691
71691
71691
71691
71690
71690
71690
71690
71689
71689
71689
71689
71688
71688
71688
71688
71687
71687
71687
71687
71686
71686
71686
71686
71686
71685
71685
71685
71685
71684
71684
71684
71684
71683
71683
71683
71683
71682
71682
71682
71682
71681
71681
71681
71681
71680
71680
71680
71680
71679
71679
71678
71678
71678
71675
71674
71674
71674
71673
71673
71672
71672
71672
71671
71671
71671
71670
71670
71668
71535
71531
71529
71527
71525
71524
71523
71523
71523
71523
71522
71522
71522
71522
71521
71521
71521
71521
71520
71520
71520
71520
71519
71519
71519
71519
71517
71517
71517
71516
71516
71516
71516
71515
71515
71515
71515
71514
71514
71514
71514
71513
71513
71513
71513
71512
71512
71512
71512
71510
71510
71510
71509
71509
71509
71509
71508
71508
71508
71508
71507
71507
71507
71505
71503
71503
71499
71499
71496
71496
71496
71495
71495
71495
71494
71494
71493
71493
71466
71465
71465
71465
71465
71464
71464
71464
71463
71462
71462
71460
71460
71460
71459
71459
71459
71458
71458
71458
71458
71457
71457
71457
71457
71456
71456
71456
71456
71455
71455
71455
71455
71454
71454
71454
71454
71453
71453
71453
71453
71452
71452
71452
71452
71451
71451
71451
71451
71451
71450
71450
71450
71449
71449
71449
71448
71448
71448
71448
71447
71447
71447
71447
71446
71446
71446
71446
71445
71445
71445
71445
71445
71444
71444
71444
71444
71443
71443
71443
71443
71442
71442
71442
71442
71441
71441
71441
71441
71440
71440
71440
71440
71439
71439
71439
71439
71438
71438
71438
71438
71437
71437
71437
71437
71437
71436
71436
71436
71436
71435
71435
71435
71432
71431
71429
71426
71425
71423
71423
71423
71422
71422
71422
71421
71421
71421
71421
71420
71420
71420
71420
71419
71419
71418
71417
71417
71417
71417
71416
71416
71416
71416
71415
71415
71415
71415
71414
71414
71414
71414
71413
71413
71413
71413
71412
71412
71411
71411
71410
71410
71410
71410
71409
71409
71409
71409
71408
71408
71408
71407
71407
71406
71404
71403
71403
71402
71402
71402
71402
71401
71401
71401
71401
71400
71400
71400
71400
71399
71399
71399
71399
71398
71398
71398
71396
71396
71395
71394
71394
71394
71394
71393
71393
71393
71393
71392
71392
71392
71392
71391
71391
71391
71390
71390
71390
71390
71389
71388
71388
71387
71387
71387
71387
71386
71386
71386
71386
71385
71385
71385
71385
71384
71384
71384
71384
71383
71383
71383
71383
71382
71381
71380
71380
71380
71380
71379
71379
71379
71379
71378
71378
71378
71378
71378
71377
71377
71377
71377
71376
71376
71375
71375
71373
71372
71372
71371
71371
71370
71370
71370
71370
71369
71369
71368
71368
71368
71344
71343
71325
71324
71324
71323
71323
71323
71323
71322
71322
71322
71322
71321
71321
71321
71321
71320
71320
71320
71320
71319
71319
71319
71317
71317
71317
71316
71315
71313
71312
71310
71308
71306
71306
71306
71306
71305
71305
71305
71305
71304
71304
71303
71302
71302
71302
71302
71301
71301
71301
71301
71301
71300
71300
71300
71300
71299
71299
71299
71299
71298
71298
71298
71298
71297
71296
71296
71295
71295
71295
71295
71294
71294
71294
71294
71293
71293
71293
71292
71291
71290
71290
71288
71288
71288
71287
71287
71287
71286
71286
71286
71286
71285
71285
71285
71285
71284
71284
71284
71284
71283
71283
71283
71281
71281
71280
71280
71279
71279
71279
71279
71278
71278
71278
71278
71277
71277
71277
71277
71276
71276
71276
71276
71275
71275
71275
71274
71273
71273
71273
71273
71272
71272
71272
71272
71271
71271
71271
71271
71270
71270
71270
71270
71269
71269
71269
71268
71268
71268
71267
71267
71267
71267
71266
71266
71266
71266
71266
71265
71265
71265
71265
71264
71264
71264
71264
71263
71263
71263
71263
71262
71262
71262
71262
71261
71261
71261
71260
71260
71260
71260
71259
71259
71259
71259
71258
71258
71258
71258
71257
71257
71257
71257
71256
71256
71256
71256
71255
71255
71255
71255
71254
71254
71254
71253
71253
71251
71251
71251
71250
71250
71250
71249
71249
71249
71249
71248
71248
71248
71245
71244
71241
71240
71238
71237
71236
71236
71236
71234
71234
71234
71233
71233
71233
71233
71232
71232
71232
71232
71231
71231
71231
71231
71230
71230
71230
71230
71229
71229
71229
71229
71227
71227
71227
71226
71226
71226
71226
71225
71225
71225
71223
71223
71223
71222
71222
71221
71220
71219
71219
71218
71218
71218
71218
71217
71217
71217
71217
71216
71216
71216
71216
71215
71215
71215
71215
71214
71214
71214
71212
71212
71210
71210
71210
71210
71209
71209
71209
71209
71208
71208
71208
71208
71207
71207
71207
71207
71206
71206
71206
71206
71205
71204
71204
71203
71203
71203
71202
71202
71202
71202
71201
71201
71201
71201
71200
71200
71200
71200
71199
71199
71199
71199
71198
71198
71198
71198
71197
71197
71197
71197
71196
71196
71196
71196
71195
71195
71195
71195
71194
71194
71194
71194
71193
71193
71193
71193
71192
71192
71192
71192
71191
71191
71191
71191
71190
71190
71190
71190
71189
71189
71189
71189
71188
71188
71188
71188
71187
71187
71187
71187
71186
71186
71186
71186
71186
71185
71185
71185
71183
71183
71183
71182
71182
71182
71182
71181
71181
71181
71181
71180
71180
71180
71180
71179
71179
71179
71178
71178
71178
71178
71176
71174
71173
71171
71168
71163
71162
71162
71162
71161
71161
71161
71160
71160
71160
71159
71159
71158
71157
71157
71157
71156
71155
71103
71103
71102
71100
71100
71099
71099
71098
71098
71098
71096
71096
71095
71095
71095
71094
71094
71094
71092
71092
71091
71090
71090
71090
71090
71089
71089
71089
71089
71088
71088
71088
71088
71087
71087
71087
71087
71086
71086
71086
71086
71083
71082
71081
71081
71080
71080
71080
71080
71079
71079
71079
71079
71078
71078
71078
71078
71077
71077
71077
71077
71076
71076
71076
71074
71074
71074
71073
71073
71073
71073
71072
71072
71072
71072
71071
71071
71071
71071
71070
71070
71070
71070
71069
71069
71069
71069
71068
71068
71068
71068
71067
71067
71067
71067
71066
71066
71066
71066
71065
71065
71065
71065
71065
71064
71064
71064
71064
71063
71063
71063
71062
71062
71062
71062
71061
71061
71061
71061
71061
71060
71060
71060
71060
71059
71059
71059
71059
71058
71058
71058
71058
71057
71057
71057
71057
71056
71056
71055
71054
71054
71054
71054
71053
71053
71053
71053
71052
71052
71052
71052
71051
71051
71051
71051
71050
71050
71050
71050
71049
71049
71049
71049
71048
71048
71048
71048
71048
71047
71046
71044
71041
71040
71038
71037
71036
71036
71036
71036
71035
71035
71035
71035
71034
71034
71034
71034
71033
71033
71032
71031
71031
71031
71030
71029
71029
71029
71029
71028
71028
71028
71027
71027
71027
71025
71025
71024
71024
71023
71023
71023
71023
71022
71022
71022
71022
71021
71021
71021
71021
71020
71020
71020
71020
71019
71019
71019
71017
71017
71016
71015
71015
71015
71015
71014
71014
71014
71014
71013
71013
71013
71013
71012
71012
71012
71012
71011
71011
71011
71011
71009
71008
71006
71005
71005
71005
71004
71004
71004
71003
71003
71003
71002
71002
71002
71001
71001
70957
70957
70956
70956
70956
70955
70953
70953
70953
70952
70952
70952
70952
70951
70951
70951
70950
70950
70950
70950
70949
70949
70949
70949
70948
70948
70948
70948
70947
70947
70945
70945
70945
70944
70944
70944
70944
70943
70943
70943
70943
70942
70942
70942
70942
70941
70941
70941
70941
70940
70940
70940
70940
70939
70938
70938
70937
70937
70937
70937
70936
70936
70936
70936
70935
70935
70935
70935
70934
70934
70934
70934
70933
70933
70933
70933
70932
70932
70932
70932
70931
70931
70931
70931
70930
70930
70930
70930
70929
70929
70929
70929
70928
70928
70926
70925
70923
70922
70920
70918
70918
70918
70918
70917
70917
70917
70917
70916
70915
70913
70913
70913
70913
70912
70912
70912
70912
70911
70911
70911
70911
70910
70910
70908
70908
70907
70906
70906
70906
70905
70905
70905
70905
70904
70904
70904
70904
70904
70903
70903
70903
70903
70902
70902
70902
70902
70900
70900
70879
70878
70878
70878
70877
70877
70877
70876
70876
70876
70876
70875
70875
70875
70874
70874
70874
70874
70873
70873
70873
70871
70871
70870
70870
70870
70870
70869
70869
70869
70868
70868
70868
70867
70867
70867
70867
70866
70866
70866
70865
70865
70865
70865
70863
70862
70862
70862
70861
70861
70861
70860
70860
70859
70857
70857
70856
70856
70856
70855
70855
70854
70854
70854
70853
70853
70852
70851
70825
70825
70824
70824
70824
70824
70823
70823
70823
70823
70822
70822
70822
70822
70821
70821
70821
70821
70820
70820
70820
70818
70818
70818
70817
70817
70816
70816
70816
70816
70815
70815
70815
70815
70814
70814
70814
70814
70813
70813
70813
70813
70812
70812
70812
70812
70811
70811
70811
70811
70810
70810
70810
70810
70810
70809
70809
70809
70809
70808
70808
70808
70808
70807
70807
70807
70807
70806
70806
70806
70801
70798
70797
70795
70794
70792
70788
70787
70785
70785
70784
70784
70783
70783
70782
70782
70782
70781
70762
70761
70761
70761
70761
70759
70759
70757
70757
70757
70757
70756
70756
70756
70756
70755
70755
70755
70755
70754
70754
70754
70754
70753
70753
70753
70753
70752
70751
70751
70749
70749
70749
70748
70748
70748
70747
70747
70747
70747
70746
70746
70746
70746
70746
70745
70745
70745
70745
70744
70744
70742
70742
70742
70742
70741
70741
70741
70741
70740
70740
70740
70740
70739
70739
70739
70739
70738
70738
70738
70738
70737
70737
70737
70735
70735
70735
70735
70734
70734
70734
70733
70733
70733
70733
70732
70732
70732
70732
70731
70731
70731
70731
70730
70730
70730
70730
70730
70729
70729
70729
70729
70728
70728
70728
70728
70727
70727
70727
70727
70726
70726
70726
70726
70725
70725
70723
70723
70723
70723
70722
70722
70722
70722
70721
70721
70721
70721
70720
70720
70720
70720
70719
70719
70719
70719
70718
70718
70718
70718
70717
70717
70717
70717
70716
70716
70716
70716
70715
70715
70715
70715
70714
70714
70714
70714
70714
70713
70713
70713
70712
70712
70712
70712
70711
70711
70711
70711
70711
70710
70710
70710
70710
70709
70707
70705
70703
70701
70700
70698
70698
70698
70697
70697
70697
70697
70696
70696
70696
70696
70695
70694
70694
70692
70692
70692
70692
70691
70691
70691
70691
70690
70690
70690
70690
70689
70689
70689
70689
70688
70688
70688
70688
70687
70686
70686
70684
70684
70684
70683
70683
70683
70683
70682
70682
70682
70682
70681
70681
70681
70681
70680
70680
70680
70680
70679
70679
70677
70676
70676
70675
70675
70675
70675
70674
70674
70674
70674
70673
70673
70673
70673
70672
70672
70672
70672
70671
70671
70671
70671
70669
70669
70668
70668
70668
70668
70667
70667
70667
70667
70666
70666
70666
70666
70666
70665
70665
70665
70665
70664
70664
70663
70662
70662
70662
70662
70661
70661
70661
70661
70660
70660
70660
70660
70659
70659
70659
70659
70658
70657
70657
70656
70656
70656
70656
70655
70655
70655
70655
70654
70654
70654
70654
70653
70653
70653
70653
70652
70652
70652
70652
70651
70651
70651
70651
70650
70650
70650
70650
70649
70649
70649
70649
70648
70648
70648
70647
70647
70647
70647
70647
70646
70646
70646
70646
70645
70645
70645
70645
70644
70644
70644
70644
70643
70643
70643
70642
70642
70642
70642
70641
70641
70641
70640
70640
70640
70638
70634
70633
70631
70630
70629
70628
70628
70628
70628
70627
70626
70625
70624
70624
70623
70623
70623
70623
70622
70622
70622
70622
70621
70621
70621
70621
70620
70620
70620
70620
70619
70619
70619
70617
70617
70616
70616
70615
70615
70615
70615
70614
70614
70614
70614
70613
70613
70613
70613
70612
70612
70612
70612
70611
70611
70611
70609
70609
70609
70609
70608
70608
70608
70608
70607
70607
70607
70607
70606
70606
70606
70606
70606
70605
70605
70605
70605
70604
70604
70602
70602
70602
70602
70601
70601
70601
70601
70600
70600
70600
70600
70599
70599
70599
70599
70599
70598
70598
70598
70598
70596
70596
70594
70594
70594
70594
70593
70593
70593
70593
70592
70592
70592
70592
70591
70590
70590
70589
70589
70589
70589
70588
70588
70588
70588
70587
70587
70585
70585
70585
70585
70584
70584
70584
70584
70583
70583
70583
70583
70582
70582
70582
70582
70581
70581
70581
70581
70580
70580
70580
70580
70579
70579
70579
70579
70578
70578
70578
70578
70578
70577
70577
70577
70577
70576
70576
70576
70576
70575
70575
70575
70575
70574
70574
70574
70574
70573
70573
70573
70573
70572
70572
70572
70572
70571
70571
70571
70571
70570
70570
70570
70568
70567
70565
70564
70562
70559
70559
70558
70557
70557
70557
70557
70556
70556
70556
70556
70555
70555
70555
70555
70554
70554
70554
70554
70553
70553
70553
70553
70551
70551
70549
70549
70549
70549
70548
70548
70548
70548
70547
70547
70547
70547
70546
70546
70546
70546
70545
70545
70545
70545
70544
70543
70542
70542
70542
70542
70541
70541
70541
70541
70540
70540
70540
70540
70539
70539
70539
70539
70538
70538
70538
70538
70537
70537
70536
70535
70535
70535
70535
70534
70534
70534
70534
70533
70533
70533
70533
70532
70532
70532
70532
70531
70531
70531
70531
70529
70529
70527
70527
70527
70527
70526
70526
70526
70526
70525
70525
70524
70523
70523
70523
70523
70522
70522
70522
70522
70521
70521
70521
70521
70520
70520
70520
70520
70519
70519
70519
70519
70518
70518
70518
70518
70517
70517
70517
70517
70516
70516
70516
70516
70515
70515
70515
70515
70514
70514
70514
70514
70513
70513
70513
70513
70513
70512
70512
70512
70512
70511
70511
70511
70511
70510
70510
70510
70510
70509
70509
70509
70509
70508
70508
70508
70508
70507
70507
70507
70507
70506
70506
70506
70506
70505
70505
70505
70505
70505
70504
70504
70504
70504
70503
70502
70495
70422
70419
70417
70414
70412
70412
70412
70412
70411
70411
70411
70410
70410
70410
70410
70409
70409
70409
70409
70409
70408
70407
70406
70405
70405
70405
70404
70404
70404
70404
70403
70403
70403
70403
70402
70402
70402
70402
70401
70401
70401
70401
70400
70400
70399
70398
70398
70398
70398
70397
70397
70397
70397
70396
70396
70396
70396
70395
70395
70395
70395
70395
70394
70394
70394
70394
70393
70392
70391
70391
70391
70391
70390
70390
70390
70390
70389
70389
70389
70389
70388
70388
70388
70388
70387
70387
70387
70387
70385
70385
70383
70383
70383
70383
70382
70382
70382
70380
70380
70380
70380
70379
70379
70379
70379
70378
70378
70378
70378
70377
70377
70377
70377
70376
70376
70376
70376
70376
70375
70375
70375
70375
70374
70374
70374
70374
70373
70373
70373
70373
70372
70372
70372
70372
70371
70371
70371
70371
70370
70370
70369
70369
70369
70366
70366
70366
70365
70365
70365
70364
70364
70364
70363
70363
70362
70362
70340
70340
70340
70339
70339
70339
70338
70338
70338
70338
70337
70337
70337
70337
70336
70336
70336
70336
70335
70335
70335
70335
70334
70334
70334
70334
70333
70333
70333
70332
70332
70332
70332
70331
70331
70329
70327
70325
70324
70322
70321
70321
70320
70320
70320
70320
70319
70319
70319
70319
70318
70317
70317
70315
70315
70315
70314
70314
70314
70313
70313
70313
70313
70312
70312
70312
70312
70312
70311
70311
70311
70310
70310
70310
70309
70308
70308
70308
70308
70307
70307
70307
70307
70306
70306
70306
70306
70305
70305
70305
70305
70304
70304
70304
70304
70303
70303
70302
70301
70300
70299
70299
70299
70299
70298
70298
70298
70298
70297
70297
70297
70297
70296
70296
70296
70296
70295
70295
70294
70293
70292
70291
70291
70291
70289
70289
70289
70289
70288
70288
70288
70288
70287
70287
70287
70285
70285
70285
70285
70284
70284
70284
70284
70283
70283
70283
70283
70282
70282
70282
70282
70281
70281
70281
70281
70280
70280
70280
70280
70279
70279
70279
70279
70278
70278
70278
70278
70277
70277
70277
70277
70277
70276
70276
70276
70276
70275
70275
70275
70275
70274
70274
70274
70274
70273
70273
70273
70273
70272
70272
70272
70272
70271
70271
70271
70271
70270
70270
70270
70269
70269
70269
70269
70268
70268
70268
70268
70267
70267
70267
70267
70266
70266
70266
70266
70265
70265
70265
70265
70264
70264
70264
70264
70263
70263
70263
70263
70260
70258
70257
70255
70252
70251
70251
70250
70250
70250
70248
70248
70247
70247
70246
70246
70246
70246
70245
70245
70245
70244
70244
70244
70244
70243
70243
70243
70242
70242
70242
70242
70241
70240
70240
70239
70239
70239
70239
70238
70238
70238
70238
70237
70237
70237
70237
70236
70236
70236
70236
70235
70235
70235
70235
70234
70233
70233
70232
70232
70232
70232
70231
70231
70231
70231
70230
70230
70230
70230
70229
70229
70229
70229
70228
70228
70228
70226
70226
70224
70223
70223
70222
70222
70222
70221
70221
70221
70221
70220
70220
70220
70220
70219
70218
70218
70216
70216
70216
70215
70215
70215
70215
70214
70214
70214
70214
70213
70213
70213
70213
70212
70212
70211
70211
70211
70211
70210
70210
70210
70210
70209
70209
70209
70209
70208
70208
70208
70206
70206
70206
70206
70205
70205
70205
70205
70204
70204
70204
70204
70203
70203
70203
70203
70202
70202
70202
70202
70201
70201
70201
70201
70200
70200
70200
70200
70199
70199
70199
70199
70198
70198
70198
70198
70197
70197
70197
70197
70196
70196
70195
70195
70195
70195
70194
70194
70194
70194
70193
70193
70193
70193
70193
70192
70192
70192
70192
70191
70191
70191
70191
70190
70189
70187
70186
70184
70181
70179
70178
70177
70177
70177
70176
70174
70174
70173
70173
70172
70172
70172
70171
70171
70171
70170
70170
70170
70169
70169
70055
70051
70051
70050
70050
70050
70050
70049
70049
70049
70049
70048
70048
70048
70047
70047
70047
70047
70047
70046
70046
70046
70046
70045
70044
70043
70043
70043
70043
70042
70042
70042
70042
70041
70041
70041
70041
70040
70040
70040
70040
70039
70039
70039
70039
70036
70036
70034
70034
70034
70033
70033
70033
70033
70032
70032
70032
70032
70031
70031
70031
70031
70029
70029
70028
70027
70027
70027
70027
70026
70026
70026
70026
70025
70025
70025
70025
70024
70024
70024
70024
70023
70023
70023
70023
70022
70022
70022
70022
70022
70021
70021
70021
70020
70020
70020
70020
70019
70019
70019
70019
70018
70018
70018
70018
70017
70017
70017
70017
70016
70016
70016
70016
70015
70015
70015
70015
70014
70014
70014
70014
70013
70013
70013
70012
70012
70012
70012
70012
70011
70011
70011
70011
70010
70010
70010
70010
70009
70009
70009
70009
70008
70008
70008
70008
70007
70007
70007
70007
70006
70006
70006
70006
70005
70005
70005
70005
70004
70004
70004
70004
70003
70003
70003
70003
70002
69997
69995
69994
69992
69990
69989
69988
69988
69988
69988
69987
69987
69987
69987
69986
69986
69986
69986
69985
69985
69985
69983
69983
69983
69982
69982
69982
69982
69981
69981
69981
69981
69980
69980
69980
69980
69979
69979
69979
69979
69978
69978
69978
69978
69976
69976
69976
69975
69975
69975
69975
69974
69974
69974
69974
69973
69973
69973
69973
69972
69972
69972
69968
69968
69967
69966
69966
69964
69964
69963
69963
69963
69963
69962
69962
69962
69962
69961
69961
69961
69961
69960
69959
69959
69957
69957
69957
69957
69956
69956
69956
69956
69955
69955
69955
69955
69954
69954
69954
69954
69953
69953
69953
69953
69952
69950
69950
69950
69950
69949
69949
69949
69949
69948
69948
69948
69948
69947
69947
69947
69947
69946
69946
69946
69946
69946
69945
69945
69945
69945
69944
69944
69944
69944
69943
69943
69943
69943
69942
69942
69942
69942
69941
69941
69941
69941
69940
69940
69940
69940
69939
69939
69939
69939
69938
69938
69938
69938
69937
69937
69937
69937
69936
69936
69936
69936
69935
69935
69935
69935
69935
69934
69934
69821
69820
69820
69820
69820
69819
69819
69819
69819
69818
69818
69818
69818
69817
69817
69817
69817
69814
69814
69812
69811
69809
69808
69806
69805
69804
69804
69804
69803
69803
69803
69803
69802
69802
69801
69800
69800
69800
69799
69799
69799
69798
69798
69798
69798
69797
69797
69797
69797
69796
69796
69796
69796
69795
69795
69795
69795
69793
69793
69793
69793
69792
69792
69792
69792
69791
69791
69791
69790
69790
69790
69790
69788
69788
69788
69787
69787
69787
69785
69785
69784
69784
69783
69782
69781
69781
69781
69781
69780
69780
69780
69780
69779
69779
69779
69777
69777
69775
69775
69775
69775
69774
69774
69774
69774
69773
69773
69773
69773
69772
69772
69772
69772
69771
69771
69771
69771
69770
69768
69767
69767
69767
69766
69766
69766
69766
69765
69765
69765
69765
69764
69764
69764
69764
69763
69763
69763
69763
69762
69762
69762
69762
69761
69761
69761
69761
69760
69760
69760
69760
69759
69759
69759
69759
69758
69758
69758
69758
69757
69757
69757
69757
69756
69756
69756
69756
69755
69755
69755
69755
69755
69754
69754
69754
69754
69753
69753
69753
69753
69752
69752
69752
69752
69751
69751
69751
69751
69750
69750
69750
69750
69749
69749
69749
69749
69748
69748
69748
69748
69747
69746
69746
69745
69745
69745
69745
69744
69744
69744
69744
69743
69742
69740
69739
69738
69736
69735
69735
69734
69734
69733
69733
69732
69732
69732
69732
69731
69731
69731
69731
69730
69730
69730
69730
69729
69729
69729
69729
69728
69728
69728
69728
69727
69726
69725
69725
69725
69725
69724
69724
69724
69724
69723
69723
69723
69721
69721
69721
69721
69720
69720
69720
69720
69719
69718
69717
69716
69716
69715
69715
69715
69715
69714
69714
69714
69714
69713
69713
69713
69713
69712
69711
69711
69709
69709
69709
69708
69708
69708
69708
69707
69707
69707
69707
69706
69706
69706
69706
69705
69705
69705
69705
69704
69704
69703
69702
69702
69702
69702
69701
69701
69701
69701
69700
69700
69700
69700
69699
69699
69699
69699
69698
69698
69698
69698
69697
69697
69697
69697
69696
69696
69696
69696
69695
69695
69695
69695
69694
69694
69692
69692
69692
69692
69691
69691
69691
69691
69690
69690
69690
69690
69689
69689
69689
69689
69688
69688
69688
69688
69688
69687
69687
69687
69687
69686
69686
69686
69685
69685
69685
69685
69684
69684
69684
69684
69683
69683
69683
69683
69682
69682
69682
69682
69680
69680
69680
69679
69679
69679
69679
69678
69678
69678
69678
69677
69677
69677
69677
69676
69676
69676
69676
69675
69672
69671
69669
69666
69665
69663
69663
69662
69662
69662
69662
69661
69661
69661
69661
69661
69660
69660
69660
69660
69659
69659
69659
69659
69658
69658
69657
69656
69656
69656
69656
69655
69655
69655
69654
69653
69653
69653
69652
69652
69652
69652
69651
69651
69651
69651
69650
69649
69649
69647
69647
69647
69646
69646
69646
69646
69645
69645
69645
69645
69644
69644
69644
69644
69642
69642
69641
69640
69640
69640
69640
69639
69639
69639
69639
69638
69638
69638
69638
69637
69637
69637
69637
69636
69636
69636
69636
69633
69633
69633
69632
69632
69632
69632
69631
69631
69631
69631
69630
69630
69630
69629
69629
69629
69629
69628
69628
69628
69628
69627
69627
69627
69627
69626
69626
69626
69626
69625
69625
69625
69625
69624
69624
69624
69624
69624
69623
69623
69623
69623
69622
69622
69622
69622
69621
69621
69621
69621
69620
69620
69620
69620
69619
69619
69619
69619
69618
69618
69618
69618
69617
69617
69617
69617
69616
69616
69616
69616
69615
69615
69615
69615
69614
69613
69612
69612
69612
69612
69611
69611
69611
69611
69610
69610
69610
69610
69609
69609
69609
69609
69608
69608
69608
69608
69607
69607
69607
69607
69606
69606
69606
69606
69603
69601
69600
69598
69597
69595
69595
69595
69594
69594
69594
69594
69593
69593
69593
69593
69592
69592
69592
69592
69590
69590
69590
69589
69589
69589
69588
69587
69587
69587
69587
69586
69586
69586
69586
69585
69585
69585
69585
69584
69584
69583
69582
69581
69581
69581
69580
69580
69580
69580
69579
69579
69579
69579
69578
69578
69578
69578
69576
69576
69574
69574
69574
69573
69573
69573
69573
69572
69572
69572
69572
69571
69571
69571
69571
69570
69570
69570
69570
69569
69569
69568
69567
69567
69567
69567
69566
69566
69566
69566
69565
69565
69565
69565
69564
69564
69564
69564
69563
69563
69563
69563
69562
69562
69561
69560
69560
69560
69560
69559
69559
69559
69559
69558
69558
69558
69558
69557
69557
69557
69557
69557
69556
69556
69556
69556
69555
69555
69555
69555
69554
69554
69554
69554
69553
69553
69553
69553
69552
69552
69552
69552
69551
69551
69551
69551
69551
69550
69550
69550
69550
69549
69549
69549
69547
69547
69546
69546
69546
69546
69546
69545
69545
69545
69545
69544
69544
69544
69544
69543
69543
69543
69543
69542
69542
69542
69542
69541
69541
69541
69541
69540
69540
69540
69540
69539
69539
69539
69539
69538
69538
69538
69536
69535
69533
69531
69530
69528
69528
69528
69527
69527
69527
69527
69526
69526
69525
69524
69524
69523
69522
69522
69522
69521
69521
69521
69521
69520
69520
69520
69520
69520
69519
69519
69519
69519
69518
69517
69517
69515
69515
69514
69514
69514
69514
69513
69513
69513
69513
69513
69512
69512
69512
69512
69510
69510
69509
69508
69508
69508
69508
69507
69507
69507
69507
69506
69505
69504
69504
69504
69504
69503
69503
69503
69503
69502
69502
69499
69499
69499
69499
69498
69498
69498
69498
69497
69497
69496
69496
69496
69496
69496
69495
69495
69495
69495
69494
69494
69494
69494
69492
69492
69492
69491
69491
69491
69490
69490
69490
69490
69489
69489
69489
69489
69488
69488
69488
69488
69487
69487
69487
69487
69486
69486
69486
69486
69485
69485
69485
69485
69484
69484
69484
69484
69483
69483
69483
69483
69482
69482
69482
69482
69482
69481
69481
69481
69481
69479
69478
69478
69478
69478
69477
69477
69477
69477
69476
69476
69476
69476
69476
69475
69475
69475
69475
69474
69474
69474
69474
69473
69473
69473
69473
69472
69472
69472
69469
69469
69468
69468
69468
69468
69467
69467
69467
69467
69466
69466
69466
69466
69465
69465
69465
69465
69463
69461
69460
69459
69457
69456
69456
69455
69452
69451
69451
69451
69451
69450
69450
69450
69450
69449
69449
69449
69449
69448
69448
69448
69448
69447
69447
69447
69446
69445
69444
69443
69443
69443
69442
69442
69442
69442
69441
69441
69441
69441
69440
69440
69440
69440
69438
69438
69436
69436
69436
69436
69435
69435
69435
69435
69434
69434
69434
69434
69433
69433
69433
69433
69432
69432
69432
69432
69431
69430
69430
69429
69429
69429
69429
69428
69428
69428
69428
69427
69427
69427
69427
69426
69426
69426
69425
69425
69425
69425
69424
69424
69422
69422
69422
69422
69421
69421
69421
69421
69420
69420
69420
69420
69419
69419
69419
69419
69418
69418
69418
69418
69418
69417
69417
69417
69417
69416
69416
69416
69416
69415
69415
69415
69415
69414
69414
69414
69412
69412
69412
69412
69411
69411
69411
69411
69409
69409
69409
69408
69408
69408
69408
69407
69407
69407
69407
69406
69406
69406
69406
69405
69405
69405
69405
69404
69404
69404
69404
69403
69403
69403
69403
69402
69402
69402
69402
69401
69401
69401
69401
69400
69400
69400
69400
69399
69399
69399
69399
69398
69398
69398
69398
69397
69397
69397
69397
69397
69396
69396
69383
69382
69380
69379
69376
69374
69372
69370
69370
69370
69370
69369
69369
69369
69369
69368
69368
69368
69368
69367
69367
69367
69367
69366
69366
69365
69364
69363
69363
69362
69362
69362
69362
69361
69361
69361
69361
69360
69360
69360
69360
69359
69358
69358
69356
69356
69356
69355
69355
69355
69355
69354
69354
69354
69354
69353
69353
69353
69353
69352
69352
69352
69352
69351
69351
69350
69349
69349
69349
69349
69348
69348
69348
69348
69347
69347
69347
69347
69346
69346
69346
69346
69345
69345
69345
69345
69344
69344
69341
69341
69341
69341
69340
69340
69340
69340
69339
69339
69339
69339
69338
69338
69338
69338
69337
69337
69337
69337
69336
69335
69335
69334
69334
69334
69334
69333
69333
69333
69333
69332
69332
69332
69332
69331
69331
69331
69331
69330
69330
69329
69328
69328
69328
69328
69327
69327
69327
69327
69326
69326
69326
69326
69325
69325
69325
69325
69324
69324
69324
69324
69323
69323
69323
69323
69322
69322
69322
69322
69321
69321
69321
69321
69320
69320
69320
69320
69319
69319
69319
69319
69319
69318
69318
69318
69318
69317
69317
69317
69317
69316
69316
69316
69316
69315
69315
69315
69315
69314
69314
69314
69314
69313
69313
69313
69310
69286
69284
69283
69281
69280
69279
69279
69279
69279
69278
69278
69278
69277
69277
69277
69277
69275
69275
69273
69273
69273
69273
69272
69272
69272
69272
69271
69271
69271
69271
69270
69270
69270
69268
69268
69267
69266
69266
69266
69266
69265
69265
69265
69265
69264
69264
69264
69264
69263
69263
69263
69263
69262
69262
69262
69262
69260
69260
69260
69259
69259
69259
69259
69258
69258
69258
69258
69257
69257
69257
69257
69256
69256
69256
69256
69255
69255
69255
69255
69253
69253
69253
69252
69252
69252
69252
69251
69251
69251
69251
69250
69250
69250
69250
69249
69249
69249
69249
69248
69248
69246
69246
69245
69244
69244
69244
69244
69243
69243
69243
69243
69242
69242
69242
69242
69241
69241
69240
69239
69239
69239
69239
69238
69238
69238
69237
69237
69237
69237
69236
69236
69236
69236
69235
69235
69235
69235
69234
69234
69234
69234
69233
69233
69233
69233
69232
69232
69232
69232
69231
69231
69231
69231
69230
69230
69230
69230
69229
69229
69229
69229
69228
69228
69228
69228
69227
69227
69227
69227
69226
69226
69226
69226
69225
69225
69225
69225
69224
69224
69224
69224
69223
69223
69223
69223
69223
69222
69222
69222
69222
69221
69220
69218
69217
69215
69213
69211
69210
69210
69210
69210
69209
69208
69208
69206
69206
69206
69206
69205
69205
69205
69204
69204
69204
69204
69203
69203
69203
69203
69201
69201
69200
69199
69199
69199
69199
69198
69198
69198
69198
69197
69197
69197
69197
69196
69196
69196
69196
69196
69195
69195
69195
69193
69193
69193
69192
69192
69192
69192
69191
69191
69191
69191
69190
69190
69189
69188
69188
69188
69188
69187
69187
69187
69187
69186
69184
69183
69183
69183
69183
69182
69182
69182
69182
69181
69181
69181
69181
69180
69180
69180
69180
69179
69179
69179
69179
69177
69177
69175
69175
69175
69175
69174
69174
69174
69174
69173
69173
69173
69173
69171
69171
69171
69170
69170
69170
69170
69169
69169
69169
69169
69168
69168
69168
69168
69168
69167
69167
69167
69167
69166
69166
69166
69166
69165
69165
69165
69165
69164
69164
69164
69164
69163
69163
69163
69163
69162
69162
69162
69162
69161
69161
69161
69161
69160
69160
69160
69160
69159
69159
69159
69159
69158
69158
69158
69158
69158
69157
69157
69157
69157
69156
69156
69156
69156
69155
69155
69155
69155
69154
69154
69154
69154
69153
69153
69153
69153
69152
69152
69152
69152
69152
69151
69150
69148
69147
69145
69144
69141
69141
69140
69139
69139
69139
69138
69138
69138
69138
69137
69137
69137
69137
69136
69136
69136
69135
69134
69133
69132
69132
69132
69132
69131
69131
69131
69131
69130
69130
69130
69130
69129
69129
69129
69129
69128
69128
69128
69128
69126
69126
69126
69126
69125
69125
69125
69125
69124
69124
69123
69123
69123
69123
69122
69122
69122
69122
69121
69121
69121
69121
69120
69119
69119
69118
69118
69118
69118
69117
69117
69117
69117
69117
69116
69116
69116
69116
69115
69115
69115
69115
69114
69114
69113
69112
69111
69111
69110
69110
69110
69110
69109
69109
69109
69107
69107
69107
69107
69106
69106
69106
69106
69105
69105
69105
69105
69104
69104
69104
69104
69103
69103
69103
69103
69102
69102
69102
69102
69102
69101
69101
69101
69099
69099
69099
69099
69098
69098
69098
69097
69097
69097
69097
69097
69096
69096
69096
69096
69095
69095
69095
69095
69094
69094
69094
69094
69093
69093
69093
69093
69092
69092
69092
69092
69091
69091
69091
69091
69090
69090
69090
69090
69089
69089
69089
69089
69088
69088
69088
69088
69088
69087
69087
69087
69087
69086
69086
69086
69086
69085
69085
69085
69085
69084
69084
69084
69082
69080
69078
69077
69075
69073
69073
69073
69073
69072
69072
69072
69072
69071
69071
69071
69069
69069
69068
69067
69067
69067
69067
69066
69066
69066
69066
69066
69065
69065
69065
69065
69064
69064
69064
69064
69063
69063
69063
69061
69061
69061
69061
69060
69060
69060
69060
69059
69059
69059
69059
69058
69058
69058
69058
69057
69057
69057
69057
69056
69056
69056
69055
69054
69054
69054
69054
69053
69053
69053
69053
69052
69052
69052
69052
69051
69051
69051
69051
69050
69050
69050
69050
69047
69047
69045
69045
69045
69045
69044
69043
69042
69041
69041
69041
69041
69040
69040
69040
69040
69039
69039
69039
69039
69039
69038
69037
69037
69036
69036
69036
69036
69035
69035
69035
69035
69034
69034
69034
69034
69033
69033
69033
69033
69032
69032
69032
69032
69031
69031
69031
69030
69030
69030
69030
69029
69029
69029
69029
69029
69028
69028
69028
69028
69027
69027
69027
69027
69026
69026
69026
69026
69025
69025
69025
69025
69024
69024
69024
69024
69023
69023
69023
69023
69022
69022
69022
69022
69021
69021
69021
69021
69020
69020
69020
69020
69020
69019
69019
69019
69019
69018
69018
69018
69018
69017
69017
69017
69017
69016
69016
69016
69012
69011
69009
69008
69006
69005
69004
69004
69004
69004
69002
69002
69000
69000
69000
69000
68999
68999
68999
68999
68998
68998
68998
68998
68997
68997
68997
68997
68996
68996
68996
68996
68995
68994
68994
68993
68993
68993
68993
68992
68992
68992
68992
68991
68991
68991
68991
68990
68990
68990
68990
68989
68989
68989
68989
68988
68987
68987
68986
68986
68986
68986
68985
68985
68985
68985
68984
68984
68984
68984
68983
68983
68983
68983
68982
68982
68982
68980
68980
68979
68979
68978
68977
68977
68976
68976
68976
68976
68975
68975
68975
68975
68974
68974
68974
68974
68973
68973
68973
68973
68971
68971
68970
68969
68969
68969
68969
68968
68968
68968
68968
68967
68967
68967
68967
68966
68966
68966
68966
68965
68965
68965
68965
68964
68964
68964
68964
68963
68963
68963
68963
68962
68962
68962
68962
68961
68961
68961
68961
68960
68960
68960
68960
68959
68959
68959
68959
68958
68958
68958
68958
68958
68957
68957
68957
68956
68956
68956
68956
68955
68955
68955
68955
68955
68954
68954
68954
68954
68953
68953
68953
68953
68952
68952
68952
68952
68951
68951
68951
68951
68950
68950
68950
68950
68949
68949
68949
68949
68948
68948
68948
68948
68946
68945
68943
68942
68939
68937
68936
68936
68936
68935
68935
68935
68935
68934
68934
68934
68934
68933
68933
68933
68933
68932
68932
68932
68932
68931
68931
68930
68929
68929
68929
68929
68928
68928
68928
68928
68928
68927
68927
68927
68927
68926
68926
68926
68926
68925
68925
68925
68925
68924
68923
68923
68922
68922
68922
68922
68921
68921
68921
68921
68920
68920
68920
68920
68918
68918
68918
68917
68917
68917
68917
68914
68914
68911
68911
68910
68910
68909
68909
68909
68909
68908
68908
68908
68908
68907
68907
68907
68907
68906
68906
68906
68906
68905
68904
68903
68902
68902
68902
68901
68901
68901
68901
68900
68900
68900
68878
68877
68877
68876
68876
68876
68875
68875
68875
68874
68874
68874
68873
68873
68873
68873
68872
68872
68872
68871
68871
68871
68871
68870
68870
68870
68869
68869
68869
68868
68868
68868
68868
68867
68867
68867
68866
68866
68866
68866
68865
68865
68865
68864
68864
68864
68864
68863
68863
68863
68862
68862
68862
68862
68861
68861
68861
68860
68860
68860
68860
68859
68859
68859
68858
68858
68858
68857
68857
68857
68857
68856
68856
68856
68856
68855
68855
68855
68855
68854
68854
68854
68854
68853
68853
68853
68850
68848
68846
68844
68842
68841
68841
68840
68840
68840
68840
68839
68839
68839
68839
68838
68838
68838
68838
68837
68837
68836
68835
68835
68835
68835
68834
68834
68834
68834
68833
68833
68833
68833
68832
68832
68832
68832
68831
68831
68831
68831
68830
68830
68829
68828
68828
68828
68828
68827
68827
68827
68827
68826
68826
68826
68826
68825
68825
68825
68825
68824
68824
68824
68823
68821
68821
68819
68819
68819
68819
68818
68818
68818
68818
68817
68817
68817
68817
68816
68816
68816
68816
68815
68815
68815
68815
68815
68813
68813
68811
68811
68811
68811
68810
68810
68810
68810
68809
68809
68809
68809
68808
68808
68808
68808
68807
68807
68807
68807
68806
68806
68806
68806
68805
68805
68805
68805
68804
68804
68804
68804
68804
68803
68803
68803
68803
68802
68801
68800
68800
68800
68800
68799
68799
68799
68799
68798
68798
68798
68798
68797
68797
68797
68797
68796
68796
68796
68796
68795
68795
68795
68795
68794
68794
68794
68794
68793
68793
68793
68793
68792
68792
68792
68792
68791
68791
68791
68791
68791
68790
68790
68790
68790
68789
68789
68789
68789
68788
68788
68788
68788
68787
68787
68787
68787
68786
68786
68786
68786
68785
68785
68782
68781
68780
68778
68776
68775
68774
68774
68774
68774
68773
68773
68773
68773
68772
68771
68771
68770
68770
68770
68770
68769
68769
68769
68769
68768
68768
68768
68768
68767
68767
68767
68767
68766
68766
68766
68766
68765
68764
68764
68764
68763
68763
68763
68763
68762
68762
68762
68762
68761
68761
68761
68761
68760
68760
68759
68758
68758
68758
68755
68755
68753
68753
68752
68752
68752
68752
68751
68751
68751
68751
68751
68750
68750
68750
68750
68749
68749
68749
68749
68748
68748
68747
68746
68745
68745
68744
68744
68744
68744
68743
68743
68743
68743
68742
68742
68742
68742
68741
68740
68739
68739
68739
68739
68738
68738
68738
68738
68737
68737
68737
68737
68736
68736
68736
68736
68735
68735
68735
68735
68734
68734
68734
68734
68733
68733
68733
68732
68732
68732
68731
68731
68731
68731
68730
68730
68730
68729
68729
68729
68729
68729
68728
68728
68728
68728
68727
68727
68727
68727
68726
68726
68726
68726
68725
68725
68725
68725
68724
68724
68724
68724
68723
68723
68723
68723
68722
68722
68722
68722
68721
68721
68721
68721
68720
68720
68720
68720
68719
68719
68719
68719
68718
68717
68717
68716
68716
68716
68716
68715
68715
68715
68712
68711
68709
68707
68706
68704
68704
68704
68704
68702
68702
68702
68701
68701
68701
68701
68700
68700
68700
68700
68699
68699
68699
68699
68699
68698
68698
68698
68698
68697
68697
68697
68695
68695
68695
68695
68694
68694
68694
68694
68693
68693
68693
68693
68692
68692
68691
68690
68690
68690
68690
68689
68689
68688
68688
68686
68686
68686
68685
68685
68685
68685
68684
68684
68684
68684
68683
68683
68683
68683
68682
68682
68682
68682
68681
68681
68680
68679
68678
68678
68677
68677
68677
68677
68676
68676
68676
68676
68675
68675
68675
68675
68674
68673
68673
68672
68672
68672
68672
68671
68671
68671
68671
68670
68670
68670
68670
68669
68669
68669
68669
68669
68668
68668
68668
68668
68667
68667
68667
68667
68666
68666
68666
68666
68665
68665
68665
68665
68664
68664
68664
68664
68663
68663
68663
68663
68662
68662
68662
68662
68661
68661
68661
68661
68660
68660
68660
68660
68659
68659
68659
68659
68658
68658
68658
68658
68657
68657
68657
68657
68656
68656
68656
68656
68655
68655
68655
68655
68655
68654
68654
68654
68654
68653
68652
68651
68651
68651
68651
68650
68650
68650
68649
68649
68649
68648
68648
68648
68648
68647
68647
68647
68645
68644
68643
68640
68638
68637
68637
68636
68636
68636
68636
68635
68635
68635
68635
68634
68634
68634
68634
68633
68633
68633
68633
68632
68632
68632
68630
68630
68630
68630
68629
68629
68629
68629
68628
68628
68628
68626
68626
68626
68626
68625
68625
68625
68625
68624
68624
68622
68621
68620
68620
68619
68619
68619
68619
68618
68618
68618
68618
68617
68617
68617
68617
68616
68615
68615
68614
68614
68614
68614
68612
68612
68611
68610
68610
68609
68609
68609
68608
68608
68608
68608
68607
68607
68607
68607
68607
68605
68605
68605
68604
68604
68604
68604
68603
68603
68603
68603
68602
68602
68602
68602
68601
68601
68601
68601
68600
68600
68600
68600
68599
68599
68599
68599
68599
68598
68598
68598
68598
68597
68597
68597
68597
68596
68596
68596
68596
68595
68595
68595
68595
68594
68594
68594
68594
68593
68593
68593
68593
68592
68592
68592
68592
68591
68591
68591
68591
68590
68590
68590
68590
68589
68589
68589
68589
68588
68588
68588
68588
68587
68587
68587
68587
68586
68586
68585
68584
68584
68584
68584
68583
68583
68583
68583
68582
68582
68582
68582
68581
68581
68581
68581
68580
68580
68580
68580
68579
68579
68579
68579
68578
68578
68577
68575
68574
68572
68571
68569
68568
68568
68568
68568
68567
68567
68567
68567
68566
68566
68566
68566
68565
68565
68564
68563
68563
68563
68563
68562
68562
68562
68560
68560
68560
68560
68559
68559
68559
68559
68558
68558
68558
68558
68557
68556
68555
68554
68554
68554
68553
68553
68553
68553
68552
68552
68552
68552
68551
68551
68551
68551
68550
68550
68550
68550
68549
68549
68548
68548
68546
68546
68546
68545
68545
68545
68545
68544
68544
68544
68544
68543
68543
68543
68543
68541
68541
68541
68540
68540
68540
68540
68539
68539
68539
68539
68538
68538
68538
68538
68538
68537
68537
68537
68537
68536
68536
68536
68534
68534
68534
68534
68533
68533
68533
68533
68532
68532
68532
68532
68532
68531
68531
68531
68531
68530
68530
68530
68530
68529
68529
68529
68527
68527
68527
68527
68526
68526
68526
68526
68525
68525
68525
68525
68524
68524
68524
68524
68523
68523
68523
68523
68522
68522
68522
68522
68521
68521
68521
68521
68519
68519
68519
68518
68518
68518
68518
68517
68517
68517
68517
68516
68516
68516
68516
68515
68515
68515
68515
68514
68514
68514
68514
68513
68513
68513
68513
68512
68512
68512
68512
68512
68511
68511
68511
68511
68509
68507
68506
68505
68503
68501
68501
68501
68500
68500
68500
68500
68499
68499
68498
68497
68497
68497
68497
68495
68495
68495
68494
68494
68494
68494
68493
68493
68493
68493
68492
68492
68492
68492
68492
68489
68489
68487
68487
68487
68486
68486
68486
68486
68485
68485
68485
68485
68484
68484
68484
68484
68483
68483
68483
68483
68483
68482
68481
68480
68479
68479
68478
68478
68478
68478
68477
68477
68477
68477
68476
68476
68476
68476
68475
68474
68474
68473
68473
68473
68473
68472
68472
68472
68472
68471
68471
68471
68471
68470
68470
68470
68470
68469
68469
68469
68469
68468
68467
68467
68466
68466
68466
68466
68465
68465
68465
68465
68465
68464
68464
68464
68464
68463
68463
68463
68463
68462
68462
68462
68461
68461
68461
68461
68460
68460
68460
68460
68459
68459
68459
68459
68458
68458
68458
68458
68457
68457
68457
68457
68456
68456
68456
68456
68455
68455
68455
68453
68453
68453
68453
68452
68452
68452
68452
68452
68451
68451
68451
68451
68450
68450
68450
68450
68449
68449
68449
68449
68448
68448
68448
68448
68447
68447
68447
68446
68446
68446
68446
68446
68445
68445
68445
68445
68444
68444
68444
68444
68443
68443
68443
68443
68440
68438
68437
68435
68434
68432
68432
68432
68430
68430
68428
68428
68428
68427
68427
68427
68427
68426
68426
68426
68426
68425
68425
68425
68425
68424
68424
68424
68424
68422
68422
68421
68420
68420
68420
68420
68419
68419
68419
68419
68418
68418
68418
68417
68417
68417
68417
68416
68416
68416
68416
68415
68414
68413
68412
68412
68411
68411
68411
68411
68410
68410
68410
68410
68409
68409
68409
68409
68408
68407
68407
68406
68406
68406
68406
68405
68405
68405
68405
68404
68404
68404
68404
68403
68403
68403
68403
68402
68402
68402
68402
68401
68400
68399
68399
68399
68399
68399
68398
68398
68398
68398
68397
68397
68397
68397
68396
68396
68396
68396
68395
68395
68395
68395
68394
68394
68394
68394
68393
68393
68393
68393
68392
68392
68392
68392
68391
68391
68391
68391
68391
68390
68390
68390
68390
68389
68389
68389
68387
68387
68387
68386
68386
68386
68386
68386
68385
68385
68385
68385
68384
68384
68384
68383
68383
68383
68383
68382
68382
68382
68382
68381
68381
68381
68381
68380
68380
68380
68380
68379
68379
68379
68379
68378
68378
68378
68378
68377
68377
68377
68377
68376
68376
68376
68375
68375
68375
68375
68374
68374
68374
68374
68372
68370
68367
68366
68364
68363
68363
68362
68362
68362
68362
68361
68361
68361
68361
68360
68360
68360
68360
68359
68359
68359
68359
68357
68357
68354
68354
68354
68354
68353
68353
68353
68353
68352
68352
68352
68352
68351
68351
68351
68351
68350
68350
68350
68350
68349
68348
68348
68346
68346
68346
68345
68345
68345
68345
68344
68344
68344
68344
68344
68343
68343
68343
68341
68340
68340
68339
68339
68339
68339
68338
68338
68338
68338
68337
68337
68337
68337
68336
68336
68336
68336
68335
68335
68335
68335
68333
68333
68333
68332
68332
68332
68332
68331
68331
68331
68331
68330
68330
68330
68330
68329
68329
68329
68329
68328
68328
68327
68326
68326
68326
68326
68325
68325
68325
68325
68324
68324
68324
68324
68323
68323
68323
68323
68322
68322
68322
68322
68321
68320
68320
68319
68319
68319
68319
68318
68318
68318
68318
68317
68317
68317
68317
68316
68316
68316
68316
68315
68315
68315
68315
68314
68314
68314
68314
68313
68313
68313
68313
68312
68312
68312
68312
68312
68311
68311
68311
68311
68310
68310
68310
68310
68309
68309
68309
68309
68308
68308
68308
68308
68307
68307
68307
68307
68306
68306
68306
68306
68305
68305
68305
68305
68303
68302
68300
68299
68297
68296
68296
68296
68295
68295
68295
68295
68294
68294
68294
68294
68293
68292
68292
68290
68290
68290
68289
68289
68289
68289
68288
68288
68288
68288
68287
68287
68287
68287
68286
68286
68286
68286
68286
68285
68284
68284
68282
68282
68282
68281
68281
68281
68281
68280
68280
68280
68280
68279
68279
68279
68279
68277
68277
68277
68276
68276
68276
68276
68275
68275
68275
68275
68274
68274
68274
68274
68274
68273
68273
68273
68273
68272
68272
68272
68270
68270
68270
68269
68269
68269
68269
68268
68268
68268
68268
68267
68267
68267
68267
68266
68266
68266
68266
68266
68265
68264
68263
68262
68262
68261
68261
68261
68261
68260
68260
68260
68260
68259
68259
68259
68259
68258
68258
68258
68256
68256
68256
68256
68255
68255
68255
68255
68253
68253
68253
68252
68252
68252
68252
68251
68251
68251
68251
68250
68250
68250
68250
68249
68249
68249
68249
68248
68248
68248
68248
68247
68247
68247
68247
68246
68246
68246
68246
68245
68245
68245
68245
68244
68244
68244
68244
68244
68243
68243
68243
68243
68242
68242
68242
68242
68241
68241
68241
68241
68240
68240
68240
68239
68239
68239
68239
68238
68238
68238
68238
68238
68236
68234
68233
68231
68230
68228
68227
68227
68227
68227
68226
68225
68225
68222
68222
68222
68222
68221
68221
68221
68221
68220
68220
68220
68220
68219
68219
68219
68219
68218
68218
68218
68218
68217
68216
68216
68214
68214
68214
68213
68213
68213
68213
68212
68212
68212
68212
68211
68211
68211
68211
68209
68209
68209
68209
68208
68208
68208
68208
68207
68207
68207
68207
68206
68206
68206
68206
68205
68205
68205
68205
68204
68204
68204
68202
68202
68202
68202
68201
68201
68201
68201
68200
68200
68200
68200
68199
68199
68199
68199
68198
68198
68198
68197
68197
68196
68195
68194
68194
68193
68193
68193
68193
68192
68192
68192
68192
68191
68191
68191
68191
68189
68189
68189
68188
68188
68188
68188
68187
68187
68187
68187
68187
68186
68186
68186
68186
68185
68185
68185
68185
68184
68184
68184
68184
68183
68183
68183
68183
68182
68182
68182
68182
68181
68181
68181
68181
68180
68180
68180
68180
68179
68179
68179
68179
68179
68178
68178
68178
68178
68177
68177
68177
68177
68176
68176
68176
68176
68175
68175
68175
68175
68174
68174
68174
68174
68173
68173
68173
68173
68172
68172
68172
68171
68171
68171
68171
68171
68170
68170
68170
68170
68167
68165
68164
68162
68161
68158
68158
68157
68156
68156
68156
68156
68155
68155
68155
68155
68154
68154
68154
68154
68154
68153
68153
68153
68153
68152
68152
68152
68150
68150
68149
68148
