   Compiling libc v0.2.189
   Compiling cfg-if v1.0.4
   Compiling typenum v1.20.1
   Compiling hybrid-array v0.4.14
   Compiling zeroize v1.9.0
   Compiling cmov v0.5.4
   Compiling ctutils v0.4.2
   Compiling rustls-pki-types v1.15.1
   Compiling crypto-common v0.2.2
   Compiling block-buffer v0.12.1
   Compiling getrandom v0.2.17
   Compiling once_cell v1.21.4
   Compiling const-oid v0.10.2
   Compiling untrusted v0.9.0
   Compiling ring v0.17.14
   Compiling digest v0.11.3
   Compiling errno v0.3.14
   Compiling pin-project-lite v0.2.17
   Compiling signal-hook-registry v1.4.8
   Compiling mio v1.2.2
   Compiling socket2 v0.6.5
   Compiling rustls-webpki v0.103.15
   Compiling scopeguard v1.2.0
   Compiling simd-adler32 v0.3.10
   Compiling adler2 v2.0.1
   Compiling subtle v2.6.1
   Compiling bytes v1.12.1
   Compiling smallvec v1.15.2
   Compiling parking_lot_core v0.9.12
   Compiling rustls v0.23.45
   Compiling tokio v1.53.1
   Compiling miniz_oxide v0.9.1
   Compiling lock_api v0.4.14
   Compiling crc32fast v1.5.1
   Compiling hmac v0.13.0
   Compiling tracing-core v0.1.36
   Compiling twox-hash v2.1.2
   Compiling cpufeatures v0.3.1
   Compiling zlib-rs v0.6.8
   Compiling tracing v0.1.44
   Compiling sha2 v0.11.0
   Compiling lz4_flex v0.14.0
   Compiling pbkdf2 v0.13.0
   Compiling crc32c v0.6.8
   Compiling parking_lot v0.12.5
   Compiling tokio-rustls v0.26.5
   Compiling getrandom v0.4.3
   Compiling snap v1.1.2
   Compiling webpki-roots v1.0.9
   Compiling base64 v0.23.1
   Compiling flate2 v1.1.10
   Compiling partitionline v0.1.0 (/workspace/partitionline)
    Finished `test` profile [unoptimized] target(s) in 39.27s
     Running unittests src/lib.rs (/workspace/work/target-produce-v13-msrv/debug/deps/partitionline-899a79a6f0350613)

running 1100 tests
test admin::tests::alter_config_op_type_matches_java ... ok
test admin::tests::alter_configs_request_configs_match_java ... ok
test admin::tests::alter_configs_errors_match_java ... ok
test admin::tests::admin_java_spec_getters_match_fields ... ok
test admin::tests::config_resource_type_matches_protocol_consts ... ok
test admin::tests::config_type_and_source_match_wire_ids ... ok
test admin::tests::deleted_records_matches_java ... ok
test admin::tests::config_get_and_replacement_match_java ... ok
test admin::tests::delegation_token_getters_match_java ... ok
test admin::tests::group_type_and_state_match_java ... ok
test admin::tests::records_to_delete_before_offset_converts_to_i64 ... ok
test admin::tests::new_partition_reassignment_matches_java ... ok
test admin::tests::list_config_resources_response_config_resources_matches_java ... ok
test admin::tests::list_offset_topic_requests_keeps_duplicate_partitions ... ok
test admin::tests::remaining_admin_result_getters_match_java ... ok
test admin::tests::scram_mechanism_matches_protocol_consts ... ok
test admin::tests::replica_log_dirs_group_and_map_current_future ... ok
test admin::tests::topic_collection_matches_java ... ok
test admin::tests::topic_listings_skip_errors_and_unnamed ... ok
test admin::tests::update_features_client_checks_match_java ... ok
test admin::tests::user_scram_credential_alteration_user_matches_java ... ok
test admin::tests::topic_partition_replica_and_log_dir_getters ... ok
test cluster::tests::apply_drops_unreliable_leader_epochs ... ok
test cluster::tests::apply_current_leader_updates_known_broker ... ok
test cluster::tests::apply_fills_sparse_partition_holes_with_sentinels ... ok
test admin::tests::uuid_matches_java ... ok
test cluster::tests::not_controller_is_retriable ... ok
test cluster::tests::topic_fresh_respects_max_age ... ok
test cluster::tests::apply_stores_controller_id ... ok
test config::tests::auto_offset_reset_default_is_earliest ... ok
test config::tests::connection_idle_expired_zero_never_closes ... ok
test config::tests::endpoint_matches_java ... ok
test config::tests::isolation_roundtrip ... ok
test config::tests::listener_name_matches_java ... ok
test config::tests::acks_roundtrip ... ok
test config::tests::reconnect_backoff_delay_skips_first_then_doubles ... ok
test config::tests::retry_backoff_delay_doubles_then_caps ... ok
test config::tests::sasl_apply_clears_other_mechanisms ... ok
test config::tests::security_protocol_matches_java ... ok
test consumer::tests::consumer_records_partitions_and_filters ... ok
test consumer::tests::fetch_session_abandoned_request_requires_full_map_and_closes_known_session ... ok
test consumer::tests::fetch_session_decline_version_change_and_epoch_wrap ... ok
test consumer::tests::fetch_session_failure_or_malformed_header_resets_before_partition_application ... ok
test consumer::tests::fetch_session_topic_id_replacement_forgets_old_identity ... ok
test consumer::tests::java_core_type_getters_match_fields ... ok
test error::tests::api_error_matches_java ... ok
test group::tests::committed_starts_uses_fetched_or_zero ... ok
test error::tests::for_code_matches_java_errors ... ok
test group::tests::consumer_group_metadata_getters_match_java ... ok
test group::tests::coordinator_retriable_covers_load_and_move ... ok
test group::tests::group_offset_topics_collapses_partitions ... ok
test group::tests::filter_matching_topics_skips_internal_and_sorts ... ok
test group::tests::cooperative_sticky_holds_owned_until_revoke ... ok
test group::tests::group_protocol_matches_java ... ok
test group::tests::kip848_wanted_maps_topic_id_to_subscribed_name ... ok
test group::tests::offset_commit_load_in_progress_is_not_at_byte_four ... ok
test group::tests::offset_commit_not_coordinator_is_not_at_byte_four ... ok
test group::tests::offset_fetch_not_coordinator_is_not_at_byte_four ... ok
test group::tests::range_subscribed_keeps_members_on_their_topics ... ok
test group::tests::range_topics_assigns_each_topic_independently ... ok
test group::tests::range_splits_all_partitions_without_overlap ... ok
test group::tests::sticky_owned_higher_generation_keeps_partition ... ok
test group::tests::sticky_owned_later_higher_generation_takes_doubly_claimed ... ok
test group::tests::sticky_owned_same_generation_revokes_from_both ... ok
test group::tests::sticky_keeps_previous_when_still_valid ... ok
test metrics::tests::format_bytes_matches_java_utils ... ok
test group::tests::sticky_rebalances_when_a_member_joins ... ok
test metrics::tests::fetch_topics_sorted_and_grouped ... ok
test metrics::tests::latency_tracker_min_max_mean ... ok
test metrics::tests::latency_tracker_p50_p99_of_one_to_hundred ... ok
test metrics::tests::metrics_default_zero ... ok
test metrics::tests::percentile_index_ceil_rank ... ok
test metrics::tests::quota_matches_java_metrics ... ok
test metrics::tests::record_batch_empty_is_noop ... ok
test net::tests::deadline_contract_tracks_remaining_and_expiration ... ok
test metrics::tests::record_batch_exact_totals_one_sample_per_batch ... ok
test metrics::tests::throttle_stats_ignore_zero_and_saturate_without_labels ... ok
test net::tests::next_correlation_id_skips_sasl_reserved_range ... ok
test net::tests::next_sasl_correlation_id_uses_reserved_range ... ok
test net::tests::parse_and_validate_addresses_match_java ... ok
test net::tests::parse_response_wraps_unrelated_sasl_correlation ... ok
test net::tests::reserve_frame_grows_once_to_known_size ... ok
test net::tests::reserve_frame_is_noop_when_already_filled ... ok
test net::tests::reserved_correlation_ids_match_java ... ok
test partitioner::tests::abs_matches_java_utils ... ok
test partitioner::tests::default_partitioner_keys_match_murmur2 ... ok
test partitioner::tests::murmur2_matches_java_utils ... ok
test producer::tests::broker_throttle_extends_without_zero_or_negative_unmute ... ok
test net::tests::utils_host_port_match_java ... ok
test producer::tests::record_metadata_constructor_matches_java ... ok
test producer::tests::produce_record_constructor_checks_match_java ... ok
test producer::tests::record_metadata_getters_match_java ... ok
test producer::tests::send_offsets_group_metadata_checks_match_java ... ok
test producer::tests::transactional_methods_without_transactional_id_match_java ... ok
test protocol::acl::tests::acl_binding_filter_matches_principal_and_any ... ok
test protocol::acl::tests::acl_java_types_match_kafka ... ok
test protocol::acl::tests::acl_response_unknown_elements_match_java ... ok
test protocol::acl::tests::acl_unknown_elements_match_java ... ok
test protocol::acl::tests::acl_v0_pattern_type_matches_java ... ok
test protocol::acl::tests::allow_topic_is_all_allow_on_topic ... ok
test protocol::acl::tests::create_acls_constructor_matches_java ... ok
test protocol::acl::tests::create_acls_get_error_response_does_not_copy_bindings ... ok
test protocol::acl::tests::create_acls_not_controller_is_not_at_byte_four ... ok
test protocol::acl::tests::create_acls_request_error_response_matches_java ... ok
test protocol::acl::tests::create_acls_response_throttle_time_ms_matches_java ... ok
test protocol::acl::tests::create_acls_response_error_counts_matches_java ... ok
test protocol::acl::tests::create_acls_v2_compact_layout_matches_independent_encode ... ok
test protocol::acl::tests::delete_acls_matching_acl_matches_java ... ok
test protocol::acl::tests::create_describe_delete_acls_roundtrip_v0_to_v3 ... ok
test protocol::acl::tests::delete_acls_request_error_response_matches_java ... ok
test protocol::acl::tests::delete_acls_response_error_counts_matches_java ... ok
test protocol::acl::tests::delete_acls_response_throttle_time_ms_matches_java ... ok
test protocol::acl::tests::delete_acls_matching_error_message_matches_java ... ok
test protocol::acl::tests::describe_acls_request_error_response_matches_java ... ok
test protocol::acl::tests::delete_acls_v2_filters_of_two_matches_independent_encode ... ok
test protocol::acl::tests::describe_acls_response_error_counts_matches_java ... ok
test protocol::acl::tests::describe_acls_response_error_code_matches_java ... ok
test protocol::acl::tests::describe_acls_response_error_matches_java ... ok
test protocol::acl::tests::describe_acls_response_error_message_matches_java ... ok
test protocol::acl::tests::describe_acls_response_throttle_time_ms_matches_java ... ok
test protocol::acl::tests::describe_acls_response_groups_bindings_like_java ... ok
test protocol::admin::tests::add_raft_voter_endpoint_validation ... ok
test protocol::admin::tests::allocate_producer_ids_not_controller_is_at_byte_four ... ok
test protocol::admin::tests::allocate_producer_ids_request_error_response_matches_java ... ok
test protocol::admin::tests::allocate_producer_ids_response_throttle_time_ms_matches_java ... ok
test protocol::admin::tests::allocate_producer_ids_v0_matches_kafka_protocol_0_18 ... ok
test protocol::admin::tests::allocate_producer_ids_v0_roundtrip_is_leftover_empty ... ok
test protocol::admin::tests::allocate_producer_ids_response_error_counts_matches_java ... ok
test protocol::admin::tests::alter_client_quotas_from_quota_entities_matches_java ... ok
test protocol::admin::tests::alter_client_quotas_not_controller_is_at_byte_five ... ok
test protocol::admin::tests::alter_client_quotas_request_entries_matches_java ... ok
test protocol::admin::tests::alter_client_quotas_response_error_counts_matches_java ... ok
test protocol::admin::tests::alter_client_quotas_request_error_response_matches_java ... ok
test protocol::admin::tests::alter_client_quotas_response_throttle_time_ms_matches_java ... ok
test protocol::admin::tests::alter_client_quotas_v1_matches_kafka_protocol_0_18 ... ok
test protocol::admin::tests::alter_client_quotas_v1_roundtrip_is_leftover_empty ... ok
test protocol::admin::tests::alter_client_quotas_v2_is_not_spoken ... ok
test protocol::admin::tests::alter_client_quotas_v0_is_classic ... ok
test protocol::admin::tests::alter_configs_response_error_counts_matches_java ... ok
test protocol::admin::tests::alter_configs_from_configs_matches_java ... ok
test protocol::admin::tests::alter_configs_throttle_time_ms_matches_java ... ok
test protocol::admin::tests::alter_configs_v1_roundtrip ... ok
test protocol::admin::tests::alter_configs_v2_compact_layout_matches_independent_encode ... ok
test protocol::admin::tests::alter_configs_v2_resources_of_two_matches_independent_encode ... ok
test protocol::admin::tests::alter_partition_reassignments_not_controller_is_at_byte_four ... ok
test protocol::admin::tests::alter_partition_reassignments_response_error_counts_matches_java ... ok
test protocol::admin::tests::alter_partition_reassignments_response_throttle_time_ms_matches_java ... ok
test protocol::admin::tests::alter_partition_reassignments_v0_roundtrip_is_leftover_empty ... ok
test protocol::admin::tests::alter_replica_log_dirs_first_partition_error_code_is_at_bytes_12_13 ... ok
test protocol::admin::tests::alter_replica_log_dirs_partition_dirs_matches_java ... ok
test protocol::admin::tests::alter_replica_log_dirs_response_error_counts_matches_java ... ok
test protocol::admin::tests::alter_replica_log_dirs_response_throttle_time_ms_matches_java ... ok
test protocol::admin::tests::alter_replica_log_dirs_v0_and_v3_are_not_spoken ... ok
test protocol::admin::tests::alter_replica_log_dirs_v1_is_classic ... ok
test protocol::admin::tests::alter_replica_log_dirs_v2_matches_kafka_protocol_0_18 ... ok
test protocol::admin::tests::alter_replica_log_dirs_v2_roundtrip_is_leftover_empty ... ok
test protocol::admin::tests::alter_share_group_offsets_request_error_response_matches_java ... ok
test protocol::admin::tests::alter_share_group_offsets_response_error_counts_matches_java ... ok
test protocol::admin::tests::alter_share_group_offsets_response_throttle_time_ms_matches_java ... ok
test protocol::admin::tests::alter_share_group_offsets_top_level_error_code_is_at_bytes_4_5 ... ok
test protocol::admin::tests::alter_share_group_offsets_v0_matches_kafka_protocol_0_18 ... ok
test protocol::admin::tests::alter_share_group_offsets_v0_roundtrip_is_leftover_empty ... ok
test protocol::admin::tests::alter_user_scram_credentials_not_controller_is_after_user ... ok
test protocol::admin::tests::alter_user_scram_credentials_response_error_counts_matches_java ... ok
test protocol::admin::tests::alter_user_scram_credentials_response_throttle_time_ms_matches_java ... ok
test protocol::admin::tests::alter_user_scram_credentials_v0_matches_kafka_protocol_0_18 ... ok
test protocol::admin::tests::assign_replicas_to_dirs_max_assignments_per_request_matches_java ... ok
test protocol::admin::tests::alter_user_scram_credentials_v0_roundtrip_is_leftover_empty ... ok
test protocol::admin::tests::assign_replicas_to_dirs_request_error_response_matches_java ... ok
test protocol::admin::tests::assign_replicas_to_dirs_response_error_counts_matches_java ... ok
test protocol::admin::tests::assign_replicas_to_dirs_response_throttle_time_ms_matches_java ... ok
test protocol::admin::tests::assign_replicas_to_dirs_top_level_error_code_is_at_bytes_4_5 ... ok
test protocol::admin::tests::assign_replicas_to_dirs_v0_matches_kafka_protocol_0_18 ... ok
test protocol::admin::tests::assign_replicas_to_dirs_v0_roundtrip_is_leftover_empty ... ok
test protocol::admin::tests::client_quota_filter_matches_java_factories ... ok
test protocol::admin::tests::consumer_group_describe_first_group_error_code_is_at_bytes_5_6 ... ok
test protocol::admin::tests::config_new_get_matches_java ... ok
test protocol::admin::tests::consumer_group_describe_request_error_response_matches_java ... ok
test protocol::admin::tests::consumer_group_describe_response_error_counts_matches_java ... ok
test protocol::admin::tests::consumer_group_describe_v0_matches_v1_request_and_empty_member_response ... ok
test protocol::admin::tests::consumer_group_describe_response_throttle_time_ms_matches_java ... ok
test protocol::admin::tests::consumer_group_describe_v0_omits_member_type ... ok
test protocol::admin::tests::consumer_group_describe_v1_matches_kafka_protocol_0_18 ... ok
test protocol::admin::tests::consumer_group_describe_v1_roundtrip_is_leftover_empty ... ok
test protocol::admin::tests::consumer_group_describe_v2_is_not_spoken ... ok
test protocol::admin::tests::create_delegation_token_does_not_speak_v0 ... ok
test protocol::admin::tests::create_delegation_token_response_error_counts_matches_java ... ok
test protocol::admin::tests::create_delegation_token_response_has_error_matches_java ... ok
test protocol::admin::tests::create_delegation_token_response_throttle_time_ms_matches_java ... ok
test protocol::admin::tests::create_delegation_token_top_level_error_code_is_at_bytes_0_1 ... ok
test protocol::admin::tests::create_delegation_token_v1_is_classic_v2_omits_owner ... ok
test protocol::admin::tests::create_delegation_token_v3_matches_kafka_protocol_0_18 ... ok
test protocol::admin::tests::create_delegation_token_v3_roundtrip_is_leftover_empty ... ok
test protocol::admin::tests::create_partitions_assignments_roundtrip ... ok
test protocol::admin::tests::create_partitions_flexible_not_controller_is_leftover_empty ... ok
test protocol::admin::tests::create_partitions_not_controller_is_not_at_byte_four ... ok
test protocol::admin::tests::create_partitions_response_error_counts_matches_java ... ok
test protocol::admin::tests::create_partitions_request_error_response_matches_java ... ok
test protocol::admin::tests::create_partitions_response_throttle_time_ms_matches_java ... ok
test protocol::admin::tests::create_partitions_v1_request_matches_v0 ... ok
test protocol::admin::tests::create_partitions_v2_compact_layout_matches_independent_encode ... ok
test protocol::admin::tests::create_topics_assignments_roundtrip ... ok
test protocol::admin::tests::create_topics_broker_defaults_roundtrip ... ok
test protocol::admin::tests::create_topics_not_controller_is_not_at_byte_four ... ok
test protocol::admin::tests::create_topics_builder_matches_java ... ok
test protocol::admin::tests::create_topics_request_no_partition_sentinels_match_java ... ok
test protocol::admin::tests::create_topics_request_build_matches_java ... ok
test protocol::admin::tests::create_topics_response_error_counts_matches_java ... ok
test protocol::admin::tests::create_topics_v5_compact_layout_matches_independent_encode ... ok
test protocol::admin::tests::create_topics_throttle_time_ms_matches_java ... ok
test protocol::admin::tests::create_topics_v3_roundtrip ... ok
test protocol::admin::tests::create_topics_v5_roundtrip_is_leftover_empty ... ok
test protocol::admin::tests::create_topics_v7_response_includes_topic_id ... ok
test protocol::admin::tests::delete_groups_first_group_error_code_is_at_bytes_7_8 ... ok
test protocol::admin::tests::delete_groups_response_throttle_time_ms_matches_java ... ok
test protocol::admin::tests::delete_groups_request_error_response_matches_java ... ok
test protocol::admin::tests::delete_groups_response_error_counts_matches_java ... ok
test protocol::admin::tests::delete_groups_v0_is_classic_v1_matches_v0 ... ok
test protocol::admin::tests::delete_groups_v2_matches_kafka_protocol_0_18 ... ok
test protocol::admin::tests::delete_groups_v2_roundtrip_is_leftover_empty ... ok
test protocol::admin::tests::delete_groups_v3_is_not_spoken ... ok
test protocol::admin::tests::delete_records_response_error_counts_matches_java ... ok
test protocol::admin::tests::delete_records_sentinels_match_java ... ok
test protocol::admin::tests::delete_records_v1_roundtrip ... ok
test protocol::admin::tests::delete_records_throttle_time_ms_matches_java ... ok
test protocol::admin::tests::delete_records_v2_compact_layout_matches_independent_encode ... ok
test protocol::admin::tests::delete_records_v2_topics_array_of_two_partitions ... ok
test protocol::admin::tests::delete_share_group_offsets_request_error_response_matches_java ... ok
test protocol::admin::tests::delete_share_group_offsets_response_throttle_time_ms_matches_java ... ok
test protocol::admin::tests::delete_share_group_offsets_response_error_counts_matches_java ... ok
test protocol::admin::tests::delete_share_group_offsets_top_level_error_code_is_at_bytes_4_5 ... ok
test protocol::admin::tests::delete_share_group_offsets_v0_matches_kafka_protocol_0_18 ... ok
test protocol::admin::tests::delete_share_group_offsets_v0_roundtrip_is_leftover_empty ... ok
test protocol::admin::tests::delete_topics_flexible_not_controller_is_leftover_empty ... ok
test protocol::admin::tests::delete_topics_not_controller_is_not_at_byte_four ... ok
test protocol::admin::tests::delete_topics_request_build_matches_java ... ok
test protocol::admin::tests::delete_topics_request_topic_ids_matches_java ... ok
test protocol::admin::tests::delete_topics_request_number_of_topics_matches_java ... ok
test protocol::admin::tests::delete_topics_request_topics_matches_java ... ok
test protocol::admin::tests::delete_topics_response_error_counts_matches_java ... ok
test protocol::admin::tests::delete_topics_v3_roundtrip ... ok
test protocol::admin::tests::delete_topics_throttle_time_ms_matches_java ... ok
test protocol::admin::tests::delete_topics_v4_compact_layout_matches_independent_encode ... ok
test protocol::admin::tests::delete_topics_v4_roundtrip_is_leftover_empty ... ok
test protocol::admin::tests::delete_topics_v5_response_includes_error_message ... ok
test protocol::admin::tests::delete_topics_v6_response_includes_topic_id ... ok
test protocol::admin::tests::describe_client_quotas_error_code_is_at_bytes_4_5 ... ok
test protocol::admin::tests::describe_client_quotas_from_filter_matches_java ... ok
test protocol::admin::tests::describe_client_quotas_from_quota_entities_matches_java ... ok
test protocol::admin::tests::describe_client_quotas_get_error_response_null_entries_is_leftover_empty ... ok
test protocol::admin::tests::describe_client_quotas_request_error_response_matches_java ... ok
test protocol::admin::tests::describe_client_quotas_request_filter_matches_java ... ok
test protocol::admin::tests::describe_client_quotas_response_error_counts_matches_java ... ok
test protocol::admin::tests::describe_client_quotas_response_throttle_time_ms_matches_java ... ok
test protocol::admin::tests::describe_client_quotas_v0_is_classic ... ok
test protocol::admin::tests::describe_client_quotas_v1_matches_kafka_protocol_0_18 ... ok
test protocol::admin::tests::describe_client_quotas_v1_roundtrip_is_leftover_empty ... ok
test protocol::admin::tests::describe_client_quotas_v2_is_not_spoken ... ok
test protocol::admin::tests::describe_cluster_request_error_response_matches_java ... ok
test protocol::admin::tests::describe_cluster_response_error_counts_matches_java ... ok
test protocol::admin::tests::describe_cluster_response_throttle_time_ms_matches_java ... ok
test protocol::admin::tests::describe_cluster_response_nodes_matches_java ... ok
test protocol::admin::tests::describe_cluster_v0_roundtrip ... ok
test protocol::admin::tests::describe_cluster_v2_compact_layout_matches_independent_encode ... ok
test protocol::admin::tests::describe_configs_response_error_counts_matches_java ... ok
test protocol::admin::tests::describe_configs_v0_is_default ... ok
test protocol::admin::tests::describe_configs_throttle_time_ms_matches_java ... ok
test protocol::admin::tests::describe_configs_v2_request_matches_v1 ... ok
test protocol::admin::tests::describe_configs_v1_roundtrip ... ok
test protocol::admin::tests::describe_configs_v3_adds_include_documentation_and_config_type ... ok
test protocol::admin::tests::describe_configs_v4_compact_layout_matches_independent_encode ... ok
test protocol::admin::tests::describe_delegation_token_does_not_speak_v0 ... ok
test protocol::admin::tests::describe_delegation_token_owners_list_empty_leftover_empty ... ok
test protocol::admin::tests::describe_delegation_token_request_error_response_matches_java ... ok
test protocol::admin::tests::describe_delegation_token_response_has_error_matches_java ... ok
test protocol::admin::tests::describe_delegation_token_response_throttle_time_ms_matches_java ... ok
test protocol::admin::tests::describe_delegation_token_response_error_counts_matches_java ... ok
test protocol::admin::tests::describe_delegation_token_top_level_error_code_is_at_bytes_0_1 ... ok
test protocol::admin::tests::describe_delegation_token_v3_matches_kafka_protocol_0_18 ... ok
test protocol::admin::tests::describe_delegation_token_v1_is_classic_v2_omits_requester ... ok
test protocol::admin::tests::describe_delegation_token_v3_roundtrip_is_leftover_empty ... ok
test protocol::admin::tests::describe_groups_response_error_counts_matches_java ... ok
test protocol::admin::tests::describe_groups_first_group_error_code_is_at_bytes_5_6 ... ok
test protocol::admin::tests::describe_groups_throttle_time_ms_matches_java ... ok
test protocol::admin::tests::describe_groups_v0_and_v4_and_v5_fixtures ... ok
test protocol::admin::tests::describe_groups_v2_request_omits_include_authorized_operations ... ok
test protocol::admin::tests::describe_groups_v4_sends_group_instance_id_v3_does_not ... ok
test protocol::admin::tests::describe_groups_v6_matches_kafka_protocol_0_18 ... ok
test protocol::admin::tests::describe_groups_v6_roundtrip_is_leftover_empty ... ok
test protocol::admin::tests::describe_groups_v7_is_not_spoken ... ok
test protocol::admin::tests::describe_log_dirs_request_error_response_matches_java ... ok
test protocol::admin::tests::describe_log_dirs_response_throttle_time_ms_matches_java ... ok
test protocol::admin::tests::describe_log_dirs_response_error_counts_matches_java ... ok
test protocol::admin::tests::describe_log_dirs_v1_is_classic_v2_omits_error_code ... ok
test protocol::admin::tests::describe_log_dirs_top_level_error_code_is_at_bytes_4_5 ... ok
test protocol::admin::tests::describe_log_dirs_v3_omits_total_bytes ... ok
test protocol::admin::tests::describe_log_dirs_v4_matches_kafka_protocol_0_18 ... ok
test protocol::admin::tests::describe_log_dirs_v4_roundtrip_is_leftover_empty ... ok
test protocol::admin::tests::describe_log_dirs_version_bounds_preserve_v4_layout ... ok
test protocol::admin::tests::describe_producers_first_partition_error_code_is_at_bytes_12_13 ... ok
test protocol::admin::tests::describe_producers_request_add_topic_matches_java ... ok
test protocol::admin::tests::describe_producers_response_error_counts_matches_java ... ok
test protocol::admin::tests::describe_producers_response_throttle_time_ms_matches_java ... ok
test protocol::admin::tests::describe_producers_v0_matches_kafka_protocol_0_18 ... ok
test protocol::admin::tests::describe_producers_v0_roundtrip_is_leftover_empty ... ok
test protocol::admin::tests::describe_producers_v0_topics_of_two_matches_independent_encode ... ok
test protocol::admin::tests::describe_quorum_error_counts_matches_java ... ok
test protocol::admin::tests::describe_quorum_should_client_throttle_matches_java ... ok
test protocol::admin::tests::describe_quorum_error_responses_match_java ... ok
test protocol::admin::tests::describe_quorum_unspoken_versions_are_not_spoken ... ok
test protocol::admin::tests::describe_quorum_v0_matches_apache_fixtures ... ok
test protocol::admin::tests::describe_quorum_v1_matches_apache_fixtures ... ok
test protocol::admin::tests::describe_quorum_v2_matches_apache_fixtures ... ok
test protocol::admin::tests::describe_quorum_v2_partition_error_matches_apache_fixtures ... ok
test protocol::admin::tests::describe_quorum_v2_top_level_error_matches_apache_fixtures ... ok
test protocol::admin::tests::describe_share_group_offsets_first_group_error_code_is_at_bytes_8_9 ... ok
test protocol::admin::tests::describe_share_group_offsets_request_error_response_matches_java ... ok
test protocol::admin::tests::describe_share_group_offsets_request_error_described_group_matches_java ... ok
test protocol::admin::tests::describe_share_group_offsets_response_error_counts_matches_java ... ok
test protocol::admin::tests::describe_share_group_offsets_response_throttle_time_ms_matches_java ... ok
test protocol::admin::tests::describe_share_group_offsets_response_has_group_error_matches_java ... ok
test protocol::admin::tests::describe_share_group_offsets_v0_matches_kafka_protocol_0_18 ... ok
test protocol::admin::tests::describe_share_group_offsets_v0_roundtrip_is_leftover_empty ... ok
test protocol::admin::tests::describe_topic_partitions_error_response_matches_java ... ok
test protocol::admin::tests::describe_topic_partitions_first_topic_error_code_is_at_bytes_5_6 ... ok
test protocol::admin::tests::describe_topic_partitions_partition_to_topic_partition_info_matches_java ... ok
test protocol::admin::tests::describe_topic_partitions_response_error_counts_matches_java ... ok
test protocol::admin::tests::describe_topic_partitions_request_for_topic_names_matches_java ... ok
test protocol::admin::tests::describe_topic_partitions_response_throttle_time_ms_matches_java ... ok
test protocol::admin::tests::describe_topic_partitions_v0_matches_kafka_protocol_0_18 ... ok
test protocol::admin::tests::describe_topic_partitions_v0_roundtrip_is_leftover_empty ... ok
test protocol::admin::tests::describe_transactions_not_coordinator_is_at_byte_five ... ok
test protocol::admin::tests::describe_transactions_response_error_counts_matches_java ... ok
test protocol::admin::tests::describe_transactions_response_throttle_time_ms_matches_java ... ok
test protocol::admin::tests::describe_transactions_v0_matches_kafka_protocol_0_18 ... ok
test protocol::admin::tests::describe_transactions_v0_roundtrip_is_leftover_empty ... ok
test protocol::admin::tests::describe_user_scram_credentials_get_error_response_does_not_copy_names ... ok
test protocol::admin::tests::describe_user_scram_credentials_not_controller_is_at_bytes_4_5 ... ok
test protocol::admin::tests::describe_user_scram_credentials_response_error_counts_matches_java ... ok
test protocol::admin::tests::describe_user_scram_credentials_response_throttle_time_ms_matches_java ... ok
test protocol::admin::tests::describe_user_scram_credentials_v0_matches_kafka_protocol_0_18 ... ok
test protocol::admin::tests::describe_user_scram_credentials_v0_roundtrip_is_leftover_empty ... ok
test protocol::admin::tests::elect_leaders_empty_topics_roundtrip_is_leftover_empty ... ok
test protocol::admin::tests::elect_leaders_error_counts_matches_java ... ok
test protocol::admin::tests::elect_leaders_error_response_matches_java ... ok
test protocol::admin::tests::elect_leaders_should_client_throttle_matches_java ... ok
test protocol::admin::tests::elect_leaders_unspoken_versions_are_not_spoken ... ok
test protocol::admin::tests::elect_leaders_v0_matches_apache_fixtures ... ok
test protocol::admin::tests::elect_leaders_v1_matches_apache_fixtures ... ok
test protocol::admin::tests::elect_leaders_v2_matches_apache_fixtures ... ok
test protocol::admin::tests::expire_delegation_token_does_not_speak_v0 ... ok
test protocol::admin::tests::expire_delegation_token_response_has_error_matches_java ... ok
test protocol::admin::tests::expire_delegation_token_request_error_response_matches_java ... ok
test protocol::admin::tests::expire_delegation_token_response_error_counts_matches_java ... ok
test protocol::admin::tests::expire_delegation_token_top_level_error_code_is_at_bytes_0_1 ... ok
test protocol::admin::tests::expire_delegation_token_response_throttle_time_ms_matches_java ... ok
test protocol::admin::tests::expire_delegation_token_v1_is_classic ... ok
test protocol::admin::tests::expire_delegation_token_v2_matches_kafka_protocol_0_18 ... ok
test protocol::admin::tests::expire_delegation_token_v2_roundtrip_is_leftover_empty ... ok
test protocol::admin::tests::get_telemetry_subscriptions_request_error_response_matches_java ... ok
test protocol::admin::tests::get_telemetry_subscriptions_response_error_counts_matches_java ... ok
test protocol::admin::tests::get_telemetry_subscriptions_response_has_error_matches_java ... ok
test protocol::admin::tests::get_telemetry_subscriptions_response_throttle_time_ms_matches_java ... ok
test protocol::admin::tests::get_telemetry_subscriptions_top_level_error_code_is_at_bytes_4_5 ... ok
test protocol::admin::tests::get_telemetry_subscriptions_v0_matches_kafka_protocol_0_18 ... ok
test protocol::admin::tests::get_telemetry_subscriptions_v0_roundtrip_is_leftover_empty ... ok
test protocol::admin::tests::incremental_alter_configs_append_subtract_ops_roundtrip ... ok
test protocol::admin::tests::incremental_alter_configs_from_errors_matches_java ... ok
test protocol::admin::tests::incremental_alter_configs_from_configs_matches_java ... ok
test protocol::admin::tests::incremental_alter_configs_not_controller_is_not_at_byte_four ... ok
test protocol::admin::tests::incremental_alter_configs_request_error_response_matches_java ... ok
test protocol::admin::tests::incremental_alter_configs_response_encode_from_errors_matches_java ... ok
test protocol::admin::tests::incremental_alter_configs_response_error_counts_matches_java ... ok
test protocol::admin::tests::incremental_alter_configs_response_throttle_time_ms_matches_java ... ok
test protocol::admin::tests::incremental_alter_configs_v1_compact_layout_matches_independent_encode ... ok
test protocol::admin::tests::incremental_alter_configs_v1_resources_of_two_matches_independent_encode ... ok
test protocol::admin::tests::list_config_resources_request_build_matches_java ... ok
test protocol::admin::tests::list_config_resources_request_error_response_matches_java ... ok
test protocol::admin::tests::list_config_resources_request_supported_resource_types_matches_java ... ok
test protocol::admin::tests::list_config_resources_response_error_counts_matches_java ... ok
test protocol::admin::tests::list_config_resources_response_error_matches_java ... ok
test protocol::admin::tests::list_config_resources_response_throttle_time_ms_matches_java ... ok
test protocol::admin::tests::list_config_resources_top_level_error_code_is_at_bytes_4_5 ... ok
test protocol::admin::tests::list_config_resources_v0_omits_resource_types ... ok
test protocol::admin::tests::list_config_resources_v1_matches_kafka_protocol_0_18 ... ok
test protocol::admin::tests::list_config_resources_v1_roundtrip_is_leftover_empty ... ok
test protocol::admin::tests::list_config_resources_v2_is_not_spoken ... ok
test protocol::admin::tests::list_groups_error_code_is_at_bytes_4_5 ... ok
test protocol::admin::tests::list_groups_error_response_matches_java ... ok
test protocol::admin::tests::list_groups_request_build_matches_java ... ok
test protocol::admin::tests::list_groups_response_error_counts_matches_java ... ok
test protocol::admin::tests::list_groups_throttle_time_ms_matches_java ... ok
test protocol::admin::tests::list_groups_v0_v3_v4_omit_later_fields ... ok
test protocol::admin::tests::list_groups_v5_matches_kafka_protocol_0_18 ... ok
test protocol::admin::tests::list_groups_v5_roundtrip_is_leftover_empty ... ok
test protocol::admin::tests::list_groups_v6_is_not_spoken ... ok
test protocol::admin::tests::list_partition_reassignments_not_controller_is_at_byte_four ... ok
test protocol::admin::tests::list_partition_reassignments_response_error_counts_matches_java ... ok
test protocol::admin::tests::list_partition_reassignments_response_throttle_time_ms_matches_java ... ok
test protocol::admin::tests::list_partition_reassignments_v0_roundtrip_is_leftover_empty ... ok
test protocol::admin::tests::list_transactions_not_coordinator_is_at_bytes_4_5 ... ok
test protocol::admin::tests::list_transactions_request_build_matches_java ... ok
test protocol::admin::tests::list_transactions_request_error_response_matches_java ... ok
test protocol::admin::tests::list_transactions_response_error_counts_matches_java ... ok
test protocol::admin::tests::list_transactions_response_throttle_time_ms_matches_java ... ok
test protocol::admin::tests::list_transactions_v0_matches_kafka_protocol_0_18 ... ok
test protocol::admin::tests::list_transactions_v0_roundtrip_is_leftover_empty ... ok
test protocol::admin::tests::list_transactions_v1_duration_filter_is_i64_before_tags ... ok
test protocol::admin::tests::list_transactions_v1_roundtrip_is_leftover_empty ... ok
test protocol::admin::tests::member_and_log_dir_getters_match_java ... ok
test protocol::admin::tests::push_telemetry_request_error_response_matches_java ... ok
test protocol::admin::tests::producer_and_transaction_getters_match_java ... ok
test protocol::admin::tests::push_telemetry_request_metrics_content_type_matches_java ... ok
test protocol::admin::tests::push_telemetry_response_error_counts_matches_java ... ok
test protocol::admin::tests::push_telemetry_response_has_error_matches_java ... ok
test protocol::admin::tests::push_telemetry_response_throttle_time_ms_matches_java ... ok
test protocol::admin::tests::push_telemetry_top_level_error_code_is_at_bytes_4_5 ... ok
test protocol::admin::tests::push_telemetry_v0_matches_kafka_protocol_0_18 ... ok
test protocol::admin::tests::push_telemetry_v0_roundtrip_is_leftover_empty ... ok
test protocol::admin::tests::renew_delegation_token_does_not_speak_v0 ... ok
test protocol::admin::tests::renew_delegation_token_request_error_response_matches_java ... ok
test protocol::admin::tests::renew_delegation_token_response_error_counts_matches_java ... ok
test protocol::admin::tests::renew_delegation_token_response_has_error_matches_java ... ok
test protocol::admin::tests::renew_delegation_token_response_throttle_time_ms_matches_java ... ok
test protocol::admin::tests::renew_delegation_token_top_level_error_code_is_at_bytes_0_1 ... ok
test protocol::admin::tests::renew_delegation_token_v1_is_classic ... ok
test protocol::admin::tests::renew_delegation_token_v2_matches_kafka_protocol_0_18 ... ok
test protocol::admin::tests::renew_delegation_token_v2_roundtrip_is_leftover_empty ... ok
test protocol::admin::tests::share_group_describe_first_group_error_code_is_at_bytes_5_6 ... ok
test protocol::admin::tests::share_group_describe_request_error_response_matches_java ... ok
test protocol::admin::tests::share_group_describe_response_error_counts_matches_java ... ok
test protocol::admin::tests::share_group_describe_response_throttle_time_ms_matches_java ... ok
test protocol::admin::tests::share_group_describe_v0_matches_v1_and_does_not_speak_v2 ... ok
test protocol::admin::tests::share_group_describe_v1_matches_kafka_protocol_0_18 ... ok
test protocol::admin::tests::share_group_describe_v1_roundtrip_is_leftover_empty ... ok
test protocol::admin::tests::share_member_and_group_getters_match_java ... ok
test protocol::admin::tests::share_offset_getters_match_wire ... ok
test protocol::admin::tests::push_telemetry_request_metrics_data_matches_java ... ok
test protocol::admin::tests::unregister_broker_not_controller_is_at_bytes_4_5 ... ok
test protocol::admin::tests::unregister_broker_request_error_response_matches_java ... ok
test protocol::admin::tests::unregister_broker_response_error_counts_matches_java ... ok
test protocol::admin::tests::unregister_broker_response_throttle_time_ms_matches_java ... ok
test protocol::admin::tests::unregister_broker_v0_matches_kafka_protocol_0_18 ... ok
test protocol::admin::tests::unregister_broker_v0_roundtrip_is_leftover_empty ... ok
test protocol::admin::tests::update_features_constructor_matches_java ... ok
test protocol::admin::tests::update_features_create_with_errors_is_leftover_empty ... ok
test protocol::admin::tests::update_features_not_controller_is_at_byte_four ... ok
test protocol::admin::tests::update_features_request_get_feature_matches_java ... ok
test protocol::admin::tests::update_features_response_error_counts_matches_java ... ok
test protocol::admin::tests::update_features_response_throttle_time_ms_matches_java ... ok
test protocol::admin::tests::update_features_v0_matches_kafka_protocol_0_18 ... ok
test protocol::admin::tests::update_features_v2_compact_layout_matches_independent_encode ... ok
test protocol::admin::tests::update_features_v0_roundtrip_is_leftover_empty ... ok
test protocol::api::tests::api_versions_create_finalized_feature_keys_matches_java ... ok
test protocol::api::tests::api_versions_kip511_v0_unsupported_body_parses_when_sent_v4 ... ok
test protocol::api::tests::api_versions_maybe_filter_supported_feature_keys_matches_java ... ok
test protocol::api::tests::api_versions_request_error_response_matches_java ... ok
test protocol::api::tests::api_versions_request_is_valid_matches_java ... ok
test protocol::api::tests::api_versions_response_helpers_match_java ... ok
test protocol::api::tests::api_versions_response_error_counts_matches_java ... ok
test protocol::api::tests::api_versions_v3_empty_features_is_zero_tagged_fields ... ok
test protocol::api::tests::api_versions_v3_features_roundtrip_is_leftover_empty ... ok
test protocol::api::tests::api_versions_v3_roundtrip ... ok
test protocol::api::tests::api_versions_v3_matches_v4_and_does_not_speak_v5 ... ok
test protocol::api::tests::has_transactional_records_matches_java_request_utils ... ok
test protocol::api::tests::metadata_broker_and_node_endpoint_match_java_node ... ok
test protocol::api::tests::metadata_builder_matches_java ... ok
test protocol::api::tests::metadata_has_reliable_leader_epochs_matches_java ... ok
test protocol::api::tests::metadata_request_all_topics_matches_java ... ok
test protocol::api::tests::metadata_request_allow_auto_topic_creation_matches_java ... ok
test protocol::api::tests::metadata_request_build_matches_java ... ok
test protocol::api::tests::metadata_request_error_response_matches_java ... ok
test protocol::api::tests::metadata_request_for_topic_ids_matches_java ... ok
test protocol::api::tests::metadata_request_for_topic_names_matches_java ... ok
test protocol::api::tests::metadata_request_for_topic_names_range_matches_java ... ok
test protocol::api::tests::metadata_request_for_topic_names_version_matches_java ... ok
test protocol::api::tests::metadata_request_include_cluster_authorized_operations_matches_java ... ok
test protocol::api::tests::metadata_request_roundtrips_topics_and_allow_auto ... ok
test protocol::api::tests::metadata_response_brokers_by_id_matches_java ... ok
test protocol::api::tests::metadata_response_cluster_authorized_operations_matches_java ... ok
test protocol::api::tests::metadata_response_controller_matches_java ... ok
test protocol::api::tests::metadata_response_error_counts_matches_java ... ok
test protocol::api::tests::metadata_response_errors_matches_java ... ok
test protocol::api::tests::metadata_response_partition_metadata_matches_java ... ok
test protocol::api::tests::metadata_response_topic_metadata_matches_java ... ok
test protocol::api::tests::metadata_response_topic_metadata_with_topic_id_matches_java ... ok
test protocol::api::tests::metadata_v12_roundtrip ... ok
test protocol::api::tests::metadata_v12_topic_id_request_is_compact ... ok
test protocol::api::tests::metadata_v13_top_error_fails_check ... ok
test protocol::api::tests::metadata_v7_decodes_leader_epoch_and_omitted_authorized_ops ... ok
test protocol::api::tests::produce_partition_response_matches_java ... ok
test protocol::api::tests::produce_error_response_matches_java ... ok
test protocol::api::tests::produce_partition_response_with_current_leader_matches_java ... ok
test protocol::api::tests::produce_partition_response_with_message_matches_java ... ok
test protocol::api::tests::produce_partition_response_with_offsets_matches_java ... ok
test protocol::api::tests::produce_partition_response_with_record_errors_and_message_matches_java ... ok
test protocol::api::tests::produce_partition_response_with_record_errors_matches_java ... ok
test protocol::api::tests::produce_record_error_matches_java ... ok
test protocol::api::tests::produce_request_builder_matches_java ... ok
test protocol::api::tests::produce_partition_sizes_matches_java ... ok
test protocol::api::tests::produce_request_error_counts_matches_java ... ok
test protocol::api::tests::produce_response_throttle_time_ms_matches_java ... ok
test protocol::api::tests::produce_response_to_data_matches_java ... ok
test protocol::api::tests::produce_transaction_v2_version_cap_matches_java ... ok
test protocol::api::tests::produce_v10_node_endpoints_tagged_is_leftover_empty ... ok
test protocol::api::tests::produce_v11_current_leader_tagged_is_leftover_empty ... ok
test protocol::api::tests::produce_v3_omitted_log_start_is_invalid_offset ... ok
test protocol::api::tests::produce_v3_transactional_id_is_not_null ... ok
test protocol::api::tests::produce_v9_response_matches_compact_layout ... ok
test protocol::api::tests::produce_v9_roundtrip_is_leftover_empty ... ok
test protocol::api_keys::tests::cluster_action_and_forwardable_match_java_4_0 ... ok
test protocol::api_keys::tests::has_id_and_for_id_match_java ... ok
test protocol::api_keys::tests::min_required_inter_broker_magic_match_java_4_0 ... ok
test protocol::buf::tests::array_len_rejects_claims_past_remaining ... ok
test protocol::api::tests::produce_request_build_matches_java ... ok
test protocol::buf::tests::compact_string_null_empty ... ok
test protocol::api::tests::produce_request_validate_records_matches_java ... ok
test protocol::buf::tests::compare_raw_tagged_fields_matches_java_message_util ... ok
test protocol::buf::tests::deep_to_string_matches_java_message_util ... ok
test protocol::buf::tests::entries_with_prefix_matches_java_utils ... ok
test protocol::buf::tests::invalid_varint_matches_java_byte_utils ... ok
test protocol::buf::tests::invalid_varlong_matches_java_byte_utils ... ok
test protocol::buf::tests::is_equal_constant_time_matches_java_utils ... ok
test protocol::buf::tests::is_blank_matches_java_utils ... ok
test protocol::buf::tests::min_matches_java_utils ... ok
test protocol::buf::tests::read_bytes_matches_java_utils ... ok
test protocol::buf::tests::read_int_be_matches_java_byte_utils ... ok
test protocol::buf::tests::parse_map_matches_java_utils ... ok
test protocol::buf::tests::require_matches_java_utils ... ok
test protocol::buf::tests::size_delimited_matches_java_utils ... ok
test protocol::buf::tests::size_of_unsigned_varlong_matches_java ... ok
test protocol::buf::tests::size_of_varint_matches_java ... ok
test protocol::buf::tests::tagged_fields_roundtrip_and_require_ascending_tags ... ok
test protocol::buf::tests::size_of_varlong_matches_java ... ok
test protocol::buf::tests::take_classic_bytes_null_is_none ... ok
test protocol::buf::tests::take_classic_bytes_from_bytes_is_a_view ... ok
test protocol::buf::tests::take_compact_bytes_from_bytes_is_a_view ... ok
test protocol::buf::tests::to_32_bit_field_matches_java_utils ... ok
test protocol::buf::tests::size_of_unsigned_varint_matches_java ... ok
test protocol::buf::tests::unsigned_varint_roundtrip ... ok
test protocol::buf::tests::utf8_length_matches_java_utils ... ok
test protocol::buf::tests::varint_size_matches_encoded_len ... ok
test protocol::buf::tests::union_intersection_diff_matches_java_utils ... ok
test protocol::buf::tests::zigzag_varint_roundtrip ... ok
test protocol::cgheartbeat::tests::consumer_group_heartbeat_leave_has_epoch_minus_one ... ok
test protocol::cgheartbeat::tests::consumer_group_heartbeat_request_build_matches_java ... ok
test protocol::cgheartbeat::tests::consumer_group_heartbeat_request_error_response_matches_java ... ok
test protocol::cgheartbeat::tests::consumer_group_heartbeat_request_matches_java ... ok
test protocol::cgheartbeat::tests::consumer_group_heartbeat_request_rebalance_timeout_ms_matches_java ... ok
test protocol::cgheartbeat::tests::consumer_group_heartbeat_request_server_assignor_matches_java ... ok
test protocol::cgheartbeat::tests::consumer_group_heartbeat_response_throttle_time_ms_matches_java ... ok
test protocol::cgheartbeat::tests::consumer_group_heartbeat_response_error_counts_matches_java ... ok
test protocol::cgheartbeat::tests::consumer_group_heartbeat_static_leave_has_epoch_minus_two ... ok
test protocol::cgheartbeat::tests::consumer_group_heartbeat_v0_roundtrip_join ... ok
test protocol::cgheartbeat::tests::consumer_group_heartbeat_v1_compact_layout_matches_independent_encode ... ok
test protocol::cgheartbeat::tests::consumer_group_heartbeat_v1_roundtrip_is_leftover_empty ... ok
test protocol::cgheartbeat::tests::decode_rejects_error_response_without_trailing_tagged_fields ... ok
test protocol::cgheartbeat::tests::join_encodes_empty_topic_partitions_array_not_null ... ok
test protocol::epoch::tests::offset_for_leader_epoch_replica_id_sentinels_match_java ... ok
test protocol::epoch::tests::epoch_end_offset_undefined_sentinels_match_java ... ok
test protocol::epoch::tests::offset_for_leader_epoch_request_replica_id_matches_java ... ok
test protocol::epoch::tests::offset_for_leader_epoch_topics_of_n_v4_compact ... ok
test protocol::epoch::tests::offset_for_leader_epoch_v0_has_no_replica_or_current_epoch ... ok
test protocol::epoch::tests::offset_for_leader_epoch_response_throttle_time_ms_matches_java ... ok
test protocol::epoch::tests::offset_for_leader_epoch_v4_compact_layout_matches_independent_encode ... ok
test protocol::epoch::tests::offset_for_leader_epoch_v1_response_has_epoch_not_throttle ... ok
test protocol::epoch::tests::offset_for_leader_epoch_v2_roundtrip ... ok
test protocol::epoch::tests::offset_for_leader_epoch_v4_roundtrip_is_leftover_empty ... ok
test protocol::epoch::tests::offsets_for_leader_epoch_request_for_consumer_matches_java ... ok
test protocol::epoch::tests::offsets_for_leader_epoch_request_for_follower_matches_java ... ok
test protocol::epoch::tests::offsets_for_leader_epoch_response_error_counts_matches_java ... ok
test protocol::fetch::tests::decode_fetch_response_keeps_log_start_on_offset_out_of_range ... ok
test protocol::fetch::tests::decode_fetch_response_from_bytes_shares_record_value ... ok
test protocol::fetch::tests::decode_fetch_response_uses_record_batch_decoder_on_partition_bytes ... ok
test protocol::fetch::tests::fetch_error_code_session_id_matches_java ... ok
test protocol::fetch::tests::fetch_metadata_matches_java ... ok
test protocol::fetch::tests::fetch_json_version_gates_match_java ... ok
test protocol::fetch::tests::fetch_partition_data_matches_java ... ok
test protocol::fetch::tests::fetch_request_builder_matches_java ... ok
test protocol::fetch::tests::fetch_request_cluster_id_matches_java ... ok
test protocol::fetch::tests::fetch_request_encode_error_response_matches_java ... ok
test protocol::fetch::tests::fetch_request_error_response_matches_java ... ok
test protocol::fetch::tests::fetch_request_for_consumer_matches_java ... ok
test protocol::fetch::tests::fetch_request_fetch_data_matches_java ... ok
test protocol::fetch::tests::fetch_request_for_replica_matches_java ... ok
test protocol::fetch::tests::fetch_request_forgotten_matches_java ... ok
test protocol::fetch::tests::fetch_request_forgotten_from_removed_matches_java ... ok
test protocol::fetch::tests::fetch_request_forgotten_topics_matches_java ... ok
test protocol::fetch::tests::fetch_request_log_start_offset_matches_java ... ok
test protocol::fetch::tests::fetch_request_max_wait_ms_matches_java ... ok
test protocol::fetch::tests::fetch_request_min_bytes_matches_java ... ok
test protocol::fetch::tests::fetch_request_rack_id_is_empty_string_not_null ... ok
test protocol::fetch::tests::fetch_request_replica_directory_id_matches_java ... ok
test protocol::fetch::tests::fetch_request_replica_for_build_matches_java ... ok
test protocol::fetch::tests::fetch_request_replica_id_matches_java ... ok
test protocol::fetch::tests::fetch_request_replica_id_sentinels_match_java ... ok
test protocol::fetch::tests::fetch_request_sends_current_leader_epoch ... ok
test protocol::fetch::tests::fetch_request_sends_rack_id ... ok
test protocol::fetch::tests::fetch_request_replica_state_matches_java ... ok
test protocol::fetch::tests::fetch_request_session_matches_java ... ok
test protocol::fetch::tests::fetch_request_simple_builder_build_matches_java ... ok
test protocol::fetch::tests::fetch_request_topics_from_fetch_data_matches_java ... ok
test protocol::fetch::tests::fetch_response_error_counts_matches_java ... ok
test protocol::fetch::tests::fetch_response_preserves_aborted_transactions ... ok
test protocol::fetch::tests::fetch_response_of_matches_java ... ok
test protocol::fetch::tests::fetch_response_of_with_endpoints_matches_java ... ok
test protocol::fetch::tests::fetch_response_records_size_matches_java ... ok
test protocol::fetch::tests::fetch_response_response_data_matches_java ... ok
test protocol::fetch::tests::fetch_response_throttle_time_ms_matches_java ... ok
test protocol::fetch::tests::fetch_response_snapshot_id_matches_java ... ok
test protocol::fetch::tests::fetch_response_size_of_matches_java ... ok
test protocol::fetch::tests::fetch_response_to_message_matches_java ... ok
test protocol::fetch::tests::fetch_response_topic_ids_matches_java ... ok
test protocol::fetch::tests::fetch_v11_roundtrip ... ok
test protocol::fetch::tests::fetch_v12_request_matches_compact_layout ... ok
test protocol::fetch::tests::fetch_v12_roundtrip_is_leftover_empty ... ok
test protocol::fetch::tests::fetch_v14_forgotten_topic_id_is_leftover_empty ... ok
test protocol::fetch::tests::fetch_v14_request_matches_topic_id_layout ... ok
test protocol::fetch::tests::fetch_v15_request_omits_untagged_replica_id ... ok
test protocol::fetch::tests::fetch_v14_roundtrip_is_leftover_empty ... ok
test protocol::fetch::tests::fetch_v15_roundtrip_is_leftover_empty ... ok
test protocol::fetch::tests::fetch_v16_current_leader_tagged_is_leftover_empty ... ok
test protocol::fetch::tests::fetch_v16_diverging_epoch_tagged_is_leftover_empty ... ok
test protocol::fetch::tests::fetch_v16_node_endpoints_tagged_is_leftover_empty ... ok
test protocol::fetch::tests::fetch_v16_roundtrip_is_leftover_empty ... ok
test protocol::fetch::tests::fetch_v17_roundtrip_matches_v16 ... ok
test protocol::fetch::tests::fetched_partition_invalid_sentinels_match_java ... ok
test protocol::group::tests::consumer_protocol_type_matches_java ... ok
test protocol::group::tests::consumer_protocol_assignment_matches_java_serialize ... ok
test protocol::group::tests::consumer_protocol_subscription_v3_matches_java_serialize ... ok
test protocol::group::tests::coordinator_type_matches_java ... ok
test protocol::group::tests::find_coordinator_builder_matches_java ... ok
test protocol::group::tests::fetched_offset_partition_data_matches_java ... ok
test protocol::group::tests::find_coordinator_request_build_matches_java ... ok
test protocol::group::tests::find_coordinator_response_coordinator_by_key_matches_java ... ok
test protocol::group::tests::find_coordinator_response_coordinators_matches_java ... ok
test protocol::group::tests::find_coordinator_response_has_error_matches_java ... ok
test protocol::group::tests::find_coordinator_response_error_counts_matches_java ... ok
test protocol::group::tests::find_coordinator_response_node_matches_java ... ok
test protocol::group::tests::find_coordinator_response_throttle_time_ms_matches_java ... ok
test protocol::group::tests::find_coordinator_response_prepare_response_matches_java ... ok
test protocol::group::tests::find_coordinator_v2_sends_key_type_and_is_leftover_empty ... ok
test protocol::group::tests::find_coordinator_v3_request_matches_compact_layout ... ok
test protocol::group::tests::find_coordinator_v3_response_matches_compact_layout ... ok
test protocol::group::tests::find_coordinator_v3_roundtrip_is_leftover_empty ... ok
test protocol::group::tests::find_coordinator_v4_request_matches_compact_layout ... ok
test protocol::group::tests::find_coordinator_v4_coordinator_keys_array_of_two ... ok
test protocol::group::tests::find_coordinator_v4_response_matches_compact_layout ... ok
test protocol::group::tests::find_coordinator_v4_roundtrip_is_leftover_empty ... ok
test protocol::group::tests::find_coordinator_v4_vs_v3_request_layout_differs ... ok
test protocol::group::tests::heartbeat_group_instance_id_matches_java ... ok
test protocol::group::tests::heartbeat_request_build_matches_java ... ok
test protocol::group::tests::heartbeat_response_error_counts_matches_java ... ok
test protocol::group::tests::heartbeat_throttle_time_ms_matches_java ... ok
test protocol::group::tests::heartbeat_v0_v2_match_and_v1_adds_throttle ... ok
test protocol::group::tests::heartbeat_v3_roundtrip_is_leftover_empty ... ok
test protocol::group::tests::heartbeat_v4_request_matches_compact_layout ... ok
test protocol::group::tests::heartbeat_v4_response_matches_compact_layout ... ok
test protocol::group::tests::heartbeat_v4_roundtrip_is_leftover_empty ... ok
test protocol::group::tests::join_group_error_response_matches_java ... ok
test protocol::group::tests::join_group_protocols_of_n_v6_compact ... ok
test protocol::group::tests::join_group_request_build_matches_java ... ok
test protocol::group::tests::join_group_request_error_response_matches_java ... ok
test protocol::group::tests::join_group_request_rebalance_timeout_ms_matches_java ... ok
test protocol::group::tests::join_group_request_protocol_type_matches_java ... ok
test protocol::group::tests::join_group_request_matches_java ... ok
test protocol::group::tests::join_group_request_session_timeout_ms_matches_java ... ok
test protocol::group::tests::join_group_response_error_counts_matches_java ... ok
test protocol::group::tests::join_group_response_protocol_name_matches_java ... ok
test protocol::group::tests::join_group_response_member_group_instance_id_matches_java ... ok
test protocol::group::tests::join_group_response_protocol_type_matches_java ... ok
test protocol::group::tests::join_group_response_skip_assignment_matches_java ... ok
test protocol::group::tests::join_group_response_throttle_time_ms_matches_java ... ok
test protocol::group::tests::join_group_v2_v4_match_and_omit_instance ... ok
test protocol::group::tests::join_group_v5_sends_instance_id ... ok
test protocol::group::tests::join_group_v6_response_matches_compact_layout ... ok
test protocol::group::tests::join_group_v6_roundtrip_is_leftover_empty ... ok
test protocol::group::tests::join_group_v7_empty_protocol_name_is_null ... ok
test protocol::group::tests::join_group_v7_response_matches_compact_layout ... ok
test protocol::group::tests::join_group_v6_request_matches_compact_layout ... ok
test protocol::group::tests::join_group_v8_request_matches_compact_layout ... ok
test protocol::group::tests::join_group_v8_roundtrip_is_leftover_empty ... ok
test protocol::group::tests::join_group_v9_response_matches_compact_layout ... ok
test protocol::group::tests::join_group_v9_roundtrip_is_leftover_empty ... ok
test protocol::group::tests::leave_group_builder_matches_java ... ok
test protocol::group::tests::leave_group_error_response_matches_java ... ok
test protocol::group::tests::leave_group_request_build_matches_java ... ok
test protocol::group::tests::leave_group_request_members_matches_java ... ok
test protocol::group::tests::leave_group_response_encode_from_members_matches_java ... ok
test protocol::group::tests::leave_group_response_error_counts_matches_java ... ok
test protocol::group::tests::leave_group_response_error_matches_java ... ok
test protocol::group::tests::leave_group_response_for_version_matches_java ... ok
test protocol::group::tests::leave_group_throttle_time_ms_matches_java ... ok
test protocol::group::tests::leave_group_response_from_members_matches_java ... ok
test protocol::group::tests::leave_group_v3_roundtrip_is_leftover_empty ... ok
test protocol::group::tests::leave_group_v4_roundtrip_is_leftover_empty ... ok
test protocol::group::tests::leave_group_v0_v1_v2_match_and_do_not_speak_v6 ... ok
test protocol::group::tests::leave_group_v5_abort_matches_compact_layout ... ok
test protocol::group::tests::leave_group_v5_reason_roundtrip_is_leftover_empty ... ok
test protocol::group::tests::offset_commit_defaults_match_java ... ok
test protocol::group::tests::offset_commit_generation_id_or_member_epoch_matches_java ... ok
test protocol::group::tests::offset_commit_get_error_response_copies_names_and_partitions ... ok
test protocol::group::tests::offset_commit_group_instance_id_matches_java ... ok
test protocol::group::tests::offset_commit_offsets_matches_java ... ok
test protocol::group::tests::offset_commit_request_build_matches_java ... ok
test protocol::group::tests::offset_commit_response_add_partition_matches_java ... ok
test protocol::group::tests::offset_commit_response_error_counts_matches_java ... ok
test protocol::group::tests::offset_commit_response_add_partitions_matches_java ... ok
test protocol::group::tests::offset_commit_response_encode_from_errors_matches_java ... ok
test protocol::group::tests::offset_commit_response_from_errors_matches_java ... ok
test protocol::group::tests::offset_commit_response_merge_matches_java ... ok
test protocol::group::tests::offset_commit_response_returns_first_partition_error ... ok
test protocol::group::tests::offset_commit_retention_time_matches_java ... ok
test protocol::group::tests::offset_commit_throttle_time_ms_matches_java ... ok
test protocol::group::tests::offset_commit_v7_batches_partitions_and_consumes_epoch_metadata ... ok
test protocol::group::tests::offset_commit_v2_v4_match_and_v5_drops_retention ... ok
test protocol::group::tests::offset_commit_v8_request_matches_compact_layout ... ok
test protocol::group::tests::offset_commit_v8_response_matches_compact_layout ... ok
test protocol::group::tests::offset_commit_v8_roundtrip_is_leftover_empty ... ok
test protocol::group::tests::offset_commit_v9_matches_v8_layout ... ok
test protocol::group::tests::offset_delete_not_coordinator_is_not_at_byte_four ... ok
test protocol::group::tests::offset_delete_error_response_matches_java ... ok
test protocol::group::tests::offset_delete_request_error_response_matches_java ... ok
test protocol::group::tests::offset_delete_response_error_counts_matches_java ... ok
test protocol::group::tests::offset_delete_response_throttle_time_ms_matches_java ... ok
test protocol::group::tests::offset_delete_response_merge_matches_java ... ok
test protocol::group::tests::offset_delete_v0_roundtrip_is_leftover_empty ... ok
test protocol::group::tests::offset_fetch_builder_matches_java ... ok
test protocol::group::tests::offset_fetch_group_error_result_leftover_empty ... ok
test protocol::group::tests::offset_fetch_from_partitions_matches_java ... ok
test protocol::group::tests::offset_fetch_group_ids_matches_java ... ok
test protocol::group::tests::offset_fetch_group_ids_to_partitions_matches_java ... ok
test protocol::group::tests::offset_fetch_null_topics_is_all_partitions ... ok
test protocol::group::tests::offset_fetch_group_ids_to_topics_matches_java ... ok
test protocol::group::tests::offset_fetch_partitions_matches_java ... ok
test protocol::group::tests::offset_fetch_request_build_matches_java ... ok
test protocol::group::tests::offset_fetch_request_for_group_matches_java ... ok
test protocol::group::tests::offset_fetch_request_error_response_matches_java ... ok
test protocol::group::tests::offset_fetch_request_for_groups_matches_java ... ok
test protocol::group::tests::offset_fetch_request_is_all_partitions_for_group_matches_java ... ok
test protocol::group::tests::offset_fetch_response_encode_from_groups_partition_data_matches_java ... ok
test protocol::group::tests::offset_fetch_response_error_counts_matches_java ... ok
test protocol::group::tests::offset_fetch_request_groups_matches_java ... ok
test protocol::group::tests::offset_fetch_response_error_matches_java ... ok
test protocol::group::tests::offset_fetch_response_from_groups_matches_java ... ok
test protocol::group::tests::offset_fetch_response_encode_from_partition_data_matches_java ... ok
test protocol::group::tests::offset_fetch_response_from_groups_partition_data_matches_java ... ok
test protocol::group::tests::offset_fetch_response_group_has_error_matches_java ... ok
test protocol::group::tests::offset_fetch_response_from_partition_data_matches_java ... ok
test protocol::group::tests::offset_fetch_response_partition_data_constructor_matches_java ... ok
test protocol::group::tests::offset_fetch_throttle_time_ms_matches_java ... ok
test protocol::group::tests::offset_fetch_response_partition_data_map_matches_java ... ok
test protocol::group::tests::offset_fetch_v1_v5_match_and_v5_adds_epoch ... ok
test protocol::group::tests::offset_fetch_v5_batches_partitions_and_consumes_tail ... ok
test protocol::group::tests::offset_fetch_v6_request_matches_compact_layout ... ok
test protocol::group::tests::offset_fetch_v6_roundtrip_is_leftover_empty ... ok
test protocol::group::tests::offset_fetch_v7_sends_require_stable ... ok
test protocol::group::tests::offset_fetch_v8_groups_null_topics_array_of_two ... ok
test protocol::group::tests::offset_fetch_v8_groups_array_of_two ... ok
test protocol::group::tests::offset_fetch_v8_groups_roundtrip_is_leftover_empty ... ok
test protocol::group::tests::offset_fetch_v9_sends_member_id_and_epoch ... ok
test protocol::group::tests::sync_group_are_mandatory_protocol_type_and_name_present_matches_java ... ok
test protocol::group::tests::subscription_assignment_roundtrip ... ok
test protocol::group::tests::sync_group_error_response_matches_java ... ok
test protocol::group::tests::sync_group_generation_id_matches_java ... ok
test protocol::group::tests::sync_group_group_instance_id_matches_java ... ok
test protocol::group::tests::sync_group_protocol_type_name_matches_java ... ok
test protocol::group::tests::sync_group_request_build_matches_java ... ok
test protocol::group::tests::sync_group_request_group_assignments_matches_java ... ok
test protocol::group::tests::sync_group_response_error_counts_matches_java ... ok
test protocol::group::tests::sync_group_response_protocol_type_name_matches_java ... ok
test protocol::group::tests::sync_group_throttle_time_ms_matches_java ... ok
test protocol::group::tests::sync_group_v0_v2_match_and_v1_adds_throttle ... ok
test protocol::group::tests::sync_group_v3_roundtrip_is_leftover_empty ... ok
test protocol::group::tests::sync_group_v4_request_matches_compact_layout ... ok
test protocol::group::tests::sync_group_v4_response_matches_compact_layout ... ok
test protocol::group::tests::sync_group_v4_roundtrip_is_leftover_empty ... ok
test protocol::group::tests::sync_group_v5_request_matches_compact_layout ... ok
test protocol::group::tests::sync_group_v5_roundtrip_is_leftover_empty ... ok
test protocol::group::tests::sync_group_v5_response_matches_compact_layout ... ok
test protocol::header::tests::acl_apis_v2_are_flexible_v1_is_not ... ok
test protocol::header::tests::add_offsets_to_txn_v3_is_flexible_v2_is_not ... ok
test protocol::header::tests::add_partitions_to_txn_v3_is_flexible_v2_is_not ... ok
test protocol::header::tests::add_raft_voter_headers_are_always_flexible ... ok
test protocol::header::tests::allocate_producer_ids_v0_is_flexible ... ok
test protocol::header::tests::alter_client_quotas_v1_is_flexible_v0_is_not ... ok
test protocol::header::tests::alter_configs_v2_is_flexible_v1_is_not ... ok
test protocol::header::tests::alter_partition_reassignments_v0_is_flexible ... ok
test protocol::header::tests::alter_replica_log_dirs_v2_is_flexible_v1_is_not ... ok
test protocol::header::tests::alter_share_group_offsets_v0_is_flexible ... ok
test protocol::header::tests::alter_user_scram_credentials_v0_is_flexible ... ok
test protocol::header::tests::api_versions_response_header_never_flexible ... ok
test protocol::header::tests::assign_replicas_to_dirs_v0_is_flexible ... ok
test protocol::header::tests::check_correlation_matches_java ... ok
test protocol::header::tests::consumer_group_describe_v1_is_flexible ... ok
test protocol::header::tests::consumer_group_heartbeat_v0_to_v1_are_flexible ... ok
test protocol::header::tests::create_delegation_token_v3_is_flexible ... ok
test protocol::header::tests::create_partitions_v2_is_flexible_v1_is_not ... ok
test protocol::header::tests::create_topics_v5_is_flexible_v4_is_not ... ok
test protocol::header::tests::delete_groups_v2_is_flexible_v1_is_not ... ok
test protocol::header::tests::delete_share_group_offsets_v0_is_flexible ... ok
test protocol::header::tests::delete_topics_v4_is_flexible_v3_is_not ... ok
test protocol::header::tests::describe_client_quotas_v1_is_flexible_v0_is_not ... ok
test protocol::header::tests::describe_cluster_v0_to_v2_are_flexible ... ok
test protocol::header::tests::describe_configs_v4_is_flexible_v3_is_not ... ok
test protocol::header::tests::describe_delegation_token_v3_is_flexible ... ok
test protocol::header::tests::describe_groups_v6_is_flexible_v4_is_not ... ok
test protocol::header::tests::describe_log_dirs_v4_is_flexible ... ok
test protocol::header::tests::describe_producers_v0_is_flexible ... ok
test protocol::header::tests::describe_quorum_headers_are_always_flexible ... ok
test protocol::header::tests::describe_share_group_offsets_v0_is_flexible ... ok
test protocol::header::tests::describe_topic_partitions_v0_is_flexible ... ok
test protocol::header::tests::describe_transactions_v0_is_flexible ... ok
test protocol::header::tests::describe_user_scram_credentials_v0_is_flexible ... ok
test protocol::header::tests::delete_records_v2_is_flexible_v1_is_not ... ok
test protocol::header::tests::end_txn_v3_is_flexible_v2_is_not ... ok
test protocol::header::tests::expire_delegation_token_v2_is_flexible ... ok
test protocol::header::tests::elect_leaders_headers_match_apache_flexible_boundary ... ok
test protocol::header::tests::fetch_v12_is_flexible_v11_is_not ... ok
test protocol::header::tests::find_coordinator_v3_is_flexible_v2_is_not ... ok
test protocol::header::tests::get_telemetry_subscriptions_v0_is_flexible ... ok
test protocol::header::tests::incremental_alter_configs_v1_is_flexible_v0_is_not ... ok
test protocol::header::tests::heartbeat_v4_is_flexible_v3_is_not ... ok
test protocol::header::tests::init_producer_id_v2_is_flexible_v1_is_not ... ok
test protocol::header::tests::join_group_v6_is_flexible_v5_is_not ... ok
test protocol::header::tests::leave_group_v4_is_flexible_v3_is_not ... ok
test protocol::header::tests::list_config_resources_v1_is_flexible ... ok
test protocol::header::tests::list_groups_v5_is_flexible_v2_is_not ... ok
test protocol::header::tests::list_offsets_v6_is_flexible_v5_is_not ... ok
test protocol::header::tests::list_transactions_is_flexible ... ok
test protocol::header::tests::list_partition_reassignments_v0_is_flexible ... ok
test protocol::header::tests::offset_commit_v8_is_flexible_v7_is_not ... ok
test protocol::header::tests::offset_for_leader_epoch_v4_is_flexible_v3_is_not ... ok
test protocol::header::tests::offset_fetch_v6_is_flexible_v5_is_not ... ok
test protocol::header::tests::produce_v9_is_flexible_v8_is_not ... ok
test protocol::header::tests::push_telemetry_v0_is_flexible ... ok
test protocol::header::tests::remove_raft_voter_headers_are_always_flexible ... ok
test protocol::header::tests::renew_delegation_token_v2_is_flexible ... ok
test protocol::header::tests::request_header_client_id_is_classic_even_when_flexible ... ok
test protocol::header::tests::request_header_display_matches_java ... ok
test protocol::header::tests::sasl_authenticate_v2_is_flexible_v1_is_not ... ok
test protocol::header::tests::request_header_size_matches_java ... ok
test protocol::header::tests::sasl_handshake_v0_and_v1_are_classic ... ok
test protocol::header::tests::share_acknowledge_v0_and_v1_are_flexible ... ok
test protocol::header::tests::share_fetch_v0_and_v1_are_flexible ... ok
test protocol::header::tests::share_group_describe_v0_and_v1_are_flexible ... ok
test protocol::header::tests::share_group_heartbeat_v0_and_v1_are_flexible ... ok
test protocol::header::tests::sync_group_v4_is_flexible_v3_is_not ... ok
test protocol::header::tests::txn_offset_commit_v3_is_flexible_v2_is_not ... ok
test protocol::header::tests::unregister_broker_v0_is_flexible ... ok
test protocol::header::tests::update_features_v0_to_v2_are_flexible ... ok
test protocol::header::tests::write_txn_markers_v1_is_flexible_v0_is_not ... ok
test protocol::idem::tests::init_producer_id_builder_matches_java ... ok
test protocol::idem::tests::init_producer_id_error_is_visible ... ok
test protocol::idem::tests::init_producer_id_error_response_matches_java ... ok
test protocol::idem::tests::init_producer_id_request_build_matches_java ... ok
test protocol::idem::tests::init_producer_id_response_error_counts_matches_java ... ok
test protocol::idem::tests::init_producer_id_response_throttle_time_ms_matches_java ... ok
test protocol::idem::tests::init_producer_id_v1_roundtrip ... ok
test protocol::idem::tests::init_producer_id_v2_request_matches_compact_layout ... ok
test protocol::idem::tests::init_producer_id_v2_response_matches_compact_layout ... ok
test protocol::idem::tests::init_producer_id_v2_roundtrip_is_leftover_empty ... ok
test protocol::idem::tests::init_producer_id_v3_first_init_sends_no_producer_id ... ok
test protocol::idem::tests::init_producer_id_v5_roundtrip_is_leftover_empty ... ok
test protocol::oauth::tests::librdkafka_unsecured_jwt_vector ... ok
test protocol::idem::tests::init_producer_id_v3_request_matches_compact_layout ... ok
test protocol::oauth::tests::rfc7628_initial_roundtrip ... ok
test protocol::offsets::tests::list_offsets_duplicate_partitions_matches_java ... ok
test protocol::offsets::tests::list_offsets_partition_matches_java_list_offsets_result_info ... ok
test protocol::offsets::tests::list_offsets_replica_id_sentinels_match_java ... ok
test protocol::offsets::tests::list_offsets_request_for_consumer_matches_java ... ok
test protocol::offsets::tests::list_offsets_request_builder_matches_java ... ok
test protocol::offsets::tests::list_offsets_request_for_replica_matches_java ... ok
test protocol::offsets::tests::list_offsets_request_replica_id_matches_java ... ok
test protocol::offsets::tests::list_offsets_response_error_counts_matches_java ... ok
test protocol::offsets::tests::list_offsets_v2_roundtrip ... ok
test protocol::offsets::tests::list_offsets_to_list_offsets_topics_matches_java ... ok
test protocol::offsets::tests::list_offsets_throttle_time_ms_matches_java ... ok
test protocol::offsets::tests::list_offsets_v4_sends_current_leader_epoch_and_consumes_response_epoch ... ok
test protocol::offsets::tests::list_offsets_v4_two_partitions_roundtrip_is_leftover_empty ... ok
test protocol::offsets::tests::list_offsets_v5_matches_v4_layout ... ok
test protocol::offsets::tests::list_offsets_v6_roundtrip_is_leftover_empty ... ok
test protocol::offsets::tests::offset_spec_matches_list_offsets_timestamp_constants ... ok
test protocol::offsets::tests::list_offsets_v6_latest_matches_compact_layout ... ok
test protocol::oidc::tests::access_token_json_space_after_colon ... ok
test protocol::oidc::tests::compute_buffer_and_refresh_point ... ok
test protocol::oidc::tests::compute_jitter_and_scheduled_refresh ... ok
test protocol::oidc::tests::compute_retry_delay_exponential_and_clamping ... ok
test protocol::oidc::tests::compute_skew_rules ... ok
test protocol::oidc::tests::fetch_token_from_http_listener ... ok
test protocol::oidc::tests::fetch_token_does_not_retry_http_401 ... ok
test protocol::oidc::tests::fetch_token_rejects_http_401 ... ok
test protocol::oidc::tests::fetch_token_response_chunked_end_to_end ... ok
test net::tests::deadline_run_io_enforces_budget ... ok
test protocol::oidc::tests::fixed_and_zero_jitter_behavior ... ok
test protocol::oidc::tests::mock_clock_advance_wakes_waiters ... ok
test protocol::oidc::tests::parse_ipv4_and_ipv6_urls ... ok
test protocol::oidc::tests::parse_token_response_bearer_case_insensitive ... ok
test protocol::oidc::tests::parse_token_response_duplicate_keys ... ok
test protocol::oidc::tests::parse_token_response_empty_fields_fail ... ok
test protocol::oidc::tests::parse_token_response_escaped_json ... ok
test protocol::oidc::tests::parse_token_response_ignores_extra_fields ... ok
test protocol::oidc::tests::parse_token_response_malformed_and_truncated ... ok
test protocol::oidc::tests::parse_token_response_missing_expires_in ... ok
test protocol::oidc::tests::parse_token_response_missing_required_fields ... ok
test protocol::oidc::tests::parse_token_response_size_limits ... ok
test protocol::oidc::tests::parse_token_response_success_all_fields ... ok
test protocol::oidc::tests::parse_token_response_wrong_type_fields ... ok
test protocol::oidc::tests::read_http_response_chunked_decoding ... ok
test protocol::oidc::tests::read_http_response_chunked_malformed_fails ... ok
test protocol::oidc::tests::read_http_response_chunked_truncated_fails ... ok
test protocol::oidc::tests::read_http_response_chunked_with_extensions_and_trailers ... ok
test protocol::oidc::tests::read_http_response_oversized_content_length ... ok
test protocol::oidc::tests::read_http_response_truncated_content_length ... ok
test protocol::oidc::tests::read_http_response_truncated_headers ... ok
test protocol::oidc::tests::token_data_debug_redacts_token ... ok
test protocol::oidc::tests::token_manager_debug_redacts_tokens ... ok
test protocol::records::tests::compress_scratch_reuse_is_byte_identical_and_bounded ... ok
test protocol::records::tests::control_record_type_and_end_txn_marker_match_java ... ok
test protocol::records::tests::decode_record_batch_count_checks_match_java ... ok
test protocol::records::tests::decode_record_batch_ensure_valid_match_java ... ok
test protocol::records::tests::decode_record_batch_from_bytes_shares_value ... ok
test protocol::records::tests::decode_record_batch_honors_base_offset_plus_delta ... ok
test protocol::records::tests::decode_record_batches_stops_at_truncated_tail ... ok
test protocol::records::tests::decode_record_invalid_headers_match_java ... ok
test protocol::records::tests::decode_record_uses_wire_offset_delta ... ok
test protocol::records::tests::encoded_count_or_null_matches_java_default_record_batch ... ok
test protocol::records::tests::encoded_delete_horizon_ms_matches_java_default_record_batch ... ok
test protocol::records::tests::encoded_has_producer_id_matches_java_abstract_record_batch ... ok
test protocol::records::tests::encoded_is_transactional_matches_java_default_record_batch ... ok
test protocol::records::tests::encoded_last_offset_matches_java_default_record_batch ... ok
test protocol::records::tests::encoded_last_sequence_matches_java_default_record_batch ... ok
test protocol::records::tests::encoded_size_in_bytes_matches_java_default_record_batch ... ok
test protocol::records::tests::ensure_valid_matches_java_default_record_batch ... ok
test protocol::records::tests::estimate_size_in_bytes_matches_java ... ok
test protocol::records::tests::first_batch_size_matches_java_memory_records ... ok
test protocol::records::tests::gzip_bounded_decompression_and_bomb ... ok
test protocol::records::tests::gzip_record_batch_roundtrip ... ok
test protocol::records::tests::has_matching_magic_matches_java_abstract_records ... ok
test protocol::records::tests::header_getters_match_java ... ok
test protocol::records::tests::idempotent_batch_preserves_pid_and_seq ... ok
test protocol::records::tests::is_valid_matches_java_default_record_batch ... ok
test protocol::oidc::tests::fetch_token_retries_transient_503_then_succeeds ... ok
test protocol::records::tests::lz4_bounded_decompression_and_bomb ... ok
test protocol::records::tests::lz4_record_batch_roundtrip ... ok
test protocol::records::tests::lz4_frame_roundtrip_shipped_codec ... ok
test protocol::records::tests::null_key_is_not_empty_key ... ok
test protocol::records::tests::record_and_batch_getters_match_java ... ok
test protocol::records::tests::record_batch_decode_with_limit_and_crc ... ok
test protocol::records::tests::record_batch_roundtrip ... ok
test protocol::records::tests::record_size_upper_bound_matches_java ... ok
test protocol::records::tests::set_last_offset_matches_java_default_record_batch ... ok
test protocol::records::tests::snappy_decompress_raw_block_from_librdkafka ... ok
test protocol::records::tests::snappy_raw_and_framed_bounded_decompression_and_bomb ... ok
test protocol::records::tests::snappy_record_batch_roundtrip ... ok
test protocol::records::tests::timestamp_type_matches_java ... ok
test protocol::records::tests::record_and_batch_size_in_bytes_match_java ... ok
test protocol::records::tests::valid_bytes_matches_java_memory_records ... ok
test protocol::sasl::tests::handshake_roundtrip ... ok
test protocol::sasl::tests::plain_bytes_roundtrip ... ok
test protocol::sasl::tests::sasl_authenticate_error_response_matches_java ... ok
test protocol::sasl::tests::sasl_authenticate_session_lifetime_matches_java ... ok
test protocol::sasl::tests::sasl_authenticate_response_error_counts_matches_java ... ok
test protocol::sasl::tests::sasl_authenticate_v0_v1_v2_and_does_not_speak_v3 ... ok
test protocol::sasl::tests::sasl_handshake_error_response_matches_java ... ok
test protocol::sasl::tests::sasl_handshake_response_error_counts_matches_java ... ok
test protocol::sasl::tests::sasl_handshake_v0_matches_v1_and_does_not_speak_v2 ... ok
test protocol::oidc::tests::fetch_token_rejects_http_503_fail_closed ... ok
test protocol::oidc::tests::fetch_token_hang_times_out_fail_closed ... ok
test protocol::scram::tests::rfc7677_scram_sha256 ... ok
test protocol::scram::tests::mock_server_roundtrip_sha256 ... ok
test protocol::scram::tests::scram_mechanism_internals_match_java ... ok
test protocol::share::tests::share_acknowledge_close_session_has_no_topics ... ok
test protocol::share::tests::share_acknowledge_encodes_several_partitions ... ok
test protocol::share::tests::share_acknowledge_partition_response_leftover_empty ... ok
test protocol::share::tests::share_acknowledge_request_error_response_matches_java ... ok
test protocol::share::tests::share_acknowledge_request_for_consumer_matches_java ... ok
test protocol::share::tests::share_acknowledge_response_current_leader_matches_java ... ok
test protocol::share::tests::share_acknowledge_response_error_counts_matches_java ... ok
test protocol::share::tests::share_acknowledge_response_error_message_matches_java ... ok
test protocol::share::tests::share_acknowledge_response_node_endpoints_matches_java ... ok
test protocol::share::tests::share_acknowledge_response_of_matches_java ... ok
test protocol::share::tests::share_acknowledge_response_throttle_time_ms_matches_java ... ok
test protocol::share::tests::share_acknowledge_response_to_message_matches_java ... ok
test protocol::share::tests::share_acknowledge_response_top_level_error_message_matches_java ... ok
test protocol::share::tests::share_acknowledge_v0_matches_v1_and_does_not_speak_v2 ... ok
test protocol::share::tests::share_acknowledge_versions_pin_v0_v1_and_reject_v2_explicitly ... ok
test protocol::share::tests::share_fetch_and_acknowledge_roundtrip ... ok
test protocol::share::tests::share_fetch_error_roundtrip ... ok
test protocol::share::tests::share_fetch_error_throttle_time_ms_matches_java ... ok
test protocol::share::tests::share_fetch_partition_response_leftover_empty ... ok
test protocol::share::tests::share_fetch_request_batch_size_matches_java ... ok
test protocol::share::tests::share_fetch_request_error_response_matches_java ... ok
test protocol::share::tests::share_fetch_request_for_consumer_matches_java ... ok
test protocol::share::tests::share_fetch_request_forgotten_matches_java ... ok
test protocol::share::tests::share_fetch_request_forgotten_topics_matches_java ... ok
test protocol::share::tests::share_fetch_request_max_bytes_matches_java ... ok
test protocol::share::tests::share_fetch_request_max_wait_ms_matches_java ... ok
test protocol::share::tests::share_fetch_request_min_bytes_matches_java ... ok
test protocol::share::tests::share_fetch_request_share_fetch_data_matches_java ... ok
test protocol::share::tests::share_fetch_request_update_forgotten_data_matches_java ... ok
test protocol::share::tests::share_fetch_response_acknowledge_error_code_matches_java ... ok
test protocol::share::tests::share_fetch_response_acknowledge_error_message_matches_java ... ok
test protocol::share::tests::share_fetch_response_acquisition_lock_timeout_ms_matches_java ... ok
test protocol::share::tests::share_fetch_response_current_leader_matches_java ... ok
test protocol::share::tests::share_fetch_response_error_code_matches_java ... ok
test protocol::share::tests::share_fetch_response_error_counts_matches_java ... ok
test protocol::share::tests::share_fetch_response_error_message_matches_java ... ok
test protocol::share::tests::share_fetch_response_node_endpoints_matches_java ... ok
test protocol::share::tests::share_fetch_response_of_matches_java ... ok
test protocol::share::tests::share_fetch_response_records_nullable_versions_matches_java ... ok
test protocol::share::tests::share_fetch_response_records_size_matches_java ... ok
test protocol::share::tests::share_fetch_response_response_data_matches_java ... ok
test protocol::share::tests::share_fetch_response_size_of_matches_java ... ok
test protocol::share::tests::share_fetch_response_throttle_time_ms_matches_java ... ok
test protocol::share::tests::share_fetch_response_to_message_matches_java ... ok
test protocol::share::tests::share_fetch_response_top_level_error_message_matches_java ... ok
test protocol::share::tests::share_fetch_v0_omits_v1_fields_and_does_not_speak_v2 ... ok
test protocol::share::tests::share_fetch_versions_pin_v0_v1_and_reject_v2_explicitly ... ok
test protocol::share::tests::share_group_heartbeat_join_leave_roundtrip ... ok
test protocol::share::tests::share_group_heartbeat_request_error_response_matches_java ... ok
test protocol::share::tests::share_group_heartbeat_request_rack_id_matches_java ... ok
test protocol::share::tests::share_group_heartbeat_response_error_counts_matches_java ... ok
test protocol::share::tests::share_group_heartbeat_response_throttle_time_ms_matches_java ... ok
test protocol::share::tests::share_group_heartbeat_v0_matches_v1_and_does_not_speak_v2 ... ok
test protocol::txn::tests::add_offsets_to_txn_request_error_response_matches_java ... ok
test protocol::txn::tests::add_offsets_to_txn_request_producer_epoch_matches_java ... ok
test protocol::txn::tests::add_offsets_to_txn_request_producer_id_matches_java ... ok
test protocol::txn::tests::add_offsets_to_txn_response_error_counts_matches_java ... ok
test protocol::txn::tests::add_offsets_to_txn_response_throttle_time_ms_matches_java ... ok
test protocol::txn::tests::add_offsets_to_txn_v3_request_matches_compact_layout ... ok
test protocol::txn::tests::add_offsets_to_txn_v3_response_matches_compact_layout ... ok
test protocol::txn::tests::add_offsets_to_txn_v3_roundtrip_is_leftover_empty ... ok
test protocol::txn::tests::add_partitions_to_txn_batches_partitions ... ok
test protocol::txn::tests::add_partitions_to_txn_from_partitions_matches_java ... ok
test protocol::txn::tests::add_partitions_to_txn_get_error_response_copies_names_and_partitions ... ok
test protocol::txn::tests::add_partitions_to_txn_partitions_matches_java ... ok
test protocol::txn::tests::add_partitions_to_txn_request_error_response_matches_java ... ok
test protocol::txn::tests::add_partitions_to_txn_request_for_client_matches_java ... ok
test protocol::txn::tests::add_partitions_to_txn_response_error_counts_matches_java ... ok
test protocol::txn::tests::add_partitions_to_txn_response_errors_matches_java ... ok
test protocol::txn::tests::add_partitions_to_txn_response_from_errors_matches_java ... ok
test protocol::txn::tests::add_partitions_to_txn_response_throttle_time_ms_matches_java ... ok
test protocol::txn::tests::add_partitions_to_txn_v3_request_matches_compact_layout ... ok
test protocol::txn::tests::add_partitions_to_txn_v3_response_matches_compact_layout ... ok
test protocol::txn::tests::add_partitions_to_txn_v3_roundtrip_is_leftover_empty ... ok
test protocol::txn::tests::end_txn_error_response_matches_java ... ok
test protocol::txn::tests::end_txn_request_build_matches_java ... ok
test protocol::txn::tests::end_txn_request_error_response_matches_java ... ok
test protocol::txn::tests::end_txn_response_error_counts_matches_java ... ok
test protocol::txn::tests::end_txn_response_throttle_time_ms_matches_java ... ok
test protocol::txn::tests::end_txn_roundtrip ... ok
test protocol::txn::tests::end_txn_v3_request_matches_compact_layout ... ok
test protocol::txn::tests::end_txn_v3_response_matches_compact_layout ... ok
test protocol::txn::tests::end_txn_v3_roundtrip_is_leftover_empty ... ok
test protocol::txn::tests::end_txn_v5_response_matches_compact_layout ... ok
test protocol::txn::tests::transaction_result_matches_java ... ok
test protocol::txn::tests::transaction_v2_version_caps_match_java ... ok
test protocol::txn::tests::txn_error_matrix_matches_pinned_java_handlers ... ok
test protocol::txn::tests::txn_offset_commit_from_offsets_matches_java ... ok
test protocol::txn::tests::txn_offset_commit_get_error_response_copies_names_and_partitions ... ok
test protocol::txn::tests::txn_offset_commit_member_matches_java ... ok
test protocol::txn::tests::txn_offset_commit_offsets_matches_java ... ok
test protocol::txn::tests::txn_offset_commit_request_build_matches_java ... ok
test protocol::txn::tests::txn_offset_commit_request_producer_epoch_matches_java ... ok
test protocol::txn::tests::txn_offset_commit_request_producer_id_matches_java ... ok
test protocol::txn::tests::txn_offset_commit_response_add_partition_matches_java ... ok
test protocol::txn::tests::txn_offset_commit_response_add_partitions_matches_java ... ok
test protocol::txn::tests::txn_offset_commit_response_encode_from_errors_matches_java ... ok
test protocol::txn::tests::txn_offset_commit_response_error_counts_matches_java ... ok
test protocol::txn::tests::txn_offset_commit_response_errors_matches_java ... ok
test protocol::txn::tests::txn_offset_commit_response_from_errors_matches_java ... ok
test protocol::txn::tests::txn_offset_commit_response_merge_matches_java ... ok
test protocol::txn::tests::txn_offset_commit_response_throttle_time_ms_matches_java ... ok
test protocol::txn::tests::txn_offset_commit_v0_has_no_leader_epoch ... ok
test protocol::txn::tests::txn_offset_commit_v2_batches_and_sends_leader_epoch ... ok
test protocol::txn::tests::txn_offset_commit_v3_request_matches_compact_layout ... ok
test protocol::txn::tests::txn_offset_commit_v3_response_matches_compact_layout ... ok
test protocol::txn::tests::txn_offset_commit_v3_roundtrip_is_leftover_empty ... ok
test protocol::txn::tests::txn_offset_partition_matches_java_committed_offset ... ok
test protocol::txn::tests::writable_txn_marker_from_partitions_matches_java ... ok
test protocol::txn::tests::writable_txn_marker_partitions_matches_java ... ok
test protocol::txn::tests::write_txn_markers_errors_by_producer_id_matches_java ... ok
test protocol::txn::tests::write_txn_markers_from_errors_matches_java ... ok
test protocol::txn::tests::write_txn_markers_get_error_response_matches_java ... ok
test protocol::txn::tests::write_txn_markers_request_builder_matches_java ... ok
test protocol::txn::tests::write_txn_markers_response_error_counts_matches_java ... ok
test protocol::txn::tests::write_txn_markers_v0_abort_matches_classic_layout ... ok
test protocol::txn::tests::write_txn_markers_v0_roundtrip_is_leftover_empty ... ok
test protocol::txn::tests::write_txn_markers_v1_abort_matches_compact_layout ... ok
test protocol::txn::tests::write_txn_markers_v1_roundtrip_is_leftover_empty ... ok
test share::tests::acknowledge_type_matches_java ... ok
test share::tests::acknowledgement_batches_collapses_contiguous_offsets ... ok
test share::tests::acknowledgement_batches_splits_on_gap ... ok
test share::tests::share_leader_retriable_is_not_leader_or_missing ... ok
test share::tests::share_records_partitions_and_filters ... ok
test share::tests::share_request_metadata_matches_java ... ok
test protocol::scram::tests::scram_formatter_matches_java ... ok
test protocol::scram::tests::rfc7677_transcript_scram_sha512 ... ok
test protocol::scram::tests::mock_server_roundtrip_sha512 ... ok

test result: ok. 1100 passed; 0 failed; 0 ignored; 0 measured; 0 filtered out; finished in 0.53s

     Running tests/full_surface.rs (/workspace/work/target-produce-v13-msrv/debug/deps/full_surface-1ae9602e3b6b6cb4)

running 330 tests
test acl_apis_negotiate_v0_when_broker_caps ... ok
test add_raft_voter_broker_errors_are_terminal_and_preserve_messages ... ok
test add_raft_voter_invalid_input_and_unavailable_versions_send_nothing ... ok
test add_raft_voter_controller_move_retries_with_remaining_deadline ... ok
test abort_transaction_follows_partition_leader ... ok
test add_raft_voter_preserves_identity_endpoints_cluster_and_success_throttle ... ok
test add_raft_voter_trailing_response_bytes_fail_closed ... ok
test admin_against_kafka_if_present ... ok
test add_raft_voter_lost_response_retries_without_masking_duplicate_outcome ... ok
test admin_alter_configs_for ... ok
test admin_alter_list_partition_reassignments_timeout ... ok
test admin_alter_configs_delete_records_describe_cluster ... ok
test admin_create_duplicate_is_already_exists ... ok
test admin_create_then_produce_fetch ... ok
test admin_delete_and_describe ... ok
test admin_delete_records_for_batches_partitions ... ok
test add_raft_voter_controller_refresh_shares_outer_deadline ... ok
test admin_describe_delete_acls_with_filter ... ok
test admin_describe_producers_for ... ok
test admin_describe_topics_by_id ... ok
test admin_describe_topics_falls_back_to_metadata_without_dtp ... ok
test admin_incremental_alter_configs_for ... ok
test admin_list_and_describe_topics_on_bootstrap ... ok
test admin_list_consumer_group_offsets_for_groups_batches_find_coordinator ... ok
test admin_list_consumer_group_offsets_for_groups_falls_back_below_v8 ... ok
test add_raft_voter_total_deadline_bounds_stalled_peer ... ok
test admin_list_offsets_batches_by_leader ... ok
test admin_partitions_alter_configs_and_acls ... ok
test admin_list_groups_reconnects_when_connection_idle ... ok
test admin_reconnect_honors_backoff ... ok
test admin_remove_all_members_from_consumer_group ... ok
test admin_reconnects_when_connection_idle ... ok
test admin_skips_dead_bootstrap ... ok
test admin_update_features_timeout ... ok
test admin_validate_only_does_not_create ... ok
test admin_retry_honors_backoff ... ok
test admin_delete_topics_by_id ... ok
test alter_client_quotas_negotiates_v0_when_broker_caps ... ok
test alter_configs_negotiates_v1_when_broker_caps ... ok
test allocate_producer_ids_follows_controller ... ok
test alter_replica_log_dirs_follows_broker ... ok
test alter_replica_log_dirs_negotiates_v1_when_broker_caps ... ok
test alter_client_quotas_follows_controller ... ok
test alter_partition_reassignments_follows_controller ... ok
test api_versions_retries_v0_on_unsupported_version ... ok
test api_versions_retries_v3_on_unsupported_version ... ok
test alter_share_group_offsets_follows_group_coordinator ... ok
test alter_user_scram_credentials_follows_controller ... ok
test assign_replicas_to_dirs_follows_controller ... ok
test consumer_group_commit_one_rpc_then_resume ... ok
test consumer_group_describe_batches_find_coordinator ... ok
test consumer_group_describe_follows_group_coordinator ... ok
test consumer_group_describe_negotiates_v0_when_broker_caps ... ok
test consumer_group_heartbeat_negotiates_v0_when_broker_caps ... ok
test consumer_group_heartbeat_negotiates_v1_when_broker_advertises ... ok
test consumer_group_join_fetch_commit ... ok
test consumer_skips_dead_bootstrap ... ok
test admin_create_delete_topics_partitions_timeout ... ok
test classic_group_follows_moved_coordinator ... ok
test create_delegation_token_follows_broker ... ok
test create_delegation_token_negotiates_v1_when_broker_caps ... ok
test create_acls_follows_controller ... ok
test create_partitions_negotiates_below_v3_when_broker_caps ... ok
test classic_group_recovers_after_coordinator_drop ... ok
test create_topics_negotiates_below_v7_when_broker_caps ... ok
test delete_consumer_group_offsets_follows_group_coordinator ... ok
test delete_consumer_groups_follows_group_coordinator ... ok
test delete_groups_batches_find_coordinator ... ok
test create_partitions_follows_controller ... ok
test delete_groups_negotiates_v0_when_broker_caps ... ok
test delete_groups_negotiates_v1_when_broker_caps ... ok
test create_topics_follows_controller ... ok
test delete_records_high_watermark_truncates_to_log_end ... ok
test delete_records_negotiates_v1_when_broker_caps ... ok
test delete_groups_follows_group_coordinator ... ok
test delete_share_groups_follows_group_coordinator ... ok
test delete_records_follows_partition_leader ... ok
test delete_topics_negotiates_below_v6_when_broker_caps ... ok
test describe_broker_log_dirs_follows_each_broker ... ok
test describe_classic_groups_follows_group_coordinator ... ok
test describe_client_quotas_follows_broker ... ok
test describe_client_quotas_negotiates_v0_when_broker_caps ... ok
test describe_cluster_negotiates_v0_when_broker_caps ... ok
test describe_cluster_negotiates_v1_when_broker_caps ... ok
test describe_cluster_with_sends_endpoint_type_and_fenced ... ok
test describe_configs_negotiates_below_v4_when_broker_caps ... ok
test delete_share_group_offsets_follows_group_coordinator ... ok
test describe_delegation_token_follows_broker ... ok
test describe_consumer_groups_follows_group_coordinator ... ok
test describe_delegation_token_negotiates_v1_when_broker_caps ... ok
test describe_features_negotiates_v3_when_broker_caps ... ok
test describe_features_prefers_api_versions_v4 ... ok
test describe_groups_batches_find_coordinator ... ok
test describe_groups_negotiates_v0_when_broker_caps ... ok
test describe_groups_negotiates_v2_when_broker_caps ... ok
test describe_groups_negotiates_v4_when_broker_caps ... ok
test describe_groups_negotiates_v5_when_broker_caps ... ok
test describe_log_dirs_follows_broker ... ok
test describe_log_dirs_negotiates_v1_when_broker_caps ... ok
test describe_log_dirs_negotiates_v3_when_broker_caps ... ok
test describe_log_dirs_v5_absence_and_deadline_never_send_directory_rpc ... ok
test delete_topics_follows_controller ... ok
test describe_log_dirs_v5_falls_back_per_broker ... ok
test describe_log_dirs_v5_preserves_java_errors_throttle_and_broker_route ... ok
test describe_log_dirs_v5_rejects_trailing_body_and_preserves_empty_queries ... ok
test describe_groups_follows_group_coordinator ... ok
test describe_quorum_absent_api_and_invalid_deadlines_are_explicit ... ok
test describe_log_dirs_v5_deadline_bounds_stalled_capability_negotiation ... ok
test describe_quorum_malformed_singleton_responses_fail_closed ... ok
test describe_producers_follows_partition_leader ... ok
test describe_quorum_broker_forwarding_survives_controller_movement ... ok
test describe_quorum_versions_preserve_available_state ... ok
test describe_replica_log_dirs_follows_replica_broker ... ok
test describe_share_group_offsets_batches_find_coordinator ... ok
test describe_quorum_partition_controller_error_retries_but_authorization_does_not ... ok
test describe_share_groups_follows_group_coordinator ... ok
test describe_topic_partitions_follows_broker ... ok
test describe_transactions_batches_find_coordinator ... ok
test describe_share_group_offsets_follows_group_coordinator ... ok
test describe_transactions_follows_coordinator ... ok
test elect_leaders_duplicate_and_unrequested_results_fail_closed ... ok
test describe_quorum_reconnect_renegotiates_and_deadline_is_total ... ok
test elect_leaders_missing_partition_result_fails_closed ... ok
test describe_user_scram_credentials_follows_controller ... ok
test elect_leaders_null_and_empty_selections_are_distinct ... ok
test elect_leaders_global_error_preserves_earlier_partition_success ... ok
test elect_leaders_mixed_results_retry_only_not_controller_partitions ... ok
test elect_leaders_unsupported_and_invalid_options_issue_no_election_rpc ... ok
test elect_leaders_versions_and_typed_policy_roundtrip ... ok
test expire_delegation_token_follows_broker ... ok
test expire_delegation_token_negotiates_v1_when_broker_caps ... ok
test fetch_follows_node_endpoints_without_metadata ... ok
test fetch_from_follower_when_rack_matches ... ok
test fetch_offset_out_of_range_jumps_to_log_start ... ok
test fetch_reconnect_honors_backoff ... ok
test elect_leaders_renegotiates_on_controller_movement ... ok
test fetch_reconnects_when_connection_idle ... ok
test fetch_sends_last_fetched_epoch_after_records ... ok
test fetch_sends_split_max_bytes ... ok
test fetch_truncates_on_diverging_epoch ... ok
test fetch_unfenced_does_not_speak_offset_for_leader_epoch ... ok
test fetch_uses_base_offset_plus_record_delta ... ok
test fetch_without_rack_stays_on_leader ... ok
test find_coordinator_negotiates_below_v6_when_broker_caps ... ok
test flush_fails_on_broker_produce_error ... ok
test force_terminate_transaction_inits_on_txn_coordinator ... ok
test get_telemetry_subscriptions_follows_broker ... ok
test fetch_recovers_from_fenced_leader_epoch ... ok
test elect_leaders_transport_retry_and_deadline_are_bounded ... ok
test gzip_produce_fetch ... ok
test group_coord_reconnects_when_connection_idle ... ok
test heartbeat_negotiates_below_v4_when_broker_caps ... ok
test heartbeat_negotiates_v0_when_broker_caps ... ok
test heartbeat_negotiates_v2_when_broker_caps ... ok
test cooperative_transfer_commits_revoked_without_double_delivery ... ok
test heartbeat_negotiates_v4_when_broker_advertises ... ok
test idempotent_epoch_exhaustion_renews_producer_identity ... ok
test idempotent_lost_ack_multi_record_batch_retries_without_duplicate ... ok
test idempotent_lost_ack_single_batch_retry_succeeds_without_duplicate ... ok
test idempotent_lost_ack_ambiguous_expiration_remains_explicit ... ok
test idempotent_produce_gets_pid_and_offset ... ok
test idempotent_unkeyed_multi_conn_stays_in_order ... ok
test idempotent_lost_ack_several_inflight_batches_same_partition ... ok
test idempotent_unknown_producer_id_after_lost_ack_still_recovers ... ok
test idempotent_lost_ack_several_inflight_appended_before_disconnect ... ok
test idempotent_unknown_producer_id_other_partition_progresses ... ok
test idempotent_lost_ack_with_progressing_partition ... ok
test idempotent_unknown_producer_id_retained_batch_resequenced ... ok
test incremental_alter_configs_negotiates_v0_when_broker_caps ... ok
test init_producer_id_rediscovers_after_not_coordinator ... ok
test join_group_negotiates_below_v9_when_broker_caps ... ok
test idempotent_unknown_producer_id_repeated_errors_bump_each_time ... ok
test join_with_assignors_sends_protocols_of_n ... ok
test idempotent_unknown_producer_id_bumps_epoch_and_retries ... ok
test incremental_alter_configs_follows_controller ... ok
test kip848_adopts_changed_member_id ... ok
test kip848_acks_assignment_only_after_apply ... ok
test kip848_join_fetch_leave_without_classic_join ... ok
test kip848_join_resumes_committed_offset ... ok
test kip848_follows_moved_coordinator ... ok
test kip848_decode_failure_surfaces_in_poll ... ok
test kip848_broker_heartbeat_interval_scheduling ... ok
test leave_group_negotiates_v0_when_broker_caps ... ok
test leave_group_negotiates_v3_when_broker_caps ... ok
test list_client_metrics_resources_follows_broker ... ok
test list_config_resources_follows_broker ... ok
test list_config_resources_negotiates_v0_when_broker_caps ... ok
test list_consumer_groups_follows_broker ... ok
test list_groups_follows_broker ... ok
test list_groups_negotiates_v0_when_broker_caps ... ok
test list_groups_negotiates_v3_when_broker_caps ... ok
test list_groups_negotiates_v4_when_broker_caps ... ok
test list_offsets_follows_partition_leader ... ok
test list_offsets_omits_unreliable_leader_epoch_below_metadata_v9 ... ok
test list_offsets_recovers_from_fenced_leader_epoch ... ok
test list_offsets_seek_and_read_committed_isolation ... ok
test list_offsets_sends_current_leader_epoch ... ok
test list_offsets_v11_older_selected_leader_rejects_pending_but_keeps_fallback ... ok
test list_offsets_v11_pending_upload_typed_api_and_java_error_results ... ok
test kip848_rejoins_after_fencing_without_stale_commit ... ok
test list_offsets_v11_trailing_or_missing_results_fail_closed ... ok
test list_offsets_v11_unsupported_old_selectors_and_isolation_never_send_rpc ... ok
test kip848_recovers_after_coordinator_drop ... ok
test kip848_recovers_after_lost_heartbeat_responses ... ok
test list_share_group_offsets_follows_group_coordinator ... ok
test list_partition_reassignments_follows_controller ... ok
test list_transactions_negotiates_v1_duration_filter ... ok
test lz4_produce_fetch ... ok
test metadata_negotiates_v13_when_advertised ... ok
test offset_commit_negotiates_below_v9_when_broker_caps ... ok
test offset_commit_rediscovers_after_coordinator_load_in_progress ... ok
test offset_commit_rediscovers_after_not_coordinator ... ok
test list_offsets_v11_stalled_capability_lookup_and_invalid_deadlines_are_bounded ... ok
test offset_delete_removes_committed_offset ... ok
test list_transactions_follows_coordinator ... ok
test list_offsets_v11_wire_timeout_uses_remaining_budget_and_keeps_isolation ... ok
test offset_fetch_read_committed_sets_require_stable ... ok
test offset_fetch_negotiates_below_v9_when_broker_caps ... ok
test offset_delete_follows_group_coordinator ... ok
test offset_for_leader_epoch_batches_fenced_partitions ... ok
test offset_for_leader_epoch_follows_partition_leader ... ok
test produce_fetch_follow_metadata_leader ... ok
test offset_for_leader_epoch_negotiates_v2_when_broker_caps ... ok
test produce_mixed_version_multi_partition_distinct_leaders ... ok
test produce_mixed_version_two_brokers_both_leader_orders ... ok
test offset_for_leader_epoch_negotiates_v3_when_broker_caps ... ok
test produce_reconnect_honors_backoff ... ok
test produce_follows_node_endpoints_without_metadata ... ok
test produce_reconnects_when_connection_idle ... ok
test produce_refreshes_metadata_after_max_age ... ok
test produce_retry_honors_backoff ... ok
test produce_retries_retriable_then_succeeds ... ok
test produce_mixed_version_leader_movement_and_reconnection ... ok
test produce_throttle_close_timeout_interrupts_long_wait ... ok
test produce_throttle_expiry_consumes_original_delivery_budget ... ok
test produce_throttle_applies_to_second_connection_for_same_broker ... ok
test produce_throttle_flush_cannot_bypass_quota ... ok
test produce_throttle_survives_idle_reconnection_and_version_change ... ok
test produce_v12_skip_does_not_suppress_add_partitions_after_move_to_v7 ... ok
test produce_throttle_reads_inflight_acks_without_unmuting_queued_work ... ok
test produce_v13_retains_older_name_versions_and_metadata_fallback ... ok
test produce_v13_response_identity_uses_sent_snapshot_after_metadata_change ... ok
test produce_v13_transaction_v2_semantics_and_classic_ceiling ... ok
test produce_v13_unsent_uuid_and_missing_metadata_id_fail_clearly ... ok
test produce_v13_uses_metadata_topic_ids_and_preserves_public_names ... ok
test producer_skips_dead_bootstrap ... ok
test push_telemetry_follows_broker ... ok
test remove_raft_voter_broker_errors_are_terminal_and_preserve_messages ... ok
test produce_v13_stale_id_refreshes_without_extending_delivery_budget ... ok
test remove_raft_voter_controller_move_retries_same_identity ... ok
test remove_raft_voter_invalid_input_and_unavailable_versions_send_nothing ... ok
test produce_throttle_does_not_delay_other_broker ... ok
test remove_raft_voter_preserves_identity_cluster_and_success_throttle ... ok
test remove_raft_voter_lost_response_preserves_not_found_as_ambiguous_error ... ok
test remove_raft_voter_trailing_response_bytes_fail_closed ... ok
test renew_delegation_token_follows_broker ... ok
test renew_delegation_token_negotiates_v1_when_broker_caps ... ok
test remove_raft_voter_controller_refresh_shares_outer_deadline ... ok
test sasl_authenticate_negotiates_v0_when_broker_caps ... ok
test sasl_authenticate_negotiates_v1_when_broker_caps ... ok
test sasl_handshake_negotiates_v0_when_broker_caps ... ok
test remove_raft_voter_total_deadline_bounds_stalled_peer ... ok
test sasl_oauthbearer_bad_principal_fails ... ok
test sasl_oauthbearer_then_produce ... ok
test sasl_oidc_bad_secret_fails ... ok
test sasl_classic_group_post_join_heartbeat ... ok
test sasl_oidc_bad_url_fails ... ok
test sasl_oidc_https_then_produce ... ok
test produce_throttle_version_boundary_and_invalid_values ... ok
test sasl_oidc_then_fetch ... ok
test sasl_plain_then_produce ... ok
test sasl_oidc_then_produce ... ok
test sasl_scram_bad_password_fails ... ok
test sasl_kip848_post_join_heartbeat ... ok
test sasl_oidc_https_without_trust_fails ... ok
test share_accept_batches_one_rpc_and_advances_epoch ... ok
test share_acknowledge_negotiates_v0_when_broker_caps ... ok
test sasl_share_group_post_join_heartbeat ... ok
test share_fetch_accept_then_release ... ok
test sasl_scram_sha256_then_produce ... ok
test share_fetch_negotiates_v0_when_broker_caps ... ok
test share_group_describe_batches_find_coordinator ... ok
test share_fetch_follows_partition_leader ... ok
test share_group_describe_negotiates_v0_when_broker_caps ... ok
test share_group_describe_follows_group_coordinator ... ok
test share_group_heartbeat_negotiates_v0_when_broker_caps ... ok
test share_group_join_leave_without_classic_or_kip848 ... ok
test share_group_follows_moved_coordinator ... ok
test share_leave_without_poll_does_not_acknowledge ... ok
test share_reject_does_not_redeliver ... ok
test share_two_members_same_partition ... ok
test snappy_produce_fetch ... ok
test sync_group_negotiates_below_v5_when_broker_caps ... ok
test sync_group_negotiates_v0_when_broker_caps ... ok
test sync_group_negotiates_v2_when_broker_caps ... ok
test tls_classic_group_post_join_heartbeat ... ok
test share_broker_heartbeat_interval_scheduling ... ok
test share_group_recovers_after_coordinator_drop ... ok
test tls_kip848_post_join_heartbeat ... ok
test transactional_abort_after_ambiguous_commit_leaves_nothing ... ok
test transactional_abort_reinit_sends_last_pid_epoch ... ok
test transactional_abort_required_blocks_commit_until_abort_classic ... ok
test transactional_abort_required_v2_recovers_without_reinit ... ok
test transactional_add_offsets_errors_classified_classic ... ok
test transactional_commit_after_unknown_pid_still_fails ... ok
test transactional_commit_and_abort_require_open_transaction ... ok
test transactional_commit_visible_abort_hidden ... ok
test transactional_end_txn_commit_loss_retries_to_single_outcome ... ok
test tls_produce_fetch ... ok
test transactional_end_txn_errors_classified ... ok
test transactional_fatal_produce_errors_fence_producer ... ok
test transactional_fenced_produce_is_fatal_classic ... ok
test transactional_fenced_produce_is_fatal_v2 ... ok
test transactional_producer_finds_txn_coordinator ... ok
test transactional_replacement_producer_fences_first ... ok
test transactional_send_offsets_outside_transaction_rejected ... ok
test transactional_offsets_and_partitions_one_rpc ... ok
test try_send_flush_writes_record ... ok
test transactional_txn_offset_commit_errors_classified ... ok
test sasl_scram_sha512_then_produce ... ok
test try_send_follows_moved_leader ... ok
test tls_share_group_post_join_heartbeat ... ok
test unregister_broker_follows_controller ... ok
test two_members_kip848_partition_all ... ok
test update_features_negotiates_v0_when_broker_caps ... ok
test update_features_negotiates_v1_when_broker_caps ... ok
test update_features_with_sends_validate_only_and_upgrade_type ... ok
test update_features_follows_controller ... ok
test two_members_sticky_partition_all ... ok
test two_members_range_partition_all ... ok

test result: ok. 330 passed; 0 failed; 0 ignored; 0 measured; 0 filtered out; finished in 6.70s

     Running tests/protocol_oracles.rs (/workspace/work/target-produce-v13-msrv/debug/deps/protocol_oracles-3ad5d4bb946d4112)

running 34 tests
test add_raft_voter_nullable_fields_match_apache ... ok
test apache_fetch_boundary_fixtures_decode_offline ... ok
test add_raft_voter_apache_v0_fixtures ... ok
test apache_list_offsets_boundary_fixtures_decode_offline ... ok
test apache_produce_v9_smoke_fixture_decodes ... ok
test apache_metadata_boundary_fixtures_decode_offline ... ok
test apache_produce_boundary_fixtures_decode_offline ... ok
test current_group_nullable_struct_marker_matches_apache_signed_byte_semantics ... ok
test describe_log_dirs_v5_independent_java_fixtures ... ok
test fetch_short_tail_and_malformed_records_oracles ... ok
test describe_log_dirs_v5_truncation_and_version_bounds_fail_closed ... ok
test current_group_nullable_assignment_independent_apache_fixtures ... ok
test fetch_version_gate_and_field_order_mutations_fail ... ok
test list_offsets_v11_independent_apache_fixtures ... ok
test list_offsets_version_gate_and_field_order_mutations_fail ... ok
test list_offsets_v11_truncation_and_future_versions_fail_closed ... ok
test live_broker_decoded_semantics ... ignored, live broker; scripts/ci-protocol-oracles.sh REQUIRE_BROKER=1
test metadata_version_gate_and_field_order_mutations_fail ... ok
test produce_v13_pinned_topic_id_fixtures_and_legacy_fallback ... ok
test produce_version_gate_and_field_order_mutations_fail ... ok
test remove_raft_voter_apache_v0_fixtures ... ok
test remove_raft_voter_nullable_fields_match_apache ... ok
test advertised_matrix_semantic_oracles ... ok
test produce_v13_rejects_missing_ambiguous_and_truncated_identities ... ok
test rust_metadata_output_decodes_with_apache_when_java_available ... ok
test rust_fetch_output_decodes_with_apache_when_java_available ... ok
test share_acknowledge_v0_v1_fixtures_decode_offline ... ok
test share_fetch_null_records_and_error_paths_decode_offline ... ok
test share_fetch_v0_delta_fixture_decodes_offline ... ok
test share_fetch_v1_delta_fixture_decodes_offline ... ok
test share_v2_pin_and_explicit_rejection_oracle ... ok
test rust_list_offsets_output_decodes_with_apache_when_java_available ... ok
test rust_produce_output_decodes_with_apache_when_java_available ... ok
test produce_v13_rust_output_decodes_with_current_apache_when_requested ... ok

test result: ok. 33 passed; 0 failed; 1 ignored; 0 measured; 0 filtered out; finished in 0.50s

