218234
172821
166149
120846
115066
68822
68821
68820
68819
68818
68818
68817
68817
68817
68816
68816
68816
68815
68815
68815
68814
68814
68807
68806
68806
68806
68805
68805
68805
68804
68804
68804
68803
68803
68803
68803
68801
68800
68800
68800
68799
68798
68797
68796
68795
68795
68795
68795
68794
68794
68794
68794
68793
68793
68793
68793
68792
68792
68792
68792
68791
68791
68790
68789
68789
68789
68789
68788
68788
68788
68788
68787
68787
68787
68787
68786
68786
68786
68786
68785
68785
68785
68785
68784
68784
68784
68784
68783
68783
68783
68783
68782
68782
68781
68780
68780
68780
68780
68779
68779
68779
68779
68778
68778
68778
68778
68776
68776
68775
68775
68775
68775
68775
68774
68774
68774
68774
68773
68773
68773
68772
68772
68772
68772
68771
68771
68771
68771
68770
68770
68770
68769
68769
68769
68768
68768
68768
68768
68767
68767
68767
68765
68765
68765
68764
68764
68764
68764
68763
68763
68763
68763
68762
68762
68762
68762
68761
68761
68761
68760
68760
68760
68760
68759
68759
68759
68759
68758
68758
68758
68758
68757
68757
68757
68757
68756
68756
68756
68756
68755
68755
68755
68755
68754
68754
68754
68754
68753
68753
68753
68753
68753
68751
68750
68747
68746
68744
68743
68742
68742
68742
68741
68741
68741
68741
68740
68740
68740
68740
68740
68739
68739
68739
68738
68738
68737
68737
68735
68735
68735
68734
68734
68734
68734
68734
68733
68733
68733
68733
68732
68732
68732
68732
68731
68731
68731
68731
68730
68729
68729
68727
68727
68726
68726
68726
68726
68726
68725
68725
68725
68725
68724
68724
68724
68724
68723
68721
68721
68721
68720
68720
68719
68718
68718
68718
68718
68717
68717
68717
68717
68716
68716
68716
68716
68715
68715
68715
68715
68714
68714
68714
68714
68713
68713
68708
68708
68708
68707
68707
68707
68707
68706
68706
68706
68706
68705
68705
68705
68705
68703
68703
68703
68702
68702
68702
68702
68701
68701
68701
68701
68700
68700
68700
68700
68699
68699
68699
68699
68698
68698
68698
68698
68697
68697
68696
68695
68695
68695
68695
68694
68694
68694
68694
68693
68693
68693
68693
68692
68692
68692
68692
68691
68691
68691
68691
68690
68690
68690
68690
68690
68689
68689
68689
68689
68688
68688
68688
68688
68687
68687
68687
68687
68686
68686
68686
68686
68685
68685
68685
68685
68684
68684
68684
68684
68683
68683
68683
68683
68682
68682
68682
68682
68681
68681
68679
68677
68675
68674
68672
68663
68662
68662
68662
68661
68661
68661
68661
68660
68660
68660
68660
68658
68658
68657
68657
68656
68656
68656
68656
68655
68655
68655
68655
68654
68654
68654
68654
68653
68653
68653
68653
68652
68652
68652
68650
68650
68649
68649
68648
68648
68648
68648
68647
68647
68647
68647
68646
68646
68646
68646
68645
68645
68645
68645
68644
68644
68644
68642
68642
68642
68642
68641
68641
68641
68641
68640
68640
68640
68640
68640
68639
68639
68639
68639
68638
68638
68638
68638
68637
68637
68635
68635
68635
68635
68634
68634
68634
68634
68633
68633
68633
68633
68633
68632
68632
68630
68630
68630
68630
68629
68629
68629
68629
68628
68628
68628
68627
68627
68627
68627
68626
68626
68626
68626
68625
68625
68625
68624
68623
68623
68623
68622
68621
68621
68620
68620
68620
68620
68619
68619
68619
68619
68618
68618
68618
68618
68617
68617
68617
68617
68617
68616
68616
68616
68616
68615
68615
68615
68615
68614
68614
68614
68614
68613
68613
68613
68613
68612
68612
68612
68612
68611
68611
68611
68611
68610
68610
68610
68610
68610
68609
68609
68609
68609
68608
68608
68608
68608
68607
68607
68607
68607
68606
68606
68606
68606
68604
68603
68601
68600
68598
68596
68596
68596
68595
68595
68595
68593
68593
68592
68591
68591
68591
68591
68590
68590
68590
68590
68589
68589
68589
68589
68588
68588
68588
68588
68587
68587
68587
68587
68585
68585
68535
68534
68534
68534
68534
68533
68533
68533
68533
68532
68532
68532
68532
68531
68531
68531
68531
68530
68530
68530
68530
68528
68528
68528
68527
68527
68526
68526
68526
68526
68525
68525
68525
68525
68524
68524
68524
68524
68523
68523
68523
68523
68522
68522
68521
68521
68520
68520
68520
68520
68519
68519
68519
68519
68518
68518
68518
68518
68517
68515
68514
68513
68513
68512
68512
68512
68512
68512
68511
68511
68511
68511
68510
68510
68510
68510
68509
68509
68507
68507
68507
68507
68506
68506
68505
68505
68505
68504
68504
68504
68504
68503
68503
68503
68503
68502
68502
68502
68502
68502
68501
68501
68501
68501
68500
68500
68500
68500
68499
68499
68499
68499
68498
68498
68498
68498
68497
68497
68497
68497
68496
68496
68496
68496
68496
68495
68495
68495
68495
68494
68494
68494
68494
68493
68493
68493
68493
68492
68492
68492
68492
68491
68491
68491
68491
68490
68490
68490
68490
68490
68489
68489
68489
68489
68488
68488
68485
68483
68482
68480
68479
68475
68475
68473
68473
68473
68473
68472
68472
68471
68471
68471
68471
68470
68470
68470
68470
68470
68469
68469
68469
68468
68468
68468
68466
68466
68465
68464
68464
68464
68464
68463
68463
68463
68463
68463
68462
68462
68462
68461
68461
68461
68461
68460
68460
68460
68460
68458
68458
68458
68457
68457
68457
68457
68457
68456
68456
68456
68456
68455
68455
68455
68455
68454
68454
68454
68454
68453
68453
68452
68451
68451
68450
68450
68450
68450
68450
68449
68449
68449
68449
68448
68448
68448
68448
68446
68446
68445
68444
68444
68444
68444
68443
68443
68443
68443
68442
68442
68442
68442
68441
68440
68439
68439
68439
68439
68438
68438
68438
68438
68437
68437
68437
68437
68437
68436
68436
68436
68436
68435
68435
68435
68434
68434
68434
68434
68433
68433
68433
68433
68433
68432
68432
68432
68432
68431
68431
68431
68431
68430
68430
68430
68430
68429
68429
68429
68429
68429
68428
68428
68428
68428
68427
68427
68427
68427
68426
68426
68426
68426
68425
68425
68425
68425
68424
68424
68424
68424
68424
68423
68423
68423
68423
68422
68422
68422
68422
68421
68421
68421
68421
68420
68420
68420
68420
68419
68419
68419
68416
68413
68412
68410
68409
68407
68407
68407
68406
68406
68406
68405
68405
68405
68405
68405
68404
68404
68404
68404
68403
68403
68401
68401
68400
68399
68399
68399
68399
68398
68398
68398
68398
68397
68397
68396
68396
68396
68396
68396
68395
68395
68395
68395
68394
68393
68392
68392
68392
68392
68391
68391
68391
68391
68390
68390
68390
68390
68389
68389
68389
68389
68389
68388
68387
68386
68386
68386
68385
68384
68384
68384
68384
68383
68383
68383
68383
68382
68382
68382
68382
68381
68381
68379
68378
68377
68377
68376
68376
68376
68376
68375
68375
68375
68375
68374
68373
68372
68372
68372
68372
68371
68371
68371
68371
68370
68369
68369
68368
68368
68368
68368
68367
68367
68367
68367
68366
68366
68366
68366
68365
68365
68365
68365
68364
68364
68364
68364
68363
68363
68363
68363
68363
68362
68362
68362
68362
68361
68361
68361
68361
68360
68360
68360
68360
68359
68359
68359
68359
68358
68358
68358
68358
68357
68357
68357
68357
68356
68356
68356
68356
68356
68355
68355
68355
68355
68354
68354
68354
68354
68353
68353
68353
68353
68352
68352
68352
68352
68351
68351
68351
68351
68351
68350
68350
68350
68350
68349
68349
68349
68349
68348
68347
68345
68344
68342
68341
68339
68339
68339
68338
68338
68338
68338
68337
68337
68337
68337
68335
68335
68334
68333
68333
68333
68333
68332
68332
68332
68332
68332
68331
68331
68331
68331
68330
68330
68330
68330
68329
68329
68329
68327
68327
68327
68327
68326
68326
68326
68326
68325
68325
68325
68325
68324
68324
68324
68324
68323
68323
68323
68323
68323
68322
68322
68320
68320
68320
68320
68319
68319
68319
68319
68318
68318
68318
68318
68318
68317
68317
68316
68315
68314
68314
68313
68313
68313
68312
68312
68312
68310
68310
68310
68310
68309
68309
68309
68309
68308
68308
68308
68308
68307
68306
68306
68304
68304
68304
68304
68303
68303
68303
68303
68303
68302
68302
68302
68302
68301
68301
68301
68301
68300
68300
68300
68300
68299
68299
68299
68299
68298
68297
68297
68296
68296
68296
68296
68295
68295
68295
68295
68294
68294
68294
68293
68293
68293
68293
68292
68292
68292
68292
68292
68291
68291
68291
68291
68290
68290
68290
68290
68289
68289
68289
68289
68288
68288
68288
68288
68288
68287
68287
68287
68287
68286
68286
68286
68286
68285
68285
68285
68285
68284
68284
68284
68284
68283
68283
68283
68283
68282
68282
68282
68282
68282
68280
68278
68276
68275
68273
68271
68270
68270
68270
68269
68268
68267
68266
68266
68265
68265
68265
68265
68264
68264
68264
68264
68264
68263
68263
68263
68263
68262
68262
68262
68262
68261
68261
68260
68259
68259
68259
68259
68258
68258
68258
68258
68257
68257
68257
68257
68257
68256
68256
68256
68256
68255
68255
68255
68255
68254
68253
68252
68252
68252
68252
68251
68251
68250
68250
68250
68249
68249
68249
68249
68248
68247
68247
68244
68244
68243
68243
68243
68242
68241
68241
68241
68241
68240
68240
68240
68240
68239
68239
68239
68239
68238
68238
68238
68236
68236
68235
68234
68234
68234
68234
68233
68233
68233
68233
68232
68232
68232
68232
68231
68231
68231
68231
68230
68230
68230
68230
68230
68229
68229
68229
68229
68228
68228
68228
68228
68227
68227
68227
68227
68226
68226
68226
68226
68225
68225
68225
68225
68224
68224
68224
68224
68224
68223
68223
68223
68223
68222
68222
68222
68222
68221
68221
68221
68221
68220
68220
68220
68220
68219
68219
68219
68219
68219
68218
68218
68218
68218
68217
68217
68217
68217
68216
68216
68216
68216
68215
68215
68215
68215
68214
68214
68214
68214
68213
68213
68213
68213
68213
68212
68212
68212
68209
68207
68206
68204
68202
68200
68199
68199
68198
68198
68198
68198
68197
68197
68197
68197
68196
68196
68196
68196
68195
68195
68195
68195
68194
68194
68194
68192
68192
68192
68192
68191
68191
68191
68191
68190
68190
68190
68190
68190
68189
68189
68189
68189
68188
68188
68188
68188
68187
68187
68186
68185
68185
68185
68185
68184
68184
68184
68184
68183
68183
68183
68183
68183
68182
68181
68181
68179
68179
68177
68177
68177
68176
68176
68176
68176
68175
68175
68175
68175
68175
68174
68174
68174
68174
68173
68173
68173
68171
68171
68170
68170
68169
68169
68169
68169
68169
68168
68168
68168
68167
68167
68167
68167
68166
68166
68166
68166
68165
68165
68165
68165
68164
68164
68164
68164
68164
68163
68163
68163
68163
68162
68162
68162
68162
68161
68161
68161
68161
68160
68160
68160
68160
68159
68159
68159
68159
68158
68158
68158
68158
68158
68157
68157
68157
68157
68156
68156
68156
68156
68155
68155
68155
68155
68154
68154
68154
68154
68153
68153
68153
68153
68152
68152
68152
68152
68152
68151
68151
68151
68151
68150
68150
68150
68150
68149
68149
68149
68149
68148
68148
68148
68148
68147
68147
68147
68147
68146
68146
68146
68146
68146
68143
68141
68140
68138
68137
68135
68135
68135
68134
68134
68134
68134
68133
68133
68133
68133
68132
68132
68132
68132
68131
68130
68130
68130
68129
68129
68129
68129
68128
68128
68128
68128
68127
68127
68127
68127
68126
68126
68126
68126
68125
68125
68125
68125
68123
68123
68123
68122
68122
68122
68121
68121
68121
68121
68121
68120
68120
68120
68120
68118
68117
68114
68114
68114
68112
68112
68112
68111
68111
68111
68111
68110
68110
68110
68110
68109
68109
68109
68109
68108
68108
68108
68107
68106
68105
68105
68104
68104
68104
68104
68103
68103
68103
68103
68103
68102
68102
68102
68102
68101
68101
68101
68101
68100
68100
68099
68098
68098
68098
68098
68097
68097
68097
68097
68096
68096
68096
68096
68095
68095
68095
68095
68094
68094
68094
68094
68094
68093
68093
68093
68093
68092
68092
68092
68092
68091
68091
68091
68091
68090
68090
68090
68090
68089
68089
68089
68089
68088
68088
68088
68088
68088
68087
68087
68087
68087
68086
68086
68086
68086
68085
68085
68085
68085
68084
68084
68084
68084
68083
68083
68083
68083
68082
68082
68082
68082
68081
68081
68081
68081
68080
68080
68080
68080
68079
68079
68079
68079
68077
68077
68077
68076
68075
68073
68072
68071
68069
68068
68068
68067
68067
68067
68067
68066
68066
68066
68066
68064
68064
68064
68063
68063
68063
68063
68063
68062
68062
68062
68062
68061
68061
68061
68061
68060
68060
68060
68060
68059
68059
68059
68057
68057
68057
68057
68056
68056
68056
68056
68055
68055
68055
68055
68055
68053
68053
68051
68051
68049
68049
68049
68049
68048
68048
68048
68048
68047
68047
68047
68047
68046
68046
68046
68046
68045
68045
68045
68045
68045
68043
68043
68041
68041
68041
68041
68040
68040
68040
68040
68039
68039
68039
68039
68038
68038
68038
68038
68037
68037
68037
68037
68036
68035
68035
68035
68034
68034
68034
68034
68033
68033
68033
68033
68032
68032
68032
68032
68031
68031
68031
68031
68030
68030
68030
68030
68030
68029
68029
68029
68029
68028
68027
68027
68026
68026
68026
68026
68025
68025
68025
68025
68024
68024
68024
68023
68023
68023
68022
68022
68022
68022
68021
68021
68021
68021
68021
68020
68020
68020
68020
68019
68019
68019
68019
68018
68018
68018
68018
68017
68017
68017
68017
68016
68016
68016
68016
68015
68015
68015
68015
68014
68014
68013
68013
68012
68012
68012
68012
68011
68011
68011
68011
68010
68010
68010
68008
68007
68005
68004
68003
68000
68000
67999
67999
67998
67997
67997
67997
67997
67996
67996
67996
67996
67996
67995
67995
67995
67995
67994
67994
67994
67994
67993
67993
67993
67993
67992
67987
67987
67987
67986
67986
67986
67985
67985
67985
67984
67982
67982
67981
67981
67981
67977
67977
67975
67974
67974
67922
67922
67922
67921
67921
67921
67920
67920
67920
67920
67919
67919
67919
67919
67919
67918
67918
67918
67916
67916
67914
67914
67914
67913
67913
67913
67913
67913
67912
67912
67912
67911
67911
67911
67911
67910
67910
67910
67910
67910
67909
67908
67908
67907
67907
67907
67907
67906
67906
67906
67906
67905
67905
67905
67905
67904
67904
67904
67904
67903
67903
67903
67903
67902
67902
67902
67902
67902
67901
67901
67901
67901
67900
67900
67900
67900
67899
67899
67899
67899
67898
67898
67898
67898
67897
67897
67897
67897
67897
67896
67896
67896
67896
67895
67895
67895
67895
67894
67894
67894
67894
67893
67893
67893
67893
67892
67892
67892
67892
67891
67891
67891
67891
67891
67890
67890
67890
67890
67888
67888
67888
67887
67887
67887
67886
67886
67886
67886
67885
67885
67885
67885
67884
67884
67884
67884
67884
67883
67883
67883
67880
67878
67877
67875
67873
67871
67871
67871
67870
67870
67870
67870
67869
67869
67869
67869
67868
67868
67868
67868
67868
67867
67867
67867
67867
67866
67865
67865
67864
67864
67864
67864
67863
67861
67861
67861
67861
67860
67860
67860
67860
67858
67858
67857
67856
67856
67856
67856
67855
67855
67855
67855
67855
67854
67854
67854
67854
67853
67853
67853
67853
67852
67852
67852
67850
67850
67849
67848
67848
67847
67847
67847
67847
67846
67846
67846
67846
67845
67845
67845
67845
67844
67844
67844
67844
67843
67843
67842
67841
67841
67841
67841
67840
67840
67840
67839
67839
67839
67839
67838
67838
67838
67838
67837
67837
67837
67837
67837
67836
67836
67836
67836
67835
67835
67835
67835
67834
67834
67834
67834
67833
67833
67833
67833
67832
67832
67832
67832
67832
67831
67831
67831
67831
67830
67830
67830
67830
67829
67829
67829
67829
67828
67828
67828
67828
67827
67827
67827
67827
67826
67826
67826
67826
67825
67825
67825
67825
67825
67824
67824
67824
67822
67822
67822
67822
67821
67821
67821
67821
67820
67820
67820
67820
67819
67819
67819
67819
67818
67818
67818
67818
67818
67817
67817
67817
67817
67816
67816
67816
67816
67815
67815
67814
67812
67811
67809
67808
67807
67806
67806
67806
67806
67805
67805
67805
67804
67804
67804
67804
67804
67803
67803
67801
67801
67801
67801
67799
67799
67799
67798
67798
67798
67798
67798
67797
67797
67797
67795
67795
67793
67792
67792
67792
67792
67791
67791
67791
67791
67790
67790
67790
67790
67789
67789
67789
67788
67788
67788
67787
67787
67785
67785
67784
67783
67783
67782
67781
67780
67780
67780
67779
67779
67779
67779
67778
67778
67778
67778
67777
67777
67777
67777
67776
67775
67774
67774
67774
67774
67773
67773
67773
67772
67772
67772
67771
67771
67771
67771
67770
67770
67770
67770
67769
67769
67769
67769
67767
67767
67767
67766
67766
67766
67766
67765
67765
67765
67765
67764
67764
67764
67764
67764
67763
67763
67763
67763
67762
67762
67762
67762
67761
67761
67761
67761
67760
67760
67760
67760
67759
67759
67759
67759
67759
67758
67758
67758
67758
67757
67757
67757
67757
67756
67756
67756
67754
67754
67754
67754
67753
67753
67753
67753
67752
67752
67752
67752
67751
67751
67751
67751
67750
67750
67750
67750
67749
67749
67749
67749
67748
67748
67748
67748
67747
67747
67747
67747
67746
67746
67746
67746
67745
67745
67745
67745
67742
67740
67739
67738
67736
67735
67735
67734
67734
67734
67733
67733
67733
67733
67731
67730
67730
67729
67729
67729
67729
67728
67728
67728
67728
67727
67727
67727
67726
67725
67725
67723
67723
67723
67723
67722
67722
67722
67722
67721
67721
67721
67721
67720
67720
67720
67720
67720
67719
67719
67719
67719
67717
67717
67715
67715
67715
67715
67715
67714
67714
67714
67714
67713
67713
67713
67713
67712
67712
67712
67712
67711
67711
67711
67711
67709
67709
67709
67709
67708
67708
67708
67708
67707
67707
67707
67706
67706
67706
67706
67705
67705
67705
67705
67704
67704
67704
67704
67702
67702
67702
67701
67699
67698
67698
67698
67698
67697
67697
67697
67697
67696
67696
67696
67695
67695
67695
67695
67694
67694
67694
67694
67693
67693
67693
67693
67692
67692
67691
67691
67690
67690
67690
67690
67689
67689
67689
67689
67688
67688
67688
67688
67687
67686
67686
67685
67685
67685
67685
67684
67684
67684
67684
67683
67683
67683
67683
67682
67682
67682
67682
67682
67681
67681
67681
67681
67680
67680
67680
67680
67679
67679
67679
67679
67678
67678
67678
67678
67677
67677
67677
67677
67676
67676
67676
67676
67676
67675
67675
67675
67675
67674
67673
67671
67670
67668
67667
67665
67663
67663
67662
67661
67661
67661
67661
67660
67660
67660
67660
67660
67659
67659
67659
67659
67658
67656
67656
67654
67654
67654
67653
67653
67653
67653
67652
67652
67652
67652
67651
67651
67651
67651
67651
67650
67650
67650
67650
67649
67648
67648
67646
67646
67646
67646
67645
67645
67645
67645
67644
67644
67644
67644
67643
67643
67643
67643
67643
67642
67642
67642
67642
67640
67640
67640
67639
67639
67639
67639
67638
67638
67638
67638
67638
67637
67637
67637
67637
67636
67636
67636
67636
67635
67635
67635
67633
67633
67633
67632
67632
67632
67632
67631
67631
67631
67631
67630
67630
67630
67630
67630
67629
67629
67629
67628
67628
67628
67628
67627
67627
67627
67627
67627
67626
67626
67626
67626
67625
67625
67625
67625
67624
67624
67624
67624
67623
67623
67622
67621
67621
67621
67621
67620
67620
67620
67620
67619
67619
67619
67619
67618
67618
67618
67618
67618
67617
67617
67617
67617
67616
67616
67616
67616
67615
67615
67615
67615
67614
67614
67614
67614
67613
67613
67613
67613
67612
67612
67612
67612
67612
67611
67611
67611
67611
67610
67610
67610
67610
67609
67609
67609
67609
67608
67608
67608
67605
67603
67600
67598
67597
67596
67595
67595
67595
67594
67594
67594
67593
67593
67593
67593
67593
67591
67591
67589
67589
67589
67588
67588
67588
67588
67587
67587
67587
67587
67586
67586
67586
67586
67585
67585
67585
67584
67584
67564
67562
67562
67560
67560
67559
67559
67559
67558
67558
67558
67558
67557
67557
67557
67556
67556
67556
67555
67555
67555
67554
67554
67554
67552
67552
67551
67551
67551
67550
67550
67549
67549
67549
67548
67548
67548
67548
67547
67547
67547
67547
67546
67546
67546
67546
67545
67543
67543
67543
67543
67542
67542
67542
67542
67542
67541
67541
67541
67541
67540
67540
67540
67539
67539
67539
67539
67538
67537
67537
67537
67536
67536
67536
67536
67535
67535
67535
67535
67534
67534
67534
67534
67533
67533
67533
67531
67531
67530
67530
67530
67529
67529
67529
67529
67528
67528
67528
67528
67527
67527
67527
67527
67527
67526
67526
67526
67526
67525
67525
67525
67525
67524
67524
67524
67524
67523
67523
67523
67523
67522
67522
67522
67522
67521
67521
67521
67521
67521
67520
67520
67520
67520
67519
67519
67519
67519
67518
67518
67518
67518
67517
67517
67517
67517
67516
67516
67516
67516
67515
67515
67515
67515
67513
67512
67510
67509
67507
67506
67506
67505
67505
67505
67505
67503
67503
67502
67501
67501
67501
67501
67500
67500
67499
67499
67499
67498
67498
67498
67498
67498
67497
67497
67497
67497
67496
67496
67494
67493
67492
67492
67491
67491
67491
67491
67490
67490
67490
67490
67489
67489
67489
67489
67488
67488
67488
67488
67488
67487
67487
67485
67485
67485
67485
67484
67484
67484
67482
67482
67482
67482
67481
67481
67481
67481
67480
67480
67480
67480
67479
67479
67479
67479
67477
67477
67477
67477
67476
67476
67476
67476
67475
67475
67475
67475
67474
67474
67474
67474
67473
67473
67473
67473
67472
67471
67471
67469
67469
67469
67468
67468
67468
67468
67467
67467
67467
67467
67466
67466
67465
67465
67464
67464
67464
67463
67463
67463
67463
67463
67462
67462
67462
67462
67461
67461
67461
67460
67460
67460
67459
67459
67459
67459
67458
67458
67458
67458
67457
67457
67457
67457
67456
67456
67456
67456
67455
67455
67455
67455
67455
67454
67454
67454
67454
67453
67453
67453
67453
67452
67452
67452
67452
67451
67451
67451
67451
67450
67450
67450
67450
67449
67449
67449
67449
67448
67448
67448
67448
67448
67447
67447
67447
67447
67446
67446
67444
67443
67442
67440
67437
67435
67435
67433
67433
67433
67433
67432
67432
67432
67432
67431
67431
67431
67431
67430
67430
67430
67430
67429
67429
67429
67429
67428
67427
67426
67425
67425
67424
67424
67424
67424
67423
67423
67423
67423
67422
67422
67422
67422
67421
67421
67421
67421
67421
67420
67420
67419
67418
67418
67418
67418
67417
67417
67417
67416
67416
67416
67416
67416
67415
67415
67415
67415
67414
67414
67414
67414
67413
67413
67412
67411
67411
67411
67411
67410
67410
67410
67410
67409
67409
67409
67409
67408
67408
67408
67408
67407
67407
67407
67407
67405
67405
67404
67403
67403
67403
67403
67402
67402
67402
67402
67401
67400
67400
67399
67399
67399
67398
67398
67398
67398
67397
67397
67397
67397
67397
67396
67396
67396
67396
67395
67395
67394
67393
67392
67392
67392
67392
67391
67391
67391
67391
67390
67390
67390
67390
67389
67389
67389
67389
67388
67388
67388
67388
67387
67387
67387
67387
67387
67386
67386
67386
67386
67385
67385
67385
67384
67384
67384
67384
67384
67383
67383
67383
67383
67382
67382
67382
67382
67381
67381
67381
67381
67380
67380
67380
67380
67379
67379
67379
67379
67378
67378
67378
67378
67378
67377
67376
67373
67372
67370
67368
67365
67365
67364
67364
67364
67364
67363
67363
67363
67363
67362
67362
67362
67362
67361
67361
67361
67360
67359
67358
67358
67357
67357
67357
67357
67356
67356
67356
67356
67355
67355
67355
67354
67354
67354
67353
67353
67353
67353
67352
67351
67351
67350
67350
67350
67350
67349
67349
67349
67349
67348
67348
67348
67348
67347
67347
67347
67347
67346
67346
67346
67346
67346
67344
67344
67343
67343
67343
67343
67342
67342
67342
67342
67341
67341
67341
67341
67341
67340
67340
67340
67340
67339
67339
67338
67337
67336
67336
67336
67335
67335
67335
67335
67333
67333
67333
67332
67332
67332
67332
67331
67331
67331
67331
67330
67330
67330
67330
67329
67329
67329
67329
67328
67328
67328
67328
67327
67327
67327
67327
67327
67326
67326
67326
67326
67325
67325
67325
67325
67324
67324
67324
67324
67323
67323
67323
67323
67323
67322
67322
67322
67322
67321
67321
67321
67321
67320
67320
67320
67320
67319
67319
67319
67319
67318
67318
67318
67318
67317
67317
67317
67317
67317
67316
67316
67316
67316
67315
67315
67315
67315
67314
67314
67314
67314
67313
67313
67313
67313
67312
67312
67312
67312
67311
67311
67311
67311
67308
67305
67304
67302
67301
67299
67299
67298
67298
67298
67297
67297
67297
67297
67297
67296
67295
67295
67293
67293
67293
67292
67292
67292
67292
67291
67291
67291
67291
67290
67290
67290
67290
67289
67289
67289
67289
67288
67288
67287
67286
67286
67286
67286
67285
67285
67285
67285
67284
67284
67284
67284
67284
67283
67283
67283
67282
67282
67282
67282
67281
67281
67280
67279
67279
67279
67279
67278
67278
67278
67278
67277
67277
67277
67277
67277
67276
67276
67276
67276
67275
67275
67275
67273
67273
67272
67271
67271
67271
67270
67269
67269
67269
67269
67268
67268
67268
67268
67267
67267
67265
67265
67265
67265
67264
67264
67264
67264
67264
67263
67263
67263
67263
67262
67262
67262
67262
67261
67261
67261
67261
67260
67260
67260
67260
67259
67259
67259
67259
67259
67258
67258
67258
67258
67257
67257
67257
67257
67256
67256
67256
67256
67255
67255
67255
67255
67254
67254
67254
67254
67253
67253
67253
67253
67253
67252
67252
67252
67252
67251
67251
67251
67251
67250
67250
67250
67250
67249
67249
67249
67249
67248
67248
67248
67248
67247
67247
67247
67247
67247
67246
67246
67246
67246
67245
67245
67245
67245
67244
67244
67244
67244
67242
67240
67239
67237
67236
67234
67234
67234
67234
67233
67232
67232
67229
67229
67229
67229
67228
67228
67228
67228
67227
67227
67227
67226
67226
67226
67226
67225
67225
67225
67225
67224
67224
67223
67222
67222
67222
67222
67221
67221
67221
67221
67221
67220
67220
67220
67220
67219
67219
67219
67219
67218
67218
67218
67218
67217
67216
67216
67215
67215
67215
67215
67215
67214
67213
67212
67212
67212
67212
67211
67211
67211
67211
67211
67210
67210
67210
67208
67208
67206
67205
67205
67205
67204
67204
67204
67204
67204
67203
67203
67203
67203
67202
67202
67200
67200
67199
67199
67198
67198
67198
67198
67197
67197
67197
67197
67196
67196
67196
67196
67195
67195
67195
67195
67194
67194
67194
67194
67193
67193
67193
67193
67193
67192
67192
67192
67192
67191
67191
67191
67191
67190
67190
67190
67190
67189
67189
67189
67189
67188
67188
67188
67188
67187
67187
67187
67187
67186
67186
67186
67186
67186
67185
67185
67185
67185
67184
67184
67184
67184
67183
67183
67183
67183
67182
67182
67182
67182
67181
67181
67181
67181
67181
67180
67180
67180
67180
67179
67179
67179
67179
67178
67178
67178
67178
67177
67177
67177
67177
67176
67176
67176
67174
67173
67172
67170
67168
67166
67165
67165
67164
67164
67164
67164
67163
67163
67163
67163
67162
67162
67162
67162
67161
67161
67161
67161
67160
67160
67160
67158
67158
67158
67158
67157
67157
67157
67157
67156
67156
67156
67156
67155
67155
67155
67155
67154
67154
67154
67154
67153
67153
67153
67151
67151
67151
67151
67151
67150
67150
67150
67149
67149
67149
67149
67148
67148
67148
67148
67147
67147
67147
67147
67146
67144
67143
67142
67142
67142
67141
67141
67141
67141
67140
67140
67140
67140
67139
67139
67139
67139
67137
67137
67135
67135
67135
67135
67134
67134
67134
67134
67134
67133
67133
67133
67132
67132
67132
67132
67132
67131
67131
67131
67131
67130
67130
67130
67130
67129
67129
67129
67129
67128
67128
67128
67128
67127
67127
67127
67127
67126
67125
67125
67125
67124
67124
67124
67124
67123
67123
67123
67123
67122
67122
67122
67122
67121
67121
67121
67121
67120
67120
67120
67120
67119
67119
67119
67119
67119
67118
67118
67118
67118
67117
67117
67117
67117
67116
67116
67116
67116
67115
67115
67115
67115
67114
67114
67114
67114
67113
67113
67113
67113
67112
67112
67112
67112
67111
67111
67111
67111
67111
67110
67110
67110
67107
67105
67104
67102
67101
67098
67097
67097
67097
67097
67096
67096
67096
67096
67095
67095
67095
67095
67095
67094
67094
67093
67092
67092
67092
67092
67091
67091
67091
67091
67090
67090
67090
67089
67089
67089
67089
67088
67088
67088
67087
67087
67087
67087
67085
67085
67085
67085
67084
67084
67084
67084
67083
67083
67083
67083
67082
67082
67082
67082
67081
67081
67080
67079
67079
67078
67077
67076
67076
67075
67075
67075
67075
67074
67074
67074
67074
67074
67073
67073
67073
67073
67071
67071
67070
67069
67069
67069
67069
67068
67068
67068
67068
67067
67067
67067
67066
67066
67066
67066
67066
67065
67065
67065
67065
67063
67063
67063
67062
67062
67062
67062
67061
67061
67061
67061
67060
67060
67060
67060
67059
67059
67059
67059
67059
67058
67058
67058
67058
67057
67057
67057
67057
67056
67056
67056
67056
67055
67055
67055
67055
67054
67054
67054
67054
67053
67053
67053
67053
67052
67052
67052
67052
67052
67051
67051
67051
67051
67050
67050
67050
67050
67049
67049
67049
67049
67048
67048
67048
67048
67047
67047
67047
67047
67046
67046
67046
67046
67046
67045
67045
67045
67045
67044
67044
67044
67044
67043
67043
67043
67041
67041
67038
67037
67035
67034
67032
67031
67031
67030
67030
67030
67030
67029
67029
67029
67028
67027
67027
67026
67026
67026
67026
67025
67025
67025
67025
67024
67024
67024
67024
67023
67023
67023
67023
67022
67022
67022
67021
67021
67020
67019
67019
67019
67019
67018
67018
67018
67018
67017
67017
67017
67017
67016
67016
67015
67014
67014
67014
67014
67013
67012
67011
67010
67010
67010
67009
67009
67009
67009
67008
67008
67008
67007
67007
67007
67007
67006
67005
67005
67003
67003
67003
67002
67002
67002
67001
67001
67001
67001
67000
67000
67000
67000
66999
66999
66999
66999
66998
66998
66998
66996
66996
66996
66996
66995
66995
66995
66995
66994
66994
66994
66994
66993
66993
66993
66993
66993
66992
66992
66992
66992
66991
66991
66991
66991
66990
66990
66990
66990
66989
66989
66989
66989
66988
66988
66988
66988
66987
66987
66987
66987
66986
66986
66986
66986
66985
66985
66985
66985
66984
66984
66984
66984
66983
66983
66983
66983
66983
66982
66982
66982
66982
66981
66981
66981
66981
66980
66980
66980
66980
66979
66979
66979
66979
66978
66978
66978
66978
66977
66977
66977
66977
66975
66975
66975
66974
66974
66974
66974
66973
66973
66973
66973
66971
66970
66968
66966
66965
66962
66962
66961
66961
66960
66960
66959
66959
66959
66959
66958
66958
66958
66958
66957
66957
66957
66957
66956
66956
66956
66956
66955
66955
66955
66955
66954
66953
66953
66952
66952
66952
66952
66951
66951
66951
66951
66950
66950
66949
66949
66948
66948
66948
66948
66947
66947
66947
66945
66945
66944
66944
66943
66943
66943
66943
66942
66942
66942
66940
66940
66940
66940
66939
66939
66938
66937
66936
66936
66935
66935
66935
66935
66934
66934
66934
66934
66933
66933
66933
66933
66933
66932
66932
66932
66932
66931
66931
66929
66929
66929
66928
66928
66928
66928
66928
66927
66927
66927
66927
66926
66926
66926
66925
66925
66925
66925
66924
66924
66924
66924
66923
66923
66923
66923
66922
66922
66922
66922
66922
66921
66921
66921
66921
66920
66920
66920
66920
66919
66919
66919
66919
66918
66918
66918
66918
66917
66917
66917
66917
66917
66916
66916
66916
66916
66915
66915
66915
66915
66914
66914
66914
66914
66913
66913
66913
66913
66912
66912
66912
66912
66911
66911
66911
66911
66910
66910
66909
66908
66908
66908
66908
66908
66907
66907
66907
66907
66906
66906
66906
66906
66905
66905
66905
66905
66904
66904
66903
66901
66900
66898
66896
66895
66894
66894
66894
66894
66893
66893
66892
66892
66892
66892
66891
66891
66891
66891
66891
66890
66890
66890
66890
66889
66888
66888
66887
66887
66887
66887
66886
66886
66886
66884
66884
66884
66883
66883
66883
66883
66882
66882
66882
66882
66882
66880
66880
66879
66878
66878
66878
66878
66877
66877
66876
66876
66876
66876
66875
66875
66875
66875
66873
66873
66871
66871
66871
66871
66870
66870
66870
66870
66870
66869
66869
66869
66869
66868
66868
66868
66868
66867
66867
66866
66866
66864
66864
66864
66864
66863
66863
66863
66863
66862
66862
66862
66862
66861
66861
66861
66861
66861
66860
66860
66860
66860
66859
66859
66859
66859
66858
66858
66858
66858
66857
66857
66857
66857
66856
66856
66856
66856
66855
66855
66855
66855
66853
66853
66853
66852
66852
66852
66852
66852
66851
66851
66851
66851
66850
66850
66850
66850
66849
66849
66849
66849
66848
66848
66848
66848
66847
66847
66847
66847
66847
66846
66846
66846
66846
66845
66845
66844
66843
66843
66843
66843
66842
66842
66842
66841
66841
66841
66841
66840
66840
66840
66840
66840
66839
66839
66839
66839
66838
66838
66838
66838
66837
66837
66837
66837
66835
66834
66832
66830
66828
66826
66826
66825
66825
66825
66825
66824
66824
66824
66824
66823
66823
66823
66823
66822
66821
66821
66821
66820
66820
66820
66818
66818
66818
66817
66817
66817
66817
66816
66816
66816
66816
66815
66815
66815
66815
66813
66813
66811
66811
66811
66811
66810
66810
66810
66810
66810
66809
66809
66809
66809
66808
66808
66807
66806
66805
66805
66804
66804
66803
66803
66803
66802
66802
66802
66802
66801
66801
66801
66801
66801
66800
66800
66800
66800
66799
66798
66797
66797
66797
66797
66796
66796
66796
66796
66795
66795
66795
66795
66794
66794
66794
66794
66793
66793
66793
66793
66792
66792
66791
66790
66790
66790
66790
66789
66789
66789
66789
66788
66788
66788
66788
66787
66787
66787
66787
66786
66786
66786
66786
66786
66785
66785
66785
66785
66784
66784
66784
66784
66783
66783
66783
66783
66782
66782
66782
66782
66781
66781
66781
66781
66781
66780
66780
66780
66779
66779
66779
66779
66777
66777
66777
66776
66776
66776
66776
66775
66775
66775
66775
66774
66774
66774
66774
66773
66773
66773
66773
66772
66772
66772
66772
66772
66771
66771
66771
66771
66770
66770
66770
66770
66769
66769
66769
66769
66768
66768
66765
66764
66763
66761
66760
66758
66758
66758
66758
66757
66757
66757
66756
66756
66755
66754
66754
66753
66752
66752
66752
66752
66752
66751
66751
66751
66751
66750
66750
66750
66750
66749
66749
66749
66749
66747
66747
66745
66745
66745
66745
66744
66744
66744
66744
66743
66743
66743
66743
66742
66742
66742
66740
66740
66739
66738
66738
66738
66738
66737
66737
66737
66737
66736
66736
66736
66736
66736
66735
66735
66735
66735
66734
66734
66734
66732
66732
66732
66732
66731
66731
66731
66731
66730
66730
66730
66730
66729
66729
66729
66729
66729
66728
66728
66728
66728
66727
66727
66726
66725
66725
66725
66725
66724
66724
66724
66724
66723
66723
66723
66723
66723
66722
66722
66722
66722
66721
66721
66721
66721
66720
66720
66720
66720
66719
66719
66719
66719
66718
66718
66718
66718
66717
66717
66717
66717
66716
66716
66716
66716
66715
66715
66715
66715
66714
66713
66713
66712
66712
66712
66712
66711
66711
66711
66711
66710
66710
66710
66710
66710
66709
66709
66709
66709
66708
66708
66708
66708
66707
66707
66707
66707
66706
66706
66706
66706
66705
66705
66705
66705
66705
66704
66704
66704
66704
66703
66703
66703
66703
66702
66702
66702
66700
66699
66697
66694
66692
66690
66690
66689
66687
66687
66686
66686
66686
66685
66685
66685
66685
66685
66684
66684
66684
66684
66683
66683
66683
66683
66682
66682
66682
66680
66680
66679
66679
66678
66678
66678
66678
66677
66677
66677
66677
66676
66676
66676
66676
66675
66674
66674
66672
66672
66672
66671
66671
66671
66671
66670
66670
66670
66670
66669
66669
66669
66669
66668
66667
66667
66667
66666
66666
66665
66664
66664
66664
66664
66663
66663
66663
66663
66662
66662
66662
66662
66661
66661
66661
66661
66660
66660
66660
66660
66659
66659
66658
66657
66657
66657
66657
66656
66656
66656
66656
66655
66655
66655
66655
66654
66654
66654
66654
66654
66653
66653
66653
66653
66652
66652
66652
66652
66651
66651
66651
66651
66650
66650
66650
66650
66649
66649
66649
66649
66649
66648
66648
66648
66648
66647
66646
66645
66645
66645
66645
66644
66644
66644
66644
66644
66643
66643
66643
66643
66642
66642
66642
66642
66641
66641
66641
66641
66640
66640
66640
66640
66639
66639
66639
66639
66638
66638
66638
66638
66637
66637
66637
66637
66636
66636
66636
66636
66635
66635
66635
66635
66634
66634
66634
66634
66634
66633
66633
66633
66633
66632
66631
66629
66627
66625
66624
66623
66622
66622
66622
66622
66621
66621
66621
66621
66620
66620
66620
66620
66619
66619
66619
66619
66618
66617
66617
66615
66615
66615
66615
66614
66614
66614
66614
66613
66613
66613
66613
66612
66612
66612
66610
66610
66609
66608
66608
66608
66608
66608
66607
66607
66607
66607
66606
66606
66606
66606
66605
66605
66605
66605
66604
66604
66604
66603
66602
66602
66602
66602
66601
66601
66601
66601
66600
66600
66600
66600
66599
66599
66599
66599
66598
66598
66598
66598
66597
66597
66596
66596
66595
66595
66595
66595
66594
66594
66594
66594
66593
66593
66593
66593
66592
66592
66592
66592
66591
66591
66591
66589
66589
66589
66589
66589
66588
66588
66587
66587
66587
66587
66586
66586
66586
66586
66585
66585
66584
66584
66584
66565
66564
66563
66563
66563
66562
66562
66562
66562
66561
66561
66561
66561
66560
66560
66559
66559
66559
66559
66558
66558
66558
66558
66557
66557
66557
66557
66557
66556
66556
66556
66556
66555
66555
66555
66555
66554
66554
66554
66554
66553
66553
66553
66552
66552
66552
66552
66551
66551
66551
66551
66550
66550
66550
66550
66549
66549
66549
66549
66549
66548
66548
66548
66548
66547
66546
66544
66543
66540
66539
66537
66537
66536
66536
66536
66536
66535
66535
66535
66534
66534
66534
66533
66532
66531
66531
66530
66530
66530
66530
66529
66529
66529
66529
66529
66528
66528
66528
66527
66526
66526
66524
66524
66524
66523
66523
66523
66523
66522
66522
66522
66522
66522
66521
66521
66521
66521
66520
66520
66520
66520
66519
66518
66518
66517
66517
66517
66517
66516
66516
66516
66515
66515
66515
66515
66514
66514
66514
66514
66513
66513
66513
66513
66513
66512
66511
66511
66510
66510
66510
66510
66509
66509
66509
66509
66508
66508
66508
66508
66507
66507
66507
66507
66507
66506
66506
66505
66504
66503
66503
66502
66502
66502
66502
66501
66501
66501
66501
66501
66500
66500
66500
66500
66498
66498
66498
66497
66497
66497
66497
66496
66496
66496
66496
66495
66495
66495
66495
66494
66494
66494
66494
66493
66493
66493
66493
66493
66492
66492
66492
66492
66491
66491
66491
66491
66490
66490
66490
66490
66489
66489
66489
66489
66488
66488
66488
66488
66487
66487
66487
66487
66487
66486
66486
66486
66486
66485
66485
66485
66485
66484
66483
66483
66483
66482
66480
66480
66479
66479
66479
66478
66478
66477
66477
66477
66476
66476
66471
66469
66468
66466
66463
66461
66460
66460
66460
66459
66458
66456
66456
66453
66453
66453
66452
66452
66452
66451
66451
66451
66450
66450
66449
66449
66449
66448
66446
66446
66444
66444
66443
66443
66442
66442
66442
66442
66441
66441
66441
66440
66440
66440
66440
66439
66439
66439
66438
66438
66438
66436
66435
66435
66434
66434
66434
66433
66433
66433
66432
66432
66432
66431
66431
66431
66430
66430
66430
66429
66428
66428
66428
66427
66425
66425
66424
66424
66424
66423
66423
66423
66423
66422
66422
66422
66421
66421
66421
66420
66420
66420
66420
66419
66419
66418
66417
66416
66416
66415
66415
66415
66415
66414
66414
66414
66414
66413
66413
66412
66411
66411
66411
66411
66410
66410
66410
66410
66409
66409
66409
66409
66408
66408
66408
66408
66407
66407
66407
66407
66406
66406
66406
66406
66405
66405
66405
66405
66405
66404
66404
66404
66404
66403
66403
66403
66403
66402
66402
66402
66402
66401
66401
66401
66401
66400
66400
66400
66400
66399
66399
66399
66399
66398
66398
66398
66398
66397
66397
66397
66397
66397
66396
66396
66396
66396
66395
66395
66395
66395
66394
66394
66394
66394
66393
66393
66393
66393
66392
66392
66392
66392
66390
66389
66387
66384
66383
66380
66380
66378
66378
66378
66377
66377
66377
66377
66376
66376
66376
66375
66375
66375
66375
66374
66373
66373
66372
66371
66371
66371
66371
66370
66370
66370
66370
66369
66369
66369
66369
66368
66368
66368
66368
66367
66367
66367
66367
66365
66365
66365
66364
66364
66364
66364
66363
66363
66363
66363
66362
66362
66362
66362
66362
66361
66361
66361
66359
66359
66359
66358
66357
66357
66356
66356
66356
66356
66355
66355
66355
66354
66354
66354
66354
66353
66353
66353
66353
66352
66352
66352
66352
66350
66350
66349
66348
66348
66348
66348
66347
66347
66347
66346
66345
66345
66344
66344
66344
66344
66343
66343
66343
66343
66342
66342
66342
66342
66341
66341
66341
66341
66341
66340
66340
66340
66340
66339
66339
66339
66339
66338
66338
66338
66338
66337
66337
66337
66337
66336
66336
66336
66336
66336
66335
66335
66335
66335
66334
66334
66334
66334
66333
66333
66333
66333
66332
66332
66332
66332
66331
66331
66331
66331
66330
66330
66330
66330
66329
66329
66329
66329
66328
66328
66328
66328
66327
66327
66327
66327
66327
66326
66326
66326
66326
66325
66325
66325
66325
66324
66324
66324
66324
66323
66323
66323
66321
66317
66316
66314
66313
66312
66311
66311
66311
66311
66310
66310
66310
66310
66309
66309
66308
66307
66306
66306
66305
66305
66305
66305
66304
66304
66304
66304
66303
66303
66303
66303
66303
66302
66302
66302
66302
66301
66301
66300
66299
66299
66299
66299
66298
66298
66298
66298
66297
66297
66297
66297
66296
66296
66296
66296
66295
66295
66295
66295
66294
66294
66293
66292
66292
66292
66292
66292
66291
66291
66291
66291
66290
66290
66290
66290
66289
66289
66289
66289
66288
66288
66288
66286
66286
66285
66284
66284
66284
66284
66283
66282
66282
66281
66281
66281
66281
66280
66280
66280
66280
66279
66279
66279
66279
66278
66277
66277
66276
66276
66276
66276
66275
66275
66275
66275
66274
66274
66274
66274
66274
66273
66273
66273
66273
66272
66272
66272
66270
66270
66270
66270
66269
66269
66269
66269
66268
66268
66268
66268
66267
66267
66267
66267
66266
66266
66266
66266
66266
66265
66265
66265
66265
66264
66264
66264
66264
66263
66263
66263
66263
66262
66262
66262
66262
66261
66261
66261
66261
66260
66260
66259
66259
66259
66259
66259
66258
66258
66258
66258
66257
66257
66257
66257
66256
66256
66256
66256
66255
66255
66255
66255
66253
66251
66249
66247
66246
66244
66244
66244
66243
66243
66242
66241
66240
66240
66239
66239
66239
66239
66238
66238
66238
66238
66237
66237
66237
66237
66236
66236
66236
66236
66235
66235
66235
66234
66233
66233
66232
66232
66232
66231
66231
66230
66230
66230
66229
66229
66228
66228
66228
66227
66227
66227
66227
66226
66226
66226
66224
66224
66224
66224
66223
66223
66223
66223
66222
66222
66222
66222
66222
66221
66221
66221
66221
66220
66220
66220
66220
66218
66218
66217
66216
66216
66215
66214
66214
66214
66214
66213
66213
66213
66213
66212
66212
66212
66212
66211
66211
66211
66211
66210
66209
66209
66208
66207
66207
66207
66207
66206
66206
66206
66206
66205
66205
66205
66205
66204
66204
66204
66204
66203
66203
66203
66203
66202
66202
66202
66202
66202
66201
66201
66201
66201
66200
66200
66200
66200
66199
66199
66199
66199
66198
66198
66198
66198
66197
66197
66197
66197
66196
66196
66196
66196
66195
66195
66195
66195
66195
66194
66194
66194
66194
66193
66193
66193
66193
66192
66192
66192
66192
66191
66191
66191
66191
66190
66190
66190
66190
66190
66189
66189
66189
66189
66188
66188
66188
66188
66187
66187
66187
66187
66186
66186
66183
66182
66180
66178
66175
66174
66173
66172
66172
66172
66171
66171
66171
66171
66170
66170
66170
66170
66169
66169
66169
66169
66168
66168
66168
66168
66167
66166
66166
66165
66165
66165
66165
66164
66164
66164
66164
66164
66163
66163
66163
66163
66162
66162
66162
66162
66161
66161
66161
66161
66159
66159
66159
66158
66158
66158
66158
66157
66157
66157
66157
66156
66156
66156
66156
66155
66155
66155
66155
66154
66154
66152
66152
66149
66149
66149
66148
66148
66148
66148
66147
66147
66147
66147
66146
66146
66146
66146
66146
66145
66145
66145
66145
66144
66143
66143
66141
66141
66141
66140
66140
66140
66140
66140
66139
66139
66139
66139
66138
66138
66138
66138
66137
66137
66137
66137
66136
66136
66136
66136
66135
66135
66135
66135
66134
66134
66134
66134
66133
66133
66133
66133
66132
66132
66132
66132
66131
66131
66131
66131
66130
66130
66130
66130
66130
66129
66129
66129
66129
66128
66128
66128
66128
66127
66127
66127
66127
66126
66126
66126
66126
66125
66125
66125
66125
66125
66124
66124
66124
66124
66123
66123
66123
66123
66122
66122
66122
66122
66121
66121
66121
66121
66120
66120
66120
66120
66119
66119
66119
66119
66119
66118
66115
66113
66111
66108
66107
66106
66105
66105
66105
66105
66104
66104
66104
66104
66103
66103
66103
66102
66102
66102
66102
66100
66100
66100
66099
66099
66099
66099
66098
66098
66098
66098
66097
66097
66097
66097
66096
66096
66096
66096
66096
66095
66095
66095
66093
66093
66093
66093
66092
66092
66092
66092
66091
66091
66091
66091
66090
66090
66090
66090
66089
66089
66089
66089
66086
66085
66084
66083
66083
66082
66082
66082
66082
66081
66081
66081
66081
66080
66080
66080
66080
66079
66079
66079
66079
66078
66078
66078
66076
66076
66075
66074
66074
66074
66074
66073
66073
66073
66073
66072
66072
66072
66072
66071
66071
66071
66071
66071
66070
66070
66070
66070
66069
66069
66069
66069
66068
66068
66068
66068
66067
66067
66067
66067
66066
66066
66066
66066
66066
66065
66065
66065
66065
66064
66064
66064
66064
66063
66063
66063
66063
66062
66062
66062
66062
66061
66061
66061
66061
66061
66060
66060
66060
66060
66059
66059
66059
66059
66058
66058
66058
66058
66057
66057
66057
66057
66056
66056
66056
66056
66056
66055
66055
66055
66055
66054
66054
66054
66054
66053
66053
66053
66053
66052
66052
66052
66052
66051
66051
66051
66051
66050
66048
66046
66045
66043
66041
66040
66040
66039
66039
66039
66038
66038
66038
66038
66038
66036
66036
66036
66035
66035
66035
66035
66034
66034
66034
66034
66033
66033
66033
66033
66032
66032
66032
66032
66031
66031
66031
66031
66029
66029
66029
66029
66028
66028
66028
66028
66027
66027
66027
66027
66026
66026
66026
66026
66026
66024
66024
66024
66023
66022
66022
66020
66020
66020
66020
66019
66019
66019
66019
66018
66018
66018
66018
66018
66017
66017
66017
66017
66016
66016
66016
66016
66014
66014
66012
66012
66012
66012
66011
66011
66011
66011
66010
66010
66010
66010
66010
66009
66009
66008
66007
66007
66007
66007
66006
66006
66006
66006
66006
66005
66005
66005
66004
66004
66004
66004
66004
66003
66003
66003
66003
66002
66002
66002
66002
66001
66001
66001
65999
65999
65999
65999
65998
65998
65998
65998
65997
65997
65997
65997
65996
65996
65996
65996
65995
65995
65995
65995
65994
65994
65994
65994
65993
65993
65993
65993
65992
65992
65992
65992
65991
65991
65991
65991
65990
65990
65990
65990
65989
65989
65989
65989
65988
65988
65988
65988
65987
65987
65987
65987
65986
65986
65986
65984
65984
65984
65984
65983
65983
65983
65983
65982
65980
65978
65977
65976
65974
65973
65972
65972
65972
65970
65970
65970
65969
65969
65969
65969
65968
65968
65968
65968
65967
65967
65967
65967
65966
65966
65966
65966
65965
65965
65965
65965
65963
65963
65963
65962
65962
65962
65962
65961
65961
65961
65961
65960
65960
65960
65959
65958
65958
65958
65958
65957
65957
65956
65955
65954
65954
65954
65953
65953
65953
65953
65952
65952
65952
65952
65951
65951
65951
65951
65950
65950
65950
65950
65949
65949
65948
65947
65946
65946
65946
65945
65945
65945
65945
65944
65944
65944
65944
65943
65943
65943
65943
65941
65941
65941
65940
65940
65940
65940
65939
65939
65939
65939
65938
65938
65938
65938
65937
65937
65937
65937
65937
65936
65936
65936
65936
65935
65935
65935
65935
65934
65934
65934
65934
65933
65933
65933
65933
65932
65932
65932
65932
65931
65931
65931
65931
65931
65930
65930
65930
65930
65929
65929
65929
65929
65928
65928
65928
65928
65927
65927
65927
65927
65926
65926
65926
65926
65925
65925
65925
65925
65924
65924
65924
65924
65923
65923
65923
65923
65922
65922
65922
65922
65920
65920
65920
65920
65919
65919
65919
65919
65918
65918
65918
65918
65917
65917
65917
65917
65916
65916
65913
65908
65906
65903
65900
65898
65898
65723
65722
65721
65721
65721
65720
65720
65720
65719
65719
65719
65719
65719
65718
65718
65718
65718
65717
65717
65714
65714
65714
65714
65713
65713
65713
65713
65712
65712
65712
65709
65708
65708
65708
65708
65707
65707
65707
65706
65706
65705
65705
65703
65702
65702
65702
65702
65702
65701
65701
65701
65701
65700
65700
65700
65700
65699
65699
65699
65699
65698
65698
65698
65697
65696
65695
65694
65694
65694
65694
65694
65693
65693
65693
65693
65692
65692
65692
65692
65691
65690
65689
65689
65689
65689
65688
65688
65688
65688
65687
65687
65687
65687
65687
65686
65686
65686
65686
65685
65685
65685
65685
65684
65684
65684
65684
65683
65683
65683
65683
65682
65682
65682
65682
65682
65681
65681
65681
65681
65680
65680
65680
65680
65679
65679
65679
65679
65678
65678
65678
65678
65677
65677
65677
65677
65676
65676
65676
65676
65675
65675
65675
65675
65675
65674
65674
65674
65674
65673
65673
65673
65673
65672
65672
65672
65672
65671
65671
65669
65669
65669
65669
65668
65668
65668
65668
65667
65667
65667
65667
65666
65666
65666
65666
65666
65665
65665
65665
65665
65664
65664
65664
65664
65663
65663
65660
65658
65657
65655
65654
65652
65652
65652
65652
65651
65651
65651
65650
65650
65650
65650
65649
65649
65649
65649
65647
65647
65647
65647
65646
65646
65646
65646
65644
65644
65644
65643
65643
65643
65643
65643
65642
65642
65642
65642
65641
65640
65640
65638
65638
65638
65638
65637
65637
65637
65637
65636
65636
65636
65636
65635
65635
65635
65635
65634
65634
65634
65634
65633
65631
65630
65629
65629
65628
65628
65628
65628
65627
65627
65627
65627
65626
65626
65626
65626
65626
65624
65624
65624
65623
65623
65623
65623
65622
65622
65622
65622
65621
65621
65621
65621
65620
65620
65620
65620
65619
65619
65619
65619
65617
65617
65617
65617
65616
65616
65616
65616
65615
65615
65615
65615
65614
65614
65614
65614
65613
65613
65613
65613
65612
65612
65612
65612
65612
65611
65611
65611
65611
65610
65610
65610
65610
65609
65609
65609
65609
65608
65608
65608
65608
65607
65607
65607
65607
65606
65606
65605
65605
65605
65602
65602
65600
65599
65599
65599
65598
65598
65597
65597
65596
65596
65596
65595
65595
65595
65484
65483
65483
65483
65482
65482
65482
65481
65481
65480
65480
65480
65479
65479
65479
65479
65478
65478
65478
65478
65477
65477
65474
65473
65471
65470
65468
65467
65466
65466
65466
65466
65465
65465
65465
65465
65463
65463
65463
65463
65462
65461
65461
65460
65460
65460
65460
65459
65459
65459
65459
65458
65458
65458
65458
65458
65457
65456
65455
65454
65454
65453
65453
65453
65453
65452
65452
65452
65452
65452
65451
65451
65451
65451
65450
65450
65450
65450
65449
65449
65448
65447
65446
65445
65445
65444
65444
65443
65443
65443
65443
65443
65442
65442
65442
65442
65441
65440
65440
65439
65439
65439
65439
65438
65438
65438
65438
65437
65437
65437
65437
65436
65436
65436
65436
65435
65435
65435
65435
65434
65433
65433
65432
65432
65432
65432
65431
65431
65431
65431
65430
65430
65430
65430
65429
65429
65429
65429
65429
65428
65428
65428
65428
65427
65427
65427
65427
65426
65426
65426
65424
65424
65424
65423
65423
65423
65423
65422
65422
65422
65422
65421
65421
65421
65421
65421
65420
65420
65420
65417
65417
65416
65416
65416
65416
65415
65415
65415
65415
65414
65414
65414
65414
65413
65413
65413
65413
65412
65412
65412
65412
65411
65411
65411
65411
65410
65410
65410
65410
65409
65409
65409
65409
65409
65408
65408
65408
65408
65407
65407
65407
65407
65406
65406
65403
65401
65400
65398
65397
65395
65395
65394
65393
65393
65391
65391
65391
65391
65390
65390
65390
65390
65389
65389
65389
65389
65389
65388
65388
65388
65388
65387
65387
65386
65385
65384
65384
65383
65383
65383
65383
65382
65382
65382
65382
65381
65381
65381
65381
65380
65380
65380
65380
65380
65379
65379
65378
65377
65376
65376
65376
65375
65375
65375
65375
65374
65374
65374
65374
65373
65373
65373
65373
65371
65371
65371
65371
65370
65370
65370
65370
65369
65369
65369
65369
65368
65368
65368
65368
65367
65367
65367
65367
65366
65366
65366
65364
65364
65364
65363
65363
65363
65363
65362
65362
65362
65362
65361
65361
65361
65361
65360
65360
65360
65360
65360
65359
65359
65359
65359
65358
65358
65358
65358
65357
65357
65357
65357
65356
65356
65356
65356
65355
65355
65355
65355
65355
65354
65354
65354
65354
65353
65352
65351
65351
65351
65351
65350
65350
65350
65350
65350
65349
65349
65349
65349
65348
65348
65348
65348
65347
65347
65347
65347
65346
65346
65346
65346
65345
65345
65345
65345
65344
65344
65344
65344
65344
65343
65343
65343
65343
65342
65342
65342
65342
65341
65341
65341
65341
65340
65340
65340
65340
65339
65339
65339
65336
65335
65332
65331
65329
65328
65328
65328
65327
65327
65327
65327
65326
65326
65325
65325
65325
65325
65325
65324
65324
65324
65324
65322
65322
65320
65320
65320
65320
65319
65319
65319
65319
65318
65318
65318
65318
65317
65317
65317
65317
65317
65316
65316
65316
65316
65314
65314
65312
65312
65312
65312
65311
65311
65311
65311
65310
65310
65310
65310
65309
65309
65309
65307
65307
65306
65306
65306
65305
65305
65305
65305
65304
65304
65304
65304
65304
65303
65303
65303
65303
65302
65302
65302
65302
65301
65300
65300
65299
65299
65299
65299
65298
65298
65298
65298
65297
65297
65297
65297
65296
65296
65296
65296
65296
65295
65295
65293
65293
65293
65293
65292
65292
65292
65292
65292
65291
65291
65291
65291
65290
65290
65290
65290
65289
65289
65289
65289
65288
65286
65285
65285
65285
65285
65284
65284
65284
65284
65283
65283
65283
65283
65282
65282
65282
65282
65282
65281
65281
65281
65281
65280
65280
65280
65280
65279
65279
65279
65279
65278
65278
65278
65278
65277
65277
65277
65277
65276
65276
65276
65276
65275
65275
65275
65275
65275
65274
65274
65274
65274
65273
65273
65273
65273
65272
65272
65272
65272
65271
65271
65271
65271
65269
65267
65266
65264
65250
65248
65248
65248
65248
65247
65247
65247
65247
65246
65246
65246
65246
65244
65244
65242
65242
65242
65242
65241
65241
65241
65241
65240
65240
65240
65240
65239
65239
65239
65239
65238
65238
65238
65238
65238
65236
65236
65234
65234
65234
65234
65233
65233
65233
65233
65232
65232
65232
65232
65231
65231
65231
65229
65229
65229
65229
65228
65228
65228
65226
65226
65226
65225
65225
65225
65225
65224
65224
65224
65224
65223
65223
65223
65223
65222
65221
65221
65220
65220
65220
65220
65219
65219
65219
65219
65218
65218
65218
65218
65217
65217
65217
65217
65216
65216
65216
65214
65214
65213
65212
65212
65212
65212
65211
65211
65211
65211
65210
65210
65210
65210
65209
65209
65209
65209
65207
65207
65207
65207
65206
65206
65206
65206
65205
65205
65205
65205
65204
65204
65204
65204
65203
65203
65203
65203
65202
65202
65202
65202
65201
65201
65201
65201
65200
65200
65200
65200
65199
65199
65199
65199
65198
65198
65198
65198
65197
65197
65197
65197
65196
65196
65196
65196
65196
65195
65195
65195
65195
65194
65194
65194
65194
65193
65193
65193
65193
65192
65192
65192
65192
65191
65191
65191
65191
65190
65190
65190
65189
65187
65186
65184
65183
65181
65181
65181
65180
65180
65180
65178
65178
65177
65177
65176
65176
65176
65176
65175
65175
65175
65175
65174
65174
65174
65174
65173
65173
65173
65173
65173
65172
65172
65171
65170
65169
65169
65169
65168
65168
65168
65168
65167
65167
65167
65167
65166
65166
65166
65166
65164
65164
65164
65164
65163
65163
65163
65162
65162
65162
65162
65161
65161
65161
65161
65160
65160
65160
65160
65159
65159
65159
65159
65157
65157
65157
65157
65156
65156
65156
65156
65155
65155
65155
65155
65154
65154
65154
65154
65153
65153
65153
65153
65152
65151
65151
65149
65149
65149
65149
65148
65148
65148
65148
65147
65147
65147
65147
65146
65146
65144
65143
65143
65143
65142
65142
65142
65142
65141
65141
65141
65141
65140
65140
65140
65140
65140
65138
65138
65138
65137
65137
65137
65137
65136
65136
65136
65136
65135
65135
65135
65135
65134
65134
65134
65134
65133
65133
65133
65133
65132
65132
65132
65132
65132
65131
65131
65131
65131
65130
65130
65130
65130
65129
65129
65129
65129
65128
65128
65128
65128
65127
65127
65127
65127
65126
65126
65126
65126
65125
65125
65125
65125
65124
65124
65124
65124
65123
65123
65123
65123
65121
65120
65118
65116
65114
65112
65111
65110
65110
65109
65109
65109
65108
65108
65108
65108
65107
65107
65107
65107
65106
65106
65106
65106
65105
65105
65105
65105
65103
65103
65102
65101
65101
65101
65101
65100
65100
65100
65100
65099
65099
65099
65099
65098
65098
65097
65096
65096
65096
65096
65095
65095
65095
65095
65094
65094
65094
65094
65093
65093
65093
65093
65092
65092
65092
65091
65091
65091
65089
65089
65089
65089
65088
65088
65088
65088
65087
65087
65087
65087
65086
65086
65086
65086
65085
65085
65085
65085
65085
65083
65083
65081
65081
65081
65080
65080
65080
65080
65079
65079
65079
65079
65077
65077
65077
65077
65076
65076
65076
65076
65075
65075
65075
65075
65074
65074
65074
65074
65073
65073
65073
65073
65072
65072
65072
65072
65071
65071
65071
65071
65071
65070
65070
65070
65069
65069
65069
65069
65069
65068
65068
65068
65068
65067
65067
65067
65067
65066
65066
65066
65066
65065
65065
65065
65065
65064
65064
65064
65064
65063
65063
65063
65063
65062
65062
65062
65062
65061
65061
65061
65061
65060
65060
65060
65060
65059
65059
65059
65059
65058
65058
65058
65058
65058
65057
65057
65057
65057
65056
65056
65056
65056
65053
65050
65049
65047
65046
65044
65044
65043
65043
65043
65042
65042
65042
65042
65041
65041
65041
65041
65040
65040
65040
65040
65038
65038
65036
65036
65036
65036
65035
65035
65035
65035
65034
65034
65034
65034
65033
65033
65033
65032
65031
65031
65031
65031
65030
65030
65030
65030
65029
65029
65029
65029
65028
65028
65028
65028
65027
65027
65027
65027
65026
65026
65025
65024
65024
65024
65024
65023
65023
65023
65023
65022
65022
65022
65022
65021
65021
65021
65021
65020
65020
65020
65020
65018
65018
65016
65016
65016
65016
65015
65015
65015
65015
65012
65012
65011
65011
65011
65010
65010
65010
65009
65009
65009
65009
65009
65007
65007
65006
65006
65006
65006
65005
65005
65005
65005
65004
65004
65004
65004
65003
65003
65003
65003
65002
65002
65002
65002
65001
65001
65001
65001
65001
65000
65000
65000
65000
64999
64999
64999
64999
64998
64998
64998
64998
64997
64997
64997
64997
64996
64996
64996
64996
64995
64995
64995
64995
64994
64994
64994
64994
64993
64993
64993
64993
64992
64992
64992
64992
64991
64991
64991
64961
64960
64960
64960
64959
64959
64959
64958
64958
64958
64957
64956
64956
64956
64955
64955
64954
64954
64954
64953
64951
64949
64947
64945
64942
64940
64940
64939
64939
64939
64939
64938
64938
64938
64938
64937
64936
64936
64934
64934
64934
64934
64933
64933
64933
64933
64932
64932
64932
64932
64931
64931
64931
64929
64929
64929
64928
64928
64928
64928
64928
64927
64927
64927
64927
64926
64926
64926
64926
64925
64925
64925
64925
64924
64924
64924
64923
64922
64922
64922
64922
64921
64921
64921
64919
64918
64918
64918
64915
64915
64914
64914
64914
64913
64913
64913
64912
64909
64909
64907
64907
64858
64858
64858
64856
64856
64855
64855
64855
64854
64854
64854
64854
64853
64853
64853
64853
64852
64852
64852
64851
64850
64849
64849
64848
64848
64848
64848
64847
64847
64847
64847
64846
64846
64846
64846
64845
64845
64845
64845
64844
64844
64844
64844
64844
64843
64843
64843
64843
64842
64842
64842
64842
64841
64841
64841
64841
64840
64840
64840
64840
64839
64839
64839
64839
64838
64838
64838
64838
64838
64837
64837
64837
64837
64836
64836
64836
64836
64835
64835
64835
64834
64834
64834
64834
64833
64833
64833
64833
64832
64832
64832
64832
64831
64831
64831
64831
64830
64830
64830
64830
64829
64829
64829
64829
64828
64828
64828
64828
64827
64827
64827
64825
64824
64822
64821
64820
64818
64818
64817
64817
64817
64815
64815
64814
64813
64813
64813
64813
64812
64812
64812
64812
64811
64811
64811
64811
64810
64810
64809
64808
64808
64808
64808
64807
64807
64807
64807
64806
64806
64806
64806
64805
64805
64805
64805
64804
64804
64804
64804
64804
64803
64802
64802
64801
64801
64801
64801
64800
64800
64800
64800
64799
64799
64799
64799
64798
64798
64798
64798
64797
64797
64797
64795
64795
64794
64794
64792
64792
64792
64791
64791
64791
64791
64790
64790
64790
64790
64790
64789
64789
64789
64789
64788
64788
64788
64785
64785
64783
64783
64783
64782
64782
64782
64782
64781
64781
64781
64781
64780
64780
64780
64780
64779
64779
64779
64779
64779
64778
64778
64778
64778
64777
64777
64777
64777
64776
64776
64776
64776
64774
64774
64774
64773
64773
64773
64773
64772
64772
64772
64772
64771
64771
64771
64771
64770
64770
64770
64770
64769
64769
64769
64769
64768
64768
64768
64768
64767
64767
64767
64767
64767
64766
64766
64766
64766
64765
64765
64765
64765
64764
64764
64764
64764
64763
64763
64763
64763
64762
64762
64762
64762
64761
64761
64761
64761
64761
64760
64760
64760
64760
64759
64759
64759
64757
64756
64754
64753
64751
64749
64748
64747
64747
64747
64746
64746
64746
64745
64745
64745
64745
64744
64744
64744
64744
64742
64742
64742
64741
64741
64741
64741
64740
64740
64740
64740
64740
64739
64739
64739
64739
64738
64738
64738
64738
64737
64737
64737
64735
64735
64735
64735
64734
64734
64734
64734
64733
64733
64733
64733
64733
64732
64732
64732
64732
64731
64731
64731
64731
64729
64726
64725
64724
64724
64724
64724
64723
64723
64723
64723
64722
64722
64722
64722
64721
64721
64721
64721
64721
64720
64720
64720
64718
64718
64716
64716
64716
64716
64715
64715
64715
64715
64714
64714
64714
64714
64713
64713
64713
64713
64712
64712
64712
64712
64712
64711
64711
64711
64711
64710
64710
64710
64710
64709
64709
64709
64709
64708
64708
64708
64708
64707
64707
64707
64707
64706
64706
64706
64706
64706
64705
64705
64705
64705
64704
64704
64704
64704
64703
64703
64703
64703
64702
64702
64702
64702
64701
64701
64701
64701
64701
64700
64700
64700
64700
64699
64699
64699
64699
64698
64698
64698
64698
64697
64697
64697
64697
64696
64696
64696
64696
64695
64695
64695
64695
64694
64694
64694
64694
64694
64693
64693
64693
64693
64692
64692
64688
64687
64685
64684
64683
64681
64681
64681
64680
64680
64680
64679
64679
64679
64679
64677
64677
64677
64676
64676
64676
64676
64675
64675
64675
64675
64674
64674
64674
64674
64673
64673
64673
64673
64673
64672
64672
64672
64670
64670
64670
64670
64669
64669
64669
64669
64668
64668
64668
64668
64668
64667
64667
64667
64667
64666
64666
64665
64664
64663
64663
64661
64661
64661
64661
64660
64660
64660
64660
64659
64659
64659
64659
64658
64658
64658
64658
64657
64657
64657
64657
64656
64654
64653
64652
64651
64651
64651
64651
64650
64650
64650
64650
64650
64649
64649
64649
64649
64648
64648
64648
64648
64647
64647
64647
64645
64645
64645
64645
64644
64644
64644
64644
64643
64643
64643
64643
64642
64642
64642
64642
64641
64641
64641
64641
64640
64640
64640
64640
64639
64639
64639
64639
64638
64638
64638
64638
64638
64637
64637
64637
64637
64636
64636
64636
64636
64635
64635
64635
64635
64634
64634
64634
64634
64633
64633
64633
64633
64633
64632
64632
64632
64632
64631
64631
64631
64631
64630
64630
64630
64630
64629
64629
64629
64629
64628
64628
64628
64628
64627
64627
64627
64627
64626
64626
64625
64624
64624
64624
64624
64623
64623
64622
64620
64619
64617
64616
64615
64614
64614
64614
64613
64612
64612
64612
64612
64611
64611
64611
64611
64610
64610
64610
64610
64609
64609
64609
64609
64608
64608
64608
64608
64608
64607
64606
64606
64605
64605
64605
64605
64604
64604
64604
64604
64603
64603
64603
64603
64602
64602
64601
64601
64600
64600
64600
64598
64598
64597
64597
64596
64596
64596
64596
64595
64595
64595
64566
64565
64565
64565
64564
64564
64564
64563
64563
64563
64562
64562
64560
64559
64558
64557
64557
64557
64557
64556
64556
64556
64555
64555
64555
64554
64554
64554
64553
64553
64553
64553
64552
64552
64552
64550
64550
64549
64549
64549
64549
64548
64548
64548
64547
64547
64547
64547
64546
64546
64546
64545
64545
64545
64544
64544
64544
64544
64543
64543
64543
64542
64542
64542
64541
64541
64541
64541
64540
64540
64540
64540
64539
64539
64539
64539
64538
64538
64538
64538
64538
64537
64537
64537
64537
64536
64536
64536
64536
64535
64535
64535
64535
64534
64534
64534
64534
64533
64533
64533
64533
64532
64532
64532
64532
64531
64531
64531
64531
64530
64530
64530
64528
64528
64528
64528
64528
64527
64527
64527
64527
64526
64526
64526
64526
64525
64525
64525
64522
64520
64519
64516
64515
64513
64513
64513
64513
64512
64512
64512
64511
64511
64511
64511
64510
64510
64510
64510
64509
64509
64509
64509
64509
64508
64507
64507
64506
64506
64506
64506
64505
64505
64505
64504
64504
64504
64504
64502
64502
64502
64502
64501
64501
64501
64501
64499
64499
64498
64497
64497
64497
64497
64496
64496
64496
64495
64495
64495
64495
64494
64494
64494
64494
64493
64493
64493
64493
64492
64490
64490
64488
64488
64488
64487
64487
64487
64487
64486
64486
64486
64486
64485
64485
64485
64485
64484
64484
64484
64484
64483
64483
64482
64481
64481
64481
64481
64480
64480
64480
64480
64479
64479
64479
64479
64478
64478
64478
64478
64478
64477
64477
64477
64477
64476
64476
64476
64476
64475
64475
64475
64475
64474
64474
64474
64474
64473
64472
64472
64471
64471
64471
64471
64470
64470
64470
64470
64469
64469
64469
64469
64468
64468
64468
64468
64468
64467
64467
64467
64467
64466
64466
64466
64466
64465
64465
64465
64465
64464
64464
64464
64464
64463
64463
64463
64463
64461
64461
64461
64461
64460
64460
64460
64460
64459
64459
64459
64459
64458
64458
64458
64458
64457
64457
64457
64457
64457
64456
64456
64456
64456
64454
64453
64451
64449
64447
64446
64445
64445
64445
64444
64444
64444
64444
64443
64443
64443
64443
64443
64442
64442
64441
64440
64440
64440
64440
64439
64439
64439
64439
64438
64437
64437
64437
64436
64436
64435
64435
64435
64435
64435
64434
64433
64433
64431
64431
64431
64431
64430
64430
64429
64429
64429
64428
64428
64426
64425
64425
64425
64424
64424
64424
64423
64422
64422
64420
64419
64417
64417
64416
64416
64416
64415
64415
64415
64415
64414
64414
64414
64413
64413
64413
64412
64412
64412
64411
64411
64411
64408
64408
64408
64407
64407
64407
64406
64405
64405
64405
64404
64404
64404
64403
64403
64403
64402
64402
64402
64401
64401
64400
64400
64400
64400
64399
64399
64398
64398
64398
64397
64397
64397
64396
64396
64395
64395
64395
64395
64394
64394
64394
64393
64393
64393
64392
64392
64392
64392
64391
64391
64391
64390
64390
64390
64390
64389
64389
64389
64388
64388
64388
64387
64387
64387
64386
64386
64386
64385
64385
64385
64383
64382
64382
64382
64382
64381
64381
64381
64380
64380
64380
64379
64379
64379
64379
64378
64378
64378
64377
64377
64376
64376
64376
64375
64375
64375
64374
64374
64373
64373
64373
64372
64372
64372
64368
64366
64362
64361
64359
64358
64358
64357
64357
64357
64356
64356
64355
64355
64354
64353
64353
64353
64353
64352
64352
64351
64350
64350
64350
64350
64349
64349
64349
64349
64348
64348
64348
64348
64347
64346
64345
64344
64344
64344
64343
64343
64343
64343
64342
64342
64342
64342
64341
64341
64341
64341
64340
64340
64340
64340
64339
64339
64336
64336
64335
64334
64334
64334
64334
64333
64333
64333
64332
64332
64332
64332
64331
64331
64331
64331
64330
64330
64330
64330
64329
64328
64328
64327
64327
64327
64327
64326
64326
64326
64326
64325
64325
64325
64325
64325
64324
64324
64322
64322
64322
64322
64321
64321
64321
64321
64320
64320
64320
64320
64319
64319
64319
64319
64318
64318
64318
64318
64318
64317
64317
64317
64317
64316
64316
64316
64316
64315
64315
64315
64315
64314
64314
64314
64314
64313
64313
64313
64313
64312
64312
64312
64312
64312
64311
64311
64311
64311
64310
64309
64309
64308
64308
64308
64308
64307
64307
64306
64306
64306
64306
64306
64305
64305
64305
64305
64304
64304
64304
64304
64303
64303
64303
64303
64302
64302
64302
64302
64301
64301
64301
64301
64301
64300
64300
64300
64300
64299
64299
64299
64299
64298
64297
64295
64294
64292
64291
64289
64289
64289
64287
64287
64287
64286
64285
64285
64285
64284
64284
64284
64284
64283
64283
64283
64282
64282
64282
64282
64281
64281
64281
64279
64279
64278
64278
64277
64277
64277
64276
64276
64276
64276
64275
64275
64275
64275
64275
64274
64274
64274
64274
64273
64273
64273
64271
64271
64270
64269
64269
64269
64269
64268
64268
64268
64268
64268
64266
64266
64266
64265
64265
64265
64265
64264
64264
64264
64264
64262
64262
64262
64262
64261
64261
64261
64261
64260
64260
64260
64260
64259
64259
64259
64259
64258
64257
64257
64256
64256
64256
64256
64255
64255
64255
64255
64254
64254
64254
64254
64253
64253
64253
64253
64252
64252
64252
64252
64251
64251
64251
64251
64251
64250
64250
64250
64250
64249
64249
64249
64249
64248
64248
64248
64248
64247
64247
64247
64247
64246
64246
64246
64246
64245
64244
64244
64243
64243
64243
64242
64242
64242
64242
64242
64241
64241
64241
64241
64240
64240
64240
64240
64239
64239
64239
64239
64238
64238
64238
64238
64237
64237
64237
64237
64237
64236
64236
64236
64236
64235
64235
64235
64235
64234
64234
64234
64234
64233
64233
64233
64233
64232
64232
64232
64232
64231
64230
64228
64226
64225
64222
64221
64221
64220
64220
64220
64220
64219
64219
64219
64219
64218
64218
64218
64218
64218
64217
64217
64217
64215
64215
64214
64214
64213
64213
64213
64212
64212
64212
64212
64211
64211
64211
64211
64210
64210
64210
64210
64209
64209
64209
64209
64207
64207
64205
64205
64204
64204
64204
64204
64203
64203
64203
64203
64202
64202
64202
64202
64201
64201
64201
64201
64200
64200
64200
64199
64198
64198
64198
64198
64197
64197
64197
64197
64196
64196
64196
64196
64195
64195
64195
64195
64193
64193
64193
64192
64192
64192
64192
64191
64191
64191
64191
64190
64190
64190
64190
64189
64189
64189
64189
64188
64188
64187
64187
64186
64186
64186
64186
64185
64185
64185
64185
64184
64184
64184
64184
64183
64183
64183
64183
64183
64182
64182
64181
64180
64180
64179
64178
64178
64178
64178
64177
64177
64177
64177
64176
64176
64176
64176
64175
64175
64175
64175
64174
64174
64174
64174
64173
64173
64173
64173
64172
64172
64172
64172
64171
64171
64171
64171
64170
64170
64170
64170
64169
64169
64169
64169
64169
64168
64168
64168
64168
64167
64167
64167
64167
64166
64166
64166
64166
64165
64165
64165
64165
64164
64164
64164
64162
64161
64160
64158
64156
64155
64154
64154
64153
64153
64153
64153
64152
64152
64152
64151
64151
64149
64149
64147
64147
64147
64147
64146
64146
64145
64145
64145
64145
64144
64144
64144
64144
64143
64143
64143
64143
64142
64142
64142
64141
64140
64139
64138
64138
64138
64138
64137
64137
64137
64137
64136
64136
64136
64136
64136
64135
64135
64135
64135
64134
64134
64134
64132
64132
64132
64132
64131
64131
64131
64131
64130
64130
64130
64130
64129
64129
64129
64129
64128
64127
64127
64126
64126
64126
64126
64125
64125
64125
64125
64124
64124
64124
64124
64123
64123
64123
64123
64122
64122
64122
64120
64120
64119
64119
64118
64118
64118
64118
64117
64117
64117
64117
64116
64116
64116
64116
64115
64115
64115
64115
64115
64113
64113
64113
64112
64112
64112
64112
64111
64111
64111
64111
64110
64110
64110
64110
64109
64109
64109
64109
64108
64108
64108
64108
64107
64107
64107
64107
64107
64106
64106
64106
64106
64105
64105
64105
64105
64104
64104
64104
64104
64103
64103
64103
64103
64102
64102
64102
64102
64101
64101
64101
64101
64101
64100
64100
64100
64100
64099
64099
64099
64099
64098
64098
64098
64098
64097
64097
64097
64097
64096
64093
64092
64090
64089
64088
64086
64085
64085
64085
64085
64084
64083
64083
64081
64081
64081
64080
64080
64080
64080
64079
64079
64079
64079
64078
64078
64078
64078
64077
64077
64077
64077
64077
64076
64075
64075
64072
64072
64072
64072
64071
64071
64071
64071
64070
64070
64070
64070
64069
64069
64069
64069
64068
64068
64068
64068
64068
64066
64066
64066
64065
64065
64065
64065
64064
64064
64064
64064
64063
64063
64063
64063
64062
64062
64061
64060
64060
64060
64060
64059
64059
64059
64059
64058
64058
64058
64058
64058
64057
64057
64057
64057
64056
64056
64056
64054
64054
64053
64052
64052
64052
64052
64051
64051
64051
64051
64050
64050
64050
64050
64050
64049
64049
64048
64047
64047
64047
64047
64046
64046
64046
64046
64045
64045
64045
64045
64044
64044
64044
64044
64043
64043
64043
64043
64042
64042
64042
64042
64041
64041
64041
64041
64041
64040
64040
64040
64040
64039
64039
64039
64038
64038
64037
64037
64034
64034
64033
64033
64033
64032
64032
64032
64031
64031
64031
64030
64030
64030
64029
64029
64029
64029
64028
64028
64027
64027
64027
64026
64026
64026
64025
64025
64025
64024
64023
64023
63969
63969
63969
63968
63968
63968
63966
63964
63962
63961
63960
63957
63957
63956
63955
63955
63955
63954
63954
63954
63954
63953
63953
63953
63953
63952
63952
63952
63952
63951
63951
63951
63951
63950
63949
63949
63947
63947
63947
63946
63946
63946
63946
63945
63945
63945
63945
63944
63944
63944
63944
63944
63943
63943
63943
63943
63942
63941
63941
63940
63940
63940
63940
63939
63939
63939
63939
63938
63938
63938
63936
63936
63936
63936
63934
63934
63934
63933
63933
63933
63933
63932
63932
63932
63932
63931
63931
63931
63931
63930
63930
63930
63930
63929
63929
63928
63927
63926
63926
63926
63925
63925
63925
63924
63924
63924
63924
63923
63923
63923
63922
63921
63921
63921
63921
63920
63920
63920
63920
63919
63919
63919
63919
63918
63918
63918
63918
63917
63917
63917
63917
63916
63916
63916
63916
63915
63915
63915
63915
63915
63914
63914
63914
63914
63913
63913
63913
63913
63912
63912
63912
63912
63911
63911
63911
63911
63910
63910
63910
63910
63909
63909
63909
63909
63908
63908
63908
63908
63907
63907
63907
63907
63907
63906
63906
63906
63906
63905
63905
63905
63905
63904
63904
63904
63904
63903
63903
63903
63903
63902
63902
63902
63902
63901
63901
63901
63901
63901
63899
63897
63895
63894
63892
63891
63891
63891
63890
63890
63890
63889
63889
63889
63889
63888
63888
63888
63888
63887
63887
63887
63886
63885
63884
63884
63884
63883
63883
63883
63883
63882
63882
63882
63882
63881
63881
63881
63881
63880
63880
63880
63880
63879
63879
63876
63876
63876
63876
63875
63875
63875
63875
63874
63874
63874
63874
63873
63873
63873
63873
63873
63871
63871
63871
63870
63870
63870
63870
63869
63869
63869
63869
63868
63868
63868
63868
63867
63867
63867
63867
63866
63866
63865
63864
63863
63863
63862
63862
63862
63862
63861
63861
63861
63861
63859
63859
63859
63859
63858
63858
63858
63858
63857
63857
63857
63855
63855
63855
63854
63854
63854
63854
63853
63853
63853
63853
63852
63852
63852
63852
63851
63851
63851
63851
63850
63850
63850
63848
63848
63848
63848
63847
63847
63847
63847
63846
63846
63846
63846
63845
63845
63845
63844
63844
63844
63844
63843
63843
63843
63843
63843
63842
63842
63842
63842
63841
63841
63841
63841
63840
63840
63840
63839
63839
63839
63839
63838
63838
63838
63838
63837
63837
63837
63837
63836
63836
63836
63836
63835
63835
63835
63835
63834
63834
63834
63834
63834
63833
63833
63833
63833
63829
63828
63826
63824
63822
63821
63820
63820
63820
63820
63819
63819
63819
63819
63818
63818
63817
63816
63815
63814
63814
63814
63814
63813
63813
63813
63813
63813
63812
63812
63812
63811
63811
63811
63811
63810
63810
63810
63810
63808
63808
63808
63808
63807
63807
63807
63807
63806
63806
63806
63806
63805
63805
63805
63805
63804
63803
63803
63803
63802
63802
63802
63801
63801
63801
63801
63800
63800
63800
63800
63800
63799
63799
63799
63799
63798
63798
63797
63796
63795
63795
63795
63794
63794
63794
63794
63792
63792
63792
63791
63791
63791
63791
63790
63790
63790
63790
63789
63789
63789
63787
63787
63786
63785
63785
63785
63785
63784
63784
63784
63784
63783
63783
63783
63783
63782
63782
63782
63782
63781
63781
63781
63781
63780
63780
63780
63780
63779
63779
63779
63779
63778
63778
63778
63778
63777
63777
63777
63777
63777
63776
63776
63776
63776
63775
63775
63775
63775
63774
63774
63774
63774
63773
63773
63773
63773
63772
63772
63772
63772
63771
63771
63771
63771
63770
63770
63770
63770
63769
63769
63769
63769
63769
63768
63768
63768
63768
63767
63767
63767
63767
63766
63766
63766
63766
63765
63765
63765
63765
63764
63764
63764
63761
63759
63758
63757
63755
63754
63753
63753
63753
63753
63751
63751
63749
63749
63749
63748
63748
63748
63748
63747
63747
63747
63747
63746
63746
63746
63746
63745
63745
63745
63745
63744
63744
63741
63741
63741
63741
63740
63740
63740
63740
63739
63739
63739
63739
63738
63738
63738
63738
63737
63736
63736
63735
63735
63735
63735
63735
63734
63734
63734
63734
63733
63733
63733
63733
63732
63732
63732
63732
63731
63731
63730
63729
63728
63728
63727
63727
63726
63725
63725
63725
63725
63725
63724
63724
63724
63724
63723
63723
63723
63723
63722
63722
63722
63720
63720
63718
63718
63718
63718
63717
63717
63717
63717
63716
63716
63716
63716
63715
63715
63715
63715
63714
63714
63714
63714
63713
63713
63713
63713
63712
63712
63712
63712
63711
63711
63711
63710
63710
63710
63710
63709
63709
63709
63709
63708
63708
63708
63708
63707
63707
63707
63707
63706
63706
63706
63706
63705
63705
63705
63705
63704
63704
63704
63704
63703
63703
63703
63703
63702
63702
63702
63702
63701
63701
63701
63701
63701
63700
63700
63700
63700
63699
63699
63699
63699
63698
63698
63698
63698
63697
63697
63697
63697
63696
63696
63696
63696
63695
63695
63695
63695
63693
63691
63689
63688
63685
63684
63682
63682
63682
63681
63681
63681
63681
63680
63680
63680
63680
63679
63679
63679
63679
63678
63678
63678
63678
63677
63677
63676
63676
63675
63675
63675
63674
63674
63674
63674
63673
63673
63673
63673
63672
63672
63672
63672
63670
63670
63670
63670
63669
63669
63669
63669
63668
63668
63668
63668
63667
63667
63667
63667
63666
63666
63666
63666
63664
63663
63662
63661
63660
63659
63659
63659
63659
63658
63658
63658
63658
63657
63657
63657
63657
63656
63656
63656
63656
63655
63655
63655
63653
63653
63652
63651
63651
63651
63651
63650
63650
63650
63650
63650
63649
63649
63649
63649
63648
63648
63648
63647
63647
63647
63647
63646
63646
63646
63646
63645
63645
63645
63645
63644
63644
63644
63644
63643
63643
63643
63643
63643
63642
63642
63642
63642
63641
63641
63641
63640
63640
63640
63640
63639
63639
63639
63639
63638
63638
63638
63638
63637
63637
63637
63637
63636
63636
63636
63636
63636
63635
63635
63635
63635
63634
63634
63634
63634
63633
63633
63633
63633
63632
63632
63632
63632
63631
63631
63631
63631
63630
63630
63630
63630
63629
63629
63629
63629
63628
63628
63628
63628
63627
63627
63627
63627
63624
63623
63621
63620
63619
63617
63617
63617
63616
63616
63616
63616
63615
63615
63615
63615
63614
63614
63614
63614
63613
63612
63612
63611
63611
63611
63611
63610
63610
63610
63610
63609
63609
63609
63609
63608
63608
63608
63606
63605
63605
63605
63604
63604
63604
63604
63603
63603
63603
63603
63603
63602
63602
63602
63602
63601
63601
63601
63601
63598
63598
63596
63596
63596
63596
63595
63595
63595
63595
63594
63594
63594
63594
63593
63593
63593
63593
63593
63592
63592
63592
63592
63590
63590
63589
63588
63588
63588
63587
63587
63587
63587
63586
63586
63586
63586
63585
63585
63585
63585
63584
63584
63584
63563
63563
63560
63560
63560
63560
63559
63559
63559
63558
63558
63558
63557
63557
63557
63557
63556
63556
63556
63555
63555
63555
63554
63554
63554
63552
63552
63551
63551
63551
63551
63550
63550
63550
63549
63549
63549
63548
63548
63548
63548
63547
63547
63547
63546
63546
63546
63546
63545
63545
63545
63545
63545
63544
63544
63544
63544
63543
63543
63543
63543
63542
63542
63542
63542
63541
63541
63541
63541
63540
63540
63540
63540
63539
63539
63539
63539
63538
63538
63538
63538
63538
63537
63537
63535
63535
63535
63535
63534
63533
63531
63530
63528
63527
63525
63525
63524
63524
63524
63524
63523
63523
63523
63523
63521
63521
63521
63521
63520
63520
63520
63520
63519
63519
63519
63519
63518
63518
63518
63518
63517
63516
63516
63516
63515
63515
63515
63515
63514
63514
63514
63514
63513
63513
63513
63513
63512
63512
63512
63511
63510
63510
63509
63508
63507
63507
63506
63506
63506
63506
63505
63505
63505
63505
63504
63504
63504
63504
63503
63503
63503
63503
63503
63502
63502
63501
63500
63499
63499
63498
63498
63498
63498
63497
63497
63497
63497
63496
63496
63496
63496
63495
63495
63495
63494
63494
63494
63494
63492
63492
63492
63491
63491
63491
63491
63491
63490
63490
63490
63490
63489
63489
63489
63489
63488
63488
63488
63488
63487
63487
63487
63487
63487
63486
63486
63486
63486
63485
63485
63485
63485
63484
63484
63484
63484
63483
63483
63483
63483
63483
63482
63482
63482
63482
63481
63481
63481
63481
63480
63480
63480
63480
63479
63479
63479
63479
63478
63478
63478
63478
63477
63477
63477
63477
63476
63476
63476
63476
63476
63475
63475
63475
63475
63474
63474
63474
63474
63472
63472
63472
63472
63471
63471
63471
63471
63470
63470
63470
63470
63469
63469
63466
63465
63464
63462
63461
63459
63459
63459
63459
63456
63455
63455
63455
63454
63454
63454
63454
63453
63453
63453
63453
63452
63452
63452
63452
63451
63450
63450
63450
63449
63449
63449
63448
63448
63448
63448
63447
63447
63447
63447
63446
63445
63445
63444
63444
63444
63444
63442
63442
63440
63440
63440
63440
63439
63439
63439
63439
63438
63438
63438
63438
63437
63437
63437
63437
63437
63436
63436
63436
63436
63434
63434
63433
63432
63432
63432
63432
63431
63431
63431
63431
63430
63430
63430
63430
63429
63429
63429
63429
63428
63428
63428
63428
63426
63426
63426
63426
63425
63425
63425
63425
63424
63424
63424
63424
63423
63423
63423
63423
63422
63422
63422
63422
63421
63421
63421
63421
63420
63420
63420
63420
63419
63419
63419
63419
63419
63418
63418
63418
63417
63417
63417
63417
63416
63416
63416
63416
63415
63415
63415
63415
63414
63414
63414
63414
63414
63413
63413
63413
63413
63412
63412
63412
63412
63411
63411
63411
63411
63410
63410
63410
63409
63409
63409
63409
63408
63408
63408
63408
63406
63406
63405
63405
63405
63405
63404
63404
63404
63404
63404
63403
63403
63403
63403
63402
63402
63402
63402
63401
63401
63401
63401
63399
63398
63397
63394
63393
63391
63390
63390
63390
63390
63389
63389
63389
63389
63388
63388
63388
63388
63387
63387
63386
63385
63385
63385
63385
63384
63384
63384
63384
63384
63383
63383
63382
63381
63381
63381
63381
63380
63380
63380
63380
63378
63378
63377
63376
63376
63376
63376
63375
63375
63375
63375
63374
63374
63374
63374
63373
63373
63373
63373
63372
63372
63372
63372
63369
63369
63367
63367
63367
63366
63366
63366
63366
63365
63365
63365
63364
63364
63364
63363
63363
63363
63363
63362
63362
63362
63362
63360
63360
63360
63359
63359
63359
63359
63359
63358
63358
63358
63358
63357
63357
63357
63357
63356
63356
63356
63355
63355
63355
63354
63354
63354
63354
63353
63353
63353
63353
63352
63352
63352
63352
63351
63351
63351
63351
63351
63350
63350
63350
63349
63349
63348
63348
63348
63347
63347
63347
63347
63346
63346
63346
63346
63346
63345
63345
63345
63345
63344
63344
63344
63344
63343
63343
63343
63343
63342
63342
63342
63342
63341
63340
63340
63339
63339
63339
63339
63338
63338
63338
63338
63337
63337
63337
63337
63336
63336
63336
63336
63335
63335
63335
63335
63335
63334
63334
63334
63334
63333
63333
63333
63332
63332
63330
63329
63327
63326
63325
63323
63323
63323
63322
63322
63322
63322
63321
63321
63319
63318
63318
63318
63318
63317
63317
63317
63317
63315
63315
63315
63314
63314
63313
63313
63313
63313
63313
63312
63312
63311
63310
63309
63308
63308
63308
63308
63307
63307
63307
63307
63307
63306
63306
63306
63306
63305
63305
63305
63305
63304
63304
63304
63302
63302
63301
63301
63300
63300
63300
63300
63299
63299
63299
63299
63298
63298
63298
63298
63297
63297
63297
63297
63296
63296
63296
63294
63294
63294
63293
63293
63293
63293
63292
63292
63292
63292
63292
63291
63291
63291
63291
63290
63290
63290
63290
63289
63289
63289
63287
63287
63287
63287
63286
63286
63286
63286
63285
63285
63285
63285
63284
63284
63284
63284
63283
63283
63283
63283
63283
63282
63282
63282
63280
63280
63279
63279
63279
63279
63278
63278
63278
63278
63277
63277
63277
63277
63276
63276
63276
63276
63275
63275
63275
63275
63274
63273
63272
63272
63272
63272
63271
63271
63271
63271
63271
63270
63270
63270
63269
63269
63269
63269
63268
63268
63268
63268
63268
63267
63267
63267
63267
63266
63266
63266
63266
63265
63265
63265
63265
63264
63264
63264
63264
63263
63263
63263
63261
63260
63259
63257
63256
63254
63254
63253
63252
63252
63251
63251
63251
63251
63249
63249
63249
63248
63248
63248
63248
63247
63247
63247
63247
63247
63246
63246
63246
63244
63244
63243
63243
63242
63242
63241
63241
63241
63241
63241
63240
63240
63240
63240
63239
63239
63239
63239
63238
63238
63238
63238
63236
63236
63235
63234
63234
63234
63234
63233
63233
63233
63233
63232
63232
63232
63231
63231
63231
63231
63230
63230
63230
63230
63230
63228
63228
63227
63227
63227
63227
63226
63226
63226
63226
63225
63225
63225
63225
63225
63224
63224
63224
63224
63223
63223
63223
63223
63221
63221
63221
63220
63220
63220
63220
63219
63219
63219
63219
63219
63218
63218
63218
63218
63217
63217
63217
63217
63216
63216
63216
63216
63215
63215
63215
63215
63215
63214
63214
63214
63214
63213
63213
63213
63213
63212
63212
63212
63212
63211
63211
63211
63209
63209
63209
63209
63208
63208
63208
63208
63207
63207
63207
63207
63206
63206
63206
63206
63206
63205
63205
63205
63204
63204
63204
63203
63203
63203
63203
63202
63202
63202
63202
63202
63201
63201
63201
63201
63200
63200
63200
63200
63199
63199
63199
63199
63198
63198
63198
63198
63197
63197
63194
63193
63190
63188
63186
63184
63183
63183
63183
63182
63182
63182
63182
63181
63181
63181
63181
63180
63180
63180
63180
63180
63179
63178
63178
63176
63176
63176
63176
63175
63175
63175
63175
63174
63174
63174
63174
63173
63173
63173
63173
63172
63172
63172
63172
63171
63170
63170
63168
63168
63168
63168
63167
63167
63167
63167
63166
63166
63166
63166
63165
63165
63165
63165
63164
63164
63164
63164
63163
63162
63162
63161
63161
63161
63161
63160
63160
63160
63160
63159
63159
63159
63159
63158
63158
63158
63158
63157
63157
63157
63157
63157
63155
63155
63155
63154
63154
63154
63153
63153
63152
63152
63152
63152
63152
63151
63151
63151
63151
63150
63150
63150
63150
63149
63149
63149
63149
63148
63148
63148
63148
63147
63147
63147
63147
63146
63146
63146
63146
63145
63145
63145
63145
63143
63143
63142
63142
63142
63142
63141
63141
63141
63141
63140
63140
63140
63140
63139
63139
63139
63139
63138
63138
63138
63138
63137
63137
63137
63137
63137
63136
63136
63136
63136
63135
63135
63135
63135
63134
63134
63134
63134
63133
63133
63133
63133
63132
63132
63132
63132
63131
63131
63131
63131
63130
63130
63130
63130
63129
63129
63129
63129
63127
63126
63123
63122
63120
63119
63118
63118
63118
63118
63118
63117
63117
63117
63117
63116
63116
63115
63114
63113
63113
63113
63112
63112
63112
63112
63111
63111
63111
63111
63110
63110
63110
63110
63109
63109
63109
63109
63108
63108
63107
63106
63105
63105
63104
63104
63104
63104
63103
63103
63103
63103
63102
63102
63102
63102
63102
63101
63101
63101
63101
63100
63100
63099
63097
63097
63097
63097
63096
63096
63096
63096
63095
63095
63095
63095
63094
63094
63094
63094
63093
63093
63093
63093
63093
63092
63091
63091
63090
63090
63090
63090
63089
63089
63089
63089
63088
63088
63088
63088
63087
63086
63086
63086
63085
63085
63085
63085
63084
63084
63084
63084
63083
63083
63083
63083
63082
63082
63082
63082
63081
63081
63081
63081
63079
63079
63079
63078
63078
63078
63078
63077
63077
63077
63077
63076
63076
63076
63076
63075
63075
63075
63075
63075
63074
63074
63074
63074
63073
63073
63073
63073
63072
63072
63072
63072
63071
63071
63071
63071
63070
63070
63070
63070
63070
63069
63069
63069
63069
63068
63068
63068
63068
63067
63067
63067
63067
63066
63066
63066
63066
63065
63065
63065
63065
63064
63064
63064
63064
63064
63063
63063
63061
63060
63058
63057
63055
63053
63053
63052
63052
63052
63052
63050
63050
63048
63048
63048
63048
63047
63047
63047
63047
63046
63046
63046
63046
63045
63045
63045
63045
63044
63044
63044
63044
63044
63042
63042
63040
63040
63040
63040
63039
63039
63039
63039
63038
63038
63038
63038
63037
63037
63037
63037
63036
63036
63036
63036
63035
63034
63034
63034
63033
63033
63033
63033
63032
63032
63032
63032
63031
63031
63031
63031
63030
63030
63030
63030
63029
63029
63029
63029
63027
63027
63026
63026
63026
63025
63025
63025
63025
63024
63024
63024
63024
63023
63023
63022
63022
63021
63021
63021
63021
63020
63020
63019
63019
63018
63018
63018
63018
63017
63017
63017
63017
63016
63016
63015
63014
63014
63014
63014
63013
63013
63013
63013
63012
63012
63012
63012
63010
63010
63009
63009
63009
63009
63008
63008
63008
63008
63007
63007
63007
63007
63007
63006
63006
63006
63006
63005
63005
63005
63005
63004
63004
63004
63004
63003
63003
63003
63003
63002
63002
63002
63002
63002
63001
63001
63001
63001
63000
63000
63000
63000
62999
62999
62999
62999
62998
62998
62998
62998
62997
62997
62997
62997
62997
62996
62996
62996
62996
62995
62995
62995
62993
62992
62991
62989
62988
62985
62985
62983
62983
62983
62982
62982
62982
62982
62981
62981
62981
62981
62980
62980
62980
62980
62979
62979
62979
62979
62979
62978
62977
62977
62975
62975
62974
62974
62974
62973
62973
62973
62973
62972
62972
62972
62972
62971
62971
62971
62971
62970
62970
62970
62970
62968
62968
62968
62967
62967
62967
62967
62966
62966
62966
62966
62965
62965
62965
62965
62964
62964
62964
62964
62964
62963
62963
62963
62961
62961
62961
62961
62960
62960
62960
62960
62959
62959
62959
62959
62958
62958
62958
62956
62956
62956
62956
62955
62955
62955
62955
62953
62953
62953
62953
62952
62952
62952
62952
62951
62950
62950
62949
62949
62949
62949
62948
62948
62948
62948
62947
62947
62947
62947
62946
62946
62946
62946
62946
62945
62945
62945
62945
62944
62944
62944
62944
62943
62943
62943
62942
62942
62942
62942
62941
62941
62941
62941
62940
62940
62940
62940
62939
62939
62939
62939
62938
62938
62938
62938
62937
62937
62937
62937
62936
62936
62936
62936
62935
62935
62935
62935
62935
62934
62934
62934
62934
62933
62933
62933
62933
62932
62932
62932
62932
62931
62931
62931
62931
62930
62930
62930
62930
62929
62929
62929
62926
62923
62922
62919
62918
62916
62916
62916
62916
62915
62915
62915
62915
62914
62914
62914
62913
62913
62913
62913
62912
62912
62911
62910
62909
62909
62909
62908
62908
62908
62908
62907
62907
62907
62907
62906
62906
62906
62906
62905
62905
62905
62905
62905
62904
62903
62903
62902
62902
62902
62902
62901
62901
62901
62901
62901
62900
62900
62900
62900
62899
62899
62899
62899
62898
62898
62898
62898
62896
62896
62896
62895
62895
62895
62895
62894
62894
62894
62894
62894
62893
62893
62893
62891
62891
62891
62890
62890
62890
62890
62890
62888
62888
62888
62887
62887
62887
62885
62885
62885
62884
62884
62884
62884
62883
62883
62882
62882
62881
62881
62881
62881
62880
62880
62880
62880
62879
62879
62879
62879
62878
62878
62878
62878
62877
62877
62877
62877
62876
62876
62876
62876
62875
62875
62875
62875
62874
62874
62874
62874
62874
62873
62873
62873
62873
62872
62872
62872
62872
62871
62871
62871
62871
62870
62870
62870
62870
62869
62869
62869
62869
62868
62868
62868
62868
62867
62867
62867
62867
62867
62866
62866
62866
62866
62865
62865
62865
62865
62864
62864
62864
62864
62863
62863
62863
62863
62862
62862
62862
62862
62861
62861
62859
62857
62856
62854
62853
62851
62851
62851
62851
62850
62850
62850
62850
62849
62849
62849
62847
62847
62846
62845
62845
62845
62845
62844
62844
62844
62844
62843
62843
62843
62843
62842
62842
62842
62842
62842
62841
62841
62841
62839
62839
62839
62839
62838
62838
62838
62838
62837
62837
62837
62837
62836
62836
62836
62836
62835
62835
62835
62835
62835
62834
62834
62833
62832
62831
62831
62830
62830
62830
62830
62829
62829
62829
62829
62828
62828
62828
62826
62826
62826
62826
62825
62825
62825
62825
62823
62823
62823
62821
62821
62821
62821
62820
62820
62820
62820
62820
62819
62819
62819
62817
62817
62817
62817
62816
62816
62815
62815
62815
62815
62815
62814
62814
62814
62814
62813
62813
62813
62813
62812
62812
62812
62812
62811
62811
62811
62811
62810
62810
62810
62810
62809
62809
62809
62809
62809
62808
62808
62808
62808
62807
62807
62807
62807
62806
62806
62806
62806
62805
62805
62805
62805
62804
62804
62804
62804
62803
62803
62803
62803
62802
62802
62802
62801
62801
62801
62801
62800
62800
62800
62800
62799
62799
62799
62799
62798
62798
62798
62798
62797
62797
62797
62797
62796
62796
62796
62796
62795
62795
62795
62795
62794
62793
62791
62790
62789
62786
62784
62784
62784
62784
62783
62782
62782
62780
62780
62779
62779
62779
62779
62779
62778
62778
62778
62778
62777
62777
62777
62777
62776
62776
62776
62776
62775
62775
62774
62774
62773
62773
62773
62773
62772
62772
62772
62772
62771
62771
62771
62771
62770
62770
62770
62770
62769
62769
62769
62769
62768
62767
62767
62766
62766
62766
62766
62765
62765
62765
62765
62764
62764
62764
62764
62763
62762
62762
62762
62761
62761
62761
62761
62760
62758
62758
62757
62757
62757
62757
62756
62756
62756
62756
62755
62755
62755
62755
62754
62753
62753
62751
62751
62751
62751
62750
62750
62750
62750
62749
62749
62749
62749
62748
62748
62748
62748
62747
62747
62747
62747
62746
62746
62746
62746
62745
62745
62745
62745
62744
62744
62744
62744
62742
62742
62742
62742
62741
62741
62741
62741
62740
62740
62740
62740
62739
62739
62739
62739
62738
62738
62738
62738
62737
62737
62737
62737
62736
62736
62736
62736
62735
62735
62735
62735
62734
62734
62734
62734
62734
62733
62733
62733
62733
62732
62732
62732
62732
62731
62731
62731
62731
62730
62730
62730
62730
62729
62729
62729
62729
62728
62728
62728
62728
62727
62727
62727
62725
62724
62722
62721
62719
62717
62716
62715
62715
62715
62715
62714
62714
62714
62714
62713
62713
62713
62713
62712
62712
62712
62712
62711
62711
62711
62711
62709
62709
62709
62709
62708
62708
62708
62708
62707
62707
62707
62707
62706
62706
62706
62706
62706
62705
62705
62705
62705
62704
62704
62703
62702
62702
62702
62702
62701
62701
62701
62701
62700
62700
62700
62699
62699
62699
62697
62697
62697
62697
62696
62695
62695
62694
62693
62693
62693
62692
62692
62692
62692
62691
62691
62691
62691
62690
62690
62690
62690
62688
62688
62687
62686
62686
62686
62686
62685
62685
62685
62685
62684
62684
62684
62684
62683
62683
62683
62683
62682
62682
62682
62682
62682
62681
62681
62681
62681
62680
62680
62680
62680
62679
62679
62679
62679
62678
62678
62678
62677
62677
62677
62677
62676
62676
62676
62676
62675
62675
62675
62675
62674
62674
62674
62674
62673
62673
62673
62673
62672
62672
62672
62672
62672
62671
62671
62671
62671
62670
62670
62670
62670
62669
62669
62669
62669
62668
62668
62668
62668
62667
62667
62667
62667
62666
62666
62666
62666
62665
62665
62665
62665
62665
62664
62664
62664
62664
62663
62663
62663
62663
62662
62662
62662
62658
62656
62654
62652
62651
62649
62649
62649
62649
62648
62648
62648
62648
62647
62647
62647
62647
62646
62646
62646
62646
62644
62644
62644
62644
62643
62643
62643
62643
62642
62642
62642
62642
62641
62641
62641
62641
62640
62640
62640
62640
62639
62639
62639
62638
62637
62637
62637
62637
62636
62636
62636
62636
62635
62635
62635
62635
62634
62634
62633
62633
62631
62631
62630
62630
62630
62630
62628
62628
62627
62627
62626
62626
62626
62626
62626
62625
62625
62625
62625
62624
62624
62623
62622
62621
62621
62620
62620
62620
62620
62619
62619
62619
62619
62619
62618
62618
62618
62618
62617
62617
62617
62617
62616
62616
62615
62614
62614
62614
62614
62614
62613
62613
62613
62613
62612
62612
62612
62612
62611
62611
62611
62611
62610
62610
62610
62610
62609
62609
62609
62609
62608
62608
62608
62608
62607
62607
62607
62607
62606
62606
62606
62606
62605
62605
62605
62605
62604
62604
62604
62604
62604
62603
62603
62603
62603
62602
62602
62602
62602
62601
62601
62601
62601
62600
62600
62600
62600
62599
62599
62599
62599
62599
62598
62598
62598
62598
62597
62597
62597
62597
62596
62596
62596
62596
62595
62595
62595
62595
62593
62593
62593
62591
62590
62588
62586
62585
62570
62569
62569
62569
62568
62568
62567
62567
62565
62564
62562
62561
62561
62560
62560
62559
62559
62559
62559
62558
62558
62558
62557
62557
62556
62556
62479
62478
62478
62477
62477
62477
62477
62474
62474
62474
62473
62473
62472
62472
62472
62472
62471
62471
62471
62471
62470
62469
62468
62467
62467
62467
62467
62466
62466
62466
62465
62464
62464
62463
62462
62462
62462
62462
62461
62461
62461
62461
62460
62460
62460
62458
62458
62457
62457
62456
62456
62456
62456
62455
62455
62455
62455
62454
62454
62454
62454
62453
62453
62453
62453
62452
62452
62452
62451
62450
62450
62450
62450
62449
62449
62449
62449
62448
62448
62448
62448
62447
62447
62447
62447
62446
62446
62446
62446
62445
62445
62445
62445
62444
62444
62444
62444
62444
62443
62443
62443
62443
62442
62442
62442
62442
62441
62441
62441
62441
62440
62440
62440
62440
62439
62439
62439
62439
62438
62438
62438
62438
62438
62437
62437
62437
62437
62436
62436
62436
62436
62435
62435
62435
62435
62434
62434
62434
62434
62433
62433
62433
62433
62433
62432
62432
62432
62432
62431
62430
62429
62429
62429
62429
62428
62428
62428
62428
62428
62427
62427
62426
62424
62421
62420
62418
62417
62417
62416
62416
62414
62414
62414
62414
62413
62413
62413
62413
62412
62412
62412
62412
62411
62411
62411
62411
62410
62410
62410
62410
62410
62409
62409
62407
62407
62407
62407
62406
62406
62406
62406
62406
62405
62405
62404
62403
62403
62403
62402
62401
62401
62401
62401
62400
62400
62400
62398
62398
62397
62397
62397
62397
62397
62396
62396
62396
62396
62395
62395
62395
62395
62393
62393
62392
62391
62391
62391
62390
62390
62390
62390
62390
62389
62389
62389
62389
62388
62388
62388
62388
62387
62387
62387
62387
62385
62385
62385
62384
62384
62384
62384
62383
62383
62383
62383
62383
62382
62382
62382
62382
62381
62381
62381
62381
62380
62380
62380
62380
62379
62379
62379
62379
62378
62378
62378
62378
62377
62377
62377
62376
62375
62375
62375
62375
62374
62374
62374
62374
62373
62373
62373
62373
62372
62372
62372
62372
62371
62371
62371
62371
62370
62370
62370
62370
62370
62369
62369
62369
62369
62368
62368
62368
62368
62367
62367
62367
62367
62366
62366
62366
62366
62365
62364
62364
62363
62363
62363
62363
62362
62362
62362
62362
62362
62361
62361
62361
62361
62360
62360
62360
62360
62359
62359
62356
62355
62353
62351
62350
62348
62347
62347
62347
62346
62346
62346
62346
62345
62345
62345
62345
62344
62344
62344
62344
62343
62343
62343
62343
62343
62341
62341
62341
62340
62340
62340
62340
62339
62338
62338
62338
62337
62337
62337
62337
62335
62335
62335
62334
62334
62334
62334
62333
62332
62332
62331
62331
62331
62331
62331
62330
62330
62330
62330
62329
62329
62329
62328
62327
62327
62325
62325
62325
62324
62324
62324
62324
62323
62323
62323
62323
62323
62322
62322
62322
62322
62321
62321
62321
62321
62320
62319
62319
62319
62318
62318
62318
62317
62317
62317
62317
62316
62316
62316
62316
62316
62315
62315
62315
62315
62314
62314
62314
62314
62313
62313
62313
62313
62312
62312
62312
62312
62311
62311
62311
62311
62311
62310
62310
62310
62310
62309
62309
62309
62309
62308
62308
62308
62308
62307
62307
62307
62307
62306
62306
62306
62306
62306
62305
62305
62305
62305
62304
62304
62304
62304
62303
62303
62303
62303
62302
62302
62302
62302
62301
62301
62300
62299
62299
62299
62299
62298
62298
62298
62298
62298
62297
62297
62297
62297
62296
62296
62296
62296
62295
62295
62295
62295
62294
62294
62294
62294
62293
62293
62293
62293
62290
62288
62286
62285
62283
62282
62282
62282
62281
62281
62281
62281
62280
62280
62280
62280
62279
62279
62279
62279
62277
62277
62277
62277
62276
62275
62275
62274
62274
62274
62274
62273
62273
62273
62273
62271
62271
62271
62271
62271
62270
62270
62270
62268
62268
62268
62267
62267
62267
62267
62266
62266
62266
62266
62266
62265
62265
62265
62263
62263
62262
62262
62261
62261
62261
62260
62260
62260
62260
62259
62259
62259
62259
62258
62258
62258
62258
62257
62257
62257
62257
62255
62255
62255
62255
62254
62254
62254
62254
62253
62253
62253
62253
62252
62252
62252
62252
62251
62251
62251
62251
62250
62250
62250
62249
62248
62248
62248
62248
62247
62247
62247
62247
62246
62246
62246
62246
62245
62245
62245
62245
62244
62244
62244
62244
62243
62243
62243
62243
62243
62242
62242
62242
62242
62241
62241
62241
62241
62240
62240
62240
62240
62239
62239
62239
62239
62238
62238
62238
62238
62238
62237
62237
62235
62235
62235
62235
62235
62234
62234
62234
62234
62233
62233
62233
62233
62232
62232
62232
62232
62231
62231
62231
62231
62230
62230
62230
62230
62230
62229
62229
62229
62229
62228
62228
62228
62228
62227
62227
62227
62227
62226
62225
62223
62221
62219
62218
62216
62216
62216
62215
62215
62215
62215
62215
62214
62213
62213
62211
62211
62211
62210
62210
62210
62209
62209
62209
62209
62208
62208
62208
62206
62206
62206
62205
62205
62205
62204
62204
62202
62202
62202
62202
62201
62201
62201
62201
62200
62200
62200
62200
62199
62199
62199
62197
62197
62192
62192
62191
62191
62191
62190
62190
62190
62189
62189
62187
62187
62186
62186
62186
62185
62185
62185
62184
62184
62183
62182
62181
62180
62180
62180
62003
62002
62002
62001
62001
62001
62001
62000
62000
62000
62000
61999
61999
61999
61999
61998
61998
61998
61995
61995
61994
61994
61994
61994
61993
61993
61993
61993
61992
61992
61992
61992
61991
61991
61991
61991
61991
61990
61990
61990
61990
61989
61989
61989
61989
61988
61988
61988
61988
61987
61987
61987
61987
61986
61986
61985
61985
61985
61985
61984
61984
61984
61984
61983
61982
61981
61981
61981
61981
61980
61980
61980
61980
61980
61979
61979
61979
61979
61978
61978
61978
61978
61977
61977
61977
61977
61976
61976
61976
61976
61975
61975
61975
61975
61974
61974
61974
61974
61973
61973
61973
61973
61972
61972
61972
61972
61972
61971
61971
61971
61971
61970
61969
61966
61964
61963
61961
61960
61959
61958
61957
61956
61956
61956
61955
61955
61955
61955
61954
61954
61954
61954
61953
61953
61953
61952
61951
61951
61951
61950
61950
61950
61950
61948
61948
61948
61948
61947
61947
61947
61947
61946
61946
61946
61946
61945
61945
61945
61944
61943
61942
61942
61941
61941
61941
61941
61940
61940
61940
61940
61939
61939
61939
61939
61938
61938
61938
61938
61937
61937
61937
61936
61935
61935
61935
61935
61934
61934
61934
61934
61933
61933
61933
61933
61932
61932
61932
61932
61931
61931
61931
61931
61930
61930
61929
61928
61928
61928
61928
61927
61927
61927
61927
61926
61926
61926
61926
61925
61925
61925
61925
61925
61924
61924
61924
61924
61923
61923
61923
61923
61922
61922
61922
61922
61921
61921
61921
61921
61920
61920
61919
61918
61918
61918
61918
61917
61917
61916
61915
61915
61915
61915
61914
61914
61914
61913
61913
61913
61913
61912
61912
61912
61912
61911
61911
61911
61911
61910
61910
61910
61910
61909
61909
61909
61909
61909
61908
61908
61908
61908
61907
61907
61906
61906
61906
61906
61906
61905
61905
61905
61905
61904
61904
61904
61904
61903
61903
61903
61903
61902
61902
61902
61902
61901
61900
61898
61896
61894
61891
61889
61888
61888
61888
61888
61887
61887
61887
61887
61886
61886
61886
61885
61884
61884
61884
61883
61883
61883
61883
61881
61881
61881
61881
61880
61880
61880
61880
61879
61879
61879
61878
61878
61878
61878
61876
61876
61875
61874
61874
61874
61874
61873
61873
61873
61873
61872
61872
61872
61872
61871
61871
61871
61871
61870
61870
61870
61870
61868
61868
61868
61867
61867
61867
61867
61867
61866
61866
61866
61866
61865
61865
61865
61865
61864
61864
61864
61864
61863
61863
61863
61862
61861
61861
61861
61861
61860
61860
61859
61859
61859
61859
61858
61858
61858
61858
61857
61857
61857
61857
61856
61856
61855
61854
61854
61854
61854
61853
61853
61853
61853
61852
61852
61852
61852
61852
61851
61851
61851
61851
61850
61849
61849
61848
61848
61848
61848
61847
61847
61847
61847
61846
61846
61846
61846
61845
61845
61845
61845
61844
61844
61844
61844
61843
61843
61843
61843
61843
61842
61842
61842
61842
61841
61841
61841
61841
61840
61840
61840
61840
61839
61839
61839
61839
61838
61838
61838
61838
61837
61837
61837
61837
61836
61836
61836
61836
61836
61835
61835
61835
61835
61834
61834
61834
61834
61833
61833
61829
61827
61826
61825
61823
61822
61822
61821
61821
61821
61820
61819
61818
61818
61818
61818
61817
61817
61817
61815
61815
61815
61814
61814
61814
61814
61813
61813
61813
61813
61812
61812
61812
61812
61810
61810
61808
61808
61808
61808
61807
61807
61807
61807
61806
61806
61806
61806
61805
61805
61805
61805
61804
61804
61804
61804
61804
61802
61802
61802
61801
61801
61801
61801
61800
61800
61800
61800
61799
61799
61799
61799
61798
61798
61798
61798
61798
61797
61797
61797
61795
61795
61795
61794
61794
61794
61794
61793
61793
61793
61793
61792
61792
61792
61792
61791
61791
61791
61791
61790
61790
61788
61788
61787
61787
61786
61786
61786
61786
61785
61785
61785
61785
61784
61784
61784
61784
61782
61782
61782
61781
61781
61781
61781
61780
61780
61780
61780
61779
61779
61779
61779
61778
61778
61778
61778
61777
61777
61777
61777
61776
61776
61776
61776
61775
61775
61775
61775
61774
61774
61774
61774
61774
61773
61773
61773
61773
61772
61772
61772
61772
61771
61771
61771
61771
61770
61770
61770
61770
61769
61769
61769
61769
61768
61768
61768
61768
61768
61767
61767
61767
61767
61766
61766
61766
61766
61765
61765
61765
61765
61764
61764
61762
61761
61759
61757
61756
61753
61753
61752
61752
61752
61751
61751
61751
61749
61749
61749
61749
61748
61748
61747
61747
61747
61747
61746
61746
61746
61746
61745
61744
61744
61742
61742
61742
61741
61741
61741
61741
61740
61740
61740
61740
61739
61739
61739
61739
61738
61738
61738
61738
61737
61737
61736
61736
61735
61735
61735
61735
61734
61734
61734
61734
61733
61733
61733
61731
61731
61731
61730
61730
61730
61730
61729
61729
61729
61727
61727
61727
61727
61726
61726
61726
61726
61725
61725
61725
61725
61725
61724
61724
61724
61724
61723
61723
61723
61723
61721
61721
61720
61719
61719
61719
61719
61718
61718
61718
61718
61717
61717
61716
61715
61715
61715
61715
61714
61714
61714
61714
61713
61713
61713
61713
61713
61712
61712
61712
61712
61711
61711
61711
61711
61710
61710
61710
61710
61709
61709
61709
61709
61708
61708
61708
61708
61708
61707
61707
61707
61707
61706
61706
61706
61706
61705
61705
61705
61705
61704
61704
61704
61704
61703
61703
61703
61703
61702
61702
61702
61702
61702
61701
61701
61701
61701
61700
61700
61700
61700
61699
61699
61699
61699
61698
61698
61698
61698
61697
61697
61697
61697
61696
61696
61696
61696
61679
61677
61676
61674
61673
61670
61670
61669
61668
61668
61668
61668
61667
61667
61667
61666
61666
61666
61666
61666
61665
61665
61664
61663
61662
61662
61661
61661
61661
61661
61660
61660
61660
61660
61659
61659
61659
61659
61658
61658
61658
61658
61657
61657
61657
61656
61655
61655
61655
61655
61654
61654
61654
61654
61653
61653
61653
61653
61652
61652
61652
61652
61651
61651
61651
61651
61651
61650
61649
61648
61648
61648
61648
61647
61647
61647
61647
61646
61646
61646
61646
61645
61645
61645
61645
61644
61644
61644
61644
61642
61642
61641
61640
61640
61640
61640
61639
61639
61639
61637
61637
61637
61636
61636
61636
61636
61635
61635
61635
61635
61635
61634
61634
61634
61634
61633
61633
61633
61633
61632
61632
61632
61632
61631
61631
61631
61631
61630
61629
61629
61629
61628
61628
61628
61628
61627
61627
61627
61627
61626
61626
61626
61626
61625
61625
61625
61625
61624
61624
61624
61624
61623
61623
61623
61623
61622
61622
61622
61622
61621
61621
61621
61621
61620
61620
61620
61620
61619
61619
61619
61619
61619
61618
61618
61618
61618
61617
61617
61617
61617
61616
61616
61616
61616
61615
61615
61615
61615
61615
61614
61614
61614
61612
61606
61605
61603
61601
61599
61598
61598
61597
61597
61544
61544
61543
61543
61543
61542
61540
61540
61538
61538
61538
61537
61537
61537
61536
61536
61536
61536
61535
61535
61535
61534
61534
61534
61533
61532
61532
61532
61531
61530
61529
61529
61529
61528
61528
61528
61527
61527
61527
61527
61526
61526
61526
61525
61525
61525
61525
61524
61524
61524
61523
61523
61521
61521
61521
61521
61520
61520
61520
61519
61519
61519
61518
61518
61518
61518
61517
61517
61517
61516
61516
61516
61516
61514
61514
61512
61512
61511
61511
61511
61509
61509
61509
61508
61508
61508
61507
61507
61507
61506
61505
61504
61504
61504
61503
61503
61503
61503
61502
61502
61502
61501
61501
61501
61501
61500
61500
61500
61499
61499
61499
61498
61498
61498
61498
61497
61497
61497
61496
61496
61496
61496
61495
61495
61495
61494
61494
61494
61493
61493
61493
61493
61492
61492
61492
61491
61491
61491
61491
61490
61490
61490
61489
61489
61489
61489
61488
61488
61488
61487
61487
61487
61487
61486
61486
61486
61485
61485
61485
61484
61484
61484
61484
61483
61483
61483
61482
61481
61481
61481
61480
61480
61480
61479
61479
61478
61478
61478
61477
61477
61476
61476
61469
61468
61466
61464
61462
61461
61460
61460
61460
61459
61458
61457
61455
61455
61455
61454
61454
61454
61454
61453
61453
61453
61452
61452
61452
61452
61451
61451
61451
61450
61450
61450
61449
61448
61447
61447
61447
61446
61446
61446
61445
61445
61445
61445
61444
61444
61444
61443
61443
61443
61442
61442
61442
61441
61441
61441
61439
61439
61439
61438
61438
61438
61437
61437
61437
61437
61436
61436
61435
61435
61434
61434
61434
61433
61433
61433
61432
61430
61430
61428
61427
61426
61426
61425
61425
61425
61425
61424
61424
61424
61424
61423
61423
61423
61422
61421
61421
61421
61421
61420
61420
61420
61418
61418
61418
61418
61417
61417
61417
61417
61416
61416
61416
61416
61415
61415
61415
61415
61414
61414
61414
61414
61414
61413
61413
61413
61413
61412
61412
61412
61412
61411
61411
61411
61411
61410
61410
61410
61410
61409
61409
61409
61409
61409
61408
61408
61408
61408
61407
61407
61407
61407
61406
61406
61406
61406
61405
61405
61405
61405
61404
61404
61404
61404
61403
61403
61403
61403
61403
61402
61402
61402
61402
61401
61401
61401
61401
61400
61400
61400
61400
61399
61399
61399
61399
61398
61398
61398
61398
61397
61397
61397
61395
61394
61392
61391
61387
61383
61381
61380
61380
61379
61379
61378
61378
61378
61377
61377
61377
61376
61376
61375
61375
61374
61374
61373
61373
61373
61373
61371
61371
61371
61370
61370
61370
61370
61369
61369
61369
61369
61368
61368
61368
61368
61367
61367
61367
61367
61366
61366
61366
61366
61364
61364
61364
61363
61363
61363
61363
61362
61362
61362
61362
61361
61361
61361
61359
61359
61359
61359
61358
61358
61358
61356
61355
61354
61353
61353
61353
61353
61352
61352
61352
61352
61351
61351
61351
61351
61350
61350
61349
61348
61348
61348
61348
61347
61347
61347
61344
61344
61344
61344
61343
61343
61343
61342
61342
61342
61342
61341
61341
61341
61341
61340
61340
61340
61340
61340
61339
61339
61339
61339
61338
61338
61338
61338
61337
61337
61337
61337
61336
61336
61336
61336
61335
61335
61335
61335
61334
61334
61334
61334
61333
61333
61333
61333
61333
61332
61332
61332
61332
61331
61331
61331
61331
61330
61330
61330
61330
61329
61329
61329
61329
61329
61328
61328
61328
61328
61327
61327
61327
61327
61326
61326
61326
61326
61325
61325
61325
61325
61324
61324
61324
61324
61323
61323
61323
61323
61322
61322
61322
61322
61321
61321
61319
61317
61315
61313
61312
61310
61310
61310
61309
61309
61309
61308
61308
61308
61308
61307
61307
61307
61307
61307
61306
61305
61305
61304
61304
61304
61304
61303
61303
61303
61303
61302
61302
61302
61302
61302
61301
61301
61301
61301
61300
61300
61300
61300
61298
61298
61298
61297
61297
61297
61297
61296
61296
61296
61296
61295
61295
61295
61295
61294
61294
61294
61294
61292
61292
61291
61290
61289
61289
61289
61288
61288
61288
61288
61287
61287
61287
61287
61286
61286
61286
61286
61284
61284
61284
61283
61283
61282
61282
61282
61278
61278
61277
61276
61276
61276
61275
61275
61274
61274
61273
61273
61273
61272
61272
61270
61269
61269
61269
61269
61268
61268
61267
61267
61267
61267
61266
61266
61266
61265
61265
61265
61265
61264
61264
61264
61263
61263
61261
61261
61261
61260
61260
61260
61260
61259
61259
61259
61259
61258
61258
61258
61258
61258
61257
61257
61257
61257
61256
61256
61256
61256
61255
61255
61255
61255
61254
61254
61254
61254
61253
61253
61253
61253
61252
61252
61252
61252
61252
61251
61251
61251
61251
61250
61250
61250
61250
61249
61249
61249
61249
61248
61248
61248
61248
61247
61247
61247
61247
61246
61246
61245
61243
61242
61240
61239
61237
61235
61235
61235
61235
61234
61234
61234
61234
61233
61233
61232
61231
61231
61231
61230
61230
61230
61230
61229
61229
61229
61229
61228
61228
61228
61228
61227
61227
61227
61227
61226
61226
61226
61224
61224
61224
61224
61223
61223
61223
61223
61222
61222
61222
61222
61221
61221
61221
61221
61219
61219
61219
61218
61218
61217
61216
61215
61215
61215
61214
61214
61214
61213
61213
61213
61213
61212
61212
61212
61212
61211
61210
61210
61209
61209
61209
61209
61208
61208
61207
61207
61206
61206
61206
61206
61205
61205
61205
61205
61204
61204
61204
61204
61203
61201
61200
61200
61200
61200
61200
61199
61199
61199
61199
61198
61198
61198
61198
61197
61197
61197
61197
61196
61196
61196
61196
61195
61195
61195
61195
61194
61194
61194
61194
61193
61193
61193
61193
61193
61192
61192
61192
61192
61191
61191
61191
61191
61190
61190
61190
61190
61189
61189
61189
61189
61188
61188
61188
61188
61187
61187
61187
61187
61186
61186
61186
61186
61186
61185
61185
61185
61185
61184
61184
61184
61184
61183
61183
61183
61183
61182
61182
61182
61182
61181
61181
61181
61179
61179
61179
61179
61178
61178
61178
61178
61177
61177
61174
61173
61172
61169
61168
61166
61166
61166
61165
61164
61164
61163
61163
61163
61162
61162
61162
61162
61161
61161
61161
61161
61161
61160
61160
61160
61160
61159
61159
61159
61159
61158
61157
61157
61156
61156
61156
61156
61155
61155
61155
61155
61154
61154
61154
61153
61152
61152
61152
61152
61151
61151
61151
61149
61149
61148
61147
61147
61147
61147
61146
61146
61146
61146
61146
61145
61145
61145
61145
61144
61142
61142
61142
61142
61141
61141
61141
61141
61139
61139
61139
61139
61138
61138
61138
61138
61137
61137
61137
61137
61136
61136
61136
61134
61134
61134
61134
61133
61133
61133
61133
61132
61132
61132
61132
61131
61131
61131
61131
61130
61130
61130
61130
61129
61129
61129
61129
61128
61128
61128
61128
61127
61127
61127
61127
61127
61126
61126
61126
61126
61125
61125
61125
61125
61124
61124
61124
61124
61123
61123
61123
61123
61122
61122
61122
61122
61121
61121
61121
61121
61120
61120
61120
61120
61120
61119
61119
61119
61119
61118
61118
61118
61118
61117
61117
61117
61117
61116
61116
61116
61116
61115
61115
61114
61113
61113
61113
61113
61112
61112
61112
61112
61111
61111
61111
61111
61110
61110
61110
61110
61109
61109
61108
61106
61105
61101
61100
61098
61098
61098
61097
61097
61097
61097
61096
61096
61096
61096
61095
61095
61095
61095
61095
61094
61094
61094
61094
61093
61092
61091
61091
61091
61091
61091
61090
61090
61090
61090
61088
61088
61088
61087
61087
61087
61087
61086
61086
61086
61086
61084
61084
61083
61083
61082
61082
61082
61082
61081
61081
61081
61081
61080
61080
61080
61080
61079
61077
61076
61076
61076
61076
61075
61075
61075
61073
61072
61072
61072
61072
61071
61071
61071
61070
61070
61070
61070
61070
61069
61069
61067
61067
61067
61067
61066
61066
61066
61066
61066
61065
61065
61065
61064
61064
61064
61064
61063
61063
61063
61063
61062
61062
61062
61062
61062
61061
61061
61061
61060
61060
61060
61060
61060
61059
61059
61059
61059
61058
61058
61058
61058
61057
61057
61057
61057
61056
61056
61056
61056
61055
61055
61055
61055
61055
61054
61054
61054
61054
61053
61053
61053
61053
61052
61052
61052
61052
61051
61051
61051
61051
61050
61050
61050
61050
61049
61049
61049
61047
61047
61047
61047
61047
61046
61046
61046
61046
61045
61045
61045
61045
61044
61044
61044
61044
61043
61043
61043
61043
61042
61042
61042
61042
61042
61041
61041
61039
61038
61037
61035
61034
61032
61031
61031
61031
61031
61030
61030
61030
61030
61029
61029
61029
61029
61029
61028
61027
61026
61026
61026
61026
61025
61025
61024
61023
61023
61023
61023
61022
61022
61022
61022
61022
61021
61021
61021
61021
61019
61019
61018
61017
61017
61017
61017
61016
61016
61016
61016
61015
61015
61015
61015
61014
61014
61013
61012
61012
61012
61012
61011
61011
61011
61009
61008
61008
61008
61008
61007
61007
61007
61007
61007
61006
61006
61006
61006
61005
61004
61003
61003
61003
61003
61002
61002
61002
61002
61001
61001
61001
61001
61001
61000
61000
61000
61000
60999
60999
60999
60999
60998
60997
60996
60996
60996
60996
60995
60995
60995
60995
60995
60994
60994
60994
60994
60993
60993
60993
60993
60992
60992
60992
60992
60991
60991
60970
60969
60969
60969
60969
60968
60968
60968
60968
60967
60967
60967
60967
60966
60966
60966
60966
60966
60965
60965
60965
60965
60964
60964
60964
60964
60963
60962
60961
60961
60961
60961
60960
60960
60960
60960
60959
60959
60959
60959
60958
60958
60958
60957
60957
60957
60957
60956
60956
60956
60956
60955
60955
60955
60955
60955
60954
60954
60954
60954
60953
60953
60953
60953
60951
60950
60948
60947
60946
60944
60943
60943
60943
60943
60942
60942
60942
60942
60940
60940
60940
60940
60938
60938
60938
60937
60937
60937
60937
60936
60936
60936
60936
60936
60935
60935
60935
60935
60934
60933
60933
60931
60931
60931
60930
60930
60930
60930
60929
60929
60929
60929
60929
60928
60928
60928
60926
60926
60926
60926
60925
60925
60925
60925
60923
60923
60923
60923
60922
60922
60922
60922
60921
60921
60921
60921
60920
60920
60920
60917
60917
60917
60917
60916
60916
60916
60916
60915
60915
60915
60915
60914
60914
60914
60914
60913
60913
60913
60913
60912
60912
60912
60910
60910
60910
60910
60909
60909
60909
60909
60908
60908
60908
60908
60907
60907
60907
60907
60906
60906
60906
60906
60906
60905
60905
60905
60905
60904
60904
60904
60904
60903
60903
60903
60903
60902
60902
60902
60902
60901
60901
60901
60901
60900
60900
60900
60900
60900
60899
60899
60897
60897
60897
60897
60896
60896
60896
60896
60895
60895
60895
60895
60894
60894
60894
60894
60893
60893
60893
60893
60893
60892
60892
60892
60892
60891
60891
60891
60891
60890
60890
60890
60889
60889
60889
60889
60888
60888
60888
60888
60887
60887
60887
60887
60887
60886
60883
60882
60881
60879
60878
60877
60876
60876
60875
60873
60873
60873
60873
60872
60872
60872
60871
60871
60871
60870
60870
60869
60869
60869
60868
60868
60868
60867
60867
60865
60865
60864
60864
60863
60863
60863
60863
60862
60862
60862
60862
60861
60861
60861
60861
60860
60859
60859
60859
60858
60858
60858
60858
60857
60856
60856
60855
60855
60855
60855
60855
60854
60854
60854
60854
60853
60853
60853
60853
60851
60851
60851
60851
60850
60850
60850
60850
60849
60849
60849
60849
60848
60848
60848
60848
60847
60847
60847
60847
60846
60846
60846
60845
60844
60844
60844
60844
60843
60843
60843
60843
60842
60842
60842
60842
60841
60841
60841
60841
60840
60840
60840
60840
60839
60839
60839
60839
60838
60838
60838
60838
60838
60837
60837
60837
60837
60836
60836
60836
60836
60835
60835
60835
60835
60834
60834
60834
60832
60832
60832
60832
60831
60831
60831
60831
60830
60830
60830
60830
60829
60829
60829
60829
60828
60828
60828
60828
60827
60827
60827
60827
60826
60826
60826
60826
60825
60825
60825
60825
60824
60824
60824
60824
60824
60823
60823
60823
60823
60822
60822
60822
60822
60821
60821
60821
60821
60820
60820
60820
60820
60819
60819
60816
60815
60812
60808
60806
60804
60803
60803
60802
60802
60802
60801
60801
60800
60800
60799
60799
60799
60798
60798
60797
60797
60796
60795
60794
60793
60793
60793
60792
60792
60792
60792
60791
60791
60791
60790
60790
60790
60790
60789
60788
60788
60787
60787
60787
60787
60786
60786
60785
60785
60784
60784
60784
60784
60783
60783
60783
60783
60782
60782
60782
60782
60781
60780
60777
60777
60777
60776
60776
60776
60776
60776
60775
60775
60775
60775
60774
60774
60774
60774
60773
60773
60773
60773
60772
60772
60771
60770
60770
60770
60770
60769
60769
60769
60769
60768
60768
60768
60767
60767
60767
60767
60766
60766
60766
60766
60766
60764
60764
60763
60763
60763
60763
60762
60762
60762
60762
60762
60761
60761
60761
60761
60760
60760
60760
60760
60759
60759
60758
60757
60757
60757
60757
60756
60756
60756
60755
60755
60755
60755
60754
60754
60754
60754
60753
60753
60753
60753
60753
60752
60752
60752
60752
60751
60751
60751
60751
60750
60750
60750
60750
60749
60749
60749
60749
60748
60748
60748
60748
60747
60747
60747
60747
60747
60746
60746
60746
60746
60745
60745
60745
60745
60744
60744
60744
60744
60743
60743
60743
60743
60742
60742
60741
60739
60738
60736
60735
60733
60733
60733
60732
60732
60732
60731
60731
60731
60731
60731
60730
60729
60729
60727
60727
60727
60727
60726
60726
60726
60726
60725
60725
60725
60725
60724
60724
60724
60723
60722
60722
60722
60722
60721
60721
60721
60719
60719
60719
60719
60718
60718
60718
60718
60718
60717
60717
60717
60717
60716
60716
60714
60714
60714
60713
60713
60713
60713
60712
60712
60712
60712
60711
60711
60711
60711
60710
60710
60710
60710
60709
60709
60709
60709
60707
60707
60707
60706
60706
60706
60706
60705
60705
60705
60705
60704
60704
60704
60704
60703
60703
60703
60703
60703
60702
60701
60700
60699
60699
60699
60698
60698
60698
60698
60697
60697
60697
60696
60696
60696
60696
60695
60695
60694
60693
60693
60693
60693
60692
60692
60692
60692
60690
60690
60690
60689
60689
60689
60689
60688
60688
60688
60688
60687
60687
60687
60687
60686
60686
60686
60686
60685
60685
60685
60685
60684
60684
60684
60684
60684
60683
60683
60683
60683
60682
60682
60682
60682
60681
60681
60681
60681
60680
60680
60680
60680
60679
60679
60679
60679
60678
60678
60678
60678
60677
60677
60677
60677
60676
60676
60676
60676
60675
60675
60675
60675
60673
60670
60669
60667
60666
60664
60664
60664
60664
60663
60663
60662
60661
60660
60660
60660
60659
60659
60659
60659
60658
60658
60658
60658
60657
60657
60657
60657
60655
60655
60655
60655
60654
60654
60654
60653
60652
60652
60652
60651
60651
60651
60651
60650
60650
60650
60650
60649
60649
60649
60649
60647
60647
60647
60647
60646
60646
60646
60646
60645
60645
60645
60645
60644
60644
60644
60644
60643
60643
60643
60643
60642
60642
60642
60639
60639
60639
60639
60638
60638
60638
60638
60637
60637
60637
60637
60636
60636
60636
60636
60635
60635
60635
60634
60634
60632
60632
60631
60631
60630
60630
60630
60630
60629
60629
60629
60629
60628
60628
60628
60626
60626
60626
60626
60625
60625
60625
60625
60624
60624
60624
60624
60623
60623
60623
60623
60623
60622
60622
60622
60621
60621
60621
60621
60620
60620
60620
60620
60620
60619
60619
60619
60619
60618
60618
60618
60618
60617
60617
60617
60617
60616
60616
60616
60616
60615
60615
60615
60615
60614
60614
60614
60614
60613
60613
60613
60613
60613
60612
60612
60612
60612
60611
60611
60611
60611
60610
60610
60610
60610
60609
60609
60609
60609
60608
60608
60608
60608
60607
60607
60607
60607
60604
60603
60601
60600
60598
60596
60596
60594
60594
60594
60593
60593
60593
60593
60592
60592
60592
60592
60592
60591
60591
60591
60589
60589
60589
60589
60588
60588
60588
60588
60586
60586
