237439
188867
182454
128738
126267
80795
80792
80791
80790
80789
80788
80788
80787
80787
80787
80785
80772
80771
79890
79888
79887
79886
79885
79884
79884
79884
79883
79883
79882
79880
79880
79878
79878
79877
79877
79877
79876
79876
79875
79875
79875
79874
79874
79874
79873
79873
79872
79872
79872
79871
79869
79869
79869
79868
79868
79868
79867
79867
79867
79866
79866
79866
79865
79865
79864
79864
79864
79863
79863
79862
79862
79861
79861
79861
79860
79860
79859
79859
79859
79858
79858
79856
79856
79856
79855
79855
79855
79854
79854
79853
79853
79853
79852
79852
79852
79851
79851
79851
79850
79850
79840
79839
79838
79837
79837
79837
79836
79836
79835
79835
79835
79834
79834
79834
79832
79831
79831
79830
79830
79830
79829
79829
79829
79828
79828
79827
79827
79827
79826
79826
79825
79825
79824
79824
79824
79823
79823
79822
79822
79821
79821
79820
79820
79820
79819
79819
79818
79818
79818
79817
79817
79816
79816
79816
79815
79815
79815
79814
79814
79813
79813
79812
79812
79812
79811
79811
79811
79810
79810
79809
79809
79808
79808
79808
79807
79807
79806
79806
79806
79805
79805
79804
79804
79803
79803
79802
79802
79802
79801
79801
79800
79800
79798
79796
79794
79791
79789
79786
79786
79784
79784
79784
79783
79783
79782
79782
79781
79781
79780
79780
79780
79779
79779
79779
79778
79778
79778
79777
79777
79777
79775
79774
79773
79772
79772
79772
79771
79771
79770
79770
79769
79769
79768
79768
79767
79767
79767
79766
79766
79766
79765
79765
79764
79763
79762
79762
79762
79761
79761
79761
79760
79760
79760
79759
79759
79759
79756
79755
79755
79755
79754
79753
79753
79753
79752
79752
79750
79750
79749
79749
79749
79748
79748
79748
79747
79747
79747
79746
79746
79746
79745
79745
79745
79744
79744
79743
79743
79741
79741
79739
79739
79739
79738
79738
79738
79737
79737
79737
79736
79736
79734
79734
79734
79733
79733
79733
79732
79732
79731
79731
79731
79730
79730
79730
79729
79729
79729
79728
79728
79727
79727
79727
79726
79726
79726
79725
79725
79725
79724
79724
79724
79723
79723
79722
79722
79722
79721
79721
79721
79720
79720
79720
79719
79719
79719
79718
79718
79717
79717
79717
79716
79716
79716
79715
79715
79715
79714
79714
79713
79713
79713
79712
79712
79712
79711
79711
79711
79710
79710
79710
79709
79709
79709
79708
79708
79707
79707
79707
79706
79706
79706
79705
79705
79705
79703
79701
79700
79698
79697
79684
79684
79682
79682
79681
79681
79681
79680
79680
79679
79679
79679
79678
79678
79677
79677
79676
79675
79675
79673
79673
79672
79672
79672
79671
79671
79670
79670
79670
79669
79669
79669
79668
79668
79667
79667
79667
79666
79666
79666
79664
79664
79663
79663
79663
79662
79662
79662
79661
79661
79661
79660
79660
79659
79659
79659
79658
79658
79657
79657
79657
79656
79656
79654
79654
79653
79653
79653
79652
79652
79651
79651
79651
79650
79650
79650
79649
79649
79649
79648
79648
79648
79647
79647
79644
79643
79642
79641
79641
79641
79640
79640
79639
79639
79638
79637
79637
79637
79636
79636
79635
79635
79635
79634
79634
79634
79633
79633
79633
79632
79632
79632
79631
79631
79631
79630
79630
79630
79629
79629
79629
79628
79628
79626
79626
79625
79625
79625
79624
79624
79623
79623
79623
79622
79622
79622
79621
79621
79621
79620
79620
79620
79619
79619
79619
79618
79618
79618
79617
79617
79617
79616
79592
79592
79591
79591
79590
79589
79589
79589
79588
79588
79587
79587
79586
79586
79586
79585
79585
79584
79584
79583
79583
79583
79582
79582
79581
79581
79580
79580
79580
79579
79579
79578
79578
79577
79577
79574
79571
79569
79567
79565
79563
79562
79562
79562
79561
79561
79561
79560
79560
79560
79559
79557
79557
79555
79555
79554
79554
79553
79553
79553
79552
79552
79552
79551
79551
79551
79550
79549
79549
79549
79548
79548
79548
79547
79545
79545
79544
79544
79544
79543
79543
79543
79542
79542
79542
79541
79541
79541
79540
79540
79539
79539
79539
79538
79538
79538
79537
79536
79535
79535
79534
79534
79534
79533
79533
79533
79532
79532
79532
79531
79531
79530
79530
79530
79529
79529
79529
79528
79527
79526
79525
79524
79524
79524
79523
79522
79521
79521
79521
79520
79520
79520
79519
79519
79519
79517
79517
79516
79516
79516
79515
79515
79515
79514
79514
79513
79513
79513
79513
79512
79512
79512
79511
79511
79510
79510
79510
79509
79509
79509
79508
79508
79508
79507
79507
79507
79506
79506
79506
79505
79505
79504
79504
79504
79503
79503
79503
79502
79502
79502
79501
79501
79500
79500
79500
79499
79499
79499
79498
79498
79498
79497
79497
79497
79496
79496
79496
79495
79495
79494
79494
79494
79493
79493
79492
79492
79492
79491
79491
79491
79490
79490
79490
79489
79489
79489
79488
79488
79488
79487
79487
79487
79486
79486
79486
79485
79485
79482
79480
79478
79476
79475
79473
79473
79472
79472
79471
79470
79469
79468
79467
79467
79466
79466
79466
79465
79465
79465
79464
79464
79464
79463
79463
79463
79462
79462
79462
79461
79461
79461
79459
79459
79458
79458
79458
79457
79457
79456
79456
79456
79455
79455
79455
79454
79454
79454
79453
79453
79453
79452
79452
79452
79451
79450
79449
79449
79449
79448
79447
79447
79447
79446
79446
79445
79445
79445
79444
79444
79444
79443
79443
79442
79442
79442
79440
79440
79437
79437
79435
79435
79434
79434
79434
79433
79433
79433
79432
79432
79431
79431
79430
79429
79428
79428
79427
79427
79427
79426
79426
79424
79424
79424
79423
79423
79423
79422
79422
79422
79421
79421
79420
79420
79420
79419
79419
79419
79418
79418
79417
79417
79417
79416
79416
79416
79415
79415
79415
79414
79414
79414
79413
79413
79413
79412
79412
79412
79411
79411
79411
79410
79410
79410
79409
79409
79409
79408
79408
79408
79407
79407
79406
79406
79406
79405
79405
79405
79404
79404
79404
79403
79403
79403
79402
79402
79402
79401
79401
79401
79400
79400
79400
79399
79399
79399
79398
79398
79398
79397
79397
79397
79396
79396
79396
79395
79395
79395
79394
79394
79393
79390
79389
79387
79385
79382
79381
79379
79379
79378
79378
79377
79377
79377
79376
79376
79376
79375
79375
79375
79374
79374
79374
79373
79373
79373
79372
79372
79370
79370
79369
79369
79369
79368
79368
79367
79367
79367
79366
79366
79366
79365
79364
79364
79364
79363
79363
79363
79362
79362
79362
79360
79360
79359
79359
79359
79358
79358
79358
79357
79357
79357
79356
79356
79355
79354
79353
79353
79353
79352
79351
79351
79349
79348
79346
79346
79345
79345
79345
79344
79344
79344
79343
79343
79343
79342
79342
79342
79341
79339
79339
79339
79338
79338
79338
79337
79337
79335
79335
79335
79334
79334
79334
79333
79333
79333
79332
79332
79332
79331
79331
79330
79330
79330
79329
79329
79329
79328
79328
79328
79327
79327
79327
79326
79326
79326
79325
79325
79324
79324
79324
79323
79323
79323
79322
79322
79322
79321
79321
79321
79320
79320
79319
79319
79319
79318
79318
79318
79317
79317
79317
79316
79316
79316
79315
79315
79315
79314
79314
79314
79313
79313
79312
79312
79312
79311
79311
79311
79310
79310
79310
79309
79309
79309
79308
79308
79308
79307
79307
79307
79306
79306
79306
79305
79305
79304
79304
79303
79303
79303
79302
79302
79302
79299
79297
79295
79293
79292
79290
79290
79289
79289
79288
79288
79288
79287
79287
79287
79286
79286
79286
79285
79285
79285
79283
79282
79282
79282
79281
79281
79281
79280
79280
79279
79279
79279
79278
79278
79278
79277
79277
79277
79276
79276
79276
79275
79275
79273
79273
79272
79272
79272
79271
79271
79271
79270
79270
79270
79269
79269
79269
79268
79268
79267
79267
79267
79265
79265
79263
79263
79260
79260
79260
79259
79259
79259
79258
79258
79257
79257
79257
79256
79256
79256
79255
79254
79253
79253
79253
79252
79252
79252
79251
79250
79249
79249
79248
79248
79248
79247
79247
79247
79246
79246
79246
79245
79245
79244
79242
79242
79242
79241
79241
79241
79240
79240
79239
79239
79239
79238
79238
79238
79237
79237
79237
79236
79236
79236
79235
79235
79235
79233
79232
79232
79232
79231
79231
79230
79230
79230
79229
79229
79229
79228
79228
79228
79227
79227
79227
79226
79226
79226
79225
79225
79225
79224
79224
79224
79223
79223
79222
79222
79222
79221
79221
79221
79220
79220
79220
79219
79219
79219
79218
79218
79217
79217
79217
79216
79216
79216
79215
79215
79215
79214
79214
79214
79213
79213
79213
79212
79212
79212
79211
79211
79209
79207
79206
79204
79202
79200
79199
79198
79198
79198
79197
79197
79197
79196
79196
79196
79194
79193
79193
79193
79192
79192
79192
79191
79191
79190
79190
79189
79189
79189
79188
79188
79188
79187
79187
79186
79186
79186
79185
79184
79183
79183
79183
79182
79182
79182
79181
79181
79181
79180
79180
79180
79179
79179
79178
79177
79177
79176
79176
79175
79174
79173
79172
79172
79171
79171
79171
79170
79170
79169
79169
79169
79168
79168
79168
79167
79167
79165
79165
79165
79164
79164
79164
79163
79163
79161
79161
79160
79160
79160
79159
79159
79159
79158
79158
79158
79157
79157
79157
79156
79155
79154
79154
79153
79153
79153
79152
79152
79152
79151
79151
79151
79150
79150
79150
79149
79149
79149
79148
79148
79147
79147
79147
79146
79146
79146
79145
79145
79145
79144
79144
79144
79143
79143
79143
79142
79142
79142
79141
79141
79140
79140
79140
79139
79139
79139
79138
79138
79137
79137
79137
79136
79136
79136
79135
79135
79135
79134
79134
79134
79133
79133
79133
79132
79132
79132
79131
79131
79131
79130
79130
79129
79129
79129
79128
79128
79128
79127
79127
79127
79126
79126
79126
79124
79124
79123
79123
79123
79122
79122
79122
79121
79121
79118
79116
79114
79113
79111
79110
79109
79108
79108
79107
79106
79106
79105
79105
79105
79104
79104
79104
79103
79103
79103
79102
79102
79102
79101
79101
79101
79100
79100
79099
79099
79099
79097
79097
79096
79096
79096
79095
79095
79095
79094
79094
79094
79093
79093
79091
79091
79091
79090
79090
79090
79089
79089
79086
79086
79084
79084
79083
79083
79083
79082
79082
79081
79081
79081
79080
79080
79079
79079
79079
79077
79077
79076
79076
79076
79075
79075
79075
79073
79072
79072
79072
79071
79071
79071
79070
79070
79070
79069
79069
79069
79068
79068
79066
79066
79066
79065
79065
79065
79064
79064
79064
79063
79063
79063
79062
79062
79061
79061
79061
79060
79060
79060
79059
79059
79059
79058
79058
79058
79057
79057
79056
79056
79056
79055
79055
79055
79054
79054
79054
79053
79053
79053
79052
79052
79052
79051
79051
79051
79050
79050
79050
79049
79049
79049
79048
79048
79047
79047
79047
79046
79046
79046
79045
79045
79045
79044
79044
79044
79043
79043
79043
79042
79042
79042
79041
79041
79040
79040
79040
79039
79039
79039
79037
79037
79036
79036
79036
79035
79035
79035
79034
79034
79033
79033
79033
79032
79032
79032
79031
79031
79031
79029
79027
79026
79022
79021
79019
79018
79018
79018
79017
79017
79016
79016
79015
79015
79015
79014
79014
79014
79013
79013
79013
79012
79012
79012
79011
79010
79009
79009
79008
79008
79008
79007
79007
79006
79006
79005
79004
79004
79004
79003
79003
79002
79002
79002
79001
79001
78999
78999
78997
78997
78997
78996
78996
78996
78995
78995
78994
78994
78994
78993
78993
78993
78992
78989
78989
78989
78988
78988
78987
78987
78987
78985
78985
78984
78984
78984
78983
78983
78983
78982
78982
78982
78981
78981
78981
78980
78979
78978
78978
78978
78977
78977
78976
78976
78976
78975
78975
78975
78974
78974
78974
78973
78973
78973
78972
78972
78972
78971
78971
78970
78970
78970
78969
78969
78969
78968
78968
78968
78967
78967
78967
78966
78966
78966
78965
78965
78964
78964
78964
78963
78963
78963
78962
78962
78962
78961
78961
78961
78960
78960
78960
78959
78959
78959
78958
78958
78958
78957
78957
78957
78956
78956
78955
78955
78955
78954
78954
78953
78953
78953
78952
78952
78952
78950
78950
78949
78949
78949
78948
78948
78948
78947
78947
78947
78946
78946
78945
78945
78945
78944
78944
78944
78943
78943
78943
78942
78942
78942
78941
78941
78941
78939
78937
78936
78934
78932
78931
78930
78930
78930
78929
78929
78929
78928
78928
78928
78927
78927
78927
78926
78926
78924
78924
78923
78923
78923
78922
78922
78921
78920
78920
78919
78919
78919
78918
78918
78917
78917
78917
78916
78916
78916
78914
78914
78911
78911
78910
78910
78910
78909
78909
78909
78908
78908
78908
78907
78907
78906
78906
78904
78904
78904
78903
78903
78903
78902
78902
78900
78900
78899
78899
78899
78898
78898
78898
78897
78897
78897
78896
78896
78896
78895
78893
78893
78893
78892
78892
78892
78891
78891
78891
78890
78890
78890
78889
78889
78888
78888
78888
78887
78887
78887
78886
78886
78886
78884
78884
78883
78883
78883
78882
78882
78882
78881
78881
78881
78880
78880
78880
78879
78879
78879
78878
78878
78877
78877
78877
78876
78876
78874
78874
78874
78873
78873
78872
78872
78871
78871
78871
78870
78870
78870
78869
78869
78868
78868
78868
78867
78867
78867
78866
78866
78866
78865
78865
78865
78863
78862
78862
78862
78861
78861
78860
78860
78859
78859
78859
78858
78858
78858
78857
78857
78857
78856
78856
78856
78855
78855
78855
78854
78854
78854
78853
78853
78852
78852
78852
78851
78851
78851
78850
78850
78850
78848
78846
78844
78843
78841
78839
78839
78838
78838
78838
78837
78837
78837
78836
78834
78834
78834
78833
78832
78831
78831
78831
78830
78830
78830
78829
78829
78828
78828
78828
78827
78827
78827
78826
78826
78824
78824
78823
78822
78822
78821
78821
78821
78820
78820
78820
78819
78819
78819
78818
78818
78818
78816
78815
78815
78815
78814
78814
78814
78813
78812
78812
78811
78811
78810
78810
78810
78809
78809
78809
78808
78808
78808
78807
78807
78805
78805
78805
78804
78804
78804
78803
78803
78802
78802
78802
78801
78801
78801
78800
78800
78800
78799
78799
78799
78798
78798
78798
78796
78796
78795
78795
78795
78794
78794
78794
78793
78793
78793
78792
78792
78791
78791
78791
78790
78790
78789
78789
78789
78788
78788
78788
78787
78787
78787
78786
78786
78786
78785
78785
78785
78784
78784
78784
78783
78783
78783
78782
78782
78781
78781
78781
78780
78780
78780
78779
78778
78777
78777
78777
78776
78776
78775
78775
78775
78774
78774
78774
78773
78773
78773
78772
78772
78772
78771
78771
78771
78770
78770
78770
78769
78769
78769
78768
78768
78768
78767
78767
78767
78766
78766
78766
78765
78765
78764
78764
78764
78764
78763
78763
78762
78762
78759
78757
78756
78754
78752
78747
78746
78746
78744
78742
78741
78741
78740
78740
78739
78739
78738
78737
78737
78736
78736
78735
78735
78734
78733
78684
78683
78682
78682
78678
78678
78676
78676
78675
78674
78674
78674
78673
78673
78672
78672
78672
78671
78671
78671
78670
78669
78668
78668
78668
78667
78667
78666
78666
78664
78664
78664
78663
78663
78663
78662
78662
78662
78661
78661
78661
78660
78660
78660
78658
78657
78657
78657
78656
78656
78655
78655
78655
78654
78654
78654
78653
78653
78653
78652
78652
78652
78651
78651
78651
78650
78650
78648
78648
78647
78647
78646
78646
78646
78645
78645
78644
78644
78644
78643
78643
78643
78642
78642
78642
78641
78641
78641
78640
78640
78640
78639
78639
78639
78638
78638
78638
78637
78637
78636
78636
78636
78635
78635
78635
78634
78634
78634
78633
78633
78633
78632
78631
78630
78630
78630
78629
78629
78629
78628
78628
78628
78627
78627
78627
78626
78626
78625
78625
78625
78624
78624
78624
78623
78623
78623
78622
78622
78622
78621
78621
78621
78620
78620
78620
78619
78619
78618
78618
78618
78617
78617
78617
78616
78598
78597
78596
78596
78595
78595
78594
78594
78594
78593
78593
78592
78592
78590
78588
78585
78583
78581
78579
78579
78578
78578
78577
78576
78576
78576
78575
78575
78574
78574
78574
78573
78573
78573
78572
78572
78570
78570
78568
78568
78567
78567
78567
78566
78566
78566
78565
78565
78564
78564
78564
78563
78563
78561
78561
78561
78560
78560
78560
78559
78559
78557
78557
78557
78556
78556
78556
78555
78555
78555
78554
78554
78553
78553
78553
78552
78551
78549
78549
78548
78548
78547
78547
78546
78546
78546
78545
78545
78545
78544
78544
78544
78543
78543
78543
78542
78542
78542
78541
78539
78539
78539
78538
78538
78538
78537
78537
78537
78536
78536
78536
78535
78535
78534
78534
78534
78533
78533
78533
78532
78531
78530
78530
78530
78529
78529
78529
78528
78528
78528
78527
78527
78526
78526
78526
78525
78525
78525
78524
78524
78523
78522
78521
78521
78520
78520
78520
78519
78519
78519
78518
78518
78518
78517
78517
78517
78516
78516
78516
78515
78515
78515
78514
78514
78513
78513
78513
78512
78512
78512
78511
78511
78511
78510
78510
78510
78509
78509
78509
78508
78508
78508
78507
78507
78506
78506
78506
78505
78505
78505
78504
78504
78503
78503
78503
78502
78502
78502
78501
78501
78501
78500
78500
78500
78499
78496
78494
78492
78490
78489
78487
78487
78486
78486
78486
78485
78485
78485
78484
78484
78483
78483
78482
78481
78480
78479
78479
78479
78478
78478
78478
78477
78477
78477
78476
78476
78476
78475
78475
78472
78472
78471
78471
78471
78470
78470
78469
78468
78467
78467
78467
78466
78466
78465
78465
78465
78464
78464
78463
78463
78463
78463
78461
78461
78460
78460
78460
78459
78459
78458
78458
78458
78457
78457
78457
78456
78456
78456
78455
78455
78455
78454
78454
78454
78453
78452
78451
78451
78450
78450
78450
78449
78449
78449
78448
78448
78448
78447
78447
78446
78446
78446
78445
78445
78445
78444
78443
78442
78441
78440
78439
78439
78439
78438
78438
78438
78437
78437
78437
78436
78436
78436
78435
78435
78433
78433
78432
78432
78432
78431
78431
78431
78430
78428
78428
78428
78427
78427
78427
78426
78426
78426
78425
78425
78425
78424
78424
78424
78423
78423
78423
78422
78422
78421
78421
78421
78420
78420
78420
78419
78419
78419
78418
78418
78417
78417
78417
78416
78416
78416
78415
78415
78415
78414
78414
78414
78413
78413
78413
78412
78412
78412
78411
78411
78411
78410
78410
78410
78409
78409
78409
78408
78408
78408
78407
78407
78406
78404
78403
78401
78399
78397
78395
78395
78394
78394
78394
78393
78392
78392
78390
78390
78389
78389
78389
78388
78388
78388
78387
78387
78387
78386
78386
78385
78385
78383
78383
78382
78382
78382
78381
78381
78381
78379
78379
78378
78378
78377
78377
78377
78376
78376
78376
78375
78375
78375
78374
78374
78372
78372
78371
78371
78371
78370
78370
78370
78369
78369
78368
78368
78368
78367
78367
78367
78366
78366
78366
78365
78365
78365
78364
78363
78362
78362
78361
78361
78361
78360
78360
78360
78359
78359
78359
78358
78358
78357
78357
78357
78356
78356
78356
78355
78353
78353
78351
78351
78351
78350
78350
78350
78349
78349
78348
78348
78348
78347
78347
78345
78345
78345
78344
78344
78343
78343
78343
78342
78342
78342
78341
78341
78341
78340
78340
78340
78339
78339
78339
78338
78338
78338
78337
78337
78337
78336
78336
78335
78335
78335
78334
78334
78334
78333
78333
78333
78332
78332
78331
78331
78331
78330
78330
78330
78329
78329
78329
78328
78328
78328
78327
78327
78327
78326
78326
78326
78325
78325
78325
78324
78324
78324
78323
78323
78322
78322
78322
78321
78321
78321
78320
78320
78320
78319
78319
78319
78318
78318
78318
78317
78317
78314
78312
78310
78308
78306
78303
78303
78300
78300
78299
78299
78299
78298
78298
78298
78297
78297
78297
78296
78296
78296
78295
78294
78293
78293
78292
78292
78292
78291
78291
78289
78289
78289
78288
78288
78287
78287
78287
78286
78286
78286
78285
78285
78285
78284
78282
78282
78282
78281
78281
78281
78280
78280
78280
78279
78279
78279
78278
78278
78278
78277
78277
78276
78276
78276
78275
78275
78275
78273
78273
78272
78272
78272
78271
78271
78271
78270
78270
78270
78269
78269
78269
78268
78268
78267
78267
78267
78266
78266
78264
78264
78263
78262
78262
78261
78261
78260
78260
78260
78259
78259
78257
78257
78256
78256
78256
78255
78255
78254
78254
78254
78253
78253
78253
78252
78252
78252
78251
78251
78250
78250
78250
78249
78249
78249
78248
78248
78247
78247
78247
78246
78246
78246
78245
78245
78245
78244
78244
78243
78243
78243
78242
78242
78242
78241
78241
78241
78240
78240
78240
78239
78239
78239
78238
78238
78238
78237
78237
78236
78236
78236
78235
78235
78235
78234
78234
78234
78233
78233
78233
78232
78232
78232
78231
78231
78230
78230
78230
78229
78229
78229
78228
78228
78228
78227
78227
78227
78226
78226
78225
78225
78225
78223
78220
78219
78217
78215
78214
78213
78213
78213
78212
78212
78211
78211
78211
78210
78210
78208
78208
78207
78207
78207
78206
78206
78206
78204
78204
78203
78203
78203
78202
78202
78202
78201
78201
78201
78200
78200
78200
78199
78198
78197
78197
78197
78196
78196
78195
78195
78195
78194
78194
78194
78193
78193
78193
78192
78192
78192
78191
78191
78191
78190
78190
78188
78188
78186
78186
78186
78185
78185
78184
78184
78184
78183
78183
78183
78182
78182
78182
78181
78181
78181
78180
78180
78178
78178
78176
78176
78175
78175
78175
78174
78174
78173
78172
78172
78171
78171
78170
78170
78170
78169
78169
78169
78168
78168
78168
78166
78166
78165
78165
78165
78164
78164
78164
78163
78163
78163
78162
78162
78162
78161
78161
78161
78160
78160
78159
78159
78159
78158
78158
78158
78157
78157
78157
78156
78156
78156
78155
78155
78154
78154
78154
78153
78153
78153
78152
78152
78152
78151
78151
78151
78150
78150
78150
78149
78149
78148
78148
78148
78147
78147
78146
78146
78146
78145
78145
78145
78144
78144
78144
78143
78143
78143
78142
78142
78142
78141
78141
78141
78140
78140
78139
78139
78138
78138
78138
78137
78137
78137
78136
78136
78136
78134
78132
78130
78128
78127
78125
78125
78124
78124
78124
78122
78122
78121
78121
78121
78120
78120
78119
78117
78116
78116
78116
78115
78115
78115
78114
78114
78114
78113
78113
78113
78112
78112
78110
78110
78109
78109
78109
78108
78108
78107
78107
78106
78106
78106
78105
78105
78105
78104
78104
78103
78103
78103
78102
78102
78102
78100
78099
78099
78099
78098
78098
78098
78097
78097
78097
78096
78096
78096
78095
78095
78095
78094
78094
78093
78093
78093
78091
78091
78089
78089
78088
78088
78086
78086
78086
78085
78085
78085
78084
78084
78084
78083
78083
78083
78082
78082
78082
78081
78081
78079
78079
78077
78077
78076
78076
78075
78075
78074
78074
78074
78073
78073
78073
78072
78072
78072
78071
78071
78070
78070
78070
78069
78069
78069
78068
78068
78068
78066
78066
78065
78065
78065
78064
78064
78064
78063
78063
78063
78062
78062
78062
78061
78061
78061
78060
78060
78060
78059
78059
78059
78058
78058
78058
78057
78057
78057
78056
78056
78055
78055
78055
78054
78054
78054
78053
78053
78053
78052
78052
78052
78051
78051
78051
78050
78050
78050
78049
78049
78048
78048
78048
78047
78047
78047
78046
78046
78046
78045
78045
78045
78044
78043
78041
78039
78038
78035
78033
78033
78033
78032
78032
78032
78031
78029
78029
78029
78028
78028
78028
78027
78027
78027
78026
78026
78026
78025
78025
78025
78023
78023
78022
78022
78022
78021
78021
78021
78020
78020
78020
78019
78019
78018
78018
78018
78017
78017
78017
78016
78016
78016
78015
78014
78013
78013
78013
78012
78012
78011
78011
78011
78010
78010
78010
78009
78009
78009
78008
78008
78008
78007
78007
78006
78005
78004
78003
78001
78001
78000
78000
78000
77999
77999
77999
77998
77998
77998
77997
77997
77997
77996
77996
77996
77995
77995
77995
77993
77993
77991
77991
77990
77990
77990
77989
77989
77989
77988
77988
77987
77987
77987
77986
77986
77986
77985
77985
77985
77984
77984
77984
77983
77983
77983
77982
77982
77982
77981
77981
77981
77980
77980
77979
77979
77979
77978
77978
77978
77977
77977
77977
77976
77976
77976
77975
77975
77975
77974
77974
77973
77973
77973
77972
77972
77972
77971
77971
77971
77970
77970
77970
77969
77969
77969
77968
77968
77968
77967
77967
77966
77966
77966
77965
77965
77965
77964
77964
77964
77963
77963
77963
77962
77962
77962
77961
77961
77961
77960
77960
77960
77959
77959
77959
77958
77958
77955
77953
77952
77950
77946
77943
77942
77941
77941
77940
77940
77939
77939
77938
77937
77937
77936
77936
77936
77935
77935
77933
77933
77932
77932
77931
77931
77931
77930
77930
77930
77929
77929
77928
77928
77927
77927
77927
77926
77926
77925
77925
77925
77924
77923
77922
77922
77921
77921
77920
77920
77920
77919
77919
77918
77918
77918
77917
77917
77917
77916
77916
77916
77915
77915
77912
77912
77910
77910
77909
77909
77909
77908
77908
77908
77907
77907
77907
77906
77906
77905
77905
77905
77904
77904
77904
77903
77903
77901
77901
77899
77898
77898
77898
77897
77897
77897
77896
77896
77896
77895
77895
77895
77894
77894
77893
77893
77893
77892
77892
77892
77891
77891
77891
77890
77890
77890
77889
77889
77888
77888
77888
77887
77887
77887
77886
77886
77886
77885
77885
77885
77884
77884
77884
77883
77883
77882
77882
77882
77881
77881
77881
77880
77880
77880
77879
77879
77879
77878
77878
77878
77877
77877
77877
77876
77876
77876
77875
77875
77875
77874
77874
77874
77873
77873
77872
77872
77872
77871
77871
77871
77870
77870
77870
77869
77869
77869
77868
77868
77867
77867
77867
77866
77866
77866
77865
77865
77865
77864
77864
77864
77863
77860
77859
77857
77855
77854
77852
77852
77851
77851
77851
77850
77850
77850
77849
77849
77847
77847
77846
77846
77846
77845
77845
77845
77844
77844
77843
77843
77843
77842
77842
77842
77841
77841
77841
77840
77840
77840
77839
77838
77837
77837
77837
77836
77836
77836
77835
77835
77834
77834
77834
77833
77833
77833
77832
77832
77832
77830
77830
77829
77828
77827
77826
77825
77825
77823
77823
77822
77822
77821
77821
77820
77820
77819
77819
77819
77818
77818
77818
77817
77817
77817
77816
77815
77814
77813
77812
77812
77812
77811
77811
77811
77810
77810
77810
77809
77809
77809
77808
77808
77807
77807
77807
77806
77806
77806
77804
77804
77804
77803
77803
77803
77802
77802
77801
77801
77801
77800
77800
77800
77799
77799
77799
77798
77798
77798
77797
77797
77796
77796
77796
77795
77795
77795
77794
77794
77794
77793
77793
77793
77792
77792
77792
77791
77791
77791
77790
77790
77790
77789
77789
77788
77788
77788
77787
77787
77787
77786
77786
77786
77785
77785
77785
77784
77784
77784
77783
77783
77783
77782
77782
77781
77781
77781
77780
77780
77780
77779
77779
77779
77778
77778
77778
77777
77777
77775
77775
77774
77774
77774
77773
77773
77773
77771
77769
77768
77764
77763
77760
77759
77759
77759
77757
77756
77756
77756
77755
77755
77755
77754
77754
77754
77753
77753
77753
77752
77752
77752
77751
77751
77751
77750
77750
77749
77749
77747
77747
77747
77746
77746
77746
77745
77745
77745
77744
77744
77744
77743
77743
77742
77740
77740
77739
77739
77739
77738
77736
77736
77734
77734
77734
77733
77733
77733
77732
77732
77732
77731
77731
77731
77730
77730
77730
77729
77729
77729
77728
77728
77727
77726
77725
77724
77724
77723
77723
77723
77722
77722
77721
77721
77721
77720
77720
77720
77719
77719
77719
77718
77718
77717
77717
77716
77715
77714
77714
77714
77713
77713
77713
77712
77712
77712
77711
77711
77711
77710
77710
77710
77709
77709
77708
77708
77708
77707
77707
77707
77706
77706
77706
77705
77705
77703
77703
77703
77702
77702
77702
77701
77701
77701
77700
77700
77700
77699
77699
77699
77698
77698
77698
77697
77697
77697
77696
77696
77696
77695
77695
77694
77694
77694
77693
77693
77693
77692
77692
77691
77691
77691
77690
77690
77689
77689
77689
77688
77688
77688
77687
77687
77685
77685
77685
77684
77684
77684
77683
77683
77683
77682
77682
77682
77681
77681
77680
77680
77680
77678
77677
77675
77673
77671
77670
77669
77669
77668
77668
77668
77667
77667
77667
77666
77666
77665
77665
77665
77664
77664
77663
77663
77663
77662
77662
77660
77660
77659
77659
77659
77658
77658
77658
77657
77657
77657
77656
77655
77654
77654
77653
77653
77653
77652
77652
77652
77650
77650
77648
77648
77647
77647
77647
77646
77646
77646
77645
77645
77645
77644
77644
77644
77643
77643
77643
77642
77642
77642
77641
77640
77639
77637
77637
77637
77636
77636
77636
77635
77635
77635
77634
77634
77634
77633
77633
77632
77632
77632
77631
77631
77631
77630
77629
77628
77628
77628
77627
77627
77626
77626
77626
77625
77625
77625
77624
77624
77624
77623
77623
77623
77622
77622
77622
77621
77621
77620
77620
77620
77619
77619
77619
77618
77618
77618
77617
77617
77617
77601
77600
77600
77600
77599
77599
77599
77598
77598
77598
77597
77597
77596
77596
77595
77595
77595
77594
77594
77594
77593
77593
77593
77592
77592
77591
77591
77591
77590
77590
77590
77589
77589
77588
77588
77588
77587
77587
77585
77585
77584
77583
77583
77583
77582
77582
77582
77581
77581
77581
77580
77580
77580
77579
77579
77578
77578
77578
77577
77577
77577
77576
77576
77576
77573
77571
77569
77566
77564
77562
77562
77561
77561
77560
77560
77560
77559
77559
77559
77558
77558
77558
77557
77557
77555
77555
77555
77554
77554
77554
77553
77553
77553
77551
77550
77550
77550
77549
77549
77548
77548
77548
77547
77547
77547
77545
77544
77543
77543
77542
77542
77542
77541
77541
77541
77540
77540
77540
77539
77539
77539
77538
77538
77537
77537
77537
77536
77536
77534
77534
77532
77532
77532
77531
77531
77530
77530
77530
77529
77529
77529
77528
77528
77528
77527
77527
77527
77526
77526
77526
77525
77523
77523
77523
77522
77522
77522
77521
77521
77521
77520
77520
77520
77519
77519
77518
77518
77518
77517
77517
77517
77516
77516
77516
77515
77515
77515
77514
77514
77514
77513
77513
77513
77512
77512
77512
77511
77511
77511
77510
77510
77510
77509
77509
77509
77508
77508
77507
77507
77507
77506
77506
77506
77505
77505
77505
77504
77504
77503
77503
77503
77502
77502
77502
77501
77501
77501
77500
77500
77500
77499
77498
77497
77497
77497
77496
77496
77495
77495
77495
77494
77494
77494
77493
77493
77493
77492
77492
77492
77491
77491
77491
77490
77490
77490
77489
77489
77488
77488
77488
77487
77487
77487
77486
77486
77486
77483
77481
77479
77477
77476
77474
77474
77474
77473
77473
77473
77472
77472
77471
77470
77469
77469
77468
77468
77468
77466
77466
77465
77465
77465
77464
77464
77464
77463
77463
77462
77462
77462
77461
77461
77459
77459
77457
77457
77456
77456
77455
77455
77454
77454
77454
77453
77453
77453
77452
77452
77452
77451
77451
77451
77450
77450
77450
77448
77448
77446
77446
77445
77445
77443
77443
77442
77442
77441
77441
77441
77440
77440
77440
77439
77439
77438
77438
77438
77437
77437
77435
77435
77435
77434
77434
77434
77433
77433
77433
77432
77432
77432
77431
77431
77431
77430
77430
77428
77428
77427
77427
77427
77426
77426
77425
77425
77425
77424
77424
77424
77423
77423
77423
77422
77422
77422
77421
77421
77421
77420
77420
77420
77419
77419
77418
77418
77418
77417
77417
77417
77416
77416
77416
77415
77415
77414
77414
77414
77413
77413
77412
77412
77412
77411
77411
77411
77410
77409
77408
77408
77408
77407
77407
77406
77406
77406
77405
77405
77405
77404
77404
77404
77403
77403
77403
77402
77402
77402
77401
77401
77401
77400
77400
77400
77399
77399
77399
77398
77398
77398
77397
77397
77396
77396
77395
77395
77395
77394
77394
77394
77393
77392
77390
77388
77387
77384
77382
77382
77382
77380
77380
77379
77378
77377
77377
77377
77376
77376
77376
77375
77375
77374
77374
77374
77373
77373
77373
77372
77372
77372
77370
77369
77368
77368
77367
77367
77366
77366
77366
77365
77365
77365
77364
77364
77364
77363
77363
77363
77362
77362
77361
77361
77361
77359
77359
77357
77357
77357
77356
77356
77356
77355
77355
77354
77354
77354
77353
77353
77353
77352
77352
77352
77351
77351
77351
77350
77348
77348
77348
77347
77347
77347
77346
77346
77346
77345
77345
77345
77344
77344
77344
77343
77343
77341
77341
77340
77340
77340
77339
77339
77339
77338
77338
77338
77337
77337
77337
77336
77336
77336
77335
77335
77334
77334
77334
77333
77333
77333
77332
77332
77332
77331
77331
77331
77330
77330
77330
77329
77329
77327
77327
77326
77326
77326
77325
77325
77324
77324
77324
77323
77322
77321
77321
77321
77320
77320
77320
77319
77319
77318
77318
77318
77317
77317
77317
77316
77316
77316
77315
77315
77315
77314
77314
77313
77313
77312
77312
77312
77311
77311
77311
77310
77310
77310
77309
77309
77308
77308
77307
77307
77307
77306
77306
77306
77305
77305
77305
77304
77304
77304
77303
77303
77302
77301
77299
77295
77293
77292
77290
77290
77290
77289
77289
77288
77288
77288
77287
77287
77287
77286
77286
77286
77285
77285
77284
77284
77283
77282
77281
77280
77280
77280
77279
77279
77278
77278
77278
77277
77277
77277
77276
77276
77276
77275
77275
77275
77274
77274
77274
77272
77272
77270
77270
77269
77269
77268
77268
77267
77267
77266
77266
77266
77265
77265
77265
77264
77264
77264
77263
77263
77263
77262
77261
77260
77260
77260
77259
77259
77259
77258
77258
77257
77257
77257
77256
77256
77256
77255
77255
77253
77253
77253
77252
77252
77251
77251
77251
77250
77250
77250
77249
77249
77249
77248
77248
77247
77247
77247
77246
77246
77244
77244
77244
77243
77243
77243
77242
77242
77242
77241
77241
77241
77240
77240
77240
77239
77239
77238
77238
77238
77237
77237
77237
77235
77235
77234
77234
77234
77233
77233
77233
77232
77232
77231
77231
77231
77230
77230
77230
77229
77229
77229
77228
77228
77228
77227
77227
77227
77226
77226
77226
77225
77225
77224
77224
77224
77223
77223
77223
77222
77222
77222
77221
77221
77221
77220
77220
77220
77219
77219
77219
77218
77218
77218
77217
77217
77216
77216
77216
77215
77215
77215
77214
77214
77214
77211
77209
77207
77204
77202
77200
77200
77200
77199
77199
77198
77198
77198
77197
77197
77197
77196
77195
77194
77193
77192
77192
77192
77191
77191
77191
77190
77190
77190
77189
77189
77189
77188
77188
77187
77187
77187
77186
77186
77186
77184
77184
77182
77182
77181
77181
77181
77180
77180
77180
77179
77179
77179
77178
77178
77178
77177
77177
77176
77176
77176
77175
77175
77173
77173
77173
77172
77172
77171
77171
77171
77170
77170
77170
77169
77169
77169
77168
77168
77168
77166
77166
77165
77165
77165
77164
77164
77163
77163
77163
77162
77162
77161
77161
77161
77160
77160
77159
77159
77158
77158
77157
77156
77155
77154
77154
77154
77153
77153
77153
77152
77152
77152
77151
77151
77151
77150
77150
77149
77149
77149
77147
77147
77146
77146
77146
77145
77145
77145
77144
77144
77144
77143
77143
77143
77142
77142
77142
77141
77141
77141
77140
77140
77139
77139
77139
77138
77138
77138
77137
77137
77137
77136
77136
77136
77135
77135
77135
77134
77134
77134
77133
77133
77133
77132
77132
77132
77131
77131
77131
77130
77130
77130
77129
77129
77129
77128
77128
77127
77127
77127
77126
77126
77125
77125
77125
77124
77124
77124
77123
77123
77123
77121
77119
77117
77116
77114
77112
77112
77111
77111
77111
77110
77109
77108
77106
77106
77106
77105
77105
77105
77104
77104
77104
77103
77103
77103
77102
77102
77101
77101
77101
77100
77100
77100
77099
77098
77097
77096
77096
77095
77095
77095
77094
77094
77094
77093
77093
77092
77092
77092
77091
77091
77091
77090
77090
77090
77089
77089
77088
77087
77087
77087
77086
77086
77086
77084
77084
77083
77083
77083
77082
77082
77081
77081
77081
77079
77079
77078
77078
77078
77077
77077
77077
77076
77076
77076
77075
77075
77075
77074
77074
77074
77073
77073
77072
77072
77070
77070
77069
77068
77068
77067
77067
77067
77066
77066
77066
77065
77065
77065
77064
77064
77064
77062
77062
77061
77061
77061
77060
77060
77060
77059
77059
77059
77058
77058
77057
77057
77056
77056
77056
77055
77055
77054
77054
77054
77053
77053
77053
77052
77052
77052
77051
77051
77051
77050
77050
77050
77049
77049
77049
77048
77048
77048
77047
77047
77047
77046
77046
77045
77045
77045
77044
77044
77044
77043
77043
77043
77042
77042
77042
77041
77041
77041
77040
77040
77040
77039
77039
77039
77038
77038
77038
77037
77037
77036
77036
77036
77035
77035
77035
77034
77034
77032
77030
77029
77026
76987
76983
76983
76981
76981
76980
76980
76980
76979
76979
76979
76978
76978
76978
76977
76977
76976
76976
76976
76975
76975
76975
76974
76974
76972
76972
76970
76970
76970
76969
76969
76969
76968
76968
76968
76967
76967
76967
76966
76966
76966
76965
76965
76965
76964
76964
76964
76962
76962
76961
76961
76961
76960
76960
76959
76959
76959
76958
76958
76958
76957
76957
76957
76956
76954
76954
76954
76953
76953
76953
76952
76952
76951
76951
76950
76950
76950
76949
76949
76949
76948
76948
76947
76947
76947
76945
76945
76943
76943
76942
76942
76942
76941
76941
76940
76940
76940
76939
76939
76937
76936
76936
76936
76935
76935
76935
76934
76934
76934
76933
76933
76933
76932
76932
76931
76931
76931
76930
76930
76930
76929
76929
76929
76928
76927
76926
76926
76926
76925
76925
76925
76924
76924
76923
76923
76923
76922
76922
76922
76921
76921
76921
76920
76920
76920
76919
76919
76919
76918
76918
76917
76917
76917
76916
76916
76916
76915
76915
76915
76914
76914
76914
76913
76913
76913
76912
76912
76912
76911
76911
76911
76910
76910
76910
76909
76909
76909
76908
76908
76907
76907
76907
76906
76906
76906
76905
76905
76905
76903
76900
76899
76897
76896
76893
76892
76892
76892
76891
76891
76891
76890
76890
76890
76889
76889
76889
76888
76888
76888
76887
76886
76885
76884
76883
76883
76883
76882
76882
76882
76881
76881
76881
76880
76880
76879
76879
76879
76878
76878
76878
76877
76877
76877
76875
76875
76874
76874
76874
76873
76873
76873
76872
76872
76871
76871
76870
76870
76870
76869
76869
76867
76866
76866
76866
76865
76865
76865
76864
76864
76864
76863
76863
76863
76862
76862
76861
76861
76861
76860
76860
76860
76858
76858
76856
76856
76855
76855
76855
76854
76854
76854
76853
76852
76851
76851
76851
76850
76850
76849
76849
76849
76848
76848
76848
76846
76846
76846
76845
76845
76844
76844
76844
76843
76843
76843
76842
76842
76842
76841
76841
76841
76840
76840
76839
76839
76839
76838
76838
76838
76837
76837
76837
76836
76836
76836
76835
76835
76834
76834
76834
76833
76833
76833
76832
76832
76832
76831
76831
76831
76830
76830
76829
76829
76829
76828
76828
76828
76827
76827
76827
76826
76826
76826
76825
76825
76825
76824
76824
76824
76823
76823
76823
76822
76822
76822
76821
76821
76820
76820
76820
76819
76819
76819
76818
76818
76818
76817
76817
76817
76816
76813
76812
76809
76807
76805
76803
76803
76803
76802
76802
76801
76801
76801
76800
76800
76800
76798
76798
76796
76796
76795
76795
76795
76794
76794
76794
76793
76793
76792
76792
76792
76791
76791
76791
76790
76790
76790
76789
76789
76787
76787
76786
76786
76786
76785
76785
76785
76784
76784
76783
76783
76782
76782
76782
76781
76781
76779
76779
76778
76778
76778
76777
76776
76776
76776
76775
76775
76775
76774
76774
76774
76773
76773
76773
76772
76772
76772
76770
76770
76768
76768
76767
76767
76767
76766
76765
76764
76764
76763
76763
76763
76762
76762
76762
76761
76761
76761
76760
76760
76760
76758
76757
76756
76755
76755
76755
76754
76754
76754
76753
76753
76753
76752
76752
76751
76751
76751
76750
76750
76750
76749
76749
76749
76748
76748
76748
76747
76747
76746
76746
76746
76745
76745
76745
76744
76744
76744
76743
76743
76743
76742
76742
76742
76741
76741
76740
76740
76740
76739
76739
76738
76738
76738
76737
76737
76737
76736
76736
76736
76735
76735
76735
76734
76734
76734
76733
76733
76732
76732
76732
76731
76731
76731
76730
76730
76730
76729
76729
76729
76728
76728
76727
76727
76727
76726
76726
76726
76725
76725
76725
76724
76724
76722
76721
76719
76717
76716
76714
76714
76713
76713
76713
76711
76710
76709
76708
76708
76707
76707
76707
76706
76706
76706
76705
76705
76705
76704
76704
76704
76703
76703
76703
76702
76702
76701
76700
76699
76699
76699
76698
76698
76697
76697
76697
76696
76696
76696
76695
76695
76695
76694
76694
76692
76692
76692
76691
76691
76691
76690
76690
76690
76689
76689
76689
76688
76688
76686
76686
76685
76685
76685
76684
76684
76682
76682
76681
76680
76680
76678
76678
76678
76677
76677
76676
76676
76676
76675
76675
76675
76674
76674
76674
76673
76673
76673
76672
76671
76670
76669
76668
76668
76667
76667
76666
76666
76666
76665
76665
76665
76664
76664
76664
76663
76663
76663
76662
76662
76662
76661
76661
76660
76660
76660
76659
76659
76659
76658
76658
76658
76657
76657
76657
76656
76656
76656
76655
76655
76654
76654
76654
76653
76653
76653
76652
76652
76652
76651
76651
76651
76650
76650
76650
76649
76649
76649
76648
76648
76647
76647
76647
76646
76646
76645
76645
76645
76644
76644
76644
76643
76643
76643
76642
76642
76642
76641
76641
76641
76640
76640
76640
76639
76639
76638
76638
76638
76637
76637
76637
76636
76636
76636
76635
76635
76635
76632
76631
76628
76626
76623
76622
76620
76620
76619
76619
76619
76618
76618
76618
76617
76617
76617
76600
76599
76599
76598
76598
76598
76597
76597
76597
76596
76595
76594
76594
76593
76593
76593
76592
76592
76592
76591
76591
76591
76590
76590
76590
76589
76589
76587
76587
76587
76586
76586
76586
76585
76585
76584
76584
76584
76583
76583
76583
76582
76582
76582
76581
76581
76581
76580
76579
76578
76575
76575
76575
76574
76574
76574
76573
76573
76572
76572
76572
76571
76571
76571
76570
76570
76570
76569
76569
76569
76568
76567
76566
76565
76564
76564
76564
76563
76563
76562
76562
76562
76561
76561
76561
76560
76560
76560
76559
76559
76559
76558
76558
76558
76557
76557
76557
76556
76556
76556
76555
76555
76555
76554
76554
76554
76553
76553
76552
76552
76552
76550
76550
76549
76549
76548
76548
76547
76547
76547
76546
76546
76545
76545
76545
76544
76544
76543
76543
76542
76542
76542
76541
76541
76540
76540
76539
76539
76539
76538
76538
76537
76537
76536
76536
76535
76535
76535
76534
76534
76534
76533
76533
76533
76532
76532
76532
76531
76531
76531
76530
76530
76529
76529
76528
76528
76528
76527
76527
76526
76526
76526
76525
76525
76524
76522
76520
76518
76517
76515
76514
76513
76513
76512
76512
76512
76511
76511
76511
76510
76510
76510
76509
76509
76509
76508
76507
76506
76506
76506
76505
76505
76505
76504
76504
76504
76503
76503
76502
76502
76502
76501
76501
76499
76499
76499
76498
76498
76498
76497
76497
76497
76496
76496
76496
76495
76495
76495
76494
76494
76493
76493
76493
76491
76489
76489
76487
76487
76487
76486
76486
76486
76485
76485
76484
76484
76484
76483
76483
76483
76482
76482
76482
76481
76481
76481
76480
76479
76478
76477
76477
76476
76476
76475
76475
76475
76474
76474
76474
76473
76473
76472
76472
76472
76471
76471
76471
76470
76470
76470
76468
76467
76467
76467
76466
76466
76466
76465
76465
76464
76464
76464
76463
76463
76463
76462
76462
76462
76461
76461
76461
76460
76460
76460
76459
76459
76458
76458
76458
76457
76457
76457
76456
76456
76456
76455
76455
76455
76454
76454
76454
76453
76453
76452
76452
76452
76451
76451
76451
76450
76450
76450
76449
76449
76449
76448
76448
76448
76447
76447
76447
76446
76446
76446
76445
76445
76444
76444
76444
76443
76443
76443
76442
76442
76442
76441
76441
76440
76440
76440
76439
76438
76437
76437
76436
76436
76436
76432
76430
76427
76426
76424
76422
76422
76421
76421
76420
76420
76420
76419
76419
76419
76417
76417
76417
76416
76416
76415
76415
76415
76414
76414
76414
76413
76413
76413
76412
76412
76412
76410
76409
76409
76408
76408
76408
76407
76407
76407
76406
76406
76406
76405
76405
76404
76404
76404
76402
76402
76401
76401
76400
76399
76398
76397
76397
76397
76396
76396
76396
76395
76395
76394
76394
76394
76393
76393
76393
76392
76392
76392
76391
76391
76391
76389
76389
76387
76387
76386
76386
76386
76385
76385
76385
76384
76384
76384
76383
76383
76383
76382
76382
76381
76381
76381
76380
76380
76379
76378
76378
76377
76377
76377
76376
76376
76376
76375
76375
76375
76374
76374
76374
76373
76373
76373
76372
76372
76372
76371
76371
76371
76370
76370
76369
76369
76369
76368
76368
76368
76367
76367
76367
76366
76366
76366
76365
76365
76365
76364
76364
76364
76363
76363
76362
76362
76362
76361
76361
76361
76360
76360
76360
76359
76359
76359
76358
76358
76358
76357
76357
76356
76356
76356
76355
76355
76355
76354
76354
76354
76353
76353
76353
76352
76352
76352
76350
76350
76349
76349
76348
76348
76348
76347
76347
76347
76346
76346
76346
76345
76345
76343
76342
76340
76338
76337
76335
76335
76334
76334
76332
76332
76332
76331
76331
76331
76330
76330
76329
76329
76329
76328
76328
76328
76327
76327
76327
76325
76324
76324
76324
76323
76323
76323
76322
76322
76322
76321
76321
76321
76320
76318
76318
76318
76317
76317
76316
76316
76315
76314
76313
76312
76312
76312
76311
76311
76311
76310
76310
76309
76309
76309
76308
76308
76308
76306
76306
76305
76305
76304
76304
76302
76301
76300
76300
76299
76299
76299
76298
76298
76298
76297
76297
76296
76296
76296
76295
76295
76295
76294
76294
76294
76293
76293
76291
76291
76291
76290
76290
76289
76289
76289
76288
76288
76288
76287
76287
76287
76286
76286
76286
76285
76285
76285
76284
76284
76284
76283
76283
76283
76282
76282
76282
76281
76281
76281
76280
76280
76279
76279
76279
76278
76278
76278
76277
76277
76277
76276
76276
76276
76275
76275
76274
76274
76274
76273
76273
76273
76272
76272
76272
76271
76271
76271
76270
76270
76270
76269
76269
76269
76268
76268
76267
76267
76267
76266
76266
76266
76265
76264
76263
76263
76263
76262
76262
76261
76261
76261
76260
76260
76260
76259
76259
76259
76258
76258
76258
76257
76257
76257
76256
76256
76255
76253
76251
76250
76246
76245
76243
76243
76242
76242
76242
76241
76241
76241
76240
76240
76240
76239
76239
76238
76238
76237
76236
76236
76235
76235
76235
76234
76234
76234
76233
76233
76231
76231
76231
76230
76230
76230
76229
76229
76229
76228
76227
76226
76225
76224
76224
76224
76223
76222
76222
76221
76221
76221
76220
76220
76220
76219
76219
76219
76218
76218
76217
76217
76217
76215
76215
76213
76213
76212
76212
76212
76211
76211
76211
76210
76210
76210
76209
76209
76209
76208
76208
76207
76207
76207
76206
76206
76205
76204
76204
76203
76203
76203
76202
76202
76202
76201
76201
76201
76200
76200
76200
76199
76199
76199
76198
76198
76198
76197
76197
76197
76196
76196
76196
76195
76195
76195
76194
76194
76194
76193
76193
76193
76192
76192
76191
76191
76191
76189
76189
76188
76188
76188
76187
76187
76187
76186
76186
76185
76185
76185
76184
76184
76184
76183
76183
76183
76182
76182
76182
76181
76181
76181
76180
76180
76180
76179
76179
76179
76177
76177
76176
76175
76175
76175
76174
76174
76174
76173
76173
76173
76172
76172
76172
76171
76171
76171
76170
76170
76169
76169
76169
76168
76168
76168
76167
76167
76167
76166
76166
76166
76165
76164
76162
76160
76159
76157
76155
76155
76155
76154
76154
76154
76153
76153
76152
76151
76150
76150
76149
76149
76149
76148
76148
76147
76146
76146
76146
76145
76145
76144
76144
76144
76143
76143
76143
76142
76141
76140
76139
76139
76138
76138
76138
76137
76137
76136
76136
76136
76135
76135
76135
76134
76134
76134
76133
76133
76133
76132
76132
76131
76130
76129
76128
76128
76127
76127
76126
76126
76126
76125
76125
76125
76124
76124
76124
76123
76123
76122
76122
76122
76121
76121
76119
76119
76119
76118
76118
76118
76117
76117
76117
76116
76116
76115
76115
76115
76114
76114
76114
76113
76113
76113
76112
76112
76112
76110
76110
76109
76109
76109
76108
76108
76107
76107
76107
76106
76106
76106
76105
76105
76105
76104
76104
76104
76103
76103
76103
76102
76102
76101
76101
76100
76100
76100
76099
76099
76099
76098
76098
76097
76097
76097
76096
76096
76096
76095
76095
76095
76094
76094
76094
76092
76092
76091
76091
76091
76090
76090
76090
76089
76089
76088
76088
76088
76087
76087
76087
76086
76086
76086
76085
76085
76085
76084
76084
76084
76083
76083
76082
76082
76082
76081
76081
76081
76080
76080
76079
76079
76079
76078
76078
76078
76077
76073
76071
76070
76068
76066
76064
76064
76063
76062
76061
76061
76061
76060
76059
76059
76058
76058
76057
76057
76056
76056
76056
76055
76055
76055
76054
76054
76054
76053
76052
76051
76050
76049
76049
76049
76048
76048
76048
76047
76047
76046
76046
76046
76045
76045
76045
76044
76044
76044
76043
76043
76043
76041
76041
76039
76039
76038
76038
76037
76037
76037
76036
76036
76035
76035
76035
76034
76034
76034
76033
76033
76033
76032
76032
76032
76030
76029
76029
76029
76028
76028
76028
76027
76027
76027
76026
76026
76026
76025
76025
76025
76024
76024
76023
76023
76022
76022
76022
76020
76020
76019
76019
76019
76018
76018
76017
76017
76017
76016
76016
76016
76015
76015
76015
76014
76014
76014
76013
76013
76013
76012
76012
76012
76011
76011
76010
76010
76010
76009
76009
76009
76008
76008
76008
76007
76007
76007
76006
76006
76005
76005
76003
76003
76003
76002
76002
76002
76001
76001
76001
76000
76000
75999
75999
75999
75998
75998
75998
75997
75997
75997
75996
75996
75996
75995
75995
75995
75994
75994
75994
75993
75993
75993
75992
75992
75992
75991
75991
75991
75990
75990
75990
75989
75989
75988
75988
75988
75987
75987
75987
75986
75986
75984
75982
75980
75978
75976
75975
75974
75974
75974
75973
75973
75973
75972
75972
75972
75971
75971
75971
75970
75970
75970
75969
75969
75967
75967
75966
75965
75965
75964
75964
75964
75963
75963
75962
75962
75962
75961
75961
75961
75960
75960
75960
75959
75959
75959
75958
75957
75956
75954
75954
75954
75953
75953
75953
75952
75952
75952
75951
75951
75951
75950
75950
75950
75949
75948
75947
75947
75946
75946
75944
75944
75943
75943
75943
75942
75942
75942
75941
75941
75941
75940
75940
75940
75939
75939
75939
75938
75938
75937
75937
75937
75936
75935
75934
75934
75934
75933
75933
75933
75932
75932
75931
75931
75931
75930
75930
75930
75928
75927
75927
75927
75926
75926
75925
75925
75924
75924
75924
75923
75923
75923
75922
75922
75922
75921
75921
75921
75920
75920
75920
75919
75919
75916
75916
75915
75915
75915
75914
75914
75914
75913
75913
75912
75912
75912
75911
75911
75911
75910
75910
75910
75909
75909
75909
75908
75907
75907
75907
75906
75906
75906
75905
75905
75905
75904
75904
75904
75903
75903
75903
75902
75902
75902
75901
75901
75901
75900
75900
75899
75899
75899
75898
75898
75898
75897
75897
75897
75896
75896
75895
75895
75895
75893
75890
75889
75887
75886
75884
75884
75883
75883
75882
75882
75882
75881
75881
75881
75880
75880
75879
75878
75877
75876
75876
75876
75875
75875
75874
75874
75874
75873
75873
75873
75872
75872
75872
75871
75871
75871
75870
75870
75870
75868
75868
75866
75866
75865
75865
75865
75864
75864
75864
75863
75863
75863
75862
75862
75862
75861
75861
75861
75860
75860
75860
75859
75858
75857
75857
75856
75856
75856
75855
75855
75855
75854
75854
75854
75853
75853
75853
75852
75852
75852
75851
75851
75851
75850
75850
75848
75848
75848
75847
75847
75847
75846
75846
75845
75845
75845
75844
75844
75844
75843
75842
75841
75841
75841
75840
75840
75840
75839
75839
75839
75838
75838
75837
75837
75837
75836
75836
75836
75835
75835
75835
75834
75833
75832
75832
75831
75831
75830
75829
75829
75828
75828
75828
75827
75827
75827
75826
75826
75826
75825
75825
75825
75824
75824
75824
75823
75823
75823
75822
75822
75822
75821
75821
75820
75820
75820
75819
75819
75819
75818
75818
75817
75817
75817
75816
75816
75816
75815
75815
75815
75814
75814
75814
75813
75813
75813
75812
75812
75812
75811
75811
75811
75810
75810
75810
75809
75809
75809
75808
75808
75808
75805
75804
75802
75801
75799
75797
75797
75797
75796
75796
75795
75794
75793
75792
75792
75791
75791
75790
75790
75789
75789
75788
75788
75788
75787
75787
75787
75786
75786
75786
75785
75785
75785
75784
75783
75782
75781
75781
75780
75780
75779
75779
75778
75778
75778
75777
75777
75777
75776
75776
75776
75775
75775
75775
75774
75774
75773
75772
75771
75771
75771
75770
75770
75770
75769
75769
75769
75768
75768
75768
75767
75767
75767
75766
75766
75765
75765
75765
75764
75764
75763
75762
75762
75761
75761
75761
75760
75760
75760
75759
75759
75759
75758
75758
75758
75756
75756
75754
75754
75753
75753
75753
75752
75752
75752
75751
75751
75751
75750
75750
75749
75749
75749
75748
75746
75745
75745
75745
75744
75744
75744
75743
75743
75742
75742
75742
75741
75741
75741
75740
75740
75740
75739
75739
75739
75738
75738
75738
75737
75737
75737
75736
75736
75736
75735
75735
75734
75734
75734
75733
75733
75733
75732
75732
75732
75731
75731
75731
75730
75730
75729
75729
75729
75728
75728
75728
75727
75727
75727
75726
75726
75726
75725
75725
75725
75724
75724
75724
75723
75723
75723
75722
75722
75722
75721
75721
75721
75720
75720
75720
75719
75719
75716
75714
75712
75711
75708
75706
75705
75703
75703
75703
75702
75702
75702
75701
75701
75701
75700
75700
75700
75699
75699
75699
75698
75698
75697
75697
75697
75696
75695
75694
75693
75692
75692
75692
75691
75691
75691
75690
75690
75690
75689
75689
75689
75688
75688
75687
75687
75687
75686
75686
75686
75684
75684
75683
75683
75683
75682
75682
75682
75681
75681
75680
75680
75680
75679
75679
75678
75678
75678
75677
75677
75677
75676
75676
75674
75674
75674
75673
75673
75673
75672
75672
75672
75671
75671
75670
75670
75670
75669
75668
75667
75666
75665
75665
75665
75664
75664
75664
75663
75663
75663
75662
75662
75661
75661
75660
75659
75659
75659
75658
75658
75657
75657
75657
75656
75656
75656
75655
75655
75654
75654
75654
75653
75653
75653
75652
75652
75651
75651
75651
75650
75650
75650
75649
75649
75649
75648
75648
75648
75647
75647
75647
75646
75646
75646
75645
75645
75644
75644
75644
75643
75643
75643
75642
75642
75642
75641
75641
75641
75640
75640
75640
75639
75639
75639
75638
75638
75637
75637
75637
75636
75636
75636
75635
75635
75635
75634
75634
75634
75633
75633
75633
75632
75632
75631
75631
75631
75630
75630
75630
75629
75629
75627
75624
75623
75621
75619
75618
75617
75617
75617
75602
75601
75601
75600
75600
75600
75599
75599
75598
75598
75598
75597
75597
75595
75595
75593
75593
75593
75592
75592
75591
75591
75591
75590
75590
75590
75589
75589
75589
75588
75588
75588
75587
75587
75587
75586
75585
75584
75584
75584
75583
75583
75582
75582
75582
75581
75581
75581
75580
75580
75580
75579
75579
75579
75578
75577
75576
75576
75575
75574
75574
75573
75573
75572
75572
75572
75571
75571
75571
75570
75570
75570
75569
75569
75567
75567
75566
75565
75565
75565
75564
75564
75563
75563
75563
75562
75562
75559
75559
75558
75558
75558
75557
75557
75557
75556
75556
75554
75554
75554
75553
75553
75552
75552
75552
75551
75551
75551
75550
75550
75550
75549
75549
75549
75548
75548
75547
75547
75547
75546
75546
75545
75545
75545
75544
75544
75544
75543
75543
75543
75542
75542
75542
75541
75541
75541
75540
75540
75540
75539
75539
75539
75538
75538
75537
75537
75537
75536
75536
75536
75535
75535
75535
75534
75534
75534
75533
75533
75533
75532
75532
75532
75531
75531
75531
75530
75530
75530
75529
75529
75529
75528
75528
75528
75527
75527
75526
75526
75526
75525
75525
75525
75524
75523
75521
75519
75518
75516
75514
75514
75514
75513
75513
75513
75512
75512
75512
75511
75511
75509
75509
75507
75507
75506
75506
75506
75505
75505
75505
75504
75504
75504
75503
75503
75503
75502
75502
75502
75501
75501
75501
75500
75499
75498
75498
75498
75497
75497
75497
75496
75496
75495
75495
75495
75494
75494
75493
75493
75493
75492
75492
75492
75491
75491
75491
75489
75489
75488
75488
75488
75487
75487
75487
75486
75486
75486
75485
75485
75484
75484
75482
75482
75481
75480
75480
75480
75479
75479
75479
75478
75476
75476
75476
75475
75475
75475
75474
75474
75474
75473
75473
75473
75472
75471
75470
75469
75468
75468
75468
75467
75467
75467
75466
75466
75466
75465
75465
75465
75464
75464
75464
75463
75463
75463
75462
75462
75462
75461
75461
75461
75460
75458
75458
75458
75457
75457
75456
75456
75455
75455
75455
75454
75454
75454
75453
75453
75453
75452
75452
75452
75451
75451
75451
75450
75450
75450
75449
75449
75448
75448
75448
75447
75447
75447
75446
75446
75446
75445
75445
75445
75444
75444
75444
75443
75443
75443
75442
75442
75442
75441
75441
75441
75440
75440
75439
75439
75439
75438
75438
75438
75437
75437
75437
75436
75436
75434
75432
75431
75428
75427
75425
75425
75424
75424
75424
75422
75422
75420
75419
75419
75419
75418
75418
75418
75417
75417
75416
75416
75416
75415
75415
75415
75414
75414
75414
75413
75413
75413
75411
75410
75410
75410
75409
75409
75409
75408
75408
75408
75407
75407
75407
75406
75406
75406
75405
75405
75405
75404
75404
75404
75403
75402
75401
75401
75401
75400
75400
75400
75399
75399
75399
75398
75398
75398
75397
75397
75395
75395
75393
75392
75392
75392
75391
75390
75389
75389
75389
75388
75388
75388
75387
75387
75387
75386
75386
75386
75385
75385
75384
75382
75381
75380
75379
75379
75378
75378
75378
75377
75377
75377
75376
75376
75376
75375
75375
75375
75374
75374
75374
75373
75373
75373
75372
75372
75371
75371
75371
75370
75370
75370
75369
75369
75369
75368
75368
75368
75367
75367
75367
75366
75366
75366
75365
75365
75365
75364
75364
75363
75363
75363
75362
75362
75362
75361
75361
75361
75360
75360
75360
75359
75359
75359
75358
75358
75358
75357
75357
75357
75356
75356
75355
75355
75355
75354
75354
75354
75353
75353
75353
75352
75352
75352
75351
75351
75351
75350
75350
75350
75349
75349
75349
75348
75348
75348
75347
75347
75347
75344
75342
75340
75339
75336
75334
75333
75332
75332
75332
75331
75331
75330
75330
75330
75329
75329
75329
75328
75328
75328
75327
75327
75327
75326
75326
75325
75324
75324
75323
75323
75323
75322
75322
75321
75321
75320
75320
75320
75319
75319
75319
75318
75318
75318
75317
75317
75317
75316
75316
75314
75314
75313
75313
75313
75312
75312
75312
75311
75311
75311
75310
75310
75309
75309
75307
75307
75305
75305
75303
75303
75303
75302
75302
75301
75301
75301
75300
75300
75300
75299
75299
75298
75298
75298
75297
75297
75297
75295
75295
75293
75293
75292
75292
75292
75291
75291
75290
75290
75290
75289
75289
75289
75288
75288
75288
75287
75287
75287
75286
75286
75286
75285
75285
75285
75284
75284
75283
75283
75283
75282
75282
75282
75281
75281
75281
75280
75280
75280
75279
75279
75279
75278
75278
75278
75277
75277
75276
75276
75276
75275
75275
75275
75274
75274
75274
75273
75273
75272
75272
75272
75271
75271
75270
75270
75270
75269
75269
75269
75268
75268
75267
75267
75267
75266
75266
75266
75265
75265
75265
75264
75264
75264
75263
75263
75263
75262
75262
75262
75261
75261
75261
75260
75260
75259
75259
75259
75258
75258
75258
75257
75257
75254
75253
75251
75250
75247
75246
75245
75245
75245
75244
75244
75243
75243
75242
75242
75242
75241
75241
75241
75240
75240
75238
75238
75238
75237
75237
75237
75236
75236
75236
75235
75235
75234
75234
75234
75233
75233
75233
75232
75232
75232
75231
75231
75231
75229
75229
75228
75228
75228
75227
75227
75227
75226
75226
75225
75225
75225
75224
75224
75222
75220
75215
75215
75214
75212
75212
75211
75210
75210
75209
75209
75208
75208
75207
75206
75205
75205
75204
75204
75203
75203
75202
74756
74752
74749
74748
74748
74747
74747
74747
74746
74746
74745
74745
74745
74744
74744
74744
74743
74743
74742
74742
74742
74741
74741
74739
74739
74739
74738
74738
74738
74737
74737
74737
74736
74736
74735
74735
74735
74734
74734
74734
74733
74733
74733
74732
74732
74731
74731
74731
74730
74730
74730
74729
74729
74729
74728
74728
74728
74727
74727
74727
74726
74726
74725
74725
74725
74724
74724
74724
74723
74723
74723
74722
74722
74722
74721
74721
74721
74720
74720
74719
74719
74719
74718
74718
74718
74717
74717
74717
74716
74716
74716
74715
74715
74715
74714
74714
74713
74713
74713
74712
74712
74712
74711
74711
74711
74710
74708
74708
74708
74707
74706
74704
74702
74701
74699
74698
74697
74697
74697
74696
74696
74695
74695
74695
74694
74693
74692
74692
74691
74691
74691
74690
74690
74689
74689
74689
74688
74688
74688
74687
74687
74687
74686
74686
74686
74685
74685
74684
74683
74682
74682
74682
74681
74681
74681
74680
74680
74680
74679
74679
74678
74677
74676
74675
74675
74673
74673
74672
74672
74672
74671
74671
74671
74670
74670
74669
74669
74669
74668
74668
74668
74667
74667
74667
74666
74666
74664
74664
74662
74662
74661
74661
74661
74660
74660
74660
74659
74659
74659
74658
74658
74658
74657
74657
74657
74656
74656
74656
74655
74654
74653
74653
74652
74652
74651
74651
74651
74650
74650
74650
74649
74649
74648
74648
74648
74647
74647
74647
74646
74646
74646
74645
74645
74645
74644
74644
74644
74643
74642
74641
74641
74641
74640
74640
74639
74639
74638
74638
74638
74637
74637
74637
74636
74636
74636
74635
74635
74635
74634
74634
74634
74633
74633
74633
74632
74632
74632
74631
74631
74630
74630
74630
74629
74629
74629
74628
74628
74628
74627
74627
74627
74626
74626
74626
74625
74625
74625
74624
74624
74622
74622
74621
74621
74621
74620
74620
74620
74619
74619
74619
74618
74618
74616
74593
74591
74589
74587
74585
74584
74584
74583
74581
74581
74581
74580
74580
74579
74579
74578
74578
74577
74577
74576
74576
74576
74575
74575
74574
74574
74573
74573
74572
74572
74572
74570
74569
74569
74568
74568
74567
74567
74567
74566
74566
74561
74561
74561
74560
74560
74559
74558
74557
74556
74556
74555
74555
74554
74554
74554
74553
74553
74552
74552
74552
74551
74551
74551
74550
74550
74550
74549
74549
74546
74545
74544
74543
74543
74543
74542
74542
74542
74541
74541
74541
74540
74540
74540
74539
74539
74538
74538
74538
74537
74537
74537
74535
74535
74534
74534
74534
74533
74533
74533
74532
74532
74532
74531
74531
74531
74530
74530
74530
74529
74529
74529
74528
74528
74528
74527
74527
74526
74526
74526
74525
74525
74525
74524
74524
74524
74523
74523
74523
74522
74522
74522
74521
74521
74521
74520
74520
74520
74519
74519
74518
74518
74518
74517
74517
74517
74516
74516
74516
74515
74515
74515
74514
74514
74514
74513
74513
74513
74512
74512
74511
74511
74511
74510
74510
74510
74509
74509
74509
74507
74507
74506
74506
74506
74505
74505
74504
74504
74504
74503
74503
74503
74502
74502
74502
74501
74501
74501
74500
74500
74500
74496
74495
74493
74490
74486
74483
74482
74482
74481
74480
74480
74479
74479
74478
74478
74477
74477
74476
74444
74443
74443
74442
74442
74442
74441
74441
74439
74439
74438
74438
74438
74437
74437
74435
74435
74435
74434
74434
74434
74433
74433
74431
74431
74429
74429
74429
74428
74428
74427
74427
74427
74426
74426
74426
74425
74425
74425
74424
74424
74424
74423
74423
74423
74422
74421
74420
74419
74418
74418
74418
74417
74417
74417
74416
74416
74416
74415
74415
74415
74414
74414
74414
74413
74413
74413
74412
74412
74410
74410
74410
74409
74409
74408
74408
74408
74407
74407
74407
74406
74406
74406
74405
74405
74405
74404
74404
74403
74403
74403
74402
74402
74402
74401
74401
74401
74400
74400
74400
74399
74399
74399
74398
74398
74398
74397
74397
74396
74396
74396
74395
74395
74395
74394
74394
74394
74393
74393
74393
74392
74392
74392
74391
74391
74391
74390
74390
74390
74389
74389
74388
74388
74388
74387
74387
74387
74386
74386
74386
74385
74385
74385
74383
74383
74382
74382
74382
74381
74381
74381
74380
74380
74380
74379
74379
74378
74378
74378
74377
74377
74377
74376
74376
74376
74375
74375
74375
74374
74374
74374
74373
74373
74373
74371
74369
74368
74366
74365
74363
74362
74362
74362
74361
74361
74360
74360
74360
74359
74359
74359
74358
74358
74358
74356
74355
74355
74355
74353
74353
74352
74352
74352
74351
74351
74351
74350
74350
74350
74348
74348
74346
74346
74346
74345
74345
74344
74344
74344
74343
74343
74343
74342
74342
74342
74341
74341
74340
74340
74340
74339
74339
74338
74337
74334
74334
74333
74333
74331
74330
74330
74330
74329
74329
74328
74328
74327
74327
74327
74326
74326
74326
74325
74325
74325
74323
74323
74322
74322
74322
74321
74321
74321
74320
74320
74320
74319
74319
74319
74318
74318
74318
74317
74317
74317
74316
74316
74316
74314
74313
74313
74313
74312
74312
74312
74311
74311
74311
74310
74310
74310
74309
74309
74309
74308
74308
74308
74307
74307
74307
74306
74306
74305
74305
74305
74304
74304
74304
74303
74303
74303
74302
74302
74302
74301
74301
74300
74300
74300
74299
74299
74299
74298
74298
74298
74297
74296
74295
74295
74295
74294
74294
74293
74293
74293
74292
74292
74292
74291
74291
74291
74290
74290
74290
74289
74289
74289
74288
74288
74287
74287
74287
74286
74286
74286
74285
74285
74285
74284
74284
74284
74283
74283
74282
74282
74282
74278
74277
74275
74273
74272
74270
74270
74269
74269
74269
74268
74268
74267
74267
74265
74264
74263
74263
74263
74262
74262
74261
74261
74261
74260
74260
74260
74259
74259
74257
74257
74256
74255
74255
74254
74254
74254
74253
74253
74253
74252
74252
74252
74251
74251
74251
74250
74250
74250
74249
74249
74249
74247
74247
74245
74245
74244
74244
74244
74243
74243
74242
74242
74242
74241
74241
74241
74240
74240
74240
74239
74239
74239
74238
74238
74236
74236
74235
74235
74235
74234
74234
74234
74233
74233
74233
74232
74232
74231
74231
74231
74230
74230
74230
74229
74229
74229
74228
74227
74226
74226
74226
74225
74225
74224
74224
74223
74223
74223
74222
74222
74222
74221
74221
74221
74220
74220
74219
74219
74219
74218
74218
74218
74217
74217
74217
74216
74216
74214
74214
74214
74213
74213
74213
74212
74212
74211
74211
74211
74210
74210
74210
74209
74208
74207
74207
74207
74206
74206
74205
74205
74205
74204
74204
74204
74203
74203
74203
74202
74202
74202
74201
74201
74201
74200
74200
74200
74199
74199
74198
74198
74198
74197
74197
74197
74196
74196
74196
74195
74195
74195
74194
74194
74194
74193
74193
74193
74192
74192
74192
74191
74191
74189
74188
74186
74185
74183
74181
74180
74179
74178
74177
74177
74177
74176
74176
74176
74175
74175
74175
74174
74174
74174
74173
74173
74171
74171
74169
74169
74168
74168
74168
74167
74167
74167
74166
74166
74166
74165
74165
74165
74164
74164
74164
74163
74163
74163
74162
74159
74159
74157
74157
74156
74156
74156
74155
74155
74154
74154
74154
74153
74153
74153
74152
74152
74152
74151
74151
74150
74150
74150
74148
74148
74147
74147
74147
74146
74146
74145
74145
74145
74144
74144
74144
74143
74143
74143
74142
74142
74141
74141
74141
74140
74140
74139
74138
74138
74137
74137
74136
74136
74136
74135
74135
74135
74134
74134
74133
74133
74133
74132
74132
74132
74131
74131
74131
74130
74130
74130
74129
74129
74129
74128
74128
74128
74127
74127
74126
74126
74126
74125
74125
74125
74124
74124
74124
74122
74121
74121
74121
74120
74120
74120
74119
74119
74118
74118
74118
74117
74117
74117
74116
74116
74116
74115
74115
74115
74114
74114
74114
74113
74113
74112
74112
74112
74111
74111
74111
74110
74110
74109
74109
74109
74108
74108
74108
74107
74107
74107
74106
74106
74105
74105
74105
74104
74104
74104
74103
74103
74103
74102
74102
74102
74101
74098
74097
74093
74090
74088
74086
74086
74085
74085
74084
74084
74084
74083
74083
74083
74082
74082
74080
74080
74078
74078
74078
74077
74077
74077
74076
74076
74075
74075
74075
74074
74074
74074
74073
74073
74072
74072
74072
74071
74071
74069
74069
74067
74067
74067
74066
74066
74066
74065
74065
74065
74064
74064
74064
74063
74063
74063
74062
74062
74061
74061
74061
74060
74059
74059
74058
74058
74058
74057
74057
74056
74056
74056
74055
74055
74055
74054
74054
74054
74053
74053
74053
74052
74052
74052
74051
74050
74049
74049
74049
74048
74048
74048
74047
74047
74046
74046
74046
74045
74045
74045
74044
74044
74044
74043
74043
74043
74041
74041
74040
74040
74040
74039
74039
74039
74038
74038
74038
74037
74037
74036
74036
74036
74035
74035
74033
74033
74033
74032
74032
74032
74031
74031
74031
74030
74030
74030
74029
74029
74029
74028
74028
74027
74027
74027
74026
74026
74026
74025
74025
74025
74024
74024
74024
74023
74023
74023
74022
74022
74021
74021
74021
74020
74020
74020
74019
74019
74019
74018
74018
74018
74017
74017
74017
74016
74016
74016
74015
74015
74014
74014
74014
74013
74013
74013
74012
74012
74012
74011
74011
74011
74010
74009
74007
74005
74004
74002
74000
74000
74000
73999
73999
73998
73997
73996
73995
73994
73994
73994
73993
73993
73993
73992
73992
73992
73991
73991
73990
73990
73990
73989
73989
73989
73988
73988
73988
73986
73985
73984
73984
73983
73983
73982
73982
73982
73981
73981
73981
73980
73980
73980
73979
73979
73979
73978
73978
73978
73977
73977
73974
73974
73973
73973
73973
73972
73972
73970
73970
73969
73969
73968
73968
73968
73967
73967
73967
73966
73966
73966
73965
73965
73965
73963
73963
73962
73962
73962
73961
73961
73960
73960
73960
73959
73959
73959
73958
73958
73958
73957
73957
73956
73956
73956
73954
73953
73952
73951
73951
73951
73950
73950
73950
73949
73949
73948
73948
73948
73947
73946
73945
73945
73945
73944
73944
73944
73943
73943
73943
73942
73942
73942
73941
73941
73941
73940
73940
73939
73939
73939
73938
73938
73938
73937
73937
73937
73936
73936
73936
73935
73935
73935
73934
73934
73934
73933
73933
73933
73932
73932
73932
73931
73931
73930
73930
73930
73929
73929
73928
73928
73928
73927
73927
73927
73926
73926
73926
73925
73925
73925
73924
73924
73923
73923
73923
73922
73922
73922
73921
73921
73921
73920
73920
73920
73919
73918
73916
73914
73913
73910
73908
73907
73906
73905
73905
73905
73904
73904
73904
73903
73903
73903
73902
73902
73902
73901
73901
73900
73900
73900
73899
73899
73899
73897
73897
73895
73895
73894
73894
73894
73893
73893
73893
73892
73892
73892
73891
73891
73891
73890
73890
73890
73889
73889
73888
73888
73886
73886
73885
73885
73885
73884
73884
73884
73883
73883
73883
73882
73882
73882
73881
73881
73881
73880
73880
73880
73879
73879
73879
73877
73876
73876
73876
73875
73875
73875
73874
73874
73874
73873
73873
73873
73872
73872
73871
73871
73871
73870
73870
73870
73868
73868
73866
73865
73865
73865
73864
73864
73864
73863
73863
73862
73861
73860
73860
73860
73859
73859
73859
73858
73858
73857
73857
73857
73856
73856
73856
73855
73855
73855
73854
73854
73854
73852
73851
73851
73851
73850
73850
73849
73849
73849
73848
73848
73847
73847
73847
73846
73846
73845
73845
73845
73844
73844
73844
73843
73843
73843
73842
73842
73842
73841
73841
73840
73840
73840
73839
73839
73839
73838
73838
73838
73837
73837
73837
73836
73836
73836
73835
73835
73835
73834
73834
73834
73833
73833
73832
73832
73832
73831
73831
73831
73830
73830
73829
73829
73829
73827
73824
73823
73821
73819
73817
73817
73816
73816
73816
73815
73815
73815
73814
73814
73814
73813
73813
73813
73812
73812
73811
73809
73809
73806
73806
73806
73805
73805
73805
73804
73804
73804
73803
73803
73803
73802
73802
73802
73801
73801
73801
73800
73800
73799
73798
73798
73797
73797
73796
73796
73796
73795
73795
73795
73794
73794
73794
73793
73793
73792
73792
73792
73791
73791
73791
73790
73790
73788
73788
73787
73787
73787
73786
73786
73786
73785
73785
73785
73784
73784
73784
73783
73783
73782
73782
73782
73781
73781
73780
73779
73778
73777
73777
73776
73776
73776
73775
73774
73773
73773
73773
73772
73772
73772
73771
73771
73770
73770
73770
73769
73769
73769
73768
73768
73768
73767
73767
73767
73766
73766
73766
73765
73765
73765
73764
73764
73764
73763
73763
73763
73762
73762
73762
73761
73761
73761
73760
73760
73759
73759
73758
73758
73758
73757
73757
73757
73756
73756
73756
73755
73755
73755
73754
73754
73753
73753
73753
73752
73752
73752
73751
73751
73751
73750
73750
73749
73749
73749
73748
73748
73748
73747
73747
73747
73746
73746
73746
73745
73745
73745
73744
73744
73743
73743
73743
73742
73742
73742
73741
73741
73741
73738
73735
73733
73731
73729
73727
73727
73726
73726
73726
73725
73725
73725
73724
73724
73724
73722
73722
73720
73720
73719
73719
73719
73718
73718
73718
73717
73717
73716
73716
73716
73715
73715
73715
73714
73714
73714
73713
73713
73711
73711
73711
73710
73710
73710
73709
73709
73709
73708
73708
73708
73707
73707
73707
73706
73706
73706
73705
73705
73704
73704
73704
73702
73702
73701
73701
73701
73700
73700
73700
73699
73699
73699
73698
73698
73698
73697
73697
73696
73696
73696
73695
73695
73693
73693
73691
73691
73691
73690
73688
73688
73687
73687
73686
73686
73686
73685
73685
73685
73684
73683
73682
73682
73682
73681
73681
73681
73680
73680
73680
73679
73679
73678
73678
73678
73677
73677
73677
73676
73676
73676
73675
73675
73675
73674
73674
73674
73673
73673
73673
73672
73672
73672
73671
73671
73671
73670
73670
73670
73669
73669
73668
73668
73668
73667
73667
73667
73666
73666
73666
73665
73665
73665
73664
73664
73664
73663
73663
73662
73662
73662
73661
73661
73661
73660
73660
73660
73659
73659
73659
73658
73658
73658
73657
73657
73656
73656
73656
73655
73655
73655
73654
73654
73654
73653
73653
73653
73652
73652
73651
73651
73651
73649
73647
73646
73644
73643
73641
73641
73640
73640
73640
73638
73637
73635
73635
73635
73634
73634
73633
73633
73632
73632
73632
73631
73631
73631
73630
73630
73630
73629
73629
73629
73628
73628
73626
73626
73625
73625
73625
73624
73624
73624
73623
73623
73623
73622
73622
73622
73621
73621
73621
73620
73620
73619
73619
73619
73618
73594
73593
73593
73592
73592
73591
73591
73590
73588
73588
73587
73587
73586
73585
73585
73585
73584
73584
73583
73583
73582
73581
73580
73578
73576
73576
73575
73575
73575
73574
73574
73573
73573
73572
73572
73572
73571
73570
73568
73568
73566
73566
73565
73565
73564
73564
73564
73563
73563
73563
73562
73562
73562
73561
73561
73560
73560
73560
73559
73559
73559
73558
73558
73558
73557
73557
73557
73556
73556
73556
73555
73555
73554
73554
73554
73553
73553
73553
73552
73552
73551
73551
73551
73550
73550
73550
73549
73549
73549
73548
73548
73548
73547
73547
73547
73546
73546
73545
73545
73545
73544
73544
73544
73543
73543
73543
73542
73542
73542
73541
73541
73541
73540
73540
73540
73539
73539
73539
73538
73538
73538
73537
73537
73537
73536
73536
73536
73535
73535
73534
73534
73534
73533
73533
73533
73532
73531
73529
73527
73525
73523
73521
73520
73519
73519
73518
73518
73518
73517
73517
73517
73516
73516
73516
73515
73515
73515
73514
73514
73514
73513
73513
73513
73511
73510
73510
73510
73509
73509
73509
73508
73508
73508
73507
73507
73507
73506
73506
73506
73505
73505
73504
73504
73504
73503
73503
73501
73501
73501
73500
73500
73500
73499
73499
73499
73498
73498
73497
73497
73497
73496
73496
73496
73495
73495
73494
73494
73492
73491
73490
73489
73489
73488
73488
73488
73487
73487
73486
73486
73486
73485
73485
73485
73484
73483
73482
73481
73480
73480
73480
73479
73479
73478
73478
73478
73477
73477
73477
73476
73476
73475
73475
73475
73474
73474
73474
73473
73473
73473
73472
73472
73472
73471
73471
73471
73470
73470
73470
73469
73469
73469
73468
73468
73468
73466
73466
73465
73465
73464
73464
73464
73463
73463
73463
73462
73462
73462
73461
73461
73461
73460
73460
73460
73459
73459
73458
73458
73458
73457
73457
73457
73456
73456
73456
73455
73455
73455
73454
73454
73454
73453
73453
73453
73452
73452
73452
73451
73451
73451
73450
73450
73450
73449
73449
73449
73448
73448
73448
73447
73447
73447
73446
73446
73445
73445
73445
73444
73444
73440
73438
73437
73435
73433
73432
73431
73431
73431
73430
73430
73429
73429
73429
73428
73428
73427
73427
73427
73426
73426
73424
73424
73424
73423
73423
73423
73422
73422
73422
73421
73421
73420
73420
73420
73419
73419
73419
73418
73418
73418
73417
73417
73417
73414
73413
73413
73413
73412
73412
73412
73411
73411
73411
73410
73410
73410
73409
73409
73408
73408
73408
73406
73406
73405
73404
73403
73402
73401
73401
73401
73400
73400
73400
73399
73399
73398
73398
73398
73397
73397
73397
73395
73395
73393
73393
73393
73392
73392
73392
73391
73391
73391
73390
73390
73390
73389
73389
73389
73388
73388
73388
73387
73387
73387
73385
73385
73384
73384
73383
73383
73383
73382
73382
73382
73381
73381
73381
73380
73380
73380
73379
73379
73378
73378
73378
73377
73377
73377
73376
73376
73376
73375
73375
73375
73374
73374
73374
73373
73373
73373
73372
73372
73372
73371
73371
73371
73370
73370
73370
73369
73369
73368
73368
73368
73367
73367
73367
73366
73366
73366
73365
73365
73365
73364
73364
73364
73363
73363
73362
73362
73362
73361
73361
73361
73360
73360
73360
73359
73359
73359
73358
73358
73358
73357
73357
73357
73356
73356
73356
73354
73353
73350
73349
73347
73345
73344
73342
73341
73341
73341
73340
73340
73339
73339
73339
73338
73337
73336
73336
73336
73335
73335
73335
73334
73334
73334
73333
73333
73333
73332
73332
73332
73331
73331
73330
73330
73329
73329
73329
73327
73327
73326
73326
73326
73325
73325
73325
73324
73324
73323
73323
73323
73322
73322
73320
73320
73320
73319
73319
73319
73317
73317
73315
73315
73314
73314
73313
73313
73313
73312
73312
73311
73311
73311
73310
73310
73310
73308
73308
73306
73305
73305
73305
73304
73304
73304
73303
73303
73303
73302
73302
73302
73301
73301
73301
73300
73300
73300
73299
73299
73297
73297
73296
73296
73296
73295
73295
73295
73294
73294
73294
73293
73293
73293
73292
73292
73292
73291
73291
73290
73290
73290
73289
73289
73289
73288
73288
73288
73287
73287
73287
73286
73286
73286
73285
73285
73285
73284
73284
73284
73283
73283
73282
73282
73282
73281
73281
73281
73280
73280
73280
73279
73279
73279
73278
73278
73278
73277
73277
73277
73276
73276
73276
73275
73275
73275
73274
73274
73273
73273
73273
73272
73272
73272
73271
73271
73271
73270
73270
73269
73269
73269
73267
73267
73267
73266
73266
73266
73265
73265
73264
73264
73264
73262
73261
73258
73257
73255
73254
73253
73253
73253
73251
73251
73250
73249
73249
73249
73248
73248
73247
73247
73247
73246
73246
73246
73245
73245
73245
73244
73244
73243
73243
73243
73242
73240
73239
73239
73239
73238
73238
73238
73237
73237
73236
73236
73236
73234
73234
73233
73233
73233
73232
73232
73232
73231
73230
73229
73228
73227
73227
73227
73226
73226
73226
73225
73225
73223
73222
73221
73221
73220
73219
73218
73217
73216
73215
73215
73215
73214
73214
73214
73213
73213
73213
73212
73212
73211
73211
73211
73210
73210
73210
73209
73209
73209
73207
73207
73206
73206
73206
73205
73205
73205
73204
73204
73204
73203
73203
73202
73202
73202
73201
73201
73201
73200
73200
73200
73199
73199
73199
73198
73198
73198
73197
73197
73197
73196
73196
73196
73195
73195
73194
73194
73194
73193
73193
73193
73192
73192
73192
73191
73191
73191
73190
73190
73189
73189
73189
73188
73188
73188
73187
73187
73187
73186
73186
73186
73185
73185
73185
73184
73184
73184
73183
73183
73183
73182
73182
73182
73181
73181
73181
73180
73180
73178
73177
73177
73177
73176
73176
73176
73175
73175
73175
73174
73174
73174
73173
73173
73173
73172
73172
73172
73171
73170
73168
73166
73164
73162
73161
73160
73160
73159
73159
73159
73158
73158
73158
73157
73157
73157
73156
73156
73156
73155
73155
73154
73154
73154
73153
73152
73151
73151
73151
73150
73150
73150
73149
73149
73147
73147
73147
73146
73146
73146
73145
73145
73145
73144
73144
73144
73142
73142
73140
73140
73139
73139
73139
73138
73138
73138
73137
73137
73137
73136
73136
73136
73135
73134
73133
73132
73131
73131
73131
73130
73130
73130
73129
73129
73128
73128
73128
73127
73127
73127
73126
73126
73126
73125
73125
73125
73123
73123
73122
73122
73122
73121
73121
73121
73120
73120
73120
73119
73119
73119
73118
73118
73118
73117
73117
73117
73116
73116
73116
73115
73115
73115
73114
73114
73114
73113
73113
73112
73112
73112
73111
73111
73111
73110
73110
73110
73109
73108
73107
73107
73107
73106
73106
73105
73105
73105
73104
73104
73104
73103
73103
73103
73102
73102
73101
73101
73101
73100
73100
73100
73099
73099
73099
73098
73098
73098
73097
73097
73097
73096
73096
73095
73094
73094
73093
73093
73093
73092
73092
73091
73091
73091
73090
73090
73090
73089
73089
73089
73088
73088
73088
73087
73087
73087
73086
73086
73086
73085
73085
73085
73084
73082
73081
73079
73077
73075
73074
73073
73073
73073
73072
73072
73071
73071
73070
73070
73070
73069
73069
73069
73068
73066
73065
73065
73064
73064
73063
73062
73062
73061
73061
73060
73060
73060
73059
73059
73059
73058
73058
73058
73057
73057
73055
73055
73053
73053
73052
73052
73052
73051
73051
73051
73050
73050
73050
73049
73049
73049
73048
73047
73046
73045
73044
73044
73043
73043
73042
73042
73042
73041
73041
73041
73040
73040
73039
73039
73039
73038
73038
73038
73037
73037
73035
73035
73034
73034
73034
73033
73033
73033
73032
73032
73031
73031
73031
73030
73030
73030
73029
73029
73028
73028
73028
73027
73027
73025
73003
73003
73002
73002
73002
73001
73001
73000
73000
73000
72999
72999
72999
72998
72998
72998
72997
72997
72997
72996
72996
72996
72995
72995
72995
72994
72994
72993
72993
72993
72992
72992
72992
72991
72990
72990
72990
72989
72989
72989
72988
72988
72988
72987
72987
72986
72986
72986
72985
72983
72983
72983
72982
72982
72982
72981
72981
72981
72980
72980
72980
72979
72979
72979
72978
72978
72978
72977
72977
72976
72976
72976
72975
72975
72975
72974
72974
72974
72973
72973
72972
72972
72972
72971
72971
72971
72970
72967
72965
72964
72962
72960
72959
72958
72958
72958
72957
72957
72957
72956
72956
72954
72954
72954
72952
72952
72951
72951
72951
72950
72950
72950
72949
72949
72948
72948
72948
72947
72947
72947
72946
72946
72944
72944
72943
72942
72942
72941
72941
72941
72940
72940
72940
72939
72939
72939
72938
72938
72937
72936
72936
72934
72934
72933
72933
72933
72932
72932
72931
72931
72930
72930
72930
72929
72929
72929
72928
72928
72928
72927
72927
72926
72925
72924
72924
72924
72923
72923
72922
72922
72922
72921
72921
72921
72920
72920
72920
72919
72919
72919
72918
72918
72917
72917
72917
72915
72915
72914
72914
72914
72913
72913
72913
72912
72912
72912
72911
72911
72911
72910
72910
72910
72909
72909
72909
72908
72908
72907
72907
72907
72906
72906
72906
72905
72905
72905
72904
72904
72904
72903
72903
72903
72902
72902
72901
72901
72901
72900
72900
72900
72899
72899
72897
72897
72897
72896
72896
72896
72895
72895
72895
72894
72894
72894
72893
72893
72893
72892
72892
72891
72891
72891
72890
72890
72890
72889
72889
72889
72888
72888
72888
72887
72887
72886
72886
72886
72885
72885
72885
72884
72884
72883
72883
72883
72882
72882
72882
72881
72881
72879
72878
72876
72874
72873
72870
72870
72869
72865
72865
72864
72863
72863
72863
72862
72862
72862
72861
72861
72860
72860
72860
72859
72859
72859
72858
72858
72858
72857
72856
72855
72854
72853
72853
72852
72852
72852
72851
72851
72851
72850
72850
72849
72849
72849
72848
72847
72847
72845
72845
72844
72844
72843
72843
72843
72842
72842
72842
72841
72841
72841
72840
72840
72840
72838
72838
72837
72837
72837
72835
72834
72834
72834
72833
72833
72833
72832
72832
72832
72831
72831
72831
72830
72830
72830
72829
72829
72829
72828
72828
72828
72827
72825
72825
72825
72824
72824
72824
72823
72823
72823
72822
72822
72822
72821
72821
72821
72820
72820
72819
72819
72819
72818
72818
72818
72817
72817
72817
72816
72816
72816
72815
72815
72815
72814
72814
72813
72813
72813
72812
72812
72812
72811
72811
72810
72810
72808
72808
72808
72807
72807
72807
72806
72806
72806
72805
72805
72805
72804
72804
72804
72803
72803
72802
72802
72802
72801
72801
72800
72800
72800
72799
72799
72799
72798
72798
72798
72797
72797
72797
72796
72796
72796
72795
72795
72794
72794
72794
72793
72793
72793
72792
72792
72792
72791
72791
72791
72790
72790
72789
72789
72789
72787
72785
72783
72781
72780
72778
72778
72777
72777
72777
72776
72776
72776
72775
72775
72775
72774
72774
72774
72773
72773
72773
72772
72771
72770
72769
72769
72768
72768
72767
72767
72767
72766
72766
72765
72765
72764
72764
72764
72763
72762
72761
72760
72760
72759
72759
72758
72758
72758
72757
72757
72757
72756
72756
72756
72755
72755
72754
72754
72754
72753
72753
72753
72751
72750
72750
72750
72749
72749
72748
72748
72748
72747
72747
72747
72746
72746
72745
72745
72745
72744
72744
72744
72743
72743
72743
72741
72741
72740
72740
72740
72739
72739
72738
72738
72738
72737
72737
72737
72736
72736
72736
72735
72735
72734
72734
72733
72732
72731
72731
72731
72730
72730
72730
72729
72729
72729
72728
72728
72728
72727
72727
72727
72726
72726
72726
72725
72724
72722
72722
72721
72721
72720
72720
72720
72719
72719
72718
72718
72718
72717
72717
72717
72716
72716
72716
72715
72715
72714
72714
72714
72713
72713
72713
72712
72712
72712
72711
72711
72711
72710
72710
72709
72709
72709
72708
72708
72708
72707
72707
72707
72706
72706
72706
72705
72705
72705
72704
72704
72704
72703
72703
72703
72702
72702
72702
72701
72701
72700
72700
72700
72699
72698
72696
72695
72693
72691
72689
72688
72688
72688
72687
72687
72687
72686
72686
72685
72685
72685
72683
72683
72681
72681
72681
72680
72680
72680
72679
72679
72678
72678
72678
72677
72677
72677
72676
72675
72674
72673
72672
72672
72672
72671
72671
72671
72670
72670
72670
72669
72669
72669
72668
72668
72668
72667
72667
72666
72666
72666
72664
72664
72663
72663
72663
72662
72662
72661
72661
72661
72660
72660
72660
72659
72659
72659
72658
72658
72658
72657
72657
72657
72656
72655
72654
72654
72654
72653
72653
72653
72652
72652
72651
72651
72651
72650
72650
72650
72649
72649
72648
72648
72648
72647
72646
72645
72644
72643
72643
72643
72642
72642
72642
72641
72641
72641
72640
72640
72639
72639
72639
72637
72637
72636
72636
72636
72635
72635
72635
72634
72634
72634
72633
72633
72632
72632
72632
72631
72631
72631
72630
72630
72630
72629
72629
72629
72628
72628
72628
72627
72627
72627
72626
72626
72626
72625
72625
72625
72624
72624
72623
72623
72623
72622
72622
72622
72621
72621
72621
72620
72620
72620
72619
72619
72618
72618
72618
72617
72617
72617
72616
72600
72600
72599
72599
72598
72598
72598
72597
72597
72597
72596
72596
72596
72595
72592
72590
72588
72587
72585
72583
72582
72582
72582
72581
72581
72579
72579
72577
72577
72577
72576
72576
72575
72575
72575
72574
72574
72574
72573
72573
72573
72572
72571
72570
72569
72568
72568
72567
72567
72567
72566
72566
72566
72565
72565
72565
72564
72564
72564
72563
72563
72563
72562
72562
72561
72560
72560
72559
72559
72559
72558
72558
72558
72557
72557
72556
72556
72556
72555
72555
72555
72554
72554
72554
72553
72553
72553
72552
72551
72550
72550
72550
72549
72549
72548
72548
72548
72547
72547
72547
72546
72546
72546
72545
72545
72545
72544
72544
72544
72542
72542
72540
72540
72539
72539
72539
72538
72538
72538
72537
72537
72536
72536
72535
72534
72534
72534
72533
72533
72532
72532
72532
72531
72531
72531
72530
72530
72530
72529
72529
72529
72528
72528
72527
72527
72527
72526
72526
72526
72525
72525
72525
72524
72524
72524
72523
72523
72523
72522
72522
72522
72521
72521
72521
72520
72520
72520
72519
72519
72519
72518
72518
72517
72517
72517
72516
72516
72516
72515
72515
72515
72514
72514
72514
72513
72513
72513
72512
72512
72512
72511
72511
72511
72510
72510
72509
72509
72509
72508
72508
72508
72507
72507
72507
72506
72506
72504
72503
72501
72499
72498
72494
72493
72492
72491
72491
72490
72490
72489
72489
72489
72488
72488
72488
72487
72487
72486
72486
72484
72484
72483
72482
72482
72482
72481
72481
72481
72480
72480
72479
72479
72479
72478
72478
72478
72477
72477
72477
72476
72476
72475
72474
72473
72473
72473
72472
72472
72472
72471
72471
72471
72470
72470
72469
72469
72469
72468
72468
72468
72467
72466
72465
72465
72465
72463
72462
72462
72461
72461
72461
72460
72460
72460
72459
72459
72459
72458
72458
72458
72457
72457
72457
72456
72456
72455
72454
72454
72452
72451
72451
72451
72450
72450
72450
72449
72449
72447
72447
72446
72446
72446
72445
72445
72445
72444
72444
72444
72443
72443
72442
72442
72442
72441
72441
72441
72440
72440
72440
72424
72424
72423
72422
72422
72421
72421
72421
72420
72420
72419
72419
72419
72418
72418
72418
72417
72417
72417
72416
72416
72416
72415
72415
72415
72414
72414
72414
72413
72413
72413
72412
72411
72411
72411
72410
72410
72410
72409
72409
72409
72408
72408
72408
72407
72407
72407
72406
72406
72405
72405
72405
72404
72404
72404
72403
72403
72403
72402
72402
72402
72401
72401
72401
72400
72400
72399
72399
72399
72398
72396
72393
72391
72389
72387
72386
72386
72385
72385
72384
72384
72384
72383
72383
72383
72382
72381
72380
72379
72378
72378
72378
72377
72377
72377
72376
72376
72376
72375
72375
72374
72374
72374
72373
72373
72373
72372
72372
72372
72370
72370
72369
72369
72369
72368
72368
72368
72367
72367
72367
72366
72366
72366
72365
72365
72365
72364
72364
72363
72363
72363
72362
72361
72360
72360
72360
72359
72359
72359
72358
72358
72358
72357
72357
72357
72356
72356
72355
72355
72355
72354
72354
72354
72352
72352
72350
72350
72349
72349
72348
72348
72346
72346
72346
72345
72345
72344
72344
72344
72343
72343
72342
72342
72342
72341
72341
72339
72339
72338
72338
72338
72337
72337
72337
72336
72336
72336
72335
72335
72335
72334
72334
72334
72333
72333
72333
72332
72332
72330
72330
72330
72329
72329
72328
72328
72327
72327
72327
72326
72326
72326
72325
72325
72325
72324
72324
72324
72323
72323
72322
72322
72322
72321
72321
72321
72320
72320
72320
72319
72319
72319
72318
72318
72318
72317
72317
72316
72316
72316
72315
72315
72315
72314
72314
72314
72313
72313
72313
72312
72312
72312
72311
72311
72311
72310
72310
72310
72309
72309
72308
72308
72308
72306
72304
72303
72301
72298
72296
72296
72296
72295
72295
72293
72292
72291
72290
72290
72289
72289
72289
72288
72288
72288
72287
72287
72287
72286
72286
72286
72285
72285
72284
72284
72284
72283
72281
72281
72280
72280
72279
72279
72279
72278
72278
72278
72277
72277
72276
72276
72276
72275
72275
72275
72274
72274
72274
72273
72273
72271
72271
72271
72270
72270
72270
72269
72269
72268
72268
72268
72267
72267
72267
72266
72266
72266
72265
72265
72265
72264
72263
72262
72261
72260
72260
72259
72258
72258
72257
72257
72257
72256
72256
72255
72255
72255
72254
72254
72254
72253
72253
72253
72252
72251
72250
72249
72248
72248
72248
72247
72247
72247
72246
72246
72245
72245
72245
72244
72244
72244
72243
72243
72243
72242
72242
72242
72241
72241
72240
72240
72240
72239
72239
72239
72238
72238
72238
72237
72237
72237
72236
72236
72236
72235
72235
72234
72234
72234
72233
72233
72232
72232
72231
72231
72231
72230
72230
72230
72229
72229
72229
72228
72228
72228
72227
72227
72227
72226
72226
72226
72225
72225
72224
72224
72223
72223
72223
72222
72222
72222
72221
72221
72221
72220
72220
72220
72219
72219
72219
72218
72218
72217
72217
72217
72216
72213
72212
72210
72208
72205
72203
72202
72201
72201
72200
72200
72200
72199
72199
72199
72198
72198
72198
72197
72197
72197
72196
72196
72196
72195
72195
72195
72193
72193
72192
72192
72192
72191
72191
72190
72190
72190
72189
72189
72189
72188
72188
72188
72187
72187
72187
72186
72186
72186
72185
72184
72183
72183
72183
72182
72182
72182
72181
72181
72180
72180
72180
72179
72179
72179
72178
72178
72177
72177
72177
72176
72175
72174
72171
72171
72171
72170
72170
72170
72169
72169
72169
72168
72168
72168
72167
72167
72166
72166
72166
72165
72165
72165
72164
72163
72162
72161
72160
72160
72160
72159
72159
72159
72158
72158
72158
72157
72157
72157
72156
72156
72156
72155
72155
72155
72154
72154
72153
72153
72152
72152
72152
72151
72151
72151
72150
72150
72150
72149
72149
72148
72148
72148
72147
72147
72147
72146
72146
72146
72145
72145
72145
72144
72144
72144
72143
72143
72143
72142
72142
72141
72141
72141
72140
72140
72140
72139
72139
72138
72138
72138
72137
72137
72137
72136
72136
72136
72135
72135
72135
72134
72134
72134
72133
72133
72133
72132
72132
72132
72131
72131
72131
72130
72130
72129
72129
72129
72128
72128
72128
72127
72127
72124
72123
72121
72117
72116
72114
72114
72113
72113
72113
72112
72111
72111
72111
72110
72110
72109
72109
72109
72108
72108
72107
72106
72106
72105
72105
72105
72104
72104
72104
72103
72103
72103
72102
72102
72101
72101
72101
72100
72100
72099
72099
72099
72098
72097
72096
72096
72096
72095
72095
72095
72094
72094
72094
72093
72093
72093
72092
72092
72092
72091
72091
72090
72090
72087
72086
72085
72084
72083
72083
72082
72082
72082
72081
72081
72080
72080
72080
72079
72079
72079
72078
72078
72077
72077
72077
72076
72076
72074
72074
72072
72072
72072
72071
72071
72071
72070
72070
72069
72069
72068
72068
72067
72067
72067
72066
72066
72066
72065
72065
72065
72064
72064
72064
72063
72063
72063
72062
72062
72061
72061
72061
72060
72060
72060
72059
72059
72059
72058
72058
72058
72057
72057
72056
72056
72056
72055
72055
72055
72054
72054
72054
72053
72053
72053
72052
72052
72052
72051
72051
72050
72050
72050
72049
72049
72049
72048
72048
72048
72047
72047
72047
72046
72046
72046
72045
72045
72045
72044
72044
72043
72043
72043
72042
72042
72042
72041
72041
72041
72040
72040
72040
72039
72039
72039
72038
72038
72038
72037
72037
72036
72036
72033
72032
72030
72028
72026
72025
72024
72024
72024
72023
72023
72023
72022
72022
72022
72020
72020
72019
72019
72019
72018
72018
72018
72017
72017
72017
72016
72016
72015
72015
72015
72014
72014
72014
72013
72013
72013
72012
72010
72010
72010
72009
72009
72009
72008
72008
72008
72007
72007
72006
72006
72006
72005
72005
72004
72003
72003
72002
72002
72000
72000
71999
71998
71998
71997
71997
71997
71996
71996
71996
71995
71995
71995
71994
71994
71993
71993
71993
71992
71992
71992
71991
71990
71989
71988
71987
71987
71986
71986
71986
71985
71985
71985
71984
71984
71984
71983
71983
71983
71981
71981
71980
71980
71980
71979
71979
71979
71978
71978
71978
71977
71977
71976
71976
71976
71975
71975
71975
71974
71974
71974
71973
71973
71973
71972
71972
71972
71971
71970
71969
71969
71969
71968
71968
71967
71967
71966
71966
71966
71965
71965
71965
71964
71964
71964
71963
71963
71963
71962
71962
71961
71961
71961
71960
71960
71960
71959
71959
71959
71958
71958
71958
71957
71957
71957
71956
71956
71955
71955
71955
71954
71954
71954
71953
71953
71953
71952
71952
71952
71951
71951
71950
71950
71948
71948
71948
71947
71947
71947
71946
71946
71945
71944
71942
71939
71938
71936
71934
71934
71934
71933
71932
71931
71931
71931
71930
71930
71930
71929
71929
71929
71928
71928
71927
71927
71927
71926
71926
71926
71925
71925
71925
71924
71924
71922
71922
71922
71921
71921
71921
71920
71920
71920
71919
71919
71919
71918
71918
71916
71916
71915
71915
71915
71914
71914
71912
71912
71911
71910
71910
71910
71909
71909
71909
71908
71908
71907
71907
71906
71906
71906
71905
71905
71905
71904
71904
71904
71903
71902
71901
71900
71899
71899
71899
71898
71898
71898
71897
71897
71897
71896
71896
71896
71895
71895
71893
71893
71893
71892
71892
71892
71891
71891
71891
71890
71890
71890
71889
71889
71889
71888
71888
71888
71887
71887
71886
71886
71886
71885
71885
71885
71884
71884
71884
71883
71883
71883
71882
71882
71882
71881
71881
71880
71880
71880
71879
71879
71879
71878
71878
71878
71877
71877
71876
71876
71876
71875
71875
71875
71874
71874
71874
71873
71873
71873
71872
71872
71872
71871
71871
71871
71870
71870
71870
71869
71869
71868
71868
71868
71867
71867
71866
71866
71866
71865
71865
71863
71863
71863
71862
71862
71862
71861
71861
71861
71860
71860
71860
71859
71859
71859
71858
71858
71858
71855
71853
71851
71849
71847
71845
71845
71844
71844
71844
71843
71843
71843
71842
71842
71841
71841
71841
71840
71840
71840
71839
71839
71839
71838
71838
71836
71836
71835
71835
71835
71834
71834
71834
71833
71833
71833
71831
71830
71830
71829
71829
71829
71828
71828
71827
71827
71825
71825
71823
71823
71822
71822
71822
71821
71821
71821
71820
71820
71820
71819
71819
71818
71818
71818
71817
71817
71817
71816
71816
71814
71814
71812
71812
71812
71811
71811
71811
71810
71810
71810
71809
71809
71809
71808
71808
71808
71806
71805
71805
71805
71804
71804
71803
71803
71803
71802
71802
71802
71801
71801
71801
71800
71800
71800
71799
71799
71799
71798
71798
71797
71797
71797
71796
71796
71796
71795
71795
71794
71794
71794
71793
71793
71792
71792
71792
71791
71791
71791
71790
71790
71790
71789
71789
71789
71788
71788
71788
71787
71787
71787
71786
71786
71786
71785
71785
71785
71784
71784
71783
71783
71783
71782
71782
71782
71781
71781
71781
71780
71780
71780
71779
71779
71779
71778
71777
71776
71776
71776
71775
71775
71775
71774
71774
71773
71773
71773
71772
71772
71772
71771
71771
71771
71770
71770
71770
71769
71769
71769
71768
71768
71768
71766
71764
71761
71760
71758
71756
71756
71756
71755
71755
71755
71754
71754
71754
71753
71753
71752
71752
71752
71751
71750
71750
71749
71749
71749
71748
71748
71747
71746
71746
71745
71745
71744
71744
71744
71743
71743
71743
71742
71742
71742
71740
71740
71738
71738
71738
71737
71737
71736
71736
71736
71735
71735
71735
71734
71734
71734
71733
71733
71733
71732
71732
71732
71731
71728
71728
71726
71726
71725
71725
71725
71724
71724
71724
71723
71723
71723
71722
71722
71721
71721
71720
71719
71719
71719
71718
71718
71717
71717
71717
71716
71716
71716
71715
71715
71715
71714
71714
71714
71713
71713
71712
71712
71712
71710
71710
71709
71709
71709
71708
71708
71708
71707
71707
71707
71706
71706
71706
71705
71705
71705
71704
71704
71704
71703
71703
71703
71702
71702
71701
71701
71701
71700
71700
71700
71699
71699
71699
71698
71698
71698
71697
71697
71697
71696
71696
71696
71695
71695
71694
71694
71694
71693
71693
71693
71692
71691
71690
71690
71690
71689
71689
71689
71688
71688
71687
71687
71687
71686
71686
71686
71685
71685
71685
71684
71684
71684
71683
71683
71683
71682
71682
71682
71681
71681
71680
71680
71680
71679
71679
71679
71678
71677
71675
71674
71672
71670
71669
71668
71668
71668
71667
71667
71667
71666
71666
71664
71664
71664
71663
71663
71661
71661
71661
71660
71660
71660
71659
71659
71658
71658
71658
71657
71657
71657
71656
71656
71654
71654
71653
71652
71652
71652
71651
71651
71651
71650
71650
71650
71649
71649
71648
71648
71648
71647
71647
71647
71646
71646
71645
71644
71643
71642
71641
71641
71641
71640
71640
71639
71639
71639
71638
71638
71638
71637
71637
71637
71635
71634
71634
71634
71633
71633
71633
71632
71632
71632
71631
71631
71631
71630
71630
71630
71629
71629
71629
71628
71628
71628
71627
71626
71625
71625
71624
71624
71624
71623
71623
71623
71622
71622
71622
71621
71621
71621
71620
71620
71620
71619
71619
71618
71618
71618
71617
71617
71617
71616
71602
71601
71601
71599
71599
71598
71598
71597
71597
71597
71596
71596
71596
71595
71595
71594
71594
71594
71593
71593
71593
71592
71591
71590
71590
71590
71589
71589
71588
71588
71588
71587
71587
71587
71586
71586
71586
71585
71585
71585
71584
71584
71583
71583
71583
71582
71582
71582
71581
71581
71581
71580
71580
71580
71579
71579
71579
71578
71578
71578
71577
71577
71577
71576
71576
71575
71575
71573
71570
71569
71567
71566
71564
71564
71563
71562
71561
71559
71559
71558
71558
71557
71557
71556
71556
71556
71555
71555
71555
71554
71554
71554
71553
71553
71552
71552
71551
71550
71549
71548
71548
71548
71547
71547
71546
71546
71546
71545
71545
71545
71544
71544
71544
71543
71543
71543
71542
71542
71541
71540
71540
71538
71538
71537
71537
71537
71536
71536
71536
71535
71535
71534
71534
71534
71533
71533
71531
71531
71531
71530
71530
71530
71529
71529
71529
71528
71528
71528
71527
71527
71526
71526
71526
71525
71525
71525
71524
71524
71524
71522
71522
71521
71521
71520
71520
71520
71519
71519
71519
71518
71518
71518
71517
71517
71517
71516
71516
71515
71515
71515
71514
71514
71514
71513
71513
71513
71512
71512
71512
71511
71511
71511
71510
71510
71510
71509
71509
71508
71508
71508
71507
71507
71507
71506
71506
71504
71504
71504
71503
71503
71502
71502
71502
71501
71501
71501
71500
71500
71500
71499
71499
71499
71498
71498
71497
71497
71497
71496
71496
71495
71495
71495
71494
71494
71494
71493
71493
71493
71492
71492
71492
71491
71491
71491
71490
71490
71489
71489
71489
71488
71488
71488
71487
71487
71486
71486
71486
71485
71485
71482
71480
71478
71476
71475
71473
71472
71472
71472
71471
71471
71470
71470
71470
71469
71469
71469
71468
71468
71468
71467
71467
71467
71465
71465
71463
71463
71462
71462
71462
71461
71461
71461
71460
71460
71459
71459
71458
71458
71458
71457
71457
71457
71456
71456
71456
71454
71454
71452
71452
71452
71451
71451
71451
71450
71450
71450
71449
71449
71448
71448
71448
71447
71446
71445
71445
71445
71444
71444
71444
71443
71443
71443
71442
71442
71442
71441
71441
71441
71440
71440
71440
71439
71439
71439
71438
71437
71437
71436
71436
71435
71435
71435
71434
71434
71434
71433
71433
71433
71432
71432
71432
71431
71431
71431
71430
71430
71428
71428
71428
71427
71427
71426
71426
71426
71425
71425
71425
71424
71424
71424
71423
71423
71422
71422
71422
71421
71421
71421
71419
71419
71418
71418
71418
71417
71417
71417
71416
71416
71416
71415
71415
71415
71414
71414
71414
71413
71413
71412
71412
71412
71411
71411
71411
71410
71410
71410
71409
71409
71409
71408
71408
71408
71407
71407
71407
71406
71406
71406
71405
71405
71405
71404
71404
71404
71403
71403
71402
71402
71402
71401
71401
71401
71400
71400
71400
71399
71399
71399
71398
71398
71398
71396
71393
71391
71390
71388
71387
71386
71386
71385
71385
71385
71384
71383
71383
71383
71382
71382
71380
71379
71375
71374
71374
71373
71373
71372
71372
71371
71370
71370
71369
71369
71368
71367
71367
71366
71366
71365
71365
71364
71363
71361
71360
71303
71303
71302
71302
71302
71301
71301
71300
71300
71300
71299
71299
71299
71298
71298
71296
71296
71296
71295
71295
71295
71294
71293
71292
71292
71292
71291
71291
71290
71290
71290
71289
71289
71289
71288
71288
71288
71287
71286
71285
71285
71285
71284
71284
71284
71283
71283
71283
71282
71282
71282
71281
71281
71280
71280
71280
71279
71279
71279
71277
71277
71275
71275
71274
71274
71274
71273
71273
71273
71272
71272
71272
71271
71271
71271
71270
71270
71270
71268
71268
71267
71267
71267
71266
71266
71265
71265
71264
71264
71264
71263
71263
71263
71262
71262
71262
71261
71261
71261
71260
71260
71260
71259
71259
71259
71258
71258
71258
71257
71257
71257
71256
71256
71256
71255
71255
71255
71254
71254
71254
71253
71253
71253
71252
71252
71252
71251
71251
71251
71250
71250
71249
71249
71249
71248
71248
71248
71247
71247
71247
71246
71246
71246
71245
71245
71245
71244
71244
71244
71243
71241
71239
71238
71236
71235
71233
71233
71232
71232
71232
71231
71230
71229
71228
71227
71227
71227
71226
71226
71226
71225
71225
71224
71224
71224
71223
71223
71223
71222
71222
71222
71221
71221
71221
71219
71219
71217
71217
71217
71216
71216
71215
71215
71215
71214
71214
71214
71213
71213
71213
71212
71211
71210
71210
71210
71209
71209
71209
71208
71208
71207
71207
71207
71206
71206
71206
71205
71205
71205
71204
71204
71204
71203
71203
71201
71201
71201
71200
71200
71200
71199
71199
71199
71198
71198
71198
71197
71197
71197
71196
71196
71195
71195
71195
71194
71193
71193
71191
71191
71190
71190
71190
71189
71189
71189
71188
71188
71188
71187
71187
71187
71185
71184
71184
71184
71183
71183
71183
71182
71182
71182
71181
71181
71181
71180
71180
71179
71179
71177
71177
71177
71176
71176
71176
71175
71175
71174
71174
71174
71173
71173
71173
71172
71172
71172
71171
71171
71171
71170
71170
71170
71169
71169
71168
71168
71168
71167
71167
71167
71166
71166
71166
71165
71165
71165
71164
71164
71164
71163
71163
71163
71162
71162
71161
71161
71161
71160
71160
71160
71159
71159
71159
71158
71158
71158
71157
71157
71157
71156
71156
71156
71155
71152
71150
71149
71146
71144
71141
71141
71139
71139
71139
71138
71138
71137
71137
71137
71136
71136
71136
71135
71135
71135
71134
71134
71134
71133
71133
71133
71132
71130
71130
71128
71128
71128
71127
71127
71126
71126
71126
71125
71125
71125
71124
71124
71124
71123
71122
71121
71121
71121
71120
71120
71120
71119
71119
71119
71118
71118
71117
71117
71117
71116
71116
71116
71115
71115
71115
71114
71114
71113
71112
71112
71111
71111
71111
71110
71110
71110
71109
71109
71109
71108
71108
71108
71107
71107
71107
71106
71106
71106
71104
71104
71102
71102
71101
71101
71101
71100
71100
71100
71099
71099
71099
71097
71097
71096
71096
71095
71095
71095
71094
71094
71094
71093
71093
71093
71092
71092
71092
71091
71091
71090
71090
71090
71089
71089
71089
71088
71088
71088
71087
71087
71087
71086
71086
71085
71085
71085
71084
71084
71084
71083
71083
71083
71082
71082
71082
71081
71081
71081
71080
71080
71080
71079
71079
71078
71078
71078
71077
71077
71077
71076
71076
71076
71075
71075
71075
71074
71074
71074
71073
71073
71073
71072
71072
71072
71071
71071
71071
71070
71070
71069
71069
71069
71068
71068
71068
71067
71067
71067
71066
71066
71066
71063
71060
71059
71057
71055
71053
71053
71052
71052
71051
71051
71051
71050
71050
71050
71049
71049
71049
71048
71048
71048
71047
71046
71045
71044
71043
71043
71043
71042
71042
71042
71041
71041
71040
71040
71040
71039
71039
71039
71037
71037
71036
71036
71036
71035
71035
71035
71034
71034
71034
71033
71033
71033
71032
71032
71032
71031
71031
71031
71030
71030
71029
71028
71027
71027
71027
71026
71026
71026
71025
71025
71025
71024
71024
71024
71023
71023
71022
71022
71022
71021
71021
71021
71019
71019
71017
71017
71017
71016
71016
71015
71015
71015
71013
71013
71012
71012
71012
71011
71011
71010
71010
71010
71009
71009
71009
71007
71007
71006
71006
71006
71005
71005
71005
71004
71004
71004
71003
71003
71002
71002
71002
71001
71001
71001
71000
71000
71000
70999
70999
70999
70998
70998
70998
70997
70997
70997
70996
70996
70996
70995
70995
70994
70994
70994
70993
70993
70993
70992
70992
70992
70991
70991
70991
70990
70990
70990
70989
70989
70989
70988
70988
70988
70987
70987
70986
70986
70986
70985
70985
70985
70984
70984
70984
70983
70983
70983
70982
70982
70982
70981
70981
70980
70980
70980
70979
70979
70979
70978
70978
70978
70977
70974
70973
70971
70970
70967
70965
70965
70965
70964
70964
70964
70963
70963
70963
70962
70962
70960
70960
70958
70958
70958
70957
70957
70957
70956
70956
70956
70955
70955
70955
70954
70954
70953
70952
70951
70951
70951
70950
70950
70950
70949
70949
70949
70948
70948
70948
70947
70947
70947
70946
70946
70945
70945
70945
70944
70944
70943
70942
70942
70941
70941
70941
70941
70940
70938
70938
70938
70937
70937
70936
70936
70935
70935
70935
70934
70934
70934
70932
70932
70930
70930
70930
70929
70929
70927
70927
70927
70926
70926
70926
70925
70925
70925
70924
70924
70924
70923
70923
70923
70922
70920
70920
70919
70918
70918
70917
70917
70917
70916
70916
70916
70915
70915
70915
70914
70914
70914
70913
70913
70913
70912
70912
70912
70911
70911
70910
70910
70910
70909
70909
70909
70908
70908
70908
70907
70907
70907
70906
70906
70906
70905
70905
70905
70904
70904
70904
70903
70903
70903
70902
70902
70901
70901
70901
70900
70900
70900
70899
70899
70898
70898
70898
70897
70897
70897
70896
70896
70896
70895
70895
70895
70894
70894
70894
70893
70893
70893
70892
70892
70892
70891
70891
70891
70890
70890
70889
70889
70889
70888
70888
70888
70887
70886
70884
70882
70880
70878
70877
70876
70876
70875
70874
70872
70872
70870
70870
70869
70869
70868
70868
70868
70867
70867
70866
70866
70866
70865
70865
70865
70863
70863
70862
70862
70862
70861
70861
70861
70860
70860
70860
70859
70859
70859
70858
70858
70858
70857
70857
70856
70856
70856
70855
70854
70853
70853
70853
70852
70852
70852
70851
70851
70851
70850
70850
70849
70849
70849
70848
70848
70848
70847
70847
70846
70845
70845
70843
70843
70841
70840
70840
70839
70839
70839
70838
70838
70838
70837
70837
70837
70836
70836
70836
70835
70835
70835
70834
70832
70832
70830
70830
70830
70829
70829
70828
70828
70828
70827
70827
70827
70826
70826
70825
70825
70825
70824
70824
70824
70823
70823
70823
70822
70822
70822
70821
70821
70821
70820
70820
70819
70819
70816
70816
70816
70815
70815
70815
70814
70814
70813
70813
70813
70812
70812
70812
70811
70811
70811
70810
70810
70810
70809
70809
70809
70808
70808
70807
70807
70807
70806
70806
70806
70805
70805
70805
70804
70804
70803
70803
70803
70802
70802
70802
70801
70801
70801
70800
70800
70800
70799
70799
70798
70798
70798
70797
70797
70796
70796
70796
70795
70795
70795
70794
70794
70793
70792
70790
70788
70787
70784
70783
70781
70781
70780
70780
70780
70779
70779
70779
70778
70778
70777
70777
70777
70776
70776
70774
70774
70774
70773
70773
70773
70772
70772
70772
70771
70771
70771
70770
70770
70769
70769
70769
70768
70768
70768
70767
70767
70767
70765
70764
70764
70764
70763
70763
70763
70762
70762
70762
70761
70761
70760
70760
70760
70759
70759
70758
70758
70758
70757
70756
70753
70751
70751
70750
70750
70750
70749
70749
70749
70748
70748
70747
70747
70747
70746
70746
70746
70745
70745
70745
70744
70744
70742
70742
70741
70740
70740
70740
70739
70739
70738
70738
70738
70737
70737
70737
70736
70736
70736
70735
70735
70735
70734
70734
70734
70733
70733
70732
70732
70732
70731
70731
70731
70730
70730
70730
70729
70729
70728
70728
70727
70727
70727
70726
70726
70726
70725
70725
70725
70724
70724
70724
70723
70723
70722
70722
70722
70721
70721
70721
70720
70720
70720
70719
70719
70719
70718
70718
70718
70717
70717
70717
70716
70716
70716
70715
70715
70715
70714
70714
70713
70713
70713
70712
70712
70712
70711
70711
70711
70710
70710
70710
70709
70709
70709
70708
70708
70708
70707
70707
70706
70706
70706
70705
70705
70705
70701
70699
70697
70696
70694
70692
70692
70691
70691
70691
70690
70690
70690
70689
70689
70687
70687
70687
70686
70686
70685
70685
70685
70684
70684
70684
70683
70683
70683
70682
70682
70682
70681
70681
70680
70680
70680
70679
70678
70677
70677
70677
70676
70676
70676
70675
70675
70675
70674
70674
70674
70673
70673
70673
70672
70672
70672
70670
70669
70668
70668
70666
70666
70665
70665
70665
70664
70664
70664
70663
70663
70663
70662
70662
70661
70661
70661
70660
70660
70660
70659
70659
70657
70657
70655
70655
70655
70654
70654
70654
70653
70653
70652
70652
70652
70651
70651
70651
70650
70650
70649
70649
70649
70648
70648
70645
70645
70645
70644
70644
70644
70643
70643
70643
70642
70642
70642
70641
70641
70641
70640
70640
70640
70639
70639
70638
70638
70638
70637
70637
70637
70636
70636
70636
70635
70635
70635
70634
70634
70634
70633
70633
70633
70632
70632
70632
70631
70631
70631
70630
70630
70630
70629
70629
70628
70628
70628
70627
70627
70627
70626
70626
70626
70625
70625
70624
70624
70624
70623
70623
70623
70622
70622
70622
70621
70621
70621
70620
70620
70619
70619
70619
70618
70618
70618
70595
70594
70593
70593
70593
70592
70592
70589
70587
70586
70584
70582
70580
70580
70579
70579
70577
70576
70576
70575
70575
70574
70574
70574
70573
70573
70572
70572
70571
70571
70571
70570
70570
70569
70569
70569
70568
70568
70568
70566
70565
70565
70565
70564
70564
70564
70563
70563
70563
70562
70562
70562
70561
70561
70561
70559
70559
70558
70558
70558
70556
70556
70554
70554
70553
70553
70553
70552
70552
70552
70551
70550
70549
70549
70548
70548
70547
70547
70547
70546
70546
70546
70545
70543
70543
70542
70541
70541
70541
70540
70540
70540
70539
70539
70538
70538
70538
70537
70537
70537
70536
70536
70536
70535
70535
70535
70533
70533
70532
70532
70532
70531
70531
70531
70530
70530
70530
70529
70529
70529
70528
70528
70528
70527
70527
70527
70526
70526
70525
70525
70525
70524
70524
70524
70523
70523
70523
70522
70522
70522
70521
70521
70521
70520
70520
70520
70519
70519
70519
70518
70518
70518
70517
70517
70517
70516
70516
70515
70515
70515
70514
70514
70514
70513
70513
70513
70512
70512
70512
70511
70511
70510
70510
70510
70509
70509
70509
70508
70508
70508
70507
70507
70507
70505
70505
70504
70504
70504
70503
70503
70502
70502
70502
70501
70501
70501
70500
70500
70500
70496
70495
70493
70491
70489
70488
70487
70487
70486
70486
70486
70485
70485
70485
70484
70484
70484
70483
70483
70483
70482
70482
70481
70481
70481
70480
70479
70478
70478
70477
70477
70477
70476
70476
70475
70475
70475
70474
70474
70472
70472
70472
70471
70471
70471
70470
70470
70468
70468
70466
70466
70466
70465
70465
70464
70464
70464
70463
70463
70463
70462
70462
70462
70461
70461
70461
70460
70460
70459
70459
70457
70457
70455
70455
70455
70454
70454
70454
70453
70453
70453
70452
70452
70451
70451
70451
70450
70450
70450
70449
70449
70449
70448
70445
70445
70444
70444
70444
70443
70443
70443
70442
70442
70441
70441
70441
70440
70440
70440
70439
70439
70439
70438
70438
70438
70437
70437
70437
70436
70436
70436
70435
70435
70434
70434
70434
70433
70433
70431
70431
70431
70430
70430
70429
70429
70428
70428
70428
70427
70427
70427
70426
70426
70426
70425
70425
70425
70424
70424
70424
70423
70423
70423
70422
70422
70422
70421
70421
70420
70420
70420
70419
70419
70418
70418
70418
70417
70416
70415
70415
70415
70414
70414
70413
70413
70413
70412
70412
70412
70411
70411
70411
70410
70410
70410
70409
70409
70409
70408
70408
70408
70407
70406
70404
70403
70400
70398
70397
70396
70396
70396
70395
70395
70394
70394
70394
70393
70393
70393
70392
70392
70392
70390
70390
70389
70389
70389
70388
70388
70387
70387
70387
70385
70385
70384
70384
70384
70383
70383
70383
70382
70382
70382
70380
70380
70378
70378
70377
70377
70377
70376
70376
70376
70375
70375
70375
70374
70374
70374
70373
70373
70372
70372
70372
70371
70371
70369
70369
70367
70367
70367
70366
70366
70366
70365
70365
70364
70364
70364
70363
70363
70363
70362
70362
70362
70361
70361
70361
70360
70359
70358
70358
70358
70357
70357
70356
70356
70356
70355
70355
70355
70354
70354
70354
70353
70353
70353
70352
70352
70352
70351
70351
70351
70350
70350
70350
70349
70349
70349
70348
70348
70348
70347
70347
70347
70346
70346
70345
70345
70345
70344
70344
70344
70343
70343
70343
70342
70342
70342
70341
70341
70341
70340
70340
70340
70339
70339
70339
70338
70338
70337
70337
70337
70336
70336
70336
70335
70335
70335
70334
70333
70332
70332
70332
70331
70331
70331
70330
70330
70329
70329
70329
70328
70328
70328
70327
70327
70327
70326
70326
70325
70325
70325
70324
70324
70324
70323
70323
70323
70322
70322
70322
70321
70321
70318
70316
70314
70312
70310
70309
70308
70308
70308
70307
70307
70306
70306
70305
70304
70303
70303
70302
70302
70302
70301
70300
70299
70299
70299
70298
70298
70298
70297
70297
70296
70296
70296
70295
70295
70293
70293
70291
70291
70291
70290
70290
70290
70289
70289
70289
70288
70288
70288
70287
70287
70286
70286
70286
70285
70285
70285
70284
70283
70282
70281
70280
70280
70280
70279
70279
70279
70278
70278
70278
70277
70277
70277
70276
70276
70276
70275
70275
70275
70274
70274
70271
70271
70270
70270
70270
70269
70269
70269
70268
70268
70268
70267
70267
70266
70266
70266
70265
70264
70263
70263
70263
70262
70262
70262
70261
70261
70260
70260
70260
70259
70259
70259
70258
70258
70258
70257
70257
70256
70256
70256
70255
70255
70255
70254
70254
70254
70253
70253
70253
70252
70252
70251
70251
70251
70250
70250
70250
70249
70249
70249
70248
70248
70248
70247
70247
70246
70246
70246
70244
70244
70243
70243
70243
70242
70242
70242
70241
70241
70241
70240
70240
70239
70239
70239
70238
70238
70238
70237
70237
70237
70236
70236
70236
70235
70235
70235
70234
70234
70234
70233
70233
70233
70232
70232
70231
70231
70231
70230
70230
70230
70229
70228
70226
70224
70222
70221
70219
70219
70219
70217
70217
70216
70216
70214
70214
70213
70213
70213
70212
70212
70212
70211
70211
70211
70210
70210
70210
70209
70209
70209
70207
70207
70205
70205
70204
70204
70203
70203
70203
70202
70202
70201
70201
70201
70200
70200
70200
70199
70199
70199
70198
70198
70198
70196
70196
70194
70194
70193
70193
70193
70192
70192
70192
70191
70191
70189
70189
70188
70188
70188
70187
70187
70186
70186
70186
70185
70184
70183
70183
70183
70182
70182
70182
70181
70181
70181
70180
70180
70180
70179
70179
70179
70178
70177
70176
70176
70176
70175
70175
70175
70174
70174
70173
70173
70173
70172
70172
70172
70171
70171
70171
70170
70170
70170
70169
70169
70169
70168
70168
70167
70167
70167
70166
70166
70166
70165
70165
70164
70164
70163
70163
70163
70162
70162
70162
70161
70161
70161
70160
70160
70160
70158
70157
70157
70157
70156
70156
70156
70155
70155
70155
70154
70154
70154
70153
70153
70153
70152
70152
70152
70151
70151
70150
70150
70150
70149
70149
70149
70148
70148
70148
70147
70147
70147
70146
70146
70146
70145
70145
70145
70144
70144
70143
70143
70143
70142
70142
70142
70141
70141
70141
70140
70140
70138
70137
70134
70132
70130
70128
70128
70128
70127
70127
70127
70126
70126
70126
70125
70125
70124
70124
70124
70123
70123
70123
70122
70121
70120
70119
70119
70118
70118
70118
70117
70117
70116
70116
70116
70115
70115
70114
70114
70114
70113
70113
70113
70112
70112
70112
70110
70110
70108
70108
70107
70107
70107
70106
70106
70106
70105
70105
70105
70104
70104
70104
70103
70103
70102
70102
70102
70101
70101
70099
70099
70099
70098
70098
70098
70097
70097
70097
70096
70096
70096
70095
70095
70094
70094
70094
70091
70091
70090
70090
70090
70089
70089
70089
70088
70088
70088
70087
70087
70086
70086
70086
70085
70085
70084
70084
70083
70082
70081
70081
70081
70080
70080
70080
70079
70079
70078
70078
70078
70077
70077
70077
70076
70076
70076
70075
70075
70075
70073
70072
70072
70070
70070
70069
70069
70069
70068
70068
70067
70067
70067
70066
70066
70066
70065
70065
70064
70064
70064
70063
70063
70063
70062
70062
70061
70061
70061
70060
70060
70060
70059
70059
70059
70058
70058
70058
70057
70057
70057
70056
70056
70056
70055
70055
70055
70054
70054
70053
70053
70053
70052
70052
70052
70051
70051
70051
70050
70050
70050
70049
70049
70049
70047
70045
70044
70042
70041
70039
70038
70038
70038
70037
70037
70037
70036
70036
70036
70035
70035
70033
70033
70031
70031
70031
70030
70030
70030
70029
70029
70028
70028
70028
70027
70027
70027
70026
70026
70025
70025
70024
70024
70024
70022
70022
70020
70020
70020
70019
70019
70018
70018
70018
70017
70017
70017
70016
70016
70016
70015
70015
70014
70014
70013
70013
70013
70011
70010
70010
70009
70009
70008
70008
70007
70007
70007
70006
70006
70005
70005
70005
70004
70004
70003
70002
70002
70001
70001
70001
70000
70000
70000
69999
69999
69999
69998
69998
69998
69997
69997
69996
69996
69996
69995
69994
69993
69992
69992
69991
69991
69990
69990
69990
69989
69989
69989
69988
69988
69988
69987
69987
69987
69986
69986
69985
69984
69984
69983
69983
69982
69982
69982
69981
69981
69980
69980
69980
69979
69979
69979
69978
69978
69978
69977
69977
69977
69976
69976
69976
69975
69975
69975
69974
69974
69974
69973
69973
69973
69972
69972
69972
69971
69971
69971
69970
69970
69969
69969
69969
69968
69968
69968
69967
69967
69967
69966
69966
69966
69965
69965
69965
69964
69964
69964
69963
69963
69962
69962
69962
69961
69961
69961
69960
69960
69960
69957
69955
69954
69952
69950
69948
69947
69947
69947
69946
69946
69944
69944
69942
69942
69942
69941
69941
69941
69940
69940
69940
69939
69939
69939
69938
69938
69938
69937
69937
69937
69936
69936
69936
69934
69933
69932
69932
69931
69931
69930
69930
69930
69929
69929
69929
69928
69928
69928
69927
69927
69927
69926
69926
69926
69925
69925
69924
69923
69923
69922
69922
69922
69921
69917
69917
69917
69916
69916
69916
69915
69915
69915
69914
69911
69911
69910
69910
69910
69909
69909
69909
69908
69908
69908
69907
69907
69907
69906
69906
69906
69905
69905
69905
69904
69903
69902
69901
69900
69900
69900
69899
69899
69899
69898
69898
69898
69897
69897
69897
69896
69896
69896
69894
69894
69893
69893
69893
69892
69892
69891
69891
69891
69890
69890
69890
69889
69889
69889
69888
69888
69888
69887
69887
69886
69886
69886
69885
69885
69885
69884
69884
69884
69883
69883
69883
69882
69882
69882
69881
69881
69881
69880
69880
69880
69879
69879
69879
69878
69878
69877
69877
69877
69876
69876
69876
69875
69875
69875
69874
69874
69874
69873
69873
69873
69872
69872
69872
69871
69871
69871
69870
69870
69870
69869
69869
69869
69868
69868
69868
69867
69867
69865
69863
69862
69860
69858
69856
69855
69854
69853
69853
69852
69852
69851
69851
69851
69850
69850
69850
69849
69849
69849
69848
69848
69847
69847
69847
69846
69846
69844
69844
69843
69842
69842
69842
69841
69841
69840
69840
69840
69839
69839
69838
69838
69838
69837
69837
69837
69836
69836
69836
69835
69834
69833
69833
69833
69832
69832
69831
69831
69831
69830
69830
69830
69829
69828
69827
69827
69827
69825
69825
69824
69824
69823
69823
69823
69822
69822
69822
69821
69821
69821
69820
69820
69820
69819
69819
69819
69818
69818
69816
69816
69814
69814
69814
69813
69813
69812
69812
69812
69811
69811
69811
69810
69810
69808
69808
69808
69807
69807
69807
69806
69806
69806
69805
69805
69805
69804
69804
69804
69803
69803
69803
69802
69802
69801
69801
69801
69800
69800
69800
69799
69799
69799
69798
69798
69798
69797
69797
69797
69796
69796
69796
69795
69795
69795
69794
69794
69794
69793
69793
69792
69792
69792
69791
69791
69791
69790
69790
69790
69789
69789
69789
69788
69788
69788
69787
69787
69786
69786
69786
69785
69785
69785
69784
69784
69784
69783
69783
69783
69782
69782
69782
69781
69780
69780
69780
69779
69779
69779
69778
69778
69778
69776
69773
69771
69769
69768
69766
69766
69765
69765
69765
69764
69764
69764
69763
69763
69763
69762
69762
69762
69761
69761
69760
69759
69759
69757
69757
69756
69756
69756
69755
69755
69754
69754
69754
69753
69753
69753
69752
69752
69752
69751
69751
69751
69750
69750
69748
69748
69747
69747
69746
69746
69745
69745
69745
69744
69744
69744
69743
69743
69743
69742
69742
69740
69740
69740
69739
69739
69739
69738
69738
69738
69737
69737
69736
69736
69736
69735
69735
69735
69734
69734
69734
69733
69730
69730
69728
69728
69728
69727
69727
69727
69726
69726
69726
69725
69724
69723
69723
69723
69722
69722
69722
69721
69721
69720
69720
69718
69718
69717
69717
69717
69716
69716
69716
69715
69715
69715
69714
69714
69714
69713
69713
69713
69712
69712
69712
69711
69711
69709
69709
69709
69708
69708
69707
69707
69707
69706
69706
69706
69705
69705
69704
69704
69704
69703
69703
69703
69702
69702
69702
69701
69701
69701
69700
69700
69700
69699
69699
69699
69698
69698
69697
69697
69697
69696
69696
69695
69695
69694
69694
69694
69693
69693
69693
69692
69692
69692
69691
69691
69691
69690
69690
69690
69689
69689
69689
69688
69688
69687
69687
69687
69686
69683
69682
69680
69678
69677
69675
69675
69674
69674
69673
69673
69673
69672
69672
69672
69672
69670
69670
69668
69668
69667
69667
69667
69666
69666
69665
69665
69665
69664
69664
69664
69663
69663
69663
69662
69662
69662
69661
69661
69659
69659
69659
69658
69658
69658
69657
69657
69657
69656
69656
69656
69655
69655
69655
69654
69654
69652
69652
69651
69651
69651
69650
69650
69649
69649
69649
69648
69648
69648
69647
69647
69647
69646
69646
69646
69645
69645
69643
69643
69641
69641
69640
69640
69640
69639
69639
69637
69637
69637
69636
69636
69636
69635
69635
69635
69634
69634
69633
69633
69633
69631
69631
69629
69629
69629
69628
69628
69628
69627
69627
69627
69626
69626
69626
69625
69625
69625
69624
69624
69623
69623
69623
69622
69622
69622
69621
69621
69621
69620
69620
69620
69619
69619
69619
69618
69618
69618
69617
69617
69617
69601
69601
69600
69600
69600
69599
69599
69599
69598
69598
69598
69597
69597
69596
69596
69596
69595
69595
69595
69594
69594
69594
69593
69593
69593
69592
69592
69591
69591
69591
69590
69590
69590
69589
69589
69589
69588
69588
69588
69587
69587
69587
69586
69586
69586
69585
69585
69584
69584
69584
69583
69583
69580
69579
69577
69575
69573
69572
69571
69571
69571
69570
69569
69568
69567
69566
69566
69566
69565
69565
69565
69564
69564
69564
69563
69563
69562
69562
69562
69561
69561
69561
69560
69560
