228930
180936
179018
132975
126103
76932
76930
76930
76928
76927
76927
76926
76926
76926
76925
76925
76925
76924
76924
76924
76923
76923
76922
76922
76922
76921
76921
76921
76911
76911
76900
76900
76899
76899
76899
76898
76898
76898
76897
76897
76897
76896
76895
76894
76893
76893
76893
76893
76892
76892
76892
76892
76891
76891
76891
76891
76890
76890
76890
76890
76889
76889
76889
76888
76888
76888
76888
76888
76886
76886
76885
76885
76885
76885
76884
76884
76884
76884
76884
76883
76883
76883
76883
76882
76882
76882
76882
76880
76880
76880
76879
76879
76879
76879
76878
76878
76878
76878
76878
76877
76877
76877
76877
76876
76876
76876
76876
76876
76875
76875
76875
76875
76874
76874
76874
76874
76873
76873
76873
76872
76872
76872
76872
76872
76871
76871
76871
76870
76870
76870
76870
76869
76869
76869
76869
76868
76867
76867
76866
76866
76865
76865
76865
76865
76864
76864
76864
76864
76864
76863
76863
76863
76863
76862
76862
76862
76862
76861
76861
76861
76861
76860
76860
76860
76860
76859
76859
76859
76859
76859
76858
76858
76858
76858
76857
76857
76857
76857
76856
76856
76856
76856
76855
76855
76855
76855
76854
76854
76854
76854
76854
76853
76851
76850
76847
76846
76844
76842
76842
76842
76841
76841
76841
76841
76840
76840
76840
76840
76840
76839
76839
76839
76839
76838
76838
76837
76836
76835
76835
76834
76834
76834
76834
76834
76833
76833
76833
76833
76832
76832
76832
76832
76830
76830
76828
76828
76828
76828
76827
76827
76827
76827
76827
76826
76826
76826
76826
76825
76825
76825
76825
76824
76824
76824
76824
76822
76820
76820
76819
76819
76819
76819
76818
76818
76818
76818
76817
76817
76817
76816
76816
76816
76816
76815
76815
76815
76815
76814
76813
76813
76812
76812
76812
76812
76812
76811
76811
76811
76811
76810
76810
76810
76810
76809
76809
76809
76809
76809
76808
76807
76806
76806
76806
76806
76806
76805
76805
76805
76805
76804
76804
76804
76804
76803
76803
76803
76803
76802
76802
76801
76800
76800
76800
76800
76799
76799
76799
76799
76798
76798
76798
76798
76798
76797
76797
76797
76797
76796
76796
76796
76796
76796
76795
76795
76795
76795
76794
76794
76794
76794
76793
76793
76793
76793
76793
76792
76792
76792
76792
76791
76791
76791
76791
76791
76790
76790
76790
76790
76789
76789
76789
76789
76788
76788
76788
76788
76787
76787
76787
76787
76787
76786
76786
76786
76784
76783
76781
76780
76778
76769
76769
76768
76768
76768
76768
76767
76767
76767
76767
76766
76766
76765
76764
76763
76763
76762
76762
76762
76762
76761
76761
76761
76761
76760
76760
76760
76760
76760
76758
76758
76755
76755
76754
76754
76754
76754
76753
76753
76753
76753
76753
76752
76752
76752
76752
76751
76751
76751
76751
76750
76750
76749
76748
76748
76748
76748
76747
76747
76747
76747
76746
76746
76746
76746
76746
76745
76745
76745
76745
76744
76744
76744
76744
76743
76742
76741
76741
76741
76741
76741
76740
76740
76740
76740
76739
76739
76739
76739
76738
76738
76738
76738
76738
76737
76737
76736
76735
76734
76734
76733
76733
76733
76733
76733
76732
76732
76732
76732
76731
76731
76731
76731
76729
76729
76729
76728
76728
76728
76728
76727
76727
76727
76724
76724
76724
76723
76723
76723
76723
76722
76722
76722
76722
76722
76721
76721
76721
76721
76720
76720
76720
76720
76719
76719
76719
76719
76719
76718
76718
76718
76718
76717
76717
76717
76717
76716
76716
76716
76716
76715
76715
76715
76715
76715
76714
76714
76714
76714
76713
76713
76713
76713
76712
76712
76712
76712
76712
76711
76711
76711
76672
76671
76671
76671
76671
76670
76667
76665
76664
76662
76659
76657
76657
76657
76656
76656
76656
76654
76654
76653
76652
76652
76652
76652
76651
76651
76651
76651
76650
76650
76650
76650
76650
76649
76648
76648
76646
76646
76646
76645
76645
76645
76644
76644
76644
76644
76644
76643
76643
76643
76643
76642
76642
76642
76642
76641
76641
76640
76639
76639
76639
76639
76638
76638
76638
76638
76638
76637
76637
76637
76637
76636
76636
76636
76636
76636
76635
76635
76635
76635
76633
76633
76632
76632
76632
76632
76632
76631
76631
76631
76631
76630
76630
76630
76630
76629
76629
76629
76629
76629
76628
76627
76626
76625
76625
76624
76624
76624
76624
76623
76623
76623
76623
76622
76622
76621
76620
76620
76620
76620
76620
76619
76619
76619
76619
76618
76618
76618
76618
76617
76617
76617
76617
76617
76616
76616
76616
76616
76615
76615
76615
76615
76614
76614
76614
76614
76614
76613
76613
76613
76613
76612
76612
76612
76612
76611
76611
76611
76611
76611
76610
76610
76610
76610
76609
76609
76609
76608
76608
76608
76607
76607
76607
76607
76607
76606
76606
76606
76606
76605
76605
76605
76605
76604
76604
76604
76604
76604
76603
76603
76603
76603
76602
76602
76602
76602
76601
76601
76598
76597
76595
76594
76592
76589
76589
76588
76587
76587
76587
76587
76586
76586
76586
76586
76585
76585
76585
76585
76584
76584
76581
76581
76579
76579
76579
76579
76578
76578
76578
76578
76577
76577
76577
76577
76576
76576
76576
76576
76576
76575
76575
76575
76575
76573
76573
76573
76572
76572
76572
76572
76571
76571
76571
76571
76571
76570
76570
76570
76570
76569
76569
76569
76569
76568
76568
76568
76566
76566
76566
76565
76565
76565
76565
76564
76564
76564
76563
76563
76563
76563
76562
76562
76562
76562
76561
76561
76561
76559
76559
76557
76557
76557
76557
76556
76556
76556
76556
76555
76554
76554
76553
76553
76553
76553
76552
76552
76552
76552
76552
76551
76551
76551
76551
76550
76550
76550
76550
76549
76549
76549
76549
76549
76548
76548
76548
76548
76547
76547
76547
76547
76546
76546
76546
76546
76546
76545
76545
76545
76545
76544
76544
76544
76544
76543
76543
76543
76543
76543
76542
76542
76542
76542
76541
76541
76541
76541
76540
76540
76540
76540
76539
76539
76539
76539
76539
76538
76538
76538
76538
76537
76537
76537
76537
76536
76536
76536
76536
76536
76535
76535
76535
76535
76534
76534
76534
76534
76533
76533
76533
76533
76530
76527
76526
76525
76523
76522
76521
76521
76521
76521
76520
76520
76520
76520
76519
76519
76518
76517
76516
76515
76515
76515
76515
76514
76514
76514
76514
76513
76513
76513
76513
76512
76512
76512
76512
76512
76511
76511
76511
76509
76509
76509
76509
76508
76508
76508
76508
76507
76507
76507
76507
76506
76506
76506
76506
76506
76505
76505
76505
76505
76504
76504
76502
76502
76500
76500
76500
76500
76499
76499
76499
76499
76499
76498
76498
76498
76498
76497
76497
76497
76497
76496
76496
76495
76494
76493
76493
76492
76492
76492
76492
76490
76490
76490
76489
76489
76489
76489
76488
76488
76488
76488
76487
76487
76487
76487
76485
76485
76485
76484
76484
76484
76484
76484
76483
76483
76483
76483
76482
76482
76482
76482
76481
76481
76481
76481
76481
76480
76480
76480
76480
76479
76479
76479
76479
76478
76478
76478
76478
76478
76477
76477
76477
76477
76476
76476
76476
76476
76475
76475
76475
76475
76475
76474
76474
76474
76474
76473
76473
76473
76473
76472
76472
76472
76472
76471
76471
76471
76471
76471
76470
76470
76470
76470
76469
76469
76469
76469
76468
76468
76468
76468
76468
76467
76467
76467
76467
76466
76466
76466
76466
76465
76464
76462
76460
76459
76458
76456
76456
76456
76456
76455
76454
76453
76452
76452
76451
76451
76451
76450
76450
76450
76450
76450
76449
76449
76449
76449
76448
76448
76448
76448
76447
76447
76447
76444
76444
76444
76444
76443
76443
76443
76443
76442
76442
76442
76442
76441
76441
76441
76441
76441
76440
76440
76440
76440
76439
76439
76438
76437
76437
76437
76437
76436
76436
76436
76436
76436
76435
76435
76435
76435
76434
76434
76434
76434
76433
76433
76433
76431
76431
76430
76429
76429
76428
76427
76427
76427
76427
76426
76426
76426
76426
76425
76425
76425
76425
76424
76424
76424
76424
76424
76422
76422
76420
76420
76420
76420
76419
76419
76419
76419
76418
76418
76418
76418
76417
76417
76417
76417
76417
76416
76416
76416
76416
76415
76415
76415
76415
76414
76413
76413
76412
76412
76412
76412
76411
76411
76411
76411
76411
76410
76410
76410
76410
76409
76409
76409
76409
76408
76408
76408
76408
76408
76407
76407
76407
76407
76406
76406
76406
76406
76405
76405
76405
76405
76404
76404
76404
76404
76404
76403
76403
76403
76403
76402
76402
76402
76402
76401
76401
76401
76401
76401
76400
76400
76400
76400
76399
76399
76399
76399
76398
76398
76396
76394
76393
76391
76388
76386
76385
76385
76384
76384
76384
76384
76383
76383
76383
76383
76382
76382
76382
76382
76382
76381
76381
76381
76381
76380
76380
76379
76378
76378
76378
76378
76377
76377
76377
76377
76376
76376
76376
76376
76375
76375
76375
76375
76375
76374
76374
76374
76374
76373
76372
76371
76371
76371
76371
76370
76370
76370
76370
76370
76369
76369
76369
76369
76368
76368
76368
76368
76367
76367
76367
76365
76365
76362
76362
76362
76361
76361
76361
76361
76361
76360
76360
76360
76360
76359
76359
76359
76359
76358
76358
76357
76357
76357
76355
76355
76353
76353
76353
76353
76352
76352
76352
76352
76352
76351
76351
76351
76351
76350
76350
76350
76350
76349
76349
76349
76349
76349
76348
76348
76348
76348
76347
76347
76347
76347
76346
76346
76346
76346
76346
76345
76345
76345
76345
76344
76344
76344
76344
76343
76343
76343
76343
76343
76342
76342
76342
76342
76341
76341
76341
76341
76340
76340
76340
76340
76340
76339
76339
76339
76339
76338
76338
76338
76338
76337
76337
76337
76337
76337
76336
76336
76336
76336
76335
76335
76335
76335
76334
76334
76334
76334
76333
76333
76333
76333
76333
76332
76332
76332
76332
76331
76328
76326
76324
76322
76321
76318
76318
76317
76317
76317
76317
76316
76316
76316
76315
76315
76315
76315
76314
76314
76314
76312
76312
76312
76312
76311
76311
76311
76311
76310
76310
76310
76310
76309
76309
76309
76309
76309
76308
76308
76308
76307
76307
76307
76305
76305
76305
76305
76304
76304
76304
76304
76303
76303
76303
76303
76302
76302
76302
76302
76302
76301
76301
76301
76300
76298
76298
76297
76296
76296
76296
76295
76295
76295
76295
76295
76294
76294
76294
76294
76293
76293
76293
76293
76292
76292
76292
76292
76290
76290
76288
76288
76288
76287
76287
76287
76287
76287
76286
76286
76286
76286
76285
76285
76285
76285
76285
76284
76284
76284
76284
76283
76283
76283
76283
76282
76282
76282
76282
76282
76281
76281
76281
76281
76280
76280
76280
76280
76279
76279
76279
76279
76278
76278
76278
76278
76277
76277
76277
76277
76277
76276
76276
76276
76276
76275
76275
76275
76275
76274
76274
76274
76274
76273
76273
76273
76273
76273
76272
76272
76272
76272
76271
76271
76271
76271
76270
76270
76270
76270
76270
76269
76269
76269
76269
76268
76268
76268
76268
76267
76267
76267
76267
76266
76266
76266
76266
76266
76265
76265
76265
76265
76262
76260
76259
76257
76255
76254
76253
76253
76253
76253
76253
76252
76252
76252
76252
76250
76250
76250
76249
76249
76249
76249
76248
76248
76248
76248
76248
76247
76247
76247
76247
76246
76246
76246
76246
76245
76245
76245
76244
76243
76243
76243
76243
76242
76242
76242
76242
76241
76241
76241
76241
76241
76240
76240
76240
76238
76238
76238
76238
76236
76236
76235
76234
76234
76233
76232
76232
76232
76232
76232
76231
76231
76231
76231
76230
76230
76230
76230
76229
76229
76229
76229
76227
76227
76226
76225
76225
76225
76225
76225
76224
76224
76224
76224
76223
76223
76223
76223
76222
76221
76221
76221
76220
76220
76220
76220
76219
76219
76219
76219
76218
76218
76218
76218
76217
76217
76217
76217
76217
76216
76216
76216
76216
76215
76215
76215
76215
76214
76214
76214
76214
76214
76213
76213
76213
76213
76212
76212
76212
76212
76211
76211
76211
76211
76210
76210
76210
76210
76209
76209
76209
76209
76209
76208
76208
76208
76208
76207
76207
76207
76207
76206
76206
76206
76206
76206
76205
76205
76205
76205
76204
76204
76204
76204
76203
76203
76203
76203
76203
76202
76202
76202
76202
76200
76200
76200
76199
76199
76199
76199
76198
76198
76197
76195
76193
76192
76191
76189
76189
76189
76188
76186
76186
76185
76185
76185
76185
76185
76184
76184
76184
76184
76183
76183
76183
76183
76182
76182
76182
76182
76181
76181
76181
76181
76179
76179
76179
76178
76178
76178
76178
76177
76177
76177
76177
76177
76176
76176
76175
76174
76174
76174
76174
76173
76173
76172
76172
76170
76170
76170
76169
76169
76169
76169
76168
76168
76168
76168
76168
76167
76167
76167
76167
76166
76166
76166
76166
76165
76164
76164
76162
76162
76162
76161
76161
76161
76161
76160
76160
76160
76160
76160
76159
76159
76159
76157
76157
76157
76157
76156
76156
76156
76156
76155
76155
76155
76155
76155
76154
76154
76154
76154
76153
76153
76153
76153
76152
76152
76152
76152
76151
76151
76151
76151
76151
76150
76150
76150
76150
76149
76148
76148
76148
76147
76147
76147
76147
76146
76146
76146
76146
76145
76145
76145
76145
76144
76144
76144
76144
76143
76143
76143
76143
76143
76142
76142
76142
76142
76141
76141
76141
76141
76140
76140
76140
76140
76140
76139
76139
76139
76139
76138
76138
76138
76138
76137
76136
76136
76135
76135
76135
76135
76134
76134
76134
76134
76134
76133
76133
76133
76133
76132
76132
76132
76130
76129
76127
76125
76123
76121
76121
76120
76120
76120
76120
76119
76119
76119
76119
76119
76118
76118
76118
76118
76117
76117
76117
76117
76116
76116
76114
76114
76114
76114
76114
76113
76113
76113
76113
76112
76112
76111
76110
76110
76110
76110
76109
76109
76109
76109
76108
76107
76107
76105
76105
76105
76105
76104
76104
76104
76104
76103
76103
76103
76103
76103
76102
76102
76102
76102
76101
76101
76101
76101
76099
76099
76098
76097
76097
76097
76097
76096
76096
76096
76096
76095
76095
76095
76095
76095
76094
76093
76093
76092
76092
76092
76092
76091
76091
76091
76091
76090
76090
76090
76090
76089
76089
76089
76089
76089
76088
76088
76088
76088
76087
76087
76087
76087
76086
76086
76086
76086
76086
76085
76085
76085
76085
76084
76084
76084
76084
76083
76083
76083
76083
76083
76082
76082
76082
76082
76081
76081
76081
76081
76081
76080
76080
76080
76080
76079
76079
76079
76079
76078
76078
76078
76078
76078
76077
76077
76077
76077
76076
76076
76076
76076
76075
76075
76075
76073
76073
76073
76073
76073
76072
76072
76072
76072
76071
76071
76071
76071
76070
76070
76070
76070
76070
76069
76069
76069
76069
76068
76068
76068
76068
76068
76065
76064
76062
76061
76059
76057
76056
76056
76056
76056
76055
76055
76055
76055
76054
76054
76054
76054
76053
76053
76051
76051
76051
76051
76050
76050
76050
76050
76048
76048
76048
76047
76047
76047
76047
76046
76046
76046
76046
76046
76045
76043
76043
76042
76042
76041
76041
76041
76041
76040
76040
76040
76040
76039
76039
76039
76039
76039
76038
76038
76038
76038
76037
76037
76036
76035
76034
76034
76033
76033
76033
76032
76032
76032
76032
76031
76031
76031
76031
76031
76030
76029
76029
76028
76028
76028
76028
76027
76027
76027
76027
76027
76026
76026
76026
76026
76025
76025
76025
76025
76024
76024
76024
76024
76022
76022
76022
76022
76021
76021
76021
76021
76021
76020
76020
76020
76020
76019
76019
76019
76019
76018
76018
76018
76018
76017
76017
76017
76017
76017
76016
76016
76016
76016
76015
76015
76015
76015
76014
76014
76014
76014
76014
76013
76013
76013
76013
76012
76012
76012
76012
76011
76011
76011
76011
76011
76009
76009
76009
76009
76008
76008
76008
76008
76007
76007
76007
76007
76006
76006
76006
76006
76006
76005
76005
76005
76005
76004
76004
76004
76004
76003
76003
76003
76003
76002
76002
76002
76002
76001
76001
76001
75999
75998
75996
75995
75994
75992
75992
75992
75991
75991
75991
75991
75991
75990
75989
75989
75988
75988
75988
75986
75986
75986
75985
75970
75969
75969
75969
75969
75968
75968
75968
75968
75967
75967
75967
75965
75965
75963
75963
75963
75962
75962
75962
75962
75961
75961
75961
75961
75960
75960
75960
75960
75960
75959
75959
75959
75959
75958
75957
75957
75955
75955
75955
75955
75953
75953
75953
75952
75952
75952
75952
75951
75951
75951
75951
75949
75949
75949
75949
75948
75948
75948
75948
75948
75947
75947
75947
75947
75946
75946
75946
75946
75945
75945
75945
75945
75944
75944
75943
75942
75942
75942
75942
75941
75941
75941
75941
75941
75940
75940
75940
75940
75939
75939
75939
75939
75938
75938
75938
75938
75937
75937
75937
75937
75936
75936
75936
75936
75935
75935
75935
75935
75934
75934
75934
75933
75933
75933
75933
75933
75932
75932
75932
75932
75931
75931
75931
75929
75929
75929
75929
75928
75928
75928
75928
75927
75927
75927
75927
75926
75926
75926
75926
75925
75925
75925
75925
75924
75924
75924
75924
75923
75923
75923
75923
75923
75922
75922
75922
75922
75921
75921
75921
75921
75921
75920
75920
75920
75920
75919
75919
75919
75916
75915
75913
75912
75910
75907
75907
75907
75905
75905
75904
75904
75903
75903
75903
75903
75902
75902
75902
75902
75901
75901
75901
75901
75900
75900
75900
75900
75899
75898
75898
75896
75896
75896
75895
75895
75895
75895
75895
75894
75894
75894
75894
75893
75893
75893
75893
75892
75892
75892
75892
75892
75890
75890
75888
75888
75888
75888
75887
75887
75887
75887
75886
75886
75886
75886
75885
75885
75885
75883
75883
75883
75883
75882
75882
75882
75882
75882
75881
75881
75881
75881
75880
75880
75880
75880
75879
75879
75879
75879
75879
75878
75877
75876
75876
75876
75876
75875
75875
75875
75875
75875
75874
75874
75874
75874
75873
75873
75873
75873
75872
75872
75872
75872
75872
75871
75871
75871
75871
75870
75870
75870
75870
75870
75869
75869
75869
75869
75867
75867
75867
75866
75866
75866
75866
75865
75865
75865
75863
75863
75863
75863
75862
75862
75862
75862
75861
75861
75861
75861
75861
75860
75860
75860
75860
75859
75859
75859
75859
75858
75858
75858
75858
75858
75857
75857
75857
75857
75856
75856
75856
75856
75856
75855
75855
75855
75855
75854
75854
75854
75854
75853
75853
75853
75853
75853
75852
75852
75852
75852
75851
75851
75850
75848
75845
75844
75842
75840
75840
75840
75840
75839
75839
75838
75838
75838
75838
75838
75837
75837
75837
75837
75836
75836
75836
75834
75834
75833
75832
75832
75832
75832
75831
75831
75831
75831
75830
75830
75830
75830
75829
75829
75829
75829
75828
75828
75828
75828
75826
75826
75825
75824
75824
75824
75824
75823
75823
75823
75823
75823
75822
75822
75822
75822
75821
75820
75820
75819
75819
75819
75819
75819
75818
75818
75818
75818
75817
75817
75817
75817
75817
75816
75816
75816
75816
75815
75815
75815
75813
75813
75813
75813
75812
75812
75812
75812
75811
75811
75811
75811
75811
75810
75810
75810
75810
75809
75809
75809
75809
75807
75807
75807
75807
75806
75806
75806
75806
75805
75805
75805
75805
75804
75804
75804
75804
75804
75803
75803
75803
75803
75802
75801
75800
75800
75800
75800
75799
75799
75799
75799
75798
75798
75798
75798
75798
75797
75797
75797
75797
75796
75796
75796
75796
75795
75795
75795
75795
75795
75794
75794
75794
75794
75793
75793
75793
75793
75792
75792
75792
75792
75792
75791
75791
75791
75791
75790
75790
75790
75790
75789
75789
75789
75789
75789
75788
75788
75788
75788
75787
75787
75787
75787
75786
75786
75783
75782
75780
75779
75776
75775
75775
75774
75774
75774
75774
75773
75773
75773
75772
75772
75772
75771
75770
75769
75769
75768
75768
75768
75768
75767
75767
75767
75767
75767
75766
75766
75766
75766
75765
75765
75765
75765
75764
75764
75763
75762
75761
75761
75761
75760
75760
75760
75760
75759
75759
75759
75759
75758
75758
75758
75758
75756
75756
75756
75756
75755
75755
75755
75755
75754
75754
75754
75754
75753
75753
75753
75753
75753
75752
75752
75752
75752
75751
75751
75750
75749
75749
75749
75749
75748
75748
75748
75748
75747
75747
75747
75747
75747
75746
75746
75746
75746
75745
75745
75745
75744
75743
75742
75742
75741
75741
75741
75741
75741
75740
75740
75740
75740
75739
75739
75739
75739
75738
75738
75737
75737
75736
75736
75736
75735
75735
75735
75734
75734
75734
75734
75734
75733
75733
75733
75733
75732
75732
75732
75732
75731
75731
75731
75731
75731
75730
75730
75730
75730
75729
75729
75729
75729
75728
75728
75728
75728
75728
75727
75727
75727
75727
75726
75726
75726
75726
75725
75725
75725
75725
75724
75724
75724
75724
75723
75723
75723
75723
75723
75722
75722
75722
75722
75721
75721
75721
75721
75720
75720
75720
75720
75718
75717
75715
75714
75712
75696
75696
75696
75695
75695
75695
75693
75693
75692
75691
75691
75691
75691
75690
75690
75690
75690
75690
75689
75689
75689
75689
75688
75688
75688
75688
75687
75687
75687
75685
75685
75683
75683
75683
75683
75682
75682
75682
75682
75682
75681
75681
75681
75680
75680
75680
75679
75678
75678
75678
75678
75677
75677
75677
75677
75676
75676
75676
75676
75674
75674
75674
75674
75673
75673
75673
75673
75672
75672
75671
75670
75670
75670
75670
75669
75669
75669
75669
75668
75668
75668
75668
75668
75667
75667
75667
75667
75666
75666
75666
75665
75664
75663
75663
75662
75662
75662
75662
75662
75661
75661
75661
75660
75660
75660
75660
75658
75658
75658
75658
75657
75657
75657
75657
75657
75656
75656
75656
75656
75655
75655
75655
75655
75654
75654
75654
75654
75653
75653
75653
75653
75653
75652
75652
75652
75652
75651
75651
75651
75651
75650
75650
75650
75650
75650
75649
75649
75649
75649
75648
75648
75648
75648
75647
75647
75647
75647
75647
75646
75646
75646
75646
75645
75645
75645
75645
75644
75644
75644
75644
75644
75643
75643
75643
75643
75642
75642
75642
75642
75641
75641
75641
75641
75641
75640
75640
75640
75638
75637
75635
75632
75630
75627
75626
75625
75625
75624
75624
75624
75624
75624
75623
75623
75623
75623
75622
75622
75622
75622
75621
75621
75621
75621
75621
75620
75619
75619
75617
75617
75617
75616
75616
75616
75616
75616
75615
75615
75615
75615
75614
75614
75614
75612
75612
75612
75612
75611
75611
75611
75611
75610
75610
75610
75610
75610
75609
75609
75609
75609
75608
75608
75608
75608
75607
75607
75606
75605
75605
75605
75605
75604
75604
75604
75604
75603
75603
75603
75603
75602
75602
75602
75602
75601
75601
75601
75601
75599
75599
75597
75597
75597
75597
75596
75596
75596
75596
75595
75595
75595
75594
75593
75593
75593
75593
75592
75592
75592
75592
75592
75591
75591
75591
75591
75590
75590
75590
75590
75589
75589
75589
75589
75588
75588
75588
75588
75586
75586
75586
75586
75585
75585
75585
75585
75584
75584
75584
75584
75584
75583
75583
75583
75583
75582
75582
75582
75582
75581
75581
75581
75581
75580
75580
75580
75580
75580
75579
75579
75579
75579
75578
75578
75578
75578
75577
75577
75577
75577
75577
75576
75576
75576
75576
75575
75575
75575
75575
75574
75574
75574
75574
75574
75573
75573
75573
75573
75572
75572
75572
75572
75570
75567
75565
75564
75562
75560
75560
75560
75559
75559
75559
75559
75558
75558
75558
75558
75557
75557
75557
75557
75557
75556
75555
75555
75553
75553
75553
75552
75552
75552
75552
75551
75551
75551
75551
75551
75550
75550
75550
75549
75548
75548
75548
75548
75547
75547
75547
75547
75546
75546
75546
75546
75546
75545
75545
75545
75545
75544
75544
75544
75544
75543
75542
75542
75542
75541
75541
75541
75541
75540
75540
75540
75540
75539
75539
75539
75539
75539
75538
75538
75538
75538
75537
75536
75536
75534
75534
75534
75534
75533
75533
75533
75533
75531
75531
75531
75531
75530
75530
75530
75530
75529
75529
75529
75529
75528
75527
75527
75527
75526
75526
75526
75526
75525
75525
75525
75522
75522
75522
75521
75521
75521
75520
75520
75520
75520
75519
75519
75519
75519
75519
75518
75518
75518
75518
75517
75517
75517
75517
75516
75516
75516
75516
75516
75515
75515
75515
75515
75514
75514
75514
75514
75513
75513
75513
75513
75512
75512
75512
75512
75511
75511
75511
75511
75511
75510
75510
75510
75510
75509
75509
75509
75509
75509
75508
75508
75508
75508
75507
75507
75507
75507
75506
75506
75506
75506
75506
75505
75505
75505
75505
75504
75502
75500
75498
75496
75494
75492
75492
75492
75491
75491
75491
75491
75491
75490
75490
75490
75488
75488
75486
75486
75486
75486
75486
75485
75485
75485
75485
75484
75484
75484
75484
75483
75483
75482
75482
75481
75481
75481
75481
75480
75480
75480
75480
75480
75479
75479
75479
75479
75478
75478
75478
75478
75477
75477
75477
75477
75475
75475
75475
75475
75474
75474
75474
75474
75473
75473
75473
75473
75473
75472
75472
75472
75472
75471
75471
75471
75471
75469
75469
75467
75467
75467
75467
75466
75465
75465
75464
75464
75464
75464
75463
75463
75463
75463
75463
75462
75462
75462
75461
75461
75460
75460
75458
75458
75458
75457
75457
75457
75457
75456
75456
75456
75456
75455
75455
75455
75455
75454
75454
75454
75454
75454
75453
75453
75453
75453
75452
75452
75452
75452
75451
75451
75451
75451
75450
75450
75450
75450
75450
75449
75449
75449
75449
75448
75448
75448
75448
75447
75447
75447
75447
75446
75446
75446
75446
75446
75445
75445
75445
75445
75444
75444
75444
75444
75443
75443
75443
75443
75443
75442
75442
75442
75442
75441
75441
75441
75441
75441
75440
75440
75440
75440
75439
75439
75439
75439
75438
75438
75438
75438
75437
75437
75436
75434
75433
75431
75430
75428
75428
75428
75428
75427
75426
75426
75424
75424
75424
75424
75423
75423
75423
75423
75422
75422
75422
75421
75421
75421
75421
75419
75419
75419
75419
75418
75418
75418
75418
75417
75417
75417
75417
75417
75416
75416
75416
75416
75415
75415
75415
75415
75415
75414
75413
75413
75412
75412
75412
75412
75412
75411
75411
75411
75411
75410
75410
75410
75408
75408
75408
75407
75407
75407
75407
75405
75405
75404
75403
75402
75401
75401
75401
75400
75400
75400
75400
75400
75399
75399
75399
75399
75398
75398
75398
75398
75397
75397
75396
75395
75394
75394
75393
75393
75393
75393
75392
75392
75392
75392
75392
75391
75391
75391
75391
75390
75390
75390
75390
75389
75389
75389
75389
75389
75388
75388
75388
75388
75387
75387
75387
75387
75386
75386
75386
75386
75386
75385
75385
75385
75385
75384
75384
75384
75384
75384
75383
75383
75383
75383
75382
75382
75382
75382
75381
75381
75381
75381
75380
75380
75380
75380
75379
75379
75379
75379
75379
75378
75378
75378
75378
75377
75377
75377
75377
75376
75376
75376
75376
75376
75375
75375
75375
75375
75374
75374
75374
75374
75373
75373
75373
75373
75373
75372
75372
75372
75370
75368
75367
75364
75362
75360
75359
75359
75359
75358
75358
75358
75358
75357
75357
75357
75357
75356
75356
75356
75356
75354
75354
75354
75353
75353
75353
75353
75352
75352
75352
75352
75351
75351
75351
75351
75351
75350
75350
75350
75350
75349
75349
75349
75347
75347
75347
75347
75347
75346
75346
75346
75346
75345
75345
75345
75345
75344
75344
75344
75344
75343
75343
75343
75343
75341
75339
75337
75337
75337
75336
75336
75336
75336
75336
75335
75335
75335
75335
75334
75334
75334
75334
75333
75333
75333
75332
75332
75331
75331
75329
75329
75329
75329
75328
75328
75328
75328
75327
75327
75327
75327
75326
75326
75326
75326
75326
75325
75325
75325
75325
75324
75324
75324
75324
75323
75323
75323
75323
75323
75322
75322
75322
75322
75321
75321
75321
75321
75319
75319
75319
75318
75318
75318
75318
75317
75317
75317
75317
75317
75316
75316
75316
75316
75315
75315
75315
75315
75314
75314
75314
75314
75313
75313
75313
75313
75313
75312
75312
75312
75312
75311
75311
75311
75311
75310
75310
75310
75310
75310
75309
75309
75309
75309
75308
75308
75308
75308
75307
75307
75307
75307
75306
75306
75306
75306
75305
75305
75305
75305
75305
75304
75302
75300
75299
75297
75296
75294
75294
75294
75294
75293
75293
75293
75293
75292
75292
75291
75290
75290
75290
75290
75290
75289
75289
75289
75289
75288
75288
75288
75288
75287
75287
75287
75287
75286
75286
75286
75285
75285
75284
75283
75283
75283
75283
75282
75282
75282
75282
75281
75281
75281
75281
75280
75280
75280
75280
75280
75279
75278
75278
75276
75276
75275
75274
75274
75274
75273
75273
75273
75273
75272
75272
75272
75272
75272
75271
75271
75271
75271
75270
75270
75270
75270
75268
75268
75267
75266
75266
75266
75266
75265
75265
75265
75265
75264
75264
75264
75264
75263
75263
75263
75263
75263
75262
75262
75262
75260
75260
75260
75260
75259
75259
75259
75259
75258
75258
75258
75258
75258
75257
75257
75257
75257
75256
75256
75256
75256
75255
75255
75255
75255
75255
75254
75254
75254
75254
75253
75253
75253
75253
75252
75252
75252
75252
75251
75251
75251
75251
75250
75250
75250
75250
75250
75249
75249
75249
75249
75248
75248
75248
75248
75247
75247
75247
75247
75246
75246
75246
75246
75245
75245
75245
75245
75245
75244
75244
75244
75244
75243
75243
75243
75243
75242
75242
75242
75242
75240
75240
75240
75240
75239
75239
75239
75236
75233
75232
75230
75229
75227
75227
75227
75227
75225
75225
75224
75224
75224
75224
75223
75223
75223
75223
75222
75222
75222
75222
75222
75221
75221
75221
75221
75220
75220
75220
75220
75218
75218
75217
75217
75217
75217
75216
75216
75216
75215
75215
75215
75215
75214
75214
75214
75212
75212
75212
75212
75211
75210
75210
75208
75208
75208
75208
75207
75207
75207
75207
75206
75206
75206
75206
75205
75205
75205
75205
75204
75204
75204
75204
75204
75202
75202
75200
75200
75200
75200
75199
75199
75199
75199
75198
75198
75198
75198
75197
75197
75197
75197
75196
75196
75196
75196
75196
75194
75194
75194
75193
75193
75193
75193
75192
75192
75192
75192
75192
75191
75191
75191
75191
75190
75190
75190
75190
75189
75189
75189
75189
75189
75188
75188
75188
75188
75187
75187
75187
75186
75186
75186
75186
75186
75185
75185
75185
75185
75184
75184
75184
75184
75183
75183
75183
75183
75183
75182
75182
75182
75182
75181
75180
75180
75180
75180
75179
75179
75179
75179
75179
75178
75178
75178
75178
75177
75177
75177
75177
75176
75176
75176
75176
75176
75174
75174
75174
75173
75173
75173
75173
75172
75172
75172
75172
75171
75171
75171
75171
75171
75169
75167
75166
75163
75161
75160
75160
75159
75159
75159
75159
75158
75158
75158
75158
75157
75157
75157
75157
75157
75156
75156
75156
75156
75155
75155
75154
75153
75153
75153
75153
75152
75152
75152
75152
75152
75151
75151
75151
75150
75149
75149
75149
75149
75148
75148
75148
75146
75146
75145
75144
75144
75144
75144
75143
75143
75143
75143
75142
75142
75142
75142
75142
75141
75140
75140
75139
75139
75139
75139
75137
75137
75135
75135
75135
75134
75134
75134
75133
75133
75133
75133
75133
75132
75132
75132
75132
75131
75131
75131
75131
75130
75130
75129
75128
75128
75128
75128
75128
75127
75127
75127
75127
75126
75126
75126
75126
75125
75125
75125
75125
75124
75124
75124
75124
75124
75123
75123
75123
75123
75122
75122
75122
75122
75121
75121
75121
75121
75121
75120
75120
75120
75120
75119
75119
75119
75119
75118
75118
75118
75118
75118
75117
75117
75117
75117
75116
75116
75116
75116
75115
75115
75115
75115
75114
75114
75114
75114
75114
75113
75113
75113
75113
75112
75112
75112
75112
75110
75110
75110
75109
75109
75109
75109
75109
75108
75108
75108
75108
75107
75107
75107
75107
75106
75106
75106
75106
75106
75105
75105
75105
75105
75103
75101
75099
75096
75094
75093
75093
75093
75092
75092
75092
75092
75091
75091
75091
75091
75091
75090
75090
75090
75088
75088
75088
75088
75087
75087
75087
75087
75086
75086
75085
75085
75084
75084
75084
75084
75083
75083
75083
75083
75083
75081
75081
75079
75079
75079
75079
75078
75078
75078
75078
75077
75077
75077
75077
75076
75076
75076
75076
75076
75075
75075
75075
75075
75073
75073
75072
75071
75071
75071
75071
75070
75070
75070
75070
75069
75069
75069
75069
75069
75068
75068
75068
75068
75067
75067
75067
75066
75065
75065
75065
75065
75064
75064
75064
75064
75063
75063
75063
75063
75062
75062
75062
75062
75062
75061
75061
75061
75061
75060
75060
75060
75060
75060
75059
75059
75059
75059
75058
75058
75058
75058
75057
75057
75057
75057
75056
75056
75054
75054
75054
75054
75054
75053
75053
75053
75053
75052
75052
75052
75052
75051
75051
75051
75051
75051
75050
75050
75050
75050
75049
75049
75049
75049
75048
75048
75048
75048
75046
75046
75046
75045
75045
75045
75045
75044
75044
75044
75044
75043
75043
75043
75043
75042
75042
75042
75042
75041
75041
75041
75041
75041
75040
75040
75040
75040
75039
75039
75039
75039
75038
75038
75037
75035
75033
75031
75029
75028
75028
75027
75027
75027
75027
75026
75026
75026
75024
75024
75024
75024
75023
75023
75023
75021
75021
75021
75021
75020
75020
75020
75020
75020
75019
75019
75019
75019
75018
75017
75016
75015
75015
75014
75014
75014
75014
75013
75013
75013
75013
75013
75012
75012
75012
75012
75011
75011
75011
75011
75010
75010
75009
75009
75007
75007
75007
75006
75006
75006
75006
75005
75005
75005
75005
75005
75004
75004
75004
75004
75003
75003
75003
75003
75002
75001
75001
75000
75000
75000
75000
74999
74999
74999
74999
74998
74998
74998
74998
74997
74997
74997
74996
74995
74995
74995
74995
74994
74994
74994
74994
74993
74993
74993
74993
74992
74992
74992
74992
74992
74991
74991
74991
74991
74990
74990
74990
74990
74989
74989
74989
74989
74989
74988
74988
74988
74988
74987
74987
74987
74987
74986
74986
74986
74986
74985
74985
74985
74985
74984
74984
74984
74984
74982
74982
74982
74982
74981
74981
74981
74981
74980
74980
74980
74980
74980
74979
74979
74979
74979
74978
74978
74978
74978
74977
74977
74977
74977
74976
74976
74976
74976
74976
74975
74975
74975
74975
74974
74974
74974
74974
74973
74973
74973
74973
74973
74969
74967
74966
74965
74963
74960
74959
74959
74958
74957
74957
74957
74955
74955
74955
74954
74954
74954
74954
74953
74953
74953
74953
74953
74952
74952
74952
74952
74951
74950
74949
74948
74948
74948
74947
74947
74947
74947
74946
74946
74946
74946
74945
74945
74945
74945
74945
74944
74944
74944
74944
74943
74942
74942
74940
74940
74940
74940
74939
74939
74939
74939
74939
74938
74938
74938
74938
74937
74937
74937
74937
74936
74936
74936
74936
74934
74934
74934
74933
74933
74933
74933
74932
74932
74932
74932
74931
74931
74931
74931
74931
74930
74929
74929
74929
74928
74928
74928
74928
74927
74927
74927
74927
74926
74926
74926
74926
74925
74925
74925
74925
74925
74924
74924
74924
74924
74923
74923
74923
74923
74923
74922
74922
74922
74922
74921
74921
74921
74921
74920
74920
74920
74920
74919
74919
74919
74919
74918
74918
74918
74917
74916
74916
74916
74916
74915
74915
74915
74915
74914
74914
74914
74914
74913
74913
74913
74913
74913
74912
74912
74912
74912
74911
74911
74911
74911
74911
74910
74910
74910
74910
74909
74909
74909
74909
74908
74908
74908
74908
74908
74907
74907
74907
74907
74906
74906
74906
74906
74905
74905
74905
74905
74903
74902
74899
74897
74895
74894
74893
74893
74893
74893
74892
74892
74892
74892
74891
74891
74891
74891
74890
74890
74890
74890
74890
74888
74888
74886
74886
74886
74886
74885
74885
74885
74885
74884
74884
74884
74884
74883
74883
74883
74883
74883
74882
74882
74882
74882
74880
74880
74879
74878
74878
74878
74877
74877
74877
74877
74877
74876
74876
74876
74876
74875
74875
74875
74873
74873
74873
74873
74872
74871
74871
74871
74870
74870
74870
74869
74869
74868
74868
74868
74868
74867
74867
74867
74867
74866
74865
74865
74864
74864
74864
74864
74863
74863
74863
74863
74862
74862
74862
74861
74861
74861
74861
74860
74860
74860
74860
74858
74858
74858
74858
74857
74857
74857
74857
74856
74856
74856
74856
74855
74855
74855
74855
74855
74854
74854
74854
74854
74853
74853
74853
74851
74851
74851
74850
74850
74850
74850
74849
74849
74849
74849
74848
74848
74848
74848
74848
74847
74847
74847
74847
74846
74846
74846
74846
74846
74845
74845
74845
74845
74844
74844
74844
74844
74843
74843
74843
74843
74842
74842
74842
74842
74841
74841
74841
74841
74840
74840
74840
74840
74839
74839
74839
74839
74839
74838
74838
74838
74838
74837
74837
74837
74834
74833
74831
74830
74828
74827
74827
74826
74826
74826
74826
74826
74825
74825
74825
74825
74824
74823
74823
74821
74821
74821
74821
74820
74820
74820
74820
74819
74819
74819
74819
74818
74818
74818
74818
74818
74817
74817
74817
74817
74815
74815
74813
74813
74813
74812
74812
74812
74812
74812
74811
74811
74811
74811
74810
74810
74810
74810
74810
74809
74809
74809
74809
74807
74807
74807
74806
74806
74806
74806
74805
74805
74805
74805
74804
74804
74804
74804
74804
74803
74802
74801
74801
74801
74801
74801
74800
74800
74800
74800
74799
74799
74799
74799
74798
74798
74798
74798
74797
74797
74797
74796
74795
74794
74794
74793
74793
74793
74793
74792
74792
74792
74792
74792
74791
74791
74791
74791
74790
74790
74790
74790
74788
74788
74788
74788
74787
74787
74786
74785
74785
74785
74785
74784
74784
74784
74784
74784
74783
74783
74783
74783
74782
74782
74782
74782
74781
74781
74781
74781
74781
74780
74780
74780
74780
74779
74779
74779
74779
74778
74778
74778
74778
74778
74777
74777
74777
74777
74776
74776
74776
74776
74775
74775
74775
74775
74775
74774
74774
74774
74774
74773
74773
74773
74773
74772
74772
74772
74772
74771
74771
74771
74769
74768
74767
74765
74763
74761
74761
74761
74760
74760
74760
74759
74758
74757
74756
74756
74756
74756
74756
74755
74755
74755
74755
74754
74754
74754
74754
74753
74753
74753
74753
74753
74752
74752
74751
74750
74749
74749
74748
74748
74748
74748
74747
74747
74747
74747
74746
74746
74746
74746
74746
74745
74745
74745
74745
74744
74744
74743
74743
74742
74742
74742
74742
74741
74741
74741
74741
74740
74740
74740
74740
74740
74739
74739
74738
74737
74737
74737
74737
74736
74736
74736
74736
74735
74735
74735
74735
74734
74734
74734
74733
74733
74733
74733
74732
74731
74731
74729
74729
74729
74728
74728
74728
74728
74727
74727
74727
74727
74726
74726
74726
74726
74726
74724
74723
74723
74723
74723
74722
74722
74722
74722
74721
74721
74721
74721
74721
74720
74720
74720
74720
74719
74719
74719
74719
74718
74718
74718
74718
74717
74717
74717
74717
74716
74716
74716
74716
74715
74715
74715
74715
74715
74714
74714
74714
74714
74713
74713
74713
74713
74712
74712
74712
74712
74712
74711
74711
74711
74696
74695
74695
74695
74695
74694
74694
74694
74693
74693
74693
74693
74693
74692
74692
74692
74692
74691
74691
74691
74691
74690
74690
74690
74686
74684
74683
74682
74680
74678
74677
74676
74676
74676
74675
74675
74675
74675
74674
74674
74674
74674
74673
74673
74673
74673
74673
74672
74672
74672
74672
74671
74670
74670
74668
74668
74668
74667
74667
74667
74667
74666
74666
74666
74666
74666
74665
74665
74665
74665
74664
74664
74664
74664
74663
74662
74662
74662
74661
74661
74661
74661
74660
74660
74660
74660
74659
74659
74659
74659
74659
74658
74657
74656
74656
74656
74656
74656
74655
74655
74655
74655
74654
74654
74654
74654
74653
74653
74653
74653
74652
74652
74652
74651
74650
74649
74649
74648
74648
74648
74648
74647
74647
74647
74647
74646
74646
74646
74644
74644
74644
74644
74644
74643
74643
74643
74643
74642
74642
74642
74642
74641
74641
74641
74641
74641
74640
74640
74640
74640
74639
74639
74639
74639
74638
74638
74638
74638
74637
74637
74637
74637
74637
74636
74636
74636
74636
74635
74635
74635
74635
74635
74634
74634
74634
74634
74633
74633
74633
74633
74632
74632
74632
74632
74631
74631
74631
74631
74631
74630
74630
74630
74630
74629
74629
74629
74629
74628
74628
74628
74628
74628
74627
74627
74627
74627
74626
74626
74626
74626
74626
74625
74625
74625
74625
74624
74623
74621
74619
74618
74616
74615
74615
74614
74614
74614
74614
74613
74613
74613
74613
74612
74612
74612
74612
74611
74611
74611
74609
74609
74608
74607
74607
74607
74607
74606
74606
74606
74606
74606
74605
74605
74605
74605
74604
74604
74604
74604
74603
74603
74603
74601
74601
74601
74601
74601
74600
74600
74600
74600
74599
74599
74599
74599
74598
74598
74598
74598
74596
74596
74594
74594
74594
74594
74593
74593
74593
74593
74592
74592
74592
74592
74592
74591
74591
74591
74591
74590
74590
74589
74588
74587
74587
74586
74586
74586
74586
74585
74585
74585
74585
74583
74583
74583
74583
74582
74582
74582
74582
74581
74581
74581
74578
74578
74578
74577
74577
74577
74577
74577
74576
74576
74576
74576
74575
74575
74575
74575
74575
74574
74574
74574
74574
74573
74573
74573
74573
74572
74572
74572
74572
74572
74571
74571
74571
74571
74570
74570
74570
74570
74569
74569
74569
74569
74569
74568
74568
74568
74568
74567
74567
74567
74567
74567
74566
74566
74566
74566
74565
74565
74565
74565
74564
74564
74564
74564
74564
74563
74563
74563
74563
74562
74562
74562
74562
74561
74561
74561
74561
74561
74560
74560
74560
74560
74559
74559
74559
74559
74556
74554
74553
74552
74550
74549
74548
74548
74548
74548
74547
74547
74547
74547
74546
74546
74545
74545
74543
74543
74543
74542
74542
74542
74542
74541
74541
74541
74540
74540
74540
74540
74539
74539
74539
74539
74539
74538
74538
74536
74536
74536
74536
74535
74535
74535
74535
74535
74534
74534
74534
74534
74533
74533
74533
74533
74531
74531
74531
74531
74530
74530
74530
74530
74529
74529
74529
74529
74528
74528
74528
74528
74528
74527
74527
74527
74527
74525
74525
74524
74523
74523
74523
74523
74522
74522
74521
74520
74520
74520
74520
74519
74519
74519
74519
74518
74518
74518
74518
74518
74516
74516
74514
74514
74514
74513
74513
74513
74513
74513
74512
74512
74512
74512
74511
74511
74511
74511
74510
74510
74510
74510
74509
74509
74509
74509
74509
74508
74507
74507
74506
74506
74506
74506
74505
74505
74505
74505
74504
74504
74504
74504
74504
74503
74503
74503
74503
74502
74502
74502
74502
74501
74501
74501
74501
74501
74500
74500
74500
74500
74499
74499
74499
74498
74498
74498
74498
74498
74497
74497
74497
74497
74496
74496
74496
74496
74495
74495
74495
74495
74495
74494
74494
74494
74494
74493
74493
74493
74493
74492
74492
74492
74490
74489
74487
74486
74484
74482
74482
74482
74482
74481
74480
74480
74478
74478
74478
74478
74477
74477
74477
74477
74477
74476
74476
74476
74476
74475
74475
74475
74475
74474
74474
74474
74474
74472
74472
74472
74472
74471
74471
74471
74470
74470
74470
74470
74469
74469
74469
74469
74468
74468
74467
74467
74466
74466
74466
74466
74465
74465
74465
74465
74464
74464
74464
74464
74463
74463
74463
74463
74462
74462
74462
74460
74460
74459
74459
74458
74458
74457
74456
74456
74456
74456
74455
74455
74455
74455
74454
74454
74454
74454
74453
74453
74453
74453
74451
74451
74449
74448
74448
74448
74448
74447
74447
74447
74447
74446
74446
74446
74446
74445
74445
74445
74445
74444
74444
74444
74444
74444
74443
74443
74443
74443
74442
74442
74442
74442
74441
74441
74441
74441
74441
74440
74440
74440
74440
74439
74439
74439
74439
74438
74438
74438
74438
74438
74437
74437
74437
74437
74436
74436
74436
74436
74435
74435
74435
74435
74435
74434
74434
74434
74434
74433
74433
74433
74433
74432
74432
74432
74432
74432
74431
74431
74431
74431
74430
74430
74430
74430
74429
74429
74429
74429
74428
74428
74428
74428
74427
74427
74427
74427
74427
74426
74423
74422
74420
74419
74416
74414
74413
74413
74412
74412
74412
74412
74411
74411
74411
74411
74410
74410
74410
74410
74409
74409
74409
74409
74408
74408
74408
74406
74406
74406
74406
74406
74405
74405
74405
74405
74404
74404
74404
74404
74403
74403
74403
74403
74401
74401
74401
74400
74400
74400
74400
74399
74399
74399
74399
74398
74398
74398
74398
74398
74397
74397
74397
74397
74396
74395
74395
74393
74392
74391
74391
74391
74391
74390
74390
74390
74390
74389
74389
74389
74389
74388
74388
74388
74388
74388
74387
74387
74386
74385
74384
74384
74384
74383
74383
74383
74383
74382
74382
74382
74382
74382
74381
74381
74381
74381
74380
74380
74380
74380
74379
74379
74379
74379
74379
74378
74378
74378
74378
74377
74377
74377
74377
74376
74376
74376
74376
74376
74375
74375
74375
74375
74374
74374
74374
74374
74373
74373
74373
74373
74372
74372
74372
74372
74372
74371
74371
74371
74371
74370
74370
74370
74370
74370
74369
74369
74369
74369
74368
74368
74368
74368
74367
74367
74367
74367
74366
74366
74366
74366
74366
74365
74365
74365
74365
74364
74364
74364
74364
74363
74363
74363
74363
74363
74362
74362
74362
74362
74361
74361
74361
74361
74358
74356
74355
74353
74352
74351
74350
74350
74350
74350
74349
74349
74349
74349
74348
74348
74348
74348
74348
74347
74347
74346
74345
74345
74345
74345
74345
74344
74344
74344
74344
74343
74343
74343
74343
74342
74342
74342
74340
74340
74340
74340
74339
74339
74339
74339
74339
74338
74338
74338
74338
74337
74337
74337
74337
74336
74336
74336
74336
74333
74333
74331
74331
74331
74330
74329
74329
74329
74329
74328
74328
74328
74328
74327
74327
74327
74327
74326
74326
74326
74326
74326
74324
74324
74321
74321
74321
74321
74320
74320
74320
74320
74320
74319
74319
74319
74319
74318
74318
74318
74318
74317
74317
74317
74317
74315
74315
74315
74314
74314
74314
74314
74313
74313
74313
74313
74312
74312
74312
74312
74312
74311
74311
74311
74311
74310
74310
74310
74310
74310
74309
74309
74309
74309
74308
74308
74308
74308
74307
74307
74307
74307
74307
74306
74306
74306
74306
74305
74305
74305
74305
74304
74304
74304
74304
74303
74303
74303
74303
74302
74302
74302
74302
74301
74301
74301
74301
74300
74300
74300
74300
74299
74299
74299
74299
74299
74298
74298
74298
74298
74297
74297
74297
74297
74296
74296
74296
74295
74294
74294
74294
74294
74292
74291
74289
74287
74286
74285
74284
74284
74284
74284
74283
74283
74283
74283
74282
74281
74281
74281
74280
74280
74280
74280
74279
74279
74279
74279
74278
74278
74278
74278
74278
74277
74276
74275
74275
74275
74275
74274
74274
74274
74274
74274
74273
74273
74273
74273
74272
74272
74272
74272
74270
74270
74270
74268
74268
74267
74266
74266
74266
74266
74265
74265
74265
74265
74264
74264
74264
74264
74264
74263
74263
74263
74263
74262
74262
74262
74260
74260
74259
74259
74258
74258
74258
74257
74257
74257
74257
74256
74256
74256
74256
74255
74255
74255
74255
74255
74254
74254
74254
74252
74252
74252
74252
74251
74251
74251
74251
74250
74250
74250
74250
74249
74249
74249
74249
74249
74248
74248
74248
74248
74247
74247
74247
74247
74247
74246
74246
74246
74244
74244
74244
74244
74243
74243
74243
74243
74242
74242
74242
74242
74241
74241
74241
74241
74240
74240
74240
74240
74239
74239
74239
74239
74238
74238
74238
74238
74238
74237
74237
74237
74237
74236
74236
74236
74236
74235
74235
74235
74235
74235
74234
74234
74234
74234
74233
74233
74233
74233
74231
74231
74231
74231
74230
74230
74230
74230
74229
74229
74229
74229
74229
74228
74227
74225
74224
74223
74221
74219
74219
74218
74218
74217
74217
74216
74216
74216
74216
74215
74215
74215
74215
74214
74214
74214
74214
74214
74213
74213
74212
74211
74211
74211
74211
74210
74210
74210
74210
74210
74209
74209
74209
74209
74208
74207
74207
74206
74206
74206
74206
74204
74204
74203
74202
74202
74202
74202
74201
74201
74201
74201
74201
74200
74200
74200
74200
74199
74199
74199
74199
74198
74198
74198
74197
74196
74194
74194
74193
74193
74193
74193
74192
74192
74192
74192
74191
74191
74191
74191
74191
74190
74190
74190
74189
74189
74189
74187
74187
74187
74187
74186
74186
74186
74186
74186
74185
74185
74185
74185
74184
74184
74184
74184
74183
74183
74183
74183
74183
74182
74182
74182
74182
74181
74181
74181
74181
74180
74180
74180
74180
74180
74179
74179
74179
74179
74178
74178
74178
74178
74177
74177
74177
74177
74177
74176
74176
74176
74176
74175
74175
74175
74175
74174
74174
74174
74174
74173
74173
74173
74173
74173
74172
74172
74172
74172
74171
74171
74171
74171
74170
74170
74170
74168
74168
74168
74168
74168
74167
74167
74167
74167
74166
74166
74166
74166
74165
74165
74165
74165
74164
74164
74164
74164
74164
74163
74161
74159
74158
74155
74154
74152
74151
74151
74151
74151
74151
74150
74150
74150
74150
74149
74149
74149
74149
74148
74147
74147
74146
74146
74146
74146
74146
74145
74145
74145
74145
74144
74143
74143
74143
74142
74142
74142
74142
74141
74141
74140
74139
74138
74138
74138
74137
74137
74137
74137
74136
74136
74136
74136
74135
74135
74135
74135
74135
74134
74134
74134
74134
74133
74132
74132
74130
74130
74130
74129
74129
74129
74129
74128
74128
74128
74128
74127
74127
74127
74127
74126
74126
74126
74126
74126
74125
74124
74124
74123
74123
74123
74123
74122
74122
74122
74122
74121
74121
74121
74121
74121
74120
74120
74120
74120
74119
74119
74119
74119
74118
74118
74118
74118
74118
74117
74117
74117
74117
74116
74116
74116
74116
74115
74115
74115
74115
74114
74114
74114
74114
74113
74113
74113
74113
74112
74112
74112
74112
74112
74111
74111
74111
74111
74110
74110
74110
74110
74110
74109
74109
74109
74109
74108
74108
74108
74108
74107
74107
74107
74105
74105
74105
74105
74105
74104
74104
74104
74104
74103
74103
74103
74103
74102
74102
74102
74102
74102
74101
74101
74101
74101
74100
74100
74100
74100
74099
74099
74099
74099
74099
74098
74097
74095
74094
74093
74091
74089
74089
74089
74089
74088
74088
74088
74088
74087
74086
74086
74085
74085
74085
74085
74085
74084
74084
74083
74082
74082
74082
74082
74081
74081
74081
74081
74081
74080
74080
74079
74078
74077
74077
74077
74076
74076
74076
74076
74075
74075
74075
74075
74074
74074
74074
74074
74073
74073
74073
74073
74073
74072
74071
74071
74069
74069
74069
74068
74066
74066
74065
74065
74065
74065
74064
74064
74064
74064
74063
74063
74063
74063
74062
74062
74062
74061
74060
74060
74060
74060
74059
74059
74059
74059
74058
74058
74058
74058
74058
74057
74057
74057
74057
74056
74056
74056
74056
74055
74054
74054
74053
74053
74053
74053
74052
74052
74052
74052
74052
74051
74051
74051
74051
74050
74050
74050
74050
74049
74049
74049
74049
74049
74048
74048
74048
74048
74047
74047
74047
74047
74046
74046
74046
74046
74046
74045
74045
74045
74045
74044
74044
74044
74044
74043
74043
74042
74041
74041
74041
74041
74040
74040
74040
74040
74040
74039
74039
74039
74039
74038
74038
74038
74038
74038
74037
74037
74037
74037
74036
74036
74036
74036
74035
74035
74035
74035
74035
74034
74034
74034
74034
74033
74033
74033
74033
74032
74031
74029
74024
74022
74020
74018
74018
74018
74016
74015
74015
74014
74014
74013
74011
74011
74010
74010
74010
74009
74009
74009
74009
74008
74008
74007
74006
74006
73942
73939
73939
73937
73937
73937
73936
73936
73936
73936
73935
73935
73935
73935
73934
73934
73934
73934
73933
73933
73933
73933
73933
73932
73931
73930
73929
73929
73929
73928
73928
73928
73928
73927
73927
73927
73927
73927
73926
73926
73926
73926
73925
73925
73925
73925
73925
73923
73923
73923
73922
73922
73922
73922
73921
73921
73921
73920
73920
73920
73920
73920
73919
73919
73919
73919
73918
73918
73918
73918
73916
73916
73916
73916
73915
73915
73915
73915
73914
73914
73914
73914
73914
73913
73913
73913
73913
73912
73912
73912
73912
73912
73911
73911
73911
73911
73910
73910
73910
73910
73908
73908
73908
73907
73907
73907
73907
73906
73906
73906
73906
73905
73905
73905
73903
73903
73902
73902
73902
73902
73902
73901
73901
73901
73901
73900
73900
73900
73900
73899
73899
73899
73899
73899
73898
73898
73898
73898
73897
73897
73897
73897
73897
73896
73896
73896
73896
73895
73895
73895
73895
73894
73894
73894
73894
73893
73893
73893
73893
73893
73892
73892
73892
73892
73888
73886
73884
73882
73880
73878
73877
73877
73877
73877
73876
73876
73876
73875
73875
73875
73875
73875
73874
73874
73874
73874
73873
73872
73872
73870
73870
73870
73869
73869
73869
73869
73868
73868
73868
73868
73867
73867
73867
73867
73867
73866
73866
73866
73866
73865
73864
73864
73861
73861
73861
73860
73860
73860
73860
73859
73859
73859
73859
73859
73858
73858
73858
73858
73857
73857
73857
73857
73856
73855
73855
73854
73854
73854
73854
73853
73853
73853
73853
73852
73852
73852
73852
73852
73851
73851
73851
73851
73850
73850
73850
73850
73848
73848
73848
73848
73847
73847
73847
73847
73846
73846
73846
73846
73845
73845
73845
73845
73845
73844
73844
73844
73844
73843
73843
73843
73843
73842
73842
73842
73842
73842
73841
73841
73841
73841
73840
73840
73840
73840
73839
73839
73839
73838
73837
73837
73837
73837
73836
73836
73836
73836
73835
73835
73835
73835
73835
73834
73834
73834
73834
73833
73833
73833
73833
73832
73832
73832
73832
73832
73831
73831
73831
73831
73830
73830
73830
73830
73829
73829
73829
73829
73829
73828
73828
73828
73828
73827
73827
73827
73827
73826
73826
73826
73826
73826
73825
73825
73825
73825
73824
73824
73821
73820
73817
73816
73814
73813
73813
73812
73812
73812
73812
73811
73811
73810
73810
73810
73810
73808
73808
73806
73806
73806
73805
73805
73805
73805
73804
73804
73804
73804
73804
73803
73803
73803
73803
73802
73802
73802
73802
73801
73800
73800
73798
73798
73798
73798
73797
73797
73797
73797
73796
73796
73796
73796
73795
73795
73795
73795
73795
73794
73794
73794
73794
73792
73792
73792
73791
73791
73791
73790
73790
73790
73790
73789
73789
73789
73789
73788
73788
73788
73788
73788
73787
73787
73787
73787
73785
73785
73785
73784
73784
73784
73784
73783
73783
73783
73783
73782
73782
73782
73782
73780
73780
73780
73780
73779
73779
73779
73779
73778
73778
73778
73777
73777
73777
73776
73774
73774
73773
73773
73772
73772
73772
73771
73770
73769
73769
73768
73767
73767
73767
73766
73766
73766
73765
73765
73693
73693
73692
73692
73692
73691
73691
73691
73690
73690
73690
73690
73689
73689
73689
73688
73688
73688
73687
73687
73687
73687
73686
73686
73686
73685
73685
73685
73685
73684
73684
73684
73683
73683
73683
73683
73682
73682
73682
73681
73681
73681
73681
73680
73680
73680
73680
73679
73679
73679
73679
73678
73678
73678
73678
73677
73675
73672
73671
73669
73668
73666
73666
73666
73666
73665
73665
73663
73663
73662
73662
73661
73661
73661
73660
73660
73660
73660
73660
73659
73659
73659
73659
73658
73658
73658
73658
73658
73657
73657
73656
73655
73654
73654
73653
73653
73653
73653
73653
73652
73652
73652
73652
73651
73651
73651
73651
73650
73650
73650
73650
73650
73649
73648
73648
73647
73647
73647
73647
73646
73644
73643
73643
73643
73643
73642
73642
73642
73642
73642
73641
73641
73641
73641
73640
73640
73638
73638
73638
73638
73637
73637
73637
73637
73636
73636
73636
73636
73635
73635
73635
73633
73633
73633
73633
73632
73632
73632
73632
73630
73630
73630
73630
73629
73629
73629
73629
73628
73628
73628
73628
73626
73626
73626
73625
73625
73625
73625
73624
73624
73624
73624
73623
73623
73623
73623
73622
73622
73622
73622
73621
73621
73621
73621
73621
73620
73620
73620
73620
73619
73619
73619
73619
73619
73618
73618
73618
73618
73617
73617
73617
73617
73616
73616
73616
73616
73615
73615
73615
73615
73615
73614
73614
73614
73614
73613
73613
73613
73613
73613
73612
73612
73612
73612
73611
73611
73611
73611
73610
73610
73610
73610
73610
73609
73609
73609
73609
73608
73607
73605
73604
73602
73601
73599
73598
73597
73597
73597
73596
73596
73596
73595
73595
73595
73595
73594
73594
73594
73594
73593
73593
73593
73593
73593
73592
73592
73591
73590
73589
73589
73588
73588
73588
73588
73588
73587
73587
73587
73587
73586
73586
73586
73586
73585
73585
73585
73585
73585
73584
73583
73583
73582
73582
73582
73581
73581
73581
73581
73581
73580
73580
73580
73580
73579
73579
73579
73579
73578
73578
73578
73578
73578
73576
73576
73576
73575
73575
73575
73575
73574
73574
73573
73573
73573
73573
73573
73572
73571
73571
73570
73570
73570
73570
73569
73569
73568
73567
73567
73567
73567
73566
73566
73566
73566
73564
73564
73564
73564
73563
73563
73563
73563
73562
73562
73562
73562
73562
73561
73561
73561
73561
73560
73560
73560
73560
73560
73558
73558
73557
73557
73557
73557
73556
73556
73556
73556
73555
73555
73555
73555
73555
73554
73554
73554
73554
73553
73553
73553
73553
73553
73552
73552
73552
73552
73551
73551
73551
73551
73550
73550
73550
73550
73549
73549
73549
73549
73549
73548
73548
73548
73548
73547
73547
73547
73547
73546
73546
73546
73546
73545
73545
73545
73545
73545
73544
73544
73544
73544
73543
73543
73542
73539
73538
73536
73534
73532
73532
73532
73532
73531
73531
73531
73531
73531
73530
73530
73530
73530
73529
73529
73529
73529
73527
73527
73525
73525
73525
73525
73525
73524
73524
73524
73524
73523
73523
73523
73523
73522
73522
73522
73522
73522
73521
73521
73521
73519
73519
73519
73519
73518
73518
73518
73518
73518
73517
73517
73517
73517
73516
73516
73516
73516
73515
73515
73515
73515
73515
73514
73512
73511
73511
73511
73511
73511
73510
73510
73510
73510
73509
73509
73509
73509
73508
73507
73507
73507
73506
73506
73506
73505
73505
73504
73504
73503
73503
73503
73503
73501
73501
73501
73501
73500
73500
73500
73500
73499
73498
73498
73497
73497
73497
73497
73496
73496
73496
73496
73496
73495
73495
73495
73495
73494
73494
73494
73494
73493
73493
73493
73493
73493
73492
73492
73492
73492
73491
73491
73491
73491
73490
73490
73490
73490
73490
73489
73489
73489
73489
73488
73488
73488
73488
73487
73487
73487
73487
73487
73486
73486
73486
73486
73485
73485
73485
73485
73484
73484
73484
73484
73483
73483
73483
73483
73483
73482
73482
73482
73482
73481
73481
73481
73481
73480
73480
73480
73480
73480
73479
73479
73479
73479
73478
73478
73474
73473
73471
73470
73468
73467
73466
73466
73466
73466
73465
73465
73465
73465
73464
73464
73463
73462
73461
73461
73460
73460
73460
73460
73459
73459
73459
73459
73458
73458
73458
73458
73458
73457
73457
73457
73457
73456
73456
73455
73454
73454
73454
73454
73453
73453
73453
73453
73453
73452
73452
73452
73452
73451
73451
73451
73451
73450
73450
73450
73450
73450
73448
73448
73448
73447
73447
73447
73446
73446
73446
73445
73445
73445
73445
73445
73444
73443
73443
73442
73442
73442
73442
73441
73441
73440
73439
73439
73438
73438
73437
73437
73437
73437
73436
73436
73436
73436
73435
73435
73434
73434
73433
73433
73433
73433
73432
73432
73432
73432
73431
73431
73431
73431
73430
73430
73430
73430
73430
73429
73429
73429
73429
73428
73428
73428
73428
73428
73427
73427
73427
73427
73426
73426
73426
73426
73425
73425
73425
73425
73425
73424
73424
73424
73424
73423
73423
73423
73423
73422
73422
73422
73422
73421
73421
73421
73420
73420
73420
73420
73420
73419
73419
73419
73419
73418
73418
73418
73418
73418
73417
73417
73417
73417
73416
73416
73416
73416
73415
73415
73415
73415
73414
73414
73414
73414
73413
73413
73413
73413
73413
73412
73411
73409
73408
73406
73404
73403
73403
73402
73402
73402
73400
73400
73399
73398
73398
73398
73398
73397
73397
73397
73397
73396
73396
73396
73396
73395
73395
73395
73395
73394
73394
73394
73394
73393
73392
73392
73392
73392
73391
73391
73391
73391
73390
73390
73390
73390
73389
73389
73389
73389
73389
73388
73388
73388
73388
73387
73386
73386
73386
73385
73385
73385
73385
73384
73382
73381
73381
73381
73381
73381
73380
73379
73379
73378
73378
73378
73377
73377
73377
73374
73374
73374
73374
73373
73373
73373
73373
73373
73372
73372
73372
73372
73371
73371
73370
73369
73368
73368
73368
73367
73367
73367
73367
73366
73366
73366
73366
73365
73365
73365
73365
73365
73364
73364
73364
73364
73363
73363
73363
73363
73362
73362
73362
73362
73362
73361
73361
73361
73361
73360
73360
73360
73360
73359
73359
73359
73359
73359
73358
73358
73358
73358
73357
73357
73357
73357
73356
73356
73356
73356
73355
73355
73355
73355
73355
73354
73354
73354
73354
73353
73353
73353
73353
73352
73352
73352
73352
73352
73351
73351
73351
73351
73350
73350
73350
73350
73349
73349
73349
73349
73349
73348
73348
73348
73348
73347
73347
73347
73347
73346
73346
73346
73344
73343
73341
73340
73337
73336
73335
73334
73334
73334
73334
73333
73333
73333
73333
73332
73332
73332
73332
73332
73331
73331
73331
73331
73330
73330
73330
73328
73328
73328
73328
73327
73327
73327
73327
73326
73326
73326
73326
73326
73325
73325
73325
73325
73324
73324
73324
73324
73324
73323
73322
73322
73321
73321
73321
73321
73320
73320
73320
73320
73319
73319
73319
73319
73318
73317
73316
73316
73316
73316
73314
73314
73314
73312
73312
73312
73311
73311
73311
73311
73310
73310
73310
73310
73309
73309
73309
73309
73307
73307
73306
73305
73305
73305
73305
73304
73304
73304
73304
73303
73303
73303
73303
73302
73302
73302
73302
73302
73301
73301
73301
73301
73300
73300
73300
73300
73300
73299
73299
73299
73299
73298
73298
73298
73298
73297
73297
73297
73295
73295
73295
73295
73295
73294
73294
73294
73294
73293
73293
73293
73293
73292
73292
73292
73292
73291
73291
73291
73291
73291
73290
73290
73290
73290
73289
73289
73289
73289
73288
73288
73288
73288
73288
73287
73287
73287
73287
73286
73286
73286
73286
73285
73285
73285
73285
73285
73284
73284
73284
73284
73283
73283
73283
73283
73283
73282
73282
73282
73282
73281
73281
73281
73279
73277
73276
73274
73272
73270
73270
73270
73270
73269
73269
73269
73269
73268
73268
73268
73268
73267
73267
73267
73267
73265
73265
73265
73264
73264
73264
73264
73263
73263
73263
73263
73262
73262
73262
73262
73262
73261
73261
73261
73261
73260
73260
73260
73258
73258
73258
73258
73257
73257
73257
73257
73256
73256
73256
73256
73256
73255
73255
73252
73252
73250
73250
73250
73249
73249
73249
73247
73247
73247
73247
73247
73246
73246
73246
73246
73245
73245
73245
73245
73244
73244
73243
73243
73241
73241
73240
73240
73240
73239
73239
73239
73239
73238
73238
73238
73238
73237
73237
73237
73237
73236
73236
73236
73236
73234
73234
73234
73234
73233
73233
73233
73233
73232
73232
73232
73232
73231
73231
73231
73231
73231
73230
73230
73230
73230
73229
73229
73229
73229
73228
73228
73228
73228
73228
73227
73227
73227
73227
73226
73226
73226
73226
73225
73225
73225
73225
73224
73224
73224
73224
73223
73223
73223
73223
73222
73222
73222
73222
73222
73221
73221
73221
73221
73220
73220
73220
73220
73219
73219
73219
73219
73219
73218
73218
73218
73218
73217
73217
73217
73217
73216
73216
73216
73216
73216
73215
73215
73215
73213
73213
73213
73210
73208
73207
73205
73204
73203
73202
73202
73202
73202
73201
73201
73201
73201
73200
73199
73199
73198
73198
73198
73198
73197
73197
73197
73197
73196
73196
73196
73196
73196
73195
73195
73195
73195
73194
73194
73194
73194
73192
73192
73192
73192
73191
73191
73191
73191
73190
73190
73190
73190
73189
73189
73188
73186
73186
73186
73186
73185
73185
73185
73185
73183
73183
73183
73182
73182
73182
73182
73181
73181
73181
73181
73180
73180
73180
73180
73178
73178
73176
73176
73176
73176
73175
73175
73175
73175
73175
73174
73174
73174
73174
73173
73173
73173
73173
73172
73172
73172
73172
73170
73170
73170
73169
73169
73169
73169
73168
73168
73168
73168
73168
73167
73167
73167
73167
73166
73166
73166
73166
73165
73165
73165
73165
73165
73164
73164
73164
73164
73163
73163
73163
73163
73162
73162
73162
73162
73162
73161
73161
73161
73161
73160
73160
73160
73160
73159
73159
73159
73159
73158
73158
73158
73158
73158
73157
73157
73157
73157
73156
73156
73156
73156
73155
73155
73155
73155
73154
73154
73154
73154
73154
73153
73153
73153
73153
73152
73152
73152
73152
73151
73150
73149
73149
73149
73149
73149
73148
73148
73148
73148
73147
73147
73145
73144
73143
73141
73140
73138
73138
73138
73138
73136
73136
73136
73135
73135
73135
73135
73134
73134
73134
73134
73133
73133
73133
73133
73132
73132
73132
73132
73132
73131
73131
73131
73129
73129
73129
73129
73128
73128
73128
73128
73127
73127
73127
73125
73124
73124
73124
73122
73122
73122
73121
73121
73121
73121
73120
73119
73119
73118
73118
73117
73077
73077
73076
73076
73073
73073
73073
73072
73072
73071
73069
73069
73067
73067
73067
73066
73066
73066
73065
73065
73065
73064
73064
73064
73063
73063
73063
73062
73062
73062
73061
73061
73061
73059
73059
73058
73058
73057
73057
73057
73056
73056
73056
73055
73055
73055
73054
73054
73054
73053
73053
73052
73052
73052
73051
73051
73051
73050
73050
73050
73050
73049
73049
73048
73048
73048
73047
73047
73047
73046
73046
73045
73045
73045
73044
73044
73043
73043
73043
73042
73042
73042
73041
73041
73041
73040
73040
73039
73039
73039
73038
73038
73038
73037
73037
73037
73036
73036
73036
73035
73035
73034
73034
73034
73033
73033
73032
73032
73032
73031
73031
73029
73028
73028
73028
73028
73027
73027
73026
73026
73026
73025
73025
73025
73024
73024
73023
73023
73023
73022
73021
73021
73017
73016
73014
73011
73009
73007
73006
73006
73005
73005
73005
73004
73004
73004
73003
73003
73003
73002
73002
73001
73001
73001
73000
73000
73000
72999
72997
72997
72996
72996
72995
72995
72995
72994
72993
72992
72992
72992
72991
72991
72991
72989
72988
72988
72988
72987
72987
72987
72986
72985
72984
72984
72984
72983
72983
72983
72982
72982
72981
72981
72981
72980
72980
72980
72978
72978
72976
72975
72975
72975
72974
72974
72974
72973
72973
72973
72972
72972
72972
72971
72971
72971
72970
72970
72970
72969
72969
72967
72967
72966
72966
72965
72965
72965
72964
72964
72963
72963
72963
72962
72962
72962
72962
72961
72961
72961
72960
72960
72960
72959
72959
72958
72958
72957
72957
72957
72956
72956
72956
72955
72955
72955
72954
72954
72954
72953
72953
72953
72951
72951
72951
72950
72950
72950
72950
72950
72949
72949
72949
72949
72948
72948
72948
72948
72947
72947
72947
72947
72946
72946
72946
72946
72945
72945
72945
72945
72945
72944
72944
72944
72944
72943
72942
72942
72941
72941
72941
72941
72940
72940
72940
72939
72939
72939
72939
72939
72938
72938
72938
72938
72937
72937
72937
72937
72936
72936
72936
72936
72936
72935
72935
72935
72933
72932
72930
72929
72927
72925
72925
72925
72924
72924
72924
72924
72924
72923
72923
72923
72923
72922
72922
72922
72921
72920
72920
72920
72920
72917
72917
72916
72916
72916
72915
72915
72915
72915
72915
72913
72913
72913
72912
72912
72912
72912
72911
72910
72910
72910
72909
72909
72909
72909
72908
72908
72908
72908
72907
72907
72907
72907
72905
72905
72904
72903
72903
72902
72902
72902
72902
72901
72901
72901
72901
72901
72900
72900
72900
72900
72899
72899
72899
72899
72898
72897
72897
72897
72896
72896
72896
72896
72895
72895
72895
72895
72894
72894
72894
72894
72893
72893
72893
72893
72893
72892
72892
72892
72890
72890
72890
72890
72889
72889
72889
72889
72889
72888
72888
72888
72888
72887
72887
72887
72887
72886
72886
72886
72886
72886
72885
72885
72885
72885
72884
72884
72884
72884
72883
72883
72883
72883
72883
72882
72882
72882
72882
72881
72881
72881
72881
72880
72880
72880
72880
72879
72879
72878
72877
72877
72877
72877
72876
72876
72876
72876
72875
72875
72875
72875
72875
72874
72874
72874
72874
72873
72873
72873
72873
72873
72872
72872
72872
72872
72871
72871
72871
72871
72870
72870
72870
72870
72870
72869
72869
72869
72866
72864
72862
72860
72859
72857
72857
72857
72856
72856
72856
72856
72855
72855
72854
72853
72852
72852
72852
72851
72851
72851
72851
72850
72850
72850
72850
72849
72849
72848
72847
72847
72847
72847
72847
72846
72846
72845
72844
72844
72844
72844
72843
72843
72843
72843
72843
72842
72842
72842
72842
72841
72840
72840
72838
72838
72838
72837
72837
72837
72837
72837
72836
72836
72836
72836
72835
72835
72835
72835
72834
72834
72834
72834
72833
72832
72832
72832
72831
72831
72831
72831
72830
72830
72830
72830
72829
72829
72829
72829
72829
72828
72828
72828
72828
72827
72827
72827
72825
72825
72825
72825
72824
72824
72824
72824
72824
72823
72823
72823
72823
72822
72822
72822
72822
72821
72821
72821
72821
72820
72820
72820
72820
72820
72819
72819
72819
72819
72818
72818
72818
72818
72817
72817
72817
72817
72817
72816
72816
72816
72816
72815
72815
72815
72813
72813
72813
72813
72812
72812
72812
72812
72812
72811
72811
72811
72811
72810
72810
72810
72810
72809
72809
72809
72809
72808
72808
72808
72808
72807
72807
72807
72807
72807
72806
72806
72806
72806
72805
72805
72805
72805
72804
72804
72804
72804
72804
72803
72803
72803
72803
72802
72800
72799
72798
72796
72795
72793
72793
72792
72789
72789
72789
72788
72788
72788
72788
72787
72787
72787
72787
72786
72786
72786
72786
72784
72784
72784
72784
72783
72783
72783
72783
72781
72781
72781
72781
72780
72780
72780
72780
72779
72779
72779
72779
72778
72778
72778
72777
72776
72775
72775
72774
72774
72774
72774
72773
72773
72773
72773
72773
72772
72772
72772
72772
72771
72770
72770
72769
72769
72769
72768
72767
72767
72767
72767
72766
72766
72766
72766
72765
72765
72765
72765
72764
72764
72764
72764
72763
72763
72763
72763
72762
72762
72761
72760
72760
72760
72760
72759
72759
72759
72759
72758
72758
72758
72758
72757
72757
72757
72757
72756
72756
72756
72756
72756
72755
72755
72755
72755
72754
72754
72754
72754
72753
72753
72753
72753
72753
72752
72752
72752
72752
72751
72751
72751
72751
72749
72749
72749
72748
72748
72748
72748
72747
72747
72747
72747
72747
72746
72746
72746
72746
72745
72745
72745
72745
72744
72744
72744
72744
72743
72743
72743
72743
72743
72742
72742
72742
72742
72741
72741
72741
72741
72740
72740
72740
72740
72740
72739
72739
72739
72739
72738
72738
72738
72738
72737
72737
72737
72737
72736
72736
72736
72734
72733
72730
72729
72727
72725
72725
72725
72725
72724
72724
72724
72724
72723
72723
72723
72723
72721
72721
72721
72721
72720
72720
72720
72720
72718
72718
72718
72717
72717
72717
72717
72716
72716
72716
72716
72716
72715
72715
72715
72714
72713
72712
72712
72711
72711
72711
72711
72668
72667
72667
72667
72667
72667
72666
72666
72666
72665
72665
72665
72665
72664
72664
72662
72662
72662
72662
72661
72661
72661
72661
72660
72660
72660
72660
72659
72659
72659
72659
72658
72658
72658
72658
72658
72657
72657
72656
72655
72655
72655
72655
72654
72654
72654
72654
72654
72653
72653
72653
72653
72652
72652
72652
72652
72651
72651
72651
72650
72649
72649
72649
72649
72648
72648
72648
72648
72647
72647
72647
72647
72647
72646
72646
72646
72646
72645
72644
72644
72642
72642
72642
72641
72641
72641
72641
72640
72640
72640
72640
72639
72639
72639
72639
72638
72638
72638
72638
72638
72637
72637
72637
72637
72636
72636
72636
72636
72636
72635
72635
72635
72635
72634
72634
72634
72634
72633
72633
72633
72633
72633
72632
72632
72632
72632
72631
72631
72631
72631
72630
72630
72630
72630
72630
72629
72629
72629
72629
72628
72628
72628
72628
72628
72626
72624
72623
72621
72620
72618
72618
72618
72618
72617
72617
72614
72614
72614
72614
72613
72613
72613
72613
72611
72611
72611
72611
72610
72610
72610
72610
72609
72609
72609
72609
72609
72608
72608
72607
72606
72605
72605
72604
72604
72604
72604
72603
72603
72603
72603
72602
72602
72602
72602
72602
72601
72601
72601
72601
72600
72600
72599
72599
72598
72598
72598
72598
72597
72597
72597
72597
72597
72596
72596
72596
72596
72595
72595
72595
72595
72594
72594
72594
72594
72592
72592
72592
72591
72591
72591
72591
72591
72590
72590
72590
72590
72589
72589
72589
72589
72588
72588
72588
72588
72587
72586
72586
72585
72584
72584
72584
72584
72583
72583
72583
72583
72582
72582
72582
72582
72582
72580
72580
72580
72579
72579
72579
72579
72579
72578
72578
72578
72578
72577
72577
72577
72577
72576
72576
72576
72576
72575
72575
72575
72575
72575
72574
72574
72574
72574
72573
72573
72573
72573
72572
72572
72572
72572
72571
72571
72571
72571
72571
72570
72570
72570
72569
72569
72569
72569
72568
72568
72568
72568
72567
72567
72567
72567
72566
72566
72566
72566
72566
72565
72565
72565
72565
72564
72564
72564
72564
72563
72563
72563
72563
72563
72560
72558
72557
72555
72554
72551
72550
72550
72550
72549
72549
72549
72548
72547
72547
72547
72546
72546
72546
72546
72545
72545
72545
72545
72544
72544
72544
72544
72542
72542
72541
72540
72540
72540
72540
72539
72539
72539
72539
72538
72538
72538
72538
72537
72537
72537
72537
72536
72536
72536
72536
72534
72534
72534
72534
72533
72533
72533
72533
72532
72532
72532
72532
72532
72531
72531
72531
72531
72530
72530
72530
72530
72529
72529
72528
72528
72527
72527
72527
72527
72526
72526
72526
72526
72525
72525
72525
72525
72525
72524
72524
72524
72524
72523
72523
72522
72522
72520
72520
72520
72519
72519
72519
72519
72518
72518
72518
72518
72516
72516
72516
72516
72515
72515
72515
72515
72514
72514
72514
72514
72514
72513
72513
72513
72513
72512
72512
72512
72512
72512
72511
72511
72511
72511
72510
72510
72510
72510
72509
72509
72509
72509
72509
72508
72508
72508
72508
72507
72507
72507
72507
72507
72506
72506
72506
72505
72505
72505
72505
72505
72504
72504
72504
72504
72503
72503
72503
72503
72502
72502
72502
72502
72502
72501
72501
72501
72501
72500
72500
72500
72500
72500
72499
72499
72499
72498
72498
72498
72498
72497
72497
72497
72495
72494
72492
72491
72490
72486
72486
72484
72484
72484
72484
72484
72483
72483
72483
72483
72482
72482
72482
72482
72481
72481
72480
72479
72478
72478
72478
72477
72477
72477
72477
72476
72476
72476
72476
72475
72475
72475
72475
72475
72474
72474
72474
72474
72473
72472
72472
72471
72471
72471
72471
72470
72470
72470
72470
72470
72469
72469
72469
72469
72468
72468
72468
72468
72466
72466
72466
72466
72464
72464
72464
72463
72463
72463
72463
72462
72462
72462
72462
72461
72461
72461
72461
72460
72460
72460
72460
72459
72459
72458
72457
72456
72456
72455
72455
72455
72455
72454
72454
72453
72452
72452
72452
72452
72451
72451
72451
72451
72450
72450
72450
72450
72449
72449
72449
72449
72449
72448
72448
72448
72448
72447
72447
72447
72447
72446
72446
72446
72446
72445
72445
72445
72445
72445
72444
72444
72444
72444
72443
72443
72443
72443
72442
72442
72442
72442
72442
72441
72441
72441
72441
72440
72440
72440
72440
72439
72439
72439
72439
72438
72438
72438
72438
72438
72437
72437
72437
72437
72436
72436
72436
72436
72436
72435
72435
72435
72435
72434
72434
72434
72434
72433
72433
72433
72433
72433
72432
72432
72432
72432
72431
72431
72430
72427
72426
72424
72423
72420
72420
72420
72419
72419
72419
72418
72418
72418
72418
72418
72416
72416
72415
72414
72414
72414
72414
72413
72413
72413
72413
72412
72412
72412
72412
72412
72411
72411
72411
72411
72410
72410
72410
72408
72408
72408
72407
72407
72407
72407
72406
72406
72406
72406
72406
72405
72405
72405
72405
72404
72404
72404
72404
72403
72403
72403
72401
72401
72401
72401
72401
72400
72400
72400
72400
72399
72399
72399
72399
72398
72398
72398
72398
72397
72397
72397
72397
72395
72395
72393
72393
72393
72393
72392
72391
72391
72391
72390
72390
72390
72390
72389
72389
72389
72387
72387
72387
72387
72387
72386
72386
72386
72385
72385
72385
72385
72385
72384
72384
72384
72384
72383
72383
72383
72383
72382
72382
72382
72382
72382
72381
72381
72380
72379
72379
72379
72379
72378
72378
72378
72378
72377
72377
72377
72377
72377
72376
72376
72376
72376
72375
72375
72375
72375
72374
72374
72374
72374
72374
72373
72373
72373
72373
72372
72372
72372
72372
72372
72371
72371
72371
72371
72370
72370
72370
72370
72369
72369
72369
72369
72368
72368
72368
72368
72368
72367
72367
72367
72367
72366
72366
72366
72366
72366
72365
72365
72363
72361
72360
72359
72357
72354
72354
72354
72354
72353
72352
72352
72350
72350
72350
72349
72349
72349
72349
72348
72348
72348
72348
72347
72347
72347
72347
72347
72346
72346
72346
72346
72345
72344
72344
72343
72343
72343
72343
72343
72342
72342
72342
72342
72341
72341
72341
72341
72340
72340
72340
72340
72340
72339
72339
72339
72337
72337
72337
72337
72336
72336
72336
72336
72336
72335
72335
72335
72335
72334
72334
72334
72334
72333
72333
72333
72333
72331
72331
72330
72330
72328
72328
72328
72328
72327
72327
72327
72327
72326
72326
72326
72326
72325
72324
72324
72323
72323
72323
72323
72323
72322
72321
72321
72320
72320
72320
72320
72319
72319
72319
72319
72318
72318
72318
72318
72318
72317
72317
72317
72317
72316
72316
72316
72316
72315
72315
72315
72315
72315
72314
72314
72314
72314
72313
72313
72313
72313
72312
72312
72312
72312
72312
72311
72311
72311
72311
72310
72310
72310
72310
72309
72309
72309
72309
72308
72308
72308
72308
72308
72307
72307
72307
72307
72306
72306
72306
72306
72305
72305
72305
72305
72305
72304
72304
72304
72304
72303
72303
72303
72303
72303
72302
72302
72302
72302
72301
72301
72301
72301
72300
72300
72297
72296
72294
72293
72290
72289
72287
72287
72287
72287
72286
72286
72286
72285
72285
72285
72285
72284
72284
72284
72284
72284
72283
72283
72283
72283
72282
72281
72281
72281
72280
72280
72280
72280
72279
72279
72279
72279
72279
72278
72278
72277
72277
72277
72277
72276
72276
72276
72276
72275
72274
72274
72274
72273
72273
72273
72273
72272
72272
72272
72272
72271
72271
72271
72271
72270
72270
72270
72270
72269
72269
72268
72266
72265
72265
72264
72264
72264
72264
72263
72263
72263
72263
72263
72262
72262
72262
72262
72260
72260
72260
72259
72259
72259
72259
72258
72257
72257
72257
72256
72256
72256
72256
72255
72255
72255
72255
72255
72254
72254
72254
72254
72253
72253
72253
72253
72252
72252
72252
72252
72251
72251
72251
72251
72251
72250
72250
72250
72250
72249
72249
72249
72249
72249
72248
72248
72248
72248
72247
72247
72247
72247
72246
72246
72246
72246
72246
72245
72245
72245
72245
72244
72244
72244
72244
72243
72243
72243
72243
72242
72242
72242
72242
72241
72241
72241
72241
72240
72240
72240
72240
72240
72239
72239
72239
72239
72238
72238
72238
72238
72237
72237
72237
72237
72236
72236
72236
72236
72235
72235
72235
72235
72232
72231
72229
72227
72225
72224
72223
72223
72223
72223
72222
72222
72222
72222
72221
72221
72221
72221
72220
72220
72220
72218
72218
72218
72218
72217
72217
72217
72217
72217
72216
72216
72216
72216
72215
72215
72215
72215
72214
72214
72214
72214
72213
72213
72212
72212
72211
72211
72211
72211
72210
72210
72210
72210
72209
72209
72209
72209
72209
72208
72208
72208
72208
72206
72205
72203
72203
72202
72201
72201
72201
72201
72200
72200
72200
72200
72199
72199
72199
72199
72199
72198
72197
72197
72196
72196
72196
72196
72195
72195
72194
72193
72193
72193
72193
72192
72192
72192
72192
72191
72191
72191
72191
72190
72190
72188
72188
72188
72188
72187
72187
72187
72187
72186
72186
72186
72186
72186
72185
72185
72185
72185
72184
72184
72184
72184
72184
72183
72183
72183
72183
72182
72182
72182
72182
72181
72181
72181
72181
72180
72180
72180
72180
72180
72179
72179
72179
72179
72178
72178
72178
72178
72177
72177
72177
72177
72177
72176
72176
72176
72176
72175
72175
72175
72175
72174
72174
72174
72174
72173
72173
72173
72173
72173
72172
72172
72172
72172
72171
72171
72171
72171
72170
72170
72170
72170
72170
72169
72169
72169
72169
72167
72166
72164
72163
72162
72160
72159
72158
72158
72158
72157
72157
72157
72157
72157
72156
72155
72155
72154
72154
72154
72154
72153
72153
72153
72153
72152
72152
72152
72152
72151
72151
72151
72151
72150
72150
72150
72150
72150
72148
72148
72148
72147
72147
72147
72147
72146
72146
72146
72146
72145
72145
72145
72145
72145
72143
72143
72143
72142
72142
72141
72140
72139
72139
72139
72138
72138
72138
72138
72137
72137
72137
72137
72136
72136
72136
72136
72134
72134
72134
72134
72134
72133
72133
72133
72131
72131
72131
72131
72130
72130
72130
72130
72129
72129
72129
72129
72128
72128
72128
72127
72126
72126
72126
72126
72125
72125
72125
72125
72125
72124
72124
72124
72123
72123
72123
72123
72122
72122
72122
72122
72122
72121
72121
72121
72121
72120
72120
72120
72119
72118
72118
72118
72118
72117
72117
72117
72117
72116
72116
72116
72116
72116
72115
72115
72115
72115
72114
72114
72114
72114
72113
72113
72113
72113
72112
72112
72112
72112
72112
72111
72111
72111
72111
72110
72110
72110
72110
72110
72109
72109
72109
72109
72108
72108
72108
72108
72107
72107
72107
72107
72106
72106
72105
72105
72104
72104
72104
72104
72103
72103
72103
72103
72101
72100
72098
72095
72093
72092
72092
72091
72091
72090
72089
72089
72089
72089
72088
72088
72088
72088
72088
72087
72087
72087
72087
72086
72086
72086
72086
72085
72085
72085
72085
72085
72083
72083
72083
72082
72082
72082
72082
72082
72081
72081
72081
72081
72080
72079
72079
72078
72078
72078
72078
72078
72077
72076
72076
72074
72074
72074
72074
72073
72073
72073
72073
72072
72072
72072
72071
72071
72071
72071
72069
72069
72069
72068
72068
72068
72068
72068
72066
72066
72066
72065
72065
72065
72065
72065
72064
72064
72064
72064
72063
72063
72063
72062
72061
72061
72061
72060
72060
72060
72060
72059
72059
72059
72059
72058
72058
72058
72058
72057
72057
72057
72057
72057
72056
72056
72056
72056
72055
72055
72055
72055
72054
72054
72054
72054
72054
72053
72053
72053
72053
72052
72052
72052
72052
72051
72051
72051
72051
72051
72050
72050
72050
72050
72049
72049
72049
72049
72048
72048
72048
72048
72048
72047
72047
72047
72047
72046
72046
72046
72046
72045
72045
72045
72045
72044
72044
72044
72044
72044
72043
72043
72043
72041
72041
72041
72041
72040
72040
72040
72040
72039
72039
72039
72039
72038
72038
72038
72038
72038
72037
72037
72034
72033
72031
72029
72028
72026
72026
72026
72026
72025
72025
72025
72025
72024
72024
72024
72024
72023
72023
72023
72023
72023
72022
72022
72022
72022
72020
72020
72020
72019
72019
72019
72019
72019
72018
72018
72017
72016
72016
72016
72016
72015
72015
72015
72015
72015
72014
72013
72013
72011
72011
72011
72010
72010
72010
72010
72009
72009
72009
72009
72009
72008
72008
72008
72006
72006
72006
72005
72005
72005
72005
72004
72003
72003
72003
72002
72002
72002
72002
72001
72001
72001
72001
72000
72000
72000
72000
71998
71998
71998
71998
71997
71997
71997
71997
71996
71996
71996
71995
71995
71995
71995
71994
71994
71994
71994
71994
71993
71993
71993
71993
71992
71992
71992
71992
71991
71991
71991
71991
71990
71990
71990
71990
71989
71989
71989
71989
71989
71988
71988
71988
71988
71987
71987
71987
71987
71986
71986
71986
71986
71985
71985
71985
71985
71985
71984
71984
71984
71984
71983
71983
71983
71983
71982
71982
71982
71982
71981
71981
71981
71981
71981
71980
71980
71978
71978
71978
71978
71977
71977
71977
71977
71977
71976
71976
71976
71976
71975
71975
71975
71975
71974
71974
71974
71974
71974
71973
71973
71973
71973
71972
71972
71970
71969
71968
71965
71964
71962
71961
71961
71961
71961
71960
71960
71960
71960
71959
71959
71959
71959
71958
71958
71957
71956
71956
71956
71956
71956
71955
71954
71954
71953
71953
71953
71953
71952
71952
71952
71952
71951
71951
71951
71951
71949
71949
71948
71948
71947
71947
71947
71947
71946
71946
71946
71946
71945
71945
71945
71945
71944
71943
71943
71943
71942
71942
71942
71940
71940
71938
71938
71938
71938
71938
71937
71937
71937
71937
71936
71936
71921
71920
71920
71920
71918
71918
71918
71917
71917
71917
71917
71916
71916
71916
71916
71916
71915
71915
71915
71915
71914
71914
71914
71914
71913
71913
71913
71911
71911
71911
71910
71910
71910
71910
71909
71909
71909
71909
71909
71908
71908
71908
71908
71907
71907
71907
71907
71906
71906
71906
71906
71906
71905
71905
71905
71905
71904
71904
71904
71904
71903
71903
71903
71903
71903
71902
71902
71902
71902
71901
71901
71901
71901
71900
71900
71900
71900
71900
71898
71898
71898
71897
71897
71897
71897
71896
71896
71896
71896
71896
71895
71895
71895
71895
71894
71894
71894
71894
71893
71893
71893
71893
71892
71892
71892
71892
71892
71891
71891
71891
71891
71890
71890
71890
71890
71888
71887
71885
71884
71882
71881
71881
71880
71880
71880
71880
71879
71879
71879
71877
71877
71877
71877
71875
71875
71875
71874
71874
71874
71874
71873
71873
71873
71873
71873
71872
71872
71872
71872
71871
71870
71870
71868
71868
71868
71868
71867
71867
71867
71867
71866
71866
71866
71866
71866
71865
71865
71864
71863
71863
71863
71863
71862
71862
71862
71861
71860
71860
71860
71860
71859
71859
71859
71859
71858
71858
71858
71858
71858
71857
71856
71856
71855
71855
71855
71855
71854
71854
71854
71854
71854
71853
71853
71853
71853
71852
71852
71852
71852
71851
71851
71851
71851
71849
71849
71849
71849
71848
71848
71848
71848
71847
71847
71847
71847
71847
71846
71846
71846
71846
71845
71845
71845
71845
71844
71844
71844
71844
71843
71843
71843
71843
71843
71841
71841
71841
71840
71840
71840
71840
71839
71839
71839
71839
71839
71838
71838
71838
71837
71837
71837
71836
71835
71835
71835
71835
71834
71834
71834
71834
71834
71833
71833
71833
71833
71832
71832
71832
71832
71831
71831
71831
71831
71830
71830
71830
71830
71830
71829
71829
71829
71829
71828
71828
71828
71828
71827
71827
71827
71827
71827
71826
71826
71826
71826
71825
71825
71824
71822
71820
71818
71816
71815
71814
71814
71813
71811
71811
71811
71811
71810
71810
71810
71810
71809
71809
71809
71809
71808
71808
71808
71808
71808
71807
71807
71807
71805
71805
71803
71803
71802
71802
71802
71802
71801
71801
71801
71801
71800
71800
71800
71800
71799
71798
71798
71798
71797
71797
71797
71797
71796
71795
71795
71795
71794
71794
71794
71794
71793
71793
71793
71793
71793
71792
71792
71792
71790
71790
71790
71790
71789
71789
71789
71789
71788
71788
71788
71788
71787
71787
71787
71787
71787
71786
71786
71786
71785
71785
71785
71783
71783
71783
71783
71782
71782
71782
71782
71782
71781
71781
71781
71781
71780
71780
71780
71780
71779
71779
71779
71779
71779
71778
71778
71778
71778
71777
71777
71777
71777
71776
71776
71776
71776
71775
71775
71775
71775
71775
71774
71774
71774
71774
71773
71773
71772
71771
71771
71771
71771
71771
71770
71770
71770
71770
71769
71769
71769
71769
71769
71768
71768
71768
71768
71767
71767
71767
71767
71766
71766
71766
71766
71765
71765
71765
71765
71765
71764
71764
71764
71764
71763
71763
71763
71763
71763
71762
71762
71762
71762
71761
71761
71761
71761
71760
71760
71760
71760
71760
71759
71756
71754
71752
71750
71749
71747
71747
71747
71747
71746
71746
71746
71745
71745
71745
71745
71744
71744
71744
71744
71744
71743
71743
71742
71741
71740
71740
71740
71739
71739
71739
71739
71738
71738
71738
71738
71737
71737
71737
71737
71735
71735
71735
71734
71734
71734
71734
71733
71732
71732
71731
71731
71731
71731
71731
71730
71730
71730
71730
71729
71729
71729
71729
71727
71727
71727
71726
71726
71726
71726
71725
71725
71725
71725
71725
71724
71724
71724
71724
71723
71723
71723
71723
71722
71722
71722
71720
71720
71720
71720
71719
71719
71719
71719
71719
71718
71718
71718
71718
71717
71717
71717
71717
71716
71716
71716
71716
71714
71714
71714
71713
71713
71713
71713
71712
71712
71712
71712
71712
71711
71711
71711
71698
71698
71697
71697
71697
71697
71695
71695
71694
71694
71694
71694
71694
71693
71693
71693
71693
71692
71692
71692
71692
71691
71691
71691
71691
71691
71690
71690
71690
71690
71689
71689
71689
71689
71688
71688
71688
71688
71688
71687
71687
71687
71687
71686
71686
71686
71686
71685
71685
71685
71685
71684
71684
71684
71684
71684
71683
71683
71683
71683
71682
71682
71682
71682
71681
71681
71681
71681
71681
71680
71679
71677
71675
71673
71672
71671
71670
71670
71670
71670
71669
71669
71669
71669
71668
71668
71668
71666
71666
71665
71665
71664
71664
71664
71664
71663
71663
71663
71663
71662
71662
71662
71662
71662
71660
71660
71659
71659
71659
71659
71659
71658
71657
71657
71656
71656
71656
71656
71655
71655
71655
71655
71655
71654
71654
71654
71654
71652
71652
71652
71651
71651
71651
71651
71649
71649
71649
71648
71648
71648
71648
71648
71647
71647
71647
71647
71646
71646
71646
71646
71644
71644
71644
71643
71643
71643
71643
71643
71642
71642
71642
71642
71641
71641
71641
71641
71640
71640
71640
71640
71640
71638
71638
71636
71636
71636
71636
71635
71635
71635
71635
71634
71634
71634
71634
71634
71633
71633
71633
71631
71631
71631
71631
71630
71630
71630
71630
71629
71629
71629
71629
71629
71628
71628
71628
71628
71627
71627
71627
71627
71626
71626
71626
71626
71626
71625
71625
71625
71625
71624
71624
71624
71624
71623
71623
71623
71623
71623
71622
71622
71622
71622
71621
71621
71621
71621
71620
71620
71620
71620
71620
71619
71619
71619
71619
71618
71618
71618
71618
71617
71617
71617
71617
71617
71616
71616
71616
71616
71615
71615
71615
71615
71613
71610
71609
71608
71606
71605
71604
71604
71604
71604
71603
71602
71602
71600
71600
71600
71599
71599
71599
71599
71598
71598
71598
71598
71597
71597
71597
71597
71595
71595
71595
71595
71594
71594
71594
71594
71592
71592
71592
71591
71591
71591
71591
71590
71590
71590
71590
71590
71589
71589
71589
71587
71587
71587
71587
71586
71586
71586
71586
71585
71585
71585
71585
71584
71584
71584
71584
71583
71583
71583
71583
71583
71582
71582
71581
71580
71580
71580
71580
71579
71579
71579
71579
71578
71578
71578
71578
71577
71577
71577
71577
71577
71576
71576
71576
71574
71574
71573
71572
71572
71572
71572
71571
71571
71571
71571
71571
71570
71570
71570
71568
71568
71568
71568
71567
71567
71567
71567
71566
71566
71566
71566
71565
71565
71565
71565
71565
71564
71563
71563
71562
71562
71562
71562
71561
71561
71561
71561
71560
71560
71560
71560
71559
71559
71559
71559
71559
71558
71558
71558
71558
71557
71557
71557
71557
71556
71556
71556
71556
71555
71555
71555
71555
71555
71554
71554
71554
71554
71553
71553
71553
71553
71552
71552
71552
71552
71552
71551
71551
71551
71551
71550
71550
71550
71550
71549
71549
71549
71549
71549
71548
71548
71546
71544
71542
71541
71539
71536
71536
71534
71534
71534
71534
71534
71533
71533
71533
71533
71532
71532
71532
71532
71531
71531
71530
71530
71529
71529
71529
71529
71528
71528
71527
71526
71526
71526
71526
71525
71525
71525
71525
71524
71524
71524
71524
71524
71523
71521
71521
71521
71521
71521
71520
71520
71520
71520
71519
71519
71519
71519
71518
71518
71518
71517
71517
71517
71517
71517
71516
71516
71515
71514
71514
71514
71514
71514
71513
71513
71513
71513
71512
71512
71512
71512
71511
71511
71511
71511
71510
71510
71510
71508
71508
71490
71490
71489
71489
71488
71488
71487
71487
71486
71486
71484
71484
71483
71483
71482
71482
71482
71481
71481
71480
71480
71480
71479
71479
71478
71478
71454
71453
71453
71452
71452
71452
71451
71451
71451
71451
71450
71450
71449
71449
71449
71448
71448
71448
71447
71447
71447
71446
71446
71446
71446
71445
71445
71445
71444
71444
71444
71443
71443
71443
71443
71442
71442
71442
71441
71441
71441
71440
71440
71440
71439
71439
71439
71439
71438
71438
71438
71437
71437
71437
71436
71436
71436
71435
71435
71434
71434
71434
71433
71433
71433
71432
71432
71432
71431
71431
71431
71431
71430
71430
71430
71426
71423
71422
71419
71417
71416
71415
71415
71415
71415
71414
71414
71414
71413
71413
71413
71411
71411
71410
71410
71410
71409
71409
71409
71407
71407
71407
71406
71406
71406
71406
71405
71405
71405
71405
71404
71404
71404
71404
71402
71402
71402
71402
71401
71401
71401
71401
71400
71400
71400
71400
71400
71399
71399
71399
71399
71398
71398
71398
71398
71397
71397
71396
71396
71395
71395
71395
71395
71394
71394
71394
71393
71393
71393
71393
71392
71392
71392
71392
71391
71391
71391
71391
71389
71389
71387
71387
71387
71387
71386
71386
71386
71384
71384
71384
71384
71383
71383
71383
71383
71383
71382
71382
71382
71382
71381
71380
71380
71379
71379
71379
71379
71378
71378
71378
71378
71378
71377
71377
71377
71377
71376
71376
71376
71376
71375
71375
71375
71375
71375
71374
71374
71374
71374
71373
71373
71373
71373
71372
71372
71372
71372
71372
71371
71371
71371
71371
71370
71370
71370
71370
71369
71369
71369
71369
71369
71368
71368
71368
71368
71367
71367
71367
71367
71367
71366
71366
71366
71366
71365
71365
71365
71365
71364
71364
71364
71364
71364
71363
71363
71363
71363
71362
71362
71362
71362
71361
71361
71361
71361
71360
71360
71359
71356
71354
71353
71351
71350
71350
71350
71349
71349
71348
71347
71347
71347
71347
71346
71346
71346
71344
71344
71344
71344
71344
71343
71343
71343
71343
71342
71342
71342
71342
71341
71341
71340
71340
71339
71339
71339
71339
71338
71338
71338
71338
71337
71337
71337
71337
71337
71336
71336
71336
71336
71335
71335
71335
71335
71333
71333
71333
71333
71332
71332
71332
71332
71330
71330
71330
71330
71329
71329
71329
71329
71328
71328
71328
71328
71327
71326
71326
71324
71324
71324
71323
71322
71322
71321
71321
71321
71321
71320
71320
71320
71320
71319
71319
71319
71319
71319
71318
71318
71317
71316
71315
71315
71314
71314
71314
71314
71314
71313
71313
71313
71313
71312
71312
71312
71312
71311
71311
71311
71311
71311
71310
71310
71310
71310
71309
71309
71309
71308
71308
71308
71308
71308
71307
71307
71307
71307
71306
71306
71306
71306
71305
71305
71305
71305
71305
71304
71304
71304
71304
71303
71303
71303
71303
71302
71302
71302
71302
71302
71301
71301
71301
71301
71300
71300
71300
71300
71300
71299
71299
71299
71299
71298
71298
71298
71298
71297
71297
71297
71297
71297
71296
71296
71296
71296
71295
71295
71295
71295
71294
71294
71293
71291
71290
71288
71285
71284
71284
71283
71283
71283
71283
71282
71281
71280
71280
71280
71280
71279
71279
71279
71279
71279
71278
71278
71278
71278
71277
71276
71276
71275
71275
71275
71275
71275
71274
71274
71274
71274
71273
71273
71273
71273
71272
71272
71272
71272
71272
71271
71271
71271
71269
71269
71269
71269
71268
71268
71268
71268
71267
71267
71267
71267
71267
71266
71266
71266
71266
71265
71265
71265
71265
71263
71263
71262
71260
71260
71260
71260
71259
71259
71259
71259
71258
71258
71258
71258
71257
71257
71257
71257
71256
71256
71256
71256
71254
71254
71252
71252
71252
71252
71251
71251
71251
71251
71250
71250
71250
71250
71249
71249
71249
71249
71249
71248
71248
71248
71248
71247
71247
71247
71247
71247
71246
71246
71246
71246
71245
71245
71244
71244
71243
71243
71243
71243
71242
71242
71242
71242
71241
71241
71241
71241
71240
71240
71240
71240
71239
71239
71239
71239
71239
71238
71238
71238
71238
71237
71237
71237
71237
71237
71236
71236
71236
71236
71235
71235
71235
71235
71234
71234
71234
71234
71234
71233
71233
71233
71233
71232
71232
71232
71232
71231
71231
71231
71231
71230
71230
71230
71230
71230
71229
71229
71226
71225
71223
71222
71219
71217
71216
71216
71215
71215
71215
71215
71214
71214
71214
71214
71213
71213
71213
71213
71212
71211
71211
71210
71210
71210
71210
71210
71209
71209
71209
71209
71208
71208
71208
71208
71207
71207
71207
71207
71206
71206
71206
71206
71204
71204
71204
71204
71203
71203
71203
71203
71202
71202
71202
71202
71202
71201
71201
71201
71201
71200
71200
71200
71200
71197
71196
71195
71195
71195
71194
71194
71194
71194
71193
71193
71193
71193
71192
71192
71192
71192
71191
71191
71191
71191
71191
71190
71189
71188
71186
71186
71186
71186
71185
71185
71185
71185
71185
71184
71184
71184
71184
71183
71183
71183
71183
71182
71182
71182
71182
71182
71181
71181
71181
71181
71180
71180
71180
71180
71179
71179
71179
71179
71179
71178
71178
71178
71178
71177
71177
71177
71177
71176
71176
71176
71176
71176
71175
71175
71175
71175
71174
71174
71174
71174
71173
71173
71173
71173
71173
71172
71172
71172
71172
71171
71171
71171
71171
71170
71170
71170
71170
71170
71169
71169
71169
71169
71168
71168
71168
71168
71167
71167
71167
71167
71167
71166
71166
71166
71166
71165
71165
71165
71165
71164
71164
71164
71164
71164
71163
71163
71159
71158
71156
71155
71154
71152
71152
71152
71152
71151
71151
71151
71151
71150
71150
71149
71148
71148
71148
71148
71148
71147
71147
71147
71147
71146
71146
71146
71146
71145
71145
71145
71145
71144
71144
71144
71144
71144
71142
71142
71142
71141
71141
71141
71141
71140
71140
71140
71140
71139
71139
71139
71139
71138
71138
71138
71136
71136
71135
71134
71134
71133
71132
71132
71132
71132
71131
71131
71131
71131
71130
71130
71130
71130
71129
71129
71129
71129
71129
71128
71128
71128
71126
71126
71125
71125
71124
71124
71124
71124
71123
71123
71123
71123
71122
71122
71122
71122
71122
71121
71121
71121
71121
71120
71120
71119
71119
71118
71118
71118
71118
71117
71117
71117
71117
71116
71116
71116
71116
71116
71115
71115
71115
71115
71114
71114
71114
71114
71113
71113
71113
71113
71112
71112
71112
71112
71111
71111
71111
71111
71110
71110
71110
71110
71110
71109
71109
71109
71109
71108
71108
71108
71108
71107
71107
71107
71107
71106
71106
71106
71106
71106
71105
71105
71105
71105
71104
71104
71104
71104
71103
71103
71103
71103
71103
71102
71102
71102
71102
71101
71101
71101
71101
71100
71098
71097
71097
71097
71097
71096
71096
71096
71094
71093
71091
71090
71089
71087
71087
71087
71086
71085
71085
71085
71084
71084
71084
71084
71083
71083
71083
71083
71083
71082
71082
71082
71082
71081
71081
71081
71081
71080
71080
71080
71079
71078
71078
71078
71078
71077
71077
71077
71077
71076
71076
71076
71076
71076
71075
71074
71074
71073
71073
71073
71073
71071
71071
71070
71069
71069
71069
71069
71069
71068
71068
71068
71066
71066
71066
71066
71065
71065
71065
71065
71065
71064
71064
71064
71062
71062
71061
71060
71060
71060
71060
71059
71059
71059
71059
71058
71058
71058
71058
71057
71057
71057
71057
71057
71056
71056
71056
71054
71054
71054
71054
71053
71053
71053
71053
71052
71052
71052
71052
71051
71051
71051
71051
71050
71050
71050
71050
71050
71049
71049
71049
71049
71048
71048
71048
71048
71047
71047
71047
71047
71046
71046
71046
71046
71046
71045
71045
71045
71045
71044
71044
71044
71044
71043
71043
71043
71043
71043
71042
71042
71042
71042
71041
71041
71041
71041
71040
71040
71040
71040
71039
71039
71039
71039
71039
71038
71038
71038
71038
71037
71037
71037
71037
71035
71035
71035
71034
71034
71034
71034
71034
71033
71033
71033
71033
71032
71032
71032
71032
71031
71030
71028
71027
71024
71023
71022
71021
71021
71021
71021
71020
71020
71020
71020
71019
71019
71019
71019
71019
71018
71018
71018
71018
71017
71017
71017
71016
71015
71015
71015
71015
71014
71014
71014
71014
71013
71013
71013
71012
71011
71011
71011
71011
71011
71010
71010
71010
71009
71008
71007
71007
71007
71006
71006
71006
71005
71005
71005
71005
71004
71004
71004
71004
71004
71003
71003
71003
71003
71002
71002
71001
71000
70999
70999
70999
70999
70998
70998
70998
70998
70997
70997
70997
70997
70996
70996
70996
70996
70996
70995
70995
70995
70995
70993
70993
70993
70992
70992
70992
70992
70992
70991
70991
70991
70991
70990
70990
70990
70990
70989
70989
70989
70989
70989
70988
70988
70988
70988
70987
70987
70987
70987
70987
70986
70986
70986
70986
70985
70983
70983
70982
70982
70982
70982
70981
70981
70981
70981
70981
70980
70980
70980
70980
70979
70979
70979
70979
70978
70978
70978
70978
70978
70977
70977
70977
70977
70976
70976
70976
70976
70975
70975
70975
70974
70974
70974
70972
70972
70972
70971
70971
70971
70971
70971
70970
70970
70970
70970
70969
70969
70969
70969
70968
70968
70968
70968
70968
70967
70967
70967
70967
70966
70964
70963
70960
70959
70958
70956
70956
70956
70955
70955
70955
70955
70954
70954
70954
70954
70954
70953
70953
70953
70951
70951
70951
70950
70950
70950
70950
70949
70949
70948
70948
70947
70947
70946
70946
70946
70946
70946
70945
70945
70945
70943
70943
70942
70942
70941
70941
70941
70941
70940
70940
70940
70940
70939
70939
70939
70939
70938
70938
70938
70938
70938
70937
70937
70936
70935
70934
70934
70933
70933
70933
70933
70932
70932
70932
70932
70931
70931
70931
70931
70931
70930
70930
70930
70930
70929
70929
70928
70928
70927
70927
70927
70927
70926
70926
70926
70926
70925
70925
70925
70925
70925
70924
70924
70924
70924
70923
70923
70923
70923
70922
70922
70922
70922
70922
70921
70921
70921
70921
70920
70920
70920
70920
70919
70919
70919
70919
70919
70918
70918
70918
70918
70917
70917
70917
70917
70917
70916
70916
70916
70916
70915
70915
70915
70915
70914
70914
70914
70913
70913
70913
70913
70912
70912
70912
70912
70912
70910
70910
70910
70909
70909
70909
70909
70908
70908
70908
70908
70907
70907
70907
70907
70907
70906
70906
70906
70906
70905
70905
70905
70905
70904
70904
70904
70904
70904
70903
70903
70903
70903
70902
70902
70899
70898
70897
70895
70894
70893
70892
70892
70892
70892
70891
70891
70891
70891
70889
70889
70889
70889
70888
70888
70887
70886
70886
70886
70886
70886
70885
70885
70885
70885
70884
70884
70884
70884
70883
70882
70882
70880
70880
70880
70880
70879
70879
70879
70879
70878
70878
70878
70878
70878
70877
70877
70877
70877
70876
70876
70876
70876
70874
70874
70873
70872
70872
70872
70872
70871
70871
70871
70871
70870
70870
70870
70870
70870
70869
70869
70869
70869
70868
70868
70868
70866
70866
70866
70866
70866
70865
70865
70865
70865
70864
70864
70864
70864
70863
70863
70863
70862
70860
70860
70859
70859
70859
70859
70858
70858
70858
70858
70858
70857
70857
70857
70857
70856
70856
70856
70856
70855
70855
70855
70855
70854
70854
70854
70854
70854
70853
70853
70853
70853
70852
70852
70852
70852
70851
70851
70851
70851
70851
70850
70850
70850
70850
70849
70849
70849
70849
70848
70847
70847
70846
70846
70846
70845
70845
70845
70845
70845
70844
70844
70844
70844
70843
70843
70843
70843
70843
70842
70842
70842
70842
70841
70841
70841
70841
70840
70840
70840
70840
70839
70839
70839
70839
70839
70838
70838
70838
70838
70837
70837
70837
70837
70835
70834
70832
70830
70829
70827
70827
70827
70825
70825
70825
70823
70823
70823
70823
70822
70822
70822
70822
70821
70821
70821
70821
70821
70820
70820
70820
70820
70819
70818
70818
70816
70816
70816
70815
70815
70815
70815
70814
70814
70814
70814
70813
70813
70813
70813
70813
70812
70812
70812
70812
70811
70810
70810
70808
70808
70808
70808
70807
70807
70807
70807
70806
70806
70805
70805
70804
70804
70804
70804
70803
70803
70803
70803
70802
70801
70801
70800
70800
70800
70800
70800
70799
70799
70799
70799
70798
70798
70798
70798
70798
70797
70796
70796
70795
70795
70795
70795
70795
70794
70794
70794
70794
70793
70793
70793
70793
70792
70792
70792
70792
70791
70791
70791
70791
70791
70790
70790
70790
70790
70789
70789
70789
70789
70789
70788
70788
70788
70788
70787
70787
70787
70787
70786
70786
70786
70786
70785
70785
70784
70784
70783
70783
70783
70783
70782
70782
70782
70782
70781
70781
70781
70781
70781
70780
70780
70780
70780
70779
70779
70779
70779
70778
70778
70778
70778
70778
70777
70777
70777
70777
70776
70776
70776
70776
70776
70775
70775
70775
70775
70774
70774
70774
70774
70773
70773
70773
70773
70773
70772
70772
70772
70770
70769
70766
70765
70763
70762
70762
70762
70761
70761
70761
70761
70760
70760
70760
70760
70759
70759
70759
70759
70758
70758
70758
70756
70756
70755
70755
70754
70754
70754
70754
70753
70753
70753
70753
70752
70752
70752
70752
70751
70751
70751
70751
70751
70750
70750
70749
70748
70747
70747
70746
70746
70746
70746
70745
70745
70745
70745
70744
70744
70744
70744
70744
70743
70743
70743
70743
70742
70742
70741
70741
70740
70740
70740
70740
70739
70739
70739
70739
70738
70738
70738
70738
70738
70737
70737
70736
70735
70735
70735
70735
70734
70734
70734
70734
70733
70733
70733
70733
70733
70732
70732
70732
70732
70731
70731
70731
70728
70728
70728
70728
70727
70727
70727
70727
70726
70726
70726
70726
70725
70725
70725
70725
70724
70724
70724
70724
70724
70722
70722
70720
70720
70720
70720
70719
70719
70719
70719
70719
70718
70718
70718
70718
70717
70717
70717
70717
70716
70716
70716
70716
70716
70715
70715
70715
70715
70714
70714
70714
70714
70713
70713
70713
70713
70713
70712
70712
70712
70712
70711
70711
70711
70637
70636
70636
70636
70636
70635
70635
70635
70635
70634
70634
70634
70634
70634
70633
70633
70633
70633
70632
70632
70630
70628
70627
70625
70622
70621
70621
70620
70620
70620
70620
70619
70619
70619
70619
70618
70618
70616
70616
70615
70614
70614
70614
70614
70614
70613
70613
70613
70613
70612
70612
70612
70612
70611
70611
70611
70611
70610
70610
70610
70609
70608
70607
70607
70607
70606
70606
70606
70606
70605
70605
70605
70605
70605
70604
70604
70604
70604
70603
70603
70603
70603
70602
70601
70601
70601
70600
70600
70600
70600
70599
70599
70599
70599
70598
70598
70598
70598
70598
70597
70596
70596
70595
70595
70595
70595
70594
70594
70594
70594
70594
70593
70593
70593
70593
70592
70592
70592
70592
70591
70591
70589
70589
70588
70588
70587
70587
70587
70587
70586
70586
70586
70586
70585
70585
70585
70585
70584
70584
70584
70584
70582
70582
70582
70582
70581
70581
70581
70581
70580
70580
70580
70580
70579
70579
70579
70579
70579
70578
70578
70578
70578
70577
70577
70577
70577
70576
70576
70576
70576
70575
70575
70575
70575
70575
70574
70574
70574
70574
70573
70573
70573
70573
70572
70572
70572
70572
70572
70571
70571
70571
70571
70570
70570
70570
70570
70569
70569
70569
70569
70569
70568
70568
70568
70568
70567
70567
70567
70567
70566
70566
70566
70563
70561
70560
70559
70557
70556
70555
70555
70555
70555
70554
70553
70552
70551
70551
70550
70550
70550
70550
70549
70549
70549
70549
70548
70548
70548
70548
70548
70547
70547
70547
70547
70546
70546
70545
70544
70543
70543
70542
70542
70542
70541
70541
70541
70541
70540
70540
70540
70540
70540
70539
70539
70539
70539
70538
70538
70538
70536
70536
70536
70536
70536
70535
70535
70535
70535
70534
70534
70534
70534
70533
70533
70533
70533
70531
70531
70531
70530
70530
70530
70530
70530
70529
70529
70529
70529
70528
70528
70528
70528
70527
70527
70527
70527
70527
70524
70523
70522
70522
70522
70521
70521
70521
70520
70520
70520
70520
70519
70519
70519
70519
70519
70517
70517
70517
70517
70516
70516
70516
70516
70515
70515
70515
70515
70514
70514
70514
70514
70514
70513
70513
70513
70513
70512
70512
70512
70512
70511
70511
70511
70511
70511
70510
70510
70510
70510
70509
70509
70509
70509
70508
70508
70508
70508
70507
70507
70507
70507
70507
70506
70506
70506
70506
70505
70505
70505
70505
70504
70504
70504
70504
70504
70503
70503
70503
70503
70502
70502
70502
70502
70501
70501
70501
70501
70501
70500
70500
70500
70500
70499
70499
70499
70497
70496
70495
70493
70492
70489
70488
70487
70487
70487
70486
70486
70486
70486
70485
70485
70485
70485
70484
70484
70484
70484
70483
70483
70483
70483
70483
70482
70481
70480
70479
70479
70479
70478
70478
70478
70478
70477
70477
70477
70477
70477
70476
70476
70476
70476
70475
70475
70475
70475
70474
70473
70473
70472
70472
70472
70472
70471
70471
70471
70471
70470
70470
70470
70468
70468
70468
70468
70466
70466
70466
70465
70465
70465
70465
70464
70464
70464
70464
70464
70463
70463
70463
70463
70462
70462
70462
70462
70461
70460
70460
70458
70458
70458
70458
70457
70457
70457
70457
70457
70456
70456
70456
70454
70454
70454
70454
70454
70453
70453
70453
70453
70452
70452
70452
70452
70451
70451
70451
70451
70451
70450
70450
70450
70450
70449
70449
70449
70449
70448
70448
70448
70448
70448
70447
70447
70447
70447
70446
70446
70446
70446
70446
70445
70445
70445
70445
70444
70444
70444
70444
70443
70443
70443
70443
70442
70442
70442
70442
70442
70441
70441
70441
70441
70440
70440
70440
70440
70439
70439
70439
70439
70439
70438
70438
70438
70438
70437
70437
70437
70437
70437
70436
70436
70436
70436
70435
70435
70435
70435
70434
70434
70433
70430
70428
70427
70425
70424
70424
70424
70423
70423
70423
70422
70422
70422
70422
70422
70421
70421
70421
70421
70420
70420
70419
70418
70417
70417
70416
70416
70416
70416
70415
70415
70415
70415
70414
70414
70414
70414
70414
70413
70413
70413
70413
70412
70412
70411
70410
70410
70410
70410
70410
70409
70409
70409
70408
70408
70408
70408
70407
70407
70407
70407
70405
70405
70405
70404
70404
70404
70404
70404
70403
70403
70403
70403
70402
70402
70402
70402
70401
70401
70401
70401
70401
70399
70399
70396
70396
70396
70396
70395
70395
70395
70395
70394
70393
70392
70392
70392
70392
70392
70391
70391
70391
70391
70390
70390
70388
70388
70388
70388
70387
70387
70387
70387
70386
70386
70386
70386
70386
70385
70385
70385
70385
70384
70384
70384
70384
70384
70382
70382
70382
70381
70381
70381
70381
70380
70380
70380
70380
70379
70379
70379
70379
70378
70378
70378
70378
70378
70377
70377
70377
70377
70376
70376
70376
70376
70375
70375
70375
70375
70375
70374
70374
70374
70374
70373
70373
70373
70373
70372
70372
70372
70372
70372
70371
70371
70371
70371
70370
70370
70370
70370
70369
70369
70369
70369
70369
70368
70368
70368
70368
70367
70366
70364
70363
70362
70360
70358
70358
70358
70357
70357
70357
70357
70356
70356
70356
70356
70354
70354
70352
70352
70352
70352
70351
70351
70351
70351
70351
70350
70350
70350
70350
70349
70349
70349
70349
70348
70348
70348
70348
70346
70346
70346
70346
70345
70345
70345
70345
70345
70344
70344
70344
70344
70343
70343
70343
70343
70341
70341
70341
70340
70340
70340
70340
70339
70339
70339
70339
70338
70338
70338
70338
70338
70337
70337
70337
70337
70336
70335
70335
70333
70333
70333
70333
70332
70332
70331
70330
70330
70330
70330
70330
70329
70329
70329
70328
70328
70328
70328
70327
70327
70325
70325
70324
70323
70323
70323
70323
70322
70322
70322
70322
70321
70321
70321
70321
70321
70320
70320
70320
70320
70319
70319
70319
70319
70318
70318
70318
70318
70317
70317
70317
70317
70317
70316
70316
70316
70316
70315
70315
70315
70315
70315
70314
70314
70314
70314
70313
70313
70313
70313
70312
70312
70312
70312
70312
70311
70311
70311
70311
70310
70310
70310
70310
70309
70309
70309
70309
70309
70308
70308
70308
70308
70307
70307
70307
70307
70307
70306
70306
70306
70306
70305
70305
70305
70305
70304
70304
70304
70304
70303
70303
70303
70300
70298
70297
70296
70294
70293
70292
70292
70292
70292
70290
70290
70289
70288
70288
70288
70288
70287
70287
70287
70287
70287
70286
70286
70286
70286
70285
70285
70285
70285
70285
70284
70284
70283
70282
70282
70282
70282
70281
70281
70281
70281
70280
70280
70280
70280
70280
70279
70279
70279
70277
70277
70277
70277
70276
70276
70276
70276
70276
70275
70275
70275
70275
70274
70274
70274
70274
70273
70273
70273
70273
70271
70271
70269
70268
70268
70267
70266
70266
70266
70266
70265
70265
70265
70264
70264
70264
70264
70263
70263
70263
70263
70262
70262
70261
70260
70259
70259
70258
70258
70258
70258
70257
70257
70257
70257
70256
70256
70256
70256
70256
70255
70255
70255
70255
70254
70254
70254
70254
70253
70253
70253
70253
70253
70252
70252
70252
70252
70251
70251
70251
70251
70250
70250
70250
70250
70249
70249
70249
70249
70249
70248
70248
70248
70248
70247
70247
70247
70247
70246
70246
70246
70246
70246
70245
70245
70245
70245
70244
70244
70244
70244
70243
70243
70243
70243
70242
70242
70242
70242
70241
70241
70241
70241
70241
70240
70240
70240
70240
70239
70239
70239
70239
70238
70238
70238
70238
70238
70237
70237
70237
70237
70235
70234
70232
70231
70228
70227
70225
70225
70225
70225
70224
70224
70224
70224
70223
70223
70223
70223
70223
70222
70222
70222
70222
70221
70221
70221
70221
70219
70219
70219
70218
70218
70218
70218
70217
70217
70217
70217
70217
70216
70216
70216
70216
70215
70214
70214
70213
70213
70213
70212
70212
70212
70212
70212
70211
70211
70211
70211
70210
70210
70210
70210
70209
70209
70208
70206
70206
70204
70203
70203
70203
70203
70202
70202
70202
70202
70201
70201
70201
70201
70201
70200
70200
70200
70200
70199
70199
70199
70197
70197
70196
70195
70195
70195
70195
70194
70194
70194
70194
70193
70193
70193
70193
70192
70192
70192
70192
70192
70191
70191
70191
70191
70190
70190
70190
70190
70189
70189
70189
70189
70189
70188
70188
70188
70188
70187
70187
70187
70187
70186
70186
70186
70186
70186
70185
70185
70185
70185
70184
70184
70184
70184
70183
70183
70183
70183
70183
70182
70182
70182
70182
70181
70181
70181
70181
70180
70180
70180
70180
70180
70179
70179
70179
70179
70178
70178
70178
70178
70177
70177
70177
70177
70177
70176
70176
70176
70176
70175
70175
70175
70175
70174
70174
70174
70174
70174
70173
70173
70173
70173
70172
70172
70170
70168
70166
70165
70163
70162
70162
70162
70161
70161
70161
70161
70160
70160
70160
70160
70159
70159
70159
70159
70159
70157
70157
70157
70156
70156
70155
70155
70155
70155
70155
70154
70154
70154
70154
70153
70153
70153
70152
70151
70151
70151
70151
70150
70150
70150
70150
70149
70149
70149
70149
70149
70148
70148
70148
70148
70147
70147
70146
70144
70144
70142
70141
70141
70141
70140
70140
70140
70140
70139
70139
70139
70139
70139
70138
70138
70138
70138
70137
70137
70137
70137
70135
70135
70134
70133
70133
70133
70133
70132
70132
70132
70132
70131
70131
70131
70131
70131
70130
70130
70130
70130
70129
70129
70129
70128
70127
70127
70127
70127
70126
70126
70126
70125
70125
70125
70125
70124
70124
70124
70124
70124
70123
70123
70123
70123
70122
70122
70120
70120
70120
70120
70120
70119
70119
70119
70119
70118
70118
70118
70118
70117
70117
70117
70117
70116
70116
70116
70116
70116
70115
70115
70115
70115
70114
70114
70114
70114
70114
70113
70113
70113
70113
70112
70112
70112
70112
70111
70111
70111
70111
70111
70110
70110
70110
70110
70109
70109
70109
70109
70108
70108
70108
70108
70108
70107
70106
70105
70105
70105
70105
70105
70103
70101
70100
70099
70097
70095
70095
70095
70095
70094
70094
70094
70094
70093
70093
70092
70092
70091
70091
70091
70091
70090
70090
70090
70090
70089
70089
70089
70089
70089
70088
70088
70087
70086
70086
70086
70085
70085
70085
70085
70085
70084
70084
70084
70084
70083
70083
70083
70083
70081
70081
70081
70080
70079
70079
70078
70077
70077
70077
70077
70076
70076
70076
70076
70075
70075
70075
70075
70075
70074
70074
70074
70074
70073
70073
70073
70071
70071
70070
70070
70069
70069
70069
70069
70068
70068
70068
70068
70067
70067
70067
70067
70067
70066
70066
70066
70066
70065
70065
70064
70063
70063
70063
70063
70062
70062
70062
70062
70062
70061
70061
70061
70061
70060
70060
70060
70060
70060
70059
70059
70059
70059
70058
70058
70058
70058
70057
70057
70057
70057
70056
70056
70056
70056
70056
70055
70055
70055
70055
70054
70054
70054
70054
70053
70053
70053
70053
70053
70052
70052
70052
70052
70051
70051
70051
70051
70050
70050
70050
70050
70049
70049
70049
70049
70049
70048
70048
70048
70048
70047
70047
70047
70047
70047
70046
70046
70046
70044
70044
70044
70044
70043
70043
70043
70043
70042
70042
70042
70042
70042
70041
70041
70038
70037
70035
70034
70032
70029
70029
70029
70029
70027
70027
70027
70027
70026
70026
70026
70026
70025
70025
70025
70025
70025
70024
70024
70024
70024
70022
70022
70022
70021
70021
70021
70021
70020
70020
70020
70020
70020
70019
70019
70017
70017
70017
70017
70017
70016
70016
70014
70013
70012
70012
70011
70011
70011
70011
70011
70010
70010
70010
70010
70009
70009
70009
70009
70008
70008
70008
70008
70007
70007
70006
70005
70004
70004
70004
70003
70003
70003
70003
70002
70002
70002
70002
70002
70001
70001
70001
70001
70000
70000
70000
70000
69999
69998
69998
69998
69997
69997
69997
69997
69996
69996
69996
69996
69995
69995
69995
69995
69994
69994
69994
69994
69994
69993
69993
69993
69993
69992
69992
69992
69992
69991
69991
69991
69991
69991
69990
69990
69990
69990
69989
69989
69989
69989
69988
69988
69988
69988
69988
69987
69987
69987
69987
69986
69986
69986
69986
69986
69985
69985
69985
69985
69984
69984
69984
69984
69983
69983
69983
69983
69982
69982
69982
69982
69982
69981
69981
69981
69979
69979
69979
69978
69978
69978
69978
69978
69977
69977
69977
69977
69976
69976
69976
69976
69975
69975
69975
69975
69974
69974
69974
69974
69972
69971
69969
69967
69965
69964
69964
69963
69963
69963
69963
69962
69962
69962
69962
69962
69961
69961
69961
69960
69959
69959
69958
69958
69958
69958
69958
69957
69957
69957
69957
69955
69955
69955
69954
69954
69954
69954
69954
69953
69953
69952
69951
69950
69950
69950
69949
69949
69949
69948
69948
69948
69947
69947
69947
69947
69947
69946
69946
69946
69946
69945
69945
69945
69942
69942
69941
69940
69940
69940
69940
69940
69939
69939
69939
69939
69938
69938
69938
69938
69937
69937
69937
69937
69937
69936
69936
69935
69934
69934
69934
69934
69933
69933
69933
69933
69933
69932
69932
69932
69932
69931
69931
69931
69931
69930
69930
69930
69930
69929
69929
69929
69929
69929
69928
69928
69928
69928
69927
69927
69927
69927
69927
69926
69926
69926
69926
69925
69925
69925
69925
69924
69924
69924
69923
69923
69923
69922
69922
69922
69921
69921
69921
69921
69921
69920
69920
69920
69920
69919
69919
69919
69919
69919
69918
69918
69918
69918
69917
69916
69916
69915
69915
69915
69915
69914
69914
69914
69914
69914
69913
69913
69913
69913
69912
69912
69912
69912
69911
69911
69911
69911
69911
69910
69910
69910
69910
69909
69909
69909
69909
69909
69907
69906
69904
69903
69901
69899
69899
69899
69898
69898
69898
69898
69897
69897
69896
69895
69895
69895
69895
69894
69894
69894
69893
69892
69892
69892
69891
69891
69891
69891
69890
69890
69890
69890
69890
69888
69888
69885
69885
69885
69885
69884
69884
69884
69884
69883
69883
69883
69883
69882
69882
69882
69882
69882
69881
69881
69881
69881
69879
69879
69877
69877
69877
69877
69876
69876
69876
69876
69875
69875
69875
69875
69875
69874
69874
69874
69874
69873
69873
69873
69873
69871
69871
69871
69870
69870
69870
69870
69870
69869
69869
69869
69869
69868
69868
69868
69868
69867
69867
69867
69867
69867
69866
69866
69865
69864
69864
69864
69864
69863
69863
69863
69863
69862
69862
69862
69862
69862
69861
69861
69861
69861
69860
69860
69860
69860
69860
69859
69858
69858
69857
69857
69857
69857
69856
69856
69856
69856
69856
69855
69855
69855
69855
69854
69854
69854
69854
69853
69853
69853
69851
69851
69851
69851
69850
69850
69850
69850
69849
69849
69849
69849
69848
69848
69848
69848
69848
69847
69847
69847
69847
69846
69846
69846
69846
69845
69845
69845
69845
69845
69844
69844
69844
69844
69843
69843
69843
69843
69842
69842
69842
69842
69840
69839
69837
69836
69834
69833
69833
69832
69831
69831
69830
69830
69830
69828
69828
69828
69828
69827
69827
69827
69827
69827
69826
69826
69826
69826
69825
69825
69825
69823
69823
69822
69822
69821
69821
69821
69821
69821
69820
69820
69820
69820
69819
69819
69819
69819
69818
69818
69818
69818
69818
69817
69816
69816
69814
69814
69814
69814
69813
69813
69813
69812
69812
69812
69812
69811
69811
69811
69811
69810
69810
69810
69810
69809
69809
69808
69807
69807
69807
69807
69807
69806
69806
69806
69806
69805
69805
69805
69805
69804
69804
69804
69804
69803
69803
69803
69803
69803
69801
69801
69801
69800
69800
69800
69800
69799
69799
69799
69799
69798
69798
69798
69798
69798
69797
69797
69797
69797
69796
69796
69796
69796
69795
69795
69795
69795
69795
69794
69794
69794
69794
69793
69793
69793
69793
69792
69792
69792
69792
69792
69791
69790
69790
69789
69789
69789
69789
69788
69788
69788
69788
69787
69787
69787
69787
69786
69786
69786
69786
69786
69785
69785
69785
69785
69784
69784
69784
69784
69784
69783
69783
69783
69783
69782
69782
69782
69782
69782
69781
69781
69781
69781
69780
69780
69780
69780
69779
69779
69779
69779
69779
69778
69776
69774
69771
69770
69768
69767
69767
69767
69766
69766
69766
69766
69765
69765
69765
69765
69764
69764
69764
69764
69764
69763
69763
69762
69761
69759
69759
69758
69758
69758
69758
69758
69757
69757
69757
69757
69756
69756
69756
69756
69755
69755
69755
69755
69755
69754
69753
69752
69751
69751
69751
69750
69750
69750
69750
69749
69749
69749
69749
69749
69748
69748
69748
69748
69747
69747
69747
69747
69746
69745
69745
69744
69744
69744
69744
69743
69743
69743
69743
69743
69742
69742
69742
69741
69741
69741
69741
69741
69740
69740
69740
69740
69738
69738
69738
69737
69737
69737
69737
69736
69736
69736
69736
69735
69735
69735
69735
69733
69733
69733
69733
69732
69732
69732
69732
69731
69731
69731
69731
69731
69730
69730
69730
69730
69729
69729
69728
69728
69728
69728
69727
69727
69726
69726
69725
69725
69725
69725
69724
69724
69724
69724
69723
69723
69723
69723
69723
69722
69722
69722
69722
69721
69721
69721
69721
69721
69720
69720
69720
69720
69719
69719
69719
69719
69718
69718
69718
69718
69718
69717
69717
69717
69717
69716
69716
69716
69716
69715
69715
69715
69715
69714
69714
69714
69714
69714
69713
69713
69713
69713
69712
69712
69688
69684
69683
69681
69679
69677
69677
69677
69676
69676
69676
69675
69675
69675
69675
69674
69674
69672
69672
69670
69670
69670
69669
69669
69669
69668
69668
69668
69668
69667
69667
69667
69666
69666
69666
69666
69665
69665
69665
69664
69663
69663
69661
69661
69661
69660
69660
69660
69660
69659
69659
69659
69659
69658
69658
69658
69658
69657
69657
69657
69657
69656
69656
69655
69653
69653
69653
69653
69653
69652
69652
69652
69652
69651
69651
69651
69651
69650
69650
69650
69650
69650
69649
69649
69649
69649
69647
69647
69647
69646
69646
69646
69646
69645
69645
69645
69645
69644
69644
69644
69644
69642
69642
69642
69642
69641
69641
69641
69641
69640
69640
69640
69640
69639
69639
69639
69639
69639
69638
69638
69638
69638
69637
69636
69636
69635
69635
69635
69635
69635
69634
69634
69634
69634
69633
69633
69633
69633
69632
69632
69632
69632
69632
69631
69631
69631
69631
69630
69630
69630
69630
69629
69629
69629
69629
69629
69628
69628
69628
69628
69627
69627
69627
69627
69626
69626
69626
69626
69626
69625
69625
69625
69625
69624
69624
69624
69624
69623
69623
69623
69623
69622
69622
69622
69622
69622
69621
69621
69621
69621
69620
69620
69619
69617
69616
69614
69613
69611
69611
69611
69611
69611
69610
69609
69609
69607
69607
69607
69606
69606
69606
69606
69606
69605
69605
69605
69605
69604
69604
69604
69603
69603
69603
69602
69602
69602
69599
69599
69598
69597
69597
69597
69597
69596
69596
69596
69596
69595
69595
69595
69595
69594
69594
69594
69594
69594
69593
69593
69593
69591
69591
69591
69591
69590
69590
69590
69590
69590
69589
69589
69589
69589
69588
69588
69588
69588
69587
69587
69587
69587
69587
69586
69585
69585
69585
69584
69584
69584
69584
69583
69583
69583
69583
69582
69582
69582
69582
69580
69580
69579
69578
69578
69578
69578
69577
69577
69577
69577
69577
69576
69576
69576
69576
69575
69575
69575
69573
69573
69573
69573
69572
69572
69572
69572
69571
69571
69571
69571
69570
69570
69569
69569
69568
69568
69568
69568
69567
69567
69567
69567
69566
69566
69566
69566
69566
69565
69565
69565
69565
69564
69564
69564
69564
69564
69563
69563
69563
69563
69562
69562
69562
69562
69561
69561
69561
69561
69561
69560
69560
69560
69560
69559
69559
69559
69559
69558
69558
69558
69558
69558
69557
69557
69557
69557
69556
69556
69556
69556
69555
69555
69555
69555
69554
69554
69553
69550
69549
69547
69546
69543
69543
69542
69541
69541
69541
69541
69540
69540
69540
69540
69539
69539
69539
69539
69538
69538
69538
69538
69538
69537
69537
69537
69535
69535
69534
69533
69533
69533
69533
69532
69532
69532
69532
69531
69531
69531
69531
69531
69530
69530
69530
69530
69529
69529
69529
69527
69527
69527
69527
69526
69526
69526
69526
69526
69525
69525
69525
69525
69524
69524
69524
69524
69523
69523
69523
69523
69523
69522
69521
69521
69520
69520
69520
69520
69520
69519
69519
69519
69519
69518
69518
69518
69518
69516
69516
69515
69514
69514
69514
69514
69513
69513
69513
69513
69512
69512
69512
69512
69512
69510
69509
69509
69509
69509
69508
69508
69508
69508
69508
69507
69507
69507
69507
69506
69506
69506
69506
69505
69505
69505
69505
69505
69504
69504
69504
69504
69503
69503
69503
69503
69502
69502
69502
69502
69502
69501
69501
69501
69501
69500
69500
69500
69500
69499
69499
69499
69499
69499
69498
69498
69498
69498
69497
69497
69497
69497
69496
69496
69496
69496
69495
69495
69495
69495
69495
69494
69494
69494
69494
69493
69493
69493
69493
69492
69492
69492
69492
69491
69491
69491
69491
69491
69490
69490
69490
69490
69487
69484
69483
69481
69480
69478
69478
69478
69477
69477
69477
69477
69476
69476
69476
69476
69476
69475
69475
69475
69475
69474
69472
69472
69470
69470
69470
69469
69469
69469
69469
69468
