212995
169029
167081
121020
115954
72998
72996
72996
72995
72994
72993
72993
72992
72992
72992
72991
72991
72991
72990
72990
72989
72989
72989
72988
72988
72988
72988
72987
72981
72980
72980
72980
72980
72979
72979
72978
72977
72976
72976
72976
72975
72974
72973
72972
72971
72971
72971
72971
72970
72970
72970
72969
72969
72969
72969
72968
72968
72968
72968
72967
72967
72967
72966
72966
72966
72966
72965
72965
72963
72963
72963
72963
72962
72962
72962
72962
72961
72961
72961
72961
72960
72960
72960
72960
72959
72959
72959
72957
72957
72957
72956
72956
72956
72956
72955
72955
72955
72955
72954
72954
72954
72954
72953
72953
72953
72952
72952
72952
72952
72952
72951
72951
72951
72950
72950
72950
72950
72949
72949
72949
72948
72948
72948
72948
72947
72947
72947
72946
72946
72946
72945
72945
72945
72945
72944
72943
72942
72942
72942
72941
72941
72941
72940
72940
72940
72940
72939
72939
72939
72939
72938
72938
72937
72937
72937
72937
72936
72936
72936
72936
72935
72935
72935
72935
72934
72934
72934
72934
72933
72933
72933
72932
72932
72932
72932
72931
72931
72931
72930
72930
72930
72930
72929
72929
72929
72929
72928
72928
72928
72928
72927
72927
72925
72923
72919
72918
72916
72914
72914
72914
72914
72913
72913
72913
72913
72912
72912
72912
72912
72911
72911
72911
72911
72910
72910
72908
72908
72907
72906
72906
72906
72906
72905
72905
72905
72905
72904
72904
72904
72904
72903
72903
72903
72903
72901
72901
72901
72900
72899
72899
72898
72898
72898
72898
72897
72897
72897
72897
72896
72896
72896
72896
72895
72895
72895
72893
72891
72890
72890
72890
72890
72889
72889
72889
72889
72888
72888
72888
72888
72887
72887
72887
72887
72886
72886
72886
72886
72885
72884
72883
72883
72883
72883
72882
72882
72882
72882
72881
72881
72881
72881
72880
72880
72880
72880
72879
72879
72879
72879
72877
72877
72876
72876
72876
72876
72875
72875
72875
72875
72874
72874
72874
72874
72873
72873
72873
72873
72872
72872
72872
72872
72870
72870
72870
72869
72869
72869
72868
72868
72868
72868
72867
72867
72867
72867
72867
72866
72866
72866
72865
72865
72865
72865
72864
72864
72864
72864
72863
72863
72863
72863
72863
72862
72862
72862
72861
72861
72861
72861
72861
72860
72860
72860
72859
72859
72859
72859
72859
72858
72858
72858
72858
72857
72857
72857
72857
72856
72856
72856
72856
72855
72855
72855
72854
72850
72848
72847
72845
72843
72833
72832
72832
72832
72832
72831
72831
72831
72831
72830
72830
72830
72828
72828
72827
72826
72826
72826
72826
72825
72825
72825
72825
72824
72824
72824
72823
72823
72823
72823
72822
72822
72822
72822
72821
72820
72819
72817
72816
72816
72816
72815
72815
72815
72815
72814
72814
72814
72814
72813
72813
72813
72811
72811
72811
72810
72810
72810
72810
72809
72809
72809
72809
72808
72808
72808
72808
72807
72807
72807
72807
72806
72806
72806
72806
72804
72804
72803
72803
72803
72802
72802
72802
72802
72801
72801
72801
72801
72800
72800
72800
72800
72799
72799
72799
72799
72797
72797
72795
72795
72795
72795
72794
72794
72794
72794
72793
72793
72793
72793
72792
72792
72792
72792
72791
72755
72754
72754
72754
72753
72753
72753
72752
72750
72750
72750
72749
72749
72749
72749
72748
72748
72748
72747
72747
72747
72746
72746
72746
72745
72745
72745
72745
72744
72744
72744
72744
72743
72743
72743
72743
72742
72742
72742
72742
72741
72741
72741
72741
72740
72740
72740
72740
72739
72739
72739
72739
72738
72738
72738
72738
72737
72737
72737
72737
72736
72736
72736
72736
72735
72735
72735
72735
72734
72734
72734
72734
72732
72731
72729
72728
72726
72724
72724
72724
72723
72723
72723
72721
72721
72720
72719
72719
72719
72719
72718
72718
72718
72718
72717
72717
72717
72717
72716
72716
72716
72716
72715
72715
72715
72715
72713
72713
72711
72711
72711
72710
72710
72710
72710
72709
72709
72709
72709
72708
72708
72708
72708
72706
72706
72706
72705
72705
72705
72705
72704
72704
72704
72704
72703
72703
72703
72703
72702
72702
72702
72702
72701
72701
72701
72701
72699
72699
72698
72698
72698
72698
72697
72697
72697
72697
72696
72696
72696
72696
72695
72695
72695
72695
72694
72694
72694
72692
72692
72690
72690
72690
72690
72689
72689
72689
72689
72688
72688
72688
72688
72687
72687
72686
72685
72685
72685
72685
72684
72684
72684
72684
72683
72683
72683
72682
72682
72682
72682
72681
72681
72681
72681
72680
72680
72680
72680
72679
72679
72679
72679
72678
72678
72678
72678
72677
72677
72677
72677
72676
72676
72676
72676
72675
72675
72675
72675
72674
72674
72674
72674
72673
72673
72673
72673
72672
72672
72672
72672
72671
72671
72671
72671
72670
72670
72670
72670
72669
72669
72669
72669
72668
72668
72668
72668
72667
72667
72667
72667
72666
72666
72666
72666
72665
72661
72659
72658
72656
72654
72652
72652
72650
72650
72650
72649
72649
72649
72649
72648
72648
72648
72647
72647
72647
72647
72646
72646
72646
72646
72645
72645
72645
72643
72643
72641
72641
72641
72641
72640
72640
72640
72640
72639
72639
72639
72639
72638
72638
72638
72636
72636
72636
72636
72635
72635
72635
72634
72634
72634
72634
72633
72633
72633
72633
72633
72632
72632
72632
72632
72631
72631
72631
72629
72629
72629
72628
72628
72628
72628
72627
72627
72627
72627
72626
72626
72626
72626
72625
72625
72625
72625
72624
72624
72623
72622
72621
72621
72620
72620
72620
72620
72619
72619
72619
72619
72618
72617
72617
72616
72616
72616
72616
72615
72615
72615
72615
72614
72614
72614
72614
72613
72613
72613
72613
72612
72612
72612
72612
72611
72611
72611
72611
72610
72610
72610
72610
72609
72609
72609
72609
72608
72608
72608
72608
72607
72607
72607
72607
72606
72606
72606
72606
72605
72605
72605
72605
72604
72604
72604
72604
72603
72603
72603
72603
72602
72602
72602
72602
72601
72601
72601
72601
72600
72600
72600
72600
72599
72599
72599
72599
72598
72598
72598
72598
72597
72597
72597
72597
72596
72596
72596
72596
72595
72595
72595
72595
72591
72589
72587
72586
72584
72583
72582
72582
72582
72582
72581
72581
72581
72581
72580
72580
72580
72580
72579
72579
72579
72579
72577
72577
72575
72575
72575
72574
72574
72574
72574
72573
72573
72573
72572
72572
72572
72572
72572
72570
72570
72569
72569
72569
72569
72568
72568
72568
72568
72567
72567
72567
72567
72566
72566
72566
72566
72565
72565
72565
72565
72564
72563
72563
72561
72561
72561
72560
72560
72560
72560
72559
72559
72559
72559
72558
72558
72558
72558
72557
72557
72557
72557
72555
72555
72553
72553
72553
72553
72552
72552
72552
72551
72550
72550
72549
72549
72549
72549
72548
72548
72548
72548
72547
72547
72547
72544
72544
72544
72544
72543
72543
72543
72543
72542
72542
72542
72542
72541
72541
72541
72541
72540
72540
72540
72540
72539
72539
72539
72539
72538
72538
72538
72538
72537
72537
72537
72537
72536
72536
72536
72536
72535
72535
72535
72535
72534
72534
72534
72534
72533
72533
72533
72533
72532
72532
72532
72532
72531
72531
72531
72531
72530
72530
72530
72530
72529
72529
72529
72529
72528
72528
72528
72528
72527
72527
72527
72527
72526
72526
72526
72526
72510
72510
72509
72509
72509
72509
72508
72508
72508
72507
72505
72504
72502
72501
72499
72498
72498
72497
72497
72497
72497
72496
72496
72496
72496
72495
72494
72494
72492
72492
72491
72491
72491
72491
72490
72490
72490
72490
72489
72489
72489
72489
72488
72487
72486
72486
72486
72486
72485
72485
72485
72485
72484
72484
72484
72484
72483
72483
72483
72483
72482
72482
72482
72482
72481
72481
72480
72479
72479
72479
72479
72478
72478
72478
72478
72477
72477
72477
72477
72476
72476
72476
72476
72475
72475
72475
72475
72473
72473
72471
72471
72471
72470
72470
72469
72468
72468
72468
72468
72467
72467
72467
72467
72466
72466
72466
72466
72465
72465
72465
72463
72463
72462
72461
72461
72461
72461
72460
72460
72460
72460
72459
72459
72459
72459
72458
72458
72458
72458
72457
72457
72457
72457
72456
72456
72456
72456
72455
72454
72453
72453
72453
72453
72452
72452
72452
72452
72451
72451
72451
72451
72450
72450
72450
72450
72449
72449
72449
72449
72448
72448
72448
72448
72448
72447
72447
72447
72447
72446
72446
72446
72446
72445
72445
72445
72445
72444
72444
72444
72443
72443
72443
72443
72442
72442
72442
72442
72441
72441
72441
72441
72440
72440
72440
72439
72439
72439
72439
72438
72438
72438
72438
72436
72433
72432
72430
72429
72427
72427
72426
72426
72426
72424
72424
72422
72422
72422
72422
72421
72421
72421
72421
72420
72420
72420
72420
72419
72419
72419
72417
72417
72417
72417
72416
72416
72416
72416
72415
72415
72415
72414
72414
72414
72414
72413
72413
72413
72413
72412
72412
72412
72412
72410
72410
72410
72409
72409
72409
72409
72408
72408
72408
72408
72407
72407
72407
72407
72406
72406
72406
72406
72405
72405
72404
72403
72402
72402
72400
72400
72400
72399
72399
72399
72399
72398
72398
72398
72398
72397
72397
72397
72397
72396
72396
72396
72395
72394
72393
72391
72390
72390
72390
72390
72389
72389
72389
72389
72388
72388
72388
72388
72387
72387
72387
72387
72386
72386
72386
72386
72385
72385
72385
72385
72384
72384
72384
72384
72383
72383
72383
72383
72382
72382
72382
72382
72381
72381
72381
72381
72380
72380
72380
72380
72379
72379
72379
72379
72378
72378
72378
72378
72377
72377
72377
72377
72376
72376
72376
72376
72375
72375
72375
72374
72374
72374
72374
72373
72373
72373
72373
72372
72372
72372
72372
72371
72371
72371
72371
72370
72370
72359
72359
72359
72358
72358
72358
72358
72357
72357
72357
72357
72356
72356
72356
72353
72351
72350
72348
72346
72344
72343
72343
72342
72342
72342
72342
72341
72341
72341
72341
72340
72340
72340
72340
72339
72338
72338
72337
72337
72337
72337
72336
72336
72336
72336
72335
72335
72335
72335
72334
72334
72334
72334
72333
72333
72332
72332
72332
72331
72330
72330
72330
72329
72329
72329
72329
72329
72328
72328
72328
72327
72327
72327
72327
72326
72326
72326
72326
72326
72324
72322
72321
72321
72320
72320
72320
72320
72319
72319
72319
72319
72318
72318
72318
72318
72317
72317
72317
72317
72316
72316
72316
72314
72314
72312
72312
72312
72312
72311
72311
72311
72311
72310
72310
72310
72310
72309
72309
72309
72309
72308
72308
72308
72308
72307
72307
72307
72307
72306
72306
72306
72306
72305
72305
72305
72305
72304
72304
72304
72304
72303
72303
72303
72303
72302
72302
72302
72302
72301
72301
72301
72301
72300
72300
72300
72300
72299
72299
72299
72299
72298
72298
72298
72298
72297
72297
72297
72297
72296
72296
72296
72296
72295
72295
72295
72295
72294
72294
72294
72294
72293
72293
72293
72293
72292
72292
72292
72292
72291
72291
72291
72291
72290
72290
72290
72290
72290
72289
72289
72289
72288
72288
72288
72288
72287
72287
72284
72283
72281
72278
72277
72276
72275
72275
72275
72275
72274
72274
72274
72274
72273
72272
72272
72271
72271
72271
72270
72270
72270
72270
72269
72269
72269
72269
72268
72268
72268
72268
72267
72267
72267
72267
72266
72266
72264
72264
72264
72264
72263
72263
72263
72263
72262
72262
72262
72261
72261
72261
72261
72260
72260
72260
72260
72258
72258
72256
72256
72255
72255
72254
72253
72253
72252
72252
72252
72252
72251
72251
72251
72251
72250
72250
72250
72250
72249
72249
72249
72249
72247
72247
72244
72244
72243
72243
72243
72243
72242
72242
72242
72242
72241
72241
72241
72241
72240
72240
72240
72240
72239
72239
72239
72237
72237
72237
72237
72236
72236
72236
72236
72235
72235
72235
72235
72234
72234
72234
72234
72234
72233
72233
72233
72233
72232
72232
72232
72232
72231
72231
72231
72231
72230
72230
72230
72230
72229
72229
72229
72229
72228
72228
72228
72228
72227
72227
72227
72227
72226
72226
72226
72226
72225
72225
72225
72225
72224
72224
72224
72224
72223
72223
72223
72223
72222
72222
72222
72222
72221
72221
72221
72221
72220
72220
72220
72220
72219
72219
72219
72219
72218
72218
72218
72216
72216
72216
72215
72215
72215
72214
72213
72211
72210
72208
72207
72206
72205
72205
72205
72203
72203
72203
72202
72202
72202
72202
72201
72201
72201
72201
72200
72200
72200
72200
72199
72199
72199
72199
72198
72198
72198
72198
72196
72196
72196
72195
72195
72195
72195
72194
72194
72194
72194
72193
72193
72193
72193
72192
72191
72191
72190
72190
72190
72188
72188
72186
72186
72186
72186
72185
72185
72185
72185
72184
72184
72184
72184
72183
72183
72183
72183
72182
72182
72182
72182
72181
72180
72179
72178
72178
72178
72177
72177
72177
72177
72176
72176
72176
72176
72175
72175
72175
72175
72174
72174
72174
72174
72173
72173
72172
72171
72171
72171
72171
72170
72170
72170
72170
72169
72169
72169
72169
72168
72168
72168
72168
72167
72167
72167
72167
72166
72166
72166
72166
72165
72165
72165
72165
72163
72163
72163
72162
72162
72162
72162
72161
72161
72161
72161
72160
72160
72160
72160
72159
72159
72159
72159
72158
72158
72158
72158
72157
72157
72157
72157
72156
72156
72156
72156
72155
72155
72155
72155
72154
72154
72154
72154
72153
72153
72153
72153
72152
72152
72152
72152
72151
72150
72149
72149
72149
72149
72148
72148
72148
72148
72147
72147
72147
72147
72146
72146
72146
72144
72143
72141
72139
72137
72135
72135
72134
72134
72134
72134
72133
72133
72133
72133
72132
72132
72132
72132
72131
72131
72131
72131
72130
72130
72130
72128
72128
72128
72127
72127
72127
72127
72126
72126
72126
72126
72125
72125
72123
72123
72123
72123
72122
72122
72122
72122
72120
72120
72119
72118
72118
72118
72118
72117
72117
72117
72117
72116
72116
72116
72116
72115
72115
72115
72114
72114
72114
72114
72113
72112
72111
72109
72109
72108
72108
72108
72108
72107
72107
72107
72107
72106
72106
72106
72106
72105
72105
72105
72105
72104
72104
72104
72102
72102
72102
72102
72101
72101
72101
72101
72100
72100
72100
72100
72099
72099
72099
72099
72098
72098
72098
72098
72097
72097
72097
72097
72096
72096
72096
72096
72095
72095
72095
72095
72094
72094
72094
72094
72093
72093
72093
72093
72092
72092
72092
72092
72091
72091
72091
72091
72090
72090
72090
72090
72089
72089
72089
72089
72088
72088
72088
72088
72087
72087
72087
72087
72086
72086
72086
72086
72085
72085
72085
72085
72084
72084
72082
72082
72081
72081
72081
72081
72080
72080
72080
72080
72079
72079
72079
72079
72078
72078
72078
72078
72077
72077
72077
72077
72076
72076
72076
72073
72072
72070
72067
72066
72064
72064
72064
72063
72063
72063
72063
72062
72062
72062
72062
72061
72061
72061
72061
72059
72059
72059
72058
72058
72058
72058
72057
72057
72057
72055
72055
72055
72054
72054
72054
72054
72053
72053
72053
72053
72051
72051
72049
72049
72049
72049
72048
72048
72048
72048
72047
72047
72047
72047
72046
72046
72046
72046
72045
72045
72045
72045
72044
72043
72043
72041
72041
72041
72040
72040
72040
72039
72039
72039
72039
72038
72038
72038
72038
72037
72037
72037
72037
72036
72036
72036
72034
72034
72034
72034
72033
72033
72033
72033
72032
72032
72032
72032
72031
72031
72031
72030
72030
72030
72030
72029
72029
72029
72029
72028
72028
72028
72028
72027
72027
72027
72027
72026
72026
72026
72026
72025
72025
72025
72025
72024
72024
72024
72024
72023
72023
72023
72023
72022
72022
72022
72022
72021
72021
72021
72021
72020
72020
72020
72020
72019
72019
72019
72019
72018
72018
72018
72018
72017
72017
72017
72017
72015
72015
72014
72014
72014
72014
72013
72013
72013
72013
72012
72012
72012
72012
72011
72011
72011
72011
72010
72010
72010
72010
72009
72009
72009
72009
72008
72008
72008
72008
72007
72007
72007
72007
72005
72004
72002
72001
71999
71998
71997
71997
71997
71997
71996
71996
71996
71996
71994
71994
71994
71993
71993
71993
71993
71991
71991
71990
71990
71990
71990
71989
71989
71989
71989
71988
71988
71988
71988
71986
71986
71984
71984
71984
71984
71983
71983
71983
71983
71982
71982
71982
71982
71981
71981
71981
71981
71980
71980
71980
71980
71979
71978
71978
71976
71976
71976
71975
71973
71973
71972
71972
71972
71972
71971
71971
71971
71971
71970
71970
71969
71969
71969
71969
71969
71967
71967
71966
71966
71966
71966
71965
71965
71965
71965
71964
71964
71964
71964
71963
71963
71963
71961
71961
71961
71960
71960
71960
71960
71959
71959
71959
71959
71958
71958
71958
71958
71957
71957
71957
71957
71957
71956
71956
71956
71956
71955
71955
71955
71954
71954
71954
71954
71953
71953
71953
71953
71952
71952
71952
71952
71951
71951
71951
71951
71950
71950
71950
71950
71949
71949
71949
71949
71947
71947
71946
71946
71946
71946
71945
71945
71945
71945
71944
71944
71944
71944
71943
71943
71943
71943
71942
71942
71942
71942
71941
71941
71941
71941
71940
71940
71940
71940
71939
71939
71939
71939
71938
71938
71938
71938
71937
71937
71937
71937
71936
71934
71933
71931
71930
71928
71927
71927
71926
71924
71924
71924
71924
71922
71922
71922
71921
71921
71921
71920
71920
71920
71920
71919
71919
71919
71919
71918
71918
71918
71916
71916
71915
71914
71914
71914
71914
71913
71913
71913
71913
71912
71912
71912
71912
71911
71911
71911
71911
71910
71910
71910
71910
71908
71908
71906
71906
71905
71905
71905
71904
71904
71904
71904
71903
71903
71903
71903
71902
71902
71902
71902
71901
71901
71901
71900
71899
71898
71898
71898
71897
71897
71897
71896
71896
71896
71895
71895
71895
71894
71894
71894
71893
71892
71892
71891
71891
71891
71891
71890
71890
71890
71890
71889
71889
71889
71888
71888
71888
71888
71887
71887
71887
71886
71886
71886
71886
71885
71885
71885
71884
71884
71884
71884
71883
71883
71883
71883
71882
71881
71881
71880
71880
71880
71880
71879
71879
71879
71879
71878
71878
71877
71876
71876
71876
71876
71875
71875
71875
71875
71874
71874
71874
71874
71873
71873
71873
71873
71872
71872
71872
71872
71871
71871
71871
71871
71870
71870
71870
71870
71869
71869
71869
71869
71868
71868
71868
71868
71867
71867
71867
71867
71866
71866
71866
71866
71865
71865
71865
71865
71864
71864
71864
71862
71861
71858
71857
71855
71854
71854
71853
71853
71853
71853
71852
71852
71852
71852
71851
71851
71851
71851
71850
71850
71850
71850
71848
71848
71846
71846
71846
71846
71845
71845
71845
71845
71844
71844
71844
71843
71843
71843
71843
71843
71842
71842
71842
71842
71841
71840
71839
71838
71838
71837
71837
71837
71837
71836
71836
71836
71836
71835
71835
71835
71835
71834
71834
71834
71834
71833
71833
71833
71830
71830
71830
71829
71829
71829
71829
71828
71828
71828
71828
71827
71827
71827
71827
71826
71826
71825
71824
71824
71824
71824
71823
71823
71823
71822
71822
71822
71822
71822
71821
71821
71821
71821
71820
71820
71820
71820
71818
71818
71817
71817
71817
71817
71816
71816
71816
71816
71815
71815
71815
71815
71814
71814
71814
71814
71813
71813
71813
71813
71812
71812
71811
71810
71810
71810
71810
71809
71809
71809
71809
71808
71808
71808
71808
71807
71807
71807
71807
71806
71806
71806
71806
71805
71805
71805
71805
71804
71804
71804
71804
71803
71803
71803
71803
71803
71802
71802
71802
71802
71801
71801
71801
71801
71800
71800
71800
71800
71799
71799
71799
71799
71798
71798
71798
71798
71797
71797
71797
71797
71796
71796
71796
71793
71776
71774
71773
71771
71770
71769
71769
71769
71769
71768
71768
71768
71768
71767
71767
71767
71765
71765
71764
71763
71763
71763
71763
71762
71762
71762
71762
71761
71761
71761
71760
71760
71760
71760
71759
71759
71759
71759
71758
71757
71757
71755
71755
71755
71754
71754
71754
71754
71753
71753
71753
71753
71752
71752
71752
71752
71751
71751
71751
71751
71750
71750
71749
71748
71748
71748
71748
71747
71747
71747
71746
71746
71746
71746
71745
71745
71745
71745
71744
71743
71743
71742
71742
71742
71742
71741
71741
71741
71741
71740
71740
71740
71740
71739
71739
71739
71739
71738
71738
71738
71736
71736
71734
71734
71734
71734
71733
71733
71733
71732
71732
71732
71732
71731
71731
71731
71731
71730
71730
71730
71730
71728
71728
71728
71727
71727
71727
71727
71726
71726
71726
71726
71725
71725
71725
71725
71724
71724
71724
71724
71723
71723
71723
71723
71722
71722
71722
71722
71721
71721
71721
71721
71720
71720
71720
71719
71719
71719
71719
71718
71718
71718
71718
71717
71717
71717
71717
71716
71716
71716
71716
71715
71715
71715
71715
71714
71714
71714
71714
71713
71713
71713
71713
71712
71712
71712
71712
71711
71711
71711
71711
71709
71708
71706
71705
71703
71702
71701
71701
71701
71701
71700
71699
71699
71697
71697
71697
71697
71696
71696
71696
71695
71695
71695
71695
71694
71694
71694
71694
71693
71693
71693
71693
71692
71692
71691
71690
71689
71689
71688
71688
71688
71688
71687
71687
71687
71687
71686
71686
71686
71686
71685
71685
71685
71685
71684
71684
71684
71682
71682
71682
71681
71681
71681
71681
71678
71678
71677
71677
71677
71677
71676
71676
71676
71676
71674
71674
71673
71673
71673
71672
71672
71672
71671
71671
71671
71671
71670
71670
71670
71670
71669
71669
71669
71669
71668
71667
71667
71665
71665
71665
71664
71664
71664
71664
71663
71663
71663
71663
71662
71662
71662
71662
71661
71660
71660
71659
71659
71659
71658
71658
71658
71658
71657
71657
71657
71657
71656
71656
71656
71655
71655
71655
71655
71654
71653
71653
71653
71653
71652
71652
71652
71652
71651
71651
71651
71651
71650
71650
71650
71650
71649
71649
71649
71649
71648
71648
71648
71648
71647
71647
71647
71647
71646
71646
71646
71646
71645
71645
71645
71645
71644
71644
71644
71644
71643
71643
71643
71643
71642
71642
71642
71642
71641
71641
71641
71641
71641
71640
71640
71640
71639
71639
71638
71636
71635
71632
71630
71628
71628
71626
71626
71626
71625
71625
71625
71624
71624
71624
71624
71624
71623
71623
71623
71623
71622
71622
71622
71622
71621
71621
71620
71619
71618
71618
71617
71617
71617
71616
71616
71616
71616
71615
71615
71615
71615
71614
71614
71614
71614
71613
71613
71613
71613
71611
71611
71611
71610
71610
71610
71610
71609
71609
71609
71609
71608
71608
71608
71608
71607
71607
71606
71605
71605
71605
71605
71604
71604
71604
71604
71603
71603
71603
71603
71602
71602
71602
71602
71601
71601
71601
71601
71599
71599
71597
71596
71596
71596
71596
71595
71595
71595
71595
71594
71594
71594
71594
71592
71592
71592
71591
71591
71591
71591
71590
71590
71590
71590
71589
71589
71589
71589
71588
71588
71588
71588
71587
71587
71587
71587
71586
71585
71584
71584
71584
71584
71583
71583
71583
71583
71582
71582
71582
71582
71581
71581
71581
71581
71580
71580
71580
71580
71579
71579
71579
71579
71578
71578
71578
71578
71577
71577
71577
71577
71576
71576
71576
71576
71575
71575
71575
71575
71574
71574
71574
71574
71573
71573
71573
71573
71572
71572
71572
71572
71571
71571
71571
71571
71570
71570
71570
71570
71569
71569
71569
71567
71565
71563
71562
71560
71559
71558
71558
71558
71557
71557
71557
71557
71556
71556
71556
71556
71555
71555
71555
71555
71554
71553
71552
71551
71551
71550
71550
71550
71550
71549
71549
71549
71549
71548
71548
71548
71548
71547
71547
71547
71547
71546
71546
71546
71545
71544
71544
71544
71544
71543
71543
71543
71543
71542
71542
71542
71541
71541
71541
71541
71540
71538
71538
71537
71537
71537
71537
71536
71536
71536
71536
71535
71535
71535
71535
71534
71534
71534
71534
71533
71533
71533
71531
71531
71529
71529
71529
71529
71528
71528
71528
71527
71527
71527
71525
71525
71525
71525
71524
71524
71524
71524
71523
71523
71523
71522
71521
71521
71521
71520
71520
71520
71520
71519
71519
71519
71519
71518
71518
71518
71518
71517
71517
71517
71517
71516
71516
71516
71516
71515
71515
71515
71515
71514
71514
71514
71514
71513
71513
71513
71513
71513
71512
71512
71512
71512
71511
71511
71511
71511
71510
71510
71510
71510
71509
71509
71509
71509
71508
71508
71508
71508
71507
71507
71507
71507
71506
71506
71506
71506
71505
71505
71505
71504
71504
71504
71504
71503
71503
71503
71503
71502
71502
71502
71502
71501
71501
71501
71501
71500
71500
71498
71496
71494
71493
71491
71489
71489
71489
71489
71488
71488
71488
71488
71487
71487
71487
71485
71485
71484
71483
71483
71483
71483
71482
71482
71482
71482
71481
71481
71481
71481
71480
71480
71480
71480
71479
71479
71479
71479
71477
71477
71477
71476
71476
71476
71476
71475
71475
71475
71475
71474
71474
71474
71474
71473
71473
71472
71471
71471
71471
71471
71470
71470
71470
71470
71469
71469
71469
71469
71468
71468
71468
71468
71467
71467
71467
71466
71465
71465
71463
71463
71463
71462
71462
71462
71462
71460
71460
71460
71459
71459
71459
71459
71458
71458
71458
71458
71457
71457
71457
71455
71455
71454
71453
71453
71453
71452
71452
71452
71452
71451
71451
71451
71451
71450
71450
71450
71450
71449
71449
71449
71449
71449
71448
71448
71448
71447
71447
71447
71447
71446
71446
71446
71446
71445
71445
71445
71445
71444
71444
71444
71444
71444
71443
71443
71443
71442
71442
71442
71442
71441
71441
71441
71441
71441
71440
71440
71440
71439
71439
71439
71439
71438
71438
71438
71438
71438
71437
71437
71437
71437
71436
71436
71436
71436
71435
71435
71435
71435
71434
71434
71434
71434
71433
71433
71433
71433
71432
71432
71432
71432
71431
71430
71428
71427
71425
71424
71422
71422
71422
71422
71421
71420
71420
71418
71418
71418
71417
71417
71417
71416
71416
71415
71415
71415
71415
71414
71414
71414
71414
71413
71413
71413
71413
71412
71411
71411
71411
71410
71410
71410
71409
71409
71409
71409
71408
71408
71408
71408
71407
71407
71407
71405
71405
71405
71405
71404
71404
71404
71404
71403
71403
71403
71403
71402
71402
71400
71399
71399
71399
71398
71398
71398
71397
71396
71395
71395
71394
71394
71392
71392
71392
71392
71391
71391
71391
71391
71390
71390
71390
71390
71389
71389
71389
71389
71388
71387
71387
71385
71385
71384
71384
71384
71384
71383
71383
71383
71383
71382
71382
71382
71382
71381
71381
71381
71381
71380
71380
71380
71380
71379
71379
71379
71379
71378
71378
71378
71378
71377
71377
71377
71377
71376
71376
71376
71376
71375
71375
71375
71375
71374
71374
71374
71374
71373
71373
71373
71373
71372
71372
71372
71372
71371
71371
71371
71371
71370
71370
71370
71370
71369
71369
71369
71369
71368
71368
71368
71368
71367
71367
71367
71367
71366
71366
71366
71366
71365
71365
71365
71365
71364
71364
71364
71364
71363
71363
71363
71363
71362
71362
71362
71362
71361
71361
71359
71358
71356
71355
71352
71351
71349
71349
71348
71348
71348
71348
71347
71347
71347
71346
71346
71346
71346
71345
71345
71345
71345
71344
71344
71344
71344
71342
71342
71342
71341
71341
71341
71341
71340
71340
71340
71340
71339
71339
71339
71339
71339
71338
71337
71337
71336
71336
71336
71336
71335
71335
71335
71335
71334
71334
71334
71334
71333
71333
71333
71333
71332
71332
71332
71330
71330
71329
71327
71326
71326
71326
71326
71325
71325
71325
71325
71324
71324
71324
71324
71323
71323
71323
71323
71322
71322
71322
71320
71320
71318
71318
71318
71318
71317
71317
71317
71317
71316
71316
71316
71316
71315
71315
71315
71315
71314
71314
71314
71314
71313
71313
71313
71313
71312
71312
71312
71312
71311
71311
71311
71311
71310
71310
71310
71310
71309
71309
71308
71307
71307
71307
71306
71306
71306
71306
71305
71305
71305
71305
71304
71304
71304
71304
71303
71303
71303
71303
71302
71302
71302
71302
71301
71301
71301
71301
71300
71300
71300
71300
71299
71299
71299
71299
71298
71298
71298
71298
71297
71297
71297
71297
71296
71296
71296
71296
71295
71295
71295
71295
71294
71294
71294
71294
71293
71293
71293
71293
71292
71292
71292
71292
71289
71287
71286
71284
71283
71281
71280
71280
71279
71279
71279
71279
71278
71278
71278
71278
71277
71277
71277
71277
71276
71275
71275
71274
71274
71274
71274
71273
71273
71273
71273
71272
71272
71272
71272
71271
71271
71271
71269
71269
71269
71269
71268
71268
71268
71268
71267
71267
71267
71267
71266
71266
71266
71266
71265
71265
71265
71265
71264
71261
71260
71259
71258
71258
71258
71258
71257
71257
71257
71257
71256
71256
71256
71256
71255
71255
71255
71255
71254
71254
71254
71254
71252
71252
71250
71250
71250
71250
71249
71249
71249
71249
71248
71248
71248
71248
71247
71247
71247
71247
71246
71246
71246
71246
71245
71244
71243
71243
71243
71243
71242
71242
71242
71242
71241
71241
71241
71241
71240
71240
71240
71240
71239
71239
71239
71239
71238
71238
71238
71238
71237
71237
71237
71237
71236
71236
71236
71236
71235
71235
71235
71235
71234
71234
71234
71234
71233
71233
71233
71233
71232
71232
71232
71232
71231
71231
71231
71231
71230
71230
71230
71230
71230
71229
71229
71229
71228
71228
71228
71228
71227
71227
71227
71227
71226
71226
71226
71226
71225
71225
71225
71225
71224
71224
71224
71224
71223
71222
71222
71221
71221
71221
71218
71217
71215
71214
71212
71211
71211
71210
71210
71210
71210
71209
71209
71209
71209
71207
71207
71207
71206
71206
71206
71206
71205
71205
71205
71205
71204
71204
71204
71204
71203
71203
71201
71201
71201
71201
71200
71200
71200
71200
71199
71199
71199
71199
71198
71198
71198
71198
71197
71197
71195
71195
71195
71193
71193
71192
71191
71191
71191
71191
71190
71190
71190
71190
71189
71189
71189
71189
71188
71188
71188
71188
71187
71187
71187
71187
71185
71185
71184
71183
71183
71183
71183
71182
71182
71182
71182
71181
71181
71181
71181
71180
71180
71180
71180
71179
71179
71179
71179
71177
71177
71177
71176
71176
71176
71176
71175
71175
71175
71175
71174
71174
71174
71174
71173
71173
71173
71173
71172
71172
71172
71172
71171
71171
71171
71171
71170
71170
71170
71170
71169
71169
71169
71169
71168
71168
71168
71168
71167
71167
71167
71167
71166
71166
71166
71166
71165
71165
71165
71165
71164
71164
71164
71164
71163
71163
71162
71162
71162
71162
71161
71161
71161
71161
71160
71160
71160
71160
71159
71159
71159
71159
71158
71158
71158
71158
71157
71157
71156
71155
71155
71155
71155
71154
71154
71154
71153
71153
71153
71153
71152
71152
71150
71149
71147
71145
71142
71140
71140
71140
71140
71138
71138
71138
71137
71137
71137
71137
71136
71136
71136
71135
71135
71134
71134
71134
71134
71134
71132
71132
71131
71131
71131
71131
71130
71130
71130
71130
71129
71129
71129
71129
71128
71126
71126
71125
71125
71125
71124
71123
71123
71121
71121
71121
71120
71120
71120
71120
71119
71119
71119
71119
71118
71118
71118
71118
71116
71116
71116
71115
71115
71115
71113
71113
71111
71111
71111
71111
71110
71110
71110
71110
71109
71109
71109
71109
71108
71108
71108
71107
71107
71107
71107
71106
71106
71105
71105
71104
71104
71104
71104
71103
71103
71103
71103
71102
71102
71102
71102
71101
71101
71101
71101
71100
71100
71100
71100
71099
71099
71099
71099
71098
71098
71098
71098
71097
71097
71097
71097
71096
71096
71096
71096
71095
71095
71095
71095
71094
71094
71094
71094
71093
71093
71093
71093
71092
71092
71092
71092
71091
71091
71091
71091
71090
71090
71090
71090
71089
71089
71089
71088
71088
71088
71088
71088
71087
71087
71087
71086
71086
71086
71084
71084
71084
71083
71083
71083
71083
71082
71082
71082
71082
71081
71081
71081
71081
71080
71080
71080
71080
71079
71079
71079
71079
71077
71076
71074
71072
71070
71069
71069
71068
71068
71068
71068
71067
71067
71067
71067
71066
71066
71066
71066
71065
71064
71064
71063
71063
71063
71063
71062
71062
71062
71062
71061
71061
71060
71059
71059
71059
71059
71058
71058
71058
71058
71056
71056
71055
71054
71054
71054
71054
71053
71053
71053
71053
71052
71052
71052
71052
71051
71051
71051
71051
71050
71050
71050
71050
71048
71048
71046
71046
71046
71045
71045
71045
71045
71044
71044
71044
71044
71043
71043
71043
71043
71042
71042
71042
71042
71041
71041
71040
71039
71039
71039
71039
71038
71038
71038
71038
71037
71037
71037
71037
71036
71036
71036
71036
71035
71035
71035
71035
71034
71034
71034
71034
71033
71033
71033
71033
71032
71032
71032
71032
71031
71031
71031
71031
71030
71030
71030
71030
71028
71028
71028
71027
71027
71027
71027
71026
71026
71026
71026
71025
71025
71025
71025
71024
71024
71024
71024
71023
71023
71023
71023
71022
71022
71022
71022
71021
71021
71021
71021
71020
71019
71018
71018
71018
71018
71017
71017
71017
71017
71016
71016
71016
71016
71015
71015
71015
71015
71014
71014
71014
71014
71013
71013
71013
71013
71012
71012
71012
71012
71011
71011
71011
71009
71008
71006
71004
71003
71001
71001
71001
71000
71000
71000
71000
70999
70999
70998
70997
70997
70997
70997
70996
70996
70996
70996
70993
70993
70993
70992
70992
70992
70992
70991
70991
70991
70991
70990
70989
70989
70987
70987
70987
70986
70986
70986
70986
70985
70985
70985
70985
70984
70984
70984
70984
70983
70983
70983
70983
70982
70982
70981
70980
70979
70979
70978
70978
70978
70977
70977
70977
70977
70976
70976
70976
70976
70975
70975
70975
70975
70974
70974
70974
70974
70972
70972
70972
70971
70971
70971
70971
70970
70970
70970
70969
70969
70969
70968
70968
70968
70968
70967
70967
70967
70967
70966
70966
70965
70964
70964
70964
70963
70963
70963
70963
70962
70962
70962
70962
70961
70961
70961
70961
70960
70960
70960
70960
70959
70959
70959
70959
70959
70958
70958
70958
70958
70957
70957
70957
70957
70956
70956
70956
70956
70955
70955
70955
70955
70954
70954
70954
70954
70953
70953
70951
70951
70951
70951
70950
70950
70950
70950
70949
70949
70949
70949
70948
70948
70948
70948
70947
70947
70947
70947
70946
70946
70946
70946
70945
70945
70945
70945
70944
70944
70944
70944
70943
70943
70943
70943
70942
70942
70942
70942
70941
70939
70937
70936
70934
70933
70932
70931
70931
70930
70929
70929
70929
70929
70928
70927
70927
70926
70926
70926
70926
70925
70925
70925
70925
70924
70924
70924
70924
70923
70922
70922
70920
70920
70920
70920
70919
70919
70919
70919
70918
70918
70918
70918
70917
70917
70917
70917
70916
70916
70916
70916
70915
70914
70914
70912
70912
70912
70911
70911
70911
70911
70910
70910
70910
70910
70909
70909
70909
70909
70908
70908
70908
70908
70907
70907
70906
70905
70905
70905
70905
70904
70904
70904
70904
70903
70903
70903
70903
70902
70902
70902
70902
70901
70901
70901
70901
70900
70900
70898
70898
70898
70898
70897
70897
70897
70897
70896
70896
70896
70896
70895
70895
70895
70895
70894
70894
70893
70893
70893
70893
70892
70892
70892
70892
70891
70891
70891
70891
70890
70890
70890
70890
70889
70889
70889
70889
70888
70888
70888
70888
70887
70887
70886
70885
70885
70885
70885
70884
70884
70884
70884
70883
70883
70883
70883
70882
70882
70882
70882
70881
70881
70881
70880
70880
70880
70880
70879
70879
70879
70878
70878
70878
70878
70877
70877
70877
70877
70876
70876
70876
70876
70875
70875
70875
70875
70874
70874
70874
70874
70873
70873
70873
70871
70870
70868
70866
70864
70861
70861
70860
70860
70860
70860
70859
70859
70859
70859
70858
70858
70858
70858
70857
70857
70857
70857
70855
70855
70853
70853
70853
70852
70852
70852
70852
70851
70851
70851
70851
70850
70850
70850
70850
70849
70849
70849
70849
70848
70848
70847
70846
70845
70844
70844
70844
70844
70843
70843
70843
70843
70842
70842
70842
70842
70841
70841
70841
70839
70839
70839
70839
70838
70837
70837
70836
70836
70836
70836
70835
70835
70835
70835
70834
70834
70834
70834
70833
70833
70833
70833
70832
70832
70832
70832
70831
70830
70830
70829
70829
70829
70829
70828
70828
70828
70828
70827
70827
70827
70826
70826
70826
70826
70825
70825
70825
70825
70824
70824
70824
70824
70823
70823
70823
70823
70822
70822
70822
70822
70821
70821
70821
70821
70820
70820
70820
70820
70818
70818
70817
70817
70817
70817
70816
70816
70816
70816
70815
70815
70815
70815
70814
70814
70814
70814
70813
70813
70813
70813
70812
70812
70812
70812
70811
70811
70811
70811
70810
70810
70810
70810
70809
70809
70809
70809
70808
70808
70808
70808
70807
70807
70807
70806
70806
70806
70806
70805
70805
70805
70805
70805
70804
70804
70804
70804
70803
70802
70800
70798
70796
70795
70793
70793
70792
70792
70792
70791
70791
70791
70775
70774
70774
70774
70772
70772
70770
70770
70770
70769
70769
70769
70769
70768
70768
70768
70768
70767
70767
70767
70767
70766
70766
70766
70766
70765
70765
70763
70763
70762
70762
70761
70761
70761
70760
70760
70760
70760
70759
70759
70759
70759
70758
70758
70757
70757
70757
70757
70756
70756
70755
70754
70754
70754
70754
70753
70753
70753
70753
70752
70752
70752
70752
70751
70751
70751
70751
70750
70750
70750
70750
70749
70749
70748
70747
70747
70747
70747
70746
70746
70746
70746
70745
70745
70745
70745
70744
70744
70743
70742
70742
70742
70742
70741
70741
70741
70741
70740
70740
70740
70740
70739
70739
70739
70739
70738
70738
70738
70738
70737
70737
70736
70735
70735
70735
70733
70733
70733
70733
70732
70732
70732
70732
70731
70731
70731
70731
70730
70730
70729
70729
70729
70729
70729
70728
70728
70728
70728
70727
70727
70727
70727
70726
70726
70726
70726
70725
70725
70725
70725
70724
70724
70724
70724
70723
70723
70723
70723
70722
70722
70722
70722
70721
70721
70721
70721
70720
70720
70720
70720
70719
70719
70719
70719
70718
70718
70718
70718
70717
70716
70714
70713
70711
70710
70707
70707
70706
70706
70706
70706
70703
70703
70701
70701
70701
70700
70700
70700
70700
70699
70699
70699
70699
70698
70698
70698
70698
70698
70697
70697
70697
70697
70696
70695
70694
70693
70693
70692
70692
70692
70692
70691
70691
70691
70691
70690
70690
70690
70690
70689
70689
70689
70689
70688
70688
70688
70686
70686
70686
70686
70685
70685
70685
70685
70684
70684
70684
70684
70683
70683
70683
70683
70682
70682
70682
70682
70681
70681
70681
70679
70679
70679
70679
70678
70678
70678
70678
70677
70677
70677
70677
70676
70676
70676
70675
70674
70674
70674
70673
70673
70673
70673
70671
70671
70671
70670
70670
70670
70670
70669
70669
70669
70669
70668
70667
70667
70667
70666
70666
70666
70665
70665
70665
70665
70664
70664
70664
70664
70663
70663
70663
70663
70662
70662
70662
70662
70661
70661
70661
70661
70660
70660
70660
70660
70659
70659
70659
70659
70658
70658
70658
70658
70657
70657
70657
70657
70656
70656
70656
70656
70655
70655
70655
70655
70654
70654
70654
70654
70653
70653
70653
70653
70652
70652
70652
70652
70651
70651
70651
70651
70650
70650
70650
70650
70649
70649
70649
70649
70648
70648
70648
70645
70644
70642
70641
70640
70637
70637
70635
70635
70635
70634
70634
70634
70634
70633
70633
70633
70633
70632
70632
70632
70632
70631
70631
70631
70631
70630
70630
70628
70628
70627
70627
70626
70626
70626
70626
70625
70625
70625
70625
70624
70624
70624
70624
70623
70623
70623
70623
70622
70622
70622
70621
70620
70620
70620
70620
70619
70619
70619
70618
70618
70618
70618
70618
70617
70617
70617
70617
70616
70616
70616
70615
70615
70615
70613
70613
70613
70613
70612
70612
70612
70612
70611
70611
70611
70611
70610
70610
70610
70609
70608
70608
70608
70608
70607
70607
70607
70605
70605
70605
70605
70604
70604
70604
70604
70603
70602
70601
70601
70601
70601
70600
70600
70600
70600
70599
70599
70599
70599
70598
70598
70598
70598
70597
70597
70597
70597
70596
70596
70596
70596
70595
70595
70595
70595
70594
70594
70594
70593
70593
70593
70593
70592
70592
70592
70592
70591
70591
70591
70591
70591
70590
70590
70590
70590
70589
70589
70589
70588
70588
70588
70588
70588
70587
70587
70587
70586
70586
70586
70586
70586
70585
70585
70585
70585
70584
70584
70584
70584
70583
70583
70583
70583
70582
70582
70582
70582
70581
70581
70581
70581
70580
70579
70576
70575
70573
70572
70569
70569
70569
70569
70568
70568
70568
70567
70567
70567
70567
70566
70566
70566
70566
70565
70565
70564
70563
70562
70562
70561
70561
70561
70561
70560
70560
70560
70560
70559
70559
70559
70558
70558
70558
70558
70557
70557
70557
70557
70555
70555
70555
70555
70554
70554
70554
70554
70553
70553
70553
70553
70552
70552
70552
70552
70551
70551
70551
70549
70549
70549
70549
70547
70547
70546
70546
70546
70546
70545
70545
70545
70545
70544
70544
70544
70544
70543
70542
70542
70541
70541
70541
70540
70540
70540
70539
70538
70538
70538
70537
70537
70536
70536
70535
70535
70535
70534
70534
70534
70534
70532
70532
70532
70531
70531
70531
70531
70530
70530
70530
70530
70529
70529
70529
70529
70528
70528
70528
70528
70528
70527
70527
70527
70526
70526
70526
70526
70525
70525
70525
70525
70524
70524
70524
70524
70523
70523
70523
70523
70523
70522
70522
70522
70522
70521
70521
70521
70521
70520
70520
70520
70520
70519
70519
70519
70519
70518
70518
70518
70518
70517
70517
70517
70517
70516
70516
70516
70516
70515
70515
70515
70514
70514
70514
70514
70514
70513
70513
70513
70513
70512
70512
70512
70512
70511
70511
70508
70507
70505
70504
70502
70500
70500
70500
70500
70499
70499
70499
70499
70498
70498
70498
70496
70496
70494
70494
70494
70494
70493
70493
70493
70493
70492
70492
70492
70492
70491
70491
70491
70491
70490
70490
70490
70490
70489
70488
70488
70488
70487
70487
70487
70486
70486
70486
70486
70485
70485
70485
70485
70484
70484
70484
70484
70483
70483
70483
70483
70482
70481
70481
70480
70480
70480
70480
70479
70479
70479
70479
70478
70478
70478
70478
70477
70476
70476
70475
70475
70475
70475
70474
70473
70472
70472
70471
70470
70470
70469
70469
70469
70469
70468
70468
70468
70468
70467
70467
70465
70465
70465
70465
70464
70464
70464
70463
70463
70463
70463
70462
70462
70462
70462
70461
70461
70461
70461
70460
70460
70460
70460
70459
70459
70459
70459
70459
70457
70457
70456
70456
70456
70456
70455
70455
70455
70455
70454
70454
70454
70453
70453
70453
70453
70452
70452
70452
70452
70451
70451
70451
70451
70450
70450
70450
70450
70449
70449
70449
70449
70448
70448
70448
70448
70447
70447
70447
70447
70446
70446
70446
70445
70445
70445
70445
70444
70444
70444
70444
70443
70443
70443
70443
70442
70442
70442
70442
70441
70441
70441
70441
70439
70438
70436
70435
70433
70431
70430
70430
70430
70429
70428
70427
70426
70426
70425
70425
70425
70424
70424
70424
70423
70423
70423
70422
70422
70422
70422
70421
70421
70421
70421
70420
70420
70419
70418
70418
70418
70418
70417
70417
70417
70417
70416
70416
70416
70416
70415
70415
70415
70415
70414
70414
70414
70414
70413
70413
70412
70411
70411
70411
70411
70410
70410
70410
70410
70409
70409
70409
70409
70408
70408
70407
70406
70406
70406
70406
70405
70405
70405
70402
70402
70401
70401
70401
70401
70400
70400
70400
70400
70399
70399
70399
70399
70398
70397
70397
70395
70395
70395
70394
70394
70394
70394
70393
70393
70393
70393
70392
70392
70392
70392
70391
70391
70391
70391
70390
70390
70390
70390
70389
70389
70389
70389
70388
70388
70388
70388
70387
70387
70387
70387
70386
70386
70386
70386
70385
70385
70385
70385
70384
70384
70384
70384
70383
70383
70383
70383
70382
70382
70382
70382
70381
70381
70381
70381
70380
70380
70380
70380
70379
70379
70379
70379
70378
70378
70378
70378
70377
70377
70377
70377
70376
70376
70376
70376
70375
70375
70375
70375
70374
70374
70374
70374
70373
70373
70373
70373
70372
70372
70372
70372
70371
70369
70367
70365
70364
70361
70360
70358
70358
70358
70357
70357
70357
70357
70356
70356
70356
70356
70355
70355
70355
70355
70354
70354
70354
70354
70353
70353
70352
70351
70351
70351
70351
70350
70350
70350
70349
70349
70349
70349
70348
70348
70348
70348
70347
70347
70347
70347
70346
70346
70346
70344
70344
70344
70344
70343
70343
70343
70343
70342
70342
70342
70342
70341
70341
70341
70340
70339
70339
70339
70338
70337
70337
70337
70335
70335
70335
70334
70334
70334
70334
70333
70333
70333
70333
70332
70332
70332
70332
70330
70330
70328
70328
70328
70328
70327
70327
70327
70327
70326
70326
70326
70326
70325
70325
70325
70325
70324
70324
70324
70324
70323
70323
70323
70323
70322
70322
70322
70322
70321
70321
70321
70321
70320
70320
70320
70320
70319
70319
70319
70318
70318
70318
70318
70317
70317
70317
70317
70316
70316
70316
70316
70315
70315
70315
70315
70314
70314
70314
70314
70313
70313
70313
70313
70312
70312
70312
70312
70311
70311
70311
70311
70310
70310
70310
70310
70309
70309
70309
70309
70308
70308
70308
70308
70307
70307
70307
70307
70306
70306
70306
70306
70305
70305
70305
70305
70304
70304
70304
70304
70303
70303
70303
70300
70298
70297
70295
70293
70291
70291
70291
70290
70290
70290
70290
70289
70289
70289
70289
70288
70288
70288
70288
70287
70286
70286
70285
70285
70285
70285
70284
70284
70284
70284
70283
70283
70283
70283
70282
70282
70282
70282
70281
70281
70281
70281
70280
70279
70279
70278
70278
70278
70278
70277
70277
70277
70277
70276
70276
70276
70276
70275
70274
70273
70272
70272
70271
70270
70270
70269
70268
70268
70267
70267
70267
70267
70266
70266
70266
70266
70265
70265
70265
70265
70264
70263
70263
70261
70261
70261
70261
70260
70260
70260
70260
70259
70259
70259
70259
70258
70258
70258
70258
70257
70257
70257
70257
70256
70255
70254
70254
70254
70254
70253
70253
70253
70253
70252
70252
70252
70252
70251
70251
70251
70251
70250
70250
70250
70250
70249
70249
70249
70249
70248
70248
70248
70248
70247
70247
70247
70247
70246
70246
70246
70246
70245
70245
70245
70245
70244
70244
70244
70244
70243
70243
70243
70243
70242
70242
70242
70242
70241
70241
70241
70241
70240
70240
70240
70240
70239
70239
70239
70239
70238
70238
70238
70238
70237
70237
70237
70237
70236
70236
70236
70236
70235
70235
70235
70235
70234
70234
70234
70232
70232
70232
70230
70229
70227
70225
70224
70222
70222
70222
70222
70221
70221
70221
70221
70220
70220
70219
70218
70218
70218
70218
70217
70217
70217
70217
70216
70216
70216
70216
70215
70215
70215
70214
70214
70214
70214
70214
70213
70213
70211
70211
70211
70211
70210
70210
70210
70210
70209
70209
70209
70209
70208
70208
70207
70205
70205
70205
70204
70204
70204
70204
70203
70202
70202
70201
70201
70201
70201
70200
70200
70200
70200
70199
70199
70199
70199
70198
70197
70197
70195
70195
70195
70194
70194
70194
70194
70193
70193
70193
70193
70192
70192
70192
70192
70191
70191
70191
70191
70190
70190
70189
70188
70188
70188
70187
70187
70187
70187
70186
70186
70186
70186
70186
70185
70185
70185
70184
70184
70184
70184
70184
70183
70183
70183
70182
70182
70182
70182
70181
70180
70179
70179
70179
70179
70178
70178
70178
70178
70177
70177
70177
70177
70176
70176
70176
70176
70175
70175
70175
70175
70174
70174
70174
70174
70173
70173
70173
70173
70172
70172
70172
70172
70171
70171
70171
70171
70170
70170
70170
70170
70169
70169
70169
70169
70168
70168
70168
70168
70167
70167
70167
70165
70165
70165
70165
70164
70164
70164
70164
70163
70163
70163
70163
70161
70160
70158
70155
70154
70152
70152
70152
70152
70150
70150
70150
70149
70149
70149
70149
70148
70148
70148
70148
70147
70147
70147
70147
70146
70146
70146
70146
70145
70145
70145
70145
70143
70143
70142
70142
70142
70142
70141
70141
70141
70141
70140
70139
70139
70138
70138
70137
70136
70136
70136
70136
70135
70135
70135
70133
70133
70133
70133
70132
70132
70132
70131
70131
70131
70131
70130
70130
70130
70130
70128
70128
70126
70126
70126
70126
70125
70125
70125
70125
70124
70124
70124
70124
70123
70123
70123
70123
70122
70122
70122
70122
70121
70120
70120
70119
70119
70119
70119
70118
70118
70118
70118
70117
70117
70117
70117
70116
70116
70116
70116
70115
70115
70115
70115
70114
70114
70114
70114
70113
70113
70113
70113
70112
70112
70112
70112
70111
70111
70111
70111
70110
70110
70110
70110
70109
70109
70109
70109
70108
70108
70108
70108
70107
70107
70107
70107
70106
70106
70106
70106
70105
70105
70105
70105
70104
70104
70104
70104
70103
70103
70103
70103
70102
70102
70102
70102
70101
70101
70101
70101
70099
70099
70098
70098
70098
70098
70097
70097
70097
70097
70096
70096
70096
70096
70095
70095
70095
70095
70094
70094
70094
70091
70090
70088
70086
70084
70082
70082
70082
70082
70081
70081
70081
70081
70080
70080
70080
70080
70079
70079
70079
70079
70078
70078
70078
70078
70077
70076
70076
70075
70075
70075
70075
70074
70074
70073
70073
70072
70072
70072
70072
70071
70070
70070
70069
70069
70069
70069
70068
70068
70067
70066
70066
70066
70066
70065
70065
70065
70065
70064
70064
70064
70064
70063
70063
70061
70061
70060
70060
70059
70059
70059
70059
70058
70058
70058
70058
70057
70057
70057
70057
70056
70056
70056
70056
70055
70055
70055
70053
70053
70053
70053
70052
70052
70052
70052
70051
70051
70051
70051
70050
70050
70050
70049
70049
70049
70049
70048
70048
70048
70048
70047
70047
70047
70047
70046
70046
70046
70046
70045
70045
70045
70045
70044
70044
70044
70044
70043
70043
70043
70043
70042
70042
70042
70042
70041
70041
70041
70041
70040
70040
70040
70040
70039
70039
70039
70039
70038
70038
70038
70038
70037
70037
70037
70037
70036
70036
70036
70036
70035
70035
70035
70035
70033
70033
70033
70032
70032
70032
70032
70031
70031
70031
70031
70030
70030
70030
70030
70029
70029
70029
70029
70028
70028
70028
70027
70027
70027
70027
70026
70026
70026
70026
70024
70023
70022
70019
70017
70016
70016
70016
70015
70015
70015
70015
70014
70014
70014
70014
70013
70013
70013
70013
70011
70011
70011
70010
70010
70009
70008
70008
70008
70008
70007
70007
70007
70007
70006
70005
70004
70004
70004
70004
70003
70003
70003
70002
70001
70001
70001
70000
70000
70000
70000
69999
69999
69999
69999
69999
69998
69998
69996
69996
69995
69994
69994
69994
69992
69992
69992
69992
69991
69991
69991
69991
69990
69990
69990
69990
69989
69989
69989
69989
69988
69987
69987
69986
69986
69986
69986
69985
69985
69985
69985
69984
69984
69984
69984
69984
69983
69983
69983
69983
69982
69982
69982
69981
69980
69979
69979
69979
69979
69978
69978
69978
69978
69977
69977
69977
69977
69976
69976
69976
69976
69975
69975
69975
69975
69974
69974
69974
69974
69973
69973
69973
69973
69972
69972
69972
69972
69971
69971
69971
69970
69970
69970
69969
69969
69969
69969
69968
69968
69968
69967
69967
69967
69965
69965
69965
69965
69964
69964
69964
69964
69963
69963
69963
69963
69962
69962
69962
69962
69961
69961
69961
69961
69960
69960
69960
69960
69959
69959
69959
69959
69958
69958
69958
69958
69957
69957
69957
69957
69956
69956
69956
69954
69953
69952
69950
69949
69947
69947
69946
69946
69946
69946
69945
69945
69945
69943
69943
69942
69942
69941
69941
69941
69941
69940
69940
69940
69940
69939
69939
69939
69937
69937
69937
69937
69936
69936
69936
69936
69934
69934
69934
69933
69933
69933
69933
69932
69932
69932
69932
69931
69931
69931
69931
69929
69929
69927
69927
69927
69927
69926
69926
69926
69926
69925
69925
69925
69925
69924
69924
69924
69924
69923
69923
69923
69923
69922
69921
69921
69920
69920
69920
69920
69919
69919
69919
69919
69918
69918
69918
69918
69917
69917
69917
69917
69916
69916
69916
69916
69915
69914
69913
69913
69913
69913
69912
69912
69912
69912
69911
69911
69911
69911
69910
69910
69910
69910
69909
69909
69909
69909
69908
69908
69908
69908
69907
69907
69907
69907
69906
69905
69905
69904
69904
69904
69904
69903
69903
69903
69903
69902
69902
69902
69902
69901
69901
69899
69899
69899
69899
69898
69898
69898
69898
69897
69897
69897
69897
69896
69896
69896
69896
69895
69895
69895
69895
69894
69894
69894
69894
69893
69893
69893
69892
69892
69892
69892
69891
69891
69891
69891
69890
69890
69890
69890
69889
69889
69889
69889
69888
69888
69888
69888
69887
69885
69884
69881
69880
69878
69877
69876
69875
69874
69873
69873
69872
69872
69872
69872
69871
69871
69871
69871
69870
69870
69870
69870
69868
69868
69868
69867
69867
69867
69867
69866
69865
69865
69864
69864
69864
69863
69863
69863
69863
69862
69862
69862
69862
69861
69861
69860
69859
69858
69858
69857
69857
69857
69857
69856
69856
69856
69856
69855
69855
69855
69855
69854
69854
69854
69853
69853
69853
69853
69851
69851
69851
69850
69850
69850
69850
69849
69849
69849
69849
69848
69848
69848
69848
69847
69847
69847
69847
69846
69846
69846
69846
69844
69844
69844
69843
69843
69843
69843
69842
69842
69842
69842
69841
69841
69841
69841
69840
69840
69840
69840
69839
69839
69839
69839
69838
69838
69838
69838
69837
69837
69837
69836
69836
69836
69836
69835
69835
69835
69835
69834
69834
69834
69834
69833
69832
69832
69832
69831
69831
69831
69830
69830
69830
69830
69829
69829
69829
69829
69828
69828
69828
69828
69827
69827
69827
69827
69827
69826
69826
69826
69826
69825
69825
69825
69825
69824
69824
69824
69824
69823
69823
69823
69823
69822
69822
69822
69821
69821
69821
69821
69820
69820
69820
69820
69819
69819
69819
69819
69818
69818
69818
69815
69814
69811
69810
69809
69807
69807
69807
69806
69806
69806
69806
69805
69805
69805
69805
69804
69803
69803
69802
69802
69802
69802
69801
69801
69800
69800
69799
69799
69799
69799
69798
69798
69798
69798
69797
69797
69797
69797
69796
69795
69795
69793
69793
69792
69792
69792
69792
69791
69791
69775
69775
69774
69774
69774
69773
69773
69773
69773
69772
69772
69772
69772
69770
69770
69770
69769
69769
69769
69769
69768
69768
69768
69768
69767
69767
69767
69767
69766
69766
69766
69766
69765
69765
69765
69765
69763
69763
69762
69762
69762
69762
69761
69761
69761
69761
69760
69760
69760
69760
69759
69759
69759
69759
69758
69758
69758
69756
69756
69756
69756
69755
69755
69755
69755
69754
69754
69754
69754
69753
69753
69753
69753
69752
69752
69752
69750
69750
69750
69750
69749
69749
69749
69749
69748
69748
69748
69748
69747
69747
69747
69747
69746
69746
69746
69746
69745
69745
69745
69745
69744
69744
69744
69744
69743
69743
69743
69743
69742
69742
69742
69742
69741
69741
69741
69741
69740
69740
69740
69740
69739
69739
69739
69739
69738
69738
69738
69738
69737
69737
69737
69737
69736
69736
69736
69735
69735
69735
69735
69734
69734
69734
69732
69730
69727
69726
69724
69723
69722
69722
69722
69722
69721
69720
69719
69719
69719
69719
69718
69718
69718
69716
69716
69715
69715
69715
69715
69714
69714
69714
69714
69713
69713
69713
69713
69712
69711
69711
69709
69709
69709
69708
69708
69708
69708
69707
69707
69707
69707
69706
69706
69706
69705
69705
69705
69705
69704
69704
69704
69702
69702
69702
69702
69701
69701
69701
69699
69699
69699
69699
69698
69698
69698
69698
69697
69697
69697
69697
69696
69696
69696
69696
69694
69694
69694
69693
69693
69693
69693
69692
69692
69692
69692
69691
69691
69691
69691
69690
69690
69690
69690
69689
69689
69688
69687
69686
69685
69685
69685
69684
69684
69683
69683
69683
69682
69682
69682
69682
69681
69680
69680
69679
69679
69679
69678
69678
69678
69678
69678
69677
69677
69677
69677
69676
69676
69676
69676
69675
69675
69675
69675
69674
69674
69674
69674
69673
69673
69673
69673
69672
69672
69672
69672
69671
69671
69671
69671
69670
69670
69670
69670
69669
69669
69669
69669
69668
69668
69668
69668
69667
69667
69667
69667
69666
69666
69666
69666
69665
69665
69665
69665
69664
69664
69664
69664
69663
69663
69663
69663
69662
69662
69662
69662
69661
69660
69658
69657
69655
69654
69652
69651
69651
69651
69651
69650
69650
69650
69648
69648
69648
69648
69647
69647
69647
69647
69646
69646
69646
69646
69645
69645
69645
69644
69643
69642
69641
69641
69641
69640
69640
69640
69640
69639
69639
69639
69639
69638
69638
69638
69638
69637
69637
69637
69637
69636
69635
69635
69634
69634
69634
69633
69633
69633
69633
69632
69632
69632
69632
69631
69631
69631
69631
69630
69630
69630
69630
69629
69629
69628
69627
69627
69627
69627
69626
69626
69626
69626
69625
69625
69625
69625
69624
69624
69624
69624
69623
69623
69623
69623
69621
69621
69619
69619
69619
69619
69618
69618
69618
69618
69617
69617
69617
69616
69615
69615
69615
69614
69614
69614
69614
69613
69613
69613
69613
69612
69612
69612
69612
69611
69611
69611
69611
69609
69609
69609
69608
69608
69608
69608
69607
69607
69607
69607
69606
69606
69606
69606
69605
69605
69605
69605
69604
69604
69604
69604
69603
69603
69603
69603
69602
69602
69602
69602
69601
69601
69601
69601
69600
69600
69600
69600
69599
69599
69599
69599
69598
69598
69598
69598
69597
69597
69597
69597
69596
69596
69596
69596
69595
69595
69595
69595
69594
69594
69594
69594
69593
69592
69589
69588
69585
69584
69581
69581
69579
69579
69579
69579
69578
69578
69578
69578
69577
69577
69577
69577
69576
69576
69576
69574
69574
69573
69573
69572
69572
69572
69572
69571
69571
69571
69571
69570
69570
69570
69569
69569
69569
69569
69568
69568
69568
69568
69566
69566
69566
69565
69565
69565
69565
69564
69564
69564
69564
69563
69563
69563
69563
69562
69562
69562
69562
69561
69561
69561
69561
69559
69559
69559
69558
69558
69558
69558
69557
69557
69557
69557
69556
69556
69556
69556
69555
69555
69555
69555
69554
69554
69553
69552
69551
69551
69551
69550
69550
69550
69550
69549
69548
69548
69547
69547
69547
69547
69546
69546
69546
69546
69545
69545
69545
69545
69544
69544
69544
69544
69543
69543
69543
69543
69542
69542
69542
69542
69541
69541
69541
69541
69540
69540
69540
69540
69539
69539
69539
69539
69538
69538
69538
69538
69537
69537
69537
69537
69536
69536
69536
69536
69535
69535
69535
69535
69534
69534
69534
69534
69533
69533
69533
69532
69532
69532
69532
69531
69531
69531
69531
69530
69530
69530
69530
69529
69529
69529
69529
69528
69528
69528
69528
69527
69527
69527
69527
69526
69526
69526
69526
69525
69525
69525
69525
69522
69519
69517
69516
69514
69513
69512
69512
69512
69512
69511
69511
69511
69511
69510
69510
69509
69508
69506
69506
69506
69506
69505
69505
69505
69505
69504
69504
69504
69504
69503
69503
69503
69503
69502
69502
69502
69502
69501
69500
69499
69499
69499
69499
69498
69498
69498
69498
69497
69497
69497
69497
69496
69496
69496
69496
69495
69495
69495
69495
69494
69494
69493
69492
69492
69492
69492
69491
69491
69491
69490
69490
69490
69490
69489
69489
69489
69489
69488
69488
69488
69488
69487
69486
69486
69484
69484
69484
69483
69483
69482
69481
69481
69481
69481
69480
69480
69480
69480
69479
69478
69478
69477
69477
69477
69477
69476
69476
69476
69476
69475
69475
69475
69475
69474
69474
69474
69474
69473
69473
69473
69473
69472
69472
69472
69472
69471
69471
69471
69471
69470
69470
69470
69470
69469
69469
69469
69469
69468
69468
69468
69468
69467
69467
69467
69467
69466
69466
69466
69466
69465
69465
69465
69465
69464
69464
69464
69464
69463
69463
69463
69463
69462
69462
69462
69462
69461
69461
69461
69461
69460
69460
69460
69460
69459
69459
69459
69459
69458
69458
69458
69458
69457
69457
69457
69457
69456
69456
69456
69456
69455
69455
69454
69451
69449
69448
69446
69445
69444
69444
69444
69444
69442
69442
69441
69440
69440
69440
69440
69439
69439
69438
69438
69437
69437
69437
69436
69436
69433
69433
69432
69432
69431
69431
69431
69428
69428
69427
69427
69427
69426
69426
69425
69425
69425
69424
69424
69424
69423
69423
69422
69422
69422
69421
69421
69421
69420
69420
69418
69417
69417
69417
69416
69416
69415
69415
69369
69368
69368
69367
69367
69367
69367
69366
69366
69366
69366
69365
69365
69364
69363
69362
69362
69360
69360
69359
69359
69359
69359
69358
69358
69358
69358
69357
69357
69357
69355
69355
69355
69354
69354
69354
69354
69353
69352
69352
69351
69351
69351
69351
69350
69350
69350
69350
69349
69349
69349
69349
69348
69348
69348
69348
69347
69347
69347
69347
69346
69346
69346
69346
69345
69345
69345
69345
69344
69344
69344
69344
69343
69343
69343
69343
69342
69342
69342
69342
69341
69341
69341
69341
69340
69340
69340
69340
69339
69339
69339
69339
69338
69338
69338
69338
69337
69337
69337
69337
69336
69336
69336
69336
69335
69335
69335
69335
69334
69334
69334
69334
69334
69333
69333
69333
69333
69332
69332
69332
69331
69331
69331
69331
69330
69330
69330
69330
69328
69326
69325
69324
69321
69320
69318
69318
69318
69318
69317
69317
69317
69317
69316
69316
69316
69316
69315
69315
69315
69315
69314
69314
69314
69314
69313
69312
69312
69311
69311
69311
69311
69310
69310
69310
69310
69309
69309
69309
69309
69308
69308
69308
69308
69307
69307
69307
69307
69306
69305
69305
69304
69304
69304
69304
69303
69303
69303
69303
69302
69302
69302
69302
69301
69301
69301
69301
69300
69300
69300
69298
69297
69296
69295
69295
69295
69295
69294
69294
69294
69294
69293
69293
69293
69293
69292
69292
69291
69290
69290
69290
69290
69289
69289
69289
69287
69287
69287
69287
69286
69286
69286
69286
69285
69285
69285
69285
69284
69284
69284
69284
69283
69283
69283
69283
69282
69282
69282
69282
69281
69281
69281
69281
69280
69280
69280
69280
69278
69278
69278
69277
69277
69277
69277
69276
69276
69276
69276
69275
69275
69275
69275
69274
69274
69274
69274
69273
69273
69273
69273
69272
69272
69272
69272
69272
69271
69271
69271
69270
69270
69270
69270
69269
69269
69269
69269
69269
69268
69268
69268
69268
69267
69267
69267
69267
69266
69266
69266
69266
69265
69265
69265
69264
69264
69264
69264
69264
69263
69263
69263
69263
69258
69256
69255
69254
69252
69250
69250
69249
69249
69249
69249
69248
69248
69248
69248
69247
69247
69247
69247
69246
69246
69245
69244
69244
69244
69244
69243
69243
69243
69243
69242
69242
69242
69242
69241
69241
69241
69241
69240
69240
69240
69240
69239
69239
69238
69237
69237
69237
69237
69236
69236
69236
69236
69235
69235
69235
69235
69234
69234
69234
69234
69233
69233
69230
69230
69228
69228
69227
69227
69226
69226
69226
69225
69225
69225
69225
69224
69224
69224
69224
69223
69223
69222
69221
69221
69221
69221
69220
69220
69220
69219
69218
69218
69218
69217
69217
69217
69217
69216
69216
69216
69216
69215
69215
69215
69213
69213
69213
69213
69212
69212
69212
69212
69211
69211
69211
69211
69210
69210
69210
69209
69209
69209
69209
69208
69208
69208
69208
69207
69207
69207
69207
69206
69206
69206
69206
69205
69205
69205
69205
69204
69204
69204
69204
69203
69203
69203
69202
69202
69202
69201
69201
69201
69201
69171
69171
69171
69170
69170
69170
69170
69169
69169
69169
69169
69168
69168
69168
69168
69167
69167
69167
69167
69166
69166
69166
69166
69165
69165
69165
69165
69164
69164
69164
69164
69163
69163
69163
69163
69162
69162
69160
69158
69156
69155
69153
69152
69151
69150
69150
69150
69150
69149
69149
69148
69148
69148
69146
69146
69146
69146
69145
69145
69145
69145
69144
69144
69144
69144
69143
69143
69143
69142
69142
69142
69142
69141
69141
69141
69141
69139
69139
69139
69138
69138
69138
69138
69137
69137
69137
69137
69136
69136
69136
69136
69135
69134
69134
69134
69133
69133
69131
69131
69130
69129
69129
69129
69129
69128
69128
69128
69128
69127
69127
69127
69127
69126
69126
69125
69124
69124
69124
69124
69123
69123
69123
69122
69121
69121
69121
69121
69120
69120
69120
69119
69119
69119
69119
69118
69118
69118
69116
69116
69116
69115
69115
69115
69115
69114
69114
69114
69114
69113
69113
69113
69112
69112
69112
69112
69111
69111
69111
69111
69110
69110
69110
69110
69109
69109
69109
69109
69108
69108
69108
69108
69107
69107
69107
69107
69106
69106
69106
69106
69105
69105
69105
69105
69104
69104
69104
69104
69103
69103
69103
69103
69102
69102
69102
69102
69101
69101
69101
69101
69100
69100
69100
69100
69099
69099
69099
69099
69098
69098
69098
69098
69097
69097
69097
69097
69096
69096
69096
69096
69095
69093
69092
69092
69092
69092
69091
69091
69091
69091
69090
69089
69087
69086
69084
69083
69082
69081
69081
69081
69079
69079
69079
69079
69078
69078
69078
69078
69077
69077
69077
69077
69076
69076
69076
69075
69075
69075
69075
69074
69074
69074
69074
69072
69072
69072
69071
69071
69071
69071
69070
69070
69070
69070
69069
69069
69068
69068
69067
69067
69067
69066
69066
69066
69064
69064
69063
69062
69062
69062
69062
69061
69061
69061
69061
69059
69059
69059
69058
69058
69058
69056
69056
69056
69056
69055
69055
69055
69055
69053
69053
69052
69052
69052
69052
69051
69051
69051
69051
69050
69050
69050
69050
69049
69048
69048
69048
69047
69047
69047
69047
69046
69046
69046
69046
69045
69045
69045
69045
69044
69044
69044
69044
69043
69043
69043
69043
69042
69042
69042
69041
69041
69041
69041
69040
69040
69040
69040
69039
69039
69039
69039
69038
69038
69038
69038
69037
69037
69037
69037
69036
69036
69036
69036
69035
69035
69035
69035
69034
69034
69034
69034
69033
69033
69033
69033
69032
69032
69032
69032
69031
69031
69031
69031
69030
69030
69030
69030
69029
69029
69029
69029
69028
69028
69026
69026
69026
69026
69025
69025
69025
69025
69024
69024
69024
69024
69023
69023
69023
69023
69022
69022
69022
69019
69017
69016
69013
69012
69011
69010
69010
69010
69010
69009
69009
69009
69008
69008
69008
69008
69007
69007
69007
69007
69006
69006
69006
69006
69005
69004
69004
69003
69003
69003
69003
69002
69002
69002
69002
69000
69000
69000
68999
68999
68999
68999
68998
68998
68998
68998
68996
68996
68995
68994
68994
68994
68994
68993
68993
68993
68992
68992
68992
68992
68991
68991
68991
68989
68989
68989
68988
68988
68988
68988
68987
68986
68986
68986
68985
68985
68985
68985
68984
68984
68984
68984
68983
68983
68983
68983
68981
68981
68981
68980
68980
68980
68980
68979
68979
68979
68979
68978
68978
68978
68978
68977
68977
68977
68977
68976
68976
68976
68976
68975
68975
68975
68975
68974
68974
68974
68974
68973
68973
68973
68973
68972
68972
68972
68972
68971
68971
68968
68968
68968
68967
68967
68967
68967
68966
68966
68966
68966
68965
68965
68965
68965
68964
68964
68964
68964
68963
68963
68963
68963
68962
68962
68962
68962
68961
68961
68961
68961
68960
68960
68960
68960
68959
68958
68958
68957
68957
68957
68956
68956
68956
68955
68955
68955
68955
68954
68954
68954
68954
68953
68953
68953
68953
68952
68952
68952
68952
68951
68951
68951
68951
68949
68947
68946
68944
68943
68942
68941
68941
68941
68940
68940
68940
68940
68939
68939
68939
68939
68938
68938
68938
68936
68936
68936
68935
68935
68935
68935
68933
68933
68933
68933
68932
68932
68932
68932
68931
68931
68931
68931
68930
68930
68929
68928
68927
68926
68926
68926
68926
68925
68925
68925
68925
68924
68924
68924
68924
68923
68923
68922
68922
68921
68921
68921
68920
68920
68920
68918
68918
68918
68918
68917
68917
68917
68917
68916
68916
68916
68916
68915
68915
68915
68913
68913
68912
68912
68912
68912
68911
68911
68911
68911
68910
68910
68910
68909
68909
68909
68909
68908
68908
68908
68908
68907
68907
68906
68905
68905
68905
68904
68904
68904
68904
68903
68903
68903
68903
68902
68902
68902
68902
68901
68901
68901
68900
68900
68900
68900
68899
68899
68899
68899
68898
68898
68898
68898
68897
68897
68897
68897
68896
68896
68896
68896
68895
68895
68895
68895
68894
68894
68894
68894
68893
68893
68893
68893
68891
68891
68890
68890
68890
68890
68889
68889
68889
68889
68888
68888
68888
68888
68887
68887
68887
68886
68886
68886
68886
68885
68885
68885
68885
68884
68884
68884
68884
68883
68883
68883
68883
68882
68882
68882
68882
68879
68877
68875
68874
68872
68870
68870
68870
68870
68869
68869
68869
68869
68868
68867
68867
68866
68866
68864
68864
68864
68864
68863
68863
68863
68863
68862
68862
68862
68862
68861
68861
68861
68861
68860
68859
68859
68857
68857
68857
68856
68856
68856
68856
68855
68855
68855
68854
68854
68854
68854
68854
68852
68852
68851
68851
68851
68851
68850
68850
68849
68848
68848
68848
68848
68847
68847
68847
68847
68846
68846
68846
68846
68845
68845
68843
68843
68843
68842
68842
68842
68842
68841
68841
68841
68841
68840
68840
68840
68840
68839
68839
68839
68839
68838
68838
68838
68838
68835
68835
68835
68834
68834
68834
68834
68833
68833
68833
68833
68832
68832
68832
68832
68831
68831
68831
68831
68830
68830
68830
68830
68829
68829
68829
68829
68828
68828
68828
68828
68827
68827
68827
68827
68826
68826
68826
68826
68825
68825
68825
68825
68824
68824
68824
68824
68823
68822
68822
68821
68821
68821
68821
68820
68820
68820
68820
68819
68819
68819
68819
68818
68818
68818
68818
68817
68817
68817
68817
68816
68816
68816
68816
68815
68815
68815
68815
68814
68814
68814
68814
68813
68813
68813
68813
68812
68812
68812
68812
68811
68811
68811
68811
68809
68808
68806
68805
68803
68802
68802
68801
68800
68799
68798
68798
68798
68798
68797
68797
68797
68797
68796
68796
68796
68796
68795
68795
68795
68795
68794
68794
68794
68792
68792
68768
68767
68767
68766
68766
68765
68765
68765
68764
68764
68764
68763
68763
68763
68762
68761
68760
68760
68760
68759
68759
68759
68759
68757
68756
68756
68756
68755
68755
68755
68754
68754
68754
68752
68752
68752
68751
68751
68750
68749
68749
68749
68749
68748
68748
68747
68747
68747
68747
68746
68746
68746
68746
68745
68745
68745
68745
68744
68744
68744
68744
68742
68742
68742
68741
68741
68741
68741
68740
68740
68740
68740
68739
68739
68739
68739
68738
68738
68738
68738
68737
68737
68737
68737
68736
68736
68736
68736
68735
68735
68735
68735
68734
68734
68734
68734
68733
68733
68733
68733
68732
68732
68732
68732
68731
68731
68730
68729
68729
68729
68729
68728
68728
68728
68728
68727
68727
68727
68727
68726
68726
68726
68726
68725
68725
68725
68725
68724
68724
68724
68724
68723
68723
68723
68723
68722
68722
68722
68722
68721
68721
68721
68721
68720
68720
68720
68720
68719
68719
68719
68719
68718
68718
68718
68718
68717
68717
68717
68717
68716
68716
68714
68713
68710
68709
68706
68705
68704
68704
68704
68704
68703
68703
68702
68702
68702
68702
68701
68701
68701
68701
68700
68700
68700
68698
68698
68697
68696
68696
68696
68695
68695
68695
68695
68694
68694
68694
68694
68693
68693
68693
68691
68691
68691
68691
68690
68690
68690
68690
68688
68688
68688
68687
68687
68687
68687
68686
68686
68686
68686
68685
68685
68685
68685
68683
68683
68682
68682
68682
68682
68681
68681
68681
68681
68680
68680
68680
68680
68679
68679
68679
68679
68678
68678
68678
68678
68677
68676
68676
68675
68675
68675
68675
68674
68674
68674
68674
68673
68673
68673
68672
68672
68672
68672
68671
68671
68671
68671
68668
68668
68667
68667
68667
68667
68666
68666
68666
68666
68665
68665
68665
68665
68664
68664
68664
68664
68663
68663
68663
68660
68660
68660
68659
68659
68659
68658
68658
68658
68658
68657
68657
68657
68656
68656
68656
68656
68655
68655
68655
68655
68654
68654
68654
68654
68653
68653
68653
68652
68652
68652
68652
68651
68651
68651
68651
68650
68650
68650
68650
68649
68649
68649
68649
68648
68648
68648
68648
68647
68647
68647
68647
68646
68646
68646
68645
68645
68645
68645
68645
68644
68644
68644
68644
68642
68641
68639
68637
68635
68633
68632
68632
68632
68631
68631
68631
68631
68630
68630
68630
68630
68628
68628
68627
68626
68626
68626
68626
68625
68625
68625
68625
68624
68624
68624
68623
68623
68623
68622
68621
68621
68621
68620
68620
68620
68620
68618
68618
68618
68618
68617
68617
68617
68617
68616
68616
68616
68616
68615
68615
68615
68613
68613
68613
68613
68612
68612
68612
68612
68611
68611
68611
68611
68610
68610
68610
68610
68609
68609
68609
68609
68608
68608
68608
68606
68606
68606
68605
68605
68605
68605
68604
68604
68604
68604
68603
68603
68603
68602
68602
68602
68602
68601
68601
68601
68599
68599
68598
68597
68597
68597
68597
68596
68596
68596
68596
68595
68595
68595
68595
68594
68594
68594
68592
68592
68592
68591
68591
68591
68591
68590
68590
68590
68590
68589
68589
68589
68589
68588
68588
68588
68588
68587
68587
68587
68587
68586
68586
68586
68586
68585
68585
68585
68584
68584
68584
68584
68583
68583
68583
68583
68582
68582
68582
68582
68581
68581
68581
68581
68580
68580
68580
68580
68579
68579
68579
68579
68578
68578
68578
68578
68577
68577
68577
68577
68577
68576
68576
68576
68576
68575
68575
68575
68575
68574
68574
68571
68570
68568
68567
68565
68563
68563
68563
68562
68562
68562
68561
68560
68559
68559
68558
68558
68558
68558
68557
68557
68557
68557
68556
68556
68556
68556
68555
68554
68553
68553
68553
68553
68552
68552
68552
68550
68550
68550
68550
68549
68549
68549
68548
68548
68548
68548
68547
68547
68547
68547
68545
68545
68545
68544
68544
68544
68544
68543
68543
68543
68543
68542
68542
68542
68542
68542
68541
68541
68541
68540
68540
68540
68540
68538
68538
68538
68537
68537
68537
68537
68536
68536
68536
68536
68535
68535
68535
68535
68534
68534
68534
68534
68533
68533
68531
68530
68529
68529
68528
68528
68528
68528
68527
68527
68527
68527
68526
68526
68526
68524
68524
68524
68523
68523
68523
68523
68522
68522
68522
68522
68521
68521
68521
68521
68520
68520
68520
68520
68519
68519
68519
68519
68518
68518
68518
68518
68517
68517
68517
68517
68516
68516
68516
68516
68515
68515
68515
68515
68514
68514
68514
68514
68513
68513
68513
68513
68512
68512
68512
68512
68511
68511
68511
68511
68510
68510
68510
68510
68509
68509
68509
68509
68508
68508
68508
68508
68507
68507
68507
68507
68506
68506
68506
68506
68505
68505
68505
68505
68504
68504
68504
68502
68501
68499
68498
68496
68494
68494
68492
68492
68492
68491
68491
68491
68491
68490
68490
68490
68490
68489
68489
68489
68489
68487
68487
68486
68486
68486
68486
68485
68485
68484
68483
68483
68483
68483
68482
68482
68482
68482
68481
68481
68481
68481
68480
68480
68479
68478
68478
68478
68478
68477
68477
68477
68477
68476
68476
68476
68476
68475
68475
68475
68475
68475
68474
68473
68472
68472
68472
68470
68470
68470
68470
68469
68469
68469
68469
68468
68468
68468
68468
68467
68467
68467
68467
68466
68466
68466
68466
68465
68464
68463
68462
68462
68461
68461
68461
68461
68460
68460
68460
68460
68458
68458
68458
68457
68457
68457
68457
68456
68456
68456
68456
68455
68455
68455
68455
68454
68454
68454
68454
68453
68453
68453
68453
68452
68452
68452
68452
68451
68451
68451
68451
68450
68450
68450
68450
68449
68449
68449
68449
68448
68448
68448
68448
68447
68447
68447
68447
68446
68446
68446
68446
68445
68445
68445
68445
68444
68444
68444
68444
68443
68443
68443
68443
68442
68442
68442
68442
68441
68441
68441
68441
68440
68440
68440
68440
68439
68439
68439
68439
68438
68438
68438
68438
68437
68437
68437
68437
68436
68436
68436
68435
68434
68431
68429
68428
68426
68425
68424
68424
68424
68424
68423
68423
68423
68423
68422
68422
68421
68420
68420
68420
68420
68419
68419
68419
68418
68417
68417
68417
68417
68416
68416
68416
68416
68415
68415
68415
68415
68414
68414
68413
68412
68412
68412
68412
68411
68411
68411
68411
68410
68410
68410
68410
68409
68409
68409
68409
68408
68408
68408
68408
68407
68407
68406
68405
68405
68405
68405
68404
68404
68404
68404
68403
68403
68403
68403
68402
68402
68402
68402
68401
68401
68401
68401
68399
68399
68396
68396
68396
68396
68395
68395
68395
68393
68393
68393
68393
68392
68392
68392
68392
68391
68391
68391
68391
68390
68390
68389
68388
68388
68388
68388
68387
68387
68386
68386
68386
68386
68385
68385
68385
68385
68384
68384
68384
68384
68383
68383
68383
68382
68381
68381
68381
68380
68380
68380
68380
68379
68379
68379
68379
68378
68378
68378
68378
68377
68377
68377
68377
68376
68376
68376
68376
68375
68375
68375
68375
68375
68374
68374
68373
68373
68373
68373
68372
68372
68372
68372
68371
68371
68371
68370
68370
68370
68370
68369
68369
68369
68369
68368
68368
68368
68368
68367
68367
68367
68367
68366
68366
68366
68366
68365
68365
68363
68361
68360
68358
68357
68355
68355
68355
68354
68354
68352
68352
68352
68351
68351
68351
68351
68350
68349
68349
68349
68348
68348
68348
68348
68347
68347
68347
68347
68346
68346
68346
68346
68344
68344
68344
68343
68343
68343
68343
68342
68342
68342
68342
68341
68341
68341
68341
68340
68340
68340
68340
68339
68339
68339
68339
68337
68337
68336
68336
68336
68336
68335
68335
68335
68335
68334
68334
68334
68334
68333
68333
68333
68333
68332
68332
68332
68330
68330
68329
68328
68328
68328
68326
68326
68326
68325
68325
68325
68325
68324
68324
68324
68324
68323
68323
68323
68323
68322
68322
68321
68320
68319
68319
68318
68318
68318
68318
68317
68317
68317
68317
68316
68316
68316
68316
68315
68315
68315
68315
68314
68314
68314
68314
68313
68313
68313
68313
68312
68312
68312
68312
68311
68311
68311
68311
68310
68310
68310
68310
68309
68309
68309
68309
68308
68308
68308
68308
68307
68307
68307
68306
68306
68306
68306
68305
68305
68305
68305
68304
68304
68304
68304
68303
68303
68303
68303
68302
68302
68302
68302
68301
68301
68301
68301
68300
68300
68300
68300
68299
68299
68299
68299
68298
68298
68298
68298
68297
68297
68297
68297
68296
68294
68292
68291
68289
68287
68285
68285
68285
68285
68284
68284
68284
68282
68282
68282
68282
68281
68281
68281
68281
68280
68280
68280
68280
68279
68279
68279
68277
68277
68277
68277
68276
68276
68276
68276
68275
68275
68275
68275
68274
68274
68274
68274
68273
68273
68273
68273
68272
68272
68272
68270
68270
68270
68270
68269
68269
68269
68269
68268
68268
68268
68268
68267
68267
68267
68267
68266
68266
68266
68265
68265
68264
68263
68261
68259
68259
68259
68259
68258
68258
68258
68258
68257
68257
68257
68257
68256
68256
68256
68256
68255
68255
68255
68255
68253
68253
68251
68251
68251
68250
68250
68250
68250
68249
68249
68249
68249
68248
68248
68248
68248
68247
68247
68247
68247
68246
68246
68246
68246
68246
68245
68245
68245
68245
68244
68244
68244
68244
68243
68243
68243
68243
68242
68242
68242
68242
68241
68241
68241
68241
68240
68240
68240
68240
68239
68239
68239
68239
68238
68238
68238
68238
68237
68237
68237
68236
68236
68236
68236
68235
68235
68235
68234
68234
68234
68234
68233
68233
68233
68232
68232
68232
68232
68231
68231
68231
68231
68230
68230
68230
68229
68229
68229
68229
68228
68228
68228
68228
68227
68227
68227
68227
68225
68223
68221
68220
68218
68216
68215
68214
68214
68214
68214
68213
68213
68213
68213
68212
68212
68212
68212
68211
68211
68209
68209
68209
68209
68208
68208
68208
68208
68207
68207
68207
68207
68206
68206
68206
68206
68205
68205
68205
68205
68204
68204
68204
68202
68202
68202
68202
68201
68201
68201
68201
68200
68200
68200
68200
68199
68199
68199
68199
68198
68198
68198
68198
68196
68193
68193
68192
68192
68191
68191
68191
68191
68190
68190
68190
68189
68189
68189
68188
68188
68188
68188
68187
68187
68187
68187
68186
68185
68184
68183
68183
68182
68182
68182
68182
68181
68181
68181
68181
68180
68180
68180
68180
68179
68179
68179
68179
68178
68178
68178
68178
68177
68177
68177
68177
68176
68176
68176
68176
68175
68175
68175
68175
68174
68174
68174
68174
68173
68173
68173
68173
68172
68172
68172
68172
68171
68171
68171
68171
68170
68170
68170
68170
68169
68169
68169
68169
68168
68168
68168
68168
68167
68167
68167
68167
68166
68166
68166
68166
68165
68165
68165
68165
68164
68164
68164
68164
68163
68163
68163
68163
68162
68162
68162
68162
68161
68161
68161
68161
68160
68160
68160
68160
68159
68159
68159
68159
68158
68158
68158
68158
68155
68154
68152
68151
68149
68148
68147
68147
68147
68147
68146
68146
68146
68146
68145
68144
68144
68143
68143
68143
68143
68142
68142
68142
68142
68141
68141
68141
68141
68140
68140
68140
68140
68139
68139
68139
68139
68138
68137
68136
68136
68136
68136
68135
68135
68135
68135
68134
68134
68134
68134
68133
68133
68133
68133
68132
68131
68130
68130
68129
68128
68126
68126
68125
68125
68125
68125
68124
68124
68124
68124
68123
68123
68123
68123
68122
68122
68122
68122
68121
68121
68121
68119
68119
68117
68117
68117
68117
68116
68116
68116
68116
68115
68115
68115
68115
68114
68114
68114
68114
68113
68113
68113
68113
68112
68111
68111
68110
68110
68110
68110
68109
68109
68109
68108
68108
68108
68107
68107
68107
68107
68106
68106
68106
68106
68105
68105
68105
68103
68103
68103
68103
68102
68102
68102
68102
68101
68101
68101
68101
68100
68100
68100
68100
68099
68099
68099
68099
68098
68098
68098
68098
68097
68097
68097
68097
68096
68096
68096
68096
68095
68095
68095
68095
68094
68094
68094
68094
68093
68093
68093
68093
68092
68092
68092
68092
68091
68091
68091
68091
68090
68090
68090
68090
68088
68088
68088
68087
68087
68087
68087
68086
68085
68083
68082
68080
68078
68077
68076
68076
68076
68074
68074
68074
68073
68073
68073
68073
68072
68072
68072
68072
68071
68071
68071
68071
68070
68070
68070
68070
68069
68069
68069
68069
68067
68067
68067
68066
68066
68066
68066
68065
68065
68065
68065
68064
68064
68064
68064
68062
68062
68062
68061
68061
68061
68059
68059
68058
68057
68057
68057
68056
68056
68056
68056
68055
68055
68055
68055
68054
68054
68054
68054
68053
68053
68053
68053
68052
68051
68051
68049
68049
68049
68048
68048
68048
68048
68047
68047
68047
68047
68046
68046
68046
68046
68045
68045
68045
68045
68044
68044
68043
68042
68042
68042
68042
68041
68041
68041
68041
68040
68040
68040
68040
68039
68039
68039
68039
68038
68038
68038
68037
68037
68037
68037
68036
68036
68036
68036
68035
68035
68035
68035
68034
68034
68034
68034
68033
68033
68033
68033
68032
68032
68032
68032
68031
68031
68031
68031
68030
68029
68029
68029
68029
68028
68028
68028
68028
68027
68027
68027
68027
68026
68026
68026
68026
68025
68025
68025
68025
68024
68024
68024
68024
68023
68023
68023
68021
68021
68021
68020
68020
68020
68020
68019
68019
68019
68019
68018
68018
68018
68018
68017
68017
68014
68013
68012
68009
68008
68006
68006
68006
68005
68005
68005
68005
68004
68004
68004
68004
68003
68003
68003
68003
68002
68002
68002
68002
68001
68001
68000
67999
67999
67999
67999
67998
67998
67998
67998
67997
67997
67997
67995
67995
67995
67994
67994
67994
67994
67993
67993
67991
67990
67989
67989
67988
67988
67988
67988
67987
67987
67987
67987
67986
67986
67986
67986
67985
67985
67985
67985
67984
67984
67984
67982
67982
67980
67980
67980
67980
67979
67979
67979
67979
67978
67978
67978
67978
67977
67977
67977
67977
67976
67976
67976
67976
67975
67974
67974
67973
67973
67973
67973
67972
67972
67972
67972
67971
67971
67971
67971
67970
67970
67970
67970
67969
67969
67969
67969
67968
67968
67968
67968
67967
67967
67967
67967
67966
67966
67966
67965
67965
67965
67964
67964
67964
67963
67963
67963
67963
67962
67962
67962
67962
67961
67961
67961
67961
67960
67960
67960
67960
67959
67959
67959
67959
67958
67958
67958
67958
67957
67957
67957
67957
67956
67956
67956
67956
67955
67955
67954
67953
67953
67953
67953
67952
67952
67952
67951
67951
67951
67951
67951
67950
67950
67950
67950
67949
67949
67949
67949
67948
67948
67948
67948
67947
67946
67944
67941
67940
67939
67937
67936
67936
67936
67936
67935
67935
67935
67935
67934
67934
67934
67934
67933
67933
67931
67931
67930
67930
67930
67930
67929
67929
67929
67927
67927
67927
67927
67926
67926
67926
67926
67925
67925
67925
67925
67923
67923
67921
67921
67921
67921
67920
67920
67920
67919
67919
67919
67918
67918
67918
67918
67917
67917
67917
67917
67916
67916
67916
67913
67913
67911
67911
67911
67911
67910
67910
67910
67910
67909
67909
67909
67909
67908
67908
67908
67907
67907
67907
67907
67907
67906
67905
67905
67904
67904
67904
67904
67903
67903
67903
67903
67902
67902
67902
67902
67901
67901
67901
67901
67900
67900
67900
67899
67899
67899
67899
67898
67898
67898
67898
67897
67897
67897
67897
67896
67896
67896
67896
67895
67895
67895
67894
67894
67894
67894
67893
67893
67893
67893
67892
67892
67892
67892
67891
67891
67891
67891
67890
67890
67890
67890
67889
67889
67889
67889
67888
67888
67888
67888
67887
67887
67886
67885
67885
67885
67885
67884
67884
67884
67883
67883
67883
67883
67882
67882
67882
67882
67881
67881
67881
67881
67880
67880
67880
67880
67879
67879
67879
67879
67878
67878
67878
67878
67877
67877
67877
67875
67874
67872
67871
67870
67868
67868
67868
67867
67867
67867
67867
67866
67866
67865
67864
67864
67864
67864
67863
67862
67862
67862
67861
67861
67861
67861
67860
67860
67860
67860
67859
67859
67859
67859
67857
67857
67854
67854
67853
67853
67853
67853
67852
67852
67852
67852
67851
67851
67851
67851
67850
67850
67850
67850
67849
67849
67849
67848
67847
67846
67845
67845
67845
67845
67844
67844
67844
67844
67843
67843
67843
67843
67842
67842
67842
67842
67841
67841
67841
67841
67839
67839
67839
67838
67838
67838
67838
67837
67837
67837
67837
67836
67836
67836
67836
67835
67835
67834
67833
67833
67833
67833
67832
67832
67832
67832
67831
67831
67831
67830
67830
67830
67830
67829
67829
67829
67829
67828
67828
67828
67828
67827
67827
67827
67827
67826
67826
67824
67824
67824
67824
67823
67823
67823
67823
67822
67822
67822
67822
67821
67821
67821
67821
67820
67820
67820
67820
67818
67818
67818
67817
67817
67817
67817
67816
67816
67816
67816
67815
67815
67815
67815
67814
67814
67814
67814
67813
67813
67813
67812
67812
67812
67812
67811
67811
67811
67811
67811
67810
67810
67810
67809
67809
67809
67809
67809
67808
67808
67808
67808
67807
67806
67804
67803
67801
67800
67798
67798
67798
67796
67796
67795
67794
67794
67794
67793
67793
67793
67793
67792
67792
67792
67792
67791
67775
67775
67775
67774
67774
67774
67772
67772
67770
67770
67770
67769
67769
67769
67769
67768
67768
67768
67768
67767
67767
67767
67767
67766
67766
67766
67766
67765
67765
67763
67763
67762
67762
67761
67761
67761
67760
67760
67760
67760
67759
67759
67759
67759
67758
67758
67758
67758
67757
67757
67757
67757
67755
67755
67755
67754
67754
67754
67754
67753
67753
67753
67753
67752
67752
67752
67752
67751
67751
67750
67749
67749
67749
67749
67748
67748
67748
67748
67747
67747
67747
67747
67746
67746
67746
67746
67745
67745
67745
67745
67744
67744
67744
67744
67743
67743
67743
67743
67742
67742
67742
67742
67741
67741
67741
67741
67740
67740
67740
67740
67739
67739
67739
67739
67738
67738
67736
67736
67736
67736
67735
67735
67735
67735
67734
67734
67734
67733
67733
67733
67733
67732
67732
67732
67732
67731
67731
67731
67731
67730
67730
67730
67730
67729
67729
67729
67729
67728
67728
67728
67728
67727
67727
67727
67727
67726
67726
67726
67726
67725
67725
67725
67725
67724
67724
67724
67724
67723
67723
67719
67717
67715
67713
67712
67711
67710
67710
67710
67709
67709
67709
67709
67708
67708
67708
67708
67707
67707
67707
67707
67706
67706
67705
67704
67702
67702
67701
67701
67701
67701
67700
67700
67700
67700
67699
67699
67699
67699
67698
67698
67698
67698
67697
67697
67697
67695
67695
67694
67693
67693
67693
67693
67692
67692
67692
67692
67691
67691
67691
67691
67690
67690
67690
67690
67689
67689
67689
67688
67687
67687
67687
67686
67686
67686
67686
67685
67685
67685
67684
67684
67684
67684
67683
67683
67683
67682
67681
67681
67681
67680
67680
67680
67680
67680
67679
67679
67679
67679
67678
67678
67678
67677
67677
67677
67677
67676
67675
67675
67675
67674
67674
67674
67673
67673
67673
67673
67673
67672
67672
67672
67672
67671
67671
67671
67671
67670
67670
67670
67670
67668
67668
67668
67667
67667
67667
67667
67666
67666
67666
67666
67665
67665
67665
67665
67664
67664
67664
67664
67663
67663
67663
67663
67662
67662
67662
67662
67661
67661
67661
67661
67660
67660
67660
67660
67659
67659
67659
67659
67658
67658
67658
67658
67657
67657
67657
67657
67656
67656
67656
67656
67655
67655
67655
67655
67654
67654
67654
67654
67653
67653
67653
67651
67650
67648
67647
67645
67644
67644
67643
67643
67643
67643
67642
67642
67642
67642
67641
67641
67640
67639
67638
67638
67637
67637
67637
67636
67636
67636
67636
67635
67635
67635
67635
67634
67634
67634
67634
67633
67633
67633
67633
67631
67631
67629
67629
67629
67629
67628
67628
67627
67627
67627
67627
67626
67626
67626
67626
67626
67625
67625
67625
67625
67624
67624
67623
67621
67621
67620
67620
67620
67620
67619
67619
67619
67619
67618
67618
67618
67618
67617
67617
67616
67615
67615
67615
67615
67614
67614
67614
67614
67613
67613
67613
67613
67612
67612
67612
67612
67611
67611
67611
67611
67609
67609
67607
67607
67607
67606
67606
67606
67606
67605
67605
67605
67605
67604
67604
67604
67604
67603
67603
67603
67601
67601
67601
67600
67600
67600
67600
67599
67599
67599
67599
67598
67598
67598
67598
67597
67597
67597
67597
67596
67596
67596
67596
67595
67595
67595
67595
67594
67594
67594
67594
67593
67593
67593
67593
67592
67592
67592
67592
67592
67591
67591
67591
67591
67590
67590
67590
67590
67589
67589
67589
67589
67588
67588
67588
67588
67587
67587
67587
67587
67586
67586
67586
67586
67585
67585
67585
67585
67584
67584
67584
67582
67580
67579
67577
67576
67575
67574
67574
67574
67574
67573
67572
67572
67570
67570
67570
67570
67569
67569
67569
67568
67568
67568
67568
67567
67567
67567
67567
67567
67566
67566
67566
67566
67565
67563
67563
67561
67560
67560
67560
67560
67559
67559
67559
67559
67558
67558
67558
67558
67558
67557
67557
67557
67557
67556
67556
67556
67554
67554
67554
67553
67553
67553
67553
67552
67552
67552
67552
67551
67551
67551
67551
67550
67550
67549
67548
67548
67548
67548
67547
67547
67547
67547
67546
67546
67546
67546
67545
67545
67545
67545
67544
67544
67544
67544
67542
67542
67540
67540
67540
67539
67539
67539
67539
67538
67538
67538
67538
67537
67537
67537
67537
67535
67535
67534
67534
67534
67534
67533
67533
67533
67533
67532
67532
67532
67532
67531
67531
67530
67529
67529
67529
67529
67528
67528
67528
67528
67527
67527
67527
67527
67526
67526
67526
67526
67525
67525
67525
67525
67524
67524
67524
67524
67523
67523
67523
67523
67522
67522
67522
67522
67521
67521
67521
67521
67520
67520
67520
67520
67519
67519
67519
67519
67518
67518
67518
67518
67517
67517
67517
67517
67516
67516
67516
67516
67515
67515
67515
67515
67514
67514
67514
67512
67511
67509
67508
67506
67504
67504
67502
67502
67502
67501
67501
67501
67501
67500
67500
67500
67500
67499
67499
67499
67499
67498
67498
67498
67498
67497
67497
67496
67495
67494
67494
67493
67493
67493
67493
67492
67492
67492
67492
67491
67491
67491
67491
67490
67490
67490
67490
67489
67489
67489
67487
67487
67487
67487
67486
67486
67486
67486
67485
67485
67485
67485
67484
67484
67484
67484
67483
67482
67482
67481
67481
67481
67481
67480
67480
67480
67480
67479
67479
67479
67479
67478
67478
67478
67478
67477
67477
67477
67475
67475
67473
67473
67473
67472
67472
67472
67472
67471
67471
67471
67471
67470
67469
67469
67469
67468
67468
67468
67468
67467
67467
67467
67467
67466
67466
67466
67465
67465
67465
67465
67464
67464
67464
67464
67463
67463
67463
67463
67462
67462
67462
67462
67461
67461
67461
67461
67460
67460
67460
67460
67459
67459
67459
67459
67458
67458
67458
67458
67457
67457
67457
67457
67456
67456
67456
67456
67455
67455
67455
67455
67454
67454
67454
67454
67454
67453
67453
67453
67453
67452
67452
67452
67452
67451
67451
67451
67451
67450
67450
67450
67450
67449
67449
67449
67449
67448
67448
67448
67448
67447
67447
67444
67442
67440
67438
67437
67435
67435
67435
67434
67434
67434
67434
67433
67433
67433
67433
67432
67432
67432
67432
67431
67431
67429
67428
67427
67427
67426
67426
67426
67426
67425
67425
67425
67425
67424
67424
67424
67424
67423
67423
67423
67423
67422
67422
67422
67420
67420
67420
67420
67419
67419
67419
67419
67418
67418
67418
67418
67417
67417
67417
67417
67416
67415
67415
67414
67414
67414
67414
67413
67413
67412
67412
67412
67412
67411
67411
67411
67411
67410
67410
67410
67410
67409
67408
67408
67406
67406
67406
67405
67405
67405
67405
67404
67404
67403
67403
67402
67402
67402
67402
67401
67401
67401
67401
67400
67400
67399
67398
67398
67398
67398
67397
67397
67397
67397
67396
67396
67396
67396
67395
67395
67395
67395
67394
67394
67394
67394
67393
67393
67393
67393
67392
67392
67392
67392
67391
67391
67391
67391
67390
67390
67390
67389
67389
67389
67389
67388
67388
67388
67388
67387
67387
67387
67387
67386
67386
67386
67386
67385
67385
67385
67385
67384
67384
67384
67384
67383
67383
67383
67383
67382
67382
67382
67382
67381
67381
67381
67381
67380
67380
67380
67380
67379
67379
67379
67379
67378
67378
67378
67378
67377
67377
67376
67374
67373
67371
67370
67369
67368
67368
67368
67368
67367
67367
67367
67367
67366
67366
67365
67365
67363
67363
67363
67362
67362
67362
67362
67361
67361
67361
67361
67360
67360
67360
67360
67359
67359
67359
67359
67358
67358
67357
67356
67356
67356
67356
67355
67355
67355
67355
67354
67354
67354
67354
67353
67353
67353
67353
67351
67351
67351
67350
67350
67350
67350
67349
67348
67347
67347
67347
67347
67346
67346
67346
67346
67345
67345
67345
67345
67343
67343
67341
67341
67341
67341
67340
67340
67339
67339
67338
67338
67338
67338
67337
67337
67337
67337
67336
67336
67336
67336
67335
67334
67334
67332
67332
67332
67331
67331
67331
67331
67330
67330
67330
67330
67329
67329
67329
67329
67328
67328
67328
67328
67327
67327
67327
67327
67326
67326
67326
67326
67325
67325
67325
67325
67324
67324
67324
67324
67323
67323
67323
67323
67322
67322
67322
67322
67321
67321
67321
67321
67320
67320
67320
67320
67319
67319
67319
67319
67318
67318
67318
67318
67317
67317
67317
67317
67316
67316
67316
67316
67315
67315
67315
67315
67314
67314
67314
67314
67313
67313
67313
67313
67312
67312
67312
67312
67311
67311
67311
67311
67310
67310
67310
67308
67307
67305
67304
67302
67301
67301
67300
67300
67300
67298
67298
67295
67295
67295
67294
67294
67294
67294
67293
67293
67293
67293
67292
67292
67292
67292
67291
67291
67291
67291
67290
67290
67289
67288
67288
67288
67288
67287
67287
67287
67287
67286
67286
67286
67286
67285
67285
67285
67285
67283
67283
67283
67282
67282
67282
67282
67281
67281
67281
67281
67280
67280
67280
67280
67279
67279
67279
67279
67278
67278
67277
67276
67275
67275
67275
67273
67273
67273
67272
67272
67272
67272
67271
67271
67271
67271
67270
67270
67270
67270
67269
67269
67269
67267
67267
67266
67265
67265
67265
67265
67264
67264
67264
67264
67263
67263
67263
67263
67262
67262
67262
67262
67261
67261
67261
67261
67260
67260
67260
67260
67259
67259
67259
67259
67258
67258
67258
67256
67256
67256
67256
67255
67255
67255
67255
67254
67254
67254
67254
67253
67253
67253
67253
67252
67252
67252
67252
67251
67251
67251
67251
67250
67250
67250
67250
67249
67249
67249
67249
67248
67248
67247
67247
67247
67246
67246
67246
67245
67245
67245
67245
67244
67244
67244
67244
67243
67243
67243
67243
67242
67242
67242
67242
67241
67241
67241
67241
67240
67240
67240
67240
67238
67237
67235
67234
67231
67229
67228
67227
67227
67227
67227
67226
67226
67226
67226
67225
67225
67225
67225
67224
67224
67224
67224
67223
67223
67223
67223
67221
67221
67221
67221
67220
67220
67220
67220
67219
67219
67219
67218
67218
67218
67218
67217
67217
67216
67215
67215
67215
67215
67214
67214
67214
67214
67213
67213
67213
67213
67212
67212
67212
67212
67211
67211
67211
67211
67209
67209
67206
67206
67206
67205
67205
67205
67205
67204
67204
67204
67204
67203
67203
67203
67203
67202
67202
67202
67202
67201
67201
67200
67199
67198
67198
67197
67197
67197
67197
67196
67196
67196
67196
67195
67195
67195
67195
67194
67194
67194
67194
67193
67193
67193
67193
67192
67192
67192
67192
67191
67191
67191
67191
67190
67190
67190
67189
67189
67189
67189
67188
67188
67188
67188
67187
67187
67187
67187
67186
67186
67186
67186
67185
67185
67185
67185
67184
67184
67184
67184
67183
67183
67183
67183
67182
67182
67182
67182
67181
67181
67181
67181
67181
67180
67180
67180
67180
67179
67179
67179
67179
67178
67178
67178
67178
67177
67177
67177
67177
67176
67176
67176
67176
67175
67175
67175
67175
67174
67174
67174
67174
67173
67173
67173
67173
67169
67167
67166
67164
67163
67160
67160
67160
67160
67159
67159
67159
67159
67158
67158
67158
67157
67157
67157
67157
67156
67155
67155
67154
67154
67154
67154
67153
67153
67153
67153
67152
67152
67152
67152
67151
67151
67151
67149
67149
67149
67149
67148
67148
67148
67148
67147
67147
67147
67147
67146
67146
67146
67146
67145
67145
67145
67145
67143
67141
67141
67140
67139
67139
67139
67138
67138
67138
67137
67137
67137
67137
67136
67136
67136
67136
67135
67135
67135
67134
67134
67134
67132
67132
67131
67130
67130
67130
67130
67129
67129
67129
67129
67128
67128
67128
67128
67127
67127
67127
67127
67126
67126
67126
67126
67124
67124
67124
67123
67123
67123
67123
67122
67122
67122
67122
67121
67121
67121
67121
67120
67120
67120
67120
67119
67119
67119
67119
67118
67118
67118
67118
67117
67117
67117
67117
67116
67116
67116
67116
67115
67115
67115
67115
67114
67114
67114
67114
67113
67113
67113
67113
67112
67112
67112
67112
67111
67111
67111
67111
67110
67110
67110
67110
67109
67109
67109
67109
67108
67108
67108
67107
67107
67107
67107
67106
67106
67106
67106
67105
67105
67105
67105
67104
67104
67104
67102
67102
67102
67102
67101
67101
67100
67098
67097
67095
67094
67093
67092
67092
67092
67091
67091
67091
67091
67090
67090
67089
67089
67088
67088
67088
67087
67087
67086
67086
67086
67086
67085
67085
67085
67085
67084
67084
67083
67083
67082
67082
67082
67081
67081
67081
67081
67080
67080
67080
67080
67080
67079
67079
67079
67077
67077
67077
67076
67075
67075
67073
67073
67073
67073
67072
67072
67072
67072
67071
67070
67070
67070
67069
67069
67069
67069
67068
67068
67068
67068
67067
67066
67065
67064
67064
67064
67063
67063
67063
67063
67062
67062
67062
67062
67061
67061
67061
67061
67060
67060
67060
67060
67059
67059
67058
67057
67057
67057
67057
67056
67056
67056
67055
67055
67055
67055
67054
67054
67054
67054
67053
67053
67053
67053
67052
67052
67052
67052
67051
67051
67051
67051
67050
67050
67050
67050
67049
67049
67048
67048
67048
67048
67048
67047
67047
67047
67047
67046
67046
67046
67046
67045
67045
67045
67045
67044
67044
67044
67044
67043
67043
67043
67043
67042
67042
67042
67042
67041
67041
67041
67040
67040
67040
67040
67040
67039
67039
67039
67039
67038
67038
67038
67036
67036
67036
67035
67035
67035
67035
67034
67034
67034
67034
67033
67033
67033
67033
67031
67029
67028
67027
67025
67023
67023
67022
67022
67021
67020
67020
67020
67020
67019
67019
67019
67019
67018
67018
67018
67018
67017
67017
67017
67017
67015
67015
67015
67014
67014
67014
67014
67013
67013
67013
67013
67012
67012
67012
67010
67010
67010
67010
67009
67009
67009
67007
67007
67006
67005
67005
67005
67005
67004
67004
67004
67004
67003
67003
67003
67002
67002
67002
67002
67001
67001
67001
67001
67000
66999
66998
66997
66997
66997
66996
66996
66996
66996
66995
66995
66995
66995
66994
66994
66994
66994
66993
66993
66993
66993
66992
66992
66991
66990
66990
66990
66990
66989
66989
66989
66989
66988
66988
66988
66988
66987
66987
66987
66987
66986
66986
66986
66986
66985
66985
66985
66985
66984
66984
66984
66984
66983
66983
66983
66983
66982
66982
66981
66980
66980
66980
66980
66979
66979
66979
66979
66978
66978
66978
66978
66977
66977
66977
66977
66976
66976
66976
66976
66975
66975
66975
66975
66974
66974
66974
66974
66973
66973
66973
66973
66972
66972
66972
66972
66971
66971
66971
66969
66969
66969
66969
66968
66968
66968
66968
66967
66967
66967
66967
66966
66966
66966
66966
66965
66965
66965
66965
66964
66964
66964
66964
66962
66960
66959
66956
66955
66953
66952
66952
66952
66951
66951
66951
66951
66950
66950
66950
66950
66949
66949
66949
66948
66947
66947
66947
66947
66946
66946
66946
66945
66945
66945
66943
66943
66943
66943
66942
66942
66942
66941
66941
66941
66939
66939
66938
66938
66937
66937
66937
66936
66936
66935
66935
66935
66935
66934
66934
66934
66934
66933
66933
66933
66933
66932
66932
66931
66930
66929
66929
66929
66928
66928
66928
66928
66927
66927
66927
66927
66926
66926
66926
66926
66925
66925
66925
66925
66924
66924
66923
66922
66922
66922
66922
66921
66921
66921
66920
66920
66920
66920
66919
66919
66919
66919
66918
66918
66918
66918
66917
66917
66917
66917
66916
66916
66916
66916
66915
66915
66915
66915
66914
66914
66914
66914
66913
66913
66913
66913
66912
66912
66912
66912
66911
66911
66911
66911
66910
66910
66910
66910
66910
66909
66909
66909
66909
66908
66908
66908
66908
66907
66907
66907
66907
66906
66906
66906
66906
66905
66905
66905
66903
66903
66903
66903
66902
66902
66902
66902
66901
66901
66901
66901
66900
66900
66900
66900
66899
66899
66899
66899
66898
66898
66898
66898
66897
66897
66897
66897
66896
66896
66896
66896
66895
66893
66891
66890
66888
66886
66884
66884
66884
66883
66883
66883
66882
66882
66881
66880
66880
66880
66879
66879
66879
66878
66878
66877
66876
66876
66876
66876
66875
66875
66875
66875
66874
66874
66874
66874
66872
66872
66871
66870
66870
66870
66870
66869
66869
66869
66868
66868
66868
66868
66868
66867
66867
66867
66867
66866
66866
66866
66866
66864
66863
66862
66862
66861
66861
66861
66861
66860
66860
66860
66860
66859
66859
66859
66859
66858
66858
66858
66858
66857
66857
66857
66855
66855
66854
66854
66854
66854
66853
66853
66853
66853
66852
66852
66852
66852
66851
66851
66851
66851
66850
66850
66850
66850
66849
66848
66848
66847
66847
66847
66847
66846
66846
66846
66846
66845
66845
66845
66845
66844
66844
66844
66844
66843
66843
66843
66843
66842
66842
66842
66842
66841
66841
66841
66841
66840
66840
66840
66840
66839
66839
66839
66839
66838
66838
66838
66838
66837
66837
66837
66836
66835
66835
66835
66834
66834
66834
66834
66833
66833
66833
66833
66832
66832
66832
66832
66831
66831
66831
66830
66830
66830
66830
66830
66829
66829
66829
66828
66828
66828
66827
66827
66827
66827
66826
66826
66826
66825
66825
66825
66824
66824
66824
66822
66821
66819
66817
66816
66815
66814
66814
66813
66812
66812
66812
66812
66810
66810
66810
66809
66809
66809
66808
66808
66808
66808
66807
66807
66807
66807
66806
66806
66805
66804
66803
66802
66802
66802
66802
66801
66801
66801
66801
66800
66800
66800
66800
66799
66799
66799
66799
66798
66798
66798
66798
66796
66796
66795
66794
66794
66794
66794
66793
66793
66793
66792
66792
66776
66776
66775
66775
66775
66775
66774
66774
66774
66774
66773
66772
66771
66771
66771
66771
66770
66770
66770
66770
66769
66769
66769
66769
66768
66768
66768
66768
66767
66767
66767
66767
66766
66766
66764
66764
66764
66764
66763
66763
66763
66763
66762
66762
66762
66762
66761
66761
66761
66761
66760
66760
66760
66760
66759
66759
66759
66759
66758
66758
66758
66758
66757
66757
66757
66757
66756
66756
66756
66756
66755
66755
66755
66755
66754
66754
66754
66752
66752
66752
66752
66751
66751
66751
66751
66750
66750
66750
66750
66749
66749
66749
66749
66748
66748
66748
66748
66747
66747
66747
66747
66746
66746
66746
66746
66745
66745
66745
66745
66744
66744
66744
66744
66743
66743
66743
66743
66742
66742
66742
66742
66741
66741
66741
66741
66740
66740
66740
66738
66737
66734
66731
66730
66728
66728
66728
66728
66727
66727
66727
66727
66726
66726
66726
66726
66725
66725
66725
66725
66724
66724
66722
66722
66721
66721
66720
66720
66720
66719
66719
66719
66719
66718
66718
66718
66718
66717
66717
66717
66717
66716
66716
66716
66716
66714
66714
66713
66712
66712
66712
66712
66711
66711
66711
66710
66710
66710
66710
66709
66709
66709
66709
66708
66708
66708
66708
66707
66706
66705
66705
66705
66705
66704
66704
66704
66704
66703
66703
66703
66703
66702
66702
66702
66702
66701
66701
66701
66701
66700
66700
66699
66699
66698
66698
66698
66698
66697
66697
66697
66697
66696
66696
66696
66696
66695
66694
66694
66693
66693
66693
66693
66692
66692
66692
66692
66691
66691
66691
66691
66690
66690
66690
66690
66689
66689
66689
66687
66687
66686
66686
66685
66684
66684
66684
66683
66683
66683
66683
66682
66682
66682
66682
66681
66681
66681
66681
66680
66680
66680
66680
66680
66679
66679
66679
66679
66678
66678
66678
66678
66677
66677
66677
66677
66676
66676
66676
66676
66675
66675
66675
66675
66674
66674
66674
66674
66673
66673
66673
66673
66672
66672
66672
66672
66671
66671
66671
66671
66670
66670
66670
66668
66666
66664
66663
66660
66658
66658
66658
66658
66657
66657
66657
66657
66656
66656
66656
66656
66654
66654
66652
66652
66652
66652
66651
66651
66651
66650
66650
66650
66650
66649
66649
66649
66649
66648
66648
66648
66648
66647
66647
66646
66646
66644
66644
66644
66643
66643
66643
66643
66642
66642
66642
66642
66641
66641
66641
66641
66640
66640
66640
66640
66639
66639
66637
66637
66637
66637
66636
66636
66636
66636
66635
66635
66635
66635
66634
66634
66634
66634
66633
66633
66633
66633
66632
66632
66632
66630
66630
66630
66630
66629
66629
66629
66629
66628
66628
66628
66628
66627
66627
66627
66625
66625
66625
66625
66624
66624
66624
66624
66623
66623
66623
66623
66623
66622
66622
66622
66621
66621
66621
66621
66620
66620
66619
66618
66618
66618
66618
66617
66617
66617
66617
66616
66616
66616
66616
66615
66615
66615
66615
66614
66614
66614
66614
66613
66613
66613
66613
66612
66612
66612
66612
66611
66611
66611
66611
66610
66610
66610
66610
66609
66609
66609
66609
66608
66608
66608
66608
66607
66607
66607
66607
66606
66606
66606
66606
66605
66605
66605
66604
66604
66604
66604
66603
66603
66603
66603
66602
66602
66602
66602
66601
66599
66597
66596
66593
66592
66590
66590
66590
66589
66589
66589
66587
66587
66586
66586
66585
66585
66585
66585
66584
66584
66584
66584
66583
66583
66583
66583
66582
66582
66582
66582
66581
66581
66581
66579
66579
66578
66577
66577
66577
66577
66576
66576
66576
66576
66575
66575
66575
66575
66574
66574
66574
66574
66573
66573
66573
66573
66571
66571
66571
66570
66570
66570
66570
66569
66569
66569
66568
66568
66568
66568
66567
66567
66567
66567
66566
66566
66566
66566
66565
66564
66564
66564
66563
66563
66563
66563
66562
66562
66562
66562
66561
66561
66561
66561
66559
66559
66557
66557
66557
66557
66556
66556
66556
66556
66555
66555
66555
66555
66554
66554
66554
66554
66553
66552
66552
66552
66551
66551
66551
66550
66550
66550
66550
66549
66549
66549
66549
66548
66548
66548
66548
66547
66547
66547
66547
66546
66546
66546
66546
66545
66545
66545
66545
66544
66544
66544
66544
66544
66543
66543
66543
66542
66542
66542
66542
66541
66541
66541
66541
66540
66540
66540
66540
66539
66539
66539
66539
66538
66538
66538
66538
66537
66537
66537
66537
66536
66536
66536
66536
66536
66535
66535
66535
66535
66534
66534
66534
66534
66533
66533
66533
66531
66530
66528
66527
66525
66522
66522
66521
66520
66520
66520
66520
66519
66519
66519
66519
66518
66518
66518
66518
66517
66517
66517
66517
66516
66516
66516
66516
66514
66514
66513
66512
66512
66512
66512
66511
66511
66511
66511
66510
66510
66510
66510
66509
66509
66509
66509
66508
66508
66508
66508
66506
66506
66506
66505
66505
66505
66505
66504
66504
66504
66504
66503
66503
66502
66501
66501
66501
66501
66500
66500
66500
66500
66499
66498
66498
66497
66497
66496
66495
66495
66495
66494
66494
66491
66490
66490
66489
66489
66487
66486
66485
66484
66484
66483
66483
66482
66482
66482
66481
66481
66481
66480
66480
66479
66477
66476
66476
66475
66475
66474
66474
66474
66298
66297
66296
66296
66296
66295
66295
66295
66295
66294
66294
66294
66294
66293
66293
66293
66293
66292
66292
66292
66292
66291
66291
66291
66291
66290
66290
66290
66290
66289
66289
66289
66289
66288
66288
66288
66288
66287
66287
66287
66287
66286
66286
66286
66286
66285
66285
66285
66285
66284
66284
66284
66284
66283
66283
66283
66283
66282
66282
66282
66282
66281
66281
66281
66281
66280
66280
66280
66279
66279
66279
66279
66278
66278
66278
66278
66277
66277
66277
66273
66271
66268
66266
66265
66264
66263
66263
66263
66263
66262
66262
66262
66262
66261
66261
66261
66261
66260
66260
66260
66260
66258
66258
66256
66256
66256
66256
66255
66255
66255
66255
66254
66254
66254
66253
66253
66253
66253
66252
66252
66252
66252
66251
66251
66249
66249
66249
66248
66248
66248
66248
66247
66247
66247
66247
66246
66246
66246
66246
66245
66245
66245
66245
66244
66244
66244
66244
66242
66242
66242
66241
66241
66241
66241
66240
66240
66240
66240
66239
66239
66239
66239
66237
66237
66236
66235
66235
66235
66235
66234
66234
66234
66234
66233
66233
66232
66231
66231
66231
66231
66230
66230
66230
66230
66229
66228
66228
66227
66227
66227
66227
66226
66226
66226
66226
66225
66225
66225
66224
66224
66224
66224
66223
66223
66223
66223
66223
66221
66220
66220
66220
66220
66219
66219
66219
66219
66218
66218
66218
66218
66217
66217
66217
66217
66216
66216
66216
66216
66215
66215
66215
66215
66214
66214
66214
66214
66213
66213
66213
66213
66212
66212
66212
66212
66211
66211
66211
66211
66210
66210
66210
66210
66209
66209
66209
66209
66208
66208
66208
66208
66207
66207
66207
66207
66206
66206
66206
66206
66205
66205
66205
66203
66202
66200
66199
66197
66196
66196
66196
66195
66195
66195
66194
66194
66194
66194
66193
66192
66192
66190
66190
66189
66189
66189
66189
66188
66188
66188
66188
66187
66187
66187
66187
66186
66186
66186
66186
66185
66185
66185
66183
66183
66183
66182
66182
66182
66182
66181
66181
66181
66181
66180
66180
66180
66180
66179
66179
66179
66179
66178
66178
66178
66178
66176
66175
66175
66175
66175
66174
66174
66174
66174
66173
66173
66173
66173
66172
66172
66170
66170
66169
66169
66168
66168
66168
66168
66167
66167
66165
66165
66165
66165
66164
66164
66164
66164
66163
66163
66163
66163
66162
66161
66160
66159
66159
66158
66158
66158
66158
66157
66157
66157
66157
66156
66156
66156
66156
66155
66155
66155
66155
66154
66154
66154
66154
66153
66153
66153
66153
66152
66152
66152
66152
66151
66151
66151
66151
66150
66150
66150
66150
66149
66149
66149
66149
66148
66148
66148
66148
66147
66147
66146
66146
66146
66143
66143
66142
66142
66141
66141
66140
66140
66140
66140
66139
66139
66138
66138
66138
66137
66137
66137
66136
66136
66136
66135
66135
66134
66134
66134
66133
66133
66133
66132
66132
66131
66131
66001
66000
65999
65999
65999
65998
65992
65990
65987
65986
65984
65982
65982
65982
65982
65981
65980
65980
65978
65978
65978
65977
65977
65977
65976
65976
65976
65976
65975
65975
65975
65974
65974
65974
65974
65973
65973
65973
65973
65971
65971
65971
65970
65970
65970
65970
65969
65969
65969
65969
65968
65968
65968
65968
65967
65967
65967
65967
65966
65966
65966
65966
65964
65964
65963
65963
65963
65963
65962
65962
65962
65962
65961
65961
65961
65961
65960
65959
65959
65957
65957
65957
65956
65956
65955
65955
65954
65954
65954
65954
65953
65953
65953
65953
65952
65952
65952
65952
65951
65951
65950
65949
65948
65947
65947
65947
65947
65946
65946
65946
65946
65945
65945
65945
65945
65944
65944
65944
65944
65943
65943
65943
65943
65942
65942
65942
65942
65941
65941
65941
65941
65940
65940
65940
65940
65939
65939
65939
65939
65938
65938
65938
65938
65937
65937
65937
65937
65936
65936
65936
65936
65935
65935
65935
65935
65934
65934
65934
65934
65933
65933
65933
65933
65932
65932
65932
65931
65931
65931
65931
65930
65930
65930
65930
65929
65929
65929
65929
65928
65928
65928
65928
65927
65927
65927
65927
65926
65926
65926
65926
65925
65925
65925
65925
65924
65924
65924
65924
65922
65921
65919
65918
65914
65913
65911
65911
65911
65910
65910
65910
65910
65909
65909
65909
65909
65908
65908
65908
65908
65907
65907
65907
65907
65906
65906
65905
65904
65904
65904
65904
65903
65903
65903
65903
65902
65902
65902
65902
65901
65901
65901
65901
65900
65900
65900
65900
65899
65899
65898
65897
65897
65897
65897
65896
65896
65896
65895
65895
65895
65895
65894
65894
65893
65891
65891
65890
65889
65888
65888
65887
65887
65887
65887
65886
65886
65886
65886
65885
65885
65885
65885
65884
65884
65884
65884
65883
65882
65882
65880
65880
65880
65879
65879
65879
65878
65878
65878
65878
65878
65877
65877
65877
65877
65876
65876
65876
65875
65875
65875
65875
65874
65874
65874
65874
65873
65873
65873
65873
65872
65872
65872
65872
65871
65871
65871
65871
65870
65870
65870
65870
65869
65869
65869
65869
65868
65868
65868
65868
65867
65867
65867
65867
65866
65866
65866
65866
65865
65865
65865
65865
65864
65864
65864
65864
65863
65863
65863
65863
65862
65862
65862
65862
65861
65861
65861
65861
65860
65860
65860
65860
65859
65859
65859
65859
65858
65858
65858
65858
65857
65857
65857
65857
65856
65856
65856
65856
65855
65855
65855
65855
65852
65850
65847
65846
65844
65843
65843
65842
65842
65842
65842
65841
65841
65841
65841
65840
65840
65840
65840
65839
65839
65838
65837
65837
65837
65837
65836
65836
65836
65836
65835
65835
65835
65835
65834
65834
65834
65834
65834
65833
65833
65833
65833
65832
65831
65831
65830
65830
65830
65829
65829
65829
65829
65828
65828
65828
65828
65827
65827
65825
65824
65823
65822
65822
65822
65822
65821
65821
65821
65821
65820
65820
65820
65820
65819
65819
65819
65819
65818
65818
65818
65818
65816
65816
65815
65814
65814
65814
65813
65813
65813
65813
65812
65812
65812
65812
65811
65811
65811
65811
65811
65810
65810
65810
65810
65808
65808
65808
65807
65807
65807
65807
65806
65806
65806
65806
65805
65805
65805
65805
65804
65804
65804
65804
65803
65803
65803
65803
65801
65800
65800
65800
65800
65799
65799
65799
65799
65798
65798
65798
65798
65797
65797
65797
65797
65796
65796
65796
65796
65796
65795
65795
65795
65795
65794
65794
65794
65793
65793
65793
65793
65792
65792
65792
65792
65791
65791
65772
65771
65771
65771
65770
65770
65770
65769
65769
65769
65768
65768
65768
65767
65767
65767
65767
65766
65766
65766
65765
65763
65763
65762
65762
65761
65759
65757
65756
65754
65752
65752
65752
65751
65751
65751
65750
65750
65750
65749
65748
65747
65747
65747
65746
65746
65746
65746
65745
65745
65745
65745
65744
65744
65744
65743
65743
65743
65743
65743
65742
65742
65742
65740
65740
65740
65740
65739
65739
65739
65739
65738
65738
65738
65735
65735
65733
65733
65732
65731
65730
65729
65729
65729
65729
65728
65728
65728
65728
65727
65727
65727
65727
65726
65726
65726
65726
65725
65725
65725
65725
65723
65723
65722
65721
65721
65721
65721
65720
65720
65720
65720
65719
65719
65719
65719
65718
65718
65718
65718
65717
65717
65717
65717
65715
65715
65714
65714
65714
65714
65713
65713
65713
65713
65712
65712
65712
65712
65711
65711
65711
65711
65710
65710
65710
65710
65709
65709
65709
65709
65708
65708
65707
65707
65707
65707
65706
65706
65706
65706
65705
65705
65705
65705
65704
65704
65704
65704
65704
65703
65703
65703
65702
65702
65702
65702
65702
65701
65701
65701
65701
65700
65700
65700
65700
65699
65699
65699
65698
65698
65698
65698
65698
65697
65697
65697
65697
65696
65696
65696
65696
65695
65695
65694
65692
65692
65692
65692
65691
65691
65691
65691
65690
65690
65690
65690
65689
65685
65683
65682
65679
65678
65676
65676
65676
65675
65674
65674
65674
65673
65673
65673
65673
65672
65672
65672
65672
65671
65671
65671
65671
65670
65670
65670
65670
65669
65669
65669
65669
65667
65667
65667
65666
65666
65666
65666
65665
65665
65665
65663
65663
65663
65663
65662
65661
65661
65659
65659
65658
65658
65658
65658
65657
65657
65657
65657
65656
65656
65656
65656
65655
65655
65655
65655
65654
65654
65654
65652
65652
65650
65650
65650
65650
65649
65649
65649
65649
65648
65648
65648
65648
65647
65647
65647
65647
65646
65646
65646
65646
65645
65644
65644
65644
65643
65643
65643
65643
65642
65642
65642
65642
65641
65641
65641
65641
65640
65640
65640
65640
65639
65639
65639
65639
65638
65638
65638
65638
65637
65637
65637
65637
65636
65636
65636
65636
65635
65635
65635
65634
65634
65634
65633
65633
65633
65632
65632
65631
65631
65631
65630
65630
65630
65630
65629
65629
65629
65629
65628
65628
65628
65628
65627
65627
65627
65627
65626
65626
65626
65626
65625
65625
65625
65625
65624
65624
65624
65624
65622
65622
65621
65621
65621
65621
65620
65620
65620
65620
65619
65619
65619
65619
65618
65618
65618
65618
65618
65617
65617
65617
65615
65614
65612
65610
65609
65607
65606
65606
65606
65606
65605
65605
65605
65605
65604
65604
65604
65604
65603
65603
65603
65603
65602
65602
65602
65602
65600
65600
65600
65599
65599
65599
65599
65597
65597
65597
65596
65596
65596
65596
65595
65594
65594
65592
65592
65592
65592
65591
65591
65591
65591
65590
65590
65590
65590
65589
65589
65589
65589
65588
65588
65588
65588
65587
65585
65584
65583
65583
65582
65582
65582
65582
65581
65581
65581
65581
65580
65580
65580
65580
65579
65579
65579
65579
65578
65578
65578
65576
65576
65576
65576
65575
65575
65575
65575
65574
65574
65574
65574
65573
65573
65573
65573
65572
65572
65572
65572
65571
65571
65571
65571
65570
65570
65570
65570
65569
65569
65569
65569
65568
65568
65568
65567
65567
65567
65566
65564
65563
65563
65562
65562
65562
65561
65561
65561
65560
65560
65560
65559
65559
65558
65558
65558
65557
65557
65557
65556
65556
65556
65555
65555
65554
65554
65554
65553
65553
65553
65552
65552
65552
65551
65360
65359
65359
65358
65358
65358
65358
65357
65357
65357
65357
65356
65356
65356
65356
65355
65355
65355
65355
65354
65354
65354
65354
65353
65353
65353
65353
65352
65352
65352
65352
65347
65346
65344
65342
65340
65337
65337
65336
65336
65336
65336
65335
65335
65335
65335
65334
65334
65334
65334
65333
65332
65332
65331
65331
65330
65329
65329
65329
65328
65328
65328
65328
65327
65327
65327
65326
65325
65324
65323
65323
65323
65323
65322
65322
65322
65322
65321
65321
65321
65321
65320
65320
65320
65320
65319
65319
65319
65319
65317
65317
65316
65315
65315
65315
65314
65314
65314
65314
65313
65313
65313
65313
65312
65312
65312
65312
65311
65311
65311
65311
65310
65309
65309
65308
65308
65308
65308
65307
65307
65307
65307
65306
65306
65306
65306
65305
65305
65305
65305
65304
65304
65304
65304
65303
65302
65301
65301
65301
65301
65300
65300
65300
65300
65299
65299
65299
65299
65298
65298
65298
65298
65297
65297
65297
65297
65296
65296
65296
65294
65294
65294
65294
65293
65293
65293
65293
65292
65292
65292
65292
65291
65291
65291
65291
65290
65290
65290
65290
65289
65289
65289
65289
65287
65287
65287
65286
65286
65286
65286
65285
65285
65285
65285
65284
65284
65284
65284
65283
65283
65283
65283
65282
65282
65282
65282
65281
65281
65281
65281
65280
65280
65280
65280
65279
65279
65279
65279
65278
65278
65278
65278
65277
65276
65274
65273
65271
65270
65268
65268
65268
65268
65267
65267
65267
65267
65266
65265
65263
65263
65262
65262
65262
65262
65261
65261
65261
65261
65260
65260
65260
65260
65258
65258
65257
65256
65256
65256
65255
65255
65255
65255
65254
65254
65254
65254
65253
65253
65253
65253
65252
65252
65252
65252
65251
65250
65249
65248
65248
65248
65247
65247
65247
65247
65246
65246
65246
65246
65245
65245
65245
65245
65244
65244
65244
65244
65243
65243
65242
65241
65241
65241
65241
65240
65240
65240
65240
65239
65239
65239
65239
65238
65238
65238
65238
65237
65237
65237
65237
65236
65236
65235
65234
65234
65234
65234
65233
65233
65232
65232
65232
65232
65231
65231
65231
65231
65230
65230
65230
65230
65229
65229
65229
65229
65228
65228
65228
65228
65227
65227
65227
65227
65226
65226
65226
65226
65225
65225
65225
65225
65224
65224
65224
65224
65223
65223
65222
65221
65221
65221
65221
65220
65220
65220
65219
65219
65219
65219
65218
65218
65218
65218
65217
65217
65217
65217
65216
65216
65216
65216
65215
65215
65215
65215
65214
65214
65214
65214
65213
65213
65213
65213
65212
65212
65212
65212
65211
65211
65211
65211
65210
65210
65210
65210
65209
65205
65204
65202
65201
65175
65174
65172
65172
65171
65170
65170
65170
65170
65169
65169
65169
65169
65168
65168
65168
65168
65167
65167
65166
65165
65164
65164
65163
65163
65163
65163
65162
65162
65162
65162
65161
65161
65161
65161
65160
65160
65160
65159
65159
65159
65159
65157
65157
65156
65155
65155
65155
65154
65154
65154
65154
65153
65153
65153
65153
65152
65152
65152
65152
65151
65151
65151
65151
65150
65149
65149
65148
65148
65148
65148
65147
65147
65147
65147
65146
65146
65146
65146
65145
65145
65145
65145
65144
65144
65144
65144
65143
65142
65142
65141
65141
65141
65141
65140
65140
65140
65140
65139
65139
65139
65139
65138
65138
65138
65138
65137
65137
65137
65137
65136
65136
65136
65136
65135
65135
65135
65135
65134
65134
65134
65134
65133
65133
65133
65133
65132
65132
65132
65132
65130
65130
65130
65129
65129
65129
65129
65128
65128
65128
65128
65127
65127
65127
65127
65126
65126
65126
65126
65125
65125
65125
65125
65124
65124
65124
65124
65123
65123
65123
65123
65122
65122
65122
65122
65121
65121
65121
65121
65120
65120
65120
65120
65119
65119
65119
65119
65118
65118
65118
65118
65117
65117
65117
65117
65116
65116
65116
65113
65112
65109
65108
65106
65105
65105
65105
65104
65104
65104
65104
65103
65103
65103
65103
65102
65101
65101
65099
65099
65099
65098
65098
65098
65098
65097
65097
65097
65097
65096
65096
65096
65096
65095
65095
65095
65095
65094
65094
65093
65092
65091
65091
65090
65090
65090
65090
65089
65089
65089
65089
65088
65088
65088
65088
65087
65087
65087
65087
65086
65086
65086
65084
65083
65083
65082
65082
65082
65081
65081
65081
65081
65080
65080
65080
65080
65079
65079
65079
65079
65078
65078
65078
65078
65077
65075
65075
65075
65075
65074
65074
65074
65073
65073
65073
65073
65072
65072
65072
65071
65071
65071
65071
65070
65070
65070
65068
65068
65068
65068
65067
65067
65067
65067
65066
65066
65066
65066
65065
65065
65065
65065
65064
65064
65061
65061
65061
65061
65060
65060
65060
65060
65059
65059
65059
65059
65058
65058
65058
65058
65057
65057
65057
65057
65056
65056
65056
65056
65055
65055
65055
65055
65054
65054
65054
65054
65053
65053
65053
65052
65052
65052
65052
65051
65051
65051
65051
65050
65050
65050
65050
65049
65049
65049
65049
65048
65048
65048
65048
65048
65047
65047
65047
65046
65046
65046
65046
65045
65045
65045
65045
65043
65041
65040
65038
65037
65035
65035
65034
65034
65034
65034
65032
65032
65031
65030
65030
65030
65030
65029
65029
65029
65029
65028
65028
65028
65028
65027
65027
65027
65027
65026
65026
65026
65026
65024
65024
65022
65022
65022
65021
65021
65021
65021
65020
65020
65020
65020
65019
65019
65019
65019
65018
65018
65018
65018
65017
65017
65016
65015
65015
65015
65015
65014
65013
65013
65013
65012
65012
65009
65009
65008
65008
65008
65007
65007
65007
65006
65006
65006
65005
65003
65003
65002
65002
65001
65001
65000
65000
64937
64936
64936
64935
64935
64934
64934
64934
64933
64933
64800
64800
64799
64795
64795
64794
64793
64793
64793
64793
64792
64792
64792
64792
64791
64772
64772
64771
64769
64769
64768
64768
64768
64767
64767
64767
64766
64766
64766
64765
64763
64763
64763
64763
64762
64762
64762
64761
64761
64761
64760
64760
64760
64759
64759
64759
64759
64758
64758
64758
64757
64757
64757
64756
64756
64756
64755
64755
64755
64754
64754
64754
64753
64753
64753
64753
64752
64752
64752
64752
64751
64751
64751
64751
64750
64750
64750
64750
64749
64749
64749
64749
64748
64748
64748
64748
64747
64747
64747
64747
64746
64746
64746
64746
64744
64740
64739
64737
64735
64732
64732
64730
64730
64729
64729
64729
64729
64728
64728
64728
64728
64727
64727
64727
64727
64726
64726
64726
64726
64725
64725
64725
64723
64723
64722
64721
64721
64721
64720
64720
64719
64719
64719
64719
64718
64718
64718
64718
64717
64717
64717
64717
64716
64716
64716
64714
64714
64714
64714
64713
64713
64713
64713
64712
64712
64712
64712
64711
64711
64711
64711
64710
64710
64710
64710
64709
64709
64709
64707
64707
64707
64707
64706
64706
64706
64706
64705
64705
64705
64704
64704
64704
64704
64704
64703
64703
64703
64703
64702
64701
64701
64699
64699
64699
64698
64698
64698
64698
64697
64697
64697
64694
64694
64693
64693
64693
64692
64692
64692
64692
64691
64691
64691
64691
64690
64690
64690
64690
64689
64689
64689
64689
64688
64688
64688
64688
64687
64687
64687
64687
64686
64686
64686
64686
64685
64685
64685
64685
64685
64684
64684
64684
64683
64683
64683
64683
64682
64682
64682
64682
64681
64681
64681
64681
64680
64680
64680
64680
64679
64679
64679
64678
64678
64678
64678
64678
64677
64677
64677
64677
64676
64676
64676
64676
64675
64675
64675
64675
64674
64674
64674
64674
64673
64673
64673
64673
64670
64667
64666
64665
64662
64661
64660
64660
64660
64660
64659
64659
64659
64659
64658
64658
64658
64658
64657
64657
64657
64657
64655
64655
64653
64653
64653
64653
64652
64652
64652
64652
