214823
168917
164880
120920
118990
72910
72908
72907
72906
72905
72904
72904
72904
72903
72903
72894
72893
72893
72893
72892
72892
72892
72891
72891
72890
72889
72889
72888
72888
72887
72887
72887
72886
72886
72886
72885
72884
72884
72883
72883
72883
72882
72882
72882
72882
72881
72880
72880
72879
72879
72879
72879
72878
72877
72877
72875
72875
72874
72874
72874
72874
72873
72873
72873
72873
72872
72872
72872
72870
72870
72870
72869
72869
72869
72869
72869
72868
72868
72868
72868
72867
72867
72867
72867
72867
72866
72866
72866
72866
72865
72865
72865
72865
72865
72864
72864
72864
72864
72863
72862
72862
72861
72861
72861
72861
72861
72860
72860
72860
72860
72859
72859
72859
72859
72859
72858
72858
72858
72858
72857
72857
72857
72857
72856
72856
72856
72856
72855
72855
72855
72855
72855
72854
72854
72854
72853
72853
72853
72852
72852
72851
72851
72851
72851
72850
72850
72850
72850
72849
72849
72849
72849
72848
72847
72847
72846
72846
72846
72846
72845
72845
72845
72845
72844
72844
72844
72844
72843
72843
72843
72843
72843
72842
72842
72842
72841
72841
72841
72841
72840
72840
72840
72840
72839
72839
72839
72838
72838
72838
72837
72837
72837
72835
72833
72832
72831
72829
72828
72827
72827
72827
72827
72827
72826
72826
72825
72824
72824
72818
72818
72817
72817
72817
72817
72816
72816
72816
72816
72816
72815
72815
72814
72813
72813
72813
72813
72812
72812
72812
72810
72810
72810
72810
72810
72809
72809
72809
72809
72808
72808
72808
72808
72808
72807
72806
72806
72804
72804
72803
72803
72803
72803
72802
72802
72802
72802
72799
72799
72799
72799
72798
72798
72798
72798
72798
72797
72797
72796
72795
72795
72795
72795
72794
72794
72794
72794
72794
72793
72793
72793
72793
72792
72792
72792
72792
72792
72791
72791
72791
72791
72789
72789
72789
72789
72788
72788
72787
72787
72787
72787
72787
72786
72786
72786
72785
72785
72785
72784
72784
72784
72784
72784
72783
72783
72783
72783
72783
72782
72782
72782
72782
72781
72781
72781
72781
72781
72780
72780
72780
72780
72779
72779
72779
72779
72779
72778
72777
72776
72776
72776
72776
72776
72775
72775
72775
72775
72775
72774
72774
72774
72774
72773
72773
72773
72773
72773
72772
72772
72772
72772
72771
72771
72771
72771
72771
72770
72770
72770
72770
72770
72769
72769
72769
72769
72768
72768
72768
72768
72768
72767
72767
72767
72767
72766
72765
72763
72762
72760
72759
72757
72757
72748
72746
72746
72746
72745
72745
72745
72745
72745
72744
72744
72744
72744
72743
72743
72743
72742
72741
72741
72741
72741
72740
72740
72740
72739
72738
72738
72738
72738
72738
72737
72737
72737
72737
72736
72736
72736
72736
72736
72734
72734
72732
72732
72732
72732
72732
72731
72731
72730
72730
72730
72730
72730
72729
72729
72729
72729
72728
72728
72728
72728
72728
72726
72726
72726
72725
72725
72725
72725
72725
72724
72724
72724
72724
72723
72723
72723
72723
72722
72722
72722
72722
72722
72721
72721
72719
72719
72719
72719
72718
72718
72718
72718
72718
72717
72717
72717
72717
72717
72716
72716
72716
72716
72715
72715
72715
72715
72715
72714
72714
72714
72714
72714
72713
72713
72713
72713
72712
72712
72712
72712
72710
72710
72710
72710
72709
72709
72709
72707
72707
72707
72707
72706
72706
72706
72706
72706
72705
72705
72705
72705
72705
72704
72704
72704
72704
72703
72703
72703
72703
72703
72702
72702
72702
72702
72701
72701
72701
72701
72701
72700
72700
72700
72700
72700
72699
72699
72699
72699
72698
72698
72698
72698
72698
72697
72697
72697
72697
72697
72696
72696
72696
72696
72695
72695
72694
72692
72689
72688
72687
72684
72683
72683
72683
72683
72682
72682
72682
72682
72682
72681
72681
72678
72678
72678
72677
72677
72677
72677
72676
72675
72675
72674
72674
72674
72674
72673
72673
72673
72673
72672
72672
72672
72672
72672
72670
72670
72669
72668
72668
72668
72668
72667
72667
72667
72667
72667
72666
72666
72666
72666
72665
72665
72665
72665
72665
72664
72664
72663
72663
72662
72662
72662
72662
72661
72661
72661
72661
72661
72660
72660
72660
72660
72659
72659
72659
72659
72659
72658
72658
72658
72657
72656
72656
72656
72656
72655
72655
72655
72655
72655
72654
72654
72654
72654
72653
72653
72653
72653
72653
72652
72652
72651
72650
72650
72650
72650
72650
72649
72649
72649
72649
72648
72648
72648
72648
72648
72647
72647
72647
72647
72645
72645
72645
72645
72644
72644
72644
72644
72643
72643
72643
72643
72643
72642
72642
72642
72642
72642
72641
72641
72641
72641
72640
72640
72640
72640
72640
72639
72639
72639
72639
72639
72638
72638
72592
72592
72591
72591
72591
72591
72590
72590
72590
72590
72589
72589
72589
72589
72588
72588
72588
72588
72588
72587
72587
72587
72587
72587
72586
72586
72586
72586
72585
72585
72585
72585
72581
72580
72578
72577
72575
72574
72573
72573
72573
72573
72572
72571
72571
72570
72570
72570
72570
72570
72569
72568
72568
72567
72567
72567
72567
72566
72566
72566
72566
72566
72565
72565
72565
72565
72563
72563
72562
72561
72561
72561
72561
72560
72560
72560
72560
72560
72559
72559
72559
72559
72558
72558
72558
72558
72558
72557
72557
72556
72555
72555
72555
72555
72555
72554
72554
72554
72553
72553
72553
72553
72553
72552
72552
72552
72552
72552
72551
72551
72551
72551
72549
72549
72549
72548
72548
72548
72548
72548
72547
72547
72547
72547
72546
72546
72546
72546
72546
72545
72545
72545
72545
72543
72543
72542
72541
72541
72541
72541
72540
72540
72540
72540
72540
72539
72539
72539
72539
72537
72537
72537
72536
72536
72536
72536
72536
72535
72535
72535
72535
72535
72534
72534
72534
72534
72533
72533
72533
72533
72533
72532
72532
72532
72532
72531
72531
72531
72531
72531
72530
72530
72530
72530
72530
72529
72529
72529
72529
72528
72528
72528
72528
72528
72527
72527
72527
72527
72526
72526
72526
72526
72526
72525
72525
72525
72525
72525
72524
72524
72524
72524
72523
72523
72523
72523
72523
72522
72522
72522
72522
72521
72521
72521
72518
72517
72515
72513
72512
72508
72508
72508
72508
72507
72507
72507
72507
72505
72505
72505
72504
72504
72503
72503
72503
72503
72502
72502
72502
72502
72501
72501
72500
72500
72498
72498
72498
72498
72497
72497
72497
72497
72496
72496
72496
72496
72496
72495
72495
72495
72495
72494
72494
72494
72494
72492
72492
72492
72492
72492
72491
72491
72491
72491
72491
72490
72490
72490
72488
72488
72488
72487
72487
72487
72487
72487
72486
72486
72485
72484
72484
72484
72484
72483
72483
72483
72483
72483
72482
72482
72482
72482
72481
72481
72481
72481
72481
72480
72480
72479
72478
72477
72476
72476
72476
72476
72476
72475
72475
72475
72475
72474
72473
72473
72472
72472
72472
72472
72472
72471
72471
72471
72471
72470
72470
72470
72470
72470
72469
72469
72469
72469
72469
72468
72468
72468
72468
72467
72467
72467
72467
72466
72466
72466
72466
72465
72465
72465
72465
72465
72464
72464
72464
72464
72463
72463
72463
72463
72463
72462
72462
72462
72462
72462
72461
72461
72461
72461
72460
72460
72460
72460
72460
72459
72459
72459
72459
72458
72458
72458
72458
72458
72457
72457
72457
72457
72456
72456
72456
72456
72456
72455
72455
72455
72454
72454
72453
72451
72449
72448
72446
72444
72443
72442
72442
72442
72441
72441
72441
72441
72441
72440
72440
72440
72440
72439
72439
72439
72438
72437
72436
72436
72436
72435
72435
72435
72435
72434
72434
72434
72434
72434
72433
72433
72433
72433
72432
72432
72432
72432
72432
72430
72430
72430
72429
72429
72429
72429
72429
72428
72428
72428
72428
72427
72427
72427
72427
72427
72426
72426
72426
72426
72426
72425
72424
72423
72423
72423
72423
72423
72422
72422
72422
72422
72421
72421
72421
72421
72421
72420
72420
72420
72420
72420
72419
72418
72417
72416
72416
72416
72415
72415
72415
72415
72414
72413
72413
72412
72412
72412
72412
72412
72411
72411
72411
72411
72410
72410
72410
72410
72410
72409
72409
72409
72409
72409
72408
72408
72408
72408
72407
72407
72407
72407
72405
72405
72405
72404
72404
72404
72404
72403
72403
72403
72403
72403
72402
72402
72402
72402
72402
72401
72401
72401
72401
72400
72400
72400
72400
72400
72399
72399
72399
72399
72398
72398
72398
72398
72398
72397
72397
72397
72397
72396
72396
72396
72396
72396
72395
72395
72395
72395
72395
72394
72394
72394
72394
72393
72393
72393
72393
72393
72392
72392
72392
72392
72391
72391
72389
72386
72384
72383
72380
72379
72378
72378
72378
72378
72377
72377
72377
72377
72376
72376
72375
72374
72373
72373
72372
72372
72372
72372
72371
72371
72371
72371
72371
72370
72370
72370
72370
72370
72369
72369
72369
72369
72368
72367
72367
72367
72366
72366
72366
72366
72366
72365
72365
72365
72365
72364
72364
72364
72364
72364
72363
72363
72363
72363
72362
72362
72361
72360
72360
72360
72360
72359
72359
72359
72359
72359
72358
72358
72358
72358
72358
72357
72357
72357
72357
72356
72356
72355
72354
72353
72353
72353
72352
72352
72350
72350
72350
72350
72349
72349
72349
72349
72348
72348
72347
72346
72346
72346
72346
72346
72345
72345
72345
72345
72344
72344
72344
72344
72344
72343
72343
72343
72343
72343
72342
72342
72342
72342
72341
72341
72341
72341
72341
72340
72340
72340
72340
72340
72339
72339
72339
72339
72339
72338
72338
72338
72338
72337
72337
72337
72336
72336
72336
72335
72335
72335
72335
72334
72334
72334
72334
72334
72333
72333
72333
72333
72333
72332
72332
72332
72332
72331
72331
72331
72331
72331
72330
72330
72330
72330
72330
72329
72329
72329
72329
72328
72328
72328
72328
72328
72327
72327
72327
72327
72327
72326
72323
72322
72321
72319
72318
72316
72316
72316
72316
72315
72314
72314
72312
72312
72312
72312
72311
72311
72311
72311
72310
72310
72310
72310
72310
72309
72309
72309
72309
72308
72308
72308
72308
72306
72306
72306
72306
72305
72305
72305
72305
72305
72304
72304
72304
72304
72304
72303
72303
72303
72303
72302
72302
72302
72302
72302
72300
72300
72300
72300
72299
72299
72299
72299
72298
72298
72298
72298
72297
72297
72297
72297
72297
72296
72296
72296
72296
72294
72294
72293
72293
72291
72291
72291
72290
72290
72290
72290
72289
72289
72289
72289
72289
72288
72287
72287
72286
72286
72286
72286
72286
72285
72284
72284
72283
72283
72283
72283
72283
72282
72282
72282
72282
72282
72281
72281
72281
72281
72280
72280
72280
72280
72280
72279
72279
72279
72279
72279
72278
72278
72278
72278
72277
72277
72277
72277
72277
72276
72276
72276
72276
72276
72275
72275
72275
72275
72274
72274
72274
72274
72274
72273
72273
72273
72273
72273
72272
72272
72272
72272
72271
72271
72271
72271
72271
72270
72270
72270
72270
72269
72269
72269
72269
72269
72268
72268
72268
72268
72268
72267
72267
72267
72267
72266
72266
72266
72266
72266
72265
72265
72265
72265
72263
72262
72260
72258
72254
72253
72251
72251
72251
72250
72250
72250
72250
72250
72249
72249
72249
72249
72248
72248
72248
72248
72248
72247
72247
72247
72247
72245
72245
72245
72245
72244
72244
72244
72244
72244
72243
72243
72243
72243
72242
72242
72242
72242
72242
72241
72241
72241
72241
72240
72239
72239
72238
72238
72238
72238
72238
72237
72237
72237
72237
72237
72236
72236
72235
72234
72234
72234
72234
72234
72233
72232
72230
72229
72228
72228
72228
72228
72227
72227
72227
72227
72227
72226
72226
72226
72226
72226
72224
72224
72224
72224
72223
72223
72223
72223
72221
72221
72221
72221
72220
72220
72220
72220
72219
72219
72219
72219
72218
72218
72218
72218
72217
72217
72217
72217
72217
72216
72216
72216
72216
72215
72215
72215
72215
72215
72214
72214
72214
72214
72214
72213
72213
72213
72213
72212
72212
72212
72212
72211
72211
72211
72211
72211
72210
72210
72210
72210
72210
72209
72209
72209
72209
72208
72208
72208
72208
72207
72207
72207
72207
72206
72206
72206
72206
72206
72205
72205
72205
72205
72205
72204
72204
72204
72204
72203
72203
72203
72203
72203
72202
72202
72202
72202
72202
72201
72201
72201
72201
72201
72200
72200
72197
72196
72194
72193
72191
72190
72189
72189
72189
72189
72189
72188
72188
72188
72188
72188
72187
72187
72187
72187
72186
72185
72185
72184
72184
72184
72184
72184
72183
72183
72183
72183
72182
72182
72182
72182
72182
72181
72181
72181
72181
72180
72180
72180
72179
72178
72178
72178
72178
72177
72177
72177
72177
72177
72176
72176
72176
72176
72176
72175
72175
72175
72175
72173
72173
72172
72171
72170
72170
72170
72169
72169
72169
72169
72169
72168
72168
72168
72168
72167
72167
72167
72166
72165
72165
72165
72165
72164
72164
72164
72163
72162
72162
72162
72162
72161
72161
72161
72161
72161
72160
72160
72160
72160
72160
72158
72158
72158
72157
72157
72157
72157
72157
72156
72156
72156
72156
72156
72155
72155
72155
72155
72154
72154
72154
72154
72154
72153
72152
72152
72152
72151
72151
72151
72151
72150
72150
72150
72150
72150
72149
72149
72149
72149
72149
72148
72148
72148
72148
72147
72147
72147
72147
72147
72146
72146
72146
72146
72146
72145
72145
72145
72145
72144
72144
72144
72144
72144
72143
72143
72143
72143
72142
72142
72142
72142
72141
72141
72141
72141
72141
72140
72140
72140
72140
72140
72139
72139
72139
72139
72138
72137
72135
72134
72133
72130
72128
72126
72126
72126
72126
72126
72125
72125
72125
72125
72124
72123
72123
72123
72122
72122
72122
72122
72122
72121
72121
72121
72121
72120
72120
72120
72120
72120
72119
72119
72119
72119
72118
72118
72117
72116
72116
72116
72116
72115
72115
72115
72115
72115
72114
72114
72114
72114
72113
72113
72112
72111
72111
72111
72111
72109
72109
72108
72108
72107
72107
72107
72106
72106
72106
72106
72105
72105
72105
72105
72105
72104
72103
72102
72102
72102
72102
72102
72101
72101
72100
72099
72099
72099
72099
72099
72098
72098
72098
72098
72097
72097
72097
72097
72097
72095
72095
72095
72094
72094
72094
72094
72094
72093
72093
72093
72093
72093
72092
72092
72092
72092
72091
72091
72091
72090
72090
72090
72090
72090
72089
72089
72089
72089
72088
72088
72088
72088
72088
72087
72087
72087
72087
72087
72086
72086
72086
72086
72085
72085
72085
72085
72085
72084
72084
72084
72084
72084
72083
72083
72083
72083
72082
72082
72082
72082
72082
72081
72081
72081
72081
72081
72080
72080
72080
72080
72079
72079
72079
72079
72079
72078
72078
72078
72078
72078
72077
72077
72075
72075
72075
72075
72075
72074
72074
72074
72074
72074
72071
72069
72068
72066
72065
72063
72063
72063
72063
72061
72061
72061
72061
72060
72060
72060
72060
72059
72059
72059
72059
72059
72058
72058
72058
72058
72057
72057
72057
72057
72056
72056
72055
72055
72054
72054
72054
72054
72053
72053
72053
72053
72052
72052
72052
72050
72050
72050
72050
72050
72049
72049
72049
72047
72047
72046
72046
72046
72045
72045
72045
72045
72044
72044
72044
72044
72043
72043
72043
72043
72041
72041
72041
72040
72040
72040
72040
72040
72038
72038
72038
72038
72037
72037
72037
72037
72036
72036
72036
72036
72036
72035
72035
72034
72034
72033
72033
72033
72033
72032
72032
72032
72032
72032
72031
72031
72031
72031
72030
72030
72030
72030
72030
72029
72029
72029
72029
72028
72028
72028
72028
72028
72027
72027
72027
72027
72026
72026
72026
72026
72026
72025
72025
72025
72025
72024
72024
72024
72024
72024
72023
72023
72023
72023
72023
72022
72022
72022
72022
72022
72021
72021
72021
72021
72020
72020
72020
72020
72020
72019
72019
72019
72019
72019
72018
72018
72018
72018
72017
72017
72017
72017
72017
72015
72015
72015
72014
72014
72014
72014
72013
72013
72013
72013
72013
72012
72012
72012
72012
72011
72011
72011
72010
72008
72007
72003
72002
72000
72000
72000
72000
71999
71999
71999
71999
71999
71998
71998
71998
71998
71997
71997
71997
71997
71997
71996
71996
71996
71994
71994
71994
71994
71993
71993
71993
71993
71993
71992
71990
71990
71990
71990
71989
71989
71989
71989
71989
71988
71988
71987
71987
71985
71985
71985
71984
71984
71984
71984
71984
71983
71983
71983
71983
71983
71982
71982
71979
71979
71979
71978
71978
71978
71978
71978
71976
71976
71976
71975
71975
71975
71975
71974
71974
71974
71974
71974
71973
71973
71973
71972
71971
71971
71971
71971
71971
71970
71970
71970
71970
71970
71969
71969
71969
71969
71968
71968
71968
71968
71967
71967
71967
71967
71967
71966
71966
71966
71966
71965
71965
71965
71965
71965
71964
71964
71964
71964
71963
71963
71963
71962
71962
71962
71962
71962
71961
71961
71961
71961
71960
71960
71960
71960
71960
71959
71959
71959
71959
71958
71958
71958
71958
71958
71957
71957
71957
71957
71957
71956
71956
71956
71956
71955
71955
71955
71955
71955
71953
71953
71953
71952
71952
71952
71952
71951
71951
71951
71951
71951
71950
71950
71950
71950
71950
71949
71949
71949
71949
71949
71948
71948
71948
71948
71947
71947
71946
71944
71943
71941
71940
71938
71938
71938
71938
71937
71937
71937
71937
71936
71936
71936
71936
71935
71935
71935
71933
71933
71933
71933
71933
71932
71932
71931
71930
71930
71930
71930
71930
71929
71929
71929
71929
71928
71928
71928
71928
71927
71926
71925
71925
71924
71924
71924
71924
71924
71923
71923
71923
71923
71922
71922
71922
71922
71920
71920
71920
71920
71920
71919
71919
71919
71917
71917
71917
71917
71917
71916
71916
71916
71916
71915
71915
71915
71915
71915
71914
71913
71913
71913
71912
71912
71912
71912
71911
71911
71911
71911
71911
71910
71910
71910
71910
71910
71909
71909
71909
71909
71908
71908
71907
71907
71906
71906
71906
71906
71905
71905
71905
71905
71905
71904
71904
71904
71904
71903
71903
71903
71903
71903
71902
71902
71902
71902
71900
71900
71900
71900
71899
71899
71899
71899
71899
71898
71898
71898
71898
71898
71897
71897
71897
71897
71896
71896
71896
71896
71896
71895
71895
71895
71895
71893
71893
71893
71893
71892
71892
71892
71892
71891
71891
71891
71891
71890
71890
71890
71890
71890
71889
71889
71889
71889
71888
71888
71888
71888
71888
71887
71887
71887
71887
71887
71886
71886
71886
71886
71885
71885
71884
71882
71880
71878
71877
71876
71875
71875
71875
71874
71874
71874
71874
71873
71872
71872
71872
71871
71870
71870
71870
71869
71869
71869
71869
71868
71868
71868
71868
71868
71867
71867
71867
71867
71866
71865
71865
71863
71863
71863
71862
71862
71862
71862
71861
71861
71861
71861
71861
71860
71860
71860
71859
71858
71858
71858
71858
71857
71857
71857
71856
71855
71855
71855
71855
71855
71854
71854
71854
71854
71853
71853
71853
71853
71853
71851
71851
71851
71851
71850
71850
71850
71850
71849
71849
71849
71849
71849
71848
71848
71848
71848
71847
71847
71847
71847
71847
71846
71845
71845
71845
71844
71844
71844
71844
71844
71843
71843
71843
71843
71842
71842
71842
71842
71842
71841
71841
71841
71841
71840
71840
71840
71840
71839
71839
71839
71839
71839
71838
71838
71838
71838
71837
71837
71837
71837
71837
71836
71836
71836
71836
71836
71835
71835
71835
71835
71833
71833
71833
71832
71832
71832
71832
71831
71831
71831
71831
71831
71830
71830
71830
71830
71829
71829
71829
71829
71829
71828
71828
71828
71828
71828
71827
71827
71827
71827
71826
71826
71826
71826
71825
71825
71825
71825
71824
71824
71824
71824
71824
71823
71823
71823
71820
71818
71817
71815
71814
71812
71812
71812
71810
71809
71809
71809
71808
71808
71808
71808
71807
71807
71807
71807
71806
71806
71806
71806
71806
71805
71805
71805
71805
71803
71803
71801
71801
71801
71801
71801
71800
71800
71800
71800
71799
71799
71799
71799
71798
71798
71797
71796
71796
71796
71796
71796
71795
71795
71794
71793
71793
71793
71793
71792
71792
71792
71792
71792
71791
71791
71791
71791
71790
71789
71789
71789
71788
71788
71788
71788
71788
71787
71787
71787
71787
71786
71786
71786
71786
71786
71785
71785
71785
71785
71785
71784
71783
71783
71782
71782
71782
71782
71782
71781
71781
71781
71781
71780
71780
71780
71780
71780
71779
71779
71779
71779
71778
71778
71778
71778
71778
71777
71777
71777
71777
71777
71776
71776
71776
71776
71775
71775
71775
71775
71775
71774
71774
71774
71774
71774
71773
71772
71771
71771
71771
71771
71770
71770
71770
71770
71770
71769
71769
71769
71769
71769
71768
71768
71768
71768
71767
71767
71767
71767
71767
71766
71766
71766
71766
71765
71765
71765
71765
71765
71764
71764
71764
71764
71764
71763
71763
71763
71763
71762
71762
71762
71762
71762
71761
71761
71761
71761
71761
71760
71760
71760
71758
71757
71753
71752
71750
71749
71748
71748
71748
71748
71748
71747
71747
71747
71747
71746
71746
71746
71746
71745
71745
71745
71745
71743
71743
71742
71741
71741
71741
71741
71741
71740
71740
71740
71740
71739
71739
71739
71739
71739
71737
71737
71737
71736
71736
71736
71736
71736
71734
71734
71733
71733
71733
71733
71732
71732
71732
71732
71732
71731
71731
71731
71731
71729
71728
71728
71727
71727
71727
71727
71727
71726
71726
71726
71726
71725
71725
71725
71725
71724
71724
71724
71724
71724
71723
71723
71722
71721
71721
71721
71721
71721
71720
71720
71720
71720
71720
71719
71719
71719
71719
71718
71718
71718
71718
71718
71717
71716
71716
71715
71715
71715
71715
71715
71714
71714
71714
71714
71713
71713
71713
71713
71713
71712
71712
71712
71712
71711
71710
71710
71710
71709
71709
71709
71709
71708
71708
71708
71708
71707
71707
71707
71707
71707
71706
71706
71706
71706
71706
71705
71705
71705
71705
71704
71704
71704
71704
71704
71703
71703
71703
71703
71703
71702
71702
71702
71702
71701
71701
71701
71701
71701
71700
71700
71700
71700
71699
71699
71699
71699
71699
71698
71698
71698
71698
71698
71697
71697
71697
71697
71696
71696
71695
71693
71692
71690
71689
71687
71687
71687
71687
71687
71686
71686
71686
71686
71685
71685
71685
71684
71683
71682
71682
71682
71681
71681
71681
71681
71680
71680
71680
71680
71679
71679
71679
71679
71677
71677
71677
71677
71676
71676
71676
71676
71674
71674
71674
71674
71674
71673
71673
71673
71673
71672
71672
71672
71672
71672
71671
71670
71670
71670
71669
71669
71669
71669
71668
71668
71668
71668
71667
71667
71667
71667
71667
71666
71666
71666
71666
71665
71665
71665
71664
71663
71663
71663
71663
71662
71662
71662
71662
71662
71661
71661
71661
71661
71660
71660
71660
71660
71660
71659
71659
71658
71658
71656
71656
71656
71655
71655
71655
71655
71655
71654
71654
71654
71653
71653
71653
71653
71653
71651
71651
71651
71650
71650
71650
71650
71649
71649
71648
71648
71647
71647
71647
71647
71647
71646
71646
71646
71646
71645
71645
71645
71645
71644
71644
71644
71644
71644
71643
71643
71643
71643
71642
71642
71642
71642
71642
71641
71641
71641
71641
71641
71640
71640
71640
71640
71639
71639
71639
71639
71639
71638
71638
71622
71622
71622
71621
71621
71621
71621
71621
71620
71620
71620
71620
71620
71619
71619
71619
71619
71618
71618
71616
71614
71612
71611
71610
71608
71608
71608
71608
71607
71607
71606
71606
71604
71604
71604
71603
71603
71603
71603
71602
71602
71602
71602
71602
71601
71601
71601
71599
71599
71599
71599
71598
71598
71598
71597
71596
71596
71596
71595
71595
71595
71595
71595
71594
71594
71594
71594
71593
71593
71593
71591
71591
71591
71591
71590
71590
71590
71590
71590
71589
71589
71589
71589
71588
71588
71588
71588
71588
71587
71587
71587
71587
71586
71585
71585
71584
71584
71584
71584
71584
71583
71583
71583
71583
71582
71582
71582
71582
71582
71581
71581
71581
71581
71581
71579
71579
71578
71577
71577
71577
71577
71576
71576
71576
71576
71576
71575
71575
71575
71573
71573
71573
71573
71572
71572
71572
71572
71572
71571
71571
71571
71571
71570
71570
71570
71570
71570
71569
71569
71569
71569
71569
71568
71568
71568
71568
71567
71567
71567
71567
71567
71566
71566
71566
71566
71565
71565
71565
71565
71565
71564
71564
71564
71564
71564
71563
71563
71563
71563
71562
71562
71562
71562
71562
71561
71561
71561
71561
71561
71560
71560
71560
71560
71559
71559
71559
71558
71558
71558
71558
71558
71557
71557
71557
71557
71557
71556
71556
71556
71556
71556
71552
71551
71549
71547
71545
71543
71543
71541
71541
71541
71541
71540
71540
71540
71539
71539
71539
71539
71539
71538
71538
71538
71536
71536
71536
71536
71536
71535
71535
71535
71533
71533
71533
71533
71533
71532
71532
71532
71532
71531
71531
71531
71531
71531
71530
71529
71529
71528
71528
71528
71528
71527
71527
71527
71527
71527
71526
71526
71526
71526
71525
71525
71525
71525
71524
71524
71524
71524
71522
71522
71522
71521
71521
71521
71521
71520
71520
71520
71520
71520
71519
71519
71519
71519
71519
71518
71518
71518
71518
71516
71516
71515
71515
71514
71514
71514
71514
71513
71513
71513
71513
71511
71511
71511
71511
71510
71510
71510
71510
71509
71509
71509
71509
71509
71508
71508
71508
71508
71508
71507
71507
71507
71507
71506
71506
71506
71506
71506
71505
71505
71505
71505
71505
71504
71504
71504
71504
71504
71503
71503
71503
71503
71502
71502
71502
71502
71502
71501
71501
71501
71501
71500
71500
71500
71500
71499
71499
71499
71499
71499
71498
71498
71498
71498
71498
71497
71497
71497
71497
71497
71496
71496
71496
71496
71495
71495
71495
71495
71495
71494
71494
71494
71494
71494
71493
71493
71493
71493
71492
71492
71492
71492
71490
71485
71483
71482
71480
71479
71479
71479
71478
71478
71478
71478
71477
71477
71477
71477
71475
71475
71475
71475
71474
71474
71474
71474
71472
71472
71472
71472
71472
71471
71471
71471
71471
71470
71470
71470
71470
71470
71469
71468
71468
71467
71467
71467
71467
71466
71466
71466
71466
71466
71465
71465
71465
71465
71465
71464
71464
71464
71464
71463
71463
71463
71462
71462
71460
71460
71459
71459
71459
71459
71458
71458
71458
71458
71458
71457
71457
71457
71457
71457
71456
71456
71456
71454
71454
71453
71453
71452
71452
71452
71452
71452
71450
71450
71450
71450
71449
71449
71449
71448
71448
71448
71448
71448
71447
71447
71446
71445
71445
71445
71445
71445
71444
71444
71444
71444
71443
71443
71443
71443
71443
71442
71442
71442
71442
71441
71441
71441
71441
71440
71440
71440
71440
71440
71439
71439
71439
71439
71439
71438
71438
71438
71438
71437
71437
71437
71437
71437
71436
71436
71436
71436
71435
71435
71435
71435
71435
71434
71434
71434
71434
71433
71433
71433
71433
71433
71432
71432
71432
71432
71431
71431
71431
71431
71431
71430
71430
71430
71430
71430
71429
71429
71429
71429
71428
71428
71428
71428
71428
71427
71427
71427
71425
71424
71422
71421
71419
71418
71417
71417
71417
71417
71415
71415
71415
71415
71414
71414
71414
71414
71412
71412
71412
71412
71411
71411
71411
71411
71411
71410
71410
71410
71410
71409
71409
71408
71408
71407
71407
71407
71407
71407
71406
71406
71406
71406
71405
71405
71405
71405
71405
71404
71404
71404
71404
71403
71403
71403
71401
71401
71401
71401
71400
71400
71400
71399
71399
71399
71399
71399
71398
71398
71398
71398
71398
71397
71397
71397
71397
71395
71395
71394
71393
71393
71393
71391
71391
71391
71391
71391
71390
71390
71390
71390
71389
71389
71389
71389
71388
71388
71388
71388
71386
71386
71385
71385
71384
71384
71384
71384
71383
71383
71383
71383
71383
71382
71382
71382
71382
71382
71381
71381
71381
71381
71380
71380
71380
71380
71380
71379
71378
71378
71377
71377
71377
71377
71377
71376
71376
71376
71376
71375
71375
71375
71375
71375
71374
71374
71374
71374
71373
71373
71373
71373
71373
71372
71372
71372
71372
71371
71371
71371
71371
71371
71370
71370
71370
71370
71369
71369
71369
71369
71369
71368
71368
71368
71368
71368
71367
71367
71367
71367
71367
71366
71366
71366
71366
71365
71365
71365
71365
71365
71364
71364
71361
71360
71358
71357
71355
71353
71353
71352
71352
71352
71352
71352
71350
71350
71350
71349
71349
71349
71349
71349
71348
71348
71348
71348
71347
71347
71347
71346
71345
71345
71345
71345
71344
71344
71344
71343
71343
71343
71343
71343
71342
71342
71342
71342
71342
71341
71341
71341
71341
71340
71339
71339
71339
71338
71338
71338
71338
71337
71337
71337
71337
71337
71336
71336
71336
71336
71335
71335
71335
71335
71335
71333
71333
71331
71330
71330
71330
71329
71329
71329
71329
71328
71328
71328
71328
71328
71327
71327
71327
71327
71326
71326
71326
71326
71324
71324
71323
71322
71322
71322
71322
71322
71321
71321
71321
71321
71321
71320
71320
71320
71320
71319
71319
71319
71319
71319
71318
71318
71318
71318
71317
71317
71317
71317
71317
71316
71316
71316
71316
71315
71315
71315
71315
71315
71314
71314
71314
71314
71313
71313
71313
71313
71313
71312
71312
71312
71312
71312
71311
71311
71311
71311
71310
71310
71310
71310
71310
71309
71309
71309
71309
71308
71308
71308
71308
71308
71307
71307
71307
71307
71307
71306
71306
71306
71306
71305
71305
71305
71305
71305
71304
71304
71304
71304
71303
71303
71303
71303
71303
71302
71302
71302
71299
71298
71296
71295
71293
71291
71290
71290
71289
71289
71289
71289
71289
71288
71288
71288
71288
71287
71287
71287
71287
71285
71285
71285
71285
71284
71284
71284
71284
71284
71283
71283
71283
71283
71282
71282
71282
71282
71282
71281
71281
71281
71281
71280
71279
71279
71278
71278
71278
71278
71277
71277
71277
71277
71277
71276
71276
71276
71276
71275
71275
71275
71275
71275
71274
71271
71271
71269
71269
71269
71269
71268
71268
71268
71268
71267
71267
71267
71267
71267
71266
71266
71266
71266
71266
71265
71265
71265
71264
71263
71262
71262
71261
71261
71261
71261
71260
71260
71260
71260
71260
71259
71259
71259
71259
71258
71258
71258
71258
71258
71257
71257
71257
71257
71257
71256
71256
71256
71256
71255
71255
71255
71255
71255
71254
71254
71254
71254
71253
71253
71253
71253
71253
71252
71252
71252
71252
71251
71251
71251
71251
71251
71250
71250
71250
71250
71250
71249
71249
71249
71249
71248
71248
71248
71248
71248
71247
71247
71247
71247
71246
71246
71246
71246
71245
71245
71245
71245
71245
71244
71244
71244
71244
71244
71243
71243
71243
71243
71242
71242
71242
71242
71242
71241
71241
71241
71241
71240
71240
71240
71240
71240
71236
71234
71233
71231
71230
71229
71228
71228
71228
71228
71227
71227
71227
71227
71227
71225
71225
71225
71224
71224
71224
71224
71224
71223
71223
71223
71223
71222
71222
71222
71222
71222
71221
71221
71221
71221
71220
71220
71219
71219
71218
71218
71218
71218
71217
71217
71217
71217
71217
71216
71216
71216
71216
71215
71215
71215
71214
71213
71213
71212
71212
71210
71210
71209
71208
71208
71208
71207
71207
71207
71207
71206
71206
71206
71206
71205
71205
71205
71205
71204
71204
71204
71202
71202
71201
71200
71200
71200
71200
71199
71199
71199
71199
71199
71198
71198
71198
71198
71197
71197
71197
71197
71197
71196
71196
71195
71194
71194
71194
71194
71194
71193
71193
71193
71193
71192
71192
71192
71192
71192
71191
71191
71191
71191
71190
71190
71190
71190
71190
71189
71189
71189
71189
71188
71188
71188
71188
71188
71187
71187
71187
71186
71186
71186
71185
71185
71185
71184
71184
71184
71181
71181
71180
71180
71180
71179
71179
71179
71179
71178
71178
71177
71177
71177
71177
71176
71176
71176
71176
71175
71175
71175
71175
71174
71174
71174
71174
71173
71173
71173
71172
71172
71172
71172
71169
71169
71169
71168
71168
71167
71167
71167
71165
71163
71162
71160
71158
71157
71157
71156
71156
71155
71155
71154
71154
71154
71154
71153
71153
71153
71153
71153
71152
71152
71152
71152
71151
71151
71151
71151
71151
71150
71150
71150
71148
71148
71148
71148
71148
71147
71147
71147
71147
71147
71146
71146
71146
71146
71145
71144
71144
71143
71143
71143
71143
71142
71141
71140
71140
71140
71139
71139
71139
71139
71138
71138
71138
71137
71137
71137
71135
71134
71134
71134
71133
71133
71133
71132
71131
71130
71128
71128
71127
71127
71127
71126
71126
71126
71125
71125
71125
71124
71124
71124
71124
71123
71123
71123
71122
71122
71122
71120
71119
71119
71119
71119
71118
71118
71118
71118
71117
71117
71116
71115
71115
71115
71114
71114
71114
71113
71113
71113
71113
71112
71112
71112
71111
71111
71110
71110
71106
71106
71105
71105
71105
71104
71104
71104
71104
71103
71103
71103
71102
71102
71101
71101
71100
71100
71100
71099
71099
71099
71098
71098
71098
71097
71097
71097
71096
71096
71096
71095
71095
71095
71094
71094
71093
71093
71093
71092
71091
71091
71091
71090
71090
71090
71090
71087
71086
71086
71086
71086
71085
71085
71085
71084
71084
71084
71083
71083
71083
71082
71082
71082
71078
71076
71075
71072
71069
71067
71067
71067
71067
71066
71066
71066
71065
71065
71065
71065
71064
71064
71064
71064
71063
71063
71063
71063
71062
71062
71060
71060
71059
71059
71059
71059
71058
71058
71057
71057
71057
71057
71054
71054
71054
71053
71053
71053
71052
71052
71052
71050
71049
71048
71047
71047
71047
71046
71046
71046
71046
71045
71045
71045
71044
71044
71044
71043
71043
71043
71042
71042
71042
71041
71040
71039
71038
71038
71037
71037
71037
71037
71037
71036
71036
71036
71036
71036
71035
71035
71035
71035
71034
71034
71034
71034
71033
71032
71032
71031
71031
71031
71031
71030
71030
71030
71030
71029
71029
71029
71029
71029
71028
71028
71028
71028
71027
71027
71027
71027
71027
71026
71026
71026
71026
71025
71025
71025
71025
71025
71024
71024
71024
71024
71023
71023
71023
71023
71023
71022
71022
71022
71022
71021
71021
71021
71021
71021
71020
71020
71020
71020
71019
71019
71019
71019
71019
71018
71018
71018
71018
71017
71017
71017
71017
71017
71016
71016
71016
71016
71014
71014
71014
71013
71013
71013
71013
71013
71012
71012
71012
71012
71011
71011
71011
71011
71011
71010
71010
71010
71010
71009
71009
71009
71009
71009
71006
71004
71002
71001
71000
70998
70998
70998
70997
70997
70997
70996
70996
70996
70996
70995
70995
70995
70995
70994
70993
70993
70992
70992
70992
70992
70991
70991
70991
70990
70989
70989
70989
70989
70988
70988
70988
70988
70988
70987
70987
70986
70986
70984
70984
70984
70983
70983
70983
70983
70983
70982
70982
70982
70982
70981
70981
70981
70981
70981
70980
70980
70980
70980
70978
70978
70977
70976
70976
70976
70976
70975
70975
70975
70975
70975
70974
70974
70974
70974
70974
70973
70973
70973
70973
70972
70972
70970
70969
70969
70969
70969
70969
70968
70968
70968
70968
70967
70967
70967
70967
70967
70966
70966
70966
70966
70965
70965
70965
70965
70965
70964
70964
70964
70964
70963
70963
70963
70963
70963
70962
70962
70962
70962
70961
70961
70961
70961
70961
70960
70960
70960
70960
70959
70959
70959
70959
70959
70958
70958
70958
70958
70958
70957
70957
70957
70957
70956
70956
70956
70956
70956
70955
70955
70955
70954
70954
70953
70952
70952
70952
70952
70952
70951
70951
70951
70951
70951
70950
70950
70950
70950
70949
70949
70949
70949
70949
70948
70948
70948
70948
70947
70947
70947
70947
70946
70946
70946
70946
70946
70945
70945
70944
70942
70940
70938
70937
70935
70935
70935
70935
70934
70934
70934
70934
70933
70932
70932
70931
70931
70931
70931
70929
70929
70929
70929
70929
70928
70928
70928
70928
70927
70927
70927
70927
70927
70926
70925
70925
70923
70923
70923
70923
70923
70922
70922
70922
70922
70921
70921
70921
70921
70921
70920
70920
70920
70920
70920
70919
70919
70918
70917
70916
70916
70916
70915
70914
70913
70913
70913
70913
70913
70912
70912
70912
70912
70911
70911
70911
70911
70910
70910
70910
70908
70908
70908
70908
70908
70907
70907
70907
70907
70906
70906
70906
70906
70906
70905
70905
70905
70903
70903
70903
70903
70903
70902
70902
70902
70901
70901
70901
70901
70901
70900
70900
70900
70900
70899
70899
70899
70899
70899
70898
70898
70898
70898
70898
70897
70897
70897
70897
70896
70896
70896
70896
70895
70895
70895
70895
70895
70894
70894
70894
70894
70894
70893
70893
70893
70893
70892
70891
70891
70891
70890
70890
70890
70890
70890
70889
70889
70889
70889
70888
70888
70888
70888
70887
70887
70887
70887
70887
70886
70886
70886
70886
70885
70885
70885
70885
70885
70884
70884
70884
70884
70883
70883
70883
70883
70883
70882
70882
70882
70882
70882
70880
70878
70877
70876
70874
70873
70872
70872
70871
70871
70870
70869
70869
70868
70868
70868
70868
70867
70867
70867
70867
70867
70866
70866
70866
70866
70866
70865
70865
70864
70864
70862
70862
70862
70861
70861
70861
70861
70861
70860
70860
70860
70860
70860
70859
70859
70859
70859
70858
70858
70858
70858
70856
70856
70855
70855
70854
70854
70854
70854
70854
70853
70853
70853
70853
70852
70852
70852
70852
70851
70851
70851
70851
70851
70850
70849
70849
70848
70848
70848
70848
70848
70847
70847
70847
70847
70847
70846
70846
70846
70846
70845
70843
70843
70842
70842
70842
70842
70842
70841
70841
70841
70841
70840
70840
70840
70840
70839
70839
70839
70839
70839
70838
70838
70838
70838
70838
70837
70837
70837
70837
70837
70836
70836
70836
70836
70835
70835
70834
70833
70833
70833
70833
70833
70832
70832
70832
70832
70831
70830
70830
70829
70829
70829
70829
70829
70828
70828
70828
70828
70828
70827
70827
70827
70827
70826
70826
70826
70826
70826
70825
70825
70825
70825
70825
70824
70824
70824
70824
70823
70823
70823
70823
70823
70822
70822
70822
70822
70822
70821
70821
70821
70821
70820
70820
70820
70820
70820
70819
70819
70819
70819
70817
70816
70813
70812
70810
70809
70808
70808
70808
70808
70807
70807
70807
70807
70807
70806
70806
70806
70806
70805
70805
70805
70805
70803
70803
70802
70802
70801
70801
70801
70801
70801
70800
70800
70800
70800
70799
70799
70799
70799
70799
70798
70798
70798
70798
70798
70796
70796
70794
70794
70794
70794
70794
70793
70793
70793
70793
70792
70792
70792
70792
70792
70791
70791
70791
70791
70791
70790
70790
70789
70788
70788
70788
70788
70788
70787
70787
70787
70787
70786
70786
70786
70786
70786
70785
70785
70784
70784
70783
70783
70783
70783
70782
70782
70782
70782
70782
70781
70781
70781
70781
70780
70780
70780
70780
70779
70779
70778
70778
70777
70777
70777
70777
70776
70776
70776
70776
70775
70775
70775
70775
70774
70774
70774
70774
70774
70773
70773
70773
70773
70771
70771
70771
70771
70770
70770
70770
70770
70770
70769
70769
70769
70769
70768
70768
70768
70768
70768
70767
70767
70767
70767
70766
70766
70766
70766
70766
70765
70765
70765
70765
70765
70764
70764
70764
70764
70763
70763
70763
70763
70763
70762
70762
70762
70762
70762
70761
70761
70761
70761
70760
70760
70760
70760
70760
70759
70759
70759
70759
70759
70758
70758
70755
70754
70752
70751
70749
70748
70748
70748
70747
70747
70747
70747
70746
70746
70746
70746
70746
70744
70744
70743
70742
70742
70742
70742
70742
70741
70741
70741
70741
70740
70740
70740
70740
70740
70739
70739
70739
70739
70739
70738
70736
70736
70735
70735
70734
70721
70720
70720
70720
70720
70719
70719
70719
70719
70719
70718
70718
70718
70718
70717
70717
70717
70717
70715
70715
70715
70714
70714
70714
70713
70713
70713
70713
70713
70712
70712
70712
70712
70711
70711
70710
70709
70709
70709
70709
70708
70708
70708
70708
70708
70707
70707
70707
70707
70706
70706
70706
70706
70705
70705
70705
70702
70702
70701
70701
70700
70700
70700
70700
70700
70699
70699
70699
70699
70698
70698
70698
70698
70698
70697
70697
70696
70695
70695
70695
70695
70694
70694
70694
70694
70694
70693
70693
70693
70693
70692
70692
70692
70692
70692
70691
70691
70691
70691
70691
70690
70690
70690
70690
70689
70689
70689
70689
70689
70688
70688
70688
70688
70688
70687
70687
70687
70686
70686
70686
70686
70686
70685
70685
70685
70685
70684
70684
70684
70684
70684
70683
70683
70683
70683
70682
70682
70682
70682
70682
70681
70681
70681
70681
70680
70680
70680
70678
70677
70676
70674
70673
70670
70670
70670
70670
70669
70669
70668
70667
70666
70666
70666
70665
70665
70665
70665
70664
70664
70664
70664
70664
70646
70646
70645
70645
70645
70645
70644
70644
70644
70643
70642
70641
70641
70640
70640
70640
70640
70639
70639
70639
70639
70639
70638
70620
70619
70619
70619
70619
70618
70618
70618
70617
70615
70615
70615
70614
70614
70614
70614
70612
70611
70611
70611
70611
70610
70610
70610
70610
70609
70608
70608
70607
70607
70607
70607
70606
70606
70606
70606
70605
70605
70605
70605
70604
70604
70604
70603
70603
70603
70603
70601
70601
70600
70599
70599
70599
70599
70599
70598
70598
70598
70598
70597
70597
70597
70597
70596
70595
70595
70594
70594
70594
70594
70594
70593
70593
70593
70593
70592
70592
70592
70592
70591
70591
70591
70591
70591
70590
70590
70590
70590
70589
70589
70589
70589
70589
70588
70588
70588
70588
70588
70587
70587
70587
70587
70586
70586
70586
70586
70586
70585
70585
70585
70585
70584
70584
70584
70584
70583
70583
70583
70583
70583
70582
70582
70582
70582
70582
70581
70581
70581
70581
70580
70580
70580
70580
70580
70579
70579
70579
70579
70578
70578
70578
70578
70578
70577
70576
70574
70573
70571
70570
70568
70567
70566
70566
70565
70565
70565
70565
70564
70564
70564
70564
70563
70563
70563
70563
70563
70562
70562
70562
70562
70562
70561
70560
70560
70558
70558
70558
70558
70557
70557
70557
70557
70556
70556
70556
70556
70556
70555
70555
70555
70555
70555
70554
70554
70554
70552
70552
70552
70552
70552
70551
70551
70551
70551
70550
70550
70550
70550
70550
70549
70549
70549
70548
70547
70547
70547
70547
70546
70546
70546
70546
70546
70545
70545
70545
70545
70544
70544
70544
70544
70543
70543
70543
70540
70540
70539
70538
70538
70538
70538
70537
70537
70537
70537
70537
70536
70536
70534
70534
70534
70534
70534
70533
70533
70533
70533
70532
70532
70532
70532
70532
70531
70531
70531
70531
70531
70530
70530
70530
70530
70529
70529
70528
70527
70527
70527
70527
70527
70526
70526
70526
70526
70525
70525
70525
70525
70525
70524
70524
70524
70524
70524
70523
70523
70523
70523
70522
70522
70522
70522
70522
70521
70521
70521
70521
70520
70520
70520
70520
70520
70519
70519
70519
70519
70518
70518
70518
70518
70517
70517
70517
70517
70517
70516
70516
70516
70516
70516
70515
70515
70515
70515
70514
70514
70514
70514
70512
70510
70508
70507
70505
70504
70504
70503
70503
70503
70503
70503
70502
70502
70502
70502
70501
70501
70501
70501
70501
70500
70499
70499
70497
70497
70497
70497
70496
70496
70496
70496
70495
70495
70495
70495
70495
70494
70494
70494
70494
70493
70493
70493
70493
70491
70491
70491
70491
70490
70490
70490
70490
70490
70489
70489
70489
70489
70488
70488
70488
70488
70486
70486
70486
70486
70485
70485
70485
70485
70484
70484
70484
70484
70484
70483
70483
70483
70483
70483
70482
70482
70482
70481
70480
70479
70478
70478
70478
70478
70478
70477
70477
70477
70475
70475
70475
70475
70475
70474
70474
70474
70474
70473
70473
70473
70471
70471
70471
70471
70471
70470
70470
70470
70470
70469
70469
70469
70469
70468
70468
70468
70468
70468
70467
70467
70467
70467
70467
70466
70466
70466
70466
70465
70465
70465
70465
70465
70464
70464
70464
70464
70463
70463
70463
70463
70462
70462
70462
70462
70461
70461
70461
70461
70461
70460
70460
70460
70460
70459
70459
70459
70459
70459
70458
70458
70458
70458
70457
70457
70457
70457
70457
70456
70456
70456
70456
70455
70455
70455
70455
70455
70454
70454
70454
70454
70454
70453
70453
70453
70453
70452
70449
70447
70446
70444
70442
70441
70441
70440
70440
70440
70440
70440
70439
70439
70439
70439
70437
70437
70436
70435
70435
70435
70435
70435
70434
70434
70434
70434
70434
70433
70433
70433
70433
70432
70432
70432
70432
70432
70431
70430
70430
70429
70429
70429
70429
70428
70428
70428
70428
70428
70427
70427
70427
70427
70427
70426
70425
70425
70424
70424
70424
70424
70424
70423
70423
70423
70423
70423
70422
70422
70422
70422
70421
70421
70421
70421
70421
70419
70419
70417
70416
70416
70416
70416
70415
70414
70414
70413
70413
70413
70413
70412
70412
70412
70412
70412
70411
70411
70411
70411
70409
70409
70408
70407
70407
70407
70407
70406
70406
70406
70406
70406
70405
70405
70405
70405
70405
70404
70404
70404
70404
70404
70403
70403
70403
70403
70402
70402
70402
70402
70402
70401
70401
70401
70401
70401
70400
70400
70400
70400
70399
70399
70399
70399
70399
70398
70398
70398
70398
70398
70397
70397
70397
70396
70396
70396
70396
70396
70395
70395
70395
70395
70395
70394
70394
70394
70394
70394
70393
70393
70393
70393
70392
70392
70392
70392
70392
70391
70391
70391
70391
70390
70390
70390
70390
70390
70389
70389
70389
70389
70388
70388
70387
70385
70384
70383
70381
70380
70379
70379
70379
70379
70377
70377
70376
70375
70375
70375
70375
70374
70374
70374
70374
70374
70373
70373
70373
70373
70372
70372
70372
70372
70372
70371
70371
70370
70370
70369
70369
70369
70369
70368
70368
70368
70368
70368
70367
70367
70367
70367
70367
70366
70365
70365
70364
70364
70364
70364
70363
70363
70363
70363
70363
70362
70362
70362
70360
70360
70360
70360
70359
70359
70359
70358
70357
70356
70356
70355
70354
70354
70354
70353
70353
70353
70353
70352
70352
70352
70352
70352
70351
70351
70351
70351
70351
70350
70349
70349
70347
70347
70347
70347
70346
70346
70346
70346
70346
70345
70345
70345
70345
70344
70344
70344
70344
70344
70343
70343
70343
70343
70343
70342
70342
70342
70342
70342
70341
70341
70341
70341
70340
70340
70340
70340
70340
70339
70339
70339
70339
70339
70338
70338
70338
70338
70338
70337
70337
70337
70337
70336
70336
70336
70336
70336
70335
70335
70335
70335
70335
70334
70334
70334
70334
70333
70333
70333
70333
70333
70332
70332
70332
70332
70331
70331
70331
70331
70331
70330
70330
70330
70330
70330
70329
70329
70329
70329
70328
70328
70328
70328
70328
70327
70327
70327
70325
70324
70322
70320
70318
70316
70315
70315
70315
70314
70314
70314
70314
70313
70313
70313
70313
70313
70312
70312
70312
70312
70311
70311
70311
70311
70310
70309
70309
70309
70308
70308
70308
70308
70307
70307
70307
70307
70306
70306
70306
70306
70305
70305
70304
70304
70303
70303
70303
70303
70302
70302
70302
70302
70302
70301
70301
70301
70301
70301
70300
70300
70300
70300
70299
70298
70298
70294
70294
70294
70294
70293
70293
70293
70293
70292
70292
70292
70292
70292
70291
70291
70291
70291
70291
70290
70290
70290
70288
70288
70287
70287
70286
70286
70286
70286
70286
70285
70285
70285
70285
70284
70284
70284
70284
70284
70283
70283
70283
70283
70282
70282
70282
70282
70282
70281
70281
70281
70281
70281
70280
70280
70280
70280
70280
70279
70279
70279
70277
70277
70277
70277
70277
70276
70276
70276
70276
70275
70275
70275
70275
70275
70274
70274
70274
70274
70273
70273
70273
70273
70273
70272
70272
70272
70272
70271
70271
70271
70271
70271
70270
70270
70270
70270
70270
70269
70269
70269
70269
70268
70268
70268
70268
70268
70267
70267
70267
70267
70267
70266
70266
70266
70266
70265
70265
70265
70265
70265
70264
70264
70264
70264
70261
70260
70258
70257
70256
70254
70254
70254
70254
70253
70253
70253
70253
70253
70252
70252
70252
70252
70251
70251
70251
70250
70249
70249
70249
70249
70249
70248
70248
70248
70248
70247
70247
70247
70247
70247
70246
70246
70245
70244
70244
70244
70244
70244
70243
70243
70243
70243
70242
70242
70242
70242
70242
70241
70241
70241
70241
70241
70239
70238
70238
70236
70236
70236
70236
70235
70235
70235
70235
70234
70234
70234
70234
70234
70233
70233
70233
70233
70233
70232
70232
70232
70230
70230
70229
70228
70228
70228
70228
70228
70227
70227
70227
70227
70226
70226
70226
70226
70226
70225
70225
70225
70225
70225
70224
70223
70222
70222
70222
70222
70221
70221
70221
70221
70221
70220
70220
70220
70220
70220
70219
70219
70219
70219
70219
70218
70218
70218
70218
70217
70217
70217
70217
70217
70216
70216
70216
70216
70216
70215
70215
70215
70215
70215
70214
70214
70214
70214
70213
70213
70213
70213
70213
70212
70212
70212
70212
70211
70211
70211
70211
70211
70210
70210
70210
70210
70210
70209
70209
70209
70209
70208
70208
70208
70208
70208
70207
70207
70207
70207
70207
70206
70206
70206
70206
70205
70204
70204
70203
70203
70203
70203
70200
70199
70198
70196
70194
70193
70193
70192
70192
70192
70192
70191
70191
70191
70191
70190
70189
70189
70189
70189
70188
70188
70188
70188
70188
70187
70187
70187
70187
70186
70186
70186
70184
70184
70184
70184
70184
70183
70183
70183
70183
70182
70182
70182
70182
70181
70181
70181
70181
70179
70179
70179
70179
70176
70176
70174
70174
70174
70174
70173
70173
70173
70173
70173
70172
70172
70172
70172
70171
70171
70171
70171
70171
70170
70170
70170
70169
70168
70167
70166
70166
70166
70166
70165
70165
70165
70165
70165
70164
70164
70164
70164
70164
70163
70163
70163
70162
70162
70162
70161
70160
70160
70160
70160
70159
70159
70159
70159
70159
70158
70158
70158
70158
70157
70157
70157
70157
70157
70156
70156
70156
70156
70156
70155
70155
70155
70155
70154
70154
70154
70154
70153
70153
70153
70153
70153
70152
70152
70152
70152
70152
70151
70151
70151
70151
70150
70150
70150
70150
70150
70149
70149
70149
70149
70148
70148
70148
70148
70147
70147
70147
70147
70146
70146
70146
70146
70146
70145
70145
70145
70145
70145
70144
70144
70144
70144
70144
70142
70142
70142
70141
70141
70141
70141
70140
70140
70140
70140
70139
70139
70139
70139
70137
70136
70135
70133
70132
70130
70130
70130
70130
70129
70128
70128
70128
70128
70127
70127
70127
70127
70127
70126
70126
70126
70126
70125
70125
70125
70123
70123
70123
70123
70123
70122
70122
70122
70122
70122
70121
70121
70121
70121
70119
70119
70119
70119
70119
70118
70118
70117
70116
70115
70115
70115
70114
70114
70114
70114
70114
70113
70113
70113
70113
70112
70112
70112
70111
70110
70110
70110
70110
70109
70108
70108
70106
70106
70106
70106
70105
70105
70105
70105
70105
70104
70104
70104
70104
70103
70103
70103
70103
70103
70102
70102
70102
70100
70100
70100
70100
70100
70099
70099
70099
70099
70098
70098
70098
70098
70098
70097
70097
70097
70097
70097
70096
70096
70096
70096
70096
70095
70095
70095
70095
70094
70094
70094
70094
70094
70093
70093
70093
70093
70093
70092
70092
70092
70092
70091
70091
70091
70091
70091
70090
70090
70090
70090
70090
70089
70089
70089
70089
70088
70088
70088
70088
70088
70087
70087
70087
70087
70086
70086
70086
70086
70086
70085
70085
70085
70085
70084
70083
70083
70082
70082
70082
70082
70082
70081
70081
70081
70081
70080
70080
70080
70080
70080
70079
70079
70079
70079
70079
70078
70078
70078
70076
70075
70074
70071
70070
70068
70068
70068
70067
70067
70067
70067
70067
70066
70066
70066
70066
70065
70065
70065
70063
70063
70063
70063
70063
70062
70062
70062
70062
70061
70061
70060
70060
70059
70059
70059
70059
70058
70058
70058
70058
70055
70055
70054
70053
70053
70053
70053
70052
70052
70052
70052
70052
70051
70051
70051
70051
70051
70050
70050
70050
70050
70050
70049
70048
70048
70046
70046
70046
70045
70045
70045
70045
70045
70044
70044
70044
70044
70044
70043
70043
70043
70043
70042
70042
70042
70042
70040
70040
70040
70040
70040
70039
70039
70039
70039
70039
70038
70038
70038
70038
70037
70037
70037
70037
70037
70036
70036
70036
70036
70035
70035
70035
70035
70035
70034
70034
70034
70034
70033
70033
70033
70033
70033
70032
70032
70032
70032
70030
70030
70030
70030
70030
70029
70029
70029
70029
70029
70028
70028
70028
70028
70027
70027
70027
70027
70027
70026
70026
70026
70026
70026
70025
70025
70025
70025
70024
70024
70024
70023
70022
70022
70022
70022
70022
70021
70021
70021
70021
70020
70020
70020
70020
70020
70019
70019
70019
70019
70019
70018
70018
70018
70018
70017
70017
70017
70017
70017
70016
70016
70016
70016
70014
70013
70011
70010
70008
70007
70007
70006
70006
70006
70006
70005
70005
70005
70004
70003
70003
70003
70003
70003
70002
70002
70001
70000
70000
70000
70000
70000
69999
69999
69999
69999
69998
69998
69998
69996
69996
69995
69995
69994
69994
69994
69994
69993
69993
69993
69993
69993
69992
69992
69992
69992
69991
69991
69991
69991
69991
69990
69989
69989
69987
69987
69987
69987
69986
69986
69986
69986
69986
69985
69985
69985
69985
69984
69984
69984
69984
69984
69983
69983
69983
69982
69981
69981
69981
69981
69980
69980
69980
69980
69979
69979
69979
69979
69979
69978
69978
69978
69978
69977
69977
69977
69977
69977
69975
69975
69975
69974
69974
69974
69974
69974
69973
69973
69973
69973
69972
69972
69972
69972
69971
69971
69971
69971
69970
69970
69970
69970
69970
69969
69969
69969
69969
69969
69968
69968
69968
69968
69967
69967
69967
69967
69966
69966
69966
69966
69966
69965
69965
69965
69963
69963
69963
69963
69962
69962
69962
69962
69962
69961
69961
69961
69961
69960
69960
69960
69960
69960
69959
69959
69959
69959
69958
69958
69958
69958
69958
69957
69957
69957
69957
69957
69956
69956
69956
69956
69955
69955
69955
69955
69955
69954
69952
69950
69949
69947
69946
69945
69944
69944
69943
69943
69942
69942
69942
69940
69940
69939
69939
69939
69939
69939
69938
69938
69938
69938
69938
69937
69937
69937
69937
69934
69934
69933
69932
69932
69932
69932
69931
69931
69931
69931
69931
69930
69930
69930
69930
69930
69929
69929
69929
69929
69928
69928
69927
69927
69925
69925
69925
69925
69924
69924
69924
69924
69923
69923
69923
69923
69923
69922
69922
69922
69922
69921
69921
69921
69921
69919
69919
69919
69919
69919
69918
69918
69918
69918
69918
69917
69917
69917
69917
69916
69916
69916
69916
69916
69915
69915
69915
69915
69913
69913
69913
69912
69912
69912
69912
69912
69911
69911
69911
69911
69910
69910
69910
69910
69910
69909
69909
69909
69909
69908
69908
69908
69908
69908
69907
69907
69907
69907
69906
69906
69906
69906
69906
69905
69905
69905
69905
69905
69904
69904
69904
69902
69902
69902
69902
69902
69901
69901
69901
69901
69900
69900
69900
69900
69900
69899
69899
69899
69899
69899
69898
69898
69898
69898
69897
69897
69897
69897
69897
69896
69896
69896
69896
69896
69895
69895
69895
69895
69894
69894
69894
69894
69894
69893
69893
69893
69893
69892
69892
69892
69892
69892
69889
69888
69886
69884
69883
69882
69881
69881
69881
69881
69880
69880
69880
69880
69879
69879
69879
69879
69878
69878
69878
69878
69878
69876
69876
69875
69874
69874
69874
69874
69873
69873
69873
69873
69873
69872
69872
69872
69872
69871
69871
69871
69871
69871
69870
69870
69869
69868
69867
69867
69867
69866
69866
69866
69866
69866
69865
69865
69865
69865
69864
69864
69864
69864
69862
69862
69862
69862
69861
69860
69860
69860
69859
69859
69859
69859
69858
69858
69858
69858
69858
69857
69857
69857
69857
69856
69856
69856
69856
69856
69855
69855
69854
69854
69853
69853
69853
69853
69852
69852
69852
69852
69852
69851
69851
69851
69851
69849
69849
69849
69848
69848
69848
69848
69848
69847
69847
69847
69847
69846
69846
69846
69846
69846
69845
69845
69845
69845
69844
69844
69844
69844
69842
69842
69842
69841
69841
69841
69841
69841
69840
69840
69840
69840
69839
69839
69839
69839
69839
69838
69838
69838
69838
69837
69837
69837
69837
69837
69836
69836
69836
69835
69835
69835
69834
69834
69834
69834
69834
69833
69833
69833
69833
69833
69832
69832
69832
69832
69831
69831
69831
69831
69831
69830
69830
69830
69830
69829
69829
69829
69829
69829
69827
69824
69823
69821
69820
69818
69818
69818
69818
69817
69817
69817
69817
69816
69816
69816
69816
69814
69814
69812
69811
69811
69811
69811
69810
69810
69810
69810
69810
69809
69809
69809
69809
69808
69808
69808
69808
69808
69807
69807
69805
69805
69804
69804
69803
69803
69803
69803
69803
69802
69802
69802
69802
69801
69801
69801
69801
69801
69800
69800
69800
69800
69799
69798
69798
69798
69797
69797
69797
69797
69797
69796
69796
69796
69796
69795
69795
69795
69795
69795
69794
69794
69794
69793
69793
69793
69792
69791
69791
69791
69791
69790
69790
69790
69790
69790
69789
69789
69789
69789
69789
69787
69787
69787
69787
69786
69786
69786
69786
69785
69785
69785
69785
69785
69784
69784
69784
69784
69783
69783
69783
69783
69783
69781
69781
69781
69780
69780
69779
69779
69778
69778
69778
69778
69778
69777
69777
69777
69777
69776
69776
69776
69776
69776
69775
69775
69775
69775
69774
69774
69774
69774
69774
69773
69773
69773
69773
69773
69772
69772
69772
69772
69771
69771
69771
69771
69771
69770
69770
69770
69770
69769
69769
69769
69769
69769
69768
69768
69768
69768
69768
69767
69767
69767
69767
69766
69766
69766
69766
69766
69765
69765
69764
69762
69760
69759
69757
69756
69756
69755
69755
69755
69755
69753
69753
69752
69752
69751
69751
69751
69751
69751
69750
69750
69750
69750
69749
69749
69749
69749
69749
69748
69748
69748
69748
69748
69746
69746
69744
69744
69744
69744
69743
69743
69743
69743
69743
69742
69742
69742
69742
69742
69741
69741
69741
69741
69740
69740
69740
69738
69738
69738
69738
69738
69737
69737
69737
69736
69736
69736
69736
69736
69735
69735
69735
69735
69734
69734
69734
69734
69734
69733
69732
69732
69731
69731
69731
69731
69731
69730
69730
69730
69730
69729
69729
69729
69729
69727
69727
69726
69725
69725
69725
69724
69724
69724
69724
69724
69723
69723
69723
69723
69722
69722
69722
69722
69720
69720
69720
69719
69719
69719
69719
69718
69718
69718
69718
69717
69717
69717
69717
69717
69716
69716
69716
69716
69715
69715
69715
69715
69715
69714
69714
69714
69714
69714
69713
69713
69713
69713
69712
69712
69712
69712
69712
69711
69711
69711
69711
69711
69710
69710
69710
69710
69709
69709
69709
69709
69709
69708
69708
69708
69708
69707
69707
69707
69707
69707
69706
69706
69706
69706
69706
69705
69705
69705
69705
69704
69704
69704
69704
69704
69703
69703
69700
69699
69698
69696
69695
69692
69692
69690
69690
69689
69689
69689
69689
69688
69688
69688
69687
69687
69687
69687
69687
69686
69686
69686
69686
69686
69685
69685
69684
69683
69682
69682
69681
69681
69681
69681
69680
69680
69680
69680
69680
69679
69679
69679
69679
69679
69678
69678
69678
69678
69677
69676
69676
69676
69675
69675
69675
69675
69675
69674
69674
69674
69674
69673
69673
69673
69673
69673
69672
69672
69672
69672
69671
69671
69670
69669
69669
69669
69669
69669
69668
69668
69668
69668
69668
69667
69667
69667
69667
69665
69665
69663
69663
69663
69662
69662
69662
69661
69661
69661
69661
69661
69660
69660
69660
69658
69658
69658
69658
69657
69657
69657
69657
69657
69656
69656
69656
69656
69655
69655
69655
69655
69655
69654
69654
69654
69654
69654
69653
69653
69653
69653
69652
69652
69652
69652
69652
69651
69651
69651
69651
69651
69650
69650
69650
69650
69649
69649
69649
69649
69648
69648
69648
69648
69648
69647
69647
69647
69647
69646
69646
69646
69646
69646
69645
69645
69645
69645
69645
69644
69644
69644
69644
69643
69643
69643
69643
69643
69642
69642
69642
69641
69641
69641
69641
69641
69640
69640
69640
69640
69639
69639
69621
69618
69617
69614
69613
69612
69611
69611
69611
69611
69610
69610
69610
69610
69609
69609
69609
69609
69609
69608
69608
69608
69607
69606
69605
69605
69604
69604
69604
69603
69603
69603
69603
69602
69602
69602
69602
69602
69601
69601
69601
69601
69600
69600
69600
69599
69598
69598
69598
69598
69597
69597
69597
69597
69597
69596
69596
69596
69596
69596
69595
69595
69595
69595
69593
69593
69593
69593
69591
69591
69591
69590
69590
69590
69590
69590
69589
69589
69589
69589
69588
69588
69588
69587
69586
69585
69585
69585
69584
69584
69584
69584
69583
69583
69583
69583
69581
69581
69581
69581
69581
69580
69580
69580
69579
69579
69578
69577
69577
69577
69577
69577
69576
69576
69576
69576
69576
69575
69575
69575
69575
69574
69574
69574
69574
69574
69573
69573
69573
69573
69572
69572
69572
69572
69572
69571
69571
69571
69571
69571
69570
69570
69570
69570
69570
69569
69569
69569
69569
69568
69568
69568
69568
69568
69567
69567
69567
69567
69566
69566
69566
69566
69566
69565
69565
69565
69565
69564
69564
69564
69564
69564
69563
69563
69563
69563
69563
69562
69562
69562
69562
69562
69561
69561
69561
69561
69560
69560
69560
69560
69560
69559
69558
69556
69555
69554
69552
69551
69551
69550
69550
69550
69550
69550
69549
69549
69549
69549
69547
69547
69544
69544
69544
69544
69544
69543
69543
69543
69543
69542
69542
69542
69542
69542
69541
69541
69541
69541
69541
69540
69540
69538
69538
69538
69538
69537
69537
69537
69537
69537
69536
69536
69536
69536
69536
69535
69535
69535
69535
69534
69534
69534
69534
69534
69532
69532
69532
69532
69531
69531
69531
69531
69531
69530
69530
69530
69530
69529
69529
69528
69528
69526
69526
69526
69525
69525
69525
69525
69525
69523
69523
69523
69523
69522
69522
69522
69522
69521
69521
69521
69521
69521
69519
69519
69518
69517
69517
69517
69517
69517
69516
69516
69516
69516
69516
69515
69515
69515
69515
69514
69514
69514
69514
69514
69513
69513
69513
69513
69513
69512
69511
69511
69511
69510
69510
69510
69510
69509
69509
69509
69509
69509
69508
69508
69508
69508
69508
69507
69507
69507
69507
69506
69506
69506
69506
69506
69505
69505
69505
69505
69505
69504
69504
69503
69503
69503
69502
69502
69502
69502
69501
69501
69501
69501
69500
69500
69500
69500
69499
69499
69499
69499
69499
69498
69498
69498
69498
69497
69497
69497
69497
69497
69496
69496
69495
69493
69492
69490
69488
69487
69486
69486
69486
69486
69484
69484
69483
69483
69482
69482
69482
69482
69482
69481
69481
69481
69481
69480
69480
69480
69480
69480
69479
69479
69479
69479
69478
69477
69477
69477
69476
69476
69476
69476
69475
69475
69475
69475
69475
69474
69474
69474
69474
69474
69473
69473
69473
69473
69473
69472
69471
69471
69471
69470
69470
69470
69469
69469
69469
69469
69468
69468
69468
69468
69468
69466
69466
69464
69464
69464
69463
69463
69462
69462
69461
69461
69461
69461
69460
69460
69460
69460
69460
69459
69459
69459
69459
69459
69457
69457
69455
69455
69455
69455
69455
69454
69454
69454
69454
69453
69453
69453
69453
69453
69452
69452
69452
69452
69452
69451
69451
69451
69451
69450
69450
69450
69450
69450
69449
69449
69449
69449
69449
69448
69448
69448
69448
69447
69447
69447
69447
69447
69446
69446
69446
69446
69446
69445
69445
69445
69445
69444
69444
69444
69444
69444
69443
69443
69443
69443
69443
69442
69442
69442
69442
69441
69441
69441
69441
69441
69440
69440
69440
69440
69439
69439
69439
69439
69439
69438
69438
69438
69438
69438
69437
69437
69437
69437
69436
69436
69436
69436
69436
69435
69435
69435
69432
69431
69429
69428
69426
69423
69422
69421
69421
69421
69420
69420
69420
69420
69420
69419
69419
69419
69419
69418
69418
69418
69418
69418
69417
69417
69417
69415
69415
69415
69415
69415
69414
69414
69414
69414
69414
69413
69413
69413
69413
69412
69412
69412
69412
69412
69411
69411
69411
69411
69409
69409
69409
69409
69409
69408
69408
69408
69408
69407
69407
69407
69407
69407
69406
69405
69405
69403
69403
69402
69402
69401
69401
69401
69401
69400
69400
69400
69400
69400
69399
69399
69399
69399
69399
69398
69398
69398
69396
69396
69395
69395
69394
69394
69394
69394
69394
69393
69393
69393
69393
69393
69392
69392
69392
69392
69391
69391
69391
69391
69391
69390
69390
69390
69390
69390
69389
69389
69389
69389
69389
69388
69388
69388
69388
69387
69387
69387
69387
69387
69386
69386
69386
69386
69386
69385
69385
69385
69385
69385
69384
69384
69384
69384
69383
69383
69383
69383
69383
69382
69382
69382
69382
69382
69381
69381
69381
69381
69380
69380
69380
69380
69379
69379
69379
69379
69379
69378
69378
69378
69378
69378
69377
69377
69377
69377
69376
69376
69376
69376
69376
69375
69375
69375
69375
69374
69374
69374
69374
69374
69373
69373
69371
69369
69368
69367
69365
69364
69363
69363
69363
69363
69363
69362
69362
69362
69362
69362
69361
69361
69361
69361
69360
69359
69359
69359
69358
69358
69358
69358
69358
69357
69357
69357
69357
69356
69356
69356
69356
69356
69355
69355
69355
69355
69354
69354
69353
69353
69352
69352
69352
69352
69352
69351
69351
69351
69351
69350
69350
69350
69350
69348
69347
69345
69345
69345
69343
69343
69343
69343
69342
69342
69342
69342
69342
69341
69341
69341
69341
69341
69340
69340
69340
69340
69338
69338
69337
69336
69336
69336
69336
69336
69335
69335
69335
69335
69334
69334
69334
69334
69334
69333
69333
69333
69333
69333
69332
69331
69331
69330
69330
69330
69330
69330
69329
69329
69329
69329
69328
69328
69328
69328
69328
69327
69327
69327
69327
69327
69326
69326
69326
69326
69325
69325
69325
69325
69325
69324
69324
69324
69324
69323
69323
69323
69323
69323
69322
69322
69322
69322
69322
69321
69321
69321
69321
69321
69320
69320
69320
69320
69319
69319
69319
69319
69319
69318
69318
69318
69318
69317
69317
69317
69317
69316
69316
69316
69316
69316
69315
69315
69315
69315
69315
69314
69314
69314
69314
69314
69313
69313
69312
69311
69311
69311
69309
69308
69307
69305
69304
69302
69301
69301
69301
69301
69300
69300
69300
69300
69300
69298
69298
69298
69298
69297
69297
69297
69297
69296
69296
69296
69296
69296
69295
69295
69295
69295
69294
69294
69294
69294
69294
69293
69292
69292
69291
69291
69291
69291
69291
69290
69290
69290
69290
69290
69289
69288
69288
69286
69286
69285
69285
69284
69284
69284
69284
69284
69283
69283
69283
69283
69283
69282
69282
69282
69282
69281
69281
69281
69281
69281
69279
69279
69277
69277
69277
69277
69276
69276
69276
69276
69276
69275
69275
69275
69275
69275
69274
69274
69274
69274
69274
69273
69273
69271
69271
69271
69271
69271
69270
69270
69270
69270
69269
69269
69269
69269
69269
69268
69268
69268
69268
69268
69267
69267
69267
69267
69267
69266
69266
69266
69266
69265
69264
69264
69264
69263
69263
69263
69263
69262
69262
69262
69262
69262
69261
69261
69261
69260
69260
69260
69260
69259
69259
69259
69259
69259
69258
69258
69258
69258
69258
69257
69257
69257
69257
69256
69256
69256
69256
69256
69255
69255
69255
69255
69254
69254
69254
69254
69254
69253
69253
69253
69253
69251
69251
69251
69251
69251
69250
69250
69250
69250
69249
69249
69249
69249
69247
69244
69243
69242
69240
69239
69238
69238
69238
69236
69236
69236
69236
69236
69235
69235
69235
69235
69234
69234
69234
69234
69234
69233
69233
69233
69233
69232
69232
69232
69232
69232
69230
69230
69230
69229
69229
69229
69229
69228
69228
69228
69227
69227
69226
69226
69226
69225
69224
69223
69223
69222
69222
69222
69222
69221
69221
69221
69221
69221
69220
69220
69220
69220
69220
69219
69219
69219
69219
69218
69217
69217
69215
69215
69215
69215
69215
69214
69214
69214
69214
69213
69213
69213
69213
69213
69212
69212
69212
69212
69211
69211
69211
69210
69209
69209
69209
69209
69209
69208
69208
69208
69208
69208
69207
69207
69207
69207
69206
69206
69206
69206
69206
69205
69205
69205
69205
69204
69204
69204
69204
69204
69203
69203
69203
69203
69203
69202
69202
69202
69202
69202
69201
69201
69201
69201
69201
69200
69200
69200
69200
69199
69199
69199
69199
69199
69198
69198
69198
69198
69197
69197
69197
69197
69197
69196
69196
69196
69196
69196
69195
69195
69195
69195
69194
69194
69194
69194
69193
69193
69192
69192
69191
69191
69191
69191
69190
69190
69190
69190
69190
69189
69189
69189
69189
69189
69188
69188
69188
69188
69187
69187
69184
69183
69181
69178
69176
69175
69175
69175
69174
69174
69174
69174
69173
69173
69173
69173
69173
69172
69172
69172
69172
69171
69171
69171
69171
69171
69169
69169
69169
69168
69168
69168
69168
69166
69166
69166
69166
69165
69165
69165
69165
69163
69163
69162
69162
69161
69161
69161
69161
69161
69160
69160
69160
69160
69159
69159
69159
69159
69159
69158
69158
69158
69158
69158
69156
69156
69155
69154
69154
69154
69154
69153
69153
69153
69153
69153
69152
69152
69152
69152
69151
69151
69151
69151
69151
69150
69150
69149
69148
69148
69148
69148
69148
69147
69147
69147
69147
69146
69146
69146
69146
69146
69145
69145
69145
69145
69144
69144
69144
69144
69144
69143
69143
69143
69143
69143
69142
69142
69142
69142
69141
69141
69141
69141
69141
69140
69140
69140
69140
69139
69139
69139
69139
69139
69138
69138
69138
69138
69138
69137
69137
69137
69137
69136
69136
69136
69136
69136
69135
69135
69135
69135
69135
69134
69134
69134
69134
69133
69133
69133
69133
69131
69131
69131
69130
69130
69130
69130
69130
69129
69129
69129
69129
69129
69128
69128
69128
69128
69128
69127
69127
69127
69127
69126
69126
69126
69126
69126
69125
69125
69125
69125
69123
69122
69120
69119
69118
69116
69116
69116
69115
69115
69115
69115
69115
69114
69114
69114
69114
69113
69113
69113
69111
69111
69111
69111
69109
69109
69109
69109
69109
69108
69108
69108
69108
69108
69107
69106
69106
69104
69104
69104
69104
69103
69103
69103
69102
69102
69102
69102
69102
69101
69101
69101
69101
69101
69100
69100
69100
69100
69098
69098
69097
69096
69096
69096
69094
69094
69094
69094
69093
69093
69093
69093
69093
69092
69092
69092
69092
69092
69091
69091
69091
69090
69089
69089
69089
69089
69088
69088
69088
69088
69088
69087
69087
69087
69087
69087
69086
69086
69086
69086
69085
69085
69085
69085
69083
69083
69083
69083
69083
69082
69082
69082
69082
69082
69081
69081
69081
69081
69081
69080
69080
69080
69080
69079
69079
69079
69079
69079
69078
69078
69078
69078
69077
69077
69077
69077
69077
69076
69076
69076
69076
69075
69075
69075
69075
69075
69074
69074
69074
69074
69074
69073
69072
69072
69071
69071
69071
69071
69070
69070
69070
69070
69070
69069
69069
69069
69069
69069
69068
69068
69068
69068
69067
69067
69067
69067
69067
69066
69066
69066
69066
69066
69065
69065
69065
69065
69064
69064
69064
69064
69064
69063
69062
69060
69059
69057
69055
69053
69053
69053
69053
69052
69052
69052
69052
69051
69050
69049
69048
69048
69048
69047
69047
69047
69047
69047
69046
69045
69016
69016
69016
69013
69013
69010
69010
69009
69009
69009
69008
69008
69007
69007
69006
69006
69006
69006
69005
69005
69005
69004
69004
69004
69003
69003
69001
69001
68999
68999
68998
68998
68998
68998
68997
68997
68997
68996
68996
68995
68995
68995
68994
68994
68994
68994
68993
68993
68993
68991
68991
68991
68990
68990
68990
68990
68989
68989
68989
68989
68989
68988
68988
68988
68988
68987
68987
68987
68987
68987
68986
68986
68985
68984
68984
68984
68984
68984
68983
68983
68983
68983
68982
68982
68982
68982
68982
68981
68981
68981
68981
68981
68980
68980
68980
68980
68979
68979
68979
68979
68979
68978
68977
68977
68976
68976
68976
68976
68976
68975
68975
68975
68975
68974
68974
68974
68974
68972
68972
68972
68972
68971
68971
68971
68971
68970
68970
68970
68970
68970
68969
68969
68969
68969
68968
68968
68967
68967
68967
68966
68966
68966
68966
68966
68965
68965
68965
68965
68964
68964
68964
68964
68964
68963
68963
68963
68963
68963
68962
68962
68962
68962
68961
68961
68961
68961
68959
68958
68956
68955
68953
68952
68951
68950
68949
68949
68949
68948
68948
68948
68948
68948
68947
68947
68947
68947
68947
68946
68946
68945
68944
68943
68943
68942
68942
68942
68942
68941
68941
68941
68941
68941
68940
68940
68940
68940
68939
68939
68939
68939
68939
68938
68937
68937
68935
68935
68935
68934
68934
68934
68934
68934
68933
68933
68933
68933
68932
68932
68932
68932
68931
68931
68931
68931
68930
68929
68929
68928
68928
68928
68928
68927
68927
68927
68927
68927
68926
68926
68926
68926
68926
68925
68925
68925
68925
68924
68924
68924
68923
68922
68922
68922
68922
68922
68921
68921
68921
68921
68920
68920
68920
68920
68920
68919
68919
68919
68919
68918
68918
68918
68918
68918
68917
68917
68917
68917
68916
68916
68916
68916
68916
68915
68915
68915
68915
68914
68914
68914
68914
68914
68912
68912
68912
68911
68911
68911
68911
68910
68910
68910
68910
68910
68909
68908
68908
68908
68908
68908
68907
68907
68907
68907
68907
68906
68906
68906
68906
68905
68905
68905
68905
68905
68904
68904
68904
68904
68903
68903
68903
68903
68903
68902
68902
68902
68902
68901
68901
68901
68901
68901
68900
68900
68900
68900
68900
68899
68899
68899
68896
68895
68891
68890
68887
68885
68885
68885
68884
68884
68884
68884
68883
68883
68883
68883
68882
68881
68881
68880
68879
68879
68879
68879
68878
68878
68878
68878
68878
68877
68877
68877
68877
68877
68876
68876
68876
68876
68875
68875
68874
68874
68872
68872
68872
68872
68871
68871
68871
68871
68870
68870
68870
68870
68870
68869
68869
68869
68869
68868
68868
68868
68868
68866
68866
68866
68866
68865
68865
68865
68865
68865
68864
68864
68864
68864
68863
68863
68863
68863
68863
68862
68862
68862
68862
68862
68860
68860
68860
68860
68859
68859
68859
68859
68858
68858
68858
68858
68858
68857
68857
68857
68857
68856
68856
68856
68855
68854
68854
68853
68853
68853
68853
68852
68852
68852
68852
68852
68851
68851
68851
68851
68850
68850
68850
68849
68848
68848
68848
68848
68847
68847
68847
68847
68847
68846
68846
68846
68846
68846
68845
68845
68845
68845
68844
68844
68844
68844
68844
68843
68843
68843
68843
68843
68842
68842
68842
68842
68841
68841
68841
68841
68841
68840
68840
68840
68840
68840
68839
68839
68839
68839
68838
68838
68838
68838
68838
68837
68837
68837
68837
68836
68836
68836
68836
68836
68835
68835
68835
68835
68834
68834
68832
68831
68829
68828
68827
68825
68825
68825
68825
68824
68824
68823
68823
68821
68821
68821
68820
68820
68820
68820
68820
68819
68819
68819
68819
68818
68818
68818
68818
68817
68817
68817
68817
68817
68815
68815
68814
68813
68813
68813
68813
68812
68812
68812
68812
68812
68811
68811
68811
68811
68811
68810
68810
68810
68810
68809
68809
68808
68808
68807
68807
68807
68807
68807
68805
68805
68805
68804
68804
68804
68804
68804
68803
68803
68803
68803
68802
68802
68802
68802
68800
68800
68800
68800
68799
68799
68799
68799
68798
68798
68798
68798
68798
68797
68797
68797
68797
68797
68796
68796
68796
68794
68794
68793
68793
68792
68792
68792
68792
68792
68791
68791
68791
68791
68790
68790
68789
68789
68788
68788
68788
68788
68788
68787
68787
68787
68787
68786
68786
68786
68786
68786
68785
68785
68785
68785
68785
68784
68784
68784
68784
68783
68783
68783
68783
68783
68782
68782
68782
68782
68782
68781
68781
68781
68781
68780
68780
68780
68780
68780
68779
68779
68779
68779
68778
68778
68778
68778
68778
68777
68777
68777
68777
68777
68776
68776
68776
68776
68776
68775
68775
68775
68775
68774
68774
68774
68774
68774
68773
68773
68773
68773
68771
68770
68769
68766
68765
68762
68762
68760
68760
68760
68760
68760
68759
68759
68759
68759
68758
68758
68758
68758
68758
68757
68757
68757
68757
68756
68756
68756
68755
68754
68753
68753
68752
68752
68752
68752
68751
68751
68751
68751
68751
68750
68750
68750
68750
68750
68749
68749
68749
68749
68748
68747
68747
68747
68746
68746
68746
68746
68745
68745
68745
68745
68745
68744
68744
68744
68744
68743
68743
68743
68743
68743
68742
68742
68741
68740
68740
68740
68740
68739
68739
68739
68739
68739
68738
68738
68738
68738
68738
68737
68737
68737
68737
68737
68736
68735
68735
68733
68733
68733
68733
68732
68732
68732
68732
68732
68731
68730
68730
68729
68729
68729
68728
68728
68728
68728
68727
68727
68727
68727
68727
68726
68726
68726
68726
68726
68725
68725
68724
68723
68723
68723
68723
68723
68722
68722
68722
68722
68722
68721
68721
68721
68721
68721
68720
68720
68720
68720
68719
68719
68719
68719
68719
68718
68718
68718
68718
68717
68717
68717
68717
68716
68716
68716
68716
68716
68715
68715
68715
68715
68715
68714
68714
68714
68714
68713
68713
68713
68713
68713
68712
68712
68712
68712
68712
68711
68711
68711
68711
68710
68710
68710
68708
68706
68704
68703
68700
68699
68699
68698
68698
68698
68698
68697
68697
68697
68697
68697
68696
68696
68696
68696
68696
68695
68694
68694
68692
68692
68692
68692
68691
68691
68691
68691
68691
68690
68690
68690
68690
68690
68689
68689
68689
68689
68689
68688
68688
68687
68686
68686
68686
68686
68686
68685
68685
68685
68685
68684
68684
68684
68684
68684
68683
68683
68683
68683
68683
68682
68682
68682
68680
68680
68680
68680
68679
68679
68679
68679
68679
68678
68678
68678
68678
68678
68677
68677
68677
68677
68676
68676
68676
68675
68674
68673
68673
68673
68672
68672
68672
68672
68670
68670
68670
68669
68669
68669
68669
68669
68668
68668
68668
68668
68667
68667
68667
68667
68667
68666
68666
68666
68666
68666
68665
68665
68665
68665
68665
68664
68664
68664
68664
68663
68663
68663
68663
68663
68662
68662
68662
68662
68662
68661
68661
68661
68661
68660
68660
68660
68660
68660
68659
68659
68659
68659
68658
68658
68658
68658
68658
68657
68657
68657
68657
68657
68656
68656
68656
68656
68656
68655
68655
68655
68655
68654
68654
68654
68654
68654
68653
68653
68653
68653
68653
68652
68652
68652
68652
68651
68651
68651
68651
68651
68650
68650
68647
68644
68642
68641
68640
68638
68608
68608
68607
68607
68607
68607
68606
68606
68606
68606
68603
68603
68601
68601
68601
68601
68600
68600
68600
68600
68599
68599
68599
68599
68598
68598
68598
68597
68597
68597
68596
68596
68596
68595
68594
68594
68594
68594
68593
68593
68593
68593
68593
68592
68592
68592
68592
68592
68591
68591
68591
68591
68590
68590
68590
68590
68588
68588
68588
68588
68587
68587
68587
68587
68587
68586
68586
68586
68586
68585
68585
68585
68585
68585
68584
68584
68584
68583
68582
68581
68581
68580
68580
68579
68579
68578
68578
68578
68578
68577
68577
68577
68577
68576
68575
68575
68574
68574
68574
68574
68573
68573
68573
68573
68573
68572
68572
68572
68572
68571
68571
68571
68571
68571
68570
68570
68570
68570
68570
68569
68569
68569
68569
68568
68568
68568
68568
68568
68567
68567
68567
68567
68567
68566
68566
68566
68566
68565
68565
68565
68565
68565
68564
68564
68564
68564
68564
68563
68563
68563
68563
68562
68562
68562
68562
68562
68561
68561
68561
68561
68561
68560
68560
68560
68560
68559
68559
68559
68559
68559
68558
68558
68558
68558
68557
68557
68557
68557
68557
68556
68556
68556
68556
68555
68555
68555
68552
68551
68549
68548
68547
68545
68545
68544
68544
68544
68542
68542
68541
68540
68540
68540
68540
68539
68539
68539
68539
68538
68538
68538
68538
68538
68537
68537
68537
68537
68536
68536
68536
68535
68534
68534
68534
68534
68534
68533
68533
68533
68533
68532
68532
68532
68532
68532
68531
68531
68531
68531
68531
68530
68530
68530
68529
68528
68528
68528
68528
68527
68527
68527
68525
68525
68525
68525
68525
68524
68524
68524
68524
68523
68523
68523
68523
68522
68521
68520
68519
68518
68518
68518
68518
68518
68517
68517
68517
68517
68517
68516
68516
68516
68514
68514
68512
68512
68512
68512
68511
68511
68511
68511
68510
68510
68510
68510
68510
68509
68509
68509
68509
68508
68508
68508
68508
68508
68507
68507
68507
68507
68507
68506
68506
68506
68506
68505
68505
68505
68505
68505
68504
68504
68504
68504
68504
68503
68503
68503
68503
68502
68502
68502
68502
68502
68501
68501
68501
68501
68500
68500
68500
68500
68500
68499
68499
68499
68499
68498
68498
68498
68498
68498
68497
68497
68497
68497
68497
68496
68496
68496
68496
68495
68495
68495
68495
68495
68494
68494
68494
68494
68493
68493
68493
68493
68493
68492
68492
68492
68492
68492
68490
68488
68486
68484
68482
68480
68479
68479
68479
68478
68478
68478
68478
68477
68477
68477
68477
68477
68476
68476
68476
68476
68475
68475
68475
68475
68475
68473
68473
68473
68472
68472
68472
68472
68472
68471
68471
68471
68471
68471
68470
68470
68470
68470
68469
68469
68469
68469
68469
68468
68467
68467
68466
68466
68466
68466
68465
68465
68465
68465
68465
68464
68464
68464
68464
68464
68463
68463
68463
68463
68462
68459
68459
68458
68458
68457
68457
68457
68457
68457
68456
68456
68456
68456
68455
68455
68455
68455
68453
68453
68452
68452
68451
68451
68451
68451
68451
68450
68450
68450
68450
68449
68449
68449
68449
68449
68448
68448
68448
68448
68447
68447
68447
68447
68447
68446
68446
68446
68446
68446
68445
68445
68445
68445
68445
68444
68444
68444
68442
68442
68442
68442
68441
68441
68441
68441
68441
68440
68440
68440
68440
68439
68439
68439
68439
68439
68438
68438
68438
68438
68438
68437
68437
68437
68437
68436
68436
68436
68436
68436
68435
68435
68435
68435
68435
68434
68434
68434
68434
68433
68433
68433
68433
68433
68432
68432
68432
68432
68431
68431
68431
68431
68431
68430
68430
68430
68430
68430
68429
68429
68429
68429
68426
68425
68422
68421
68420
68418
68418
68418
68418
68417
68417
68417
68417
68416
68416
68416
68416
68416
68415
68415
68415
68414
68413
68413
68413
68413
68412
68412
68412
68412
68411
68411
68411
68411
68411
68410
68410
68410
68410
68409
68409
68409
68409
68409
68407
68407
68407
68406
68406
68406
68406
68406
68405
68405
68405
68405
68405
68404
68404
68404
68404
68403
68402
68402
68402
68400
68400
68399
68398
68398
68398
68398
68397
68397
68397
68397
68397
68396
68396
68396
68396
68396
68394
68394
68393
68392
68392
68392
68392
68391
68391
68391
68391
68391
68390
68390
68390
68390
68390
68389
68389
68389
68389
68388
68388
68387
68386
68386
68386
68386
68386
68385
68385
68385
68385
68385
68384
68384
68384
68384
68384
68383
68383
68383
68383
68382
68382
68382
68382
68382
68381
68381
68381
68381
68380
68380
68380
68380
68380
68379
68379
68379
68379
68379
68378
68378
68378
68378
68377
68377
68377
68377
68377
68376
68376
68376
68376
68375
68375
68375
68375
68375
68374
68374
68374
68374
68374
68373
68373
68373
68373
68372
68372
68372
68372
68371
68371
68371
68371
68371
68370
68370
68370
68370
68369
68369
68369
68369
68369
68368
68367
68367
68363
68361
68360
68358
68357
68356
68355
68355
68355
68355
68354
68354
68353
68353
68353
68349
68348
68348
68348
68347
68347
68347
68346
68346
68346
68345
68345
68345
68345
68344
68344
68344
68343
68343
68343
68342
68342
68342
68339
68339
68338
68338
68337
68337
68337
68336
68336
68336
68336
68335
68335
68335
68334
68333
68332
68332
68331
68331
68331
68329
68328
68327
68326
68325
68325
68325
68324
68324
68323
68323
68323
68322
68322
68322
68321
68321
68319
68318
68317
68317
68316
68316
68316
68316
68315
68315
68315
68314
68314
68314
68314
68313
68313
68313
68313
68312
68312
68311
68311
68309
68309
68309
68308
68308
68308
68308
68307
68307
68307
68306
68306
68306
68305
68305
68305
68305
68304
68304
68304
68303
68303
68303
68302
68302
68302
68301
68301
68301
68300
68300
68300
68299
68299
68299
68299
68298
68298
68298
68297
68297
68297
68296
68296
68296
68295
68295
68295
68295
68294
68294
68294
68294
68293
68293
68292
68292
68292
68292
68292
68291
68291
68291
68291
68290
68290
68290
68290
68290
68289
68289
68289
68289
68288
68288
68288
68288
68288
68287
68287
68287
68287
68285
68285
68285
68284
68284
68284
68284
68283
68283
68283
68283
68281
68280
68278
68276
68274
68273
68273
68273
68272
68271
68271
68271
68270
68270
68270
68270
68270
68269
68269
68269
68269
68268
68268
68268
68268
68268
68267
68267
68267
68267
68267
68266
68265
68265
68264
68264
68264
68264
68264
68263
68263
68263
68263
68263
68261
68261
68261
68260
68260
68260
68260
68260
68259
68258
68258
68257
68256
68256
68256
68256
68255
68255
68255
68255
68253
68253
68252
68252
68252
68252
68250
68250
68249
68249
68248
68248
68248
68248
68247
68247
68247
68247
68247
68246
68246
68246
68246
68246
68245
68245
68245
68245
68244
68243
68243
68243
68242
68242
68242
68242
68241
68241
68241
68241
68241
68240
68240
68240
68240
68239
68239
68239
68239
68239
68238
68238
68238
68238
68237
68237
68237
68237
68237
68236
68236
68236
68236
68236
68235
68235
68235
68235
68234
68234
68234
68234
68234
68233
68233
68233
68233
68232
68232
68232
68232
68232
68231
68231
68231
68231
68230
68230
68230
68230
68230
68229
68229
68229
68229
68228
68228
68228
68228
68228
68227
68227
68227
68227
68226
68226
68226
68226
68224
68224
68224
68223
68223
68223
68223
68223
68222
68222
68222
68222
68222
68221
68221
68221
68221
68220
68220
68220
68217
68215
68214
68212
68210
68209
68208
68208
68208
68207
68207
68207
68207
68206
68206
68206
68206
68206
68205
68205
68205
68205
68204
68204
68204
68204
68202
68202
68202
68202
68201
68201
68201
68201
68201
68199
68199
68199
68199
68198
68198
68198
68198
68197
68197
68197
68197
68195
68195
68194
68193
68193
68193
68193
68192
68192
68192
68192
68192
68191
68191
68191
68191
68190
68189
68189
68187
68187
68187
68187
68186
68186
68186
68186
68186
68185
68185
68185
68185
68185
68184
68184
68184
68184
68183
68183
68183
68182
68181
68181
68181
68181
68180
68180
68180
68180
68180
68179
68179
68179
68179
68178
68178
68178
68178
68178
68177
68177
68177
68177
68176
68176
68176
68176
68176
68175
68175
68175
68175
68174
68174
68174
68174
68174
68173
68173
68173
68173
68171
68171
68171
68171
68170
68170
68170
68170
68169
68169
68169
68169
68169
68168
68168
68168
68168
68167
68167
68167
68167
68167
68166
68166
68166
68166
68166
68165
68165
68165
68165
68164
68164
68164
68164
68162
68162
68162
68162
68161
68161
68160
68160
68160
68160
68160
68159
68159
68159
68159
68158
68158
68158
68158
68158
68157
68157
68157
68157
68157
68156
68156
68156
68156
68154
68153
68151
68150
68148
68146
68146
68146
68146
68145
68145
68145
68145
68145
68144
68144
68144
68144
68143
68143
68142
68141
68141
68141
68141
68140
68139
68139
68138
68138
68138
68138
68138
68137
68137
68137
68137
68136
68136
68136
68136
68134
68134
68133
68132
68132
68132
68132
68132
68131
68131
68131
68131
68130
68130
68130
68130
68130
68128
68128
68127
68126
68126
68126
68126
68126
68125
68125
68125
68125
68124
68124
68124
68124
68124
68123
68123
68123
68123
68123
68122
68121
68121
68120
68120
68120
68120
68120
68119
68119
68118
68118
68118
68118
68118
68117
68117
68117
68117
68116
68116
68116
68116
68116
68114
68114
68114
68113
68113
68113
68113
68113
68112
68112
68112
68112
68112
68111
68111
68111
68110
68110
68110
68110
68110
68109
68109
68109
68109
68108
68108
68108
68108
68108
68107
68107
68107
68107
68107
68106
68106
68106
68106
68105
68105
68105
68105
68105
68104
68104
68104
68104
68103
68103
68102
68102
68101
68101
68101
68101
68100
68100
68100
68100
68100
68099
68099
68099
68099
68098
68098
68098
68098
68098
68097
68097
68097
68097
68096
68096
68096
68096
68096
68095
68095
68095
68095
68095
68094
68094
68094
68094
68090
68088
68086
68085
68084
68082
68082
68082
68081
68081
68081
68081
68081
68080
68079
68079
68079
68077
68077
68077
68076
68076
68076
68076
68075
68075
68075
68075
68075
68074
68074
68074
68074
68073
68073
68072
68072
68070
68070
68070
68069
68069
68069
68069
68068
68068
68068
68068
68067
68067
68067
68067
68065
68065
68064
68063
68063
68063
68063
68062
68062
68062
68062
68061
68061
68061
68061
68061
68060
68060
68060
68060
68059
68059
68059
68057
68057
68057
68057
68057
68056
68056
68056
68056
68055
68055
68055
68055
68055
68054
68054
68054
68054
68053
68053
68053
68053
68052
68050
68050
68050
68050
68049
68049
68049
68049
68049
68048
68048
68048
68048
68048
68047
68047
68047
68047
68046
68046
68046
68046
68046
68045
68045
68045
68045
68044
68044
68044
68044
68044
68043
68043
68043
68043
68043
68042
68042
68042
68042
68041
68041
68041
68041
68041
68040
68039
68039
68038
68038
68038
68038
68037
68037
68037
68037
68036
68036
68036
68036
68036
68035
68035
68035
68035
68035
68034
68034
68034
68034
68033
68033
68033
68033
68032
68032
68032
68032
68032
68031
68031
68031
68030
68030
68030
68030
68029
68029
68029
68029
68029
68028
68028
68027
68025
68024
68022
68021
68020
68019
68019
68016
68016
68016
68016
68016
68015
68015
68015
68015
68014
68014
68014
68014
68013
68013
68013
68013
68013
68012
68012
68012
68010
68010
68009
68009
68008
68008
68008
68008
68007
68007
68007
68007
68007
68006
68006
68006
68006
68004
68004
68003
68002
68002
68002
68002
68002
68001
68001
68001
68001
68000
68000
68000
68000
68000
67999
67998
67998
67997
67997
67997
67996
67995
67995
67995
67995
67994
67994
67994
67994
67994
67993
67993
67993
67993
67992
67992
67992
67992
67992
67991
67991
67991
67991
67989
67989
67989
67988
67988
67988
67988
67988
67987
67987
67987
67987
67986
67986
67986
67986
67986
67985
67985
67985
67985
67985
67984
67984
67984
67984
67983
67983
67983
67983
67983
67982
67982
67982
67982
67981
67981
67981
67981
67981
67980
67980
67980
67979
67977
67976
67976
67976
67976
67976
67975
67975
67975
67975
67974
67974
67974
67974
67974
67973
67973
67973
67973
67973
67972
67972
67972
67972
67971
67971
67971
67971
67971
67970
67970
67970
67970
67969
67969
67969
67969
67969
67968
67968
67968
67968
67968
67967
67967
67967
67967
67966
67966
67966
67966
67965
67965
67965
67965
67965
67962
67961
67959
67957
67956
67954
67954
67954
67953
67953
67953
67953
67952
67952
67952
67952
67952
67951
67951
67951
67951
67950
67950
67949
67949
67947
67947
67947
67947
67946
67946
67946
67946
67946
67945
67945
67945
67945
67944
67944
67943
67942
67941
67941
67941
67940
67940
67940
67940
67940
67939
67939
67939
67939
67939
67938
67938
67938
67938
67937
67937
67937
67937
67935
67935
67935
67935
67934
67934
67934
67934
67934
67933
67933
67933
67933
67933
67932
67932
67932
67932
67931
67931
67931
67931
67930
67929
67929
67928
67928
67928
67928
67928
67927
67927
67927
67927
67927
67926
67926
67926
67926
67925
67925
67925
67925
67925
67923
67923
67923
67922
67922
67922
67922
67922
67921
67921
67921
67921
67921
67920
67920
67920
67920
67919
67919
67919
67918
67916
67916
67916
67916
67915
67915
67915
67915
67915
67914
67914
67914
67914
67913
67913
67913
67913
67913
67912
67912
67912
67912
67912
67911
67911
67911
67911
67910
67910
67910
67910
67910
67909
67909
67909
67909
67909
67908
67908
67908
67908
67907
67907
67907
67907
67907
67906
67906
67906
67906
67905
67905
67905
67905
67905
67904
67904
67904
67904
67904
67903
67903
67903
67903
67901
67900
67898
67896
67895
67894
67893
67893
67893
67893
67892
67892
67892
67892
67892
67891
67891
67890
67889
67888
67888
67888
67887
67887
67887
67887
67886
67886
67886
67886
67886
67885
67885
67885
67883
67883
67881
67881
67881
67881
67881
67880
67880
67880
67880
67879
67879
67879
67879
67879
67878
67878
67878
67878
67877
67877
67877
67875
67875
67875
67875
67875
67874
67874
67874
67874
67873
67873
67873
67873
67873
67872
67872
67872
67872
67872
67871
67871
67871
67871
67869
67869
67869
67869
67868
67868
67868
67868
67867
67867
67867
67867
67867
67866
67866
67866
67866
67865
67865
67865
67865
67863
67863
67862
67862
67861
67861
67861
67861
67860
67860
67860
67860
67860
67859
67859
67859
67859
67856
67856
67855
67855
67855
67855
67855
67854
67854
67854
67854
67853
67853
67853
67853
67853
67852
67852
67852
67852
67852
67851
67851
67851
67851
67850
67850
67850
67850
67850
67849
67849
67849
67849
67849
67848
67848
67848
67848
67847
67847
67847
67847
67847
67846
67846
67846
67846
67845
67845
67845
67845
67845
67844
67844
67844
67844
67843
67843
67843
67843
67842
67842
67842
67842
67842
67841
67841
67841
67841
67840
67840
67840
67840
67837
67835
67833
67832
67831
67829
67829
67829
67829
67828
67828
67827
67827
67825
67825
67825
67824
67824
67824
67824
67824
67823
67823
67823
67823
67823
67822
67822
67821
67820
67819
67819
67818
67818
67818
67818
67818
67817
67817
67817
67817
67817
67816
67816
67816
67816
67815
67815
67815
67815
67815
67813
67813
67813
67813
67812
67812
67812
67812
67811
67811
67811
67811
67811
67810
67810
67810
67810
67809
67809
67809
67809
67809
67808
67807
67807
67807
67806
67806
67806
67806
67805
67805
67805
67805
67805
67804
67804
67804
67804
67804
67803
67803
67803
67803
67801
67801
67799
67799
67799
67798
67798
67798
67798
67798
67797
67797
67797
67797
67795
67795
67795
67795
67794
67794
67794
67794
67793
67793
67793
67793
67793
67792
67792
67792
67792
67792
67791
67791
67791
67791
67790
67790
67790
67790
67790
67789
67789
67789
67789
67789
67788
67788
67788
67788
67787
67787
67787
67787
67787
67786
67786
67786
67786
67785
67785
67785
67785
67785
67784
67784
67784
67784
67784
67783
67783
67783
67783
67783
67782
67782
67782
67782
67781
67781
67781
67781
67781
67780
67780
67780
67780
67780
67779
67779
67779
67779
67778
67778
67778
67778
67778
67776
67775
67773
67772
67771
67768
67768
67766
67766
67766
67766
67766
67765
67765
67765
67765
67764
67764
67764
67763
67763
67763
67761
67761
67760
67760
67759
67759
67759
67759
67759
67758
67758
67758
67758
67758
67757
67757
67757
67757
67756
67756
67756
67756
67756
67754
67754
67754
67754
67753
67753
67753
67753
67752
67752
67752
67752
67752
67751
67751
67751
67751
67751
67750
67749
67749
67748
67748
67747
67747
67746
67746
67746
67746
67746
67745
67745
67745
67745
67744
67744
67744
67744
67744
67743
67743
67743
67743
67742
67741
67741
67738
67738
67738
67738
67738
67737
67737
67737
67737
67735
67735
67735
67735
67734
67734
67734
67734
67734
67733
67733
67733
67733
67732
67732
67732
67732
67732
67731
67731
67731
67731
67731
67730
67730
67730
67730
67729
67729
67729
67729
67729
67728
67728
67728
67728
67728
67727
67727
67727
67727
67726
67726
67726
67726
67726
67725
67725
67725
67725
67725
67724
67724
67724
67724
67723
67723
67723
67723
67723
67722
67722
67722
67722
67722
67721
67721
67721
67721
67720
67720
67720
67720
67720
67719
67719
67719
67719
67719
67718
67718
67718
67718
67717
67717
67717
67717
67717
67716
67716
67716
67716
67714
67712
67710
67708
67707
67706
67705
67705
67705
67705
67704
67704
67704
67704
67703
67703
67702
67702
67700
67700
67700
67700
67700
67699
67699
67699
67699
67698
67698
67698
67698
67698
67697
67697
67697
67697
67696
67696
67696
67695
67695
67694
67694
67694
67694
67693
67693
67693
67693
67693
67692
67692
67692
67692
67691
67691
67691
67691
67691
67690
67690
67690
67688
67688
67688
67688
67688
67687
67687
67687
67687
67686
67686
67686
67686
67686
67685
67685
67685
67685
67684
67684
67684
67682
67682
67680
67680
67680
67680
67679
67679
67678
67678
67677
67677
67677
67677
67676
67676
67676
67676
67676
67675
67675
67675
67675
67673
67673
67672
67672
67672
67672
67671
67671
67671
67670
67670
67670
67669
67669
67669
67669
67669
67668
67668
67668
67668
67667
67666
67666
67666
67665
67665
67665
67665
67664
67664
67664
67664
67664
67663
67663
67663
67663
67663
67662
67662
67662
67662
67661
67661
67661
67661
67660
67660
67660
67660
67660
67659
67659
67659
67659
67658
67658
67658
67658
67658
67657
67657
67657
67657
67656
67656
67656
67656
67656
67655
67655
67655
67655
67654
67654
67654
67654
67654
67653
67653
67653
67653
67652
67652
67652
67650
67649
67648
67646
67644
67643
67643
67643
67642
67642
67641
67641
67639
67639
67639
67638
67638
67607
67606
67606
67606
67606
67605
67605
67605
67604
67604
67604
67604
67603
67603
67603
67603
67601
67600
67600
67600
67600
67599
67599
67599
67599
67598
67598
67598
67598
67598
67597
67597
67597
67597
67596
67596
67596
67596
67596
67594
67594
67594
67593
67593
67593
67593
67593
67592
67592
67592
67592
67591
67591
67591
67591
67591
67590
67590
67590
67590
67588
67588
67587
67587
67586
67585
67585
67584
67584
67584
67584
67584
67583
67583
67583
67583
67582
67582
67582
67582
67582
67581
67581
67578
67578
67577
67577
67576
67576
67576
67576
67575
67575
67575
67575
67575
67574
67574
67574
67574
67573
67573
67573
67573
67573
67572
67572
67572
67572
67571
67571
67571
67571
67571
67570
67570
67570
67570
67569
67569
67569
67569
67569
67568
67568
67568
67568
67568
67567
67567
67567
67567
67566
67566
67566
67566
67566
67565
67565
67565
67565
67564
67564
67564
67564
67564
67563
67563
67563
67563
67562
67562
67562
67562
67562
67561
67561
67561
67561
67560
67560
67560
67560
67560
67559
67559
67559
67559
67559
67558
67558
67558
67558
67557
67557
67554
67553
67551
67550
67546
67545
67544
67543
67543
67543
67543
67542
67542
67542
67542
67541
67541
67541
67541
67541
67540
67540
67540
67540
67540
67539
67539
67538
67537
67537
67537
67537
67537
67536
67536
67536
67536
67535
67535
67535
67535
67535
67534
67534
67534
67534
67533
67533
67533
67533
67531
67531
67531
67531
67530
67530
67530
67530
67530
67529
67529
67529
67529
67528
67528
67528
67528
67528
67527
67527
67527
67526
67525
67523
67523
67523
67522
67522
67522
67522
67521
67521
67521
67521
67521
67520
67520
67520
67520
67520
67519
67519
67519
67519
67517
67517
67515
67515
67515
67514
67514
67514
67514
67514
67513
67513
67513
67513
67513
67512
67512
67512
67512
67511
67511
67511
67511
67511
67510
67510
67510
67510
67510
67509
67509
67509
67509
67508
67508
67508
67508
67508
67507
67507
67507
67507
67507
67506
67506
67506
67506
67505
67505
67505
67505
67505
67504
67504
67504
67504
67504
67503
67503
67503
67502
67502
67502
67502
67502
67501
67501
67501
67501
67500
67500
67500
67500
67500
67499
67499
67499
67499
67499
67498
67498
67498
67498
67497
67497
67497
67497
67496
67496
67496
67496
67496
67495
67495
67495
67495
67495
67494
67492
67490
67489
67486
67485
67484
67483
67483
67483
67483
67482
67482
67482
67482
67482
67481
67481
67481
67481
67480
67480
67479
67479
67478
67478
67478
67478
67478
67477
67477
67477
67477
67476
67476
67476
67476
67476
67475
67475
67475
67475
67474
67474
67474
67473
67472
67472
67472
67472
67471
67471
67471
67471
67471
67470
67470
67470
67470
67469
67469
67469
67469
67469
67468
67466
67465
67464
67462
67462
67461
67461
67461
67461
67461
67460
67460
67460
67460
67459
67459
67459
67459
67459
67458
67458
67458
67458
67457
67456
67456
67454
67454
67454
67454
67453
67453
67453
67453
67453
67452
67452
67452
67452
67451
67451
67451
67451
67451
67450
67450
67450
67450
67450
67449
67449
67449
67449
67448
67448
67448
67448
67448
67447
67447
67447
67447
67447
67446
67446
67446
67446
67445
67445
67445
67445
67445
67444
67444
67444
67444
67443
67443
67443
67443
67443
67442
67442
67442
67442
67442
67441
67441
67441
67441
67440
67440
67440
67440
67440
67439
67439
67439
67439
67438
67438
67438
67438
67438
67437
67437
67437
67437
67437
67436
67436
67436
67436
67435
67435
67435
67435
67435
67434
67434
67434
67434
67433
67433
67433
67433
67433
67432
67430
67428
67427
67426
67424
67423
67422
67422
67422
67422
67422
67421
67421
67421
67421
67419
67419
67419
67419
67418
67418
67418
67418
67418
67417
67417
67417
67417
67416
67416
67416
67416
67416
67415
67415
67415
67415
67415
67413
67413
67413
67412
67412
67412
67412
67412
67411
67411
67411
67411
67410
67410
67410
67410
67410
67408
67407
67407
67407
67406
67405
67404
67404
67404
67403
67403
67403
67403
67403
67402
67402
67402
67402
67401
67401
67401
67401
67401
67400
67400
67400
67400
67398
67398
67396
67396
67396
67396
67396
67395
67395
67395
67395
67394
67394
67394
67394
67394
67393
67392
67392
67392
67391
67391
67391
67391
67390
67390
67390
67390
67390
67389
67389
67389
67389
67388
67388
67388
67388
67388
67387
67387
67387
67387
67387
67386
67386
67386
67384
67384
67384
67384
67383
67383
67383
67383
67383
67382
67382
67382
67381
67381
67381
67381
67381
67380
67380
67380
67380
67380
67379
67379
67379
67379
67378
67378
67378
67378
67378
67377
67377
67377
67376
67376
67376
67376
67375
67375
67375
67375
67374
67374
67374
67374
67373
67373
67373
67373
67373
67372
67372
67372
67372
67370
67370
67370
67370
67369
67369
67369
67369
67369
67367
67366
67364
67363
67362
67360
67360
67359
67359
67358
67358
67357
67357
67357
67357
67356
67356
67356
67356
67356
67355
67355
67355
67355
67354
67354
67354
67354
67354
67353
67353
67353
67352
67351
67351
67351
67351
67350
67350
67350
67350
67350
67349
67349
67349
67349
67347
67347
67347
67347
67346
67346
67346
67345
67344
67343
67343
67342
67342
67342
67342
67342
67341
67341
67341
67341
67341
67340
67340
67340
67340
67339
67339
67339
67339
67338
67336
67336
67334
67334
67334
67334
67334
67333
67333
67333
67333
67332
67332
67332
67332
67332
67331
67330
67330
67330
67329
67329
67329
67329
67329
67328
67328
67328
67328
67327
67327
67327
67327
67326
67326
67326
67326
67326
67325
67325
67325
67324
67324
67324
67323
67323
67323
67323
67323
67322
67322
67322
67322
67322
67321
67321
67321
67321
67320
67320
67320
67320
67320
67319
67319
67319
67319
67318
67318
67318
67318
67318
67317
67317
67317
67317
67316
67316
67316
67316
67316
67315
67315
67315
67314
67314
67314
67314
67314
67313
67313
67313
67313
67312
67312
67312
67312
67312
67310
67310
67310
67310
67309
67309
67309
67309
67308
67308
67308
67308
67308
67307
67307
67307
67307
67306
67304
67302
67301
67298
67297
67295
67295
67295
67295
67295
67294
67294
67294
67294
67293
67293
67293
67293
67293
67292
67292
67292
67292
67291
67291
67291
67290
67289
67289
67289
67289
67288
67288
67288
67288
67288
67287
67286
67286
67286
67285
67285
67285
67285
67285
67284
67284
67283
67282
67281
67281
67281
67280
67280
67280
67280
67280
67279
67279
67279
67279
67278
67278
67278
67278
67278
67277
67277
67277
67277
67275
67275
67274
67274
67273
67273
67273
67273
67272
67272
67272
67272
67272
67271
67271
67271
67271
67269
67269
67269
67269
67268
67268
67268
67268
67268
67267
67267
67267
67267
67266
67266
67266
67266
67265
67265
67265
67265
67265
67264
67264
67264
67264
67264
67263
67263
67263
67263
67262
67262
67262
67262
67262
67261
67261
67261
67261
67261
67260
67260
67260
67260
67259
67259
67259
67259
67259
67258
67258
67258
67258
67258
67257
67257
67257
67257
67256
67256
67256
67256
67256
67255
67255
67255
67255
67254
67254
67254
67254
67253
67253
67253
67252
67252
67252
67251
67250
67250
67250
67250
67249
67249
67249
67249
67249
67248
67248
67248
67248
67248
67247
67247
67247
67247
67246
67246
67246
67246
67246
67245
67245
67245
67243
67242
67240
67239
67237
67236
67236
67235
67235
67235
67235
67234
67234
67234
67234
67234
67233
67233
67233
67233
67231
67231
67231
67231
67230
67230
67230
67230
67228
67228
67228
67228
67228
67227
67227
67227
67227
67227
67226
67226
67226
67225
67224
67223
67223
67222
67222
67222
67221
67221
67221
67221
67220
67220
67220
67220
67220
67219
67219
67219
67219
67218
67218
67218
67214
67214
67213
67212
67212
67212
67212
67212
67211
67211
67211
67211
67210
67210
67210
67210
67210
67208
67208
67208
67207
67207
67207
67207
67207
67206
67206
67206
67206
67205
67205
67205
67205
67205
67204
67204
67204
67204
67204
67203
67202
67202
67201
67201
67201
67201
67201
67200
67200
67200
67200
67199
67199
67199
67199
67199
67198
67198
67198
67198
67198
67197
67197
67197
67197
67196
67196
67196
67196
67196
67195
67195
67195
67195
67195
67194
67194
67194
67194
67194
67193
67193
67193
67193
67192
67192
67192
67192
67192
67191
67191
67191
67189
67189
67189
67189
67189
67188
67188
67188
67188
67187
67187
67187
67187
67187
67186
67186
67186
67186
67186
67185
67185
67185
67185
67184
67184
67184
67184
67184
67183
67183
67183
67183
67182
67182
67182
67182
67180
67179
67177
67176
67175
67173
67173
67173
67172
67172
67172
67172
67172
67171
67170
67170
67169
67169
67169
67168
67167
67167
67167
67167
67167
67166
67166
67166
67166
67165
67165
67165
67165
67165
67164
67163
67163
67161
67161
67161
67161
67160
67160
67160
67160
67160
67159
67159
67159
67159
67158
67158
67158
67158
67158
67157
67157
67157
67155
67155
67154
67154
67153
67153
67153
67153
67153
67152
67152
67152
67152
67151
67151
67151
67151
67149
67149
67149
67149
67148
67148
67148
67148
67148
67147
67147
67147
67147
67147
67146
67146
67146
67146
67145
67145
67145
67145
67145
67143
67143
67143
67143
67142
67142
67142
67142
67142
67141
67141
67141
67141
67141
67140
67140
67140
67140
67139
67139
67139
67139
67139
67138
67138
67138
67138
67138
67137
67137
67136
67136
67135
67135
67135
67135
67134
67134
67134
67134
67134
67133
67133
67133
67133
67133
67132
67132
67132
67130
67130
67130
67130
67130
67129
67129
67129
67129
67128
67128
67128
67128
67128
67127
67127
67127
67127
67127
67126
67126
67126
67126
67125
67125
67125
67125
67125
67124
67124
67124
67124
67124
67123
67123
67123
67123
67123
67122
67122
67122
67122
67121
67121
67121
67119
67118
67116
67115
67113
67112
67111
67111
67110
67109
67108
67108
67107
67107
67107
67106
67106
67106
67106
67105
67105
67105
67105
67105
67104
67104
67104
67104
67103
67102
67102
67101
67100
67100
67100
67100
67099
67099
67099
67099
67098
67098
67098
67098
67097
67097
67097
67097
67096
67096
67096
67096
67093
67093
67092
67091
67091
67091
67091
67090
67090
67090
67090
67090
67089
67089
67089
67089
67088
67087
67087
67087
67087
67086
67086
67086
67086
67086
67085
67085
67085
67085
67084
67084
67084
67084
67084
67083
67083
67083
67083
67083
67081
67081
67081
67081
67080
67080
67080
67080
67079
67079
67079
67079
67079
67078
67078
67078
67078
67078
67077
67077
67077
67077
67077
67076
67076
67076
67076
67075
67075
67075
67075
67075
67074
67074
67074
67074
67073
67073
67073
67073
67073
67072
67072
67072
67072
67072
67070
67070
67070
67069
67069
67069
67069
67069
67068
67068
67068
67068
67067
67067
67067
67067
67066
67066
67066
67066
67066
67065
67065
67065
67065
67065
67064
67064
67064
67064
67064
67063
67063
67063
67063
67062
67062
67062
67062
67062
67061
67061
67061
67061
67061
67060
67060
67060
67060
67059
67059
67059
67059
67059
67056
67054
67052
67050
67049
67047
67047
67047
67046
67046
67046
67046
67045
67045
67045
67045
67045
67044
67044
67044
67044
67043
67043
67042
67042
67040
67040
67040
67040
67039
67039
67039
67039
67039
67038
67038
67038
67038
67037
67037
67037
67037
67037
67036
67036
67036
67035
67034
67033
67033
67033
67032
67032
67032
67032
67032
67031
67031
67031
67031
67030
67030
67030
67029
67028
67028
67028
67028
67027
67027
67027
67027
67027
67026
67026
67026
67026
67026
67025
67025
67025
67025
67024
67024
67024
67024
67022
67022
67022
67021
67021
67021
67021
67021
67020
67020
67020
67020
67019
67019
67019
67019
67019
67018
67018
67018
67018
67016
67016
67016
67016
67015
67015
67015
67015
67015
67014
67014
67014
67014
67014
67013
67013
67013
67013
67012
67012
67012
67012
67010
67010
67010
67010
67009
67009
67009
67009
67009
67008
67008
67008
67008
67007
67007
67007
67007
67007
67006
67006
67006
67006
67005
67005
67005
67005
67005
67004
67004
67004
67004
67003
67003
67003
67003
67003
67002
67002
67002
67002
67002
67001
67001
67001
67001
67001
67000
67000
67000
67000
66999
66999
66999
66999
66999
66998
66998
66998
66998
66998
66997
66997
66997
66995
66993
66992
66990
66988
66987
66986
66986
66986
66986
66985
66985
66985
66985
66985
66984
66984
66983
66983
66981
66981
66981
66981
66980
66980
66980
66980
66979
66979
66979
66979
66979
66978
66978
66978
66978
66978
66977
66977
66977
66975
66975
66974
66974
66973
66973
66973
66973
66972
66972
66972
66972
66972
66971
66971
66971
66971
66968
66968
66968
66968
66967
66967
66967
66965
66965
66965
66965
66964
66964
66964
66964
66964
66963
66963
66963
66963
66963
66962
66962
66961
66960
66960
66960
66960
66960
66959
66959
66959
66959
66959
66958
66958
66958
66958
66957
66957
66957
66957
66957
66956
66955
66955
66953
66953
66953
66953
66953
66952
66952
66952
66952
66951
66951
66951
66951
66951
66950
66950
66950
66949
66948
66948
66948
66948
66947
66947
66947
66947
66947
66946
66946
66946
66946
66946
66945
66945
66945
66945
66944
66944
66944
66944
66944
66943
66943
66943
66943
66943
66942
66942
66942
66942
66942
66941
66941
66941
66941
66940
66940
66940
66940
66940
66939
66939
66939
66939
66939
66938
66938
66938
66938
66938
66937
66937
66937
66937
66936
66936
66936
66936
66936
66935
66935
66935
66935
66935
66934
66934
66934
66934
66933
66932
66931
66929
66928
66926
66925
66925
66925
66924
66924
66924
66922
66922
66921
66921
66920
66920
66920
66920
66919
66919
66919
66919
66919
66918
66918
66918
66918
66917
66917
66917
66917
66917
66916
66915
66915
66913
66913
66913
66912
66912
66912
66912
66911
66911
66911
66911
66911
66910
66910
66910
66908
66908
66908
66908
66908
66907
66907
66907
66907
66907
66906
66906
66906
66906
66905
66905
66905
66905
66905
66904
66904
66904
66904
66902
66902
66902
66901
66901
66901
66901
66901
66900
66900
66900
66900
66900
66899
66899
66899
66899
66898
66898
66898
66898
66896
66896
66895
66895
66894
66894
66894
66894
66893
66893
66893
66893
66892
66892
66892
66892
66890
66890
66890
66889
66889
66889
66889
66889
66888
66888
66888
66888
66887
66887
66887
66887
66887
66885
66885
66884
66884
66884
66884
66884
66883
66883
66883
66883
66882
66882
66882
66881
66881
66881
66881
66881
66880
66880
66880
66880
66880
66879
66879
66879
66879
66878
66878
66878
66878
66878
66877
66877
66877
66877
66877
66876
66876
66876
66876
66875
66875
66875
66875
66875
66874
66874
66874
66874
66874
66873
66873
66873
66873
66873
66872
66872
66872
66872
66872
66871
66871
66869
66868
66867
66865
66864
66861
66861
66859
66859
66859
66859
66858
66858
66858
66858
66857
66857
66857
66857
66857
66856
66856
66856
66856
66855
66855
66855
66855
66853
66853
66850
66850
66850
66850
66849
66849
66849
66849
66848
66848
66848
66848
66848
66847
66847
66846
66845
66845
66845
66845
66844
66844
66844
66844
66844
66843
66843
66843
66843
66843
66842
66842
66842
66842
66841
66841
66841
66841
66839
66839
66839
66839
66838
66838
66838
66838
66838
66837
66837
66837
66837
66837
66836
66836
66836
66836
66836
66835
66835
66834
66833
66832
66832
66832
66831
66831
66831
66831
66830
66830
66830
66830
66828
66828
66828
66828
66827
66827
66827
66827
66827
66826
66826
66826
66826
66825
66825
66825
66825
66824
66824
66824
66824
66823
66823
66823
66823
66823
66822
66822
66822
66822
66822
66821
66821
66821
66821
66820
66820
66820
66820
66820
66819
66819
66819
66819
66818
66818
66818
66818
66818
66817
66817
66817
66817
66817
66816
66816
66816
66816
66815
66815
66815
66815
66815
66814
66814
66814
66814
66814
66813
66813
66813
66813
66812
66812
66812
66812
66812
66811
66811
66811
66811
66810
66810
66810
66810
66810
66809
66809
66809
66809
66806
66803
66802
66800
66799
66798
66798
66797
66797
66797
66797
66796
66796
66796
66796
66796
66795
66795
66795
66795
66795
66794
66793
66792
66791
66791
66790
66790
66790
66790
66790
66789
66789
66789
66789
66789
66788
66788
66788
66786
66786
66786
66786
66785
66785
66785
66785
66784
66784
66784
66784
66783
66783
66783
66783
66783
66782
66782
66782
66782
66782
66781
66780
66780
66779
66779
66779
66779
66778
66778
66778
66778
66778
66777
66777
66777
66777
66777
66776
66776
66776
66776
66775
66774
66774
66772
66772
66772
66771
66771
66771
66771
66771
66769
66769
66769
66768
66768
66768
66767
66767
66767
66767
66766
66766
66766
66765
66764
66764
66764
66764
66763
66763
66763
66763
66763
66762
66762
66762
66762
66762
66761
66761
66761
66761
66760
66760
66760
66760
66760
66759
66759
66759
66759
66758
66758
66758
66758
66758
66757
66757
66757
66757
66757
66756
66756
66756
66756
66755
66755
66755
66755
66755
66754
66754
66754
66754
66753
66753
66753
66753
66752
66752
66752
66752
66752
66751
66751
66751
66751
66751
66750
66750
66750
66750
66750
66749
66749
66749
66749
66748
66748
66748
66748
66748
66747
66747
66747
66747
66747
66746
66746
66745
66743
66742
66741
66739
66738
66737
66737
66737
66737
66737
66736
66736
66736
66736
66735
66734
66734
66732
66732
66732
66732
66731
66731
66731
66731
66731
66730
66730
66730
66730
66730
66729
66728
66728
66727
66727
66727
66727
66727
66726
66726
66726
66726
66726
66725
66725
66725
66725
66724
66724
66724
66724
66724
66723
66723
66721
66720
66720
66720
66720
66720
66719
66719
66718
66717
66717
66717
66717
66716
66716
66716
66716
66715
66715
66715
66715
66713
66713
66712
66712
66711
66711
66711
66710
66709
66709
66709
66709
66709
66708
66708
66708
66708
66707
66707
66707
66707
66707
66706
66705
66705
66703
66703
66703
66702
66702
66702
66702
66701
66701
66701
66701
66701
66700
66700
66700
66700
66699
66699
66699
66699
66699
66698
66698
66698
66698
66698
66697
66697
66697
66697
66696
66696
66696
66696
66696
66695
66695
66695
66695
66695
66694
66694
66694
66694
66693
66693
66693
66693
66693
66692
66692
66692
66692
66692
66691
66691
66691
66691
66690
66690
66690
66690
66690
66689
66689
66689
66689
66688
66688
66688
66688
66688
66687
66687
66687
66687
66687
66686
66686
66686
66686
66685
66685
66685
66685
66685
66684
66684
66684
66684
66682
66680
66679
66678
66676
66675
66675
66674
66674
66674
66673
66672
66671
66671
66671
66670
66670
66670
66670
66669
66669
66669
66669
66668
66668
66668
66668
66667
66666
66666
66666
66666
66665
66665
66665
66665
66665
66664
66664
66664
66664
66664
66663
66663
66663
66663
66662
66662
66662
66662
66660
66660
66660
66660
66659
66659
66659
66659
66658
66658
66658
66658
66658
66657
66657
66657
66657
66657
66656
66656
66656
66654
66654
66653
66653
66651
66651
66651
66650
66650
66650
66650
66649
66649
66649
66649
66649
66648
66648
66648
66648
66647
66647
66647
66646
66645
66644
66644
66644
66643
66643
66643
66643
66642
66642
66642
66642
66642
66641
66641
66641
66641
66641
66640
66640
66640
66640
66639
66639
66639
66639
66639
66638
66638
66624
66624
66623
66623
66621
66621
66621
66620
66620
66620
66620
66620
66619
66619
66619
66619
66618
66618
66618
66618
66618
66617
66617
66617
66617
66617
66616
66616
66616
66616
66615
66615
66615
66615
66615
66614
66614
66614
66614
66614
66613
66613
66613
66613
66612
66612
66612
66612
66612
66611
66611
66611
66611
66611
66610
66610
66610
66610
66609
66609
66609
66609
66608
66608
66608
66608
66608
66607
66606
66604
66603
66601
66599
66597
66596
66596
66596
66595
66595
66595
66595
66594
66594
66594
66594
66594
66593
66593
66593
66590
66590
66590
66590
66589
66589
66589
66589
66589
66588
66588
66588
66587
66587
66587
66587
66586
66586
66586
66586
66586
66585
66585
66584
66583
66583
66583
66583
66583
66582
66582
66582
66582
66582
66581
66581
66581
66581
66580
66580
66580
66580
66580
66579
66578
66577
66575
66575
66575
66574
66574
66574
66574
66574
66573
66573
66573
66573
66572
66572
66572
66572
66572
66571
66571
66571
66571
66569
66569
66567
66567
66567
66567
66567
66566
66566
66566
66566
66566
66565
66565
66565
66565
66564
66564
66564
66564
66564
66563
66563
66563
66563
66563
66562
66562
66562
66562
66561
66561
66561
66561
66561
66560
66560
66560
66560
66560
66559
66559
66559
66559
66559
66558
66558
66558
66558
66557
66557
66557
66557
66557
66556
66556
66556
66556
66555
66555
66555
66555
66554
66554
66554
66554
66554
66553
66553
66553
66553
66552
66552
66552
66552
66552
66551
66551
66551
66551
66551
66550
66550
66550
66550
66549
66549
66549
66549
66548
66548
66548
66548
66548
66547
66547
66547
66547
66546
66546
66546
66546
66546
66545
66542
66541
66538
66537
66535
66534
66533
66533
66533
66533
66533
66532
66532
66532
66532
66530
66530
66530
66530
66530
66529
66529
66529
66529
66528
66528
66528
66528
66528
66527
66527
66527
66527
66527
66526
66526
66526
66526
66524
66524
66524
66524
66523
66523
66523
66523
66522
66522
66522
66522
66522
66521
66521
66521
66521
66520
66520
66516
66516
66514
66514
66513
66513
66512
66512
66512
66512
66512
66511
66511
66511
66511
66510
66510
66510
66510
66510
66509
66509
66509
66509
66508
66507
66507
66505
66505
66505
66505
66504
66504
66504
66504
66503
66503
66503
66503
66502
66502
66502
66502
66502
66501
66501
66501
66501
66499
66499
66499
66499
66498
66498
66498
66498
66497
66497
66497
66497
66497
66496
66496
66496
66496
66495
66495
66495
66495
66494
66494
66494
66494
66493
66493
66493
66493
66493
66492
66492
66492
66492
66491
66491
66491
66491
66491
66490
66490
66490
66490
66490
66489
66489
66489
66489
66488
66488
66488
66488
66488
66487
66487
66487
66487
66486
66486
66486
66486
66486
66485
66485
66485
66485
66484
66484
66484
66484
66484
66483
66483
66483
66483
66483
66482
66482
66482
66482
66480
66480
66480
66479
66479
66479
66479
66477
66476
66475
66473
66472
66470
66470
66470
66470
66468
66468
66468
66468
66468
66467
66467
66467
66467
66466
66466
66466
66466
66465
66465
66465
66465
66465
66464
66464
66464
66464
66463
66461
66461
66460
66460
66460
66460
66459
66459
66459
66459
66459
66458
66458
66458
66458
66457
66456
66456
66455
66455
66455
66453
66453
66452
66452
66451
66451
66451
66451
66451
66450
66450
66449
66449
66448
66448
66448
66448
66447
66447
66447
66447
66447
66446
66445
66445
66443
66443
66443
66443
66442
66442
66442
66442
66442
66441
66441
66441
66441
66440
66440
66440
66440
66440
66439
66439
66439
66438
66437
66437
66437
66437
66437
66436
66436
66436
66436
66435
66435
66435
66435
66435
66434
66434
66434
66434
66433
66433
66433
66433
66433
66432
66432
66432
66432
66432
66431
66431
66431
66431
66430
66430
66430
66430
66430
66429
66429
66429
66429
66428
66428
66428
66428
66428
66427
66427
66427
66427
66427
66426
66426
66426
66426
66425
66425
66425
66425
66425
66424
66424
66424
66424
66423
66423
66423
66423
66423
66422
66422
66422
66422
66421
66421
66421
66420
66419
66419
66419
66419
66419
66418
66418
66418
66418
66417
66417
66417
66417
66417
66416
66414
66412
66410
66407
66406
66404
66404
66404
66404
66404
66403
66403
66403
66403
66402
66402
66402
66402
66402
66401
66401
66401
66401
66400
66400
66400
66399
66398
66398
66398
66398
66397
66397
66397
66397
66397
66396
66396
66396
66395
66394
66394
66394
66394
66393
66393
66393
66392
66391
66390
66390
66390
66389
66389
66389
66389
66388
66388
66388
66388
66388
66387
66387
66387
66387
66387
66386
66386
66386
66386
66384
66384
66383
66382
66382
66382
66382
66381
66381
66381
66381
66381
66380
66380
66380
66380
66380
66379
66379
66379
66379
66378
66378
66377
66376
66376
66376
66376
66376
66375
66375
66375
66375
66375
66374
66374
66374
66374
66373
66373
66373
66373
66373
66372
66372
66372
66372
66371
66371
66371
66371
66371
66370
66370
66370
66370
66370
66369
66368
66368
66367
66367
66367
66367
66366
66366
66366
66366
66366
66365
66365
66365
66365
66364
66364
66364
66364
66364
66363
66363
66363
66363
66362
66362
66362
66362
66362
66361
66361
66361
66361
66360
66360
66360
66360
66360
66359
66358
66358
66357
66357
66357
66357
66356
66356
66356
66356
66356
66355
66355
66355
66355
66355
66354
66354
66354
66354
66353
66353
66353
66353
66353
66351
66350
66349
66346
66345
66342
66342
66341
66341
66341
66341
66341
66340
66340
66340
66340
66339
66339
66339
66339
66337
66337
66337
66336
66336
66336
66336
66336
66335
66335
66334
66334
66333
66333
66333
66332
66332
66332
66332
66332
66331
66330
66330
66328
66328
66328
66328
66327
66327
66327
66327
66326
66326
66326
66326
66326
66325
66325
66325
66325
66324
66324
66324
66324
66322
66322
66321
66320
66320
66320
66320
66320
66319
66319
66319
66319
66318
66318
66318
66318
66318
66317
66317
66317
66317
66317
66316
66315
66315
66314
66314
66314
66314
66313
66313
66313
66313
66313
66312
66312
66312
66312
66312
66311
66311
66311
66311
66310
66310
66310
66310
66310
66309
66309
66309
66309
66309
66308
66308
66308
66308
66307
66307
66307
66307
66307
66306
66306
66306
66306
66305
66305
66305
66305
66305
66304
66304
66304
66304
66303
66303
66303
66303
66303
66302
66302
66302
66302
66301
66301
66301
66301
66301
66300
66300
66300
66300
66299
66298
66298
66298
66297
66297
66297
66297
66296
66296
66296
66296
66296
66295
66295
66295
66295
66295
66294
66294
66294
66294
66293
66293
66293
66293
66293
66292
66292
66292
66292
66291
66291
66291
66291
66288
66287
66285
66284
66283
66280
66280
66280
66280
66279
66279
66279
66279
66279
66277
66277
66277
66276
66276
66276
66276
66274
66274
66274
66274
66273
66273
66273
66273
66273
66272
66272
66272
66272
66271
66270
66270
66269
66268
66268
66268
66267
66267
66267
66267
66267
66266
66266
66266
66266
66265
66265
66265
66265
66264
66264
66264
66264
66262
66262
66261
66260
66260
66260
66260
66259
66259
66259
66259
66258
66258
66258
66258
66257
66257
66257
66257
66257
66256
66256
66256
66254
66254
66254
66254
66254
66253
66253
66253
66253
66252
66252
66252
66252
66252
66251
66251
66251
66249
66249
66249
66249
66248
66248
66248
66248
66248
66247
66247
66247
66247
66247
66246
66246
66246
66246
66245
66245
66245
66245
66245
66244
66244
66244
66244
66243
66243
66243
66243
66242
66242
66242
66242
66242
66241
66241
66241
66241
66241
66240
66240
66240
66240
66239
66239
66239
66239
66239
66238
66237
66237
66236
66236
66236
66236
66235
66235
66235
66235
66235
66234
66234
66234
66234
66233
66233
66233
66233
66233
66232
66232
66232
66232
66232
66231
66231
66231
66231
66230
66230
66230
66230
66230
66229
66229
66229
66229
66228
66228
66228
66228
66228
66226
66225
66223
66222
66220
66219
66219
66219
66216
66216
66215
66215
66214
66214
66213
66213
66213
66213
66213
66212
66212
66212
66212
66211
66211
66211
66211
66211
66210
66209
66209
66207
66207
66207
66207
66206
66206
66206
66206
66206
66205
66205
66205
66205
66205
66204
66204
66204
66203
66203
66203
66203
66201
66201
66200
66199
66199
66199
66199
66199
66198
66198
66198
66198
66196
66196
66196
66196
66195
66195
66195
66195
66195
66194
66194
66193
66192
66192
66192
66192
66192
66191
66191
66191
66191
66190
66190
66190
66190
66190
66189
66189
66188
66188
66187
66187
66187
66187
66186
66186
66186
66186
66185
66185
66185
66185
66185
66184
66184
66184
66184
66183
66183
66183
66183
66183
66182
66182
66182
66182
66181
66181
66181
66181
66181
66180
66180
66180
66180
66180
66179
66179
66179
66179
66178
66178
66178
66178
66178
66177
66176
66176
66175
66175
66175
66175
66175
66174
66174
66174
66174
66173
66173
66173
66173
66173
66172
66172
66172
66172
66171
66171
66171
66171
66171
66170
66170
66170
66170
66170
66169
66169
66169
66169
66168
66168
66168
66168
66168
66167
66167
66167
66167
66167
66166
66166
66166
66166
66165
66165
66165
66165
66163
66162
66159
66158
66157
66155
66155
66155
66155
66154
66154
66154
66154
66154
66153
66153
66153
66153
66152
66152
66152
66152
66152
66150
66150
66149
66148
66148
66148
66148
66148
66147
66147
66147
66146
66146
66146
66146
66146
66145
66145
66145
66145
66144
66144
66144
66143
66142
66141
66141
66141
66140
66140
66140
66140
66140
66139
66139
66139
66139
66138
66138
66138
66138
66138
66137
66137
66137
66137
66135
66135
66135
66135
66134
66134
66134
66134
66134
66133
66133
66133
66133
66133
66132
66132
66132
66130
66130
66130
66130
66129
66129
66129
66129
66129
66128
66128
66128
66128
66128
66127
66127
66127
66127
66126
66126
66126
66125
66124
66124
66124
66124
66123
66123
66123
66123
66123
66122
66122
66122
66122
66121
66121
66121
66121
66121
66120
66120
66119
66118
66118
66117
66116
66116
66116
66116
66116
66115
66115
66115
66115
66115
66114
66114
66114
66114
66113
66113
66113
66113
66113
66112
66112
66112
66112
66112
66111
66111
66111
66111
66110
66110
66110
66110
66110
66109
66109
66109
66109
66108
66108
66108
66107
66107
66107
66107
66106
66106
66106
66106
66106
66105
66105
66105
66105
66104
66104
66104
66104
66104
66103
66103
66101
66100
66098
66097
66095
66093
66092
66092
66092
66092
66091
66091
66091
66091
66090
66090
66090
66089
66088
66087
66087
66087
66086
66086
66086
66086
66086
66085
66085
66085
66085
66084
66084
66084
66084
66084
66083
66083
66083
66083
66081
66081
66080
66079
66079
66079
66079
66079
66078
66078
66078
66078
66078
66077
66077
66077
66077
66076
66076
66076
66076
66076
66075
66074
66074
66073
66073
66073
66073
66073
66072
66072
66072
66072
66072
66071
66071
66071
66071
66070
66069
66069
66069
66068
66068
66068
66068
66067
66067
66067
66067
66067
66066
66066
66066
66066
66065
66065
66065
66065
66065
66063
66063
66062
66061
66061
66061
66061
66061
66060
66060
66060
66060
66060
66059
66059
66059
66059
66058
66058
66058
66058
66056
66056
66056
66056
66055
66055
66055
66055
66055
66054
66054
66054
66054
66054
66053
66053
66053
66053
66052
66052
66052
66052
66052
66051
66051
66051
66051
66051
66050
66050
66050
66050
66049
66049
66049
66049
66049
66048
66048
66048
66048
66047
66047
66047
66047
66047
66046
66046
66046
66046
66046
66045
66045
66045
66044
66044
66044
66044
66044
66043
66043
66043
66043
66043
66042
66042
66042
66042
66042
66041
66039
66037
66036
66034
66033
66032
66031
66031
66031
66031
66031
66029
66029
66027
66027
66027
66027
66027
66026
66026
66026
66026
66025
66025
66025
66025
66025
66024
66024
66024
66024
66023
