===> User
uid=1000(appuser) gid=1000(appuser) groups=1000(appuser)
===> Setting default values of environment variables if not already set.
CLUSTER_ID not set. Setting it to default value: "5L6g3nShT-eMCtK--X86sw"
===> Configuring ...
Running in KRaft mode...
===> Launching ... 
===> Using provided cluster id 5L6g3nShT-eMCtK--X86sw ...
[2026-10-03 21:58:17,557] INFO Registered `kafka:type=kafka.Log4jController` MBean (kafka.utils.Log4jControllerRegistration$)
[2026-10-03 21:58:17,654] INFO Registered signal handlers for TERM, INT, HUP (org.apache.kafka.common.utils.LoggingSignalHandler)
[2026-10-03 21:58:17,655] INFO [ControllerServer id=1] Starting controller (kafka.server.ControllerServer)
[2026-10-03 21:58:17,749] INFO Updated connection-accept-rate max connection creation rate to 2147483647 (kafka.network.ConnectionQuotas)
[2026-10-03 21:58:17,770] INFO [SocketServer listenerType=CONTROLLER, nodeId=1] Created data-plane acceptor and processors for endpoint : ListenerName(CONTROLLER) (kafka.network.SocketServer)
[2026-10-03 21:58:17,771] INFO CONTROLLER: resolved wildcard host to fa0b305fa3a9 (org.apache.kafka.metadata.ListenerInfo)
[2026-10-03 21:58:17,775] INFO authorizerStart completed for endpoint CONTROLLER. Endpoint is now READY. (org.apache.kafka.server.network.EndpointReadyFutures)
[2026-10-03 21:58:17,776] INFO [SharedServer id=1] Starting SharedServer (kafka.server.SharedServer)
[2026-10-03 21:58:17,803] INFO [LogLoader partition=__cluster_metadata-0, dir=/tmp/kafka-logs] Loading producer state till offset 0 (org.apache.kafka.storage.internals.log.UnifiedLog)
[2026-10-03 21:58:17,804] INFO [LogLoader partition=__cluster_metadata-0, dir=/tmp/kafka-logs] Reloading from producer snapshot and rebuilding producer state from offset 0 (org.apache.kafka.storage.internals.log.UnifiedLog)
[2026-10-03 21:58:17,804] INFO [LogLoader partition=__cluster_metadata-0, dir=/tmp/kafka-logs] Producer state recovery took 0ms for snapshot load and 0ms for segment recovery from offset 0 (org.apache.kafka.storage.internals.log.UnifiedLog)
[2026-10-03 21:58:17,810] INFO Initialized snapshots with IDs SortedSet() from /tmp/kafka-logs/__cluster_metadata-0 (kafka.raft.KafkaMetadataLog$)
[2026-10-03 21:58:17,815] INFO [raft-expiration-reaper]: Starting (org.apache.kafka.raft.TimingWheelExpirationService$ExpiredOperationReaper)
[2026-10-03 21:58:17,817] INFO [RaftManager id=1] Reading KRaft snapshot and log as part of the initialization (org.apache.kafka.raft.KafkaRaftClient)
[2026-10-03 21:58:17,818] INFO [RaftManager id=1] Starting voters are VoterSet(voters={1=VoterNode(voterKey=ReplicaKey(id=1, directoryId=<undefined>), listeners=Endpoints(endpoints={ListenerName(CONTROLLER)=localhost/127.0.0.1:9093}), supportedKRaftVersion=SupportedVersionRange[min_version:0, max_version:0])}) (org.apache.kafka.raft.KafkaRaftClient)
[2026-10-03 21:58:17,821] INFO [RaftManager id=1] Starting request manager with static voters: [localhost:9093 (id: 1 rack: null isFenced: false)] (org.apache.kafka.raft.KafkaRaftClient)
[2026-10-03 21:58:17,822] INFO [RaftManager id=1] Attempting durable transition to UnattachedState(epoch=0, leaderId=OptionalInt.empty, votedKey=Optional.empty, voters=[1], electionTimeoutMs=1328, highWatermark=Optional.empty) from null (org.apache.kafka.raft.QuorumState)
[2026-10-03 21:58:17,828] INFO [RaftManager id=1] Completed transition to UnattachedState(epoch=0, leaderId=OptionalInt.empty, votedKey=Optional.empty, voters=[1], electionTimeoutMs=1328, highWatermark=Optional.empty) from null (org.apache.kafka.raft.QuorumState)
[2026-10-03 21:58:17,829] INFO [RaftManager id=1] Completed transition to ProspectiveState(epoch=0, leaderId=OptionalInt.empty, votedKey=Optional.empty, epochElection=EpochElection(voterStates={1=VoterState(replicaKey=ReplicaKey(id=1, directoryId=<undefined>), state=GRANTED)}), electionTimeoutMs=1603, highWatermark=Optional.empty) from UnattachedState(epoch=0, leaderId=OptionalInt.empty, votedKey=Optional.empty, voters=[1], electionTimeoutMs=1328, highWatermark=Optional.empty) (org.apache.kafka.raft.QuorumState)
[2026-10-03 21:58:17,829] INFO [RaftManager id=1] Attempting durable transition to CandidateState(localId=1, localDirectoryId=kOiDzjLPY67o37h1zdJjlw, epoch=1, epochElection=EpochElection(voterStates={1=VoterState(replicaKey=ReplicaKey(id=1, directoryId=<undefined>), state=GRANTED)}), highWatermark=Optional.empty, electionTimeoutMs=1554) from ProspectiveState(epoch=0, leaderId=OptionalInt.empty, votedKey=Optional.empty, epochElection=EpochElection(voterStates={1=VoterState(replicaKey=ReplicaKey(id=1, directoryId=<undefined>), state=GRANTED)}), electionTimeoutMs=1603, highWatermark=Optional.empty) (org.apache.kafka.raft.QuorumState)
[2026-10-03 21:58:17,831] INFO [RaftManager id=1] Completed transition to CandidateState(localId=1, localDirectoryId=kOiDzjLPY67o37h1zdJjlw, epoch=1, epochElection=EpochElection(voterStates={1=VoterState(replicaKey=ReplicaKey(id=1, directoryId=<undefined>), state=GRANTED)}), highWatermark=Optional.empty, electionTimeoutMs=1554) from ProspectiveState(epoch=0, leaderId=OptionalInt.empty, votedKey=Optional.empty, epochElection=EpochElection(voterStates={1=VoterState(replicaKey=ReplicaKey(id=1, directoryId=<undefined>), state=GRANTED)}), electionTimeoutMs=1603, highWatermark=Optional.empty) (org.apache.kafka.raft.QuorumState)
[2026-10-03 21:58:17,833] INFO [RaftManager id=1] Attempting durable transition to Leader(localVoterNode=VoterNode(voterKey=ReplicaKey(id=1, directoryId=kOiDzjLPY67o37h1zdJjlw), listeners=Endpoints(endpoints={ListenerName(CONTROLLER)=fa0b305fa3a9/<unresolved>:9093}), supportedKRaftVersion=SupportedVersionRange[min_version:0, max_version:1]), epoch=1, epochStartOffset=0, highWatermark=Optional.empty, voterStates={1=ReplicaState(replicaKey=ReplicaKey(id=1, directoryId=<undefined>), endOffset=Optional.empty, lastFetchTimestamp=-1, lastCaughtUpTimestamp=-1, hasAcknowledgedLeader=true)}) from CandidateState(localId=1, localDirectoryId=kOiDzjLPY67o37h1zdJjlw, epoch=1, epochElection=EpochElection(voterStates={1=VoterState(replicaKey=ReplicaKey(id=1, directoryId=<undefined>), state=GRANTED)}), highWatermark=Optional.empty, electionTimeoutMs=1554) (org.apache.kafka.raft.QuorumState)
[2026-10-03 21:58:17,834] INFO [RaftManager id=1] Completed transition to Leader(localVoterNode=VoterNode(voterKey=ReplicaKey(id=1, directoryId=kOiDzjLPY67o37h1zdJjlw), listeners=Endpoints(endpoints={ListenerName(CONTROLLER)=fa0b305fa3a9/<unresolved>:9093}), supportedKRaftVersion=SupportedVersionRange[min_version:0, max_version:1]), epoch=1, epochStartOffset=0, highWatermark=Optional.empty, voterStates={1=ReplicaState(replicaKey=ReplicaKey(id=1, directoryId=<undefined>), endOffset=Optional.empty, lastFetchTimestamp=-1, lastCaughtUpTimestamp=-1, hasAcknowledgedLeader=true)}) from CandidateState(localId=1, localDirectoryId=kOiDzjLPY67o37h1zdJjlw, epoch=1, epochElection=EpochElection(voterStates={1=VoterState(replicaKey=ReplicaKey(id=1, directoryId=<undefined>), state=GRANTED)}), highWatermark=Optional.empty, electionTimeoutMs=1554) (org.apache.kafka.raft.QuorumState)
[2026-10-03 21:58:17,843] INFO [kafka-1-raft-outbound-request-thread]: Starting (org.apache.kafka.raft.KafkaNetworkChannel$SendThread)
[2026-10-03 21:58:17,843] INFO [kafka-1-raft-io-thread]: Starting (org.apache.kafka.raft.KafkaRaftClientDriver)
[2026-10-03 21:58:17,849] INFO [MetadataLoader id=1] initializeNewPublishers: the loader is still catching up because we still don't know the high water mark yet. (org.apache.kafka.image.loader.MetadataLoader)
[2026-10-03 21:58:17,849] INFO [ControllerServer id=1] Waiting for controller quorum voters future (kafka.server.ControllerServer)
[2026-10-03 21:58:17,849] INFO [ControllerServer id=1] Finished waiting for controller quorum voters future (kafka.server.ControllerServer)
[2026-10-03 21:58:17,856] INFO [RaftManager id=1] High watermark set to LogOffsetMetadata(offset=1, metadata=Optional[(segmentBaseOffset=0,relativePositionInSegment=91)]) for the first time for epoch 1 based on indexOfHw 0 and voters [ReplicaState(replicaKey=ReplicaKey(id=1, directoryId=<undefined>), endOffset=Optional[LogOffsetMetadata(offset=1, metadata=Optional[(segmentBaseOffset=0,relativePositionInSegment=91)])], lastFetchTimestamp=-1, lastCaughtUpTimestamp=-1, hasAcknowledgedLeader=true)] (org.apache.kafka.raft.LeaderState)
[2026-10-03 21:58:17,861] INFO [controller-1-ThrottledChannelReaper-Fetch]: Starting (kafka.server.ClientQuotaManager$ThrottledChannelReaper)
[2026-10-03 21:58:17,862] INFO [controller-1-ThrottledChannelReaper-Produce]: Starting (kafka.server.ClientQuotaManager$ThrottledChannelReaper)
[2026-10-03 21:58:17,862] INFO [controller-1-ThrottledChannelReaper-Request]: Starting (kafka.server.ClientQuotaManager$ThrottledChannelReaper)
[2026-10-03 21:58:17,862] INFO [RaftManager id=1] Registered the listener org.apache.kafka.image.loader.MetadataLoader@411511496 (org.apache.kafka.raft.KafkaRaftClient)
[2026-10-03 21:58:17,862] INFO [controller-1-ThrottledChannelReaper-ControllerMutation]: Starting (kafka.server.ClientQuotaManager$ThrottledChannelReaper)
[2026-10-03 21:58:17,863] INFO [RaftManager id=1] Registered the listener org.apache.kafka.controller.QuorumController$QuorumMetaLogListener@1510082940 (org.apache.kafka.raft.KafkaRaftClient)
[2026-10-03 21:58:17,864] INFO [RaftManager id=1] Setting the next offset of org.apache.kafka.image.loader.MetadataLoader@411511496 to 0 since there are no snapshots (org.apache.kafka.raft.KafkaRaftClient)
[2026-10-03 21:58:17,864] INFO [RaftManager id=1] Setting the next offset of org.apache.kafka.controller.QuorumController$QuorumMetaLogListener@1510082940 to 0 since there are no snapshots (org.apache.kafka.raft.KafkaRaftClient)
[2026-10-03 21:58:17,866] INFO [MetadataLoader id=1] maybePublishMetadata(LOG_DELTA): The loader is still catching up because we have not loaded a controller record as of offset 0 and high water mark is 1 (org.apache.kafka.image.loader.MetadataLoader)
[2026-10-03 21:58:17,870] INFO [ExpirationReaper-1-AlterAcls]: Starting (org.apache.kafka.server.purgatory.DelayedOperationPurgatory$ExpiredOperationReaper)
[2026-10-03 21:58:17,877] INFO [ControllerServer id=1] Waiting for the controller metadata publishers to be installed (kafka.server.ControllerServer)
[2026-10-03 21:58:17,877] INFO [MetadataLoader id=1] initializeNewPublishers: The loader is still catching up because we have not loaded a controller record as of offset 0 and high water mark is 1 (org.apache.kafka.image.loader.MetadataLoader)
[2026-10-03 21:58:17,877] INFO [ControllerServer id=1] Finished waiting for the controller metadata publishers to be installed (kafka.server.ControllerServer)
[2026-10-03 21:58:17,878] INFO [SocketServer listenerType=CONTROLLER, nodeId=1] Enabling request processing. (kafka.network.SocketServer)
[2026-10-03 21:58:17,880] INFO Awaiting socket connections on 0.0.0.0:9093. (kafka.network.DataPlaneAcceptor)
[2026-10-03 21:58:17,895] INFO [controller-1-to-controller-registration-channel-manager]: Starting (kafka.server.NodeToControllerRequestThread)
[2026-10-03 21:58:17,896] INFO [ControllerRegistrationManager id=1 incarnation=iZWeu8dyQIOhtfKTjvQZJA] initialized channel manager. (kafka.server.ControllerRegistrationManager)
[2026-10-03 21:58:17,896] INFO [ControllerRegistrationManager id=1 incarnation=iZWeu8dyQIOhtfKTjvQZJA] maybeSendControllerRegistration: cannot register yet because the metadata.version is not known yet. (kafka.server.ControllerRegistrationManager)
[2026-10-03 21:58:17,896] INFO [ControllerServer id=1] Waiting for all of the authorizer futures to be completed (kafka.server.ControllerServer)
[2026-10-03 21:58:17,897] INFO [ControllerServer id=1] Finished waiting for all of the authorizer futures to be completed (kafka.server.ControllerServer)
[2026-10-03 21:58:17,897] INFO [controller-1-to-controller-registration-channel-manager]: Recorded new KRaft controller, from now on will use node localhost:9093 (id: 1 rack: null isFenced: false) (kafka.server.NodeToControllerRequestThread)
[2026-10-03 21:58:17,897] INFO [ControllerServer id=1] Waiting for all of the SocketServer Acceptors to be started (kafka.server.ControllerServer)
[2026-10-03 21:58:17,897] INFO [ControllerServer id=1] Finished waiting for all of the SocketServer Acceptors to be started (kafka.server.ControllerServer)
[2026-10-03 21:58:17,900] INFO [BrokerServer id=1] Transition from SHUTDOWN to STARTING (kafka.server.BrokerServer)
[2026-10-03 21:58:17,901] INFO [BrokerServer id=1] Starting broker (kafka.server.BrokerServer)
[2026-10-03 21:58:17,901] INFO [MetadataLoader id=1] maybePublishMetadata(LOG_DELTA): The loader finished catching up to the current high water mark of 8 (org.apache.kafka.image.loader.MetadataLoader)
[2026-10-03 21:58:17,903] INFO [MetadataLoader id=1] InitializeNewPublishers: initializing SnapshotGenerator with a snapshot at offset 7 (org.apache.kafka.image.loader.MetadataLoader)
[2026-10-03 21:58:17,904] INFO [MetadataLoader id=1] InitializeNewPublishers: initializing KRaftMetadataCachePublisher with a snapshot at offset 7 (org.apache.kafka.image.loader.MetadataLoader)
[2026-10-03 21:58:17,904] INFO [MetadataLoader id=1] InitializeNewPublishers: initializing FeaturesPublisher with a snapshot at offset 7 (org.apache.kafka.image.loader.MetadataLoader)
[2026-10-03 21:58:17,906] INFO [broker-1-ThrottledChannelReaper-Fetch]: Starting (kafka.server.ClientQuotaManager$ThrottledChannelReaper)
[2026-10-03 21:58:17,906] INFO [broker-1-ThrottledChannelReaper-Produce]: Starting (kafka.server.ClientQuotaManager$ThrottledChannelReaper)
[2026-10-03 21:58:17,907] INFO [broker-1-ThrottledChannelReaper-Request]: Starting (kafka.server.ClientQuotaManager$ThrottledChannelReaper)
[2026-10-03 21:58:17,907] INFO [broker-1-ThrottledChannelReaper-ControllerMutation]: Starting (kafka.server.ClientQuotaManager$ThrottledChannelReaper)
[2026-10-03 21:58:17,915] INFO [BrokerServer id=1] Waiting for controller quorum voters future (kafka.server.BrokerServer)
[2026-10-03 21:58:17,915] INFO [BrokerServer id=1] Finished waiting for controller quorum voters future (kafka.server.BrokerServer)
[2026-10-03 21:58:17,916] INFO [ControllerServer id=1] Loaded new metadata FinalizedFeatures[metadataVersion=4.1-IV1, finalizedFeatures={group.version=1, transaction.version=2, eligible.leader.replicas.version=1, metadata.version=27}, finalizedFeaturesEpoch=7]. (org.apache.kafka.metadata.publisher.FeaturesPublisher)
[2026-10-03 21:58:17,916] INFO [MetadataLoader id=1] InitializeNewPublishers: initializing ControllerRegistrationsPublisher with a snapshot at offset 7 (org.apache.kafka.image.loader.MetadataLoader)
[2026-10-03 21:58:17,916] INFO [MetadataLoader id=1] InitializeNewPublishers: initializing ControllerRegistrationManager with a snapshot at offset 7 (org.apache.kafka.image.loader.MetadataLoader)
[2026-10-03 21:58:17,917] INFO [MetadataLoader id=1] InitializeNewPublishers: initializing DynamicConfigPublisher controller id=1 with a snapshot at offset 7 (org.apache.kafka.image.loader.MetadataLoader)
[2026-10-03 21:58:17,917] INFO [broker-1-to-controller-forwarding-channel-manager]: Starting (kafka.server.NodeToControllerRequestThread)
[2026-10-03 21:58:17,917] INFO [broker-1-to-controller-forwarding-channel-manager]: Recorded new KRaft controller, from now on will use node localhost:9093 (id: 1 rack: null isFenced: false) (kafka.server.NodeToControllerRequestThread)
[2026-10-03 21:58:17,922] INFO [DynamicConfigPublisher controller id=1] Updating cluster configuration : min.insync.replicas -> 1 (kafka.server.metadata.DynamicConfigPublisher)
[2026-10-03 21:58:17,926] INFO [client-metrics-reaper]: Starting (org.apache.kafka.server.util.timer.SystemTimerReaper$Reaper)
[2026-10-03 21:58:17,927] INFO KafkaConfig values: 
	add.partitions.to.txn.retry.backoff.max.ms = 100
	add.partitions.to.txn.retry.backoff.ms = 20
	advertised.listeners = PLAINTEXT://127.0.0.1:19193,INTERNAL://localhost:9094
	alter.config.policy.class.name = null
	alter.log.dirs.replication.quota.window.num = 11
	alter.log.dirs.replication.quota.window.size.seconds = 1
	authorizer.class.name = 
	auto.create.topics.enable = false
	auto.leader.rebalance.enable = true
	background.threads = 10
	broker.heartbeat.interval.ms = 2000
	broker.id = 1
	broker.rack = null
	broker.session.timeout.ms = 9000
	client.quota.callback.class = null
	compression.gzip.level = -1
	compression.lz4.level = 9
	compression.type = producer
	compression.zstd.level = 3
	connection.failed.authentication.delay.ms = 100
	connections.max.idle.ms = 600000
	connections.max.reauth.ms = 0
	controlled.shutdown.enable = true
	controller.listener.names = CONTROLLER
	controller.performance.always.log.threshold.ms = 2000
	controller.performance.sample.period.ms = 60000
	controller.quorum.append.linger.ms = 25
	controller.quorum.bootstrap.servers = []
	controller.quorum.election.backoff.max.ms = 1000
	controller.quorum.election.timeout.ms = 1000
	controller.quorum.fetch.timeout.ms = 2000
	controller.quorum.request.timeout.ms = 2000
	controller.quorum.retry.backoff.ms = 20
	controller.quorum.voters = [1@localhost:9093]
	controller.quota.window.num = 11
	controller.quota.window.size.seconds = 1
	controller.socket.timeout.ms = 30000
	create.topic.policy.class.name = null
	default.replication.factor = 1
	delegation.token.expiry.check.interval.ms = 3600000
	delegation.token.expiry.time.ms = 86400000
	delegation.token.max.lifetime.ms = 604800000
	delegation.token.secret.key = null
	delete.records.purgatory.purge.interval.requests = 1
	delete.topic.enable = true
	early.start.listeners = null
	fetch.max.bytes = 57671680
	fetch.purgatory.purge.interval.requests = 1000
	group.consumer.assignors = [uniform, range]
	group.consumer.heartbeat.interval.ms = 5000
	group.consumer.max.heartbeat.interval.ms = 15000
	group.consumer.max.session.timeout.ms = 60000
	group.consumer.max.size = 2147483647
	group.consumer.migration.policy = bidirectional
	group.consumer.min.heartbeat.interval.ms = 5000
	group.consumer.min.session.timeout.ms = 45000
	group.consumer.regex.refresh.interval.ms = 600000
	group.consumer.session.timeout.ms = 45000
	group.coordinator.append.linger.ms = 5
	group.coordinator.rebalance.protocols = [classic, consumer, streams]
	group.coordinator.threads = 4
	group.initial.rebalance.delay.ms = 3000
	group.max.session.timeout.ms = 1800000
	group.max.size = 2147483647
	group.min.session.timeout.ms = 6000
	group.share.assignors = [simple]
	group.share.delivery.count.limit = 5
	group.share.enable = false
	group.share.heartbeat.interval.ms = 5000
	group.share.max.heartbeat.interval.ms = 15000
	group.share.max.record.lock.duration.ms = 60000
	group.share.max.session.timeout.ms = 60000
	group.share.max.share.sessions = 2000
	group.share.max.size = 200
	group.share.min.heartbeat.interval.ms = 5000
	group.share.min.record.lock.duration.ms = 15000
	group.share.min.session.timeout.ms = 45000
	group.share.partition.max.record.locks = 2000
	group.share.persister.class.name = org.apache.kafka.server.share.persister.DefaultStatePersister
	group.share.record.lock.duration.ms = 30000
	group.share.session.timeout.ms = 45000
	group.streams.heartbeat.interval.ms = 5000
	group.streams.max.heartbeat.interval.ms = 15000
	group.streams.max.session.timeout.ms = 60000
	group.streams.max.size = 2147483647
	group.streams.max.standby.replicas = 2
	group.streams.min.heartbeat.interval.ms = 5000
	group.streams.min.session.timeout.ms = 45000
	group.streams.num.standby.replicas = 0
	group.streams.session.timeout.ms = 45000
	initial.broker.registration.timeout.ms = 60000
	inter.broker.listener.name = INTERNAL
	internal.metadata.delete.delay.millis = 60000
	internal.metadata.log.segment.bytes = null
	internal.metadata.max.batch.size.in.bytes = 8388608
	internal.metadata.max.fetch.size.in.bytes = 8388608
	kafka.metrics.polling.interval.secs = 10
	kafka.metrics.reporters = []
	leader.imbalance.check.interval.seconds = 300
	listener.security.protocol.map = PLAINTEXT:PLAINTEXT,INTERNAL:PLAINTEXT,CONTROLLER:PLAINTEXT
	listeners = PLAINTEXT://:9092,INTERNAL://:9094,CONTROLLER://:9093
	log.cleaner.backoff.ms = 15000
	log.cleaner.dedupe.buffer.size = 134217728
	log.cleaner.delete.retention.ms = 86400000
	log.cleaner.enable = true
	log.cleaner.io.buffer.load.factor = 0.9
	log.cleaner.io.buffer.size = 524288
	log.cleaner.io.max.bytes.per.second = 1.7976931348623157E308
	log.cleaner.max.compaction.lag.ms = 9223372036854775807
	log.cleaner.min.cleanable.ratio = 0.5
	log.cleaner.min.compaction.lag.ms = 0
	log.cleaner.threads = 1
	log.cleanup.policy = [delete]
	log.dir = /tmp/kafka-logs
	log.dir.failure.timeout.ms = 30000
	log.dirs = null
	log.flush.interval.messages = 9223372036854775807
	log.flush.interval.ms = null
	log.flush.offset.checkpoint.interval.ms = 60000
	log.flush.scheduler.interval.ms = 9223372036854775807
	log.flush.start.offset.checkpoint.interval.ms = 60000
	log.index.interval.bytes = 4096
	log.index.size.max.bytes = 10485760
	log.initial.task.delay.ms = 30000
	log.local.retention.bytes = -2
	log.local.retention.ms = -2
	log.message.timestamp.after.max.ms = 3600000
	log.message.timestamp.before.max.ms = 9223372036854775807
	log.message.timestamp.type = CreateTime
	log.preallocate = false
	log.retention.bytes = -1
	log.retention.check.interval.ms = 300000
	log.retention.hours = 168
	log.retention.minutes = null
	log.retention.ms = null
	log.roll.hours = 168
	log.roll.jitter.hours = 0
	log.roll.jitter.ms = null
	log.roll.ms = null
	log.segment.bytes = 1073741824
	log.segment.delete.delay.ms = 60000
	max.connection.creation.rate = 2147483647
	max.connections = 2147483647
	max.connections.per.ip = 2147483647
	max.connections.per.ip.overrides = 
	max.incremental.fetch.session.cache.slots = 1000
	max.request.partition.size.limit = 2000
	message.max.bytes = 1048588
	metadata.log.dir = null
	metadata.log.max.record.bytes.between.snapshots = 20971520
	metadata.log.max.snapshot.interval.ms = 3600000
	metadata.log.segment.bytes = 1073741824
	metadata.log.segment.ms = 604800000
	metadata.max.idle.interval.ms = 500
	metadata.max.retention.bytes = 104857600
	metadata.max.retention.ms = 604800000
	metric.reporters = [org.apache.kafka.common.metrics.JmxReporter]
	metrics.num.samples = 2
	metrics.recording.level = INFO
	metrics.sample.window.ms = 30000
	min.insync.replicas = 1
	node.id = 1
	num.io.threads = 8
	num.network.threads = 3
	num.partitions = 1
	num.recovery.threads.per.data.dir = 2
	num.replica.alter.log.dirs.threads = null
	num.replica.fetchers = 1
	offset.metadata.max.bytes = 4096
	offsets.commit.timeout.ms = 5000
	offsets.load.buffer.size = 5242880
	offsets.retention.check.interval.ms = 600000
	offsets.retention.minutes = 10080
	offsets.topic.compression.codec = 0
	offsets.topic.num.partitions = 50
	offsets.topic.replication.factor = 1
	offsets.topic.segment.bytes = 104857600
	principal.builder.class = class org.apache.kafka.common.security.authenticator.DefaultKafkaPrincipalBuilder
	process.roles = [broker, controller]
	producer.id.expiration.check.interval.ms = 600000
	producer.id.expiration.ms = 86400000
	producer.purgatory.purge.interval.requests = 1000
	queued.max.request.bytes = -1
	queued.max.requests = 500
	quota.window.num = 11
	quota.window.size.seconds = 1
	remote.fetch.max.wait.ms = 500
	remote.list.offsets.request.timeout.ms = 30000
	remote.log.index.file.cache.total.size.bytes = 1073741824
	remote.log.manager.copier.thread.pool.size = 10
	remote.log.manager.copy.max.bytes.per.second = 9223372036854775807
	remote.log.manager.copy.quota.window.num = 11
	remote.log.manager.copy.quota.window.size.seconds = 1
	remote.log.manager.expiration.thread.pool.size = 10
	remote.log.manager.fetch.max.bytes.per.second = 9223372036854775807
	remote.log.manager.fetch.quota.window.num = 11
	remote.log.manager.fetch.quota.window.size.seconds = 1
	remote.log.manager.task.interval.ms = 30000
	remote.log.manager.task.retry.backoff.max.ms = 30000
	remote.log.manager.task.retry.backoff.ms = 500
	remote.log.manager.task.retry.jitter = 0.2
	remote.log.manager.thread.pool.size = 2
	remote.log.metadata.custom.metadata.max.bytes = 128
	remote.log.metadata.manager.class.name = org.apache.kafka.server.log.remote.metadata.storage.TopicBasedRemoteLogMetadataManager
	remote.log.metadata.manager.class.path = null
	remote.log.metadata.manager.impl.prefix = rlmm.config.
	remote.log.metadata.manager.listener.name = null
	remote.log.reader.max.pending.tasks = 100
	remote.log.reader.threads = 10
	remote.log.storage.manager.class.name = null
	remote.log.storage.manager.class.path = null
	remote.log.storage.manager.impl.prefix = rsm.config.
	remote.log.storage.system.enable = false
	replica.fetch.backoff.ms = 1000
	replica.fetch.max.bytes = 1048576
	replica.fetch.min.bytes = 1
	replica.fetch.response.max.bytes = 10485760
	replica.fetch.wait.max.ms = 500
	replica.high.watermark.checkpoint.interval.ms = 5000
	replica.lag.time.max.ms = 30000
	replica.selector.class = null
	replica.socket.receive.buffer.bytes = 65536
	replica.socket.timeout.ms = 30000
	replication.quota.window.num = 11
	replication.quota.window.size.seconds = 1
	request.timeout.ms = 30000
	sasl.client.callback.handler.class = null
	sasl.enabled.mechanisms = [GSSAPI]
	sasl.jaas.config = null
	sasl.kerberos.kinit.cmd = /usr/bin/kinit
	sasl.kerberos.min.time.before.relogin = 60000
	sasl.kerberos.principal.to.local.rules = [DEFAULT]
	sasl.kerberos.service.name = null
	sasl.kerberos.ticket.renew.jitter = 0.05
	sasl.kerberos.ticket.renew.window.factor = 0.8
	sasl.login.callback.handler.class = null
	sasl.login.class = null
	sasl.login.connect.timeout.ms = null
	sasl.login.read.timeout.ms = null
	sasl.login.refresh.buffer.seconds = 300
	sasl.login.refresh.min.period.seconds = 60
	sasl.login.refresh.window.factor = 0.8
	sasl.login.refresh.window.jitter = 0.05
	sasl.login.retry.backoff.max.ms = 10000
	sasl.login.retry.backoff.ms = 100
	sasl.mechanism.controller.protocol = GSSAPI
	sasl.mechanism.inter.broker.protocol = GSSAPI
	sasl.oauthbearer.assertion.algorithm = RS256
	sasl.oauthbearer.assertion.claim.aud = null
	sasl.oauthbearer.assertion.claim.exp.seconds = 300
	sasl.oauthbearer.assertion.claim.iss = null
	sasl.oauthbearer.assertion.claim.jti.include = false
	sasl.oauthbearer.assertion.claim.nbf.seconds = 60
	sasl.oauthbearer.assertion.claim.sub = null
	sasl.oauthbearer.assertion.file = null
	sasl.oauthbearer.assertion.private.key.file = null
	sasl.oauthbearer.assertion.private.key.passphrase = null
	sasl.oauthbearer.assertion.template.file = null
	sasl.oauthbearer.client.credentials.client.id = null
	sasl.oauthbearer.client.credentials.client.secret = null
	sasl.oauthbearer.clock.skew.seconds = 30
	sasl.oauthbearer.expected.audience = null
	sasl.oauthbearer.expected.issuer = null
	sasl.oauthbearer.jwks.endpoint.refresh.ms = 3600000
	sasl.oauthbearer.jwks.endpoint.retry.backoff.max.ms = 10000
	sasl.oauthbearer.jwks.endpoint.retry.backoff.ms = 100
	sasl.oauthbearer.jwks.endpoint.url = null
	sasl.oauthbearer.jwt.retriever.class = class org.apache.kafka.common.security.oauthbearer.DefaultJwtRetriever
	sasl.oauthbearer.jwt.validator.class = class org.apache.kafka.common.security.oauthbearer.DefaultJwtValidator
	sasl.oauthbearer.scope = null
	sasl.oauthbearer.scope.claim.name = scope
	sasl.oauthbearer.sub.claim.name = sub
	sasl.oauthbearer.token.endpoint.url = null
	sasl.server.callback.handler.class = null
	sasl.server.max.receive.size = 524288
	security.inter.broker.protocol = PLAINTEXT
	security.providers = null
	server.max.startup.time.ms = 9223372036854775807
	share.coordinator.append.linger.ms = 5
	share.coordinator.cold.partition.snapshot.interval.ms = 300000
	share.coordinator.load.buffer.size = 5242880
	share.coordinator.snapshot.update.records.per.snapshot = 500
	share.coordinator.state.topic.compression.codec = 0
	share.coordinator.state.topic.min.isr = 2
	share.coordinator.state.topic.num.partitions = 50
	share.coordinator.state.topic.prune.interval.ms = 300000
	share.coordinator.state.topic.replication.factor = 3
	share.coordinator.state.topic.segment.bytes = 104857600
	share.coordinator.threads = 1
	share.coordinator.write.timeout.ms = 5000
	share.fetch.purgatory.purge.interval.requests = 1000
	socket.connection.setup.timeout.max.ms = 30000
	socket.connection.setup.timeout.ms = 10000
	socket.listen.backlog.size = 50
	socket.receive.buffer.bytes = 102400
	socket.request.max.bytes = 104857600
	socket.send.buffer.bytes = 102400
	ssl.allow.dn.changes = false
	ssl.allow.san.changes = false
	ssl.cipher.suites = []
	ssl.client.auth = none
	ssl.enabled.protocols = [TLSv1.2, TLSv1.3]
	ssl.endpoint.identification.algorithm = https
	ssl.engine.factory.class = null
	ssl.key.password = null
	ssl.keymanager.algorithm = SunX509
	ssl.keystore.certificate.chain = null
	ssl.keystore.key = null
	ssl.keystore.location = null
	ssl.keystore.password = null
	ssl.keystore.type = JKS
	ssl.principal.mapping.rules = DEFAULT
	ssl.protocol = TLSv1.3
	ssl.provider = null
	ssl.secure.random.implementation = null
	ssl.trustmanager.algorithm = PKIX
	ssl.truststore.certificates = null
	ssl.truststore.location = null
	ssl.truststore.password = null
	ssl.truststore.type = JKS
	telemetry.max.bytes = 1048576
	transaction.abort.timed.out.transaction.cleanup.interval.ms = 10000
	transaction.max.timeout.ms = 900000
	transaction.partition.verification.enable = true
	transaction.remove.expired.transaction.cleanup.interval.ms = 3600000
	transaction.state.log.load.buffer.size = 5242880
	transaction.state.log.min.isr = 2
	transaction.state.log.num.partitions = 50
	transaction.state.log.replication.factor = 3
	transaction.state.log.segment.bytes = 104857600
	transaction.two.phase.commit.enable = false
	transactional.id.expiration.ms = 604800000
	unclean.leader.election.enable = false
	unclean.leader.election.interval.ms = 300000
	unstable.api.versions.enable = false
	unstable.feature.versions.enable = false
 (org.apache.kafka.common.config.AbstractConfig)
[2026-10-03 21:58:17,931] INFO [ControllerRegistrationManager id=1 incarnation=iZWeu8dyQIOhtfKTjvQZJA] sendControllerRegistration: attempting to send ControllerRegistrationRequestData(controllerId=1, incarnationId=iZWeu8dyQIOhtfKTjvQZJA, zkMigrationReady=false, listeners=[Listener(name='CONTROLLER', host='fa0b305fa3a9', port=9093, securityProtocol=0)], features=[Feature(name='group.version', minSupportedVersion=0, maxSupportedVersion=1), Feature(name='transaction.version', minSupportedVersion=0, maxSupportedVersion=2), Feature(name='eligible.leader.replicas.version', minSupportedVersion=0, maxSupportedVersion=1), Feature(name='kraft.version', minSupportedVersion=0, maxSupportedVersion=1), Feature(name='metadata.version', minSupportedVersion=7, maxSupportedVersion=27), Feature(name='share.version', minSupportedVersion=0, maxSupportedVersion=1)]) (kafka.server.ControllerRegistrationManager)
[2026-10-03 21:58:17,935] INFO [MetadataLoader id=1] InitializeNewPublishers: initializing DynamicClientQuotaPublisher controller id=1 with a snapshot at offset 7 (org.apache.kafka.image.loader.MetadataLoader)
[2026-10-03 21:58:17,936] INFO [MetadataLoader id=1] InitializeNewPublishers: initializing DynamicTopicClusterQuotaPublisher controller id=1 with a snapshot at offset 7 (org.apache.kafka.image.loader.MetadataLoader)
[2026-10-03 21:58:17,936] INFO [MetadataLoader id=1] InitializeNewPublishers: initializing ScramPublisher controller id=1 with a snapshot at offset 7 (org.apache.kafka.image.loader.MetadataLoader)
[2026-10-03 21:58:17,938] INFO [MetadataLoader id=1] InitializeNewPublishers: initializing DelegationTokenPublisher controller id=1 with a snapshot at offset 7 (org.apache.kafka.image.loader.MetadataLoader)
[2026-10-03 21:58:17,939] INFO [MetadataLoader id=1] InitializeNewPublishers: initializing ControllerMetadataMetricsPublisher with a snapshot at offset 7 (org.apache.kafka.image.loader.MetadataLoader)
[2026-10-03 21:58:17,940] INFO [MetadataLoader id=1] InitializeNewPublishers: initializing AclPublisher controller id=1 with a snapshot at offset 7 (org.apache.kafka.image.loader.MetadataLoader)
[2026-10-03 21:58:17,959] INFO Updated connection-accept-rate max connection creation rate to 2147483647 (kafka.network.ConnectionQuotas)
[2026-10-03 21:58:17,962] INFO [SocketServer listenerType=BROKER, nodeId=1] Created data-plane acceptor and processors for endpoint : ListenerName(PLAINTEXT) (kafka.network.SocketServer)
[2026-10-03 21:58:17,963] INFO Updated connection-accept-rate max connection creation rate to 2147483647 (kafka.network.ConnectionQuotas)
[2026-10-03 21:58:17,966] INFO [SocketServer listenerType=BROKER, nodeId=1] Created data-plane acceptor and processors for endpoint : ListenerName(INTERNAL) (kafka.network.SocketServer)
[2026-10-03 21:58:17,969] INFO [broker-1-to-controller-alter-partition-channel-manager]: Starting (kafka.server.NodeToControllerRequestThread)
[2026-10-03 21:58:17,970] INFO [broker-1-to-controller-alter-partition-channel-manager]: Recorded new KRaft controller, from now on will use node localhost:9093 (id: 1 rack: null isFenced: false) (kafka.server.NodeToControllerRequestThread)
[2026-10-03 21:58:17,974] INFO [broker-1-to-controller-directory-assignments-channel-manager]: Starting (kafka.server.NodeToControllerRequestThread)
[2026-10-03 21:58:17,975] INFO [broker-1-to-controller-directory-assignments-channel-manager]: Recorded new KRaft controller, from now on will use node localhost:9093 (id: 1 rack: null isFenced: false) (kafka.server.NodeToControllerRequestThread)
[2026-10-03 21:58:17,977] INFO [ExpirationReaper-1-Produce]: Starting (org.apache.kafka.server.purgatory.DelayedOperationPurgatory$ExpiredOperationReaper)
[2026-10-03 21:58:17,978] INFO [ExpirationReaper-1-Fetch]: Starting (org.apache.kafka.server.purgatory.DelayedOperationPurgatory$ExpiredOperationReaper)
[2026-10-03 21:58:17,978] INFO [ExpirationReaper-1-DeleteRecords]: Starting (org.apache.kafka.server.purgatory.DelayedOperationPurgatory$ExpiredOperationReaper)
[2026-10-03 21:58:17,979] INFO [ExpirationReaper-1-RemoteFetch]: Starting (org.apache.kafka.server.purgatory.DelayedOperationPurgatory$ExpiredOperationReaper)
[2026-10-03 21:58:17,980] INFO [ExpirationReaper-1-RemoteListOffsets]: Starting (org.apache.kafka.server.purgatory.DelayedOperationPurgatory$ExpiredOperationReaper)
[2026-10-03 21:58:17,980] INFO [ExpirationReaper-1-ShareFetch]: Starting (org.apache.kafka.server.purgatory.DelayedOperationPurgatory$ExpiredOperationReaper)
[2026-10-03 21:58:17,987] INFO [share-coordinator-reaper]: Starting (org.apache.kafka.server.util.timer.SystemTimerReaper$Reaper)
[2026-10-03 21:58:17,992] INFO [share-coordinator-event-processor-0]: Starting (org.apache.kafka.coordinator.common.runtime.MultiThreadedEventProcessor$EventProcessorThread)
[2026-10-03 21:58:17,996] INFO [PersisterStateManager]: Starting (org.apache.kafka.server.share.persister.PersisterStateManager$SendThread)
[2026-10-03 21:58:17,996] INFO [ControllerRegistrationManager id=1 incarnation=iZWeu8dyQIOhtfKTjvQZJA] Our registration has been persisted to the metadata log. (kafka.server.ControllerRegistrationManager)
[2026-10-03 21:58:17,997] INFO [persister-state-manager-reaper]: Starting (org.apache.kafka.server.util.timer.SystemTimerReaper$Reaper)
[2026-10-03 21:58:17,998] INFO [group-coordinator-reaper]: Starting (org.apache.kafka.server.util.timer.SystemTimerReaper$Reaper)
[2026-10-03 21:58:17,999] INFO [ControllerRegistrationManager id=1 incarnation=iZWeu8dyQIOhtfKTjvQZJA] RegistrationResponseHandler: controller acknowledged ControllerRegistrationRequest. (kafka.server.ControllerRegistrationManager)
[2026-10-03 21:58:18,001] INFO [group-coordinator-event-processor-0]: Starting (org.apache.kafka.coordinator.common.runtime.MultiThreadedEventProcessor$EventProcessorThread)
[2026-10-03 21:58:18,003] INFO [group-coordinator-event-processor-1]: Starting (org.apache.kafka.coordinator.common.runtime.MultiThreadedEventProcessor$EventProcessorThread)
[2026-10-03 21:58:18,003] INFO [group-coordinator-event-processor-2]: Starting (org.apache.kafka.coordinator.common.runtime.MultiThreadedEventProcessor$EventProcessorThread)
[2026-10-03 21:58:18,004] INFO [group-coordinator-event-processor-3]: Starting (org.apache.kafka.coordinator.common.runtime.MultiThreadedEventProcessor$EventProcessorThread)
[2026-10-03 21:58:18,014] INFO Unable to read the broker epoch in /tmp/kafka-logs. (kafka.log.LogManager)
[2026-10-03 21:58:18,015] INFO [broker-1-to-controller-heartbeat-channel-manager]: Starting (kafka.server.NodeToControllerRequestThread)
[2026-10-03 21:58:18,017] INFO [broker-1-to-controller-heartbeat-channel-manager]: Recorded new KRaft controller, from now on will use node localhost:9093 (id: 1 rack: null isFenced: false) (kafka.server.NodeToControllerRequestThread)
[2026-10-03 21:58:18,019] INFO [BrokerLifecycleManager id=1] Incarnation DbLSk8ThTQWiM88SS8upYQ of broker 1 in cluster 5L6g3nShT-eMCtK--X86sw is now STARTING. (kafka.server.BrokerLifecycleManager)
[2026-10-03 21:58:18,024] INFO [share-group-lock-timeout-reaper]: Starting (org.apache.kafka.server.util.timer.SystemTimerReaper$Reaper)
[2026-10-03 21:58:18,024] INFO [ExpirationReaper-1-AlterAcls]: Starting (org.apache.kafka.server.purgatory.DelayedOperationPurgatory$ExpiredOperationReaper)
[2026-10-03 21:58:18,039] INFO [MetadataLoader id=1] InitializeNewPublishers: initializing MetadataVersionPublisher(id=1) with a snapshot at offset 8 (org.apache.kafka.image.loader.MetadataLoader)
[2026-10-03 21:58:18,039] INFO [MetadataLoader id=1] InitializeNewPublishers: initializing BrokerMetadataPublisher with a snapshot at offset 8 (org.apache.kafka.image.loader.MetadataLoader)
[2026-10-03 21:58:18,040] INFO [BrokerServer id=1] Waiting for the broker metadata publishers to be installed (kafka.server.BrokerServer)
[2026-10-03 21:58:18,040] INFO [BrokerServer id=1] Finished waiting for the broker metadata publishers to be installed (kafka.server.BrokerServer)
[2026-10-03 21:58:18,040] INFO [BrokerServer id=1] Waiting for the controller to acknowledge that we are caught up (kafka.server.BrokerServer)
[2026-10-03 21:58:18,042] INFO [BrokerMetadataPublisher id=1] Publishing initial metadata at offset OffsetAndEpoch[offset=8, epoch=1] with metadata.version Optional[4.1-IV1]. (kafka.server.metadata.BrokerMetadataPublisher)
[2026-10-03 21:58:18,043] INFO Loading logs from log dirs ArrayBuffer(/tmp/kafka-logs) (kafka.log.LogManager)
[2026-10-03 21:58:18,046] INFO No logs found to be loaded in /tmp/kafka-logs (kafka.log.LogManager)
[2026-10-03 21:58:18,052] INFO Loaded 0 logs in 7ms (kafka.log.LogManager)
[2026-10-03 21:58:18,053] INFO Starting log cleanup with a period of 300000 ms. (kafka.log.LogManager)
[2026-10-03 21:58:18,054] INFO Starting log flusher with a default period of 9223372036854775807 ms. (kafka.log.LogManager)
[2026-10-03 21:58:18,061] INFO [BrokerLifecycleManager id=1] Successfully registered broker 1 with broker epoch 9 (kafka.server.BrokerLifecycleManager)
[2026-10-03 21:58:18,075] INFO [LogDirFailureHandler]: Starting (kafka.server.ReplicaManager$LogDirFailureHandler)
[2026-10-03 21:58:18,075] INFO [AddPartitionsToTxnSenderThread-1]: Starting (org.apache.kafka.server.transaction.AddPartitionsToTxnManager)
[2026-10-03 21:58:18,075] INFO [GroupCoordinator id=1] Starting up. (org.apache.kafka.coordinator.group.GroupCoordinatorService)
[2026-10-03 21:58:18,076] INFO [GroupCoordinator id=1] Startup complete. (org.apache.kafka.coordinator.group.GroupCoordinatorService)
[2026-10-03 21:58:18,077] INFO [TransactionCoordinator id=1] Starting up. (kafka.coordinator.transaction.TransactionCoordinator)
[2026-10-03 21:58:18,079] INFO [TxnMarkerSenderThread-1]: Starting (kafka.coordinator.transaction.TransactionMarkerChannelManager)
[2026-10-03 21:58:18,079] INFO [TransactionCoordinator id=1] Startup complete. (kafka.coordinator.transaction.TransactionCoordinator)
[2026-10-03 21:58:18,079] INFO [ShareCoordinator id=1] Starting up. (org.apache.kafka.coordinator.share.ShareCoordinatorService)
[2026-10-03 21:58:18,079] INFO [ShareCoordinator id=1] Startup complete. (org.apache.kafka.coordinator.share.ShareCoordinatorService)
[2026-10-03 21:58:18,083] INFO [DynamicConfigPublisher broker id=1] Updating cluster configuration : min.insync.replicas -> 1 (kafka.server.metadata.DynamicConfigPublisher)
[2026-10-03 21:58:18,085] INFO KafkaConfig values: 
	add.partitions.to.txn.retry.backoff.max.ms = 100
	add.partitions.to.txn.retry.backoff.ms = 20
	advertised.listeners = PLAINTEXT://127.0.0.1:19193,INTERNAL://localhost:9094
	alter.config.policy.class.name = null
	alter.log.dirs.replication.quota.window.num = 11
	alter.log.dirs.replication.quota.window.size.seconds = 1
	authorizer.class.name = 
	auto.create.topics.enable = false
	auto.leader.rebalance.enable = true
	background.threads = 10
	broker.heartbeat.interval.ms = 2000
	broker.id = 1
	broker.rack = null
	broker.session.timeout.ms = 9000
	client.quota.callback.class = null
	compression.gzip.level = -1
	compression.lz4.level = 9
	compression.type = producer
	compression.zstd.level = 3
	connection.failed.authentication.delay.ms = 100
	connections.max.idle.ms = 600000
	connections.max.reauth.ms = 0
	controlled.shutdown.enable = true
	controller.listener.names = CONTROLLER
	controller.performance.always.log.threshold.ms = 2000
	controller.performance.sample.period.ms = 60000
	controller.quorum.append.linger.ms = 25
	controller.quorum.bootstrap.servers = []
	controller.quorum.election.backoff.max.ms = 1000
	controller.quorum.election.timeout.ms = 1000
	controller.quorum.fetch.timeout.ms = 2000
	controller.quorum.request.timeout.ms = 2000
	controller.quorum.retry.backoff.ms = 20
	controller.quorum.voters = [1@localhost:9093]
	controller.quota.window.num = 11
	controller.quota.window.size.seconds = 1
	controller.socket.timeout.ms = 30000
	create.topic.policy.class.name = null
	default.replication.factor = 1
	delegation.token.expiry.check.interval.ms = 3600000
	delegation.token.expiry.time.ms = 86400000
	delegation.token.max.lifetime.ms = 604800000
	delegation.token.secret.key = null
	delete.records.purgatory.purge.interval.requests = 1
	delete.topic.enable = true
	early.start.listeners = null
	fetch.max.bytes = 57671680
	fetch.purgatory.purge.interval.requests = 1000
	group.consumer.assignors = [uniform, range]
	group.consumer.heartbeat.interval.ms = 5000
	group.consumer.max.heartbeat.interval.ms = 15000
	group.consumer.max.session.timeout.ms = 60000
	group.consumer.max.size = 2147483647
	group.consumer.migration.policy = bidirectional
	group.consumer.min.heartbeat.interval.ms = 5000
	group.consumer.min.session.timeout.ms = 45000
	group.consumer.regex.refresh.interval.ms = 600000
	group.consumer.session.timeout.ms = 45000
	group.coordinator.append.linger.ms = 5
	group.coordinator.rebalance.protocols = [classic, consumer, streams]
	group.coordinator.threads = 4
	group.initial.rebalance.delay.ms = 3000
	group.max.session.timeout.ms = 1800000
	group.max.size = 2147483647
	group.min.session.timeout.ms = 6000
	group.share.assignors = [simple]
	group.share.delivery.count.limit = 5
	group.share.enable = false
	group.share.heartbeat.interval.ms = 5000
	group.share.max.heartbeat.interval.ms = 15000
	group.share.max.record.lock.duration.ms = 60000
	group.share.max.session.timeout.ms = 60000
	group.share.max.share.sessions = 2000
	group.share.max.size = 200
	group.share.min.heartbeat.interval.ms = 5000
	group.share.min.record.lock.duration.ms = 15000
	group.share.min.session.timeout.ms = 45000
	group.share.partition.max.record.locks = 2000
	group.share.persister.class.name = org.apache.kafka.server.share.persister.DefaultStatePersister
	group.share.record.lock.duration.ms = 30000
	group.share.session.timeout.ms = 45000
	group.streams.heartbeat.interval.ms = 5000
	group.streams.max.heartbeat.interval.ms = 15000
	group.streams.max.session.timeout.ms = 60000
	group.streams.max.size = 2147483647
	group.streams.max.standby.replicas = 2
	group.streams.min.heartbeat.interval.ms = 5000
	group.streams.min.session.timeout.ms = 45000
	group.streams.num.standby.replicas = 0
	group.streams.session.timeout.ms = 45000
	initial.broker.registration.timeout.ms = 60000
	inter.broker.listener.name = INTERNAL
	internal.metadata.delete.delay.millis = 60000
	internal.metadata.log.segment.bytes = null
	internal.metadata.max.batch.size.in.bytes = 8388608
	internal.metadata.max.fetch.size.in.bytes = 8388608
	kafka.metrics.polling.interval.secs = 10
	kafka.metrics.reporters = []
	leader.imbalance.check.interval.seconds = 300
	listener.security.protocol.map = PLAINTEXT:PLAINTEXT,INTERNAL:PLAINTEXT,CONTROLLER:PLAINTEXT
	listeners = PLAINTEXT://:9092,INTERNAL://:9094,CONTROLLER://:9093
	log.cleaner.backoff.ms = 15000
	log.cleaner.dedupe.buffer.size = 134217728
	log.cleaner.delete.retention.ms = 86400000
	log.cleaner.enable = true
	log.cleaner.io.buffer.load.factor = 0.9
	log.cleaner.io.buffer.size = 524288
	log.cleaner.io.max.bytes.per.second = 1.7976931348623157E308
	log.cleaner.max.compaction.lag.ms = 9223372036854775807
	log.cleaner.min.cleanable.ratio = 0.5
	log.cleaner.min.compaction.lag.ms = 0
	log.cleaner.threads = 1
	log.cleanup.policy = [delete]
	log.dir = /tmp/kafka-logs
	log.dir.failure.timeout.ms = 30000
	log.dirs = null
	log.flush.interval.messages = 9223372036854775807
	log.flush.interval.ms = null
	log.flush.offset.checkpoint.interval.ms = 60000
	log.flush.scheduler.interval.ms = 9223372036854775807
	log.flush.start.offset.checkpoint.interval.ms = 60000
	log.index.interval.bytes = 4096
	log.index.size.max.bytes = 10485760
	log.initial.task.delay.ms = 30000
	log.local.retention.bytes = -2
	log.local.retention.ms = -2
	log.message.timestamp.after.max.ms = 3600000
	log.message.timestamp.before.max.ms = 9223372036854775807
	log.message.timestamp.type = CreateTime
	log.preallocate = false
	log.retention.bytes = -1
	log.retention.check.interval.ms = 300000
	log.retention.hours = 168
	log.retention.minutes = null
	log.retention.ms = null
	log.roll.hours = 168
	log.roll.jitter.hours = 0
	log.roll.jitter.ms = null
	log.roll.ms = null
	log.segment.bytes = 1073741824
	log.segment.delete.delay.ms = 60000
	max.connection.creation.rate = 2147483647
	max.connections = 2147483647
	max.connections.per.ip = 2147483647
	max.connections.per.ip.overrides = 
	max.incremental.fetch.session.cache.slots = 1000
	max.request.partition.size.limit = 2000
	message.max.bytes = 1048588
	metadata.log.dir = null
	metadata.log.max.record.bytes.between.snapshots = 20971520
	metadata.log.max.snapshot.interval.ms = 3600000
	metadata.log.segment.bytes = 1073741824
	metadata.log.segment.ms = 604800000
	metadata.max.idle.interval.ms = 500
	metadata.max.retention.bytes = 104857600
	metadata.max.retention.ms = 604800000
	metric.reporters = [org.apache.kafka.common.metrics.JmxReporter]
	metrics.num.samples = 2
	metrics.recording.level = INFO
	metrics.sample.window.ms = 30000
	min.insync.replicas = 1
	node.id = 1
	num.io.threads = 8
	num.network.threads = 3
	num.partitions = 1
	num.recovery.threads.per.data.dir = 2
	num.replica.alter.log.dirs.threads = null
	num.replica.fetchers = 1
	offset.metadata.max.bytes = 4096
	offsets.commit.timeout.ms = 5000
	offsets.load.buffer.size = 5242880
	offsets.retention.check.interval.ms = 600000
	offsets.retention.minutes = 10080
	offsets.topic.compression.codec = 0
	offsets.topic.num.partitions = 50
	offsets.topic.replication.factor = 1
	offsets.topic.segment.bytes = 104857600
	principal.builder.class = class org.apache.kafka.common.security.authenticator.DefaultKafkaPrincipalBuilder
	process.roles = [broker, controller]
	producer.id.expiration.check.interval.ms = 600000
	producer.id.expiration.ms = 86400000
	producer.purgatory.purge.interval.requests = 1000
	queued.max.request.bytes = -1
	queued.max.requests = 500
	quota.window.num = 11
	quota.window.size.seconds = 1
	remote.fetch.max.wait.ms = 500
	remote.list.offsets.request.timeout.ms = 30000
	remote.log.index.file.cache.total.size.bytes = 1073741824
	remote.log.manager.copier.thread.pool.size = 10
	remote.log.manager.copy.max.bytes.per.second = 9223372036854775807
	remote.log.manager.copy.quota.window.num = 11
	remote.log.manager.copy.quota.window.size.seconds = 1
	remote.log.manager.expiration.thread.pool.size = 10
	remote.log.manager.fetch.max.bytes.per.second = 9223372036854775807
	remote.log.manager.fetch.quota.window.num = 11
	remote.log.manager.fetch.quota.window.size.seconds = 1
	remote.log.manager.task.interval.ms = 30000
	remote.log.manager.task.retry.backoff.max.ms = 30000
	remote.log.manager.task.retry.backoff.ms = 500
	remote.log.manager.task.retry.jitter = 0.2
	remote.log.manager.thread.pool.size = 2
	remote.log.metadata.custom.metadata.max.bytes = 128
	remote.log.metadata.manager.class.name = org.apache.kafka.server.log.remote.metadata.storage.TopicBasedRemoteLogMetadataManager
	remote.log.metadata.manager.class.path = null
	remote.log.metadata.manager.impl.prefix = rlmm.config.
	remote.log.metadata.manager.listener.name = null
	remote.log.reader.max.pending.tasks = 100
	remote.log.reader.threads = 10
	remote.log.storage.manager.class.name = null
	remote.log.storage.manager.class.path = null
	remote.log.storage.manager.impl.prefix = rsm.config.
	remote.log.storage.system.enable = false
	replica.fetch.backoff.ms = 1000
	replica.fetch.max.bytes = 1048576
	replica.fetch.min.bytes = 1
	replica.fetch.response.max.bytes = 10485760
	replica.fetch.wait.max.ms = 500
	replica.high.watermark.checkpoint.interval.ms = 5000
	replica.lag.time.max.ms = 30000
	replica.selector.class = null
	replica.socket.receive.buffer.bytes = 65536
	replica.socket.timeout.ms = 30000
	replication.quota.window.num = 11
	replication.quota.window.size.seconds = 1
	request.timeout.ms = 30000
	sasl.client.callback.handler.class = null
	sasl.enabled.mechanisms = [GSSAPI]
	sasl.jaas.config = null
	sasl.kerberos.kinit.cmd = /usr/bin/kinit
	sasl.kerberos.min.time.before.relogin = 60000
	sasl.kerberos.principal.to.local.rules = [DEFAULT]
	sasl.kerberos.service.name = null
	sasl.kerberos.ticket.renew.jitter = 0.05
	sasl.kerberos.ticket.renew.window.factor = 0.8
	sasl.login.callback.handler.class = null
	sasl.login.class = null
	sasl.login.connect.timeout.ms = null
	sasl.login.read.timeout.ms = null
	sasl.login.refresh.buffer.seconds = 300
	sasl.login.refresh.min.period.seconds = 60
	sasl.login.refresh.window.factor = 0.8
	sasl.login.refresh.window.jitter = 0.05
	sasl.login.retry.backoff.max.ms = 10000
	sasl.login.retry.backoff.ms = 100
	sasl.mechanism.controller.protocol = GSSAPI
	sasl.mechanism.inter.broker.protocol = GSSAPI
	sasl.oauthbearer.assertion.algorithm = RS256
	sasl.oauthbearer.assertion.claim.aud = null
	sasl.oauthbearer.assertion.claim.exp.seconds = 300
	sasl.oauthbearer.assertion.claim.iss = null
	sasl.oauthbearer.assertion.claim.jti.include = false
	sasl.oauthbearer.assertion.claim.nbf.seconds = 60
	sasl.oauthbearer.assertion.claim.sub = null
	sasl.oauthbearer.assertion.file = null
	sasl.oauthbearer.assertion.private.key.file = null
	sasl.oauthbearer.assertion.private.key.passphrase = null
	sasl.oauthbearer.assertion.template.file = null
	sasl.oauthbearer.client.credentials.client.id = null
	sasl.oauthbearer.client.credentials.client.secret = null
	sasl.oauthbearer.clock.skew.seconds = 30
	sasl.oauthbearer.expected.audience = null
	sasl.oauthbearer.expected.issuer = null
	sasl.oauthbearer.jwks.endpoint.refresh.ms = 3600000
	sasl.oauthbearer.jwks.endpoint.retry.backoff.max.ms = 10000
	sasl.oauthbearer.jwks.endpoint.retry.backoff.ms = 100
	sasl.oauthbearer.jwks.endpoint.url = null
	sasl.oauthbearer.jwt.retriever.class = class org.apache.kafka.common.security.oauthbearer.DefaultJwtRetriever
	sasl.oauthbearer.jwt.validator.class = class org.apache.kafka.common.security.oauthbearer.DefaultJwtValidator
	sasl.oauthbearer.scope = null
	sasl.oauthbearer.scope.claim.name = scope
	sasl.oauthbearer.sub.claim.name = sub
	sasl.oauthbearer.token.endpoint.url = null
	sasl.server.callback.handler.class = null
	sasl.server.max.receive.size = 524288
	security.inter.broker.protocol = PLAINTEXT
	security.providers = null
	server.max.startup.time.ms = 9223372036854775807
	share.coordinator.append.linger.ms = 5
	share.coordinator.cold.partition.snapshot.interval.ms = 300000
	share.coordinator.load.buffer.size = 5242880
	share.coordinator.snapshot.update.records.per.snapshot = 500
	share.coordinator.state.topic.compression.codec = 0
	share.coordinator.state.topic.min.isr = 2
	share.coordinator.state.topic.num.partitions = 50
	share.coordinator.state.topic.prune.interval.ms = 300000
	share.coordinator.state.topic.replication.factor = 3
	share.coordinator.state.topic.segment.bytes = 104857600
	share.coordinator.threads = 1
	share.coordinator.write.timeout.ms = 5000
	share.fetch.purgatory.purge.interval.requests = 1000
	socket.connection.setup.timeout.max.ms = 30000
	socket.connection.setup.timeout.ms = 10000
	socket.listen.backlog.size = 50
	socket.receive.buffer.bytes = 102400
	socket.request.max.bytes = 104857600
	socket.send.buffer.bytes = 102400
	ssl.allow.dn.changes = false
	ssl.allow.san.changes = false
	ssl.cipher.suites = []
	ssl.client.auth = none
	ssl.enabled.protocols = [TLSv1.2, TLSv1.3]
	ssl.endpoint.identification.algorithm = https
	ssl.engine.factory.class = null
	ssl.key.password = null
	ssl.keymanager.algorithm = SunX509
	ssl.keystore.certificate.chain = null
	ssl.keystore.key = null
	ssl.keystore.location = null
	ssl.keystore.password = null
	ssl.keystore.type = JKS
	ssl.principal.mapping.rules = DEFAULT
	ssl.protocol = TLSv1.3
	ssl.provider = null
	ssl.secure.random.implementation = null
	ssl.trustmanager.algorithm = PKIX
	ssl.truststore.certificates = null
	ssl.truststore.location = null
	ssl.truststore.password = null
	ssl.truststore.type = JKS
	telemetry.max.bytes = 1048576
	transaction.abort.timed.out.transaction.cleanup.interval.ms = 10000
	transaction.max.timeout.ms = 900000
	transaction.partition.verification.enable = true
	transaction.remove.expired.transaction.cleanup.interval.ms = 3600000
	transaction.state.log.load.buffer.size = 5242880
	transaction.state.log.min.isr = 2
	transaction.state.log.num.partitions = 50
	transaction.state.log.replication.factor = 3
	transaction.state.log.segment.bytes = 104857600
	transaction.two.phase.commit.enable = false
	transactional.id.expiration.ms = 604800000
	unclean.leader.election.enable = false
	unclean.leader.election.interval.ms = 300000
	unstable.api.versions.enable = false
	unstable.feature.versions.enable = false
 (org.apache.kafka.common.config.AbstractConfig)
[2026-10-03 21:58:18,093] INFO [MetadataLoader id=1] InitializeNewPublishers: initializing BrokerRegistrationTracker(id=1) with a snapshot at offset 8 (org.apache.kafka.image.loader.MetadataLoader)
[2026-10-03 21:58:18,099] INFO [BrokerLifecycleManager id=1] The broker has caught up. Transitioning from STARTING to RECOVERY. (kafka.server.BrokerLifecycleManager)
[2026-10-03 21:58:18,100] INFO [BrokerServer id=1] Finished waiting for the controller to acknowledge that we are caught up (kafka.server.BrokerServer)
[2026-10-03 21:58:18,100] INFO [BrokerServer id=1] Waiting for the initial broker metadata update to be published (kafka.server.BrokerServer)
[2026-10-03 21:58:18,100] INFO [BrokerServer id=1] Finished waiting for the initial broker metadata update to be published (kafka.server.BrokerServer)
[2026-10-03 21:58:18,101] INFO KafkaConfig values: 
	add.partitions.to.txn.retry.backoff.max.ms = 100
	add.partitions.to.txn.retry.backoff.ms = 20
	advertised.listeners = PLAINTEXT://127.0.0.1:19193,INTERNAL://localhost:9094
	alter.config.policy.class.name = null
	alter.log.dirs.replication.quota.window.num = 11
	alter.log.dirs.replication.quota.window.size.seconds = 1
	authorizer.class.name = 
	auto.create.topics.enable = false
	auto.leader.rebalance.enable = true
	background.threads = 10
	broker.heartbeat.interval.ms = 2000
	broker.id = 1
	broker.rack = null
	broker.session.timeout.ms = 9000
	client.quota.callback.class = null
	compression.gzip.level = -1
	compression.lz4.level = 9
	compression.type = producer
	compression.zstd.level = 3
	connection.failed.authentication.delay.ms = 100
	connections.max.idle.ms = 600000
	connections.max.reauth.ms = 0
	controlled.shutdown.enable = true
	controller.listener.names = CONTROLLER
	controller.performance.always.log.threshold.ms = 2000
	controller.performance.sample.period.ms = 60000
	controller.quorum.append.linger.ms = 25
	controller.quorum.bootstrap.servers = []
	controller.quorum.election.backoff.max.ms = 1000
	controller.quorum.election.timeout.ms = 1000
	controller.quorum.fetch.timeout.ms = 2000
	controller.quorum.request.timeout.ms = 2000
	controller.quorum.retry.backoff.ms = 20
	controller.quorum.voters = [1@localhost:9093]
	controller.quota.window.num = 11
	controller.quota.window.size.seconds = 1
	controller.socket.timeout.ms = 30000
	create.topic.policy.class.name = null
	default.replication.factor = 1
	delegation.token.expiry.check.interval.ms = 3600000
	delegation.token.expiry.time.ms = 86400000
	delegation.token.max.lifetime.ms = 604800000
	delegation.token.secret.key = null
	delete.records.purgatory.purge.interval.requests = 1
	delete.topic.enable = true
	early.start.listeners = null
	fetch.max.bytes = 57671680
	fetch.purgatory.purge.interval.requests = 1000
	group.consumer.assignors = [uniform, range]
	group.consumer.heartbeat.interval.ms = 5000
	group.consumer.max.heartbeat.interval.ms = 15000
	group.consumer.max.session.timeout.ms = 60000
	group.consumer.max.size = 2147483647
	group.consumer.migration.policy = bidirectional
	group.consumer.min.heartbeat.interval.ms = 5000
	group.consumer.min.session.timeout.ms = 45000
	group.consumer.regex.refresh.interval.ms = 600000
	group.consumer.session.timeout.ms = 45000
	group.coordinator.append.linger.ms = 5
	group.coordinator.rebalance.protocols = [classic, consumer, streams]
	group.coordinator.threads = 4
	group.initial.rebalance.delay.ms = 3000
	group.max.session.timeout.ms = 1800000
	group.max.size = 2147483647
	group.min.session.timeout.ms = 6000
	group.share.assignors = [simple]
	group.share.delivery.count.limit = 5
	group.share.enable = false
	group.share.heartbeat.interval.ms = 5000
	group.share.max.heartbeat.interval.ms = 15000
	group.share.max.record.lock.duration.ms = 60000
	group.share.max.session.timeout.ms = 60000
	group.share.max.share.sessions = 2000
	group.share.max.size = 200
	group.share.min.heartbeat.interval.ms = 5000
	group.share.min.record.lock.duration.ms = 15000
	group.share.min.session.timeout.ms = 45000
	group.share.partition.max.record.locks = 2000
	group.share.persister.class.name = org.apache.kafka.server.share.persister.DefaultStatePersister
	group.share.record.lock.duration.ms = 30000
	group.share.session.timeout.ms = 45000
	group.streams.heartbeat.interval.ms = 5000
	group.streams.max.heartbeat.interval.ms = 15000
	group.streams.max.session.timeout.ms = 60000
	group.streams.max.size = 2147483647
	group.streams.max.standby.replicas = 2
	group.streams.min.heartbeat.interval.ms = 5000
	group.streams.min.session.timeout.ms = 45000
	group.streams.num.standby.replicas = 0
	group.streams.session.timeout.ms = 45000
	initial.broker.registration.timeout.ms = 60000
	inter.broker.listener.name = INTERNAL
	internal.metadata.delete.delay.millis = 60000
	internal.metadata.log.segment.bytes = null
	internal.metadata.max.batch.size.in.bytes = 8388608
	internal.metadata.max.fetch.size.in.bytes = 8388608
	kafka.metrics.polling.interval.secs = 10
	kafka.metrics.reporters = []
	leader.imbalance.check.interval.seconds = 300
	listener.security.protocol.map = PLAINTEXT:PLAINTEXT,INTERNAL:PLAINTEXT,CONTROLLER:PLAINTEXT
	listeners = PLAINTEXT://:9092,INTERNAL://:9094,CONTROLLER://:9093
	log.cleaner.backoff.ms = 15000
	log.cleaner.dedupe.buffer.size = 134217728
	log.cleaner.delete.retention.ms = 86400000
	log.cleaner.enable = true
	log.cleaner.io.buffer.load.factor = 0.9
	log.cleaner.io.buffer.size = 524288
	log.cleaner.io.max.bytes.per.second = 1.7976931348623157E308
	log.cleaner.max.compaction.lag.ms = 9223372036854775807
	log.cleaner.min.cleanable.ratio = 0.5
	log.cleaner.min.compaction.lag.ms = 0
	log.cleaner.threads = 1
	log.cleanup.policy = [delete]
	log.dir = /tmp/kafka-logs
	log.dir.failure.timeout.ms = 30000
	log.dirs = null
	log.flush.interval.messages = 9223372036854775807
	log.flush.interval.ms = null
	log.flush.offset.checkpoint.interval.ms = 60000
	log.flush.scheduler.interval.ms = 9223372036854775807
	log.flush.start.offset.checkpoint.interval.ms = 60000
	log.index.interval.bytes = 4096
	log.index.size.max.bytes = 10485760
	log.initial.task.delay.ms = 30000
	log.local.retention.bytes = -2
	log.local.retention.ms = -2
	log.message.timestamp.after.max.ms = 3600000
	log.message.timestamp.before.max.ms = 9223372036854775807
	log.message.timestamp.type = CreateTime
	log.preallocate = false
	log.retention.bytes = -1
	log.retention.check.interval.ms = 300000
	log.retention.hours = 168
	log.retention.minutes = null
	log.retention.ms = null
	log.roll.hours = 168
	log.roll.jitter.hours = 0
	log.roll.jitter.ms = null
	log.roll.ms = null
	log.segment.bytes = 1073741824
	log.segment.delete.delay.ms = 60000
	max.connection.creation.rate = 2147483647
	max.connections = 2147483647
	max.connections.per.ip = 2147483647
	max.connections.per.ip.overrides = 
	max.incremental.fetch.session.cache.slots = 1000
	max.request.partition.size.limit = 2000
	message.max.bytes = 1048588
	metadata.log.dir = null
	metadata.log.max.record.bytes.between.snapshots = 20971520
	metadata.log.max.snapshot.interval.ms = 3600000
	metadata.log.segment.bytes = 1073741824
	metadata.log.segment.ms = 604800000
	metadata.max.idle.interval.ms = 500
	metadata.max.retention.bytes = 104857600
	metadata.max.retention.ms = 604800000
	metric.reporters = [org.apache.kafka.common.metrics.JmxReporter]
	metrics.num.samples = 2
	metrics.recording.level = INFO
	metrics.sample.window.ms = 30000
	min.insync.replicas = 1
	node.id = 1
	num.io.threads = 8
	num.network.threads = 3
	num.partitions = 1
	num.recovery.threads.per.data.dir = 2
	num.replica.alter.log.dirs.threads = null
	num.replica.fetchers = 1
	offset.metadata.max.bytes = 4096
	offsets.commit.timeout.ms = 5000
	offsets.load.buffer.size = 5242880
	offsets.retention.check.interval.ms = 600000
	offsets.retention.minutes = 10080
	offsets.topic.compression.codec = 0
	offsets.topic.num.partitions = 50
	offsets.topic.replication.factor = 1
	offsets.topic.segment.bytes = 104857600
	principal.builder.class = class org.apache.kafka.common.security.authenticator.DefaultKafkaPrincipalBuilder
	process.roles = [broker, controller]
	producer.id.expiration.check.interval.ms = 600000
	producer.id.expiration.ms = 86400000
	producer.purgatory.purge.interval.requests = 1000
	queued.max.request.bytes = -1
	queued.max.requests = 500
	quota.window.num = 11
	quota.window.size.seconds = 1
	remote.fetch.max.wait.ms = 500
	remote.list.offsets.request.timeout.ms = 30000
	remote.log.index.file.cache.total.size.bytes = 1073741824
	remote.log.manager.copier.thread.pool.size = 10
	remote.log.manager.copy.max.bytes.per.second = 9223372036854775807
	remote.log.manager.copy.quota.window.num = 11
	remote.log.manager.copy.quota.window.size.seconds = 1
	remote.log.manager.expiration.thread.pool.size = 10
	remote.log.manager.fetch.max.bytes.per.second = 9223372036854775807
	remote.log.manager.fetch.quota.window.num = 11
	remote.log.manager.fetch.quota.window.size.seconds = 1
	remote.log.manager.task.interval.ms = 30000
	remote.log.manager.task.retry.backoff.max.ms = 30000
	remote.log.manager.task.retry.backoff.ms = 500
	remote.log.manager.task.retry.jitter = 0.2
	remote.log.manager.thread.pool.size = 2
	remote.log.metadata.custom.metadata.max.bytes = 128
	remote.log.metadata.manager.class.name = org.apache.kafka.server.log.remote.metadata.storage.TopicBasedRemoteLogMetadataManager
	remote.log.metadata.manager.class.path = null
	remote.log.metadata.manager.impl.prefix = rlmm.config.
	remote.log.metadata.manager.listener.name = null
	remote.log.reader.max.pending.tasks = 100
	remote.log.reader.threads = 10
	remote.log.storage.manager.class.name = null
	remote.log.storage.manager.class.path = null
	remote.log.storage.manager.impl.prefix = rsm.config.
	remote.log.storage.system.enable = false
	replica.fetch.backoff.ms = 1000
	replica.fetch.max.bytes = 1048576
	replica.fetch.min.bytes = 1
	replica.fetch.response.max.bytes = 10485760
	replica.fetch.wait.max.ms = 500
	replica.high.watermark.checkpoint.interval.ms = 5000
	replica.lag.time.max.ms = 30000
	replica.selector.class = null
	replica.socket.receive.buffer.bytes = 65536
	replica.socket.timeout.ms = 30000
	replication.quota.window.num = 11
	replication.quota.window.size.seconds = 1
	request.timeout.ms = 30000
	sasl.client.callback.handler.class = null
	sasl.enabled.mechanisms = [GSSAPI]
	sasl.jaas.config = null
	sasl.kerberos.kinit.cmd = /usr/bin/kinit
	sasl.kerberos.min.time.before.relogin = 60000
	sasl.kerberos.principal.to.local.rules = [DEFAULT]
	sasl.kerberos.service.name = null
	sasl.kerberos.ticket.renew.jitter = 0.05
	sasl.kerberos.ticket.renew.window.factor = 0.8
	sasl.login.callback.handler.class = null
	sasl.login.class = null
	sasl.login.connect.timeout.ms = null
	sasl.login.read.timeout.ms = null
	sasl.login.refresh.buffer.seconds = 300
	sasl.login.refresh.min.period.seconds = 60
	sasl.login.refresh.window.factor = 0.8
	sasl.login.refresh.window.jitter = 0.05
	sasl.login.retry.backoff.max.ms = 10000
	sasl.login.retry.backoff.ms = 100
	sasl.mechanism.controller.protocol = GSSAPI
	sasl.mechanism.inter.broker.protocol = GSSAPI
	sasl.oauthbearer.assertion.algorithm = RS256
	sasl.oauthbearer.assertion.claim.aud = null
	sasl.oauthbearer.assertion.claim.exp.seconds = 300
	sasl.oauthbearer.assertion.claim.iss = null
	sasl.oauthbearer.assertion.claim.jti.include = false
	sasl.oauthbearer.assertion.claim.nbf.seconds = 60
	sasl.oauthbearer.assertion.claim.sub = null
	sasl.oauthbearer.assertion.file = null
	sasl.oauthbearer.assertion.private.key.file = null
	sasl.oauthbearer.assertion.private.key.passphrase = null
	sasl.oauthbearer.assertion.template.file = null
	sasl.oauthbearer.client.credentials.client.id = null
	sasl.oauthbearer.client.credentials.client.secret = null
	sasl.oauthbearer.clock.skew.seconds = 30
	sasl.oauthbearer.expected.audience = null
	sasl.oauthbearer.expected.issuer = null
	sasl.oauthbearer.jwks.endpoint.refresh.ms = 3600000
	sasl.oauthbearer.jwks.endpoint.retry.backoff.max.ms = 10000
	sasl.oauthbearer.jwks.endpoint.retry.backoff.ms = 100
	sasl.oauthbearer.jwks.endpoint.url = null
	sasl.oauthbearer.jwt.retriever.class = class org.apache.kafka.common.security.oauthbearer.DefaultJwtRetriever
	sasl.oauthbearer.jwt.validator.class = class org.apache.kafka.common.security.oauthbearer.DefaultJwtValidator
	sasl.oauthbearer.scope = null
	sasl.oauthbearer.scope.claim.name = scope
	sasl.oauthbearer.sub.claim.name = sub
	sasl.oauthbearer.token.endpoint.url = null
	sasl.server.callback.handler.class = null
	sasl.server.max.receive.size = 524288
	security.inter.broker.protocol = PLAINTEXT
	security.providers = null
	server.max.startup.time.ms = 9223372036854775807
	share.coordinator.append.linger.ms = 5
	share.coordinator.cold.partition.snapshot.interval.ms = 300000
	share.coordinator.load.buffer.size = 5242880
	share.coordinator.snapshot.update.records.per.snapshot = 500
	share.coordinator.state.topic.compression.codec = 0
	share.coordinator.state.topic.min.isr = 2
	share.coordinator.state.topic.num.partitions = 50
	share.coordinator.state.topic.prune.interval.ms = 300000
	share.coordinator.state.topic.replication.factor = 3
	share.coordinator.state.topic.segment.bytes = 104857600
	share.coordinator.threads = 1
	share.coordinator.write.timeout.ms = 5000
	share.fetch.purgatory.purge.interval.requests = 1000
	socket.connection.setup.timeout.max.ms = 30000
	socket.connection.setup.timeout.ms = 10000
	socket.listen.backlog.size = 50
	socket.receive.buffer.bytes = 102400
	socket.request.max.bytes = 104857600
	socket.send.buffer.bytes = 102400
	ssl.allow.dn.changes = false
	ssl.allow.san.changes = false
	ssl.cipher.suites = []
	ssl.client.auth = none
	ssl.enabled.protocols = [TLSv1.2, TLSv1.3]
	ssl.endpoint.identification.algorithm = https
	ssl.engine.factory.class = null
	ssl.key.password = null
	ssl.keymanager.algorithm = SunX509
	ssl.keystore.certificate.chain = null
	ssl.keystore.key = null
	ssl.keystore.location = null
	ssl.keystore.password = null
	ssl.keystore.type = JKS
	ssl.principal.mapping.rules = DEFAULT
	ssl.protocol = TLSv1.3
	ssl.provider = null
	ssl.secure.random.implementation = null
	ssl.trustmanager.algorithm = PKIX
	ssl.truststore.certificates = null
	ssl.truststore.location = null
	ssl.truststore.password = null
	ssl.truststore.type = JKS
	telemetry.max.bytes = 1048576
	transaction.abort.timed.out.transaction.cleanup.interval.ms = 10000
	transaction.max.timeout.ms = 900000
	transaction.partition.verification.enable = true
	transaction.remove.expired.transaction.cleanup.interval.ms = 3600000
	transaction.state.log.load.buffer.size = 5242880
	transaction.state.log.min.isr = 2
	transaction.state.log.num.partitions = 50
	transaction.state.log.replication.factor = 3
	transaction.state.log.segment.bytes = 104857600
	transaction.two.phase.commit.enable = false
	transactional.id.expiration.ms = 604800000
	unclean.leader.election.enable = false
	unclean.leader.election.interval.ms = 300000
	unstable.api.versions.enable = false
	unstable.feature.versions.enable = false
 (org.apache.kafka.common.config.AbstractConfig)
[2026-10-03 21:58:18,104] INFO [BrokerServer id=1] Waiting for the broker to be unfenced (kafka.server.BrokerServer)
[2026-10-03 21:58:18,134] INFO [BrokerLifecycleManager id=1] The broker has been unfenced. Transitioning from RECOVERY to RUNNING. (kafka.server.BrokerLifecycleManager)
[2026-10-03 21:58:18,134] INFO [BrokerServer id=1] Finished waiting for the broker to be unfenced (kafka.server.BrokerServer)
[2026-10-03 21:58:18,135] INFO authorizerStart completed for endpoint INTERNAL. Endpoint is now READY. (org.apache.kafka.server.network.EndpointReadyFutures)
[2026-10-03 21:58:18,135] INFO authorizerStart completed for endpoint PLAINTEXT. Endpoint is now READY. (org.apache.kafka.server.network.EndpointReadyFutures)
[2026-10-03 21:58:18,135] INFO [SocketServer listenerType=BROKER, nodeId=1] Enabling request processing. (kafka.network.SocketServer)
[2026-10-03 21:58:18,135] INFO Awaiting socket connections on 0.0.0.0:9092. (kafka.network.DataPlaneAcceptor)
[2026-10-03 21:58:18,136] INFO Awaiting socket connections on 0.0.0.0:9094. (kafka.network.DataPlaneAcceptor)
[2026-10-03 21:58:18,139] INFO [BrokerServer id=1] Waiting for all of the authorizer futures to be completed (kafka.server.BrokerServer)
[2026-10-03 21:58:18,139] INFO [BrokerServer id=1] Finished waiting for all of the authorizer futures to be completed (kafka.server.BrokerServer)
[2026-10-03 21:58:18,139] INFO [BrokerServer id=1] Waiting for all of the SocketServer Acceptors to be started (kafka.server.BrokerServer)
[2026-10-03 21:58:18,139] INFO [BrokerServer id=1] Finished waiting for all of the SocketServer Acceptors to be started (kafka.server.BrokerServer)
[2026-10-03 21:58:18,139] INFO [BrokerServer id=1] Transition from STARTING to STARTED (kafka.server.BrokerServer)
[2026-10-03 21:58:18,140] INFO Kafka version: 4.1.2 (org.apache.kafka.common.utils.AppInfoParser)
[2026-10-03 21:58:18,140] INFO Kafka commitId: c82fd9b934b4c1e6 (org.apache.kafka.common.utils.AppInfoParser)
[2026-10-03 21:58:18,141] INFO Kafka startTimeMs: 1791064698139 (org.apache.kafka.common.utils.AppInfoParser)
[2026-10-03 21:58:18,142] INFO [KafkaRaftServer nodeId=1] Kafka Server started (kafka.server.KafkaRaftServer)
[2026-10-03 21:58:22,291] INFO [ReplicaFetcherManager on broker 1] Removed fetcher for partitions Set(plfetch-recovery-1817c7bcea024fa28119683dfecf7fee-8, plfetch-recovery-1817c7bcea024fa28119683dfecf7fee-10, plfetch-recovery-1817c7bcea024fa28119683dfecf7fee-4, plfetch-recovery-1817c7bcea024fa28119683dfecf7fee-6, plfetch-recovery-1817c7bcea024fa28119683dfecf7fee-16, plfetch-recovery-1817c7bcea024fa28119683dfecf7fee-18, plfetch-recovery-1817c7bcea024fa28119683dfecf7fee-12, plfetch-recovery-1817c7bcea024fa28119683dfecf7fee-14, plfetch-recovery-1817c7bcea024fa28119683dfecf7fee-23, plfetch-recovery-1817c7bcea024fa28119683dfecf7fee-25, plfetch-recovery-1817c7bcea024fa28119683dfecf7fee-19, plfetch-recovery-1817c7bcea024fa28119683dfecf7fee-21, plfetch-recovery-1817c7bcea024fa28119683dfecf7fee-31, plfetch-recovery-1817c7bcea024fa28119683dfecf7fee-0, plfetch-recovery-1817c7bcea024fa28119683dfecf7fee-2, plfetch-recovery-1817c7bcea024fa28119683dfecf7fee-27, plfetch-recovery-1817c7bcea024fa28119683dfecf7fee-29, plfetch-recovery-1817c7bcea024fa28119683dfecf7fee-7, plfetch-recovery-1817c7bcea024fa28119683dfecf7fee-9, plfetch-recovery-1817c7bcea024fa28119683dfecf7fee-3, plfetch-recovery-1817c7bcea024fa28119683dfecf7fee-5, plfetch-recovery-1817c7bcea024fa28119683dfecf7fee-15, plfetch-recovery-1817c7bcea024fa28119683dfecf7fee-17, plfetch-recovery-1817c7bcea024fa28119683dfecf7fee-11, plfetch-recovery-1817c7bcea024fa28119683dfecf7fee-13, plfetch-recovery-1817c7bcea024fa28119683dfecf7fee-24, plfetch-recovery-1817c7bcea024fa28119683dfecf7fee-26, plfetch-recovery-1817c7bcea024fa28119683dfecf7fee-20, plfetch-recovery-1817c7bcea024fa28119683dfecf7fee-22, plfetch-recovery-1817c7bcea024fa28119683dfecf7fee-1, plfetch-recovery-1817c7bcea024fa28119683dfecf7fee-28, plfetch-recovery-1817c7bcea024fa28119683dfecf7fee-30) (kafka.server.ReplicaFetcherManager)
[2026-10-03 21:58:22,302] INFO [LogLoader partition=plfetch-recovery-1817c7bcea024fa28119683dfecf7fee-8, dir=/tmp/kafka-logs] Loading producer state till offset 0 (org.apache.kafka.storage.internals.log.UnifiedLog)
[2026-10-03 21:58:22,306] INFO Created log for partition plfetch-recovery-1817c7bcea024fa28119683dfecf7fee-8 in /tmp/kafka-logs/plfetch-recovery-1817c7bcea024fa28119683dfecf7fee-8 with properties {} (kafka.log.LogManager)
[2026-10-03 21:58:22,307] INFO [Partition plfetch-recovery-1817c7bcea024fa28119683dfecf7fee-8 broker=1] No checkpointed highwatermark is found for partition plfetch-recovery-1817c7bcea024fa28119683dfecf7fee-8 (kafka.cluster.Partition)
[2026-10-03 21:58:22,310] INFO [Partition plfetch-recovery-1817c7bcea024fa28119683dfecf7fee-8 broker=1] Log loaded for partition plfetch-recovery-1817c7bcea024fa28119683dfecf7fee-8 with initial high watermark 0 (kafka.cluster.Partition)
[2026-10-03 21:58:22,321] INFO [LogLoader partition=plfetch-recovery-1817c7bcea024fa28119683dfecf7fee-10, dir=/tmp/kafka-logs] Loading producer state till offset 0 (org.apache.kafka.storage.internals.log.UnifiedLog)
[2026-10-03 21:58:22,322] INFO Created log for partition plfetch-recovery-1817c7bcea024fa28119683dfecf7fee-10 in /tmp/kafka-logs/plfetch-recovery-1817c7bcea024fa28119683dfecf7fee-10 with properties {} (kafka.log.LogManager)
[2026-10-03 21:58:22,322] INFO [Partition plfetch-recovery-1817c7bcea024fa28119683dfecf7fee-10 broker=1] No checkpointed highwatermark is found for partition plfetch-recovery-1817c7bcea024fa28119683dfecf7fee-10 (kafka.cluster.Partition)
[2026-10-03 21:58:22,322] INFO [Partition plfetch-recovery-1817c7bcea024fa28119683dfecf7fee-10 broker=1] Log loaded for partition plfetch-recovery-1817c7bcea024fa28119683dfecf7fee-10 with initial high watermark 0 (kafka.cluster.Partition)
[2026-10-03 21:58:22,325] INFO [LogLoader partition=plfetch-recovery-1817c7bcea024fa28119683dfecf7fee-4, dir=/tmp/kafka-logs] Loading producer state till offset 0 (org.apache.kafka.storage.internals.log.UnifiedLog)
[2026-10-03 21:58:22,326] INFO Created log for partition plfetch-recovery-1817c7bcea024fa28119683dfecf7fee-4 in /tmp/kafka-logs/plfetch-recovery-1817c7bcea024fa28119683dfecf7fee-4 with properties {} (kafka.log.LogManager)
[2026-10-03 21:58:22,326] INFO [Partition plfetch-recovery-1817c7bcea024fa28119683dfecf7fee-4 broker=1] No checkpointed highwatermark is found for partition plfetch-recovery-1817c7bcea024fa28119683dfecf7fee-4 (kafka.cluster.Partition)
[2026-10-03 21:58:22,326] INFO [Partition plfetch-recovery-1817c7bcea024fa28119683dfecf7fee-4 broker=1] Log loaded for partition plfetch-recovery-1817c7bcea024fa28119683dfecf7fee-4 with initial high watermark 0 (kafka.cluster.Partition)
[2026-10-03 21:58:22,329] INFO [LogLoader partition=plfetch-recovery-1817c7bcea024fa28119683dfecf7fee-6, dir=/tmp/kafka-logs] Loading producer state till offset 0 (org.apache.kafka.storage.internals.log.UnifiedLog)
[2026-10-03 21:58:22,330] INFO Created log for partition plfetch-recovery-1817c7bcea024fa28119683dfecf7fee-6 in /tmp/kafka-logs/plfetch-recovery-1817c7bcea024fa28119683dfecf7fee-6 with properties {} (kafka.log.LogManager)
[2026-10-03 21:58:22,330] INFO [Partition plfetch-recovery-1817c7bcea024fa28119683dfecf7fee-6 broker=1] No checkpointed highwatermark is found for partition plfetch-recovery-1817c7bcea024fa28119683dfecf7fee-6 (kafka.cluster.Partition)
[2026-10-03 21:58:22,330] INFO [Partition plfetch-recovery-1817c7bcea024fa28119683dfecf7fee-6 broker=1] Log loaded for partition plfetch-recovery-1817c7bcea024fa28119683dfecf7fee-6 with initial high watermark 0 (kafka.cluster.Partition)
[2026-10-03 21:58:22,334] INFO [LogLoader partition=plfetch-recovery-1817c7bcea024fa28119683dfecf7fee-16, dir=/tmp/kafka-logs] Loading producer state till offset 0 (org.apache.kafka.storage.internals.log.UnifiedLog)
[2026-10-03 21:58:22,334] INFO Created log for partition plfetch-recovery-1817c7bcea024fa28119683dfecf7fee-16 in /tmp/kafka-logs/plfetch-recovery-1817c7bcea024fa28119683dfecf7fee-16 with properties {} (kafka.log.LogManager)
[2026-10-03 21:58:22,334] INFO [Partition plfetch-recovery-1817c7bcea024fa28119683dfecf7fee-16 broker=1] No checkpointed highwatermark is found for partition plfetch-recovery-1817c7bcea024fa28119683dfecf7fee-16 (kafka.cluster.Partition)
[2026-10-03 21:58:22,335] INFO [Partition plfetch-recovery-1817c7bcea024fa28119683dfecf7fee-16 broker=1] Log loaded for partition plfetch-recovery-1817c7bcea024fa28119683dfecf7fee-16 with initial high watermark 0 (kafka.cluster.Partition)
[2026-10-03 21:58:22,337] INFO [LogLoader partition=plfetch-recovery-1817c7bcea024fa28119683dfecf7fee-18, dir=/tmp/kafka-logs] Loading producer state till offset 0 (org.apache.kafka.storage.internals.log.UnifiedLog)
[2026-10-03 21:58:22,338] INFO Created log for partition plfetch-recovery-1817c7bcea024fa28119683dfecf7fee-18 in /tmp/kafka-logs/plfetch-recovery-1817c7bcea024fa28119683dfecf7fee-18 with properties {} (kafka.log.LogManager)
[2026-10-03 21:58:22,338] INFO [Partition plfetch-recovery-1817c7bcea024fa28119683dfecf7fee-18 broker=1] No checkpointed highwatermark is found for partition plfetch-recovery-1817c7bcea024fa28119683dfecf7fee-18 (kafka.cluster.Partition)
[2026-10-03 21:58:22,338] INFO [Partition plfetch-recovery-1817c7bcea024fa28119683dfecf7fee-18 broker=1] Log loaded for partition plfetch-recovery-1817c7bcea024fa28119683dfecf7fee-18 with initial high watermark 0 (kafka.cluster.Partition)
[2026-10-03 21:58:22,341] INFO [LogLoader partition=plfetch-recovery-1817c7bcea024fa28119683dfecf7fee-12, dir=/tmp/kafka-logs] Loading producer state till offset 0 (org.apache.kafka.storage.internals.log.UnifiedLog)
[2026-10-03 21:58:22,341] INFO Created log for partition plfetch-recovery-1817c7bcea024fa28119683dfecf7fee-12 in /tmp/kafka-logs/plfetch-recovery-1817c7bcea024fa28119683dfecf7fee-12 with properties {} (kafka.log.LogManager)
[2026-10-03 21:58:22,342] INFO [Partition plfetch-recovery-1817c7bcea024fa28119683dfecf7fee-12 broker=1] No checkpointed highwatermark is found for partition plfetch-recovery-1817c7bcea024fa28119683dfecf7fee-12 (kafka.cluster.Partition)
[2026-10-03 21:58:22,342] INFO [Partition plfetch-recovery-1817c7bcea024fa28119683dfecf7fee-12 broker=1] Log loaded for partition plfetch-recovery-1817c7bcea024fa28119683dfecf7fee-12 with initial high watermark 0 (kafka.cluster.Partition)
[2026-10-03 21:58:22,345] INFO [LogLoader partition=plfetch-recovery-1817c7bcea024fa28119683dfecf7fee-14, dir=/tmp/kafka-logs] Loading producer state till offset 0 (org.apache.kafka.storage.internals.log.UnifiedLog)
[2026-10-03 21:58:22,346] INFO Created log for partition plfetch-recovery-1817c7bcea024fa28119683dfecf7fee-14 in /tmp/kafka-logs/plfetch-recovery-1817c7bcea024fa28119683dfecf7fee-14 with properties {} (kafka.log.LogManager)
[2026-10-03 21:58:22,346] INFO [Partition plfetch-recovery-1817c7bcea024fa28119683dfecf7fee-14 broker=1] No checkpointed highwatermark is found for partition plfetch-recovery-1817c7bcea024fa28119683dfecf7fee-14 (kafka.cluster.Partition)
[2026-10-03 21:58:22,346] INFO [Partition plfetch-recovery-1817c7bcea024fa28119683dfecf7fee-14 broker=1] Log loaded for partition plfetch-recovery-1817c7bcea024fa28119683dfecf7fee-14 with initial high watermark 0 (kafka.cluster.Partition)
[2026-10-03 21:58:22,349] INFO [LogLoader partition=plfetch-recovery-1817c7bcea024fa28119683dfecf7fee-23, dir=/tmp/kafka-logs] Loading producer state till offset 0 (org.apache.kafka.storage.internals.log.UnifiedLog)
[2026-10-03 21:58:22,350] INFO Created log for partition plfetch-recovery-1817c7bcea024fa28119683dfecf7fee-23 in /tmp/kafka-logs/plfetch-recovery-1817c7bcea024fa28119683dfecf7fee-23 with properties {} (kafka.log.LogManager)
[2026-10-03 21:58:22,350] INFO [Partition plfetch-recovery-1817c7bcea024fa28119683dfecf7fee-23 broker=1] No checkpointed highwatermark is found for partition plfetch-recovery-1817c7bcea024fa28119683dfecf7fee-23 (kafka.cluster.Partition)
[2026-10-03 21:58:22,350] INFO [Partition plfetch-recovery-1817c7bcea024fa28119683dfecf7fee-23 broker=1] Log loaded for partition plfetch-recovery-1817c7bcea024fa28119683dfecf7fee-23 with initial high watermark 0 (kafka.cluster.Partition)
[2026-10-03 21:58:22,353] INFO [LogLoader partition=plfetch-recovery-1817c7bcea024fa28119683dfecf7fee-25, dir=/tmp/kafka-logs] Loading producer state till offset 0 (org.apache.kafka.storage.internals.log.UnifiedLog)
[2026-10-03 21:58:22,354] INFO Created log for partition plfetch-recovery-1817c7bcea024fa28119683dfecf7fee-25 in /tmp/kafka-logs/plfetch-recovery-1817c7bcea024fa28119683dfecf7fee-25 with properties {} (kafka.log.LogManager)
[2026-10-03 21:58:22,355] INFO [Partition plfetch-recovery-1817c7bcea024fa28119683dfecf7fee-25 broker=1] No checkpointed highwatermark is found for partition plfetch-recovery-1817c7bcea024fa28119683dfecf7fee-25 (kafka.cluster.Partition)
[2026-10-03 21:58:22,355] INFO [Partition plfetch-recovery-1817c7bcea024fa28119683dfecf7fee-25 broker=1] Log loaded for partition plfetch-recovery-1817c7bcea024fa28119683dfecf7fee-25 with initial high watermark 0 (kafka.cluster.Partition)
[2026-10-03 21:58:22,358] INFO [LogLoader partition=plfetch-recovery-1817c7bcea024fa28119683dfecf7fee-19, dir=/tmp/kafka-logs] Loading producer state till offset 0 (org.apache.kafka.storage.internals.log.UnifiedLog)
[2026-10-03 21:58:22,358] INFO Created log for partition plfetch-recovery-1817c7bcea024fa28119683dfecf7fee-19 in /tmp/kafka-logs/plfetch-recovery-1817c7bcea024fa28119683dfecf7fee-19 with properties {} (kafka.log.LogManager)
[2026-10-03 21:58:22,359] INFO [Partition plfetch-recovery-1817c7bcea024fa28119683dfecf7fee-19 broker=1] No checkpointed highwatermark is found for partition plfetch-recovery-1817c7bcea024fa28119683dfecf7fee-19 (kafka.cluster.Partition)
[2026-10-03 21:58:22,359] INFO [Partition plfetch-recovery-1817c7bcea024fa28119683dfecf7fee-19 broker=1] Log loaded for partition plfetch-recovery-1817c7bcea024fa28119683dfecf7fee-19 with initial high watermark 0 (kafka.cluster.Partition)
[2026-10-03 21:58:22,363] INFO [LogLoader partition=plfetch-recovery-1817c7bcea024fa28119683dfecf7fee-21, dir=/tmp/kafka-logs] Loading producer state till offset 0 (org.apache.kafka.storage.internals.log.UnifiedLog)
[2026-10-03 21:58:22,363] INFO Created log for partition plfetch-recovery-1817c7bcea024fa28119683dfecf7fee-21 in /tmp/kafka-logs/plfetch-recovery-1817c7bcea024fa28119683dfecf7fee-21 with properties {} (kafka.log.LogManager)
[2026-10-03 21:58:22,363] INFO [Partition plfetch-recovery-1817c7bcea024fa28119683dfecf7fee-21 broker=1] No checkpointed highwatermark is found for partition plfetch-recovery-1817c7bcea024fa28119683dfecf7fee-21 (kafka.cluster.Partition)
[2026-10-03 21:58:22,363] INFO [Partition plfetch-recovery-1817c7bcea024fa28119683dfecf7fee-21 broker=1] Log loaded for partition plfetch-recovery-1817c7bcea024fa28119683dfecf7fee-21 with initial high watermark 0 (kafka.cluster.Partition)
[2026-10-03 21:58:22,366] INFO [LogLoader partition=plfetch-recovery-1817c7bcea024fa28119683dfecf7fee-31, dir=/tmp/kafka-logs] Loading producer state till offset 0 (org.apache.kafka.storage.internals.log.UnifiedLog)
[2026-10-03 21:58:22,367] INFO Created log for partition plfetch-recovery-1817c7bcea024fa28119683dfecf7fee-31 in /tmp/kafka-logs/plfetch-recovery-1817c7bcea024fa28119683dfecf7fee-31 with properties {} (kafka.log.LogManager)
[2026-10-03 21:58:22,367] INFO [Partition plfetch-recovery-1817c7bcea024fa28119683dfecf7fee-31 broker=1] No checkpointed highwatermark is found for partition plfetch-recovery-1817c7bcea024fa28119683dfecf7fee-31 (kafka.cluster.Partition)
[2026-10-03 21:58:22,367] INFO [Partition plfetch-recovery-1817c7bcea024fa28119683dfecf7fee-31 broker=1] Log loaded for partition plfetch-recovery-1817c7bcea024fa28119683dfecf7fee-31 with initial high watermark 0 (kafka.cluster.Partition)
[2026-10-03 21:58:22,370] INFO [LogLoader partition=plfetch-recovery-1817c7bcea024fa28119683dfecf7fee-0, dir=/tmp/kafka-logs] Loading producer state till offset 0 (org.apache.kafka.storage.internals.log.UnifiedLog)
[2026-10-03 21:58:22,371] INFO Created log for partition plfetch-recovery-1817c7bcea024fa28119683dfecf7fee-0 in /tmp/kafka-logs/plfetch-recovery-1817c7bcea024fa28119683dfecf7fee-0 with properties {} (kafka.log.LogManager)
[2026-10-03 21:58:22,371] INFO [Partition plfetch-recovery-1817c7bcea024fa28119683dfecf7fee-0 broker=1] No checkpointed highwatermark is found for partition plfetch-recovery-1817c7bcea024fa28119683dfecf7fee-0 (kafka.cluster.Partition)
[2026-10-03 21:58:22,371] INFO [Partition plfetch-recovery-1817c7bcea024fa28119683dfecf7fee-0 broker=1] Log loaded for partition plfetch-recovery-1817c7bcea024fa28119683dfecf7fee-0 with initial high watermark 0 (kafka.cluster.Partition)
[2026-10-03 21:58:22,374] INFO [LogLoader partition=plfetch-recovery-1817c7bcea024fa28119683dfecf7fee-2, dir=/tmp/kafka-logs] Loading producer state till offset 0 (org.apache.kafka.storage.internals.log.UnifiedLog)
[2026-10-03 21:58:22,375] INFO Created log for partition plfetch-recovery-1817c7bcea024fa28119683dfecf7fee-2 in /tmp/kafka-logs/plfetch-recovery-1817c7bcea024fa28119683dfecf7fee-2 with properties {} (kafka.log.LogManager)
[2026-10-03 21:58:22,375] INFO [Partition plfetch-recovery-1817c7bcea024fa28119683dfecf7fee-2 broker=1] No checkpointed highwatermark is found for partition plfetch-recovery-1817c7bcea024fa28119683dfecf7fee-2 (kafka.cluster.Partition)
[2026-10-03 21:58:22,375] INFO [Partition plfetch-recovery-1817c7bcea024fa28119683dfecf7fee-2 broker=1] Log loaded for partition plfetch-recovery-1817c7bcea024fa28119683dfecf7fee-2 with initial high watermark 0 (kafka.cluster.Partition)
[2026-10-03 21:58:22,378] INFO [LogLoader partition=plfetch-recovery-1817c7bcea024fa28119683dfecf7fee-27, dir=/tmp/kafka-logs] Loading producer state till offset 0 (org.apache.kafka.storage.internals.log.UnifiedLog)
[2026-10-03 21:58:22,378] INFO Created log for partition plfetch-recovery-1817c7bcea024fa28119683dfecf7fee-27 in /tmp/kafka-logs/plfetch-recovery-1817c7bcea024fa28119683dfecf7fee-27 with properties {} (kafka.log.LogManager)
[2026-10-03 21:58:22,378] INFO [Partition plfetch-recovery-1817c7bcea024fa28119683dfecf7fee-27 broker=1] No checkpointed highwatermark is found for partition plfetch-recovery-1817c7bcea024fa28119683dfecf7fee-27 (kafka.cluster.Partition)
[2026-10-03 21:58:22,378] INFO [Partition plfetch-recovery-1817c7bcea024fa28119683dfecf7fee-27 broker=1] Log loaded for partition plfetch-recovery-1817c7bcea024fa28119683dfecf7fee-27 with initial high watermark 0 (kafka.cluster.Partition)
[2026-10-03 21:58:22,381] INFO [LogLoader partition=plfetch-recovery-1817c7bcea024fa28119683dfecf7fee-29, dir=/tmp/kafka-logs] Loading producer state till offset 0 (org.apache.kafka.storage.internals.log.UnifiedLog)
[2026-10-03 21:58:22,382] INFO Created log for partition plfetch-recovery-1817c7bcea024fa28119683dfecf7fee-29 in /tmp/kafka-logs/plfetch-recovery-1817c7bcea024fa28119683dfecf7fee-29 with properties {} (kafka.log.LogManager)
[2026-10-03 21:58:22,382] INFO [Partition plfetch-recovery-1817c7bcea024fa28119683dfecf7fee-29 broker=1] No checkpointed highwatermark is found for partition plfetch-recovery-1817c7bcea024fa28119683dfecf7fee-29 (kafka.cluster.Partition)
[2026-10-03 21:58:22,382] INFO [Partition plfetch-recovery-1817c7bcea024fa28119683dfecf7fee-29 broker=1] Log loaded for partition plfetch-recovery-1817c7bcea024fa28119683dfecf7fee-29 with initial high watermark 0 (kafka.cluster.Partition)
[2026-10-03 21:58:22,385] INFO [LogLoader partition=plfetch-recovery-1817c7bcea024fa28119683dfecf7fee-7, dir=/tmp/kafka-logs] Loading producer state till offset 0 (org.apache.kafka.storage.internals.log.UnifiedLog)
[2026-10-03 21:58:22,386] INFO Created log for partition plfetch-recovery-1817c7bcea024fa28119683dfecf7fee-7 in /tmp/kafka-logs/plfetch-recovery-1817c7bcea024fa28119683dfecf7fee-7 with properties {} (kafka.log.LogManager)
[2026-10-03 21:58:22,386] INFO [Partition plfetch-recovery-1817c7bcea024fa28119683dfecf7fee-7 broker=1] No checkpointed highwatermark is found for partition plfetch-recovery-1817c7bcea024fa28119683dfecf7fee-7 (kafka.cluster.Partition)
[2026-10-03 21:58:22,386] INFO [Partition plfetch-recovery-1817c7bcea024fa28119683dfecf7fee-7 broker=1] Log loaded for partition plfetch-recovery-1817c7bcea024fa28119683dfecf7fee-7 with initial high watermark 0 (kafka.cluster.Partition)
[2026-10-03 21:58:22,389] INFO [LogLoader partition=plfetch-recovery-1817c7bcea024fa28119683dfecf7fee-9, dir=/tmp/kafka-logs] Loading producer state till offset 0 (org.apache.kafka.storage.internals.log.UnifiedLog)
[2026-10-03 21:58:22,389] INFO Created log for partition plfetch-recovery-1817c7bcea024fa28119683dfecf7fee-9 in /tmp/kafka-logs/plfetch-recovery-1817c7bcea024fa28119683dfecf7fee-9 with properties {} (kafka.log.LogManager)
[2026-10-03 21:58:22,390] INFO [Partition plfetch-recovery-1817c7bcea024fa28119683dfecf7fee-9 broker=1] No checkpointed highwatermark is found for partition plfetch-recovery-1817c7bcea024fa28119683dfecf7fee-9 (kafka.cluster.Partition)
[2026-10-03 21:58:22,390] INFO [Partition plfetch-recovery-1817c7bcea024fa28119683dfecf7fee-9 broker=1] Log loaded for partition plfetch-recovery-1817c7bcea024fa28119683dfecf7fee-9 with initial high watermark 0 (kafka.cluster.Partition)
[2026-10-03 21:58:22,393] INFO [LogLoader partition=plfetch-recovery-1817c7bcea024fa28119683dfecf7fee-3, dir=/tmp/kafka-logs] Loading producer state till offset 0 (org.apache.kafka.storage.internals.log.UnifiedLog)
[2026-10-03 21:58:22,393] INFO Created log for partition plfetch-recovery-1817c7bcea024fa28119683dfecf7fee-3 in /tmp/kafka-logs/plfetch-recovery-1817c7bcea024fa28119683dfecf7fee-3 with properties {} (kafka.log.LogManager)
[2026-10-03 21:58:22,393] INFO [Partition plfetch-recovery-1817c7bcea024fa28119683dfecf7fee-3 broker=1] No checkpointed highwatermark is found for partition plfetch-recovery-1817c7bcea024fa28119683dfecf7fee-3 (kafka.cluster.Partition)
[2026-10-03 21:58:22,393] INFO [Partition plfetch-recovery-1817c7bcea024fa28119683dfecf7fee-3 broker=1] Log loaded for partition plfetch-recovery-1817c7bcea024fa28119683dfecf7fee-3 with initial high watermark 0 (kafka.cluster.Partition)
[2026-10-03 21:58:22,397] INFO [LogLoader partition=plfetch-recovery-1817c7bcea024fa28119683dfecf7fee-5, dir=/tmp/kafka-logs] Loading producer state till offset 0 (org.apache.kafka.storage.internals.log.UnifiedLog)
[2026-10-03 21:58:22,397] INFO Created log for partition plfetch-recovery-1817c7bcea024fa28119683dfecf7fee-5 in /tmp/kafka-logs/plfetch-recovery-1817c7bcea024fa28119683dfecf7fee-5 with properties {} (kafka.log.LogManager)
[2026-10-03 21:58:22,397] INFO [Partition plfetch-recovery-1817c7bcea024fa28119683dfecf7fee-5 broker=1] No checkpointed highwatermark is found for partition plfetch-recovery-1817c7bcea024fa28119683dfecf7fee-5 (kafka.cluster.Partition)
[2026-10-03 21:58:22,397] INFO [Partition plfetch-recovery-1817c7bcea024fa28119683dfecf7fee-5 broker=1] Log loaded for partition plfetch-recovery-1817c7bcea024fa28119683dfecf7fee-5 with initial high watermark 0 (kafka.cluster.Partition)
[2026-10-03 21:58:22,400] INFO [LogLoader partition=plfetch-recovery-1817c7bcea024fa28119683dfecf7fee-15, dir=/tmp/kafka-logs] Loading producer state till offset 0 (org.apache.kafka.storage.internals.log.UnifiedLog)
[2026-10-03 21:58:22,400] INFO Created log for partition plfetch-recovery-1817c7bcea024fa28119683dfecf7fee-15 in /tmp/kafka-logs/plfetch-recovery-1817c7bcea024fa28119683dfecf7fee-15 with properties {} (kafka.log.LogManager)
[2026-10-03 21:58:22,400] INFO [Partition plfetch-recovery-1817c7bcea024fa28119683dfecf7fee-15 broker=1] No checkpointed highwatermark is found for partition plfetch-recovery-1817c7bcea024fa28119683dfecf7fee-15 (kafka.cluster.Partition)
[2026-10-03 21:58:22,400] INFO [Partition plfetch-recovery-1817c7bcea024fa28119683dfecf7fee-15 broker=1] Log loaded for partition plfetch-recovery-1817c7bcea024fa28119683dfecf7fee-15 with initial high watermark 0 (kafka.cluster.Partition)
[2026-10-03 21:58:22,403] INFO [LogLoader partition=plfetch-recovery-1817c7bcea024fa28119683dfecf7fee-17, dir=/tmp/kafka-logs] Loading producer state till offset 0 (org.apache.kafka.storage.internals.log.UnifiedLog)
[2026-10-03 21:58:22,404] INFO Created log for partition plfetch-recovery-1817c7bcea024fa28119683dfecf7fee-17 in /tmp/kafka-logs/plfetch-recovery-1817c7bcea024fa28119683dfecf7fee-17 with properties {} (kafka.log.LogManager)
[2026-10-03 21:58:22,404] INFO [Partition plfetch-recovery-1817c7bcea024fa28119683dfecf7fee-17 broker=1] No checkpointed highwatermark is found for partition plfetch-recovery-1817c7bcea024fa28119683dfecf7fee-17 (kafka.cluster.Partition)
[2026-10-03 21:58:22,404] INFO [Partition plfetch-recovery-1817c7bcea024fa28119683dfecf7fee-17 broker=1] Log loaded for partition plfetch-recovery-1817c7bcea024fa28119683dfecf7fee-17 with initial high watermark 0 (kafka.cluster.Partition)
[2026-10-03 21:58:22,407] INFO [LogLoader partition=plfetch-recovery-1817c7bcea024fa28119683dfecf7fee-11, dir=/tmp/kafka-logs] Loading producer state till offset 0 (org.apache.kafka.storage.internals.log.UnifiedLog)
[2026-10-03 21:58:22,408] INFO Created log for partition plfetch-recovery-1817c7bcea024fa28119683dfecf7fee-11 in /tmp/kafka-logs/plfetch-recovery-1817c7bcea024fa28119683dfecf7fee-11 with properties {} (kafka.log.LogManager)
[2026-10-03 21:58:22,408] INFO [Partition plfetch-recovery-1817c7bcea024fa28119683dfecf7fee-11 broker=1] No checkpointed highwatermark is found for partition plfetch-recovery-1817c7bcea024fa28119683dfecf7fee-11 (kafka.cluster.Partition)
[2026-10-03 21:58:22,408] INFO [Partition plfetch-recovery-1817c7bcea024fa28119683dfecf7fee-11 broker=1] Log loaded for partition plfetch-recovery-1817c7bcea024fa28119683dfecf7fee-11 with initial high watermark 0 (kafka.cluster.Partition)
[2026-10-03 21:58:22,411] INFO [LogLoader partition=plfetch-recovery-1817c7bcea024fa28119683dfecf7fee-13, dir=/tmp/kafka-logs] Loading producer state till offset 0 (org.apache.kafka.storage.internals.log.UnifiedLog)
[2026-10-03 21:58:22,411] INFO Created log for partition plfetch-recovery-1817c7bcea024fa28119683dfecf7fee-13 in /tmp/kafka-logs/plfetch-recovery-1817c7bcea024fa28119683dfecf7fee-13 with properties {} (kafka.log.LogManager)
[2026-10-03 21:58:22,411] INFO [Partition plfetch-recovery-1817c7bcea024fa28119683dfecf7fee-13 broker=1] No checkpointed highwatermark is found for partition plfetch-recovery-1817c7bcea024fa28119683dfecf7fee-13 (kafka.cluster.Partition)
[2026-10-03 21:58:22,411] INFO [Partition plfetch-recovery-1817c7bcea024fa28119683dfecf7fee-13 broker=1] Log loaded for partition plfetch-recovery-1817c7bcea024fa28119683dfecf7fee-13 with initial high watermark 0 (kafka.cluster.Partition)
[2026-10-03 21:58:22,414] INFO [LogLoader partition=plfetch-recovery-1817c7bcea024fa28119683dfecf7fee-24, dir=/tmp/kafka-logs] Loading producer state till offset 0 (org.apache.kafka.storage.internals.log.UnifiedLog)
[2026-10-03 21:58:22,415] INFO Created log for partition plfetch-recovery-1817c7bcea024fa28119683dfecf7fee-24 in /tmp/kafka-logs/plfetch-recovery-1817c7bcea024fa28119683dfecf7fee-24 with properties {} (kafka.log.LogManager)
[2026-10-03 21:58:22,415] INFO [Partition plfetch-recovery-1817c7bcea024fa28119683dfecf7fee-24 broker=1] No checkpointed highwatermark is found for partition plfetch-recovery-1817c7bcea024fa28119683dfecf7fee-24 (kafka.cluster.Partition)
[2026-10-03 21:58:22,415] INFO [Partition plfetch-recovery-1817c7bcea024fa28119683dfecf7fee-24 broker=1] Log loaded for partition plfetch-recovery-1817c7bcea024fa28119683dfecf7fee-24 with initial high watermark 0 (kafka.cluster.Partition)
[2026-10-03 21:58:22,418] INFO [LogLoader partition=plfetch-recovery-1817c7bcea024fa28119683dfecf7fee-26, dir=/tmp/kafka-logs] Loading producer state till offset 0 (org.apache.kafka.storage.internals.log.UnifiedLog)
[2026-10-03 21:58:22,418] INFO Created log for partition plfetch-recovery-1817c7bcea024fa28119683dfecf7fee-26 in /tmp/kafka-logs/plfetch-recovery-1817c7bcea024fa28119683dfecf7fee-26 with properties {} (kafka.log.LogManager)
[2026-10-03 21:58:22,418] INFO [Partition plfetch-recovery-1817c7bcea024fa28119683dfecf7fee-26 broker=1] No checkpointed highwatermark is found for partition plfetch-recovery-1817c7bcea024fa28119683dfecf7fee-26 (kafka.cluster.Partition)
[2026-10-03 21:58:22,419] INFO [Partition plfetch-recovery-1817c7bcea024fa28119683dfecf7fee-26 broker=1] Log loaded for partition plfetch-recovery-1817c7bcea024fa28119683dfecf7fee-26 with initial high watermark 0 (kafka.cluster.Partition)
[2026-10-03 21:58:22,421] INFO [LogLoader partition=plfetch-recovery-1817c7bcea024fa28119683dfecf7fee-20, dir=/tmp/kafka-logs] Loading producer state till offset 0 (org.apache.kafka.storage.internals.log.UnifiedLog)
[2026-10-03 21:58:22,421] INFO Created log for partition plfetch-recovery-1817c7bcea024fa28119683dfecf7fee-20 in /tmp/kafka-logs/plfetch-recovery-1817c7bcea024fa28119683dfecf7fee-20 with properties {} (kafka.log.LogManager)
[2026-10-03 21:58:22,421] INFO [Partition plfetch-recovery-1817c7bcea024fa28119683dfecf7fee-20 broker=1] No checkpointed highwatermark is found for partition plfetch-recovery-1817c7bcea024fa28119683dfecf7fee-20 (kafka.cluster.Partition)
[2026-10-03 21:58:22,422] INFO [Partition plfetch-recovery-1817c7bcea024fa28119683dfecf7fee-20 broker=1] Log loaded for partition plfetch-recovery-1817c7bcea024fa28119683dfecf7fee-20 with initial high watermark 0 (kafka.cluster.Partition)
[2026-10-03 21:58:22,424] INFO [LogLoader partition=plfetch-recovery-1817c7bcea024fa28119683dfecf7fee-22, dir=/tmp/kafka-logs] Loading producer state till offset 0 (org.apache.kafka.storage.internals.log.UnifiedLog)
[2026-10-03 21:58:22,425] INFO Created log for partition plfetch-recovery-1817c7bcea024fa28119683dfecf7fee-22 in /tmp/kafka-logs/plfetch-recovery-1817c7bcea024fa28119683dfecf7fee-22 with properties {} (kafka.log.LogManager)
[2026-10-03 21:58:22,425] INFO [Partition plfetch-recovery-1817c7bcea024fa28119683dfecf7fee-22 broker=1] No checkpointed highwatermark is found for partition plfetch-recovery-1817c7bcea024fa28119683dfecf7fee-22 (kafka.cluster.Partition)
[2026-10-03 21:58:22,425] INFO [Partition plfetch-recovery-1817c7bcea024fa28119683dfecf7fee-22 broker=1] Log loaded for partition plfetch-recovery-1817c7bcea024fa28119683dfecf7fee-22 with initial high watermark 0 (kafka.cluster.Partition)
[2026-10-03 21:58:22,432] INFO [LogLoader partition=plfetch-recovery-1817c7bcea024fa28119683dfecf7fee-1, dir=/tmp/kafka-logs] Loading producer state till offset 0 (org.apache.kafka.storage.internals.log.UnifiedLog)
[2026-10-03 21:58:22,433] INFO Created log for partition plfetch-recovery-1817c7bcea024fa28119683dfecf7fee-1 in /tmp/kafka-logs/plfetch-recovery-1817c7bcea024fa28119683dfecf7fee-1 with properties {} (kafka.log.LogManager)
[2026-10-03 21:58:22,433] INFO [Partition plfetch-recovery-1817c7bcea024fa28119683dfecf7fee-1 broker=1] No checkpointed highwatermark is found for partition plfetch-recovery-1817c7bcea024fa28119683dfecf7fee-1 (kafka.cluster.Partition)
[2026-10-03 21:58:22,433] INFO [Partition plfetch-recovery-1817c7bcea024fa28119683dfecf7fee-1 broker=1] Log loaded for partition plfetch-recovery-1817c7bcea024fa28119683dfecf7fee-1 with initial high watermark 0 (kafka.cluster.Partition)
[2026-10-03 21:58:22,436] INFO [LogLoader partition=plfetch-recovery-1817c7bcea024fa28119683dfecf7fee-28, dir=/tmp/kafka-logs] Loading producer state till offset 0 (org.apache.kafka.storage.internals.log.UnifiedLog)
[2026-10-03 21:58:22,436] INFO Created log for partition plfetch-recovery-1817c7bcea024fa28119683dfecf7fee-28 in /tmp/kafka-logs/plfetch-recovery-1817c7bcea024fa28119683dfecf7fee-28 with properties {} (kafka.log.LogManager)
[2026-10-03 21:58:22,436] INFO [Partition plfetch-recovery-1817c7bcea024fa28119683dfecf7fee-28 broker=1] No checkpointed highwatermark is found for partition plfetch-recovery-1817c7bcea024fa28119683dfecf7fee-28 (kafka.cluster.Partition)
[2026-10-03 21:58:22,436] INFO [Partition plfetch-recovery-1817c7bcea024fa28119683dfecf7fee-28 broker=1] Log loaded for partition plfetch-recovery-1817c7bcea024fa28119683dfecf7fee-28 with initial high watermark 0 (kafka.cluster.Partition)
[2026-10-03 21:58:22,439] INFO [LogLoader partition=plfetch-recovery-1817c7bcea024fa28119683dfecf7fee-30, dir=/tmp/kafka-logs] Loading producer state till offset 0 (org.apache.kafka.storage.internals.log.UnifiedLog)
[2026-10-03 21:58:22,439] INFO Created log for partition plfetch-recovery-1817c7bcea024fa28119683dfecf7fee-30 in /tmp/kafka-logs/plfetch-recovery-1817c7bcea024fa28119683dfecf7fee-30 with properties {} (kafka.log.LogManager)
[2026-10-03 21:58:22,439] INFO [Partition plfetch-recovery-1817c7bcea024fa28119683dfecf7fee-30 broker=1] No checkpointed highwatermark is found for partition plfetch-recovery-1817c7bcea024fa28119683dfecf7fee-30 (kafka.cluster.Partition)
[2026-10-03 21:58:22,439] INFO [Partition plfetch-recovery-1817c7bcea024fa28119683dfecf7fee-30 broker=1] Log loaded for partition plfetch-recovery-1817c7bcea024fa28119683dfecf7fee-30 with initial high watermark 0 (kafka.cluster.Partition)
[2026-10-03 21:58:43,499] INFO Sent auto-creation request for Set(__consumer_offsets) to the active controller. (kafka.server.DefaultAutoTopicCreationManager)
[2026-10-03 21:58:43,537] INFO [ReplicaFetcherManager on broker 1] Removed fetcher for partitions Set(__consumer_offsets-13, __consumer_offsets-46, __consumer_offsets-9, __consumer_offsets-42, __consumer_offsets-21, __consumer_offsets-17, __consumer_offsets-30, __consumer_offsets-26, __consumer_offsets-5, __consumer_offsets-38, __consumer_offsets-1, __consumer_offsets-34, __consumer_offsets-16, __consumer_offsets-45, __consumer_offsets-12, __consumer_offsets-41, __consumer_offsets-24, __consumer_offsets-20, __consumer_offsets-49, __consumer_offsets-0, __consumer_offsets-29, __consumer_offsets-25, __consumer_offsets-8, __consumer_offsets-37, __consumer_offsets-4, __consumer_offsets-33, __consumer_offsets-15, __consumer_offsets-48, __consumer_offsets-11, __consumer_offsets-44, __consumer_offsets-23, __consumer_offsets-19, __consumer_offsets-32, __consumer_offsets-28, __consumer_offsets-7, __consumer_offsets-40, __consumer_offsets-3, __consumer_offsets-36, __consumer_offsets-47, __consumer_offsets-14, __consumer_offsets-43, __consumer_offsets-10, __consumer_offsets-22, __consumer_offsets-18, __consumer_offsets-31, __consumer_offsets-27, __consumer_offsets-39, __consumer_offsets-6, __consumer_offsets-35, __consumer_offsets-2) (kafka.server.ReplicaFetcherManager)
[2026-10-03 21:58:43,542] INFO [LogLoader partition=__consumer_offsets-13, dir=/tmp/kafka-logs] Loading producer state till offset 0 (org.apache.kafka.storage.internals.log.UnifiedLog)
[2026-10-03 21:58:43,543] INFO Created log for partition __consumer_offsets-13 in /tmp/kafka-logs/__consumer_offsets-13 with properties {cleanup.policy=compact, compression.type="producer", segment.bytes=104857600} (kafka.log.LogManager)
[2026-10-03 21:58:43,545] INFO [Partition __consumer_offsets-13 broker=1] No checkpointed highwatermark is found for partition __consumer_offsets-13 (kafka.cluster.Partition)
[2026-10-03 21:58:43,545] INFO [Partition __consumer_offsets-13 broker=1] Log loaded for partition __consumer_offsets-13 with initial high watermark 0 (kafka.cluster.Partition)
[2026-10-03 21:58:43,552] INFO [LogLoader partition=__consumer_offsets-46, dir=/tmp/kafka-logs] Loading producer state till offset 0 (org.apache.kafka.storage.internals.log.UnifiedLog)
[2026-10-03 21:58:43,554] INFO Created log for partition __consumer_offsets-46 in /tmp/kafka-logs/__consumer_offsets-46 with properties {cleanup.policy=compact, compression.type="producer", segment.bytes=104857600} (kafka.log.LogManager)
[2026-10-03 21:58:43,554] INFO [Partition __consumer_offsets-46 broker=1] No checkpointed highwatermark is found for partition __consumer_offsets-46 (kafka.cluster.Partition)
[2026-10-03 21:58:43,555] INFO [Partition __consumer_offsets-46 broker=1] Log loaded for partition __consumer_offsets-46 with initial high watermark 0 (kafka.cluster.Partition)
[2026-10-03 21:58:43,652] INFO [LogLoader partition=__consumer_offsets-9, dir=/tmp/kafka-logs] Loading producer state till offset 0 (org.apache.kafka.storage.internals.log.UnifiedLog)
[2026-10-03 21:58:43,654] INFO Created log for partition __consumer_offsets-9 in /tmp/kafka-logs/__consumer_offsets-9 with properties {cleanup.policy=compact, compression.type="producer", segment.bytes=104857600} (kafka.log.LogManager)
[2026-10-03 21:58:43,654] INFO [Partition __consumer_offsets-9 broker=1] No checkpointed highwatermark is found for partition __consumer_offsets-9 (kafka.cluster.Partition)
[2026-10-03 21:58:43,654] INFO [Partition __consumer_offsets-9 broker=1] Log loaded for partition __consumer_offsets-9 with initial high watermark 0 (kafka.cluster.Partition)
[2026-10-03 21:58:43,666] INFO [LogLoader partition=__consumer_offsets-42, dir=/tmp/kafka-logs] Loading producer state till offset 0 (org.apache.kafka.storage.internals.log.UnifiedLog)
[2026-10-03 21:58:43,669] INFO Created log for partition __consumer_offsets-42 in /tmp/kafka-logs/__consumer_offsets-42 with properties {cleanup.policy=compact, compression.type="producer", segment.bytes=104857600} (kafka.log.LogManager)
[2026-10-03 21:58:43,670] INFO [Partition __consumer_offsets-42 broker=1] No checkpointed highwatermark is found for partition __consumer_offsets-42 (kafka.cluster.Partition)
[2026-10-03 21:58:43,670] INFO [Partition __consumer_offsets-42 broker=1] Log loaded for partition __consumer_offsets-42 with initial high watermark 0 (kafka.cluster.Partition)
[2026-10-03 21:58:43,680] INFO [LogLoader partition=__consumer_offsets-21, dir=/tmp/kafka-logs] Loading producer state till offset 0 (org.apache.kafka.storage.internals.log.UnifiedLog)
[2026-10-03 21:58:43,681] INFO Created log for partition __consumer_offsets-21 in /tmp/kafka-logs/__consumer_offsets-21 with properties {cleanup.policy=compact, compression.type="producer", segment.bytes=104857600} (kafka.log.LogManager)
[2026-10-03 21:58:43,681] INFO [Partition __consumer_offsets-21 broker=1] No checkpointed highwatermark is found for partition __consumer_offsets-21 (kafka.cluster.Partition)
[2026-10-03 21:58:43,681] INFO [Partition __consumer_offsets-21 broker=1] Log loaded for partition __consumer_offsets-21 with initial high watermark 0 (kafka.cluster.Partition)
[2026-10-03 21:58:43,689] INFO [LogLoader partition=__consumer_offsets-17, dir=/tmp/kafka-logs] Loading producer state till offset 0 (org.apache.kafka.storage.internals.log.UnifiedLog)
[2026-10-03 21:58:43,692] INFO Created log for partition __consumer_offsets-17 in /tmp/kafka-logs/__consumer_offsets-17 with properties {cleanup.policy=compact, compression.type="producer", segment.bytes=104857600} (kafka.log.LogManager)
[2026-10-03 21:58:43,693] INFO [Partition __consumer_offsets-17 broker=1] No checkpointed highwatermark is found for partition __consumer_offsets-17 (kafka.cluster.Partition)
[2026-10-03 21:58:43,693] INFO [Partition __consumer_offsets-17 broker=1] Log loaded for partition __consumer_offsets-17 with initial high watermark 0 (kafka.cluster.Partition)
[2026-10-03 21:58:43,703] INFO [LogLoader partition=__consumer_offsets-30, dir=/tmp/kafka-logs] Loading producer state till offset 0 (org.apache.kafka.storage.internals.log.UnifiedLog)
[2026-10-03 21:58:43,705] INFO Created log for partition __consumer_offsets-30 in /tmp/kafka-logs/__consumer_offsets-30 with properties {cleanup.policy=compact, compression.type="producer", segment.bytes=104857600} (kafka.log.LogManager)
[2026-10-03 21:58:43,705] INFO [Partition __consumer_offsets-30 broker=1] No checkpointed highwatermark is found for partition __consumer_offsets-30 (kafka.cluster.Partition)
[2026-10-03 21:58:43,705] INFO [Partition __consumer_offsets-30 broker=1] Log loaded for partition __consumer_offsets-30 with initial high watermark 0 (kafka.cluster.Partition)
[2026-10-03 21:58:43,714] INFO [LogLoader partition=__consumer_offsets-26, dir=/tmp/kafka-logs] Loading producer state till offset 0 (org.apache.kafka.storage.internals.log.UnifiedLog)
[2026-10-03 21:58:43,715] INFO Created log for partition __consumer_offsets-26 in /tmp/kafka-logs/__consumer_offsets-26 with properties {cleanup.policy=compact, compression.type="producer", segment.bytes=104857600} (kafka.log.LogManager)
[2026-10-03 21:58:43,716] INFO [Partition __consumer_offsets-26 broker=1] No checkpointed highwatermark is found for partition __consumer_offsets-26 (kafka.cluster.Partition)
[2026-10-03 21:58:43,718] INFO [Partition __consumer_offsets-26 broker=1] Log loaded for partition __consumer_offsets-26 with initial high watermark 0 (kafka.cluster.Partition)
[2026-10-03 21:58:43,723] INFO [LogLoader partition=__consumer_offsets-5, dir=/tmp/kafka-logs] Loading producer state till offset 0 (org.apache.kafka.storage.internals.log.UnifiedLog)
[2026-10-03 21:58:43,726] INFO Created log for partition __consumer_offsets-5 in /tmp/kafka-logs/__consumer_offsets-5 with properties {cleanup.policy=compact, compression.type="producer", segment.bytes=104857600} (kafka.log.LogManager)
[2026-10-03 21:58:43,727] INFO [Partition __consumer_offsets-5 broker=1] No checkpointed highwatermark is found for partition __consumer_offsets-5 (kafka.cluster.Partition)
[2026-10-03 21:58:43,728] INFO [Partition __consumer_offsets-5 broker=1] Log loaded for partition __consumer_offsets-5 with initial high watermark 0 (kafka.cluster.Partition)
[2026-10-03 21:58:43,735] INFO [LogLoader partition=__consumer_offsets-38, dir=/tmp/kafka-logs] Loading producer state till offset 0 (org.apache.kafka.storage.internals.log.UnifiedLog)
[2026-10-03 21:58:43,737] INFO Created log for partition __consumer_offsets-38 in /tmp/kafka-logs/__consumer_offsets-38 with properties {cleanup.policy=compact, compression.type="producer", segment.bytes=104857600} (kafka.log.LogManager)
[2026-10-03 21:58:43,737] INFO [Partition __consumer_offsets-38 broker=1] No checkpointed highwatermark is found for partition __consumer_offsets-38 (kafka.cluster.Partition)
[2026-10-03 21:58:43,737] INFO [Partition __consumer_offsets-38 broker=1] Log loaded for partition __consumer_offsets-38 with initial high watermark 0 (kafka.cluster.Partition)
[2026-10-03 21:58:43,744] INFO [LogLoader partition=__consumer_offsets-1, dir=/tmp/kafka-logs] Loading producer state till offset 0 (org.apache.kafka.storage.internals.log.UnifiedLog)
[2026-10-03 21:58:43,745] INFO Created log for partition __consumer_offsets-1 in /tmp/kafka-logs/__consumer_offsets-1 with properties {cleanup.policy=compact, compression.type="producer", segment.bytes=104857600} (kafka.log.LogManager)
[2026-10-03 21:58:43,745] INFO [Partition __consumer_offsets-1 broker=1] No checkpointed highwatermark is found for partition __consumer_offsets-1 (kafka.cluster.Partition)
[2026-10-03 21:58:43,746] INFO [Partition __consumer_offsets-1 broker=1] Log loaded for partition __consumer_offsets-1 with initial high watermark 0 (kafka.cluster.Partition)
[2026-10-03 21:58:43,752] INFO [LogLoader partition=__consumer_offsets-34, dir=/tmp/kafka-logs] Loading producer state till offset 0 (org.apache.kafka.storage.internals.log.UnifiedLog)
[2026-10-03 21:58:43,755] INFO Created log for partition __consumer_offsets-34 in /tmp/kafka-logs/__consumer_offsets-34 with properties {cleanup.policy=compact, compression.type="producer", segment.bytes=104857600} (kafka.log.LogManager)
[2026-10-03 21:58:43,755] INFO [Partition __consumer_offsets-34 broker=1] No checkpointed highwatermark is found for partition __consumer_offsets-34 (kafka.cluster.Partition)
[2026-10-03 21:58:43,755] INFO [Partition __consumer_offsets-34 broker=1] Log loaded for partition __consumer_offsets-34 with initial high watermark 0 (kafka.cluster.Partition)
[2026-10-03 21:58:43,759] INFO [LogLoader partition=__consumer_offsets-16, dir=/tmp/kafka-logs] Loading producer state till offset 0 (org.apache.kafka.storage.internals.log.UnifiedLog)
[2026-10-03 21:58:43,763] INFO Created log for partition __consumer_offsets-16 in /tmp/kafka-logs/__consumer_offsets-16 with properties {cleanup.policy=compact, compression.type="producer", segment.bytes=104857600} (kafka.log.LogManager)
[2026-10-03 21:58:43,765] INFO [Partition __consumer_offsets-16 broker=1] No checkpointed highwatermark is found for partition __consumer_offsets-16 (kafka.cluster.Partition)
[2026-10-03 21:58:43,766] INFO [Partition __consumer_offsets-16 broker=1] Log loaded for partition __consumer_offsets-16 with initial high watermark 0 (kafka.cluster.Partition)
[2026-10-03 21:58:43,772] INFO [LogLoader partition=__consumer_offsets-45, dir=/tmp/kafka-logs] Loading producer state till offset 0 (org.apache.kafka.storage.internals.log.UnifiedLog)
[2026-10-03 21:58:43,773] INFO Created log for partition __consumer_offsets-45 in /tmp/kafka-logs/__consumer_offsets-45 with properties {cleanup.policy=compact, compression.type="producer", segment.bytes=104857600} (kafka.log.LogManager)
[2026-10-03 21:58:43,775] INFO [Partition __consumer_offsets-45 broker=1] No checkpointed highwatermark is found for partition __consumer_offsets-45 (kafka.cluster.Partition)
[2026-10-03 21:58:43,776] INFO [Partition __consumer_offsets-45 broker=1] Log loaded for partition __consumer_offsets-45 with initial high watermark 0 (kafka.cluster.Partition)
[2026-10-03 21:58:43,783] INFO [LogLoader partition=__consumer_offsets-12, dir=/tmp/kafka-logs] Loading producer state till offset 0 (org.apache.kafka.storage.internals.log.UnifiedLog)
[2026-10-03 21:58:43,784] INFO Created log for partition __consumer_offsets-12 in /tmp/kafka-logs/__consumer_offsets-12 with properties {cleanup.policy=compact, compression.type="producer", segment.bytes=104857600} (kafka.log.LogManager)
[2026-10-03 21:58:43,784] INFO [Partition __consumer_offsets-12 broker=1] No checkpointed highwatermark is found for partition __consumer_offsets-12 (kafka.cluster.Partition)
[2026-10-03 21:58:43,784] INFO [Partition __consumer_offsets-12 broker=1] Log loaded for partition __consumer_offsets-12 with initial high watermark 0 (kafka.cluster.Partition)
[2026-10-03 21:58:43,791] INFO [LogLoader partition=__consumer_offsets-41, dir=/tmp/kafka-logs] Loading producer state till offset 0 (org.apache.kafka.storage.internals.log.UnifiedLog)
[2026-10-03 21:58:43,794] INFO Created log for partition __consumer_offsets-41 in /tmp/kafka-logs/__consumer_offsets-41 with properties {cleanup.policy=compact, compression.type="producer", segment.bytes=104857600} (kafka.log.LogManager)
[2026-10-03 21:58:43,794] INFO [Partition __consumer_offsets-41 broker=1] No checkpointed highwatermark is found for partition __consumer_offsets-41 (kafka.cluster.Partition)
[2026-10-03 21:58:43,794] INFO [Partition __consumer_offsets-41 broker=1] Log loaded for partition __consumer_offsets-41 with initial high watermark 0 (kafka.cluster.Partition)
[2026-10-03 21:58:43,804] INFO [LogLoader partition=__consumer_offsets-24, dir=/tmp/kafka-logs] Loading producer state till offset 0 (org.apache.kafka.storage.internals.log.UnifiedLog)
[2026-10-03 21:58:43,804] INFO Created log for partition __consumer_offsets-24 in /tmp/kafka-logs/__consumer_offsets-24 with properties {cleanup.policy=compact, compression.type="producer", segment.bytes=104857600} (kafka.log.LogManager)
[2026-10-03 21:58:43,805] INFO [Partition __consumer_offsets-24 broker=1] No checkpointed highwatermark is found for partition __consumer_offsets-24 (kafka.cluster.Partition)
[2026-10-03 21:58:43,805] INFO [Partition __consumer_offsets-24 broker=1] Log loaded for partition __consumer_offsets-24 with initial high watermark 0 (kafka.cluster.Partition)
[2026-10-03 21:58:43,812] INFO [LogLoader partition=__consumer_offsets-20, dir=/tmp/kafka-logs] Loading producer state till offset 0 (org.apache.kafka.storage.internals.log.UnifiedLog)
[2026-10-03 21:58:43,816] INFO Created log for partition __consumer_offsets-20 in /tmp/kafka-logs/__consumer_offsets-20 with properties {cleanup.policy=compact, compression.type="producer", segment.bytes=104857600} (kafka.log.LogManager)
[2026-10-03 21:58:43,816] INFO [Partition __consumer_offsets-20 broker=1] No checkpointed highwatermark is found for partition __consumer_offsets-20 (kafka.cluster.Partition)
[2026-10-03 21:58:43,816] INFO [Partition __consumer_offsets-20 broker=1] Log loaded for partition __consumer_offsets-20 with initial high watermark 0 (kafka.cluster.Partition)
[2026-10-03 21:58:43,821] INFO [LogLoader partition=__consumer_offsets-49, dir=/tmp/kafka-logs] Loading producer state till offset 0 (org.apache.kafka.storage.internals.log.UnifiedLog)
[2026-10-03 21:58:43,821] INFO Created log for partition __consumer_offsets-49 in /tmp/kafka-logs/__consumer_offsets-49 with properties {cleanup.policy=compact, compression.type="producer", segment.bytes=104857600} (kafka.log.LogManager)
[2026-10-03 21:58:43,822] INFO [Partition __consumer_offsets-49 broker=1] No checkpointed highwatermark is found for partition __consumer_offsets-49 (kafka.cluster.Partition)
[2026-10-03 21:58:43,822] INFO [Partition __consumer_offsets-49 broker=1] Log loaded for partition __consumer_offsets-49 with initial high watermark 0 (kafka.cluster.Partition)
[2026-10-03 21:58:43,828] INFO [LogLoader partition=__consumer_offsets-0, dir=/tmp/kafka-logs] Loading producer state till offset 0 (org.apache.kafka.storage.internals.log.UnifiedLog)
[2026-10-03 21:58:43,828] INFO Created log for partition __consumer_offsets-0 in /tmp/kafka-logs/__consumer_offsets-0 with properties {cleanup.policy=compact, compression.type="producer", segment.bytes=104857600} (kafka.log.LogManager)
[2026-10-03 21:58:43,828] INFO [Partition __consumer_offsets-0 broker=1] No checkpointed highwatermark is found for partition __consumer_offsets-0 (kafka.cluster.Partition)
[2026-10-03 21:58:43,829] INFO [Partition __consumer_offsets-0 broker=1] Log loaded for partition __consumer_offsets-0 with initial high watermark 0 (kafka.cluster.Partition)
[2026-10-03 21:58:43,832] INFO [LogLoader partition=__consumer_offsets-29, dir=/tmp/kafka-logs] Loading producer state till offset 0 (org.apache.kafka.storage.internals.log.UnifiedLog)
[2026-10-03 21:58:43,834] INFO Created log for partition __consumer_offsets-29 in /tmp/kafka-logs/__consumer_offsets-29 with properties {cleanup.policy=compact, compression.type="producer", segment.bytes=104857600} (kafka.log.LogManager)
[2026-10-03 21:58:43,834] INFO [Partition __consumer_offsets-29 broker=1] No checkpointed highwatermark is found for partition __consumer_offsets-29 (kafka.cluster.Partition)
[2026-10-03 21:58:43,834] INFO [Partition __consumer_offsets-29 broker=1] Log loaded for partition __consumer_offsets-29 with initial high watermark 0 (kafka.cluster.Partition)
[2026-10-03 21:58:43,838] INFO [LogLoader partition=__consumer_offsets-25, dir=/tmp/kafka-logs] Loading producer state till offset 0 (org.apache.kafka.storage.internals.log.UnifiedLog)
[2026-10-03 21:58:43,839] INFO Created log for partition __consumer_offsets-25 in /tmp/kafka-logs/__consumer_offsets-25 with properties {cleanup.policy=compact, compression.type="producer", segment.bytes=104857600} (kafka.log.LogManager)
[2026-10-03 21:58:43,839] INFO [Partition __consumer_offsets-25 broker=1] No checkpointed highwatermark is found for partition __consumer_offsets-25 (kafka.cluster.Partition)
[2026-10-03 21:58:43,839] INFO [Partition __consumer_offsets-25 broker=1] Log loaded for partition __consumer_offsets-25 with initial high watermark 0 (kafka.cluster.Partition)
[2026-10-03 21:58:43,842] INFO [LogLoader partition=__consumer_offsets-8, dir=/tmp/kafka-logs] Loading producer state till offset 0 (org.apache.kafka.storage.internals.log.UnifiedLog)
[2026-10-03 21:58:43,842] INFO Created log for partition __consumer_offsets-8 in /tmp/kafka-logs/__consumer_offsets-8 with properties {cleanup.policy=compact, compression.type="producer", segment.bytes=104857600} (kafka.log.LogManager)
[2026-10-03 21:58:43,843] INFO [Partition __consumer_offsets-8 broker=1] No checkpointed highwatermark is found for partition __consumer_offsets-8 (kafka.cluster.Partition)
[2026-10-03 21:58:43,843] INFO [Partition __consumer_offsets-8 broker=1] Log loaded for partition __consumer_offsets-8 with initial high watermark 0 (kafka.cluster.Partition)
[2026-10-03 21:58:43,846] INFO [LogLoader partition=__consumer_offsets-37, dir=/tmp/kafka-logs] Loading producer state till offset 0 (org.apache.kafka.storage.internals.log.UnifiedLog)
[2026-10-03 21:58:43,846] INFO Created log for partition __consumer_offsets-37 in /tmp/kafka-logs/__consumer_offsets-37 with properties {cleanup.policy=compact, compression.type="producer", segment.bytes=104857600} (kafka.log.LogManager)
[2026-10-03 21:58:43,847] INFO [Partition __consumer_offsets-37 broker=1] No checkpointed highwatermark is found for partition __consumer_offsets-37 (kafka.cluster.Partition)
[2026-10-03 21:58:43,847] INFO [Partition __consumer_offsets-37 broker=1] Log loaded for partition __consumer_offsets-37 with initial high watermark 0 (kafka.cluster.Partition)
[2026-10-03 21:58:43,851] INFO [LogLoader partition=__consumer_offsets-4, dir=/tmp/kafka-logs] Loading producer state till offset 0 (org.apache.kafka.storage.internals.log.UnifiedLog)
[2026-10-03 21:58:43,851] INFO Created log for partition __consumer_offsets-4 in /tmp/kafka-logs/__consumer_offsets-4 with properties {cleanup.policy=compact, compression.type="producer", segment.bytes=104857600} (kafka.log.LogManager)
[2026-10-03 21:58:43,851] INFO [Partition __consumer_offsets-4 broker=1] No checkpointed highwatermark is found for partition __consumer_offsets-4 (kafka.cluster.Partition)
[2026-10-03 21:58:43,851] INFO [Partition __consumer_offsets-4 broker=1] Log loaded for partition __consumer_offsets-4 with initial high watermark 0 (kafka.cluster.Partition)
[2026-10-03 21:58:43,854] INFO [LogLoader partition=__consumer_offsets-33, dir=/tmp/kafka-logs] Loading producer state till offset 0 (org.apache.kafka.storage.internals.log.UnifiedLog)
[2026-10-03 21:58:43,854] INFO Created log for partition __consumer_offsets-33 in /tmp/kafka-logs/__consumer_offsets-33 with properties {cleanup.policy=compact, compression.type="producer", segment.bytes=104857600} (kafka.log.LogManager)
[2026-10-03 21:58:43,854] INFO [Partition __consumer_offsets-33 broker=1] No checkpointed highwatermark is found for partition __consumer_offsets-33 (kafka.cluster.Partition)
[2026-10-03 21:58:43,854] INFO [Partition __consumer_offsets-33 broker=1] Log loaded for partition __consumer_offsets-33 with initial high watermark 0 (kafka.cluster.Partition)
[2026-10-03 21:58:43,857] INFO [LogLoader partition=__consumer_offsets-15, dir=/tmp/kafka-logs] Loading producer state till offset 0 (org.apache.kafka.storage.internals.log.UnifiedLog)
[2026-10-03 21:58:43,857] INFO Created log for partition __consumer_offsets-15 in /tmp/kafka-logs/__consumer_offsets-15 with properties {cleanup.policy=compact, compression.type="producer", segment.bytes=104857600} (kafka.log.LogManager)
[2026-10-03 21:58:43,857] INFO [Partition __consumer_offsets-15 broker=1] No checkpointed highwatermark is found for partition __consumer_offsets-15 (kafka.cluster.Partition)
[2026-10-03 21:58:43,857] INFO [Partition __consumer_offsets-15 broker=1] Log loaded for partition __consumer_offsets-15 with initial high watermark 0 (kafka.cluster.Partition)
[2026-10-03 21:58:43,859] INFO [LogLoader partition=__consumer_offsets-48, dir=/tmp/kafka-logs] Loading producer state till offset 0 (org.apache.kafka.storage.internals.log.UnifiedLog)
[2026-10-03 21:58:43,860] INFO Created log for partition __consumer_offsets-48 in /tmp/kafka-logs/__consumer_offsets-48 with properties {cleanup.policy=compact, compression.type="producer", segment.bytes=104857600} (kafka.log.LogManager)
[2026-10-03 21:58:43,860] INFO [Partition __consumer_offsets-48 broker=1] No checkpointed highwatermark is found for partition __consumer_offsets-48 (kafka.cluster.Partition)
[2026-10-03 21:58:43,860] INFO [Partition __consumer_offsets-48 broker=1] Log loaded for partition __consumer_offsets-48 with initial high watermark 0 (kafka.cluster.Partition)
[2026-10-03 21:58:43,868] INFO [LogLoader partition=__consumer_offsets-11, dir=/tmp/kafka-logs] Loading producer state till offset 0 (org.apache.kafka.storage.internals.log.UnifiedLog)
[2026-10-03 21:58:43,869] INFO Created log for partition __consumer_offsets-11 in /tmp/kafka-logs/__consumer_offsets-11 with properties {cleanup.policy=compact, compression.type="producer", segment.bytes=104857600} (kafka.log.LogManager)
[2026-10-03 21:58:43,869] INFO [Partition __consumer_offsets-11 broker=1] No checkpointed highwatermark is found for partition __consumer_offsets-11 (kafka.cluster.Partition)
[2026-10-03 21:58:43,869] INFO [Partition __consumer_offsets-11 broker=1] Log loaded for partition __consumer_offsets-11 with initial high watermark 0 (kafka.cluster.Partition)
[2026-10-03 21:58:43,872] INFO [LogLoader partition=__consumer_offsets-44, dir=/tmp/kafka-logs] Loading producer state till offset 0 (org.apache.kafka.storage.internals.log.UnifiedLog)
[2026-10-03 21:58:43,873] INFO Created log for partition __consumer_offsets-44 in /tmp/kafka-logs/__consumer_offsets-44 with properties {cleanup.policy=compact, compression.type="producer", segment.bytes=104857600} (kafka.log.LogManager)
[2026-10-03 21:58:43,873] INFO [Partition __consumer_offsets-44 broker=1] No checkpointed highwatermark is found for partition __consumer_offsets-44 (kafka.cluster.Partition)
[2026-10-03 21:58:43,873] INFO [Partition __consumer_offsets-44 broker=1] Log loaded for partition __consumer_offsets-44 with initial high watermark 0 (kafka.cluster.Partition)
[2026-10-03 21:58:43,877] INFO [LogLoader partition=__consumer_offsets-23, dir=/tmp/kafka-logs] Loading producer state till offset 0 (org.apache.kafka.storage.internals.log.UnifiedLog)
[2026-10-03 21:58:43,877] INFO Created log for partition __consumer_offsets-23 in /tmp/kafka-logs/__consumer_offsets-23 with properties {cleanup.policy=compact, compression.type="producer", segment.bytes=104857600} (kafka.log.LogManager)
[2026-10-03 21:58:43,877] INFO [Partition __consumer_offsets-23 broker=1] No checkpointed highwatermark is found for partition __consumer_offsets-23 (kafka.cluster.Partition)
[2026-10-03 21:58:43,877] INFO [Partition __consumer_offsets-23 broker=1] Log loaded for partition __consumer_offsets-23 with initial high watermark 0 (kafka.cluster.Partition)
[2026-10-03 21:58:43,880] INFO [LogLoader partition=__consumer_offsets-19, dir=/tmp/kafka-logs] Loading producer state till offset 0 (org.apache.kafka.storage.internals.log.UnifiedLog)
[2026-10-03 21:58:43,880] INFO Created log for partition __consumer_offsets-19 in /tmp/kafka-logs/__consumer_offsets-19 with properties {cleanup.policy=compact, compression.type="producer", segment.bytes=104857600} (kafka.log.LogManager)
[2026-10-03 21:58:43,881] INFO [Partition __consumer_offsets-19 broker=1] No checkpointed highwatermark is found for partition __consumer_offsets-19 (kafka.cluster.Partition)
[2026-10-03 21:58:43,881] INFO [Partition __consumer_offsets-19 broker=1] Log loaded for partition __consumer_offsets-19 with initial high watermark 0 (kafka.cluster.Partition)
[2026-10-03 21:58:43,885] INFO [LogLoader partition=__consumer_offsets-32, dir=/tmp/kafka-logs] Loading producer state till offset 0 (org.apache.kafka.storage.internals.log.UnifiedLog)
[2026-10-03 21:58:43,885] INFO Created log for partition __consumer_offsets-32 in /tmp/kafka-logs/__consumer_offsets-32 with properties {cleanup.policy=compact, compression.type="producer", segment.bytes=104857600} (kafka.log.LogManager)
[2026-10-03 21:58:43,885] INFO [Partition __consumer_offsets-32 broker=1] No checkpointed highwatermark is found for partition __consumer_offsets-32 (kafka.cluster.Partition)
[2026-10-03 21:58:43,885] INFO [Partition __consumer_offsets-32 broker=1] Log loaded for partition __consumer_offsets-32 with initial high watermark 0 (kafka.cluster.Partition)
[2026-10-03 21:58:43,887] INFO [LogLoader partition=__consumer_offsets-28, dir=/tmp/kafka-logs] Loading producer state till offset 0 (org.apache.kafka.storage.internals.log.UnifiedLog)
[2026-10-03 21:58:43,888] INFO Created log for partition __consumer_offsets-28 in /tmp/kafka-logs/__consumer_offsets-28 with properties {cleanup.policy=compact, compression.type="producer", segment.bytes=104857600} (kafka.log.LogManager)
[2026-10-03 21:58:43,888] INFO [Partition __consumer_offsets-28 broker=1] No checkpointed highwatermark is found for partition __consumer_offsets-28 (kafka.cluster.Partition)
[2026-10-03 21:58:43,888] INFO [Partition __consumer_offsets-28 broker=1] Log loaded for partition __consumer_offsets-28 with initial high watermark 0 (kafka.cluster.Partition)
[2026-10-03 21:58:43,891] INFO [LogLoader partition=__consumer_offsets-7, dir=/tmp/kafka-logs] Loading producer state till offset 0 (org.apache.kafka.storage.internals.log.UnifiedLog)
[2026-10-03 21:58:43,891] INFO Created log for partition __consumer_offsets-7 in /tmp/kafka-logs/__consumer_offsets-7 with properties {cleanup.policy=compact, compression.type="producer", segment.bytes=104857600} (kafka.log.LogManager)
[2026-10-03 21:58:43,891] INFO [Partition __consumer_offsets-7 broker=1] No checkpointed highwatermark is found for partition __consumer_offsets-7 (kafka.cluster.Partition)
[2026-10-03 21:58:43,891] INFO [Partition __consumer_offsets-7 broker=1] Log loaded for partition __consumer_offsets-7 with initial high watermark 0 (kafka.cluster.Partition)
[2026-10-03 21:58:43,894] INFO [LogLoader partition=__consumer_offsets-40, dir=/tmp/kafka-logs] Loading producer state till offset 0 (org.apache.kafka.storage.internals.log.UnifiedLog)
[2026-10-03 21:58:43,894] INFO Created log for partition __consumer_offsets-40 in /tmp/kafka-logs/__consumer_offsets-40 with properties {cleanup.policy=compact, compression.type="producer", segment.bytes=104857600} (kafka.log.LogManager)
[2026-10-03 21:58:43,894] INFO [Partition __consumer_offsets-40 broker=1] No checkpointed highwatermark is found for partition __consumer_offsets-40 (kafka.cluster.Partition)
[2026-10-03 21:58:43,894] INFO [Partition __consumer_offsets-40 broker=1] Log loaded for partition __consumer_offsets-40 with initial high watermark 0 (kafka.cluster.Partition)
[2026-10-03 21:58:43,897] INFO [LogLoader partition=__consumer_offsets-3, dir=/tmp/kafka-logs] Loading producer state till offset 0 (org.apache.kafka.storage.internals.log.UnifiedLog)
[2026-10-03 21:58:43,897] INFO Created log for partition __consumer_offsets-3 in /tmp/kafka-logs/__consumer_offsets-3 with properties {cleanup.policy=compact, compression.type="producer", segment.bytes=104857600} (kafka.log.LogManager)
[2026-10-03 21:58:43,897] INFO [Partition __consumer_offsets-3 broker=1] No checkpointed highwatermark is found for partition __consumer_offsets-3 (kafka.cluster.Partition)
[2026-10-03 21:58:43,897] INFO [Partition __consumer_offsets-3 broker=1] Log loaded for partition __consumer_offsets-3 with initial high watermark 0 (kafka.cluster.Partition)
[2026-10-03 21:58:43,900] INFO [LogLoader partition=__consumer_offsets-36, dir=/tmp/kafka-logs] Loading producer state till offset 0 (org.apache.kafka.storage.internals.log.UnifiedLog)
[2026-10-03 21:58:43,900] INFO Created log for partition __consumer_offsets-36 in /tmp/kafka-logs/__consumer_offsets-36 with properties {cleanup.policy=compact, compression.type="producer", segment.bytes=104857600} (kafka.log.LogManager)
[2026-10-03 21:58:43,900] INFO [Partition __consumer_offsets-36 broker=1] No checkpointed highwatermark is found for partition __consumer_offsets-36 (kafka.cluster.Partition)
[2026-10-03 21:58:43,900] INFO [Partition __consumer_offsets-36 broker=1] Log loaded for partition __consumer_offsets-36 with initial high watermark 0 (kafka.cluster.Partition)
[2026-10-03 21:58:43,903] INFO [LogLoader partition=__consumer_offsets-47, dir=/tmp/kafka-logs] Loading producer state till offset 0 (org.apache.kafka.storage.internals.log.UnifiedLog)
[2026-10-03 21:58:43,903] INFO Created log for partition __consumer_offsets-47 in /tmp/kafka-logs/__consumer_offsets-47 with properties {cleanup.policy=compact, compression.type="producer", segment.bytes=104857600} (kafka.log.LogManager)
[2026-10-03 21:58:43,903] INFO [Partition __consumer_offsets-47 broker=1] No checkpointed highwatermark is found for partition __consumer_offsets-47 (kafka.cluster.Partition)
[2026-10-03 21:58:43,903] INFO [Partition __consumer_offsets-47 broker=1] Log loaded for partition __consumer_offsets-47 with initial high watermark 0 (kafka.cluster.Partition)
[2026-10-03 21:58:43,905] INFO [LogLoader partition=__consumer_offsets-14, dir=/tmp/kafka-logs] Loading producer state till offset 0 (org.apache.kafka.storage.internals.log.UnifiedLog)
[2026-10-03 21:58:43,906] INFO Created log for partition __consumer_offsets-14 in /tmp/kafka-logs/__consumer_offsets-14 with properties {cleanup.policy=compact, compression.type="producer", segment.bytes=104857600} (kafka.log.LogManager)
[2026-10-03 21:58:43,906] INFO [Partition __consumer_offsets-14 broker=1] No checkpointed highwatermark is found for partition __consumer_offsets-14 (kafka.cluster.Partition)
[2026-10-03 21:58:43,906] INFO [Partition __consumer_offsets-14 broker=1] Log loaded for partition __consumer_offsets-14 with initial high watermark 0 (kafka.cluster.Partition)
[2026-10-03 21:58:43,909] INFO [LogLoader partition=__consumer_offsets-43, dir=/tmp/kafka-logs] Loading producer state till offset 0 (org.apache.kafka.storage.internals.log.UnifiedLog)
[2026-10-03 21:58:43,910] INFO Created log for partition __consumer_offsets-43 in /tmp/kafka-logs/__consumer_offsets-43 with properties {cleanup.policy=compact, compression.type="producer", segment.bytes=104857600} (kafka.log.LogManager)
[2026-10-03 21:58:43,910] INFO [Partition __consumer_offsets-43 broker=1] No checkpointed highwatermark is found for partition __consumer_offsets-43 (kafka.cluster.Partition)
[2026-10-03 21:58:43,910] INFO [Partition __consumer_offsets-43 broker=1] Log loaded for partition __consumer_offsets-43 with initial high watermark 0 (kafka.cluster.Partition)
[2026-10-03 21:58:43,913] INFO [LogLoader partition=__consumer_offsets-10, dir=/tmp/kafka-logs] Loading producer state till offset 0 (org.apache.kafka.storage.internals.log.UnifiedLog)
[2026-10-03 21:58:43,913] INFO Created log for partition __consumer_offsets-10 in /tmp/kafka-logs/__consumer_offsets-10 with properties {cleanup.policy=compact, compression.type="producer", segment.bytes=104857600} (kafka.log.LogManager)
[2026-10-03 21:58:43,913] INFO [Partition __consumer_offsets-10 broker=1] No checkpointed highwatermark is found for partition __consumer_offsets-10 (kafka.cluster.Partition)
[2026-10-03 21:58:43,913] INFO [Partition __consumer_offsets-10 broker=1] Log loaded for partition __consumer_offsets-10 with initial high watermark 0 (kafka.cluster.Partition)
[2026-10-03 21:58:43,917] INFO [LogLoader partition=__consumer_offsets-22, dir=/tmp/kafka-logs] Loading producer state till offset 0 (org.apache.kafka.storage.internals.log.UnifiedLog)
[2026-10-03 21:58:43,917] INFO Created log for partition __consumer_offsets-22 in /tmp/kafka-logs/__consumer_offsets-22 with properties {cleanup.policy=compact, compression.type="producer", segment.bytes=104857600} (kafka.log.LogManager)
[2026-10-03 21:58:43,919] INFO [Partition __consumer_offsets-22 broker=1] No checkpointed highwatermark is found for partition __consumer_offsets-22 (kafka.cluster.Partition)
[2026-10-03 21:58:43,919] INFO [Partition __consumer_offsets-22 broker=1] Log loaded for partition __consumer_offsets-22 with initial high watermark 0 (kafka.cluster.Partition)
[2026-10-03 21:58:43,924] INFO [LogLoader partition=__consumer_offsets-18, dir=/tmp/kafka-logs] Loading producer state till offset 0 (org.apache.kafka.storage.internals.log.UnifiedLog)
[2026-10-03 21:58:43,925] INFO Created log for partition __consumer_offsets-18 in /tmp/kafka-logs/__consumer_offsets-18 with properties {cleanup.policy=compact, compression.type="producer", segment.bytes=104857600} (kafka.log.LogManager)
[2026-10-03 21:58:43,925] INFO [Partition __consumer_offsets-18 broker=1] No checkpointed highwatermark is found for partition __consumer_offsets-18 (kafka.cluster.Partition)
[2026-10-03 21:58:43,926] INFO [Partition __consumer_offsets-18 broker=1] Log loaded for partition __consumer_offsets-18 with initial high watermark 0 (kafka.cluster.Partition)
[2026-10-03 21:58:43,928] INFO [LogLoader partition=__consumer_offsets-31, dir=/tmp/kafka-logs] Loading producer state till offset 0 (org.apache.kafka.storage.internals.log.UnifiedLog)
[2026-10-03 21:58:43,929] INFO Created log for partition __consumer_offsets-31 in /tmp/kafka-logs/__consumer_offsets-31 with properties {cleanup.policy=compact, compression.type="producer", segment.bytes=104857600} (kafka.log.LogManager)
[2026-10-03 21:58:43,929] INFO [Partition __consumer_offsets-31 broker=1] No checkpointed highwatermark is found for partition __consumer_offsets-31 (kafka.cluster.Partition)
[2026-10-03 21:58:43,929] INFO [Partition __consumer_offsets-31 broker=1] Log loaded for partition __consumer_offsets-31 with initial high watermark 0 (kafka.cluster.Partition)
[2026-10-03 21:58:43,932] INFO [LogLoader partition=__consumer_offsets-27, dir=/tmp/kafka-logs] Loading producer state till offset 0 (org.apache.kafka.storage.internals.log.UnifiedLog)
[2026-10-03 21:58:43,933] INFO Created log for partition __consumer_offsets-27 in /tmp/kafka-logs/__consumer_offsets-27 with properties {cleanup.policy=compact, compression.type="producer", segment.bytes=104857600} (kafka.log.LogManager)
[2026-10-03 21:58:43,933] INFO [Partition __consumer_offsets-27 broker=1] No checkpointed highwatermark is found for partition __consumer_offsets-27 (kafka.cluster.Partition)
[2026-10-03 21:58:43,933] INFO [Partition __consumer_offsets-27 broker=1] Log loaded for partition __consumer_offsets-27 with initial high watermark 0 (kafka.cluster.Partition)
[2026-10-03 21:58:43,936] INFO [LogLoader partition=__consumer_offsets-39, dir=/tmp/kafka-logs] Loading producer state till offset 0 (org.apache.kafka.storage.internals.log.UnifiedLog)
[2026-10-03 21:58:43,936] INFO Created log for partition __consumer_offsets-39 in /tmp/kafka-logs/__consumer_offsets-39 with properties {cleanup.policy=compact, compression.type="producer", segment.bytes=104857600} (kafka.log.LogManager)
[2026-10-03 21:58:43,936] INFO [Partition __consumer_offsets-39 broker=1] No checkpointed highwatermark is found for partition __consumer_offsets-39 (kafka.cluster.Partition)
[2026-10-03 21:58:43,936] INFO [Partition __consumer_offsets-39 broker=1] Log loaded for partition __consumer_offsets-39 with initial high watermark 0 (kafka.cluster.Partition)
[2026-10-03 21:58:43,939] INFO [LogLoader partition=__consumer_offsets-6, dir=/tmp/kafka-logs] Loading producer state till offset 0 (org.apache.kafka.storage.internals.log.UnifiedLog)
[2026-10-03 21:58:43,940] INFO Created log for partition __consumer_offsets-6 in /tmp/kafka-logs/__consumer_offsets-6 with properties {cleanup.policy=compact, compression.type="producer", segment.bytes=104857600} (kafka.log.LogManager)
[2026-10-03 21:58:43,940] INFO [Partition __consumer_offsets-6 broker=1] No checkpointed highwatermark is found for partition __consumer_offsets-6 (kafka.cluster.Partition)
[2026-10-03 21:58:43,940] INFO [Partition __consumer_offsets-6 broker=1] Log loaded for partition __consumer_offsets-6 with initial high watermark 0 (kafka.cluster.Partition)
[2026-10-03 21:58:43,943] INFO [LogLoader partition=__consumer_offsets-35, dir=/tmp/kafka-logs] Loading producer state till offset 0 (org.apache.kafka.storage.internals.log.UnifiedLog)
[2026-10-03 21:58:43,943] INFO Created log for partition __consumer_offsets-35 in /tmp/kafka-logs/__consumer_offsets-35 with properties {cleanup.policy=compact, compression.type="producer", segment.bytes=104857600} (kafka.log.LogManager)
[2026-10-03 21:58:43,943] INFO [Partition __consumer_offsets-35 broker=1] No checkpointed highwatermark is found for partition __consumer_offsets-35 (kafka.cluster.Partition)
[2026-10-03 21:58:43,943] INFO [Partition __consumer_offsets-35 broker=1] Log loaded for partition __consumer_offsets-35 with initial high watermark 0 (kafka.cluster.Partition)
[2026-10-03 21:58:43,945] INFO [LogLoader partition=__consumer_offsets-2, dir=/tmp/kafka-logs] Loading producer state till offset 0 (org.apache.kafka.storage.internals.log.UnifiedLog)
[2026-10-03 21:58:43,946] INFO Created log for partition __consumer_offsets-2 in /tmp/kafka-logs/__consumer_offsets-2 with properties {cleanup.policy=compact, compression.type="producer", segment.bytes=104857600} (kafka.log.LogManager)
[2026-10-03 21:58:43,946] INFO [Partition __consumer_offsets-2 broker=1] No checkpointed highwatermark is found for partition __consumer_offsets-2 (kafka.cluster.Partition)
[2026-10-03 21:58:43,946] INFO [Partition __consumer_offsets-2 broker=1] Log loaded for partition __consumer_offsets-2 with initial high watermark 0 (kafka.cluster.Partition)
[2026-10-03 21:58:43,948] INFO [GroupCoordinator id=1] Scheduling loading of metadata from __consumer_offsets-13 with epoch 0 (org.apache.kafka.coordinator.common.runtime.CoordinatorRuntime)
[2026-10-03 21:58:43,949] INFO [GroupCoordinator id=1] Scheduling loading of metadata from __consumer_offsets-46 with epoch 0 (org.apache.kafka.coordinator.common.runtime.CoordinatorRuntime)
[2026-10-03 21:58:43,949] INFO [GroupCoordinator id=1] Scheduling loading of metadata from __consumer_offsets-9 with epoch 0 (org.apache.kafka.coordinator.common.runtime.CoordinatorRuntime)
[2026-10-03 21:58:43,949] INFO [GroupCoordinator id=1] Scheduling loading of metadata from __consumer_offsets-42 with epoch 0 (org.apache.kafka.coordinator.common.runtime.CoordinatorRuntime)
[2026-10-03 21:58:43,949] INFO [GroupCoordinator id=1] Scheduling loading of metadata from __consumer_offsets-21 with epoch 0 (org.apache.kafka.coordinator.common.runtime.CoordinatorRuntime)
[2026-10-03 21:58:43,949] INFO [GroupCoordinator id=1] Scheduling loading of metadata from __consumer_offsets-17 with epoch 0 (org.apache.kafka.coordinator.common.runtime.CoordinatorRuntime)
[2026-10-03 21:58:43,950] INFO [GroupCoordinator id=1] Scheduling loading of metadata from __consumer_offsets-30 with epoch 0 (org.apache.kafka.coordinator.common.runtime.CoordinatorRuntime)
[2026-10-03 21:58:43,950] INFO [GroupCoordinator id=1] Scheduling loading of metadata from __consumer_offsets-26 with epoch 0 (org.apache.kafka.coordinator.common.runtime.CoordinatorRuntime)
[2026-10-03 21:58:43,950] INFO [GroupCoordinator id=1] Scheduling loading of metadata from __consumer_offsets-5 with epoch 0 (org.apache.kafka.coordinator.common.runtime.CoordinatorRuntime)
[2026-10-03 21:58:43,950] INFO [GroupCoordinator id=1] Scheduling loading of metadata from __consumer_offsets-38 with epoch 0 (org.apache.kafka.coordinator.common.runtime.CoordinatorRuntime)
[2026-10-03 21:58:43,950] INFO [GroupCoordinator id=1] Scheduling loading of metadata from __consumer_offsets-1 with epoch 0 (org.apache.kafka.coordinator.common.runtime.CoordinatorRuntime)
[2026-10-03 21:58:43,950] INFO [GroupCoordinator id=1] Scheduling loading of metadata from __consumer_offsets-34 with epoch 0 (org.apache.kafka.coordinator.common.runtime.CoordinatorRuntime)
[2026-10-03 21:58:43,950] INFO [GroupCoordinator id=1] Scheduling loading of metadata from __consumer_offsets-16 with epoch 0 (org.apache.kafka.coordinator.common.runtime.CoordinatorRuntime)
[2026-10-03 21:58:43,950] INFO [GroupCoordinator id=1] Scheduling loading of metadata from __consumer_offsets-45 with epoch 0 (org.apache.kafka.coordinator.common.runtime.CoordinatorRuntime)
[2026-10-03 21:58:43,951] INFO [GroupCoordinator id=1] Scheduling loading of metadata from __consumer_offsets-12 with epoch 0 (org.apache.kafka.coordinator.common.runtime.CoordinatorRuntime)
[2026-10-03 21:58:43,951] INFO [GroupCoordinator id=1] Scheduling loading of metadata from __consumer_offsets-41 with epoch 0 (org.apache.kafka.coordinator.common.runtime.CoordinatorRuntime)
[2026-10-03 21:58:43,951] INFO [GroupCoordinator id=1] Scheduling loading of metadata from __consumer_offsets-24 with epoch 0 (org.apache.kafka.coordinator.common.runtime.CoordinatorRuntime)
[2026-10-03 21:58:43,951] INFO [GroupCoordinator id=1] Scheduling loading of metadata from __consumer_offsets-20 with epoch 0 (org.apache.kafka.coordinator.common.runtime.CoordinatorRuntime)
[2026-10-03 21:58:43,952] INFO [GroupCoordinator id=1] Scheduling loading of metadata from __consumer_offsets-49 with epoch 0 (org.apache.kafka.coordinator.common.runtime.CoordinatorRuntime)
[2026-10-03 21:58:43,952] INFO [GroupCoordinator id=1] Scheduling loading of metadata from __consumer_offsets-0 with epoch 0 (org.apache.kafka.coordinator.common.runtime.CoordinatorRuntime)
[2026-10-03 21:58:43,952] INFO [GroupCoordinator id=1] Scheduling loading of metadata from __consumer_offsets-29 with epoch 0 (org.apache.kafka.coordinator.common.runtime.CoordinatorRuntime)
[2026-10-03 21:58:43,952] INFO [GroupCoordinator id=1] Scheduling loading of metadata from __consumer_offsets-25 with epoch 0 (org.apache.kafka.coordinator.common.runtime.CoordinatorRuntime)
[2026-10-03 21:58:43,952] INFO [GroupCoordinator id=1] Scheduling loading of metadata from __consumer_offsets-8 with epoch 0 (org.apache.kafka.coordinator.common.runtime.CoordinatorRuntime)
[2026-10-03 21:58:43,952] INFO [GroupCoordinator id=1] Scheduling loading of metadata from __consumer_offsets-37 with epoch 0 (org.apache.kafka.coordinator.common.runtime.CoordinatorRuntime)
[2026-10-03 21:58:43,952] INFO [GroupCoordinator id=1] Scheduling loading of metadata from __consumer_offsets-4 with epoch 0 (org.apache.kafka.coordinator.common.runtime.CoordinatorRuntime)
[2026-10-03 21:58:43,953] INFO [GroupCoordinator id=1] Scheduling loading of metadata from __consumer_offsets-33 with epoch 0 (org.apache.kafka.coordinator.common.runtime.CoordinatorRuntime)
[2026-10-03 21:58:43,953] INFO [GroupCoordinator id=1] Scheduling loading of metadata from __consumer_offsets-15 with epoch 0 (org.apache.kafka.coordinator.common.runtime.CoordinatorRuntime)
[2026-10-03 21:58:43,953] INFO [GroupCoordinator id=1] Scheduling loading of metadata from __consumer_offsets-48 with epoch 0 (org.apache.kafka.coordinator.common.runtime.CoordinatorRuntime)
[2026-10-03 21:58:43,953] INFO [GroupCoordinator id=1] Scheduling loading of metadata from __consumer_offsets-11 with epoch 0 (org.apache.kafka.coordinator.common.runtime.CoordinatorRuntime)
[2026-10-03 21:58:43,953] INFO [GroupCoordinator id=1] Scheduling loading of metadata from __consumer_offsets-44 with epoch 0 (org.apache.kafka.coordinator.common.runtime.CoordinatorRuntime)
[2026-10-03 21:58:43,954] INFO [GroupCoordinator id=1] Scheduling loading of metadata from __consumer_offsets-23 with epoch 0 (org.apache.kafka.coordinator.common.runtime.CoordinatorRuntime)
[2026-10-03 21:58:43,954] INFO [GroupCoordinator id=1] Scheduling loading of metadata from __consumer_offsets-19 with epoch 0 (org.apache.kafka.coordinator.common.runtime.CoordinatorRuntime)
[2026-10-03 21:58:43,954] INFO [GroupCoordinator id=1] Scheduling loading of metadata from __consumer_offsets-32 with epoch 0 (org.apache.kafka.coordinator.common.runtime.CoordinatorRuntime)
[2026-10-03 21:58:43,954] INFO [GroupCoordinator id=1] Scheduling loading of metadata from __consumer_offsets-28 with epoch 0 (org.apache.kafka.coordinator.common.runtime.CoordinatorRuntime)
[2026-10-03 21:58:43,954] INFO [GroupCoordinator id=1] Scheduling loading of metadata from __consumer_offsets-7 with epoch 0 (org.apache.kafka.coordinator.common.runtime.CoordinatorRuntime)
[2026-10-03 21:58:43,954] INFO [GroupCoordinator id=1] Scheduling loading of metadata from __consumer_offsets-40 with epoch 0 (org.apache.kafka.coordinator.common.runtime.CoordinatorRuntime)
[2026-10-03 21:58:43,955] INFO [GroupCoordinator id=1] Scheduling loading of metadata from __consumer_offsets-3 with epoch 0 (org.apache.kafka.coordinator.common.runtime.CoordinatorRuntime)
[2026-10-03 21:58:43,955] INFO [GroupCoordinator id=1] Scheduling loading of metadata from __consumer_offsets-36 with epoch 0 (org.apache.kafka.coordinator.common.runtime.CoordinatorRuntime)
[2026-10-03 21:58:43,955] INFO [GroupCoordinator id=1] Scheduling loading of metadata from __consumer_offsets-47 with epoch 0 (org.apache.kafka.coordinator.common.runtime.CoordinatorRuntime)
[2026-10-03 21:58:43,955] INFO [GroupCoordinator id=1] Scheduling loading of metadata from __consumer_offsets-14 with epoch 0 (org.apache.kafka.coordinator.common.runtime.CoordinatorRuntime)
[2026-10-03 21:58:43,955] INFO [GroupCoordinator id=1] Scheduling loading of metadata from __consumer_offsets-43 with epoch 0 (org.apache.kafka.coordinator.common.runtime.CoordinatorRuntime)
[2026-10-03 21:58:43,955] INFO [GroupCoordinator id=1] Scheduling loading of metadata from __consumer_offsets-10 with epoch 0 (org.apache.kafka.coordinator.common.runtime.CoordinatorRuntime)
[2026-10-03 21:58:43,956] INFO [GroupCoordinator id=1] Scheduling loading of metadata from __consumer_offsets-22 with epoch 0 (org.apache.kafka.coordinator.common.runtime.CoordinatorRuntime)
[2026-10-03 21:58:43,956] INFO [GroupCoordinator id=1] Finished loading of metadata from __consumer_offsets-0 with epoch 0 in 2ms where 2ms was spent in the scheduler. Loaded 0 records which total to 0 bytes. (org.apache.kafka.coordinator.common.runtime.CoordinatorRuntime)
[2026-10-03 21:58:43,956] INFO [GroupCoordinator id=1] Finished loading of metadata from __consumer_offsets-1 with epoch 0 in 1ms where 1ms was spent in the scheduler. Loaded 0 records which total to 0 bytes. (org.apache.kafka.coordinator.common.runtime.CoordinatorRuntime)
[2026-10-03 21:58:43,956] INFO [GroupCoordinator id=1] Scheduling loading of metadata from __consumer_offsets-18 with epoch 0 (org.apache.kafka.coordinator.common.runtime.CoordinatorRuntime)
[2026-10-03 21:58:43,956] INFO [GroupCoordinator id=1] Scheduling loading of metadata from __consumer_offsets-31 with epoch 0 (org.apache.kafka.coordinator.common.runtime.CoordinatorRuntime)
[2026-10-03 21:58:43,956] INFO [GroupCoordinator id=1] Finished loading of metadata from __consumer_offsets-42 with epoch 0 in 2ms where 2ms was spent in the scheduler. Loaded 0 records which total to 0 bytes. (org.apache.kafka.coordinator.common.runtime.CoordinatorRuntime)
[2026-10-03 21:58:43,956] INFO [GroupCoordinator id=1] Finished loading of metadata from __consumer_offsets-12 with epoch 0 in 1ms where 1ms was spent in the scheduler. Loaded 0 records which total to 0 bytes. (org.apache.kafka.coordinator.common.runtime.CoordinatorRuntime)
[2026-10-03 21:58:43,956] INFO [GroupCoordinator id=1] Scheduling loading of metadata from __consumer_offsets-27 with epoch 0 (org.apache.kafka.coordinator.common.runtime.CoordinatorRuntime)
[2026-10-03 21:58:43,956] INFO [GroupCoordinator id=1] Finished loading of metadata from __consumer_offsets-20 with epoch 0 in 1ms where 1ms was spent in the scheduler. Loaded 0 records which total to 0 bytes. (org.apache.kafka.coordinator.common.runtime.CoordinatorRuntime)
[2026-10-03 21:58:43,956] INFO [GroupCoordinator id=1] Finished loading of metadata from __consumer_offsets-9 with epoch 0 in 3ms where 3ms was spent in the scheduler. Loaded 0 records which total to 0 bytes. (org.apache.kafka.coordinator.common.runtime.CoordinatorRuntime)
[2026-10-03 21:58:43,956] INFO [GroupCoordinator id=1] Finished loading of metadata from __consumer_offsets-46 with epoch 0 in 2ms where 2ms was spent in the scheduler. Loaded 0 records which total to 0 bytes. (org.apache.kafka.coordinator.common.runtime.CoordinatorRuntime)
[2026-10-03 21:58:43,956] INFO [GroupCoordinator id=1] Scheduling loading of metadata from __consumer_offsets-39 with epoch 0 (org.apache.kafka.coordinator.common.runtime.CoordinatorRuntime)
[2026-10-03 21:58:43,957] INFO [GroupCoordinator id=1] Finished loading of metadata from __consumer_offsets-44 with epoch 0 in 0ms where 0ms was spent in the scheduler. Loaded 0 records which total to 0 bytes. (org.apache.kafka.coordinator.common.runtime.CoordinatorRuntime)
[2026-10-03 21:58:43,957] INFO [GroupCoordinator id=1] Scheduling loading of metadata from __consumer_offsets-6 with epoch 0 (org.apache.kafka.coordinator.common.runtime.CoordinatorRuntime)
[2026-10-03 21:58:43,957] INFO [GroupCoordinator id=1] Scheduling loading of metadata from __consumer_offsets-35 with epoch 0 (org.apache.kafka.coordinator.common.runtime.CoordinatorRuntime)
[2026-10-03 21:58:43,957] INFO [GroupCoordinator id=1] Finished loading of metadata from __consumer_offsets-49 with epoch 0 in 1ms where 1ms was spent in the scheduler. Loaded 0 records which total to 0 bytes. (org.apache.kafka.coordinator.common.runtime.CoordinatorRuntime)
[2026-10-03 21:58:43,957] INFO [GroupCoordinator id=1] Finished loading of metadata from __consumer_offsets-29 with epoch 0 in 0ms where 0ms was spent in the scheduler. Loaded 0 records which total to 0 bytes. (org.apache.kafka.coordinator.common.runtime.CoordinatorRuntime)
[2026-10-03 21:58:43,957] INFO [GroupCoordinator id=1] Finished loading of metadata from __consumer_offsets-33 with epoch 0 in 0ms where 0ms was spent in the scheduler. Loaded 0 records which total to 0 bytes. (org.apache.kafka.coordinator.common.runtime.CoordinatorRuntime)
[2026-10-03 21:58:43,957] INFO [GroupCoordinator id=1] Finished loading of metadata from __consumer_offsets-16 with epoch 0 in 1ms where 1ms was spent in the scheduler. Loaded 0 records which total to 0 bytes. (org.apache.kafka.coordinator.common.runtime.CoordinatorRuntime)
[2026-10-03 21:58:43,958] INFO [GroupCoordinator id=1] Finished loading of metadata from __consumer_offsets-13 with epoch 0 in 2ms where 1ms was spent in the scheduler. Loaded 0 records which total to 0 bytes. (org.apache.kafka.coordinator.common.runtime.CoordinatorRuntime)
[2026-10-03 21:58:43,958] INFO [GroupCoordinator id=1] Finished loading of metadata from __consumer_offsets-10 with epoch 0 in 2ms where 2ms was spent in the scheduler. Loaded 0 records which total to 0 bytes. (org.apache.kafka.coordinator.common.runtime.CoordinatorRuntime)
[2026-10-03 21:58:43,958] INFO [GroupCoordinator id=1] Finished loading of metadata from __consumer_offsets-26 with epoch 0 in 0ms where 0ms was spent in the scheduler. Loaded 0 records which total to 0 bytes. (org.apache.kafka.coordinator.common.runtime.CoordinatorRuntime)
[2026-10-03 21:58:43,958] INFO [GroupCoordinator id=1] Finished loading of metadata from __consumer_offsets-11 with epoch 0 in 1ms where 1ms was spent in the scheduler. Loaded 0 records which total to 0 bytes. (org.apache.kafka.coordinator.common.runtime.CoordinatorRuntime)
[2026-10-03 21:58:43,957] INFO [GroupCoordinator id=1] Scheduling loading of metadata from __consumer_offsets-2 with epoch 0 (org.apache.kafka.coordinator.common.runtime.CoordinatorRuntime)
[2026-10-03 21:58:43,958] INFO [GroupCoordinator id=1] Finished loading of metadata from __consumer_offsets-19 with epoch 0 in 1ms where 1ms was spent in the scheduler. Loaded 0 records which total to 0 bytes. (org.apache.kafka.coordinator.common.runtime.CoordinatorRuntime)
[2026-10-03 21:58:43,958] INFO [GroupCoordinator id=1] Finished loading of metadata from __consumer_offsets-25 with epoch 0 in 2ms where 2ms was spent in the scheduler. Loaded 0 records which total to 0 bytes. (org.apache.kafka.coordinator.common.runtime.CoordinatorRuntime)
[2026-10-03 21:58:43,958] INFO [GroupCoordinator id=1] Finished loading of metadata from __consumer_offsets-21 with epoch 0 in 0ms where 0ms was spent in the scheduler. Loaded 0 records which total to 0 bytes. (org.apache.kafka.coordinator.common.runtime.CoordinatorRuntime)
[2026-10-03 21:58:43,959] INFO [GroupCoordinator id=1] Finished loading of metadata from __consumer_offsets-30 with epoch 0 in 0ms where 0ms was spent in the scheduler. Loaded 0 records which total to 0 bytes. (org.apache.kafka.coordinator.common.runtime.CoordinatorRuntime)
[2026-10-03 21:58:43,959] INFO [GroupCoordinator id=1] Finished loading of metadata from __consumer_offsets-45 with epoch 0 in 2ms where 2ms was spent in the scheduler. Loaded 0 records which total to 0 bytes. (org.apache.kafka.coordinator.common.runtime.CoordinatorRuntime)
[2026-10-03 21:58:43,959] INFO [GroupCoordinator id=1] Finished loading of metadata from __consumer_offsets-41 with epoch 0 in 0ms where 0ms was spent in the scheduler. Loaded 0 records which total to 0 bytes. (org.apache.kafka.coordinator.common.runtime.CoordinatorRuntime)
[2026-10-03 21:58:43,959] INFO [GroupCoordinator id=1] Finished loading of metadata from __consumer_offsets-23 with epoch 0 in 1ms where 1ms was spent in the scheduler. Loaded 0 records which total to 0 bytes. (org.apache.kafka.coordinator.common.runtime.CoordinatorRuntime)
[2026-10-03 21:58:43,960] INFO [DynamicConfigPublisher broker id=1] Updating topic __consumer_offsets with new configuration : compression.type -> producer,cleanup.policy -> compact,segment.bytes -> 104857600 (kafka.server.metadata.DynamicConfigPublisher)
[2026-10-03 21:58:43,960] INFO [GroupCoordinator id=1] Finished loading of metadata from __consumer_offsets-15 with epoch 0 in 0ms where 0ms was spent in the scheduler. Loaded 0 records which total to 0 bytes. (org.apache.kafka.coordinator.common.runtime.CoordinatorRuntime)
[2026-10-03 21:58:43,960] INFO [GroupCoordinator id=1] Finished loading of metadata from __consumer_offsets-22 with epoch 0 in 0ms where 0ms was spent in the scheduler. Loaded 0 records which total to 0 bytes. (org.apache.kafka.coordinator.common.runtime.CoordinatorRuntime)
[2026-10-03 21:58:43,961] INFO [GroupCoordinator id=1] Finished loading of metadata from __consumer_offsets-5 with epoch 0 in 0ms where 0ms was spent in the scheduler. Loaded 0 records which total to 0 bytes. (org.apache.kafka.coordinator.common.runtime.CoordinatorRuntime)
[2026-10-03 21:58:43,961] INFO [GroupCoordinator id=1] Finished loading of metadata from __consumer_offsets-47 with epoch 0 in 0ms where 0ms was spent in the scheduler. Loaded 0 records which total to 0 bytes. (org.apache.kafka.coordinator.common.runtime.CoordinatorRuntime)
[2026-10-03 21:58:43,961] INFO [GroupCoordinator id=1] Finished loading of metadata from __consumer_offsets-38 with epoch 0 in 2ms where 2ms was spent in the scheduler. Loaded 0 records which total to 0 bytes. (org.apache.kafka.coordinator.common.runtime.CoordinatorRuntime)
[2026-10-03 21:58:43,961] INFO [GroupCoordinator id=1] Finished loading of metadata from __consumer_offsets-18 with epoch 0 in 0ms where 0ms was spent in the scheduler. Loaded 0 records which total to 0 bytes. (org.apache.kafka.coordinator.common.runtime.CoordinatorRuntime)
[2026-10-03 21:58:43,961] INFO [GroupCoordinator id=1] Finished loading of metadata from __consumer_offsets-36 with epoch 0 in 1ms where 1ms was spent in the scheduler. Loaded 0 records which total to 0 bytes. (org.apache.kafka.coordinator.common.runtime.CoordinatorRuntime)
[2026-10-03 21:58:43,961] INFO [GroupCoordinator id=1] Finished loading of metadata from __consumer_offsets-40 with epoch 0 in 1ms where 1ms was spent in the scheduler. Loaded 0 records which total to 0 bytes. (org.apache.kafka.coordinator.common.runtime.CoordinatorRuntime)
[2026-10-03 21:58:43,961] INFO [GroupCoordinator id=1] Finished loading of metadata from __consumer_offsets-32 with epoch 0 in 0ms where 0ms was spent in the scheduler. Loaded 0 records which total to 0 bytes. (org.apache.kafka.coordinator.common.runtime.CoordinatorRuntime)
[2026-10-03 21:58:43,962] INFO [GroupCoordinator id=1] Finished loading of metadata from __consumer_offsets-7 with epoch 0 in 0ms where 0ms was spent in the scheduler. Loaded 0 records which total to 0 bytes. (org.apache.kafka.coordinator.common.runtime.CoordinatorRuntime)
[2026-10-03 21:58:43,962] INFO [GroupCoordinator id=1] Finished loading of metadata from __consumer_offsets-17 with epoch 0 in 2ms where 2ms was spent in the scheduler. Loaded 0 records which total to 0 bytes. (org.apache.kafka.coordinator.common.runtime.CoordinatorRuntime)
[2026-10-03 21:58:43,962] INFO [GroupCoordinator id=1] Finished loading of metadata from __consumer_offsets-6 with epoch 0 in 0ms where 0ms was spent in the scheduler. Loaded 0 records which total to 0 bytes. (org.apache.kafka.coordinator.common.runtime.CoordinatorRuntime)
[2026-10-03 21:58:43,962] INFO [GroupCoordinator id=1] Finished loading of metadata from __consumer_offsets-24 with epoch 0 in 0ms where 0ms was spent in the scheduler. Loaded 0 records which total to 0 bytes. (org.apache.kafka.coordinator.common.runtime.CoordinatorRuntime)
[2026-10-03 21:58:43,962] INFO [GroupCoordinator id=1] Finished loading of metadata from __consumer_offsets-34 with epoch 0 in 1ms where 1ms was spent in the scheduler. Loaded 0 records which total to 0 bytes. (org.apache.kafka.coordinator.common.runtime.CoordinatorRuntime)
[2026-10-03 21:58:43,962] INFO [GroupCoordinator id=1] Finished loading of metadata from __consumer_offsets-3 with epoch 0 in 0ms where 0ms was spent in the scheduler. Loaded 0 records which total to 0 bytes. (org.apache.kafka.coordinator.common.runtime.CoordinatorRuntime)
[2026-10-03 21:58:43,962] INFO [GroupCoordinator id=1] Finished loading of metadata from __consumer_offsets-48 with epoch 0 in 1ms where 1ms was spent in the scheduler. Loaded 0 records which total to 0 bytes. (org.apache.kafka.coordinator.common.runtime.CoordinatorRuntime)
[2026-10-03 21:58:43,963] INFO [GroupCoordinator id=1] Finished loading of metadata from __consumer_offsets-8 with epoch 0 in 1ms where 1ms was spent in the scheduler. Loaded 0 records which total to 0 bytes. (org.apache.kafka.coordinator.common.runtime.CoordinatorRuntime)
[2026-10-03 21:58:43,963] INFO [GroupCoordinator id=1] Finished loading of metadata from __consumer_offsets-4 with epoch 0 in 1ms where 1ms was spent in the scheduler. Loaded 0 records which total to 0 bytes. (org.apache.kafka.coordinator.common.runtime.CoordinatorRuntime)
[2026-10-03 21:58:43,963] INFO [GroupCoordinator id=1] Finished loading of metadata from __consumer_offsets-35 with epoch 0 in 1ms where 1ms was spent in the scheduler. Loaded 0 records which total to 0 bytes. (org.apache.kafka.coordinator.common.runtime.CoordinatorRuntime)
[2026-10-03 21:58:43,963] INFO [GroupCoordinator id=1] Finished loading of metadata from __consumer_offsets-39 with epoch 0 in 1ms where 1ms was spent in the scheduler. Loaded 0 records which total to 0 bytes. (org.apache.kafka.coordinator.common.runtime.CoordinatorRuntime)
[2026-10-03 21:58:43,963] INFO [GroupCoordinator id=1] Finished loading of metadata from __consumer_offsets-27 with epoch 0 in 1ms where 1ms was spent in the scheduler. Loaded 0 records which total to 0 bytes. (org.apache.kafka.coordinator.common.runtime.CoordinatorRuntime)
[2026-10-03 21:58:43,963] INFO [GroupCoordinator id=1] Finished loading of metadata from __consumer_offsets-2 with epoch 0 in 1ms where 1ms was spent in the scheduler. Loaded 0 records which total to 0 bytes. (org.apache.kafka.coordinator.common.runtime.CoordinatorRuntime)
[2026-10-03 21:58:43,963] INFO [GroupCoordinator id=1] Finished loading of metadata from __consumer_offsets-28 with epoch 0 in 4ms where 4ms was spent in the scheduler. Loaded 0 records which total to 0 bytes. (org.apache.kafka.coordinator.common.runtime.CoordinatorRuntime)
[2026-10-03 21:58:43,963] INFO [GroupCoordinator id=1] Finished loading of metadata from __consumer_offsets-31 with epoch 0 in 1ms where 0ms was spent in the scheduler. Loaded 0 records which total to 0 bytes. (org.apache.kafka.coordinator.common.runtime.CoordinatorRuntime)
[2026-10-03 21:58:43,963] INFO [GroupCoordinator id=1] Finished loading of metadata from __consumer_offsets-14 with epoch 0 in 1ms where 1ms was spent in the scheduler. Loaded 0 records which total to 0 bytes. (org.apache.kafka.coordinator.common.runtime.CoordinatorRuntime)
[2026-10-03 21:58:43,963] INFO [GroupCoordinator id=1] Finished loading of metadata from __consumer_offsets-37 with epoch 0 in 1ms where 1ms was spent in the scheduler. Loaded 0 records which total to 0 bytes. (org.apache.kafka.coordinator.common.runtime.CoordinatorRuntime)
[2026-10-03 21:58:43,963] INFO [GroupCoordinator id=1] Finished loading of metadata from __consumer_offsets-43 with epoch 0 in 1ms where 1ms was spent in the scheduler. Loaded 0 records which total to 0 bytes. (org.apache.kafka.coordinator.common.runtime.CoordinatorRuntime)
[2026-10-03 21:58:44,033] INFO [GroupCoordinator id=1 topic=__consumer_offsets partition=10] Dynamic member with unknown member id joins group console-consumer-49970 in Empty state. Created a new member id console-consumer-038b28bf-2ada-4261-93f7-37f05f31703c and requesting the member to rejoin with this id. (org.apache.kafka.coordinator.group.GroupMetadataManager)
[2026-10-03 21:58:44,035] INFO [GroupCoordinator id=1 topic=__consumer_offsets partition=10] Pending dynamic member with id console-consumer-038b28bf-2ada-4261-93f7-37f05f31703c joins group console-consumer-49970 in Empty state. Adding to the group now. (org.apache.kafka.coordinator.group.GroupMetadataManager)
[2026-10-03 21:58:44,036] INFO [GroupCoordinator id=1 topic=__consumer_offsets partition=10] Preparing to rebalance group console-consumer-49970 in state PreparingRebalance with old generation 0 (reason: Adding new member console-consumer-038b28bf-2ada-4261-93f7-37f05f31703c with group instance id null; client reason: need to re-join with the given member-id: console-consumer-038b28bf-2ada-4261-93f7-37f05f31703c). (org.apache.kafka.coordinator.group.GroupMetadataManager)
[2026-10-03 21:58:47,037] INFO [GroupCoordinator id=1 topic=__consumer_offsets partition=10] Stabilized group console-consumer-49970 generation 1 with 1 members. (org.apache.kafka.coordinator.group.GroupMetadataManager)
[2026-10-03 21:58:47,051] INFO [GroupCoordinator id=1 topic=__consumer_offsets partition=10] Assignment received from leader console-consumer-038b28bf-2ada-4261-93f7-37f05f31703c for group console-consumer-49970 for generation 1. The group has 1 members, 0 of which are static. (org.apache.kafka.coordinator.group.GroupMetadataManager)
[2026-10-03 21:58:47,141] INFO [GroupCoordinator id=1 topic=__consumer_offsets partition=10] [Group console-consumer-49970] Member console-consumer-038b28bf-2ada-4261-93f7-37f05f31703c has left group through explicit `LeaveGroup` request; client reason: the consumer is being closed (org.apache.kafka.coordinator.group.GroupMetadataManager)
[2026-10-03 21:58:47,142] INFO [GroupCoordinator id=1 topic=__consumer_offsets partition=10] Preparing to rebalance group console-consumer-49970 in state PreparingRebalance with old generation 1 (reason: explicit `LeaveGroup` request for (console-consumer-038b28bf-2ada-4261-93f7-37f05f31703c) members.). (org.apache.kafka.coordinator.group.GroupMetadataManager)
[2026-10-03 21:58:47,142] INFO [GroupCoordinator id=1 topic=__consumer_offsets partition=10] Group console-consumer-49970 with generation 2 is now empty. (org.apache.kafka.coordinator.group.GroupMetadataManager)
