205785
160872
156923
112859
110987
64859
64858
64857
64856
64856
64855
64855
64855
64854
64854
64854
64853
64853
64852
64852
64852
64852
64844
64844
64843
64843
64843
64843
64842
64842
64840
64840
64840
64839
64839
64839
64839
64839
64838
64838
64838
64836
64836
64834
64834
64834
64833
64833
64833
64833
64832
64832
64832
64831
64831
64831
64831
64830
64830
64830
64830
64829
64828
64827
64827
64827
64827
64827
64826
64826
64826
64826
64826
64825
64825
64825
64825
64824
64824
64824
64824
64823
64823
64823
64823
64823
64822
64821
64821
64820
64820
64820
64820
64819
64819
64819
64819
64819
64818
64818
64818
64818
64818
64817
64817
64817
64817
64816
64816
64816
64816
64816
64815
64815
64815
64814
64814
64814
64814
64813
64813
64813
64813
64813
64812
64812
64812
64811
64811
64811
64811
64810
64810
64810
64810
64809
64809
64809
64807
64807
64806
64806
64806
64806
64806
64805
64805
64805
64805
64805
64804
64804
64804
64804
64803
64803
64803
64803
64802
64802
64802
64802
64802
64801
64801
64801
64801
64801
64800
64800
64800
64800
64799
64799
64799
64799
64798
64798
64798
64798
64797
64797
64797
64797
64797
64796
64796
64796
64796
64796
64795
64795
64793
64791
64789
64787
64786
64784
64784
64784
64784
64784
64783
64783
64783
64783
64783
64782
64782
64782
64782
64781
64781
64781
64781
64779
64779
64773
64772
64772
64772
64772
64771
64771
64771
64771
64770
64770
64770
64770
64769
64769
64769
64769
64769
64768
64768
64768
64766
64766
64764
64764
64764
64764
64764
64763
64763
64763
64763
64762
64762
64762
64762
64762
64761
64760
64758
64757
64757
64757
64757
64756
64756
64756
64756
64756
64755
64755
64755
64755
64754
64754
64754
64754
64754
64753
64753
64753
64751
64751
64751
64751
64750
64750
64750
64750
64750
64749
64749
64749
64749
64748
64748
64748
64748
64748
64747
64747
64747
64746
64745
64745
64745
64745
64744
64744
64744
64744
64743
64743
64743
64743
64743
64742
64742
64742
64742
64742
64741
64741
64741
64739
64739
64739
64738
64738
64738
64737
64737
64737
64737
64737
64736
64736
64736
64736
64736
64735
64735
64735
64735
64734
64734
64734
64734
64734
64733
64733
64733
64733
64732
64732
64732
64732
64732
64731
64731
64731
64731
64731
64730
64730
64730
64730
64729
64729
64729
64729
64729
64728
64728
64728
64728
64728
64727
64727
64727
64727
64726
64726
64726
64726
64726
64725
64724
64722
64721
64719
64718
64709
64709
64708
64708
64708
64708
64707
64707
64707
64707
64707
64706
64705
64704
64703
64703
64702
64702
64702
64702
64701
64701
64701
64701
64700
64700
64700
64700
64700
64699
64699
64699
64699
64698
64698
64697
64696
64695
64695
64695
64694
64694
64694
64694
64694
64693
64693
64693
64693
64693
64692
64692
64691
64691
64690
64690
64690
64690
64689
64689
64689
64689
64689
64688
64688
64688
64688
64688
64687
64687
64687
64687
64686
64686
64686
64684
64684
64684
64684
64684
64683
64683
64683
64683
64682
64682
64682
64682
64682
64681
64681
64681
64681
64681
64680
64680
64679
64679
64677
64677
64677
64677
64676
64676
64676
64676
64675
64675
64675
64675
64674
64674
64674
64674
64674
64672
64672
64672
64671
64671
64671
64671
64671
64669
64669
64669
64668
64668
64668
64668
64667
64667
64667
64667
64667
64666
64666
64666
64666
64666
64665
64665
64665
64665
64664
64664
64664
64664
64664
64663
64663
64663
64663
64663
64662
64662
64662
64662
64661
64661
64661
64661
64661
64660
64660
64660
64660
64660
64659
64659
64659
64659
64658
64658
64658
64658
64658
64657
64657
64657
64657
64657
64656
64656
64656
64656
64655
64654
64652
64651
64649
64648
64644
64644
64644
64643
64643
64643
64641
64641
64638
64638
64637
64637
64637
64637
64636
64636
64636
64636
64635
64635
64635
64635
64635
64634
64634
64634
64634
64634
64633
64632
64632
64630
64630
64630
64629
64629
64629
64629
64629
64628
64628
64628
64628
64628
64627
64627
64626
64625
64625
64625
64625
64625
64624
64624
64624
64624
64623
64623
64623
64623
64623
64622
64622
64622
64622
64622
64621
64621
64621
64620
64619
64619
64619
64619
64618
64618
64618
64618
64618
64617
64617
64617
64617
64617
64616
64616
64616
64615
64615
64615
64614
64613
64612
64612
64612
64611
64611
64611
64611
64610
64610
64610
64610
64609
64609
64609
64608
64607
64607
64607
64607
64606
64606
64606
64606
64605
64605
64605
64605
64604
64604
64588
64587
64587
64587
64587
64586
64586
64586
64586
64586
64585
64585
64585
64585
64584
64584
64584
64584
64584
64583
64583
64583
64583
64583
64582
64582
64582
64582
64581
64581
64581
64581
64581
64580
64580
64580
64580
64580
64579
64579
64579
64579
64578
64578
64578
64578
64578
64577
64577
64577
64577
64577
64576
64576
64576
64576
64575
64575
64575
64575
64575
64574
64574
64574
64574
64573
64570
64568
64566
64565
64563
64561
64560
64559
64559
64559
64558
64558
64558
64558
64557
64557
64557
64557
64556
64556
64556
64556
64556
64555
64555
64555
64555
64554
64553
64553
64552
64551
64551
64551
64551
64550
64550
64550
64550
64550
64549
64549
64549
64549
64548
64547
64547
64547
64546
64546
64546
64546
64546
64545
64545
64545
64545
64545
64544
64544
64544
64544
64543
64543
64543
64543
64543
64542
64541
64541
64540
64540
64540
64540
64540
64539
64539
64539
64539
64539
64538
64538
64538
64538
64537
64537
64537
64537
64537
64535
64535
64534
64533
64533
64533
64533
64532
64532
64532
64532
64532
64531
64530
64530
64530
64529
64529
64529
64529
64528
64528
64528
64528
64528
64527
64527
64527
64527
64526
64526
64526
64526
64526
64525
64525
64525
64525
64525
64524
64524
64524
64524
64523
64523
64523
64523
64523
64522
64522
64522
64522
64521
64521
64521
64521
64521
64520
64520
64520
64520
64520
64519
64519
64519
64519
64518
64518
64518
64518
64518
64517
64517
64517
64517
64517
64516
64516
64516
64516
64515
64515
64515
64515
64515
64514
64514
64514
64514
64514
64513
64513
64513
64513
64512
64512
64512
64512
64512
64511
64511
64511
64511
64507
64505
64503
64502
64500
64499
64498
64498
64498
64498
64498
64497
64497
64497
64497
64497
64496
64496
64496
64496
64495
64495
64493
64492
64491
64491
64490
64490
64490
64490
64490
64489
64489
64489
64489
64489
64488
64488
64488
64486
64486
64486
64486
64486
64485
64485
64485
64485
64484
64484
64484
64484
64484
64483
64483
64483
64483
64482
64482
64482
64482
64482
64480
64480
64478
64478
64478
64478
64478
64477
64477
64477
64477
64476
64476
64476
64476
64476
64475
64475
64475
64475
64474
64473
64473
64472
64471
64471
64471
64471
64470
64470
64470
64468
64468
64468
64467
64467
64467
64467
64467
64466
64466
64466
64466
64466
64464
64464
64464
64463
64463
64463
64463
64463
64462
64462
64462
64462
64462
64461
64461
64461
64461
64460
64460
64460
64460
64460
64459
64459
64459
64459
64459
64458
64458
64458
64458
64457
64457
64457
64457
64457
64456
64456
64456
64456
64455
64455
64455
64455
64455
64454
64454
64454
64454
64454
64453
64453
64453
64453
64452
64452
64452
64452
64452
64451
64451
64451
64451
64450
64450
64450
64450
64450
64449
64449
64449
64449
64449
64448
64448
64448
64448
64447
64447
64447
64447
64447
64446
64446
64446
64446
64444
64443
64441
64440
64438
64437
64437
64436
64436
64436
64436
64436
64435
64435
64435
64435
64433
64433
64432
64431
64431
64431
64431
64431
64430
64430
64430
64430
64430
64429
64429
64429
64429
64427
64427
64426
64426
64426
64426
64426
64425
64425
64425
64425
64424
64424
64424
64424
64424
64423
64423
64423
64423
64423
64422
64422
64421
64420
64420
64420
64420
64419
64419
64419
64419
64419
64418
64418
64418
64418
64418
64417
64417
64417
64417
64416
64416
64415
64414
64413
64413
64413
64412
64412
64410
64410
64410
64410
64409
64409
64409
64409
64409
64408
64408
64408
64408
64407
64407
64407
64406
64405
64404
64404
64403
64403
64403
64403
64403
64402
64402
64402
64402
64402
64401
64401
64401
64401
64400
64400
64400
64400
64400
64399
64399
64399
64399
64399
64397
64397
64397
64396
64396
64396
64396
64395
64395
64395
64395
64394
64394
64394
64393
64393
64393
64393
64393
64392
64392
64392
64392
64392
64391
64391
64391
64391
64390
64390
64390
64390
64390
64389
64389
64389
64389
64389
64388
64388
64388
64388
64387
64387
64387
64387
64387
64386
64386
64386
64386
64386
64385
64385
64385
64385
64384
64384
64384
64384
64384
64383
64383
64383
64381
64379
64378
64376
64374
64373
64372
64372
64372
64372
64369
64369
64367
64367
64367
64367
64366
64366
64366
64366
64366
64365
64365
64365
64365
64365
64364
64363
64363
64362
64362
64362
64362
64361
64361
64361
64361
64360
64360
64360
64360
64360
64359
64359
64359
64359
64358
64358
64358
64358
64356
64356
64356
64355
64355
64355
64355
64355
64354
64354
64354
64354
64354
64353
64353
64353
64353
64352
64352
64352
64352
64350
64350
64349
64348
64347
64347
64347
64346
64346
64346
64346
64345
64345
64345
64345
64345
64344
64344
64344
64344
64344
64343
64343
64342
64341
64340
64340
64340
64339
64339
64339
64339
64338
64338
64338
64338
64338
64337
64337
64337
64337
64337
64336
64336
64336
64336
64335
64335
64335
64335
64334
64334
64334
64334
64333
64333
64333
64333
64333
64332
64332
64332
64332
64332
64331
64331
64331
64331
64330
64330
64330
64330
64330
64329
64329
64329
64329
64329
64328
64328
64328
64328
64327
64327
64327
64327
64327
64326
64326
64326
64326
64326
64325
64325
64325
64325
64324
64324
64324
64324
64324
64323
64323
64323
64323
64323
64322
64322
64322
64322
64321
64321
64321
64321
64321
64320
64320
64320
64320
64319
64319
64316
64315
64314
64312
64310
64308
64307
64307
64306
64306
64306
64305
64305
64305
64304
64304
64304
64304
64304
64303
64303
64302
64302
64301
64301
64301
64301
64300
64300
64300
64300
64300
64299
64299
64299
64299
64299
64298
64298
64298
64298
64297
64297
64297
64295
64295
64295
64295
64295
64294
64294
64294
64294
64293
64293
64293
64293
64293
64292
64292
64292
64292
64291
64291
64291
64290
64288
64287
64287
64286
64286
64286
64286
64285
64285
64285
64285
64284
64284
64284
64284
64284
64283
64283
64283
64283
64283
64282
64281
64281
64279
64279
64279
64279
64278
64278
64278
64278
64277
64277
64277
64277
64276
64276
64276
64276
64275
64275
64275
64275
64275
64274
64274
64274
64274
64274
64273
64273
64273
64273
64272
64272
64272
64272
64272
64271
64271
64271
64271
64270
64270
64270
64270
64270
64269
64269
64269
64269
64268
64268
64268
64268
64268
64267
64267
64267
64267
64267
64266
64266
64266
64266
64265
64265
64265
64265
64265
64264
64264
64264
64264
64264
64263
64263
64263
64263
64262
64262
64262
64262
64262
64261
64261
64261
64261
64260
64260
64260
64260
64260
64259
64259
64259
64259
64259
64258
64258
64258
64258
64257
64257
64257
64255
64253
64252
64250
64248
64246
64245
64245
64245
64245
64244
64244
64244
64244
64244
64242
64242
64242
64241
64241
64241
64241
64241
64240
64240
64240
64240
64240
64239
64239
64239
64239
64238
64238
64238
64238
64238
64237
64236
64236
64236
64235
64235
64235
64235
64235
64234
64234
64233
64233
64233
64233
64233
64232
64232
64232
64232
64230
64230
64229
64228
64227
64227
64227
64225
64225
64225
64224
64224
64224
64224
64223
64223
64223
64223
64222
64222
64222
64222
64221
64221
64221
64219
64219
64218
64217
64217
64217
64217
64216
64216
64216
64216
64216
64215
64215
64215
64215
64215
64214
64214
64214
64214
64213
64213
64212
64211
64211
64211
64211
64210
64210
64210
64210
64210
64209
64209
64209
64209
64208
64208
64208
64208
64208
64207
64207
64207
64207
64207
64206
64206
64206
64206
64205
64205
64205
64205
64205
64204
64204
64204
64204
64204
64203
64203
64203
64203
64202
64202
64202
64202
64202
64201
64201
64201
64201
64201
64200
64200
64200
64200
64199
64199
64199
64199
64199
64198
64198
64198
64198
64197
64197
64197
64197
64197
64196
64196
64196
64196
64196
64195
64195
64195
64195
64194
64193
64193
64193
64192
64192
64192
64191
64190
64188
64187
64186
64184
64183
64182
64182
64182
64180
64180
64180
64180
64179
64179
64179
64179
64179
64178
64178
64178
64178
64177
64177
64177
64177
64177
64176
64176
64176
64176
64176
64174
64174
64173
64173
64173
64173
64173
64172
64172
64172
64172
64172
64171
64171
64171
64171
64169
64169
64169
64169
64168
64167
64166
64165
64165
64164
64164
64164
64164
64164
64163
64163
64163
64163
64162
64162
64162
64162
64162
64161
64161
64161
64161
64160
64159
64159
64157
64157
64157
64157
64157
64156
64156
64156
64155
64155
64155
64155
64155
64154
64154
64154
64154
64153
64153
64153
64153
64151
64151
64151
64150
64150
64150
64150
64150
64149
64149
64149
64149
64149
64148
64148
64148
64148
64147
64147
64147
64147
64146
64146
64146
64146
64146
64145
64145
64145
64143
64143
64143
64143
64142
64142
64142
64142
64142
64141
64141
64141
64141
64140
64140
64140
64140
64139
64139
64139
64139
64139
64138
64138
64138
64138
64138
64137
64137
64137
64137
64136
64136
64136
64136
64136
64135
64135
64135
64135
64135
64134
64134
64134
64134
64133
64133
64133
64131
64131
64131
64131
64131
64130
64130
64130
64130
64129
64129
64129
64129
64129
64128
64128
64127
64125
64124
64120
64119
64116
64116
64116
64116
64115
64115
64115
64115
64114
64114
64114
64114
64114
64113
64113
64113
64113
64113
64112
64112
64112
64111
64110
64110
64110
64110
64109
64109
64109
64109
64108
64108
64108
64108
64106
64106
64106
64106
64106
64105
64105
64105
64104
64103
64102
64102
64101
64101
64101
64101
64101
64100
64100
64100
64100
64100
64099
64099
64099
64099
64098
64098
64098
64098
64098
64096
64096
64094
64094
64094
64094
64094
64093
64093
64093
64093
64093
64092
64092
64092
64092
64091
64091
64091
64091
64090
64090
64090
64089
64088
64088
64088
64088
64087
64087
64087
64087
64087
64086
64086
64086
64086
64086
64085
64085
64085
64085
64084
64084
64084
64084
64084
64083
64083
64083
64083
64083
64082
64082
64082
64082
64081
64081
64081
64081
64081
64080
64080
64080
64080
64080
64079
64079
64079
64079
64078
64078
64078
64078
64078
64077
64077
64077
64077
64077
64076
64076
64076
64076
64075
64075
64075
64075
64075
64074
64074
64074
64074
64073
64073
64073
64073
64071
64071
64071
64071
64071
64070
64070
64070
64069
64069
64069
64069
64069
64068
64068
64068
64068
64067
64067
64067
64067
64067
64066
64066
64066
64063
64062
64060
64058
64057
64055
64055
64055
64055
64054
64054
64054
64054
64053
64053
64053
64053
64053
64052
64052
64050
64050
64050
64050
64050
64049
64049
64049
64049
64048
64046
64046
64046
64046
64046
64045
64045
64045
64045
64044
64044
64042
64042
64040
64040
64040
64040
64039
64039
64039
64039
64039
64038
64038
64038
64038
64037
64037
64037
64037
64037
64036
64036
64036
64035
64034
64033
64033
64032
64032
64032
64031
64031
64031
64031
64031
64030
64030
64030
64030
64029
64029
64029
64029
64029
64028
64028
64026
64026
64026
64026
64026
64025
64025
64025
64025
64024
64024
64024
64024
64024
64023
64023
64023
64023
64022
64022
64022
64022
64022
64021
64021
64021
64021
64021
64020
64020
64020
64020
64020
64019
64019
64019
64019
64018
64018
64018
64018
64018
64017
64017
64017
64017
64016
64016
64016
64016
64016
64015
64015
64015
64015
64015
64014
64014
64014
64014
64013
64013
64013
64013
64013
64012
64012
64012
64012
64011
64011
64010
64009
64009
64009
64009
64009
64008
64008
64008
64008
64007
64007
64007
64007
64007
64006
64006
64006
64006
64005
64005
64005
64005
64005
64004
64004
64004
64004
64004
64003
64003
64003
64003
64002
64001
64000
63998
63997
63995
63993
63993
63993
63993
63992
63992
63992
63992
63991
63990
63990
63990
63989
63989
63989
63989
63987
63987
63987
63987
63986
63986
63986
63986
63986
63985
63985
63985
63985
63985
63983
63983
63981
63981
63981
63981
63981
63980
63980
63980
63980
63979
63979
63979
63979
63979
63978
63978
63978
63978
63978
63977
63977
63975
63975
63974
63973
63973
63973
63971
63971
63971
63971
63971
63970
63970
63970
63970
63969
63969
63969
63968
63968
63968
63968
63968
63966
63966
63966
63965
63965
63965
63965
63964
63964
63964
63964
63964
63963
63963
63963
63963
63963
63961
63961
63960
63960
63960
63960
63959
63959
63959
63958
63958
63958
63958
63958
63957
63957
63957
63957
63957
63956
63956
63956
63956
63955
63955
63955
63955
63955
63954
63954
63954
63954
63954
63953
63953
63953
63953
63953
63952
63952
63952
63952
63951
63951
63951
63951
63951
63950
63950
63950
63950
63948
63948
63948
63947
63947
63947
63947
63947
63946
63946
63946
63946
63945
63945
63945
63945
63945
63944
63944
63944
63944
63943
63943
63943
63943
63943
63942
63942
63942
63942
63942
63941
63941
63941
63941
63941
63940
63940
63940
63940
63939
63939
63939
63937
63935
63934
63933
63931
63930
63929
63929
63928
63927
63927
63927
63926
63925
63925
63925
63925
63925
63924
63924
63924
63924
63923
63923
63923
63923
63923
63922
63922
63921
63921
63919
63919
63919
63918
63918
63918
63918
63917
63917
63917
63917
63917
63916
63916
63916
63916
63915
63915
63915
63915
63915
63913
63913
63911
63911
63911
63910
63910
63910
63910
63910
63909
63909
63909
63909
63908
63908
63908
63908
63908
63907
63907
63907
63907
63905
63905
63905
63905
63904
63904
63904
63904
63903
63903
63903
63903
63903
63902
63902
63902
63902
63900
63900
63900
63900
63899
63899
63899
63899
63899
63898
63898
63898
63898
63898
63897
63897
63897
63897
63896
63896
63896
63896
63896
63895
63895
63895
63895
63894
63894
63894
63894
63894
63893
63893
63893
63893
63891
63891
63891
63891
63890
63890
63890
63890
63890
63889
63889
63889
63887
63887
63887
63887
63887
63886
63886
63886
63886
63885
63885
63885
63885
63885
63884
63884
63884
63884
63884
63883
63883
63883
63883
63882
63882
63882
63882
63882
63881
63881
63881
63881
63881
63880
63880
63880
63880
63879
63879
63879
63879
63879
63878
63878
63878
63878
63878
63877
63877
63877
63877
63876
63875
63873
63870
63869
63867
63865
63865
63865
63865
63865
63864
63864
63864
63864
63864
63863
63863
63863
63863
63862
63862
63862
63862
63860
63860
63859
63859
63858
63858
63858
63858
63857
63857
63857
63856
63856
63856
63856
63856
63855
63855
63855
63855
63854
63854
63854
63853
63852
63851
63851
63851
63850
63850
63850
63850
63850
63849
63849
63849
63849
63848
63848
63848
63848
63848
63847
63847
63847
63847
63845
63845
63845
63845
63844
63844
63844
63844
63844
63843
63843
63843
63843
63843
63842
63842
63842
63840
63840
63840
63840
63839
63839
63839
63839
63838
63838
63838
63838
63838
63837
63837
63837
63837
63836
63836
63836
63836
63834
63834
63834
63834
63834
63833
63833
63833
63833
63832
63832
63832
63832
63832
63831
63831
63831
63831
63830
63830
63830
63830
63830
63829
63828
63828
63827
63827
63827
63827
63827
63826
63826
63826
63826
63826
63825
63825
63825
63825
63824
63824
63824
63824
63824
63823
63823
63823
63823
63823
63822
63822
63822
63822
63821
63821
63821
63821
63821
63820
63820
63820
63820
63819
63819
63819
63819
63819
63818
63818
63818
63817
63817
63817
63817
63817
63816
63816
63816
63816
63816
63815
63815
63815
63815
63812
63810
63809
63807
63806
63804
63804
63804
63803
63803
63803
63803
63803
63802
63802
63802
63802
63800
63800
63799
63798
63798
63798
63798
63798
63797
63797
63797
63797
63796
63796
63796
63796
63796
63795
63795
63795
63795
63795
63794
63793
63793
63791
63791
63791
63790
63790
63790
63790
63790
63789
63789
63789
63789
63788
63788
63788
63788
63788
63787
63787
63787
63787
63785
63785
63785
63784
63784
63784
63784
63783
63783
63783
63783
63782
63782
63782
63782
63782
63781
63780
63780
63779
63779
63779
63779
63779
63778
63778
63778
63778
63778
63777
63777
63777
63777
63776
63776
63776
63776
63776
63774
63774
63773
63772
63772
63772
63772
63771
63771
63771
63771
63771
63770
63770
63770
63770
63770
63769
63769
63769
63769
63767
63767
63767
63766
63766
63766
63765
63765
63765
63765
63764
63764
63764
63764
63764
63763
63763
63763
63763
63763
63762
63762
63762
63762
63761
63761
63761
63761
63761
63760
63760
63760
63760
63760
63759
63759
63759
63759
63758
63758
63758
63758
63758
63757
63757
63757
63757
63757
63756
63756
63756
63756
63755
63755
63755
63755
63755
63754
63754
63754
63754
63753
63753
63753
63753
63753
63752
63752
63752
63752
63750
63749
63747
63744
63743
63741
63741
63741
63740
63740
63740
63738
63738
63736
63736
63736
63736
63735
63735
63735
63735
63734
63734
63734
63734
63734
63733
63733
63733
63733
63732
63732
63732
63732
63730
63730
63729
63729
63728
63728
63728
63728
63728
63727
63727
63727
63727
63726
63726
63726
63726
63726
63725
63725
63725
63725
63725
63723
63723
63723
63723
63722
63722
63722
63720
63720
63720
63719
63719
63719
63719
63719
63718
63718
63717
63716
63716
63716
63716
63715
63715
63715
63715
63715
63714
63714
63714
63714
63714
63713
63713
63713
63713
63712
63712
63710
63710
63709
63709
63708
63708
63708
63708
63707
63707
63707
63706
63706
63706
63706
63706
63705
63705
63704
63704
63703
63703
63703
63703
63702
63702
63702
63702
63702
63701
63701
63701
63701
63700
63700
63700
63700
63700
63699
63699
63699
63699
63699
63698
63698
63698
63698
63697
63697
63697
63697
63697
63696
63696
63696
63696
63696
63695
63695
63695
63695
63694
63694
63694
63694
63694
63693
63693
63693
63693
63692
63692
63692
63692
63692
63691
63691
63691
63691
63691
63690
63690
63690
63690
63690
63689
63689
63689
63689
63688
63688
63688
63688
63688
63687
63687
63687
63685
63684
63683
63681
63679
63677
63676
63675
63675
63674
63674
63674
63674
63673
63673
63673
63673
63673
63672
63672
63672
63672
63672
63671
63671
63671
63671
63670
63669
63669
63667
63667
63667
63667
63666
63666
63666
63666
63665
63665
63665
63665
63665
63664
63664
63664
63664
63663
63663
63663
63663
63661
63661
63661
63661
63661
63660
63660
63660
63660
63659
63659
63659
63659
63659
63658
63658
63658
63657
63656
63656
63656
63656
63655
63655
63655
63655
63655
63654
63654
63654
63654
63654
63653
63653
63653
63653
63652
63652
63651
63651
63649
63649
63649
63648
63648
63647
63647
63647
63647
63646
63646
63646
63646
63644
63644
63644
63644
63643
63643
63643
63643
63642
63642
63642
63642
63642
63641
63641
63641
63641
63640
63640
63640
63640
63640
63639
63639
63638
63637
63637
63637
63637
63637
63636
63636
63636
63636
63635
63635
63635
63635
63635
63634
63634
63634
63634
63634
63633
63633
63633
63633
63632
63632
63632
63632
63632
63631
63631
63631
63631
63631
63630
63630
63630
63630
63629
63629
63629
63629
63629
63628
63628
63628
63628
63628
63627
63627
63627
63627
63626
63626
63626
63626
63626
63625
63625
63625
63625
63625
63624
63624
63623
63619
63618
63616
63615
63613
63613
63613
63612
63612
63612
63612
63611
63611
63611
63611
63611
63610
63610
63610
63610
63609
63608
63608
63606
63606
63606
63606
63606
63605
63605
63605
63605
63604
63604
63604
63589
63589
63589
63589
63588
63588
63588
63588
63587
63586
63585
63585
63585
63585
63585
63584
63584
63584
63584
63583
63583
63583
63583
63582
63582
63582
63581
63580
63580
63580
63580
63579
63579
63579
63579
63579
63578
63578
63578
63578
63577
63577
63577
63577
63577
63576
63576
63575
63575
63573
63573
63573
63572
63572
63572
63571
63571
63571
63571
63569
63569
63569
63569
63568
63568
63568
63568
63568
63567
63567
63566
63566
63565
63565
63565
63565
63565
63564
63564
63564
63564
63563
63563
63563
63563
63563
63562
63562
63562
63562
63562
63561
63561
63561
63561
63560
63560
63560
63560
63560
63559
63559
63559
63559
63559
63558
63558
63558
63558
63557
63557
63557
63557
63557
63556
63556
63556
63556
63556
63555
63555
63555
63555
63554
63554
63554
63554
63554
63553
63553
63542
63542
63542
63542
63541
63541
63541
63541
63541
63540
63540
63540
63540
63539
63539
63539
63539
63539
63538
63538
63538
63538
63537
63537
63537
63537
63534
63532
63531
63530
63527
63526
63526
63526
63525
63525
63525
63524
63524
63524
63523
63523
63522
63522
63520
63520
63520
63519
63519
63519
63519
63519
63518
63518
63518
63518
63517
63517
63517
63517
63517
63516
63516
63516
63516
63514
63514
63514
63514
63513
63513
63513
63513
63512
63512
63512
63512
63512
63511
63511
63511
63511
63509
63509
63509
63508
63508
63508
63508
63508
63507
63507
63507
63507
63507
63506
63506
63506
63506
63505
63505
63505
63505
63503
63503
63502
63501
63501
63501
63501
63501
63500
63499
63499
63498
63498
63498
63498
63498
63497
63497
63497
63497
63496
63496
63496
63495
63494
63493
63493
63492
63492
63492
63492
63491
63491
63491
63491
63491
63490
63490
63490
63490
63489
63489
63489
63489
63489
63488
63488
63488
63488
63488
63487
63487
63487
63487
63487
63486
63486
63486
63486
63485
63485
63485
63485
63485
63484
63484
63484
63484
63484
63483
63483
63483
63483
63482
63482
63482
63482
63482
63481
63481
63481
63481
63480
63480
63480
63480
63480
63479
63479
63479
63479
63479
63478
63478
63478
63478
63478
63477
63477
63477
63477
63476
63476
63476
63476
63476
63475
63475
63475
63475
63474
63474
63474
63474
63474
63472
63471
63468
63467
63465
63464
63464
63463
63463
63463
63462
63461
63460
63460
63460
63459
63459
63459
63459
63458
63458
63458
63458
63458
63457
63457
63457
63457
63457
63456
63456
63456
63456
63454
63454
63454
63454
63454
63453
63453
63453
63453
63452
63452
63452
63452
63452
63451
63451
63451
63450
63449
63449
63449
63449
63448
63448
63448
63448
63448
63447
63447
63447
63447
63445
63445
63445
63445
63444
63444
63444
63443
63442
63441
63440
63440
63440
63438
63438
63438
63437
63437
63437
63437
63437
63436
63436
63436
63436
63436
63435
63435
63435
63435
63433
63433
63432
63431
63431
63431
63431
63430
63430
63430
63430
63429
63429
63429
63429
63428
63428
63428
63428
63428
63427
63427
63427
63427
63426
63426
63426
63426
63426
63425
63425
63425
63425
63425
63424
63424
63424
63424
63423
63423
63423
63423
63423
63422
63422
63422
63422
63421
63421
63421
63421
63421
63420
63420
63420
63420
63419
63419
63419
63419
63419
63418
63418
63418
63418
63418
63417
63417
63417
63417
63416
63416
63416
63416
63416
63415
63415
63415
63415
63415
63414
63414
63414
63414
63413
63413
63413
63413
63413
63412
63412
63412
63412
63412
63411
63411
63411
63411
63409
63408
63406
63405
63403
63401
63400
63400
63399
63399
63399
63399
63398
63398
63398
63398
63397
63397
63397
63397
63397
63396
63396
63396
63396
63396
63395
63394
63394
63394
63393
63393
63393
63393
63392
63392
63392
63392
63391
63391
63391
63391
63391
63390
63389
63389
63389
63388
63388
63388
63388
63388
63387
63387
63387
63387
63386
63386
63386
63386
63386
63385
63385
63385
63385
63383
63383
63382
63380
63379
63379
63379
63379
63378
63378
63378
63378
63378
63377
63377
63377
63377
63376
63376
63376
63376
63376
63375
63374
63374
63372
63372
63372
63371
63371
63371
63371
63370
63370
63370
63370
63370
63369
63369
63369
63369
63368
63368
63368
63368
63368
63367
63367
63367
63367
63367
63366
63366
63366
63366
63365
63365
63365
63365
63365
63364
63364
63364
63362
63362
63362
63362
63361
63361
63361
63361
63361
63360
63360
63360
63360
63360
63359
63359
63359
63359
63358
63358
63358
63358
63358
63357
63357
63357
63357
63356
63356
63356
63356
63356
63355
63355
63355
63355
63355
63354
63354
63354
63354
63353
63353
63353
63353
63353
63352
63352
63352
63352
63351
63351
63351
63351
63351
63350
63350
63350
63350
63350
63349
63349
63349
63349
63345
63344
63342
63341
63339
63338
63338
63337
63337
63337
63337
63337
63336
63336
63336
63336
63335
63335
63335
63335
63335
63333
63333
63333
63332
63332
63332
63332
63332
63331
63331
63331
63331
63331
63330
63330
63330
63330
63328
63328
63328
63328
63327
63327
63327
63327
63327
63326
63326
63326
63326
63325
63325
63325
63325
63325
63324
63324
63324
63321
63321
63320
63320
63319
63319
63319
63319
63318
63318
63318
63318
63318
63317
63317
63317
63317
63317
63316
63316
63316
63316
63315
63314
63314
63312
63312
63312
63312
63311
63311
63310
63310
63310
63310
63310
63309
63309
63309
63309
63309
63308
63308
63308
63308
63307
63306
63306
63305
63305
63305
63305
63305
63304
63304
63304
63304
63303
63303
63303
63303
63303
63302
63302
63302
63302
63302
63301
63301
63301
63301
63300
63300
63300
63300
63300
63299
63299
63299
63299
63299
63298
63298
63298
63298
63297
63297
63297
63297
63297
63296
63296
63296
63296
63296
63295
63295
63295
63295
63294
63294
63294
63294
63294
63293
63293
63293
63293
63292
63292
63292
63292
63292
63291
63291
63291
63291
63291
63290
63290
63290
63290
63289
63289
63289
63289
63289
63288
63287
63287
63286
63286
63286
63283
63282
63281
63279
63278
63276
63276
63276
63276
63275
63275
63275
63275
63274
63274
63273
63272
63272
63272
63272
63271
63271
63271
63271
63270
63270
63270
63270
63270
63269
63269
63269
63268
63267
63267
63267
63267
63266
63266
63266
63266
63266
63265
63265
63265
63265
63264
63264
63264
63264
63262
63262
63262
63261
63260
63259
63259
63259
63258
63258
63258
63258
63257
63257
63257
63257
63257
63256
63256
63256
63256
63255
63255
63255
63255
63255
63253
63253
63251
63251
63251
63251
63251
63250
63250
63250
63250
63249
63249
63249
63249
63249
63248
63248
63248
63248
63248
63247
63247
63245
63245
63245
63245
63245
63244
63244
63244
63244
63243
63243
63243
63243
63243
63242
63242
63242
63242
63242
63241
63241
63241
63241
63240
63240
63240
63240
63239
63239
63239
63239
63239
63238
63238
63238
63238
63237
63237
63237
63237
63237
63236
63236
63236
63236
63236
63235
63235
63235
63235
63235
63234
63234
63234
63234
63233
63233
63233
63233
63233
63232
63232
63232
63232
63231
63231
63231
63231
63231
63230
63230
63230
63230
63230
63229
63229
63229
63229
63228
63227
63227
63226
63226
63226
63225
63225
63225
63224
63224
63224
63224
63224
63223
63220
63219
63217
63216
63215
63213
63213
63213
63212
63211
63211
63211
63211
63210
63210
63210
63209
63209
63209
63209
63208
63208
63208
63208
63208
63207
63206
63206
63205
63205
63205
63205
63205
63204
63204
63204
63204
63204
63203
63203
63203
63201
63201
63201
63201
63200
63200
63199
63198
63197
63197
63197
63196
63196
63196
63196
63196
63195
63195
63195
63195
63195
63194
63194
63193
63192
63192
63192
63192
63192
63190
63190
63188
63188
63188
63188
63187
63187
63187
63187
63187
63186
63186
63186
63186
63186
63185
63185
63185
63185
63184
63184
63184
63182
63182
63182
63182
63182
63181
63181
63181
63181
63180
63180
63180
63180
63180
63179
63179
63179
63179
63179
63178
63178
63178
63178
63177
63177
63177
63177
63177
63176
63176
63176
63176
63176
63175
63175
63175
63175
63174
63174
63174
63174
63174
63173
63173
63173
63173
63173
63172
63172
63172
63172
63171
63171
63171
63171
63171
63170
63170
63170
63170
63170
63169
63169
63169
63169
63168
63168
63168
63168
63168
63167
63167
63167
63167
63167
63166
63165
63165
63164
63164
63164
63164
63164
63163
63163
63163
63163
63162
63162
63162
63162
63162
63161
63161
63161
63161
63161
63160
63160
63159
63157
63156
63153
63152
63151
63150
63150
63150
63150
63150
63149
63149
63149
63149
63148
63148
63148
63148
63148
63146
63146
63146
63145
63145
63145
63145
63144
63144
63144
63144
63143
63142
63142
63142
63141
63141
63141
63141
63140
63140
63139
63139
63137
63137
63137
63137
63137
63136
63136
63136
63136
63135
63135
63135
63135
63135
63134
63134
63134
63134
63134
63133
63133
63132
63132
63130
63130
63130
63129
63129
63129
63129
63129
63128
63128
63128
63128
63128
63127
63127
63127
63127
63126
63126
63126
63126
63124
63124
63124
63123
63123
63123
63123
63123
63122
63122
63122
63122
63121
63121
63121
63121
63121
63120
63120
63120
63120
63120
63119
63119
63119
63119
63118
63118
63118
63118
63118
63117
63117
63117
63117
63117
63116
63116
63116
63116
63115
63114
63114
63113
63113
63113
63113
63113
63112
63112
63112
63112
63111
63111
63111
63111
63111
63110
63110
63110
63110
63110
63109
63109
63109
63109
63108
63108
63108
63108
63108
63107
63107
63104
63104
63104
63104
63104
63103
63103
63103
63103
63102
63102
63102
63102
63102
63101
63101
63101
63101
63100
63100
63100
63100
63100
63099
63099
63099
63099
63099
63098
63098
63098
63098
63096
63095
63093
63092
63090
63088
63088
63088
63088
63087
63087
63087
63087
63087
63085
63085
63085
63085
63084
63084
63084
63084
63083
63082
63082
63082
63081
63081
63081
63081
63081
63080
63080
63080
63080
63078
63078
63076
63076
63076
63076
63076
63075
63075
63075
63075
63074
63074
63074
63074
63074
63073
63073
63073
63073
63072
63072
63072
63070
63070
63069
63068
63068
63068
63068
63067
63067
63067
63067
63067
63066
63066
63066
63066
63065
63065
63065
63065
63065
63064
63064
63063
63063
63062
63062
63062
63062
63061
63061
63061
63061
63061
63060
63060
63060
63060
63059
63059
63059
63059
63059
63058
63058
63058
63057
63056
63056
63056
63056
63055
63055
63055
63055
63055
63054
63054
63054
63054
63053
63053
63053
63053
63053
63052
63052
63052
63052
63051
63051
63051
63051
63051
63050
63050
63050
63050
63050
63049
63049
63049
63049
63048
63048
63048
63048
63048
63047
63047
63047
63047
63046
63045
63045
63045
63044
63044
63044
63044
63043
63043
63043
63043
63043
63042
63042
63042
63042
63042
63041
63041
63041
63040
63040
63040
63040
63039
63039
63039
63039
63039
63038
63038
63038
63038
63037
63037
63037
63037
63036
63036
63036
63036
63033
63032
63030
63029
63028
63026
63026
63026
63024
63024
63023
63023
63023
63022
63021
63021
63021
63020
63020
63020
63019
63019
63019
63019
63018
63018
63018
63018
63018
63016
63016
63015
63014
63014
63014
63014
63013
63013
63013
63013
63013
63012
63012
63012
63012
63012
63011
63011
63011
63011
63010
63010
63009
63009
63007
63007
63007
63007
63006
63006
63006
63006
63005
63005
63005
63005
63005
63004
63004
63004
63004
63003
63003
63003
63003
63001
63001
63001
63001
63001
63000
63000
63000
63000
62999
62999
62999
62999
62999
62998
62998
62998
62998
62997
62997
62997
62997
62997
62995
62995
62995
62994
62994
62994
62994
62994
62993
62993
62993
62993
62993
62992
62992
62992
62992
62991
62991
62991
62991
62991
62990
62990
62990
62990
62989
62989
62989
62989
62989
62988
62988
62988
62988
62988
62987
62987
62987
62987
62986
62986
62986
62986
62983
62983
62983
62983
62982
62982
62982
62982
62982
62981
62981
62981
62981
62981
62980
62980
62980
62980
62979
62979
62979
62979
62978
62978
62978
62978
62978
62977
62977
62977
62977
62977
62976
62976
62976
62976
62975
62975
62975
62975
62975
62974
62974
62974
62974
62974
62973
62973
62973
62973
62971
62970
62967
62966
62964
62961
62961
62961
62961
62961
62960
62960
62960
62960
62959
62959
62959
62959
62959
62958
62958
62958
62958
62956
62956
62955
62954
62954
62954
62954
62954
62953
62953
62953
62953
62952
62952
62952
62952
62952
62951
62951
62951
62951
62951
62950
62949
62948
62947
62947
62946
62946
62946
62946
62945
62945
62945
62945
62945
62944
62944
62944
62944
62944
62942
62942
62942
62941
62941
62940
62940
62939
62939
62939
62939
62939
62938
62938
62938
62938
62937
62937
62937
62937
62937
62936
62936
62936
62936
62936
62935
62935
62933
62933
62933
62932
62932
62932
62932
62932
62931
62931
62931
62931
62930
62930
62930
62930
62930
62929
62929
62929
62929
62929
62928
62928
62928
62928
62927
62927
62927
62927
62927
62926
62926
62926
62926
62925
62925
62925
62925
62925
62924
62923
62922
62922
62922
62922
62922
62921
62921
62921
62921
62920
62920
62920
62920
62920
62919
62919
62919
62919
62918
62918
62918
62918
62918
62917
62917
62917
62917
62917
62916
62916
62916
62916
62916
62915
62915
62915
62915
62914
62914
62914
62914
62913
62913
62913
62913
62913
62912
62912
62912
62912
62912
62911
62911
62911
62911
62910
62910
62910
62908
62907
62905
62903
62902
62900
62900
62900
62900
62899
62899
62899
62899
62898
62898
62898
62898
62896
62896
62895
62895
62894
62894
62894
62894
62893
62893
62893
62893
62892
62892
62892
62892
62892
62891
62891
62891
62891
62890
62890
62889
62889
62887
62887
62887
62887
62886
62886
62886
62886
62885
62885
62885
62885
62885
62884
62884
62884
62884
62883
62883
62883
62883
62881
62881
62881
62881
62880
62880
62880
62880
62880
62879
62879
62879
62879
62878
62878
62878
62878
62878
62877
62877
62877
62877
62876
62875
62875
62874
62874
62874
62874
62873
62873
62873
62873
62873
62872
62872
62872
62872
62870
62870
62870
62870
62869
62869
62869
62869
62868
62868
62868
62868
62867
62867
62867
62867
62867
62866
62866
62866
62866
62865
62865
62863
62863
62862
62862
62861
62860
62860
62860
62860
62860
62859
62859
62859
62859
62858
62858
62858
62858
62858
62857
62857
62857
62857
62856
62856
62856
62856
62856
62855
62855
62855
62855
62855
62854
62854
62854
62854
62853
62853
62853
62853
62853
62852
62852
62852
62852
62851
62851
62851
62851
62851
62850
62850
62850
62850
62849
62849
62849
62849
62849
62848
62848
62848
62848
62848
62847
62847
62847
62845
62844
62842
62840
62838
62835
62834
62834
62834
62834
62834
62832
62832
62831
62830
62830
62830
62830
62829
62829
62829
62829
62828
62828
62828
62828
62828
62827
62827
62827
62827
62827
62826
62826
62825
62824
62823
62823
62823
62822
62822
62822
62822
62821
62821
62821
62821
62821
62820
62820
62820
62820
62820
62819
62819
62819
62819
62817
62817
62817
62816
62816
62816
62816
62816
62815
62815
62815
62815
62814
62814
62814
62814
62814
62813
62813
62813
62813
62812
62812
62811
62811
62810
62810
62810
62810
62809
62809
62809
62809
62809
62808
62808
62808
62808
62806
62806
62806
62805
62805
62805
62805
62804
62803
62803
62803
62802
62802
62802
62802
62802
62801
62801
62801
62801
62799
62799
62799
62798
62798
62798
62798
62798
62797
62797
62797
62797
62797
62796
62796
62796
62796
62795
62795
62795
62795
62795
62794
62794
62794
62794
62794
62793
62793
62793
62793
62792
62792
62792
62792
62792
62791
62791
62791
62791
62791
62790
62790
62790
62789
62789
62789
62788
62788
62788
62788
62788
62787
62787
62787
62787
62786
62786
62786
62786
62786
62785
62785
62785
62785
62784
62784
62784
62784
62784
62783
62783
62783
62783
62783
62782
62782
62779
62778
62777
62775
62774
62771
62771
62769
62769
62769
62769
62768
62768
62767
62767
62767
62767
62767
62766
62766
62766
62766
62766
62765
62765
62765
62765
62764
62763
62763
62761
62761
62761
62761
62760
62760
62760
62760
62759
62759
62759
62759
62759
62758
62758
62758
62758
62757
62757
62757
62757
62755
62755
62755
62755
62755
62754
62754
62754
62754
62753
62753
62753
62753
62753
62752
62752
62752
62752
62751
62751
62751
62751
62751
62749
62749
62749
62749
62748
62748
62748
62748
62747
62747
62747
62747
62747
62746
62746
62745
62745
62744
62744
62744
62744
62744
62743
62741
62740
62740
62740
62740
62740
62739
62739
62739
62737
62737
62737
62737
62736
62736
62736
62736
62736
62735
62735
62735
62735
62734
62734
62734
62734
62734
62733
62733
62733
62733
62732
62732
62732
62732
62732
62731
62731
62731
62731
62730
62730
62730
62730
62730
62729
62729
62729
62729
62729
62728
62728
62728
62728
62727
62727
62727
62727
62727
62726
62726
62726
62726
62725
62725
62725
62725
62725
62724
62724
62724
62724
62724
62723
62723
62723
62723
62723
62722
62722
62722
62722
62721
62721
62721
62721
62721
62720
62720
62720
62720
62720
62719
62719
62719
62717
62715
62714
62712
62711
62709
62709
62709
62709
62709
62708
62708
62708
62707
62707
62707
62707
62707
62706
62706
62706
62706
62704
62704
62703
62702
62702
62702
62702
62702
62701
62701
62701
62701
62701
62700
62700
62700
62700
62699
62699
62699
62699
62699
62698
62697
62697
62696
62696
62696
62696
62696
62695
62695
62695
62695
62694
62694
62694
62694
62694
62693
62693
62693
62692
62691
62691
62691
62689
62689
62689
62689
62689
62688
62688
62688
62688
62687
62687
62687
62687
62687
62686
62685
62685
62685
62684
62684
62684
62684
62684
62682
62682
62682
62682
62681
62681
62680
62679
62679
62679
62679
62678
62678
62678
62678
62676
62676
62676
62676
62676
62675
62675
62675
62675
62674
62674
62674
62674
62674
62673
62673
62673
62673
62673
62672
62672
62672
62672
62671
62671
62671
62671
62671
62670
62670
62670
62670
62669
62669
62669
62669
62669
62668
62668
62668
62668
62667
62667
62667
62667
62667
62666
62666
62666
62666
62666
62665
62665
62665
62665
62664
62664
62664
62664
62664
62663
62663
62663
62663
62662
62662
62662
62662
62662
62661
62661
62661
62661
62661
62660
62660
62660
62660
62659
62659
62659
62659
62659
62658
62658
62658
62655
62654
62652
62651
62649
62648
62648
62647
62647
62647
62647
62646
62646
62646
62646
62646
62644
62644
62643
62642
62642
62642
62642
62642
62641
62641
62641
62641
62640
62640
62640
62640
62640
62639
62639
62639
62639
62638
62638
62637
62636
62636
62636
62636
62636
62635
62635
62635
62635
62634
62634
62634
62634
62634
62633
62633
62633
62633
62633
62632
62632
62632
62630
62630
62630
62629
62629
62629
62629
62629
62628
62628
62628
62628
62628
62627
62627
62626
62625
62625
62625
62625
62624
62624
62624
62623
62622
62622
62620
62619
62619
62619
62619
62619
62618
62618
62618
62618
62617
62617
62616
62616
62615
62615
62615
62615
62615
62614
62614
62614
62614
62613
62613
62613
62613
62613
62612
62612
62612
62612
62611
62611
62611
62611
62611
62610
62610
62610
62609
62608
62608
62608
62608
62607
62607
62607
62607
62607
62606
62606
62606
62606
62605
62605
62605
62605
62605
62604
62604
62604
62573
62573
62573
62572
62572
62572
62572
62572
62571
62571
62571
62571
62570
62570
62570
62570
62570
62569
62569
62569
62569
62568
62568
62568
62568
62568
62567
62567
62567
62567
62566
62566
62566
62566
62566
62565
62565
62565
62565
62565
62564
62564
62562
62561
62559
62558
62556
62555
62554
62554
62554
62554
62552
62552
62551
62550
62550
62550
62550
62550
62549
62549
62549
62549
62548
62548
62548
62548
62548
62547
62547
62547
62547
62546
62546
62545
62545
62544
62544
62544
62544
62544
62543
62543
62543
62543
62542
62542
62542
62542
62542
62541
62541
62541
62541
62541
62540
62540
62539
62539
62538
62538
62538
62538
62537
62537
62537
62537
62536
62536
62536
62536
62536
62534
62534
62534
62533
62533
62533
62533
62533
62530
62530
62530
62529
62529
62529
62529
62529
62528
62528
62528
62528
62527
62527
62527
62525
62525
62524
62524
62523
62523
62523
62523
62522
62522
62522
62522
62522
62521
62521
62521
62521
62521
62520
62520
62520
62520
62519
62519
62519
62519
62519
62518
62518
62518
62518
62517
62517
62517
62517
62517
62516
62516
62516
62516
62515
62515
62515
62515
62515
62514
62514
62514
62514
62513
62513
62513
62513
62513
62512
62512
62512
62512
62512
62511
62511
62511
62511
62511
62510
62509
62509
62509
62509
62509
62508
62508
62508
62508
62508
62507
62507
62507
62507
62506
62506
62506
62506
62506
62505
62505
62505
62505
62504
62504
62504
62504
62504
62503
62503
62503
62502
62502
62500
62498
62495
62494
62491
62490
62488
62488
62488
62487
62487
62487
62486
62486
62486
62486
62486
62485
62485
62485
62485
62484
62484
62484
62484
62484
62483
62482
62482
62482
62481
62481
62481
62481
62480
62480
62480
62480
62480
62479
62479
62479
62479
62479
62478
62478
62478
62478
62477
62477
62476
62476
62475
62475
62475
62475
62474
62474
62474
62474
62474
62473
62473
62473
62473
62471
62471
62471
62470
62470
62469
62468
62468
62466
62465
62465
62465
62465
62464
62464
62464
62464
62464
62463
62463
62463
62463
62463
62461
62461
62459
62459
62459
62459
62458
62458
62458
62458
62457
62457
62457
62457
62456
62456
62456
62456
62456
62455
62455
62455
62455
62455
62454
62454
62454
62454
62453
62453
62453
62453
62453
62452
62452
62452
62452
62451
62451
62451
62451
62451
62450
62450
62450
62450
62450
62449
62449
62449
62449
62448
62448
62448
62448
62448
62447
62447
62447
62447
62447
62446
62446
62446
62446
62445
62445
62445
62445
62445
62444
62444
62444
62444
62443
62443
62443
62443
62443
62442
62442
62442
62442
62442
62441
62441
62441
62441
62441
62440
62440
62440
62440
62439
62439
62439
62438
62438
62438
62438
62438
62437
62437
62437
62434
62433
62431
62430
62428
62426
62426
62425
62425
62425
62425
62425
62424
62424
62424
62424
62424
62423
62423
62423
62423
62421
62421
62421
62420
62420
62420
62420
62420
62419
62419
62419
62419
62418
62418
62418
62418
62417
62417
62417
62417
62417
62416
62416
62415
62414
62414
62414
62414
62414
62413
62413
62413
62413
62413
62412
62412
62412
62412
62410
62410
62408
62408
62408
62406
62406
62406
62404
62404
62404
62404
62404
62403
62403
62403
62403
62402
62402
62402
62402
62402
62401
62400
62400
62398
62398
62398
62398
62397
62397
62397
62397
62397
62396
62396
62396
62396
62396
62395
62395
62395
62395
62394
62394
62394
62393
62392
62392
62392
62392
62391
62391
62391
62391
62391
62390
62390
62390
62390
62390
62389
62389
62389
62389
62388
62388
62388
62388
62388
62387
62387
62387
62387
62386
62386
62386
62386
62386
62385
62385
62385
62385
62385
62384
62384
62384
62384
62383
62383
62383
62383
62383
62382
62382
62382
62382
62382
62381
62381
62381
62381
62380
62380
62380
62380
62380
62379
62379
62379
62379
62379
62378
62378
62378
62378
62377
62377
62377
62377
62377
62376
62376
62376
62376
62376
62375
62375
62375
62375
62373
62373
62372
62371
62370
62368
62366
62365
62364
62363
62363
62363
62363
62362
62362
62362
62362
62362
62360
62360
62360
62359
62359
62359
62359
62359
62358
62358
62358
62358
62358
62357
62357
62357
62357
62356
62356
62356
62356
62356
62355
62354
62354
62353
62353
62353
62353
62352
62352
62352
62352
62352
62351
62351
62351
62350
62348
62348
62348
62347
62347
62347
62347
62347
62345
62345
62345
62344
62344
62344
62344
62344
62343
62343
62343
62343
62343
62342
62342
62340
62339
62338
62338
62337
62337
62337
62337
62337
62336
62336
62336
62336
62335
62335
62335
62335
62334
62334
62334
62334
62334
62333
62332
62332
62331
62331
62331
62331
62330
62330
62330
62330
62330
62329
62329
62329
62329
62328
62328
62328
62328
62328
62327
62327
62327
62327
62326
62326
62326
62326
62326
62324
62324
62324
62323
62323
62323
62323
62323
62322
62322
62322
62322
62321
62321
62321
62321
62321
62320
62320
62320
62320
62320
62319
62319
62319
62319
62318
62318
62318
62318
62318
62317
62317
62317
62317
62316
62316
62316
62316
62316
62315
62315
62315
62315
62315
62314
62314
62314
62314
62313
62313
62313
62311
62311
62311
62311
62311
62310
62310
62310
62310
62309
62309
62309
62308
62306
62305
62303
62302
62300
62300
62300
62300
62298
62298
62298
62297
62297
62297
62297
62297
62296
62296
62296
62296
62296
62295
62295
62295
62295
62294
62294
62294
62294
62294
62293
62292
62292
62292
62291
62291
62291
62291
62290
62290
62290
62290
62288
62288
62288
62288
62286
62286
62286
62285
62285
62285
62285
62285
62283
62283
62283
62283
62282
62282
62282
62281
62281
62281
62280
62280
62280
62280
62280
62278
62278
62276
62276
62276
62276
62275
62275
62275
62275
62274
62274
62274
62274
62274
62273
62273
62273
62273
62273
62272
62272
62272
62271
62270
62270
62270
62270
62269
62269
62269
62269
62269
62268
62268
62268
62268
62267
62254
62254
62253
62253
62253
62253
62252
62252
62252
62252
62252
62251
62251
62251
62251
62250
62250
62250
62250
62250
62249
62249
62249
62249
62249
62248
62248
62248
62248
62247
62247
62247
62247
62247
62246
62246
62246
62246
62245
62245
62245
62245
62245
62244
62244
62244
62244
62244
62243
62243
62243
62243
62242
62242
62242
62242
62242
62241
62241
62241
62241
62241
62240
62239
62238
62238
62238
62238
62238
62237
62237
62237
62237
62237
62236
62236
62236
62236
62235
62235
62235
62235
62235
62234
62232
62231
62229
62227
62225
62223
62222
62222
62222
62221
62221
62221
62221
62221
62220
62220
62220
62220
62219
62219
62219
62219
62219
62218
62218
62218
62217
62216
62216
62216
62216
62215
62215
62215
62214
62213
62213
62213
62213
62213
62212
62211
62211
62210
62210
62210
62210
62209
62209
62207
62207
62206
62206
62206
62206
62205
62205
62205
62205
62205
62204
62204
62204
62204
62202
62202
62200
62200
62199
62199
62199
62199
62198
62198
62198
62198
62198
62197
62197
62197
62197
62197
62196
62196
62196
62196
62195
62194
62194
62193
62193
62193
62193
62193
62192
62192
62192
62192
62192
62191
62191
62191
62191
62190
62190
62190
62190
62190
62189
62189
62189
62189
62188
62188
62188
62188
62188
62187
62187
62187
62187
62187
62186
62186
62186
62186
62185
62185
62185
62185
62184
62184
62184
62184
62184
62183
62183
62183
62183
62183
62182
62182
62182
62182
62182
62181
62181
62181
62181
62180
62180
62180
62180
62180
62179
62179
62179
62179
62178
62178
62178
62178
62176
62176
62176
62176
62175
62175
62175
62175
62174
62174
62174
62174
62174
62173
62173
62173
62173
62173
62172
62172
62172
62172
62171
62171
62171
62171
62171
62170
62170
62170
62168
62167
62166
62165
62163
62162
62161
62161
62161
62161
62160
62160
62160
62160
62160
62159
62159
62159
62159
62159
62157
62157
62157
62157
62156
62155
62155
62155
62154
62154
62154
62154
62154
62153
62153
62152
62152
62151
62151
62151
62151
62150
62150
62149
62149
62148
62148
62148
62148
62147
62147
62147
62147
62147
62146
62146
62146
62146
62144
62144
62143
62143
62142
62142
62140
62140
62140
62140
62140
62139
62139
62139
62139
62139
62138
62138
62138
62138
62137
62137
62137
62136
62135
62135
62135
62135
62135
62134
62134
62134
62134
62133
62133
62133
62133
62133
62132
62132
62132
62132
62132
62131
62131
62131
62129
62129
62129
62129
62128
62128
62128
62128
62127
62127
62127
62127
62127
62126
62126
62126
62126
62126
62125
62125
62125
62125
62124
62124
62124
62124
62124
62123
62123
62123
62123
62122
62122
62122
62122
62122
62121
62121
62121
62121
62121
62120
62120
62120
62120
62119
62119
62119
62119
62117
62117
62117
62117
62116
62116
62116
62116
62116
62115
62115
62115
62115
62114
62114
62114
62114
62114
62113
62113
62113
62113
62113
62112
62112
62112
62112
62111
62111
62111
62111
62111
62110
62110
62110
62110
62109
62109
62109
62107
62106
62105
62103
62102
62101
62101
62100
62100
62100
62100
62099
62099
62099
62097
62097
62096
62095
62095
62095
62095
62094
62094
62094
62094
62093
62093
62093
62093
62091
62091
62091
62091
62091
62090
62090
62090
62088
62088
62088
62088
62088
62087
62087
62087
62087
62086
62086
62086
62086
62086
62085
62083
62083
62081
62081
62081
62081
62080
62080
62080
62080
62080
62079
62079
62079
62078
62078
62078
62078
62077
62077
62077
62077
62077
62075
62075
62075
62075
62074
62074
62074
62073
62073
62073
62073
62072
62072
62072
62072
62072
62071
62071
62071
62071
62070
62070
62070
62069
62068
62068
62068
62068
62068
62067
62067
62067
62067
62066
62066
62066
62066
62066
62065
62065
62065
62065
62065
62064
62064
62064
62064
62063
62063
62063
62063
62063
62062
62061
62061
62060
62060
62060
62060
62060
62059
62059
62059
62059
62058
62058
62058
62058
62058
62056
62056
62056
62055
62055
62055
62055
62055
62054
62054
62054
62054
62054
62053
62053
62053
62053
62052
62052
62052
62052
62052
62051
62051
62051
62051
62051
62050
62050
62050
62050
62049
62049
62049
62049
62049
62048
62048
62048
62048
62048
62047
62047
62047
62047
62046
62046
62046
62044
62043
62041
62040
62038
62036
62036
62035
62033
62033
62033
62033
62033
62032
62032
62032
62032
62032
62031
62031
62031
62031
62030
62029
62029
62029
62028
62028
62028
62028
62027
62026
62026
62025
62025
62025
62025
62024
62024
62024
62024
62024
62023
62023
62023
62023
62021
62021
62020
62019
62019
62019
62019
62018
62018
62018
62018
62018
62017
62017
62017
62017
62017
62016
62016
62016
62016
62015
62015
62014
62014
62013
62013
62013
62013
62013
62012
62012
62012
62012
62011
62011
62011
62011
62011
62010
62010
62010
62010
62009
62009
62009
62007
62007
62007
62007
62006
62006
62006
62006
62006
62005
62005
62005
62005
62004
62004
62004
62004
62004
62003
62003
62003
62003
62003
62002
62002
62002
62002
62001
62001
62001
62001
62001
62000
62000
62000
62000
61999
61999
61999
61999
61999
61998
61998
61997
61996
61996
61996
61996
61995
61995
61995
61995
61995
61994
61994
61994
61994
61994
61993
61993
61993
61993
61992
61992
61992
61992
61992
61991
61991
61991
61991
61990
61990
61990
61990
61989
61989
61989
61989
61989
61988
61988
61988
61988
61988
61987
61987
61987
61987
61986
61986
61986
61986
61986
61985
61985
61985
61985
61985
61984
61982
61980
61978
61977
61975
61973
61973
61973
61973
61972
61972
61972
61971
61971
61971
61971
61970
61969
61968
61968
61968
61968
61967
61967
61967
61966
61965
61965
61965
61965
61965
61964
61964
61964
61964
61963
61963
61963
61963
61963
61960
61960
61959
61958
61958
61958
61958
61957
61957
61957
61957
61957
61956
61956
61956
61956
61956
61955
61955
61955
61955
61954
61954
61953
61952
61952
61952
61952
61952
61951
61951
61951
61951
61951
61950
61950
61950
61950
61949
61949
61949
61949
61949
61948
61948
61948
61947
61946
61946
61946
61946
61945
61945
61945
61945
61945
61944
61944
61944
61944
61943
61943
61943
61943
61943
61942
61942
61941
61940
61940
61940
61940
61939
61939
61939
61939
61939
61938
61938
61938
61938
61938
61937
61937
61937
61936
61935
61934
61934
61934
61934
61934
61933
61933
61933
61933
61932
61932
61932
61932
61932
61931
61931
61931
61931
61931
61930
61930
61930
61930
61929
61929
61929
61928
61928
61928
61927
61927
61927
61927
61927
61926
61926
61926
61926
61926
61925
61925
61925
61925
61924
61924
61924
61924
61924
61923
61923
61923
61923
61923
61922
61922
61922
61922
61921
61921
61921
61921
61921
61920
61920
61920
61918
61916
61915
61913
61911
61910
61910
61910
61909
61909
61909
61908
61907
61907
61907
61907
61906
61906
61906
61905
61904
61904
61904
61904
61904
61903
61903
61903
61903
61902
61902
61902
61902
61902
61900
61900
61898
61898
61898
61897
61897
61897
61897
61896
61896
61896
61896
61896
61895
61895
61895
61895
61894
61894
61894
61894
61894
61892
61892
61892
61892
61891
61891
61891
61889
61889
61889
61889
61889
61888
61888
61888
61888
61887
61887
61887
61887
61887
61886
61886
61885
61884
61884
61884
61884
61884
61883
61883
61883
61883
61883
61882
61882
61882
61882
61881
61881
61881
61881
61881
61880
61879
61879
61877
61877
61877
61877
61876
61876
61876
61876
61875
61875
61875
61875
61875
61874
61873
61873
61873
61872
61872
61872
61872
61872
61871
61871
61871
61871
61870
61870
61870
61870
61870
61869
61869
61869
61869
61868
61868
61868
61868
61868
61867
61867
61867
61867
61867
61866
61866
61866
61866
61865
61865
61865
61865
61865
61864
61864
61864
61864
61864
61863
61863
61863
61863
61862
61862
61862
61862
61862
61861
61861
61861
61861
61861
61860
61860
61860
61860
61859
61859
61859
61859
61859
61858
61858
61858
61858
61858
61857
61857
61855
61854
61853
61851
61850
61847
61847
61847
61847
61846
61846
61846
61846
61844
61844
61844
61844
61844
61843
61843
61843
61843
61843
61842
61842
61842
61842
61841
61840
61840
61837
61837
61837
61836
61836
61836
61836
61835
61835
61835
61835
61835
61834
61834
61834
61834
61834
61833
61833
61833
61833
61831
61831
61831
61830
61830
61830
61830
61829
61829
61829
61829
61829
61828
61828
61828
61828
61828
61827
61827
61827
61827
61826
61826
61825
61825
61824
61824
61824
61824
61824
61823
61823
61823
61823
61822
61822
61822
61822
61822
61821
61821
61821
61821
61820
61819
61819
61818
61817
61817
61817
61817
61817
61816
61816
61816
61816
61815
61814
61814
61813
61813
61813
61813
61812
61812
61812
61812
61812
61811
61811
61811
61811
61810
61810
61810
61810
61810
61807
61807
61807
61807
61807
61806
61806
61806
61806
61806
61805
61805
61805
61805
61804
61804
61804
61804
61804
61803
61803
61803
61803
61802
61802
61802
61802
61802
61801
61801
61801
61801
61800
61800
61800
61800
61800
61799
61799
61799
61799
61798
61798
61798
61798
61797
61797
61797
61797
61796
61796
61796
61796
61796
61795
61795
61795
61795
61794
61794
61794
61794
61794
61793
61792
61790
61789
61787
61785
61783
61783
61781
61781
61781
61780
61780
61780
61780
61780
61779
61779
61779
61779
61779
61778
61778
61776
61776
61775
61775
61774
61774
61774
61774
61773
61773
61773
61773
61773
61772
61772
61772
61772
61771
61771
61771
61771
61771
61770
61769
61768
61768
61768
61768
61768
61767
61767
61767
61767
61767
61766
61766
61766
61766
61765
61765
61765
61765
61765
61764
61764
61764
61763
61762
61762
61762
61762
61761
61761
61761
61761
61761
61760
61760
61760
61760
61760
61759
61759
61759
61759
61758
61758
61757
61757
61755
61755
61755
61755
61754
61754
61754
61754
61752
61752
61752
61752
61752
61751
61751
61751
61751
61751
61750
61750
61750
61750
61749
61749
61749
61749
61749
61748
61748
61748
61748
61747
61747
61747
61747
61747
61746
61746
61746
61746
61746
61745
61745
61745
61745
61744
61744
61744
61744
61744
61743
61743
61743
61743
61743
61742
61742
61742
61742
61741
61741
61741
61741
61741
61740
61740
61740
61740
61740
61739
61739
61739
61739
61738
61738
61738
61738
61738
61737
61737
61737
61737
61737
61736
61736
61736
61736
61736
61735
61735
61735
61735
61734
61734
61734
61734
61734
61733
61733
61733
61733
61730
61727
61726
61725
61723
61722
61722
61721
61721
61721
61721
61720
61720
61720
61719
61719
61718
61718
61715
61715
61715
61714
61714
61714
61714
61713
61713
61713
61713
61713
61712
61712
61712
61712
61711
61711
61711
61711
61710
61709
61708
61708
61708
61708
61707
61707
61707
61707
61707
61706
61706
61706
61706
61706
61705
61705
61705
61705
61704
61704
61704
61704
61702
61702
61702
61702
61702
61701
61701
61701
61701
61700
61700
61700
61700
61700
61699
61699
61699
61699
61698
61698
61698
61697
61696
61695
61695
61695
61694
61694
61693
61693
61692
61692
61692
61692
61692
61691
61691
61691
61689
61689
61689
61689
61688
61688
61688
61688
61688
61687
61687
61687
61687
61687
61686
61686
61686
61686
61685
61685
61685
61685
61685
61684
61684
61684
61684
61684
61683
61683
61683
61683
61682
61682
61682
61682
61682
61681
61681
61681
61681
61681
61680
61680
61680
61680
61679
61679
61679
61679
61679
61678
61678
61678
61678
61678
61677
61677
61677
61677
61676
61676
61676
61676
61676
61675
61675
61675
61675
61675
61674
61674
61674
61674
61674
61673
61673
61673
61673
61672
61672
61672
61672
61672
61671
61671
61671
61671
61670
61670
61670
61670
61668
61667
61666
61664
61662
61661
61660
61660
61660
61660
61659
61658
61657
61657
61656
61656
61656
61656
61655
61655
61655
61655
61655
61654
61654
61654
61654
61654
61653
61653
61653
61653
61653
61651
61651
61651
61650
61650
61650
61650
61650
61649
61649
61649
61649
61649
61648
61648
61648
61648
61647
61647
61647
61647
61647
61646
61645
61645
61644
61644
61644
61644
61644
61643
61642
61642
61642
61641
61641
61641
61641
61640
61640
61640
61640
61640
61639
61638
61637
61636
61636
61635
61634
61634
61634
61634
61633
61633
61633
61633
61633
61632
61632
61632
61630
61630
61630
61630
61629
61629
61629
61629
61627
61627
61627
61627
61626
61626
61626
61626
61626
61625
61625
61625
61625
61624
61624
61624
61624
61624
61623
61623
61623
61623
61623
61622
61622
61622
61622
61621
61621
61621
61621
61621
61620
61620
61620
61620
61619
61619
61619
61619
61619
61618
61618
61618
61618
61618
61617
61617
61617
61617
61616
61616
61616
61616
61616
61615
61615
61615
61615
61615
61614
61614
61614
61614
61613
61613
61613
61613
61613
61612
61612
61612
61612
61612
61611
61611
61611
61611
61610
61610
61610
61610
61610
61609
61609
61609
61609
61608
61608
61608
61606
61605
61588
61586
61583
61582
61581
61580
61580
61580
61580
61580
61579
61579
61579
61579
61578
61578
61578
61578
61578
61577
61577
61577
61577
61577
61576
61574
61573
61573
61573
61573
61572
61572
61572
61572
61572
61571
61571
61571
61571
61570
61570
61570
61570
61570
61569
61569
61569
61569
61567
61567
61567
61567
61566
61566
61566
61566
61566
61565
61565
61565
61565
61565
61564
61564
61564
61564
61563
61563
61563
61562
61560
61559
61559
61558
61558
61558
61558
61558
61557
61557
61557
61557
61556
61556
61556
61556
61554
61554
61554
61554
61554
61553
61553
61553
61552
61551
61551
61551
61551
61550
61550
61550
61550
61550
61549
61549
61549
61549
61549
61548
61548
61548
61548
61547
61547
61547
61547
61547
61546
61546
61546
61546
61546
61545
61545
61545
61543
61543
61543
61543
61542
61542
61542
61542
61542
61541
61541
61541
61541
61541
61540
61540
61540
61540
61539
61539
61539
61539
61539
61538
61538
61538
61538
61537
61537
61537
61537
61537
61536
61536
61536
61536
61536
61535
61535
61535
61535
61534
61534
61534
61534
61534
61533
61533
61533
61533
61533
61532
61532
61532
61532
61531
61531
61531
61531
61531
61530
61530
61530
61530
61527
61526
61525
61523
61522
61520
61520
61520
61520
61519
61519
61519
61519
61518
61518
61518
61517
61517
61517
61516
61516
61515
61515
61514
61514
61514
61513
61513
61513
61513
61512
61512
61512
61512
61512
61511
61511
61511
61511
61511
61510
61510
61510
61510
61508
61508
61508
61508
61507
61507
61507
61507
61507
61506
61506
61506
61506
61505
61505
61505
61505
61505
61504
61502
61501
61500
61500
61499
61498
61498
61498
61497
61497
61497
61497
61497
61496
61496
61496
61496
61496
61495
61494
61493
61493
61493
61493
61493
61492
61492
61491
61490
61490
61490
61490
61490
61489
61489
61489
61489
61489
61488
61488
61488
61488
61486
61486
61486
61486
61485
61485
61485
61485
61485
61484
61484
61484
61484
61483
61483
61483
61483
61483
61482
61482
61482
61482
61481
61481
61481
61481
61481
61480
61480
61480
61480
61480
61479
61479
61479
61479
61478
61478
61478
61478
61478
61477
61477
61477
61477
61476
61476
61476
61476
61476
61475
61475
61475
61475
61475
61474
61474
61474
61474
61474
61473
61473
61473
61473
61472
61472
61472
61472
61472
61471
61471
61471
61471
61470
61470
61470
61470
61470
61469
61469
61469
61469
61469
61468
61468
61468
61466
61464
61463
61461
61459
61458
61456
61456
61456
61456
61455
61455
61455
61454
61454
61454
61452
61451
61451
61451
61451
61450
61450
61450
61450
61450
61449
61449
61449
61449
61448
61448
61448
61448
61448
61447
61447
61447
61447
61445
61445
61445
61445
61444
61444
61444
61444
61443
61443
61443
61443
61443
61442
61442
61442
61440
61440
61440
61440
61439
61438
61438
61436
61436
61436
61436
61435
61435
61435
61435
61434
61434
61434
61434
61434
61433
61433
61432
61431
61431
61431
61431
61431
61430
61430
61429
61428
61428
61428
61428
61427
61427
61427
61427
61427
61426
61426
61426
61426
61426
61424
61424
61424
61424
61423
61423
61423
61423
61422
61422
61422
61422
61422
61421
61421
61421
61421
61421
61420
61420
61420
61420
61419
61419
61419
61419
61419
61418
61418
61418
61418
61417
61417
61417
61417
61417
61416
61416
61416
61416
61416
61415
61415
61415
61415
61414
61414
61414
61414
61414
61413
61413
61413
61413
61413
61412
61412
61412
61412
61411
61411
61411
61411
61411
61410
61410
61410
61410
61409
61409
61409
61409
61409
61408
61408
61408
61408
61408
61407
61407
61407
61407
61407
61405
61405
61405
61404
61404
61404
61404
61403
61403
61403
61402
61400
61399
61398
61396
61395
61395
61394
61394
61393
61393
61392
61392
61392
61392
61391
61391
61391
61391
61391
61390
61390
61390
61390
61390
61389
61389
61389
61389
61388
61388
61388
61387
61386
61386
61386
61386
61385
61385
61385
61385
61385
61384
61384
61384
61383
61382
61382
61382
61382
61381
61381
61381
61379
61379
61378
61377
61377
61377
61377
61377
61376
61376
61376
61374
61374
61374
61374
61373
61373
61372
61372
61371
61371
61371
61371
61370
61370
61369
61368
61368
61368
61368
61368
61367
61367
61367
61367
61366
61366
61366
61366
61366
61364
61364
61364
61363
61363
61363
61363
61362
61362
61362
61362
61362
61361
61361
61361
61361
61361
61360
61360
61360
61360
61359
61359
61359
61359
61359
61358
61358
61358
61358
61357
61357
61357
61357
61357
61356
61356
61356
61356
61356
61355
61355
61355
61355
61354
61354
61354
61354
61354
61353
61353
61353
61353
61353
61352
61352
61352
61352
61351
61351
61351
61351
61351
61350
61350
61350
61350
61350
61349
61349
61349
61349
61348
61348
61348
61348
61348
61347
61347
61347
61345
61345
61345
61345
61345
61344
61344
61344
61344
61343
61343
61343
61343
61343
61342
61342
61342
61342
61342
61339
61338
61337
61334
61333
61330
61330
61330
61330
61329
61329
61329
61329
61328
61328
61328
61328
61328
61327
61327
61327
61327
61327
61326
61326
61326
61324
61324
61324
61324
61324
61323
61323
61323
61323
61323
61321
61321
61321
61321
61320
61320
61320
61320
61319
61319
61319
61318
61317
61316
61316
61315
61315
61315
61315
61315
61314
61314
61314
61314
61314
61313
61313
61313
61312
61311
61311
61311
61310
61310
61310
61310
61308
61308
61308
61308
61307
61307
61307
61307
61306
61306
61306
61306
61306
61305
61305
61304
61304
61303
61303
61303
61303
61303
61302
61302
61302
61302
61301
61301
61301
61301
61301
61300
61300
61300
61300
61300
61299
61299
61299
61299
61298
61298
61298
61298
61298
61297
61297
61297
61297
61296
61296
61296
61296
61296
61295
61295
61294
61294
61293
61293
61293
61293
61293
61292
61292
61292
61292
61291
61291
61291
61291
61290
61290
61290
61290
61290
61289
61289
61289
61289
61289
61288
61288
61288
61288
61287
61287
61287
61287
61287
61286
61286
61285
61284
61284
61284
61283
61283
61283
61283
61282
61282
61282
61282
61282
61281
61281
61281
61281
61281
61280
61280
61280
61280
61279
61279
61279
61279
61279
61278
61277
61275
61274
61273
61271
61269
61269
61269
61269
61268
61268
61268
61268
61268
61267
61267
61267
61267
61266
61266
61265
61265
61264
61264
61264
61264
61264
61262
61262
61262
61261
61261
61261
61261
61261
61260
61260
61260
61260
61260
61259
61258
61258
61256
61256
61256
61256
61255
61255
61255
61255
61254
61254
61254
61254
61254
61253
61253
61252
61252
61251
61251
61251
61251
61250
61250
61249
61248
61248
61248
61248
61248
61247
61247
61247
61247
61246
61246
61246
61246
61246
61244
61244
61244
61243
61243
61243
61243
61243
61242
61242
61242
61242
61241
61241
61241
61241
61241
61240
61240
61240
61240
61240
61239
61238
61238
61237
61237
61237
61237
61236
61236
61236
61236
61236
61235
61235
61235
61235
61235
61234
61234
61234
61234
61233
61233
61233
61233
61233
61232
61232
61232
61232
61232
61231
61231
61231
61231
61231
61230
61230
61230
61230
61229
61229
61229
61229
61229
61228
61228
61228
61228
61227
61227
61227
61225
61225
61225
61225
61224
61224
61224
61224
61224
61223
61223
61223
61223
61223
61222
61222
61222
61222
61221
61221
61221
61221
61221
61220
61220
61220
61220
61219
61219
61219
61219
61219
61218
61218
61218
61218
61218
61215
61213
61211
61210
61209
61206
61206
61206
61206
61205
61205
61205
61205
61204
61203
61203
61202
61202
61200
61200
61200
61200
61200
61199
61199
61199
61199
61199
61198
61198
61198
61198
61197
61197
61197
61195
61195
61193
61193
61193
61192
61192
61192
61191
61191
61191
61191
61190
61190
61190
61190
61189
61188
61188
61187
61187
61187
61187
61186
61186
61185
61185
61184
61184
61184
61184
61184
61183
61183
61183
61183
61182
61182
61182
61182
61180
61180
61180
61180
61180
61179
61179
61179
61179
61178
61178
61178
61178
61178
61177
61177
61177
61177
61177
61176
61176
61176
61176
61174
61174
61174
61173
61173
61173
61173
61173
61172
61172
61172
61172
61171
61171
61171
61171
61171
61170
61170
61170
61170
61170
61169
61169
61169
61169
61168
61168
61168
61168
61168
61167
61167
61167
61167
61166
61166
61166
61166
61166
61165
61165
61165
61165
61165
61164
61164
61164
61162
61162
61162
61162
61162
61161
61161
61161
61160
61160
61160
61160
61159
61159
61159
61159
61159
61158
61158
61158
61158
61157
61157
61157
61157
61157
61156
61156
61156
61156
61156
61155
61155
61155
61155
61154
61154
61154
61154
61154
61153
61153
61153
61153
61153
61152
61151
61149
61148
61147
61145
61144
61144
61143
61142
61141
61141
61140
61140
61140
61140
61139
61139
61139
61139
61139
61138
61138
61138
61138
61138
61137
61137
61137
61137
61135
61135
61134
61133
61133
61133
61133
61133
61132
61132
61132
61132
61131
61131
61131
61131
61131
61129
61129
61129
61129
61128
61128
61128
61128
61126
61126
61126
61125
61125
61125
61125
61125
61124
61124
61123
61122
61122
61122
61122
61120
61120
61120
61120
61120
61119
61119
61119
61119
61118
61118
61118
61118
61118
61117
61117
61117
61117
61116
61116
61116
61116
61116
61114
61114
61114
61113
61113
61113
61113
61113
61112
61112
61112
61112
61111
61111
61111
61111
61111
61110
61110
61110
61110
61110
61109
61109
61109
61109
61108
61108
61108
61108
61108
61107
61107
61107
61107
61107
61106
61106
61106
61106
61105
61105
61105
61105
61105
61103
61103
61103
61102
61102
61102
61102
61101
61101
61101
61101
61101
61100
61100
61100
61100
61100
61099
61099
61099
61099
61098
61098
61098
61098
61097
61097
61097
61097
61096
61096
61096
61096
61096
61095
61095
61095
61095
61095
61094
61094
61094
61094
61093
61093
61093
61093
61093
61092
61092
61092
61092
61092
61091
61091
61090
61088
61086
61084
61082
61080
61080
61080
61079
61079
61079
61079
61078
61078
61078
61078
61078
61077
61077
61077
61077
61076
61076
61075
61075
61073
61073
61073
61072
61072
61072
61072
61072
61071
61071
61071
61071
61071
61070
61070
61069
61068
61068
61068
61068
61068
61067
61067
61066
61065
61065
61065
61065
61065
61064
61064
61064
61064
61063
61063
61063
61063
61063
61061
61061
61061
61060
61060
61060
61060
61060
61059
61059
61059
61059
61059
61058
61058
61058
61058
61057
61057
61057
61057
61057
61056
61055
61055
61055
61054
61054
61054
61054
61053
61053
61053
61053
61053
61052
61052
61052
61052
61052
61051
61051
61051
61051
61049
61049
61049
61049
61048
61048
61048
61048
61048
61047
61047
61047
61047
61046
61046
61046
61046
61046
61045
61045
61045
61042
61042
61042
61042
61041
61041
61041
61041
61041
61040
61040
61040
61040
61040
61039
61039
61039
61039
61038
61038
61038
61038
61038
61037
61037
61037
61037
61037
61036
61036
61036
61036
61036
61035
61035
61035
61035
61034
61034
61034
61034
61034
61033
61033
61033
61033
61032
61032
61032
61032
61032
61031
61031
61031
61031
61031
61030
61030
61030
61030
61029
61029
61029
61029
61027
61026
61024
61023
61021
61020
61019
61019
61019
61019
61018
61018
61018
61018
61017
61017
61017
61016
61015
61014
61014
61014
61013
61013
61013
61013
61012
60984
60983
60983
60983
60983
60982
60982
60980
60980
60980
60980
60979
60979
60979
60979
60977
60977
60977
60977
60976
60976
60976
60976
60976
60975
60975
60975
60975
60974
60974
60973
60973
60972
60972
60972
60972
60971
60971
60971
60971
60970
60970
60970
60970
60970
60969
60969
60969
60969
60969
60968
60968
60968
60966
60966
60966
60966
60965
60965
60965
60965
60965
60964
60964
60964
60964
60963
60963
60963
60963
60963
60962
60962
60962
60961
60960
60959
60959
60959
60958
60958
60958
60958
60957
60957
60957
60957
60957
60956
60956
60956
60956
60954
60954
60954
60954
60953
60953
60953
60953
60953
60952
60952
60952
60952
60951
60951
60951
60951
60951
60950
60950
60950
60950
60949
60949
60949
60949
60949
60948
60948
60948
60948
60948
60947
60947
60947
60947
60947
60946
60946
60946
60946
60945
60945
60945
60945
60945
60944
60944
60944
60944
60944
60943
60943
60943
60943
60942
60942
60942
60942
60942
60941
60941
60941
60941
60941
60940
60940
60940
60940
60939
60939
60939
60939
60936
60934
60933
60932
60929
60926
60926
60926
60926
60925
60925
60924
60923
60922
60922
60922
60922
60921
60921
60921
60921
60920
60920
60920
60920
60920
60919
60919
60918
60917
60917
60917
60917
60917
60916
60916
60915
60915
60914
60914
60914
60914
60914
60913
60913
60913
60913
60912
60912
60912
60912
60910
60910
60910
60910
60909
60909
60909
60909
60908
60908
60908
60908
60908
60907
60907
60907
60907
60906
60906
60906
60906
60906
60905
60904
60904
60903
60903
60903
60903
60903
60902
60902
60902
60902
60901
60901
60901
60901
60901
60900
60900
60900
60900
60900
60898
60898
60896
60896
60896
60896
60895
60895
60895
60895
60895
60894
60894
60894
60894
60892
60892
60892
60892
60891
60891
60891
60891
60890
60890
60890
60890
60890
60889
60889
60889
60889
60889
60888
60888
60888
60888
60887
60887
60887
60887
60887
60886
60886
60886
60886
60885
60885
60885
60885
60885
60884
60884
60884
60884
60884
60883
60883
60883
60883
60882
60882
60882
60882
60882
60881
60881
60881
60881
60880
60880
60880
60880
60879
60879
60879
60879
60879
60878
60878
60878
60878
60878
60877
60877
60877
60877
60877
60876
60876
60876
60876
60875
60875
60875
60875
60875
60873
60872
60870
60869
60867
60865
60865
60864
60863
60863
60863
60863
60862
60862
60862
60862
60862
60861
60861
60861
60861
60861
60859
60859
60859
60858
60858
60858
60858
60857
60856
60856
60856
60855
60855
60855
60855
60855
60854
60854
60854
60854
60853
60853
60853
60851
60851
60851
60851
60850
60850
60850
60850
60850
60849
60849
60849
60849
60849
60848
60848
60848
60848
60847
60846
60846
60845
60845
60844
60843
60843
60843
60843
60842
60842
60842
60842
60842
60841
60841
60841
60841
60841
60840
60840
60840
60840
60839
60839
60838
60838
60836
60836
60836
60836
60835
60835
60835
60835
60835
60834
60833
60833
60832
60832
60832
60832
60831
60831
60831
60831
60831
60830
60830
60830
60830
60829
60829
60829
60829
60829
60828
60828
60828
60828
60827
60827
60827
60827
60827
60826
60826
60826
60826
60826
60825
60825
60825
60825
60824
60824
60824
60824
60824
60823
60823
60823
60823
60822
60822
60822
60822
60822
60821
60821
60821
60821
60821
60820
60820
60820
60820
60819
60819
60819
60819
60819
60818
60818
60818
60818
60818
60817
60817
60817
60817
60816
60816
60816
60816
60816
60815
60815
60815
60815
60815
60814
60814
60814
60814
60814
60813
60812
60809
60808
60805
60804
60802
60802
60802
60802
60801
60801
60801
60801
60801
60800
60800
60799
60798
60798
60798
60798
60797
60797
60797
60796
60795
60795
60795
60795
60794
60794
60794
60794
60794
60793
60793
60793
60792
60792
60791
60791
60790
60790
60790
60790
60790
60789
60789
60789
60789
60788
60788
60788
60788
60788
60787
60787
60787
60787
60787
60786
60786
60785
60784
60784
60784
60784
60784
60783
60783
60783
60783
60782
60782
60782
60782
60782
60781
60781
60781
60781
60781
60780
60779
60779
60777
60777
60777
60777
60776
60776
60776
60775
60774
60774
60774
60774
60773
60773
60773
60773
60772
60772
60772
60772
60772
60770
60770
60770
60769
60769
60769
60769
60768
60768
60768
60768
60768
60767
60767
60767
60767
60767
60766
60766
60766
60766
60765
60764
60764
60764
60763
60763
60763
60763
60763
60762
60762
60762
60762
60761
60761
60761
60761
60761
60760
60760
60760
60760
60759
60759
60759
60759
60759
60758
60758
60758
60758
60758
60757
60757
60757
60757
60756
60756
60756
60756
60756
60755
60755
60755
60755
60755
60754
60754
60754
60754
60754
60753
60753
60753
60753
60752
60752
60752
60752
60752
60751
60751
60751
60751
60751
60749
60747
60746
60744
60743
60741
60741
60741
60740
60740
60739
60739
60738
60738
60738
60738
60737
60737
60736
60736
60735
60735
60735
60735
60735
60734
60734
60734
60734
60734
60733
60733
60733
60731
60731
60731
60730
60730
60730
60730
60729
60729
60729
60729
60729
60728
60728
60728
60728
60728
60727
60727
60727
60727
60726
60726
60725
60725
60724
60724
60724
60724
60723
60723
60723
60723
60723
60722
60722
60722
60722
60722
60721
60721
60721
60721
60720
60719
60719
60717
60717
60717
60717
60715
60715
60715
60715
60714
60714
60714
60713
60713
60713
60713
60713
60712
60712
60712
60712
60712
60710
60710
60708
60708
60708
60708
60707
60707
60707
60707
60707
60706
60706
60706
60706
60705
60705
60705
60705
60705
60704
60704
60704
60704
60704
60703
60703
60703
60703
60702
60702
60702
60702
60702
60701
60701
60701
60701
60701
60700
60700
60700
60700
60699
60699
60699
60699
60699
60698
60698
60698
60698
60698
60697
60697
60697
60697
60696
60696
60696
60696
60695
60695
60695
60695
60695
60694
60694
60694
60694
60694
60693
60693
60693
60693
60692
60692
60692
60692
60692
60691
60691
60691
60691
60690
60690
60690
60690
60690
60689
60689
60689
60686
60685
60683
60681
60679
60677
60677
60677
60676
60676
60676
60676
60674
60674
60674
60674
60673
60673
60673
60673
60672
60672
60672
60672
60672
60671
60671
60670
60670
60669
60669
60669
60669
60668
60668
60668
60668
60668
60667
60667
60667
60667
60666
60666
60666
60666
60666
60665
60665
60665
60664
60663
60663
60663
60663
60662
60662
60662
60662
60662
60661
60661
60661
60661
60660
60660
60660
60660
60660
60659
60659
60658
60658
60656
60655
60655
60655
60654
60654
60654
60654
60653
60653
60653
60653
60653
60652
60652
60652
60652
60651
60651
60651
60651
60649
60649
60648
60647
60647
60647
60647
60646
60646
60646
60646
60646
60645
60645
60645
60645
60645
60644
60644
60644
60644
60643
60643
60643
60643
60643
60642
60642
60642
60642
60641
60641
60641
60641
60641
60640
60640
60640
60640
60640
60639
60639
60639
60639
60638
60638
60638
60638
60638
60637
60637
60637
60637
60636
60636
60636
60636
60636
60635
60635
60635
60635
60635
60634
60634
60634
60634
60633
60633
60633
60633
60633
60632
60632
60632
60632
60631
60631
60631
60631
60631
60630
60630
60630
60630
60630
60629
60629
60629
60629
60628
60628
60628
60628
60628
60627
60627
60627
60625
60624
60622
60621
60618
60617
60615
60615
60615
60615
60614
60614
60614
60614
60614
60613
60613
60613
60613
60612
60612
60611
60611
60610
60610
60610
60610
60609
60609
60609
60609
60609
60608
60608
60608
60608
60607
60607
60607
60607
60607
60606
60606
60606
60604
60604
60604
60588
60588
60587
60587
60587
60587
60586
60586
60586
60586
60586
60585
60585
60585
60585
60584
60584
60583
60580
60580
60579
60578
60578
60578
60578
60577
60577
60577
60577
60577
60576
60576
60576
60576
60575
60575
60575
60575
60574
60574
60574
60573
60572
60571
60571
60571
60570
60570
60570
60570
60569
60569
60569
60569
60569
60568
60568
60568
60568
60568
60567
60567
60567
60567
60566
60566
60566
60566
60566
60565
60565
60565
60565
60565
60564
60564
60564
60564
60563
60563
60563
60562
60562
60562
60562
60562
60561
60561
60561
60561
60560
60560
60560
60560
60560
60559
60559
60559
60559
60559
60558
60558
60558
60558
60557
60557
60557
60557
60557
60556
60556
60556
60556
60555
60555
60555
60555
60555
60554
60554
60554
60554
60554
60553
60553
60553
60553
60552
60552
60552
60552
60552
60551
60551
60551
60551
60551
60550
60550
60550
60550
60549
60549
60549
60549
60546
60545
60542
60540
60539
60537
60537
60537
60537
60537
60536
60536
60536
60536
60535
60534
60534
60534
60533
60533
60533
60533
60533
60532
60532
60532
60532
60532
60531
60531
60531
60531
60530
60530
60530
60530
60530
60529
60528
60528
60527
60527
60527
60527
60527
60526
60526
60526
60526
60525
60525
60525
60525
60525
60524
60524
60523
60523
60522
60521
60521
60519
60519
60519
60518
60518
60518
60518
60517
60517
60517
60517
60517
60516
60516
60516
60516
60516
60515
60515
60515
60515
60513
60513
60511
60511
60511
60511
60510
60510
60510
60510
60510
60509
60509
60509
60509
60508
60508
60508
60508
60508
60507
60507
60507
60506
60505
60505
60505
60505
60504
60504
60504
60504
60504
60503
60503
60503
60503
60502
60502
60502
60502
60502
60501
60501
60501
60501
60499
60499
60499
60499
60498
60498
60498
60498
60498
60497
60497
60497
60497
60497
60496
60496
60496
60496
60495
60495
60495
60495
60495
60494
60494
60494
60494
60494
60493
60493
60493
60493
60492
60492
60492
60492
60492
60491
60491
60491
60491
60490
60490
60490
60490
60490
60489
60489
60489
60489
60488
60488
60488
60488
60488
60487
60486
60486
60485
60485
60485
60485
60484
60484
60483
60481
60480
60477
60475
60474
60474
60473
60473
60472
60472
60471
60471
60471
60471
60470
60470
60470
60470
60470
60469
60469
60469
60469
60468
60468
60468
60468
60468
60467
60467
60467
60466
60465
60465
60465
60465
60464
60464
60464
60464
60464
60463
60463
60463
60463
60463
60461
60461
60461
60460
60460
60460
60458
60458
60457
60456
60456
60456
60456
60455
60455
60455
60454
60454
60454
60454
60453
60453
60453
60453
60453
60452
60452
60452
60452
60450
60450
60449
60449
60448
60448
60448
60448
60447
60447
60447
60447
60447
60446
60446
60446
60446
60445
60445
60445
60444
60444
60444
60443
60442
60442
60442
60442
60441
60441
60441
60441
60441
60440
60440
60440
60440
60440
60439
60439
60439
60439
60438
60438
60438
60438
60438
60437
60437
60437
60437
60437
60436
60436
60436
60436
60435
60435
60435
60435
60435
60434
60434
60434
60434
60434
60433
60433
60433
60433
60432
60432
60432
60432
60432
60431
60431
60431
60431
60430
60430
60430
60430
60430
60429
60429
60429
60429
60428
60428
60428
60428
60428
60427
60427
60427
60427
60427
60426
60425
60425
60424
60424
60424
60424
60423
60423
60423
60423
60423
60422
60422
60422
60422
60422
60421
60419
60415
60414
60410
60409
60408
60407
60407
60407
60407
60406
60406
60406
60406
60406
60405
60405
60405
60405
60404
60404
60404
60404
60404
60403
60403
60402
60401
60401
60401
60401
60400
60400
60400
60400
60400
60399
60399
60398
60398
60397
60397
60397
60397
60396
60396
60396
60395
60394
60393
60393
60392
60392
60392
60391
60391
60391
60391
60391
60390
60390
60390
60390
60389
60389
60389
60389
60389
60388
60388
60386
60386
60385
60384
60384
60384
60384
60384
60383
60383
60383
60383
60382
60382
60382
60382
60382
60381
60381
60381
60381
60381
60380
60379
60379
60378
60378
60378
60377
60377
60377
60377
60377
60376
60376
60376
60376
60376
60375
60375
60375
60375
60374
60374
60374
60374
60374
60373
60373
60373
60373
60373
60372
60372
60372
60372
60371
60371
60371
60371
60371
60370
60370
60370
60370
60369
60369
60369
60369
60369
60368
60368
60368
60368
60368
60367
60367
60367
60367
60366
60366
60366
60366
60366
60365
60365
60365
60365
60364
60364
60364
60364
60364
60363
60363
60363
60361
60361
60361
60361
60361
60360
60360
60360
60360
60360
60359
60359
60359
60359
60358
60358
60358
60358
60357
60357
60357
60357
60356
60356
60356
60356
60354
60353
60350
60349
60348
60346
60345
60345
60345
60345
60344
60344
60344
60344
60344
60343
60343
60343
60343
60343
60341
60341
60341
60340
60340
60340
60340
60340
60339
60338
60338
60338
60337
60337
60337
60337
60336
60336
60336
60336
60336
60334
60334
60332
60332
60332
60332
60331
60331
60331
60331
60330
60330
60330
60330
60330
60329
60329
60329
60329
60328
60328
60328
60328
60325
60325
60323
60323
60323
60323
60322
60322
60322
60322
60321
60321
60321
60321
60321
60320
60320
60320
60320
60319
60319
60319
60319
60317
60317
60317
60317
60316
60316
60316
60316
60315
60315
60315
60315
60315
60314
60314
60314
60314
60314
60313
60313
60313
60313
60312
60312
60312
60312
60311
60311
60311
60311
60311
60310
60310
60310
60310
60310
60309
60309
60309
60309
60308
60308
60308
60308
60308
60307
60307
60307
60307
60307
60306
60306
60306
60306
60305
60305
60305
60305
60305
60304
60304
60304
60304
60303
60303
60303
60303
60303
60302
60302
60301
60300
60300
60300
60300
60299
60299
60299
60299
60298
60298
60298
60298
60298
60297
60297
60297
60297
60297
60296
60296
60296
60296
60295
60295
60295
60295
60295
60294
60294
60294
60294
60294
60293
60293
60292
60289
60287
60286
60284
60283
60283
60283
60282
60282
60282
60282
60281
60281
60280
60280
60279
60279
60279
60279
60277
60277
60277
60277
60276
60276
60276
60276
60276
60275
60275
60275
60275
60274
60274
60273
60272
60271
60271
60270
60270
60270
60270
60270
60269
60269
60269
60269
60268
60268
60268
60268
60268
60267
60267
60267
60267
60267
60265
60265
60263
60263
60263
60263
60263
60262
60262
60262
60262
60261
60261
60261
60261
60261
60260
60260
60260
60260
60260
60259
60259
60258
60257
60257
60257
60257
60257
60256
60256
60256
60256
60256
60255
60255
60255
60255
60254
60254
60253
60253
60252
60252
60252
60252
60252
60251
60251
60251
60251
60251
60250
60250
60250
60250
60249
60249
60249
60249
60249
60248
60248
60248
60248
60248
60247
60247
60247
60247
60245
60245
60245
60245
60244
60244
60244
60244
60243
60243
60243
60243
60242
60242
60242
60242
60241
60241
60241
60241
60239
60239
60239
60239
60239
60238
60238
60238
60238
60237
60237
60237
60237
60236
60236
60236
60236
60236
60235
60235
60235
60235
60234
60234
60234
60234
60234
60233
60233
60233
60233
60233
60232
60232
60232
60232
60231
60231
60231
60231
60231
60230
60230
60230
60229
60227
60226
60224
60222
60219
60219
60219
60218
60217
60217
60215
60215
60215
60215
60214
60214
60214
60214
60214
60213
60213
60213
60213
60213
60212
60212
60212
60212
60210
60210
60209
60208
60208
60208
60208
60207
60207
60207
60207
60207
60206
60206
60206
60206
60205
60205
60205
60205
60205
60204
60204
60203
60202
60201
60201
60201
60200
60200
60200
60200
60199
60199
60199
60199
60199
60198
60198
60198
60198
60197
60197
60197
60197
60197
60195
60195
60194
60194
60194
60194
60194
60193
60193
60193
60193
60193
60192
60192
60192
60191
60191
60190
60190
60189
60189
60189
60189
60189
60188
60188
60188
60188
60187
60187
60187
60187
60187
60186
60186
60186
60186
60186
60185
60185
60185
60185
60184
60184
60184
60184
60184
60183
60183
60183
60183
60183
60182
60182
60182
60182
60181
60181
60181
60181
60181
60180
60180
60180
60179
60178
60178
60178
60178
60177
60177
60177
60177
60176
60176
60176
60176
60175
60175
60175
60175
60174
60174
60174
60174
60174
60173
60173
60173
60173
60172
60172
60172
60172
60172
60171
60171
60171
60171
60171
60170
60170
60170
60170
60170
60169
60169
60169
60169
60168
60168
60168
60168
60168
60167
60167
60167
60163
60161
60159
60157
60156
60155
60154
60154
60154
60154
60154
60153
60153
60152
60152
60152
60152
60151
60151
60151
60151
60151
60150
60149
60149
60148
60147
60147
60147
60147
60146
60146
60146
60146
60146
60145
60145
60145
60145
60144
60144
60144
60144
60144
60143
60143
60142
60142
60140
60140
60140
60140
60139
60139
60139
60139
60139
60138
60138
60138
60138
60137
60137
60137
60137
60137
60136
60136
60136
60135
60134
60134
60134
60134
60133
60133
60133
60133
60133
60132
60132
60132
60132
60131
60131
60131
60130
60129
60129
60129
60129
60129
60128
60128
60128
60128
60127
60127
60127
60127
60127
60126
60126
60126
60126
60125
60125
60124
60124
60123
60123
60123
60123
60122
60122
60122
60122
60107
60107
60107
60107
60106
60106
60106
60106
60106
60105
60105
60105
60105
60103
60102
60102
60102
60102
60101
60101
60101
60101
60101
60100
60100
60100
60100
60100
60099
60099
60099
60099
60098
60098
60098
60098
60098
60097
60097
60097
60097
60096
60096
60096
60096
60096
60095
60095
60095
60095
60095
60094
60094
60094
60094
60093
60093
60093
60093
60093
60092
60092
60092
60092
60092
60091
60091
60091
60091
60090
60090
60090
60090
60090
60089
60088
60086
60085
60083
60082
60081
60080
60080
60080
60080
60079
60079
60079
60079
60079
60078
60078
60077
60076
60075
60075
60075
60074
60074
60074
60074
60074
60073
60073
60073
60073
60072
60072
60072
60072
60072
60071
60071
60071
60071
60069
60069
60067
60067
60067
60067
60067
60066
60066
60065
60065
60065
60065
60065
60064
60064
60064
60064
60063
60063
60063
60063
60063
60061
60060
60060
60059
60059
60059
60059
60058
60058
60058
60058
60058
60057
60057
60057
60057
60057
60055
60055
60055
60054
60054
60054
60054
60054
60053
60053
60053
60053
60052
60052
60052
60052
60052
60051
60051
60051
60051
60049
60049
60048
60047
60047
60047
60047
60046
60046
60046
60046
60046
60045
60045
60045
60045
60045
60044
60044
60044
60043
60042
60042
60042
60042
60041
60041
60041
60041
60041
60040
60040
60040
60040
60039
60039
60039
60039
60039
60038
60038
60038
60038
60038
60037
60037
60037
60037
60036
60036
60036
60036
60036
60035
60035
60035
60035
60034
60034
60034
60034
60034
60033
60033
60033
60033
60032
60032
60032
60032
60032
60031
60031
60031
60031
60031
60030
60030
60030
60030
60029
60029
60029
60029
60029
60028
60028
60028
60028
60028
60027
60025
60022
60020
60019
60018
60016
60016
60016
60015
60015
60015
60014
60013
60012
60012
60011
60011
60011
60011
60011
60010
60010
60010
60010
60010
60009
60009
60009
60009
60008
60008
60008
60008
60008
60006
60006
60005
60004
60004
60004
60004
60004
60003
60003
60003
60003
60002
60002
60002
60002
60002
60001
60001
60001
60001
60001
60000
59999
59999
59998
59998
59998
59998
59997
59997
59997
59997
59997
59996
59996
59996
59996
59996
59995
59994
59994
59993
59993
59993
59993
59993
59992
59992
59992
59992
59992
59991
59991
59991
59991
59990
59990
59990
59990
59990
59988
59988
59987
59986
59986
59986
59986
59985
59985
59985
59985
59985
59984
59984
59984
59984
59983
59982
59982
59982
59981
59981
59981
59981
59981
59980
59980
59980
59980
59979
59979
59979
59979
59977
59977
59977
59977
59976
59976
59976
59976
59976
59975
59975
59975
59975
59974
59974
59974
59974
59974
59973
59973
59973
59973
59973
59972
59972
59972
59972
59971
59971
59971
59971
59971
59970
59970
59970
59970
59970
59969
59969
59969
59969
59968
59968
59968
59968
59968
59967
59967
59967
59967
59967
59966
59966
59966
59966
59965
59965
59965
59965
59965
59964
59964
59964
59964
59962
59961
59960
59958
59956
59954
59954
59952
59952
59952
59952
59951
59951
59951
59951
59950
59950
59950
59950
59950
59949
59949
59949
59949
59948
59948
59948
59948
59946
59946
59945
59944
59944
59944
59944
59943
59943
59943
59943
59943
59942
59942
59942
59942
59941
59941
59941
59941
59941
59940
59940
59939
59939
59938
59938
59938
59938
59937
59937
59937
59937
59937
59936
59936
59936
59936
59936
59935
59934
59934
59933
59933
59933
59933
59933
59932
59932
59932
59932
59931
59931
59931
59931
59931
59930
59930
59930
59930
59930
59928
59928
59926
59926
59926
59925
59925
59925
59925
59925
59924
59924
59924
59924
59922
59922
59922
59922
59921
59921
59921
59921
59920
59920
59920
59920
59920
59919
59919
59919
59919
59918
59918
59918
59918
59918
59917
59917
59917
59917
59916
59916
59916
59916
59916
59915
59915
59915
59915
59915
59914
59914
59914
59914
59913
59913
59913
59913
59913
59912
59912
59912
59912
59912
59911
59911
59911
59911
59910
59910
59910
59910
59910
59909
59909
59909
59909
59909
59908
59908
59908
59908
59908
59907
59907
59907
59907
59906
59906
59906
59906
59906
59905
59905
59905
59905
59904
59904
59904
59904
59904
59903
59903
59900
59897
59896
59894
59892
59891
59891
59891
59890
59890
59890
59890
59890
59889
59889
59889
59889
59888
59888
59888
59888
59888
59886
59886
59885
59884
59884
59884
59884
59883
59883
59883
59883
59883
59882
59882
59882
59882
59882
59881
59881
59881
59881
59880
59880
59879
59879
59878
59878
59878
59878
59878
59877
59877
59877
59877
59877
59876
59876
59876
59876
59875
59874
59874
59874
59873
59873
59873
59873
59872
59872
59872
59872
59871
59871
59871
59871
59870
59870
59870
59870
59870
59869
59868
59868
59866
59866
59866
59865
59865
59865
59865
59864
59864
59863
59863
59862
59862
59862
59862
59861
59861
59861
59861
59861
59860
59859
59859
59858
59858
59858
59858
59858
59857
59857
59857
59857
59857
59856
59856
59856
59856
59855
59855
59855
59855
59855
59854
59854
59854
59854
59854
59853
59853
59853
59853
59852
59852
59852
59852
59852
59851
59851
59851
59851
59851
59850
59850
59850
59850
59849
59849
59849
59849
59849
59848
59848
59848
59848
59848
59847
59847
59847
59847
59846
59846
59846
59846
59846
59845
59845
59845
59845
59845
59844
59844
59844
59844
59843
59843
59843
59843
59843
59842
59842
59842
59842
59842
59841
59841
59841
59841
59839
59838
59836
59835
59833
59832
59832
59832
59831
59831
59831
59831
59830
59830
59830
59830
59828
59828
59827
59827
59826
59826
59826
59826
59825
59825
59825
59825
59825
59824
59824
59824
59824
59823
59823
59823
59823
59823
59822
59821
59821
59821
59820
59820
59820
59820
59820
59819
59819
59819
59818
59818
59818
59818
59818
59817
59816
59816
59815
59815
59815
59815
59815
59814
59813
59812
59812
59812
59812
59812
59811
59811
59811
59811
59811
59810
59810
59809
59808
59807
59807
59806
59806
59806
59806
59804
59804
59804
59803
59803
59803
59803
59802
59802
59802
59802
59802
59801
59801
59801
59799
59799
59797
59797
59796
59796
59796
59796
59795
59795
59795
59795
59795
59794
59794
59794
59794
59793
59793
59793
59793
59793
59792
59792
59792
59792
59792
59791
59791
59791
59791
59790
59790
59790
59790
59790
59789
59789
59789
59789
59789
59788
59788
59788
59788
59787
59787
59787
59787
59787
59786
59786
59786
59786
59786
59785
59785
59785
59785
59784
59784
59784
59784
59784
59783
59783
59783
59783
59783
59782
59782
59782
59782
59781
59781
59781
59781
59781
59780
59780
59780
59780
59779
59779
59779
59779
59779
59778
59778
59778
59778
59777
59776
59774
59773
59771
59769
59768
59768
59768
59767
59767
59766
59765
59764
59764
59763
59763
59763
59763
59762
59762
59762
59762
59761
59761
59761
59761
59761
59760
59760
59760
59760
59759
59759
59758
59757
59757
59757
59757
59757
59756
59756
59756
59756
59756
59755
59755
59755
59755
59754
59754
59753
59753
59752
59752
59752
59752
59751
59751
59751
59751
59750
59750
59750
59750
59750
59749
59749
59749
59749
59749
59748
59747
59747
59745
59745
59745
59743
59743
59743
59743
59742
59742
59742
59742
59742
59741
59741
59741
59741
59741
59740
59740
59740
59740
59738
59738
59737
59736
59736
59736
59736
59735
59735
59735
59735
59735
59734
59734
59734
59734
59734
59733
59733
59733
59733
59732
59732
59732
59732
59732
59731
59731
59731
59731
59731
59730
59730
59730
59728
59728
59728
59728
59727
59727
59727
59727
59727
59726
59726
59726
59726
59725
59725
59725
59725
59725
59724
59724
59724
59724
59724
59723
59723
59723
59723
59722
59722
59722
59722
59722
59721
59721
59721
59721
59721
59720
59720
59720
59720
59719
59719
59719
59719
59719
59718
59718
59718
59718
59718
59717
59717
59717
59717
59716
59716
59716
59716
59716
59715
59715
59715
59715
59713
59712
59710
59709
59706
59704
59703
59703
59702
59702
59702
59702
59701
59701
59701
59701
59701
59700
59700
59700
59700
59700
59699
59699
59699
59699
59698
59697
59697
59697
59696
59696
59696
59696
59696
59695
59695
59695
59695
59694
59694
59694
59694
59694
59692
59692
59692
59692
59691
59691
59691
59691
59690
59690
59690
59690
59690
59689
59689
59689
59689
59689
59688
59688
59688
59686
59686
59684
59683
59683
59683
59683
59683
59682
59682
59682
59682
59682
59681
59681
59681
59681
59680
59680
59680
59680
59680
59679
59678
59678
59675
59675
59675
59675
59674
59674
59674
59674
59674
59673
59673
59673
59673
59672
59672
59672
59672
59672
59671
59671
59671
59671
59670
59670
59670
59670
59670
59669
59669
59669
59669
59669
59668
59668
59668
59668
59667
59667
59667
59667
59667
59666
59666
59666
59666
59666
59665
59665
59665
59665
59664
59664
59664
59664
59664
59663
59663
59663
59663
59662
59662
59662
59662
59662
59661
59661
59661
59661
59661
59660
59660
59660
59660
59659
59659
59659
59659
59659
59658
59658
59658
59658
59657
59657
59657
59657
59657
59656
59656
59656
59656
59655
59655
59655
59655
59655
59654
59654
59654
59654
59653
59653
59650
59648
59647
59646
59644
59643
59643
59642
59642
59642
59642
59642
59641
59641
59641
59641
59640
59640
59640
59640
59639
59638
59638
59638
59637
59637
59637
59637
59636
59636
59636
59636
59636
59635
59635
59635
59635
59635
59633
59633
59633
59632
59632
59632
59632
59631
59631
59631
59631
59631
59630
59630
59630
59630
59629
59629
59629
59629
59627
59626
59625
59624
59624
59623
59623
59623
59623
59622
59622
59622
59622
59622
59621
59621
59621
59621
59621
59620
59620
59620
59620
59619
59618
59618
59616
59616
59616
59616
59615
59615
59615
59615
59614
59614
59614
59614
59614
59613
59613
59613
59613
59613
59612
59612
59612
59610
59610
59610
59610
59609
59609
59609
59609
59609
59608
59608
59608
59608
59608
59607
59607
59607
59607
59606
59606
59606
59606
59605
59605
59605
59605
59604
59604
59604
59590
59590
59589
59589
59589
59589
59589
59588
59588
59588
59588
59588
59587
59587
59587
59587
59586
59586
59586
59586
59585
59585
59585
59585
59584
59584
59584
59584
59583
59583
59583
59583
59583
59582
59582
59582
59582
59582
59581
59581
59581
59581
59580
59580
59580
59580
59580
59579
59579
59579
59579
59579
59577
59577
59576
59576
59576
59576
59574
59573
59571
59570
59568
59567
59567
59566
59566
59566
59566
59566
59565
59565
59565
59564
59563
59563
59563
59563
59562
59562
59562
59562
59562
59561
59561
59561
59561
59560
59560
59560
59559
59558
59558
59558
59558
59558
59557
59557
59557
59557
59556
59556
59556
59556
59556
59555
59555
59554
59554
59553
59553
59552
59552
59550
59550
59550
59549
59549
59549
59549
59549
59548
59547
59547
59547
59546
59546
59546
59546
59545
59545
59545
59545
59545
59543
59543
59540
59540
59540
59540
59540
59539
59539
59539
59538
59538
59538
59538
59538
59537
59537
59537
59537
59537
59536
59536
59536
59535
59534
59534
59534
59534
59533
59533
59533
59533
59533
59532
59532
59532
59532
59531
59531
59531
59531
59531
59530
59530
59530
59530
59530
59529
59529
59529
59529
59529
59528
59528
59528
59528
59527
59527
59527
59527
59527
59526
59526
59526
59526
59526
59525
59525
59525
59525
59524
59524
59524
59524
59524
59523
59523
59523
59523
59523
59522
59522
59522
59522
59521
59521
59521
59521
59521
59520
59520
59520
59520
59519
59519
59519
59519
59519
59518
59518
59518
59517
59516
59516
59516
59516
59515
59515
59515
59515
59515
59514
59514
59514
59514
59514
59512
59511
59510
59508
59507
59505
59505
59505
59505
59503
59503
59503
59503
59502
59502
59502
59502
59501
59501
59501
59501
59500
59500
59500
59500
59500
59498
59498
59498
59498
59497
59497
59497
59497
59496
59496
59496
59496
59496
59495
59494
59494
59494
59493
59493
59493
59493
59492
59491
59490
59489
59489
59489
59489
59489
59488
59488
59488
59488
59487
59487
59487
59487
59487
59486
59486
59486
59486
59486
59485
59484
59484
59482
59482
59482
59482
59481
59481
59481
59481
59480
59480
59480
59480
59480
59479
59479
59479
59479
59479
59478
59478
59478
59477
59476
59476
59476
59475
59475
59475
59475
59474
59474
59474
59474
59474
59473
59473
59473
59473
59473
59472
59472
59472
59472
59472
59471
59471
59471
59471
59470
59470
59470
59470
59470
59469
59469
59469
59467
59467
59467
59467
59466
59466
59466
59466
59466
59465
59465
59465
59465
59464
59464
59464
59464
59464
59463
59463
59463
59463
59463
59462
59462
59462
59462
59461
59461
59461
59461
59461
59460
59460
59460
59460
59460
59459
59459
59459
59457
59457
59457
59457
59456
59456
59456
59456
59456
59455
59455
59455
59455
59454
59454
59454
59454
59454
59453
59453
59453
59453
59453
59452
59449
59448
59447
59444
59442
59441
59441
59440
59440
59440
59440
59439
59439
59439
59439
59439
59438
59438
59438
59438
59436
59436
59436
59436
59436
59435
59435
59435
59435
59434
59434
59433
59433
59432
59432
59432
59432
59432
59431
59431
59431
59430
59429
59428
59428
59427
59427
59427
59427
59427
59426
59426
59426
59426
59425
59425
59425
59425
59425
59424
59424
59424
59424
59424
59422
59422
59419
59419
59419
59419
59419
59418
59418
59418
59418
59417
59417
59417
59417
59417
59416
59416
59416
59416
59416
59415
59415
59414
59414
59413
59413
59413
59413
59412
59412
59412
59412
59412
59411
59411
59411
59411
59410
59410
59410
59410
59410
59409
59409
59409
59409
59409
59408
59408
59408
59408
59407
59407
59407
59407
59407
59406
59406
59406
59406
59406
59405
59405
59405
59405
59404
59404
59404
59404
59404
59403
59403
59403
59403
59403
59402
59402
59402
59402
59401
59401
59401
59401
59401
59400
59400
59400
59400
59399
59399
59399
59399
59399
59398
59397
59397
59396
59396
59396
59396
59396
59395
59395
59395
59395
59394
59394
59394
59394
59394
59393
59393
59393
59393
59392
59392
59392
59392
59392
59391
59391
59391
59391
59391
59390
59390
59390
59387
59386
59384
59383
59382
59380
59380
59380
59379
59379
59379
59379
59378
59378
59377
59376
59376
59376
59376
59376
59375
59375
59374
59374
59373
59373
59373
59373
59372
59372
59372
59372
59372
59371
59371
59370
59370
59368
59368
59368
59367
59367
59367
59367
59366
59366
59366
59366
59366
59365
59365
59365
59365
59364
59364
59364
59364
59364
59362
59362
59361
59360
59360
59360
59360
59359
59359
59359
59359
59358
59358
59358
59358
59358
59357
59357
59357
59357
59356
59356
59356
59354
59354
59354
59354
59354
59353
59353
59353
59353
59352
59352
59352
59352
59352
59351
59351
59351
59351
59351
59350
59350
59350
59350
59348
59348
59347
59347
59347
59347
59347
59346
59346
59346
59346
59345
59345
59345
59345
59345
59344
59344
59344
59344
59344
59343
59343
59343
59343
59342
59342
59342
59342
59341
59341
59341
59341
59341
59340
59340
59340
59340
59340
59339
59339
59339
59339
59338
59338
59338
59337
59336
59336
59336
59335
59335
59335
59335
59334
59334
59334
59334
59334
59333
59333
59333
59333
59332
59332
59332
59332
59332
59331
59331
59331
59331
59331
59330
59330
59330
59330
59329
59329
59329
59329
59329
59328
59328
59328
59328
59328
59327
59326
59324
59323
59321
59320
59318
59318
59318
59317
59316
59316
59316
59316
59314
59314
59314
59314
59313
59313
59313
59313
59313
59312
59312
59312
59312
59311
59311
59311
59310
59309
59308
59308
59308
59307
59307
59307
59307
59306
59306
59306
59306
59306
59305
59305
59305
59305
59304
59304
59304
59304
59304
59302
59302
59301
59300
59300
59300
59300
59300
59299
59299
59299
59299
59296
59296
59296
59296
59296
59295
59295
59295
59295
59294
59294
59293
59292
59292
59292
59292
59292
59291
59291
59291
59291
59291
59290
59290
59290
59290
59289
59289
59289
59289
59289
59288
59288
59288
59287
59286
59286
59286
59286
59285
59285
59285
59285
59285
59284
59284
59284
59284
59283
59283
59283
59283
59283
59282
59282
59282
59282
59282
59281
59281
59281
59281
59280
59280
59280
59280
59280
59279
59279
59279
59279
59279
59278
59278
59278
59278
59277
59276
59275
59275
59275
59275
59274
59274
59274
59274
59274
59273
59273
59273
59273
59273
59272
59272
59272
59272
59271
59271
59271
59271
59271
59270
59270
59270
59270
59270
59269
59269
59269
59269
59268
59268
59268
59268
59268
59267
59267
59267
59267
59267
59266
59266
59266
59266
59265
59265
59265
59265
59263
59262
59260
59258
59257
59256
59255
59255
59255
59255
59254
59254
59254
59254
59254
59253
59253
59253
59253
59252
59252
59252
59252
59250
59250
59249
59249
59248
59248
59248
59248
59247
59247
59247
59247
59247
59246
59246
59246
59246
59246
59245
59245
59245
59245
59244
59243
59243
59241
59241
59241
59241
59240
59240
59239
59239
59239
59239
59239
59238
59238
59238
59238
59237
59237
59237
59237
59237
59236
59235
59235
59235
59234
59234
59234
59234
59234
59233
59233
59233
59233
59232
59232
59232
59232
59232
59231
59231
59231
59231
59231
59230
59229
59229
59228
59228
59228
59228
59227
59227
59227
59227
59227
59226
59226
59226
59226
59224
59224
59224
59224
59224
59223
59223
59223
59223
59222
59222
59222
59222
59222
59221
59221
59221
59221
59221
59220
59220
59219
59218
59218
59218
59217
59216
59216
59216
59216
59215
59215
59215
59215
59214
59214
59214
59214
59214
59213
59213
59213
59213
59212
59212
59212
59212
59212
59211
59211
59211
59211
59211
59210
59210
59210
59210
59209
59209
59209
59209
59208
59208
59208
59207
59207
59207
59207
59207
59206
59206
59206
59206
59206
59205
59205
59205
59205
59204
59204
59204
59204
59204
59203
59203
59202
59199
59198
59196
59194
59193
59192
59192
59192
59192
59191
59191
59191
59191
59191
59190
59190
59189
59188
59187
59187
59187
59186
59186
59186
59186
59185
59185
59185
59185
59185
59184
59184
59184
59184
59184
59183
59183
59183
59183
59181
59181
59180
59180
59179
59179
59179
59179
59178
59178
59178
59178
59178
59177
59177
59177
59177
59177
59176
59176
59176
59176
59175
59173
59173
59173
59172
59172
59172
59172
59172
59171
59171
59171
59171
59170
59170
59170
59170
59170
59169
59169
59169
59169
59169
59168
59167
59167
59166
59166
59166
59166
59165
59165
59165
59165
59165
59164
59164
59164
59164
59162
59162
59162
59162
59161
59161
59161
59161
59161
59160
59160
59160
59160
59160
59159
59159
59159
59159
59158
59158
59158
59158
59156
59156
59156
59156
59155
59155
59155
59155
59155
59154
59154
59154
59154
59153
59153
59153
59153
59153
59152
59152
59152
59152
59152
59151
59151
59151
59151
59150
59150
59150
59150
59150
59149
59149
59149
59149
59149
59148
59148
59148
59148
59147
59147
59147
59147
59147
59146
59146
59146
59146
59146
59145
59145
59145
59145
59144
59144
59144
59144
59144
59143
59143
59143
59143
59143
59142
59142
59142
59142
59139
59138
59136
59135
59134
59132
59132
59132
59132
59131
59131
59130
59130
59128
59128
59128
59128
59128
59127
59127
59127
59127
59126
59126
59126
59126
59126
59125
59125
59125
59125
59125
59124
59124
59122
59122
59121
59121
59120
59120
59120
59120
59119
59119
59119
59119
59119
59118
59118
59118
59118
59118
59117
59117
59117
59117
59116
59115
59114
59114
59114
59114
59114
59113
59113
59113
59113
59113
59112
59112
59112
59112
59111
59111
59111
59111
59111
59110
59110
59110
59108
59108
59108
59108
59107
59107
59107
59107
59107
59106
59106
59106
59106
59105
59105
59104
59104
59102
59102
59102
59102
59101
59101
59101
59101
59101
59100
59100
59100
59100
59100
59099
59099
59099
59097
59097
59097
59097
59096
59096
59096
59096
59096
59095
59095
59095
59095
59094
59094
59094
59094
59094
59093
59093
59093
59093
59093
59092
59092
59092
59092
59091
59091
59091
59091
59091
59090
59090
59090
59090
59090
59089
59089
59089
59089
59088
59088
59088
59088
59088
59087
59087
59087
59087
59087
59086
59086
59086
59086
59085
59085
59085
59085
59085
59084
59084
59084
59084
59084
59083
59083
59083
59083
59083
59082
59082
59082
59082
59081
59081
59081
59081
59079
59078
59076
59075
59074
59071
59071
59069
59069
59069
59069
59068
59068
59068
59068
59068
59067
59067
59067
59067
59066
59066
59066
59066
59066
59065
59065
59065
59064
59063
59062
59062
59061
59061
59061
59061
59061
59060
59060
59060
59060
59059
59059
59059
59059
59059
59058
59058
59058
59058
59058
59056
59056
59056
59055
59055
59055
59055
59055
59054
59054
59054
59054
59054
59051
59051
59051
59051
59050
59050
59050
59050
59049
59049
59047
59047
59047
59047
59047
59046
59046
59046
59046
59045
59045
59045
59045
59045
59044
59043
59043
59041
59041
59041
59040
59040
59040
59040
59039
59039
59039
59039
59038
59038
59038
59037
59036
59036
59036
59036
59036
59035
59035
59035
59035
59034
59034
59034
59034
59034
59033
59033
59033
59033
59032
59032
59032
59032
59032
59031
59031
59031
59031
59031
59030
59030
59030
59030
59029
59029
59029
59029
59029
59028
59028
59028
59028
59028
59027
59027
59027
59027
59026
59026
59026
59026
59026
59025
59025
59025
59025
59025
59024
59024
59024
59024
59023
59023
59023
59023
59023
59022
59022
59022
59022
59021
59021
59021
59021
59021
59020
59020
59020
59020
59020
59019
59019
59019
59019
59019
59018
59018
59017
59014
59012
59011
59009
59008
59008
59008
59007
59007
59007
59007
59006
59006
59006
59005
59005
59005
59005
59005
59004
59004
59003
59002
59001
59001
59000
59000
59000
59000
59000
58999
58999
58999
58999
58999
58998
58998
58998
58998
58997
58997
58997
58997
58997
58995
58995
58995
58994
58994
58994
58994
58994
58993
58993
58993
58992
58992
58992
58992
58992
58991
58991
58991
58991
58990
58990
58990
58989
58988
58988
58988
58988
58988
58987
58987
58987
58987
58986
58986
58986
58986
58986
58984
58984
58983
58983
58982
58982
58982
58982
58981
58981
58981
58981
58981
58979
58979
58979
58978
58978
58978
58978
58978
58977
58977
58976
58975
58975
58975
58975
58974
58974
58974
58974
58974
58973
58973
58973
58973
58973
58972
58972
58972
58972
58971
58971
58971
58970
58969
58969
58969
58969
58968
58968
58968
58968
58968
58967
58967
58967
58967
58967
58966
58966
58966
58966
58965
58965
58965
58965
58965
58964
58964
58964
58964
58963
58963
58963
58963
58963
58962
58962
58962
58962
58962
58961
58961
58961
58961
58960
58960
58960
58960
58960
58959
58959
58959
58959
58959
58958
58958
58958
58958
58958
58957
58957
58957
58957
58956
58956
58956
58954
58953
58952
58950
58948
58947
58946
58946
58946
58946
58945
58945
58945
58945
58944
58944
58943
58943
58941
58941
58941
58940
58940
58940
58940
58940
58939
58939
58939
58939
58939
58938
58938
58938
58938
58937
58937
58937
58937
58935
58935
58935
58934
58934
58934
58934
58934
58933
58933
58933
58933
58933
58932
58932
58932
58932
58931
58931
58931
58931
58931
58930
58929
58929
58928
58928
58928
58928
58927
58927
58927
58927
58927
58926
58926
58926
58926
58923
58923
58922
58921
58921
58921
58921
58921
58920
58920
58919
58919
58918
58918
58918
58918
58917
58917
58917
58917
58916
58916
58916
58914
58914
58913
58913
58912
58912
58912
58912
58912
58911
58911
58911
58911
58911
58910
58910
58910
58910
58909
58909
58909
58909
58909
58908
58908
58908
58908
58907
58907
58907
58907
58907
58906
58906
58906
58906
58906
58905
58905
58905
58905
58904
58904
58904
58904
58904
58903
58903
58903
58903
58903
58902
58902
58902
58902
58901
58901
58901
58901
58901
58900
58900
58900
58900
58900
58899
58899
58899
58899
58898
58898
58898
58898
58898
58897
58897
58897
58897
58897
58896
58896
58896
58896
58895
58895
58895
58895
58895
58894
58894
58894
58894
58891
58889
58888
58886
58885
58883
58883
58883
58883
58882
58881
58881
58879
58879
58879
58879
58879
58878
58878
58878
58878
58877
58877
58877
58877
58877
58876
58876
58876
58876
58876
58875
58875
58874
58873
58873
58873
58873
58873
58872
58872
58872
58872
58871
58871
58871
58871
58871
58870
58870
58870
58870
58870
58869
58869
58869
58867
58867
58867
58867
58866
58866
58866
58866
58866
58865
58865
58865
58865
58864
58864
58863
58863
58861
58861
58861
58861
58860
58859
58859
58859
58858
58858
58858
58858
58857
58857
58857
58857
58857
58856
58856
58856
58856
58854
58854
58853
58852
58852
58852
58852
58851
58851
58851
58851
58851
58850
58850
58850
58850
58850
58849
58849
58849
58849
58848
58848
58848
58848
58848
58847
58847
58847
58847
58847
58846
58846
58846
58846
58845
58845
58845
58845
58845
58844
58844
58844
58844
58843
58843
58843
58843
58843
58842
58842
58842
58842
58842
58841
58841
58841
58841
58840
58840
58840
58840
58840
58839
58839
58839
58839
58839
58838
58838
58838
58838
58837
58837
58837
58837
58837
58836
58836
58836
58836
58835
58835
58835
58835
58835
58834
58834
58834
58833
58833
58833
58833
58832
58832
58832
58832
58832
58830
58828
58827
58826
58823
58822
58821
58821
58820
58820
58820
58820
58819
58819
58819
58819
58819
58818
58818
58818
58818
58818
58817
58817
58817
58817
58816
58815
58815
58815
58814
58814
58814
58814
58814
58813
58813
58813
58813
58812
58812
58812
58812
58812
58811
58811
58811
58811
58811
58810
58809
58809
58809
58808
58808
58808
58808
58808
58807
58807
58807
58807
58806
58806
58804
58802
58802
58801
58800
58799
58799
58799
58798
58798
58798
58798
58797
58797
58797
58797
58797
58796
58796
58796
58796
58795
58795
58795
58794
58793
58792
58792
58791
58791
58791
58791
58790
58790
58790
58790
58790
58789
58789
58789
58789
58789
58788
58788
58788
58788
58787
58787
58787
58787
58787
58786
58786
58786
58786
58786
58785
58785
58785
58785
58785
58784
58784
58784
58784
58783
58783
58783
58783
58783
58782
58782
58782
58782
58781
58781
58781
58781
58781
58780
58780
58780
58780
58780
58779
58779
58779
58779
58779
58778
58778
58778
58778
58777
58777
58777
58777
58777
58776
58776
58776
58776
58775
58775
58775
58775
58775
58774
58774
58774
58774
58773
58773
58773
58773
58773
58772
58772
58772
58772
58772
58771
58771
58771
58771
58770
58770
58770
58768
58766
58764
58763
58762
58760
58760
58760
58759
58759
58759
58759
58759
58758
58758
58758
58758
58758
58757
58757
58757
58755
58755
58755
58755
58754
58754
58754
58754
58754
58753
58753
58753
58753
58752
58752
58752
58752
58752
58751
58751
58751
58751
58751
58748
58748
58748
58748
58747
58747
58747
58747
58747
58746
58746
58746
58745
58745
58745
58743
58741
58740
58740
58739
58739
58739
58739
58738
58738
58738
58738
58737
58737
58737
58737
58737
58736
58736
58736
58736
58736
58735
58734
58733
58732
58732
58732
58731
58731
58731
58731
58730
58730
58730
58730
58730
58729
58729
58729
58729
58729
58728
58728
58728
58728
58726
58726
58726
58725
58725
58725
58725
58725
58724
58724
58724
58724
58724
58723
58723
58723
58723
58722
58722
58722
58722
58722
58721
58720
58720
58719
58719
58719
58719
58718
58718
58718
58718
58718
58717
58717
58717
58717
58717
58716
58716
58716
58716
58715
58715
58715
58715
58715
58714
58714
58714
58714
58714
58713
58713
58713
58713
58712
58712
58712
58712
58711
58711
58711
58711
58711
58710
58710
58710
58710
58710
58709
58709
58709
58709
58709
58708
58708
58708
58708
58707
58707
58707
58705
58705
58705
58705
58703
58702
58701
58699
58698
58696
58696
58696
58696
58695
58695
58695
58695
58695
58694
58693
58692
58692
58692
58692
58692
58691
58691
58691
58691
58690
58690
58690
58690
58690
58689
58689
58689
58689
58689
58688
58688
58688
58686
58686
58686
58686
58685
58685
58685
58685
58685
58684
58684
58684
58684
58681
58681
58680
58679
58678
58678
58678
58677
58677
58677
58677
58676
58676
58676
58676
58676
58675
58675
58675
58675
58675
58674
58674
58674
58674
58672
58672
58671
58670
58670
58670
58670
58670
58669
58669
58669
58669
58668
58668
58668
58668
58668
58667
58667
58667
58667
58667
58666
58665
58665
58664
58664
58664
58664
58664
58663
58663
58663
58663
58662
58662
58662
58662
58662
58661
58661
58661
58661
58661
58660
58660
58660
58660
58659
58659
58659
58659
58659
58658
58658
58658
58658
58658
58657
58657
58657
58657
58656
58656
58656
58656
58656
58655
58655
58655
58655
58654
58654
58654
58654
58654
58653
58653
58653
58653
58653
58652
58652
58652
58652
58651
58651
58651
58651
58651
58650
58650
58650
58650
58649
58649
58649
58649
58649
58648
58648
58648
58648
58646
58646
58646
58645
58645
58645
58645
58645
58644
58644
58644
58644
58644
58641
58640
58638
58636
58635
58634
58633
58633
58633
58631
58631
58631
58631
58630
58630
58630
58630
58629
58629
58629
58629
58629
58628
58628
58628
58628
58628
58627
58627
58627
58627
58627
58625
58625
58625
58624
58624
58624
58624
58624
58623
58623
58622
58622
58621
58621
58621
58620
58619
58618
58618
58617
58617
58617
58617
58617
58616
58616
58616
58616
58616
58615
58615
58615
58615
58614
58614
58614
58614
58614
58612
58612
58611
58610
58610
58610
58610
58609
58609
58609
58609
58609
58608
58608
58608
58608
58608
58607
58607
58607
58607
58606
58606
58605
58604
58604
58604
58590
58590
58590
58589
58589
58589
58589
58588
58588
58588
58588
58587
58587
58587
58587
58587
58586
58586
58586
58586
58586
58585
58585
58585
58585
58584
58584
58584
58584
58584
58583
58583
58583
58583
58583
58582
58582
58582
58582
58581
58581
58581
58581
58581
58580
58580
58580
58580
58580
58579
58579
58579
58579
58578
58578
58578
58578
58578
58577
58577
58577
58577
58576
58576
58576
58576
58576
58575
58575
58575
58575
58575
58574
58573
58573
58572
58572
58572
58572
58571
58571
58571
58571
58571
58570
58570
58570
58570
58570
58569
58569
58569
58569
58568
58568
58567
58565
58564
58561
58560
58559
58559
58558
58558
58558
58558
58557
58557
58557
58557
58557
58556
58556
58556
58556
58555
58555
58555
58555
58555
58554
58553
58553
58552
58552
58552
58552
58551
58549
58549
58548
58548
58548
58548
58548
58547
58546
58546
58545
58544
58544
58544
58544
58543
58543
58543
58543
58542
58542
58542
58542
58542
58541
58541
58541
58541
58541
58540
58540
58538
58537
58536
58535
58535
58535
58535
58535
58534
58534
58534
58534
58533
58533
58533
58533
58533
58532
58532
58532
58532
58532
58531
58530
58530
58529
58529
58529
58529
58528
58528
58528
58528
58528
58527
58527
58527
58527
58527
58526
58526
58526
58526
58526
58525
58525
58525
58525
58524
58524
58524
58524
58524
58523
58523
58523
58523
58522
58522
58522
58522
58522
58521
58521
58521
58521
58521
58520
58520
58520
58520
58519
58519
58519
58519
58519
58518
58518
58518
58518
58518
58517
58517
58517
58517
58516
58516
58516
58516
58516
58515
58515
58515
58515
58515
58514
58514
58513
58513
58512
58512
58512
58512
58511
58511
58511
58511
58511
58510
58510
58510
58510
58509
58509
58509
58509
58509
58508
58508
58508
58508
58508
58507
58507
58507
58507
58506
58506
58505
58503
58502
58501
58499
58497
58496
58496
58496
58496
58495
58495
58495
58495
58495
58494
58494
58494
58494
58494
58492
58492
58492
58491
58490
58489
58489
58489
58489
58489
58488
58488
58488
58488
58487
58486
58486
58484
58484
58484
58484
58484
58483
58483
58483
58483
58483
58482
58482
58482
58482
58481
58481
58481
58480
58480
58480
58480
58478
58478
58477
58477
58476
58476
58476
58475
58475
58475
58475
58475
58474
58474
58474
58474
58474
58473
58473
58473
58473
58472
58472
58471
58471
58470
58470
58470
58470
58469
58469
58469
58469
58469
58468
58468
58468
58468
58468
58467
58467
58467
58467
58466
58466
58466
58465
58464
58464
58464
58464
58463
58463
58463
58463
58463
58462
58462
58462
58462
58461
58461
58461
58461
58461
58460
58460
58460
58460
58460
58458
58458
58458
58457
58457
58457
58457
58457
58456
58456
58456
58456
58455
58455
58455
58455
58455
58454
58454
58454
58454
58454
58453
58453
58452
58451
58451
58451
58451
58451
58450
58450
58450
58450
58449
58449
58449
58449
58449
58448
58448
58448
58448
58447
58447
58447
58447
58447
58446
58446
58446
58446
58446
58445
58445
58445
58445
58444
58444
58444
58444
58444
58443
58443
58442
58440
58439
58438
58436
58435
58434
58434
58434
58434
58433
58433
58433
58433
58431
58429
58429
58429
58429
58428
58428
58428
58428
58427
58427
58427
58427
58427
58426
58425
58425
58423
58423
58423
58423
58422
58422
58422
58422
58421
58421
58421
58421
58421
58420
58420
58420
58420
58420
58419
58419
58419
58418
58417
58416
58416
58415
58415
58415
58415
58415
58414
58414
58414
58414
58413
58413
58413
58413
58413
58412
58412
58412
58412
58412
58410
58410
58410
58409
58409
58409
58409
58409
58408
58408
58408
58408
58407
58407
58407
58407
58407
58406
58406
58406
58406
58406
58405
58404
58404
58403
58403
58403
58403
58403
58402
58402
58402
58402
58401
58401
58401
58401
58401
58400
58400
58400
58400
58400
58399
58399
58399
58399
58398
58398
58398
58398
58398
58397
58397
58397
58397
58397
58396
58396
58396
58396
58395
58395
58395
58395
58395
58394
58393
58393
58392
58392
58392
58391
58391
58391
58391
58391
58390
58390
58390
58390
58390
58389
58389
58389
58389
58388
58388
58388
58388
58388
58387
58387
58387
58387
58387
58386
58386
58386
58386
58385
58385
58385
58385
58384
58384
58384
58384
58384
58383
58383
58383
58383
58382
58382
58382
58375
58373
58371
58369
58368
58366
58364
58363
58361
58361
58361
58269
58268
58267
58267
58267
58267
58266
58266
58266
58266
58266
58265
58263
58263
58261
58261
58261
58260
58260
58260
58260
58260
58259
58259
58259
58259
58258
58258
58258
58258
58258
58257
58257
58257
58257
58255
58255
58254
58253
58253
58253
58253
58253
58252
58252
58252
58252
58251
58251
58251
58251
58251
58250
58250
58250
58250
58249
58249
58248
58248
58248
58247
58247
58247
58247
58246
58246
58246
58246
58246
58245
58245
58245
58245
58244
58244
58244
58244
58244
58243
58243
58242
58241
58241
58241
58241
58240
58240
58240
58240
58239
58239
58239
58239
58238
58238
58238
58238
58238
58237
58237
58237
58237
58237
58236
58236
58236
58236
58235
58235
58235
58235
58235
58234
58234
58234
58234
58234
58233
58233
58233
58233
58232
58231
58231
58231
58230
58230
58230
58230
58229
58229
58229
58229
58229
58228
58228
58228
58228
58228
58227
58227
58227
58227
58226
58226
58226
58226
58226
58225
58225
58225
58225
58225
58224
58224
58224
58224
58224
58223
58223
58223
58223
58222
58222
58222
58222
58222
58221
58221
58221
58221
58221
58220
58220
58220
58220
58219
58219
58219
58219
58215
58214
58211
58210
58209
58207
58207
58206
58206
58206
58206
58206
58205
58205
58205
58205
58205
58202
58201
58200
58200
58200
58199
58199
58199
58199
58199
58198
58198
58198
58198
58197
58197
58197
58197
58197
58196
58196
58196
58196
58194
58194
58193
58193
58192
58192
58192
58192
58191
58191
58191
58191
58191
58190
58190
58190
58190
58190
58189
58189
58189
58189
58188
58187
58186
58186
58185
58185
58185
58185
58184
58184
58184
58184
58184
58183
58183
58182
58182
58182
58182
58182
58181
58181
58181
58181
58179
58179
58179
58179
58179
58178
58178
58178
58178
58177
58177
58177
58177
58176
58176
58176
58176
58176
58175
58175
58175
58173
58173
58173
58172
58172
58172
58172
58172
58171
58171
58171
58171
58171
58170
58170
58170
58170
58170
58168
58168
58168
58167
58167
58167
58167
58167
58166
58166
58166
58166
58166
58165
58165
58165
58165
58164
58164
58164
58164
58164
58163
58163
58163
58163
58163
58162
58162
58162
58162
58161
58161
58161
58161
58161
58160
58160
58160
58160
58160
58159
58159
58159
58159
58158
58158
58158
58158
58158
58157
58157
58157
58157
58156
58156
58156
58156
58156
58155
58155
58155
58155
58155
58154
58154
58154
58152
58151
58149
58148
58147
58145
58145
58145
58145
58144
58144
58143
58142
58141
58141
58141
58140
58140
58140
58140
58139
58139
58139
58139
58139
58138
58138
58138
58138
58138
58137
58137
58137
58137
58135
58135
58134
58133
58133
58133
58133
58132
58132
58132
58132
58132
58131
58131
58131
58131
58131
58130
58130
58130
58130
58129
58129
58128
58128
58127
58127
58127
58127
58127
58126
58126
58126
58126
58126
58125
58125
58125
58125
58124
58124
58124
58124
58124
58123
58123
58122
58121
58121
58121
58121
58121
58120
58120
58120
58120
58119
58119
58119
58119
58119
58118
58118
58118
58118
58118
58117
58116
58116
58115
58114
58114
58114
58114
58113
58113
58113
58113
58113
58112
58112
58112
58110
58110
58110
58110
58109
58109
58109
58109
58109
58108
58108
58108
58106
58106
58106
58106
58106
58105
58105
58105
58105
58105
58104
58104
58104
58104
58103
58103
58103
58103
58102
58102
58102
58102
58102
58101
58101
58101
58101
58101
58100
58100
58100
58100
58100
58099
58099
58099
58099
58098
58098
58098
58098
58098
58097
58097
58097
58097
58096
58096
58096
58096
58096
58095
58095
58095
58095
58094
58094
58094
58094
58094
58093
58093
58093
58093
58091
58089
58087
58086
58084
58081
58080
58079
58079
58078
58078
58078
58078
58078
58077
58077
58077
58077
58076
58076
58076
58076
58076
58075
58075
58075
58075
58075
58073
58073
58072
58071
58071
58071
58070
58070
58070
58070
58070
58069
58069
58069
58069
58069
58068
58068
58068
58068
58067
58067
58067
58066
58065
58065
58065
58065
58064
58064
58064
58064
58064
58063
58063
58063
58063
58062
58062
58062
58062
58062
58061
58061
58061
58061
58059
58059
58059
58059
58058
58058
58058
58058
58057
58057
58057
58057
58057
58056
58056
58056
58056
58056
58055
58055
58055
58053
58053
58052
58052
58051
58051
58051
58051
58050
58050
58050
58050
58048
58048
58048
58048
58047
58047
58047
58047
58047
58046
58046
58046
58046
58045
58045
58045
58045
58045
58044
58044
58044
58044
58043
58043
58043
58043
58042
58042
58042
58042
58042
58041
58041
58041
58041
58041
58040
58040
58040
58040
58039
58039
58039
58039
58039
58038
58038
58038
58038
58038
58037
58037
58037
58037
58036
58036
58036
58036
58036
58035
58035
58035
58035
58035
58034
58034
58034
58034
58033
58033
58033
58033
58033
58032
58032
58032
58032
58032
58031
58031
58031
58031
58030
58030
58030
58027
58025
58023
58022
58020
58018
58018
58018
58017
58017
58017
58017
58016
58016
58016
58016
58015
58015
58015
58015
58015
58014
58013
58013
58011
58011
58011
58011
58010
58010
58010
58010
